update,episodes,cell,loss,accuracy,grad_norm,seconds,wait_seconds
1,64,orientation_ring_D0,0.69373,0.5000,0.5531,2.112,1.386
2,128,orientation_ring_D0,0.71900,0.5000,1.4886,0.078,0.007
3,192,orientation_ring_D0,0.69500,0.4844,0.4118,0.101,0.007
4,256,orientation_ring_D0,0.70349,0.5000,1.0386,0.077,0.004
5,320,orientation_ring_D0,0.70174,0.5000,0.7829,0.076,0.005
6,384,orientation_ring_D0,0.69511,0.4688,0.3715,0.095,0.007
7,448,orientation_ring_D0,0.69419,0.5000,0.3382,0.081,0.005
8,512,orientation_ring_D0,0.69829,0.5000,0.4750,0.080,0.004
9,576,orientation_ring_D0,0.69588,0.5000,0.4753,0.083,0.006
10,640,orientation_ring_D0,0.69374,0.5000,0.3552,0.079,0.005
11,704,orientation_ring_D0,0.69240,0.5000,0.2533,0.070,0.005
12,768,orientation_ring_D0,0.69517,0.5000,0.2864,0.076,0.005
13,832,orientation_ring_D0,0.69636,0.5000,0.3424,0.084,0.005
14,896,orientation_ring_D0,0.69300,0.5000,0.3665,0.083,0.005
15,960,orientation_ring_D0,0.69361,0.5000,0.2947,0.081,0.005
16,1024,orientation_ring_D0,0.69364,0.5000,0.2295,0.084,0.005
17,1088,orientation_ring_D0,0.69211,0.4844,0.2094,0.089,0.006
18,1152,orientation_ring_D0,0.69416,0.5000,0.2318,0.086,0.008
19,1216,orientation_ring_D0,0.69334,0.5000,0.2362,0.076,0.006
20,1280,orientation_ring_D0,0.69302,0.5000,0.2484,0.090,0.006
21,1344,orientation_ring_D0,0.69394,0.5000,0.2333,0.073,0.005
22,1408,orientation_ring_D0,0.69190,0.5000,0.1935,0.091,0.005
23,1472,orientation_ring_D0,0.69333,0.5000,0.1873,0.084,0.005
24,1536,orientation_ring_D0,0.69407,0.4688,0.1775,0.068,0.005
25,1600,orientation_ring_D0,0.69212,0.5000,0.2121,0.092,0.006
26,1664,orientation_ring_D0,0.69477,0.5000,0.2161,0.087,0.005
27,1728,orientation_ring_D0,0.69371,0.5000,0.2272,0.078,0.005
28,1792,orientation_ring_D0,0.69210,0.5156,0.1864,0.079,0.004
29,1856,orientation_ring_D0,0.69474,0.5000,0.1662,0.076,0.005
30,1920,orientation_ring_D0,0.69366,0.4375,0.1696,0.079,0.004
31,1984,orientation_ring_D0,0.69232,0.4844,0.1781,0.079,0.004
32,2048,orientation_ring_D0,0.69306,0.5000,0.2005,0.076,0.005
33,2112,orientation_ring_D0,0.69136,0.5000,0.1772,0.078,0.005
34,2176,orientation_ring_D0,0.69160,0.5156,0.1728,0.058,0.005
35,2240,orientation_ring_D0,0.69413,0.4844,0.1636,0.078,0.006
36,2304,orientation_ring_D0,0.69361,0.5156,0.1589,0.081,0.005
37,2368,orientation_ring_D0,0.69311,0.4688,0.1673,0.084,0.005
38,2432,orientation_ring_D0,0.69359,0.4844,0.1706,0.095,0.006
39,2496,orientation_ring_D0,0.69196,0.5781,0.1686,0.084,0.005
40,2560,orientation_ring_D0,0.69481,0.4375,0.1742,0.079,0.005
41,2624,orientation_ring_D0,0.69271,0.5469,0.1615,0.076,0.006
42,2688,orientation_ring_D0,0.69269,0.5156,0.1754,0.079,0.005
43,2752,orientation_ring_D0,0.69317,0.5312,0.1619,0.079,0.004
44,2816,orientation_ring_D0,0.69334,0.4531,0.1698,0.075,0.008
45,2880,orientation_ring_D0,0.69310,0.5625,0.1781,0.083,0.005
46,2944,orientation_ring_D0,0.69507,0.4531,0.1680,0.081,0.004
47,3008,orientation_ring_D0,0.69398,0.4062,0.1761,0.083,0.006
48,3072,orientation_ring_D0,0.69291,0.4531,0.1717,0.081,0.006
49,3136,orientation_ring_D0,0.69242,0.5312,0.1688,0.078,0.005
50,3200,orientation_ring_D0,0.69471,0.4219,0.1586,0.079,0.005
51,3264,orientation_ring_D0,0.69346,0.4688,0.1724,0.079,0.005
52,3328,orientation_ring_D0,0.69490,0.5156,0.1664,0.081,0.005
53,3392,orientation_ring_D0,0.69356,0.5000,0.1672,0.065,0.005
54,3456,orientation_ring_D0,0.69098,0.5938,0.1593,0.073,0.005
55,3520,orientation_ring_D0,0.69199,0.6094,0.1648,0.080,0.005
56,3584,orientation_ring_D0,0.69417,0.5156,0.1574,0.078,0.006
57,3648,orientation_ring_D0,0.69573,0.3750,0.1567,0.087,0.005
58,3712,orientation_ring_D0,0.69355,0.4531,0.1563,0.086,0.007
59,3776,orientation_ring_D0,0.69308,0.5156,0.1525,0.067,0.005
60,3840,orientation_ring_D0,0.69254,0.5469,0.1515,0.086,0.005
61,3904,orientation_ring_D0,0.69351,0.5000,0.1456,0.098,0.005
62,3968,orientation_ring_D0,0.69265,0.5469,0.1596,0.101,0.010
63,4032,orientation_ring_D0,0.69351,0.4844,0.1540,0.090,0.008
64,4096,orientation_ring_D0,0.69169,0.6562,0.1672,0.071,0.007
65,4160,orientation_ring_D0,0.69159,0.6094,0.1709,0.095,0.009
66,4224,orientation_ring_D0,0.69216,0.5469,0.1466,0.094,0.006
67,4288,orientation_ring_D0,0.69400,0.5156,0.1577,0.096,0.010
68,4352,orientation_ring_D0,0.69264,0.5938,0.1535,0.079,0.007
69,4416,orientation_ring_D0,0.69293,0.5156,0.1505,0.063,0.004
70,4480,orientation_ring_D0,0.69209,0.5625,0.1490,0.082,0.005
71,4544,orientation_ring_D0,0.69288,0.5312,0.1515,0.076,0.005
72,4608,orientation_ring_D0,0.69362,0.4375,0.1472,0.082,0.008
73,4672,orientation_ring_D0,0.69242,0.5000,0.1452,0.086,0.006
74,4736,orientation_ring_D0,0.69445,0.4688,0.1535,0.081,0.005
75,4800,orientation_ring_D0,0.69414,0.4531,0.1532,0.092,0.004
76,4864,orientation_ring_D0,0.69336,0.4844,0.1458,0.107,0.009
77,4928,orientation_ring_D0,0.69212,0.5938,0.1550,0.097,0.008
78,4992,orientation_ring_D0,0.69414,0.5469,0.1483,0.073,0.008
79,5056,orientation_ring_D0,0.69324,0.5938,0.1497,0.083,0.005
80,5120,orientation_ring_D0,0.69231,0.5312,0.1510,0.094,0.006
81,5184,orientation_ring_D0,0.69216,0.5156,0.1517,0.093,0.009
82,5248,orientation_ring_D0,0.69351,0.4844,0.1475,0.110,0.007
83,5312,orientation_ring_D0,0.69280,0.4844,0.1521,0.081,0.005
84,5376,orientation_ring_D0,0.69101,0.5938,0.1505,0.079,0.005
85,5440,orientation_ring_D0,0.69076,0.6250,0.1596,0.085,0.005
86,5504,orientation_ring_D0,0.69321,0.4844,0.1586,0.073,0.004
87,5568,orientation_ring_D0,0.69319,0.4688,0.1578,0.081,0.004
88,5632,orientation_ring_D0,0.69502,0.4062,0.1566,0.080,0.006
89,5696,orientation_ring_D0,0.69314,0.5781,0.1605,0.076,0.005
90,5760,orientation_ring_D0,0.69233,0.4688,0.1618,0.076,0.005
91,5824,orientation_ring_D0,0.69380,0.4844,0.1712,0.071,0.005
92,5888,orientation_ring_D0,0.69153,0.5156,0.1601,0.082,0.005
93,5952,orientation_ring_D0,0.69382,0.4531,0.1655,0.084,0.005
94,6016,orientation_ring_D0,0.69076,0.6094,0.1686,0.092,0.006
95,6080,orientation_ring_D0,0.69619,0.3906,0.1680,0.081,0.006
96,6144,orientation_ring_D0,0.69242,0.5312,0.1625,0.082,0.006
97,6208,orientation_ring_D0,0.69176,0.5312,0.1670,0.080,0.005
98,6272,orientation_ring_D0,0.69174,0.5156,0.1655,0.076,0.006
99,6336,orientation_ring_D0,0.69105,0.5469,0.1691,0.089,0.005
100,6400,orientation_ring_D0,0.69188,0.5156,0.1882,0.103,0.007
101,6464,orientation_ring_D0,0.69358,0.5312,0.1733,0.083,0.006
102,6528,orientation_ring_D0,0.69331,0.4375,0.1829,0.080,0.006
103,6592,orientation_ring_D0,0.69204,0.5156,0.1882,0.084,0.005
104,6656,orientation_ring_D0,0.68966,0.5625,0.1855,0.094,0.006
105,6720,orientation_ring_D0,0.69323,0.4844,0.1785,0.084,0.006
106,6784,orientation_ring_D0,0.69105,0.5312,0.1852,0.079,0.005
107,6848,orientation_ring_D0,0.69000,0.5938,0.1839,0.079,0.005
108,6912,orientation_ring_D0,0.68970,0.5781,0.2041,0.068,0.006
109,6976,orientation_ring_D0,0.69241,0.5469,0.2023,0.093,0.009
110,7040,orientation_ring_D0,0.69069,0.5156,0.2103,0.078,0.005
111,7104,orientation_ring_D0,0.69485,0.5000,0.2130,0.083,0.006
112,7168,orientation_ring_D0,0.69505,0.5156,0.2138,0.090,0.006
113,7232,orientation_ring_D0,0.69285,0.4844,0.2180,0.080,0.006
114,7296,orientation_ring_D0,0.69110,0.4531,0.2238,0.069,0.005
115,7360,orientation_ring_D0,0.69201,0.4844,0.2324,0.085,0.005
116,7424,orientation_ring_D0,0.69442,0.4375,0.2226,0.082,0.005
117,7488,orientation_ring_D0,0.69464,0.4531,0.2294,0.091,0.005
118,7552,orientation_ring_D0,0.69964,0.4062,0.2445,0.079,0.005
119,7616,orientation_ring_D0,0.69163,0.5156,0.2251,0.070,0.005
120,7680,orientation_ring_D0,0.69320,0.5312,0.2340,0.085,0.005
121,7744,orientation_ring_D0,0.69314,0.4844,0.2266,0.084,0.006
122,7808,orientation_ring_D0,0.69101,0.5625,0.2340,0.088,0.005
123,7872,orientation_ring_D0,0.69262,0.4375,0.2314,0.081,0.007
124,7936,orientation_ring_D0,0.69392,0.4375,0.2395,0.086,0.005
125,8000,orientation_ring_D0,0.69404,0.3906,0.2208,0.099,0.007
126,8064,orientation_ring_D0,0.69348,0.5000,0.2395,0.094,0.005
127,8128,orientation_ring_D0,0.69602,0.3906,0.2294,0.105,0.009
128,8192,orientation_ring_D0,0.69297,0.5469,0.2599,0.086,0.010
129,8256,orientation_ring_D0,0.69232,0.5469,0.2300,0.076,0.005
130,8320,orientation_ring_D0,0.68865,0.5156,0.2332,0.069,0.005
131,8384,orientation_ring_D0,0.69660,0.3750,0.2286,0.080,0.008
132,8448,orientation_ring_D0,0.69340,0.5000,0.2245,0.083,0.005
133,8512,orientation_ring_D0,0.69245,0.5312,0.2288,0.083,0.007
134,8576,orientation_ring_D0,0.69612,0.4219,0.2286,0.101,0.009
135,8640,orientation_ring_D0,0.69188,0.5312,0.2318,0.094,0.008
136,8704,orientation_ring_D0,0.68823,0.5781,0.2272,0.092,0.006
137,8768,orientation_ring_D0,0.69402,0.5156,0.2260,0.105,0.008
138,8832,orientation_ring_D0,0.69018,0.5938,0.2425,0.095,0.014
139,8896,orientation_ring_D0,0.69352,0.5469,0.2258,0.082,0.009
140,8960,orientation_ring_D0,0.68995,0.5938,0.2415,0.088,0.005
141,9024,orientation_ring_D0,0.69397,0.5000,0.2333,0.075,0.005
142,9088,orientation_ring_D0,0.68809,0.5312,0.2368,0.077,0.005
143,9152,orientation_ring_D0,0.69663,0.4375,0.2502,0.076,0.005
144,9216,orientation_ring_D0,0.69227,0.5156,0.2531,0.077,0.006
145,9280,orientation_ring_D0,0.69372,0.4688,0.2491,0.076,0.005
146,9344,orientation_ring_D0,0.68804,0.5625,0.2582,0.074,0.005
147,9408,orientation_ring_D0,0.69818,0.5000,0.2731,0.082,0.005
148,9472,orientation_ring_D0,0.68825,0.5469,0.2418,0.084,0.006
149,9536,orientation_ring_D0,0.68489,0.6562,0.2666,0.081,0.006
150,9600,orientation_ring_D0,0.69233,0.5469,0.2663,0.082,0.007
151,9664,orientation_ring_D0,0.68898,0.5312,0.2674,0.083,0.010
152,9728,orientation_ring_D0,0.69337,0.5000,0.2699,0.083,0.008
153,9792,orientation_ring_D0,0.68772,0.5625,0.2868,0.079,0.005
154,9856,orientation_ring_D0,0.69062,0.5312,0.2915,0.080,0.008
155,9920,orientation_ring_D0,0.69532,0.5156,0.2825,0.059,0.007
156,9984,orientation_ring_D0,0.70082,0.4375,0.3045,0.081,0.005
157,10048,orientation_ring_D0,0.68834,0.5781,0.2912,0.085,0.008
158,10112,orientation_ring_D0,0.69311,0.5312,0.3079,0.087,0.007
159,10176,orientation_ring_D0,0.69604,0.4844,0.3183,0.099,0.005
160,10240,orientation_ring_D0,0.68805,0.5312,0.2872,0.089,0.009
161,10304,orientation_ring_D0,0.69420,0.5156,0.3323,0.079,0.005
162,10368,orientation_ring_D0,0.69785,0.4531,0.3211,0.077,0.005
163,10432,orientation_ring_D0,0.69621,0.4688,0.3037,0.080,0.005
164,10496,orientation_ring_D0,0.70004,0.4062,0.3150,0.074,0.005
165,10560,orientation_ring_D0,0.68932,0.6094,0.2851,0.092,0.010
166,10624,orientation_ring_D0,0.69430,0.4375,0.2944,0.086,0.008
167,10688,orientation_ring_D0,0.69682,0.4688,0.2820,0.082,0.005
168,10752,orientation_ring_D0,0.69305,0.4219,0.2906,0.095,0.007
169,10816,orientation_ring_D0,0.68658,0.5781,0.2915,0.076,0.008
170,10880,orientation_ring_D0,0.69405,0.4844,0.3021,0.087,0.005
171,10944,orientation_ring_D0,0.69925,0.4219,0.2679,0.078,0.005
172,11008,orientation_ring_D0,0.69254,0.4688,0.2878,0.095,0.009
173,11072,orientation_ring_D0,0.69009,0.4844,0.2844,0.089,0.006
174,11136,orientation_ring_D0,0.69348,0.4844,0.2951,0.074,0.007
175,11200,orientation_ring_D0,0.69088,0.5312,0.2839,0.083,0.004
176,11264,orientation_ring_D0,0.69124,0.5156,0.2614,0.079,0.006
177,11328,orientation_ring_D0,0.68738,0.5312,0.3007,0.086,0.005
178,11392,orientation_ring_D0,0.69486,0.4531,0.2722,0.083,0.005
179,11456,orientation_ring_D0,0.69201,0.5000,0.2615,0.077,0.005
180,11520,orientation_ring_D0,0.69736,0.4531,0.2878,0.069,0.005
181,11584,orientation_ring_D0,0.69741,0.4375,0.2882,0.081,0.005
182,11648,orientation_ring_D0,0.69150,0.4688,0.2647,0.085,0.006
183,11712,orientation_ring_D0,0.69126,0.5156,0.2645,0.094,0.007
184,11776,orientation_ring_D0,0.69885,0.4531,0.2649,0.078,0.005
185,11840,orientation_ring_D0,0.69163,0.5781,0.2473,0.077,0.005
186,11904,orientation_ring_D0,0.68735,0.6250,0.2518,0.088,0.006
187,11968,orientation_ring_D0,0.69041,0.5625,0.2330,0.092,0.009
188,12032,orientation_ring_D0,0.69579,0.5312,0.2409,0.078,0.006
189,12096,orientation_ring_D0,0.69295,0.4688,0.2725,0.079,0.006
190,12160,orientation_ring_D0,0.69438,0.4375,0.2427,0.081,0.006
191,12224,orientation_ring_D0,0.68469,0.6094,0.2705,0.088,0.007
192,12288,orientation_ring_D0,0.69465,0.4219,0.2431,0.103,0.005
193,12352,orientation_ring_D0,0.69613,0.5312,0.2513,0.083,0.005
194,12416,orientation_ring_D0,0.69493,0.5312,0.2474,0.085,0.005
195,12480,orientation_ring_D0,0.69058,0.4844,0.2492,0.088,0.006
196,12544,orientation_ring_D0,0.69096,0.4844,0.2445,0.075,0.004
197,12608,orientation_ring_D0,0.69142,0.5156,0.2388,0.078,0.008
198,12672,orientation_ring_D0,0.69445,0.4844,0.2695,0.079,0.006
199,12736,orientation_ring_D0,0.70370,0.3906,0.2851,0.076,0.004
200,12800,orientation_ring_D0,0.69111,0.4688,0.2535,0.079,0.005
201,12864,orientation_ring_D0,0.69586,0.5000,0.2608,0.085,0.005
202,12928,orientation_ring_D0,0.68898,0.5469,0.2549,0.076,0.007
203,12992,orientation_ring_D0,0.69259,0.5312,0.2480,0.077,0.004
204,13056,orientation_ring_D0,0.69555,0.4688,0.2736,0.078,0.004
205,13120,orientation_ring_D0,0.69364,0.5625,0.2321,0.076,0.004
206,13184,orientation_ring_D0,0.69378,0.5312,0.2447,0.063,0.005
207,13248,orientation_ring_D0,0.68561,0.6406,0.2651,0.091,0.008
208,13312,orientation_ring_D0,0.69230,0.5312,0.2373,0.079,0.005
209,13376,orientation_ring_D0,0.69184,0.5469,0.2628,0.092,0.007
210,13440,orientation_ring_D0,0.69225,0.5469,0.2795,0.086,0.009
211,13504,orientation_ring_D0,0.69493,0.4219,0.2488,0.078,0.005
212,13568,orientation_ring_D0,0.68893,0.4688,0.2849,0.086,0.004
213,13632,orientation_ring_D0,0.69290,0.5469,0.2739,0.079,0.005
214,13696,orientation_ring_D0,0.69816,0.4531,0.2499,0.077,0.005
215,13760,orientation_ring_D0,0.69443,0.4375,0.2395,0.079,0.006
216,13824,orientation_ring_D0,0.69246,0.5469,0.2609,0.080,0.004
217,13888,orientation_ring_D0,0.69067,0.5781,0.2620,0.069,0.004
218,13952,orientation_ring_D0,0.68596,0.6719,0.2477,0.094,0.010
219,14016,orientation_ring_D0,0.68979,0.5156,0.2625,0.092,0.007
220,14080,orientation_ring_D0,0.69676,0.4844,0.3064,0.095,0.007
221,14144,orientation_ring_D0,0.69399,0.4844,0.2576,0.077,0.005
222,14208,orientation_ring_D0,0.69433,0.5312,0.2800,0.068,0.004
223,14272,orientation_ring_D0,0.68986,0.4531,0.3167,0.093,0.008
224,14336,orientation_ring_D0,0.69763,0.5000,0.2787,0.084,0.007
225,14400,orientation_ring_D0,0.69151,0.5000,0.2970,0.083,0.005
226,14464,orientation_ring_D0,0.69305,0.4688,0.3086,0.079,0.005
227,14528,orientation_ring_D0,0.69588,0.5156,0.2727,0.086,0.006
228,14592,orientation_ring_D0,0.69527,0.4062,0.2703,0.072,0.005
229,14656,orientation_ring_D0,0.69021,0.5469,0.2933,0.073,0.006
230,14720,orientation_ring_D0,0.68983,0.5625,0.2908,0.085,0.005
231,14784,orientation_ring_D0,0.69716,0.4219,0.2594,0.087,0.007
232,14848,orientation_ring_D0,0.69022,0.5625,0.2952,0.084,0.005
233,14912,orientation_ring_D0,0.68847,0.5781,0.2685,0.093,0.009
234,14976,orientation_ring_D0,0.69341,0.5312,0.2505,0.089,0.005
235,15040,orientation_ring_D0,0.69191,0.5312,0.2582,0.084,0.006
236,15104,orientation_ring_D0,0.69165,0.4688,0.2518,0.077,0.006
237,15168,orientation_ring_D0,0.69529,0.5000,0.2811,0.082,0.009
238,15232,orientation_ring_D0,0.69245,0.5625,0.2600,0.077,0.004
239,15296,orientation_ring_D0,0.69934,0.4219,0.2648,0.077,0.005
240,15360,orientation_ring_D0,0.69312,0.4531,0.2694,0.079,0.007
241,15424,orientation_ring_D0,0.68883,0.6094,0.2579,0.080,0.004
242,15488,orientation_ring_D0,0.69351,0.4844,0.2435,0.079,0.004
243,15552,orientation_ring_D0,0.68966,0.5938,0.2439,0.083,0.008
244,15616,orientation_ring_D0,0.68671,0.5781,0.2564,0.066,0.005
245,15680,orientation_ring_D0,0.68693,0.5938,0.2435,0.079,0.006
246,15744,orientation_ring_D0,0.68720,0.5156,0.2457,0.087,0.008
247,15808,orientation_ring_D0,0.69184,0.5156,0.2573,0.078,0.005
248,15872,orientation_ring_D0,0.68977,0.5000,0.2659,0.095,0.005
249,15936,orientation_ring_D0,0.68868,0.5625,0.2684,0.090,0.007
250,16000,orientation_ring_D0,0.68857,0.5625,0.2893,0.077,0.005
251,16064,orientation_ring_D0,0.69014,0.5312,0.2874,0.077,0.004
252,16128,orientation_ring_D0,0.70238,0.3750,0.3344,0.075,0.004
253,16192,orientation_ring_D0,0.69617,0.4844,0.3026,0.078,0.004
254,16256,orientation_ring_D0,0.69316,0.5938,0.3111,0.064,0.005
255,16320,orientation_ring_D0,0.69048,0.5625,0.3182,0.081,0.005
256,16384,orientation_ring_D0,0.69816,0.4688,0.3080,0.081,0.005
257,16448,orientation_ring_D0,0.68964,0.5312,0.3049,0.084,0.004
258,16512,orientation_ring_D0,0.68233,0.6406,0.3332,0.086,0.007
259,16576,orientation_ring_D0,0.69352,0.5156,0.3091,0.082,0.006
260,16640,orientation_ring_D0,0.69151,0.5625,0.3171,0.079,0.005
261,16704,orientation_ring_D0,0.69527,0.4688,0.3291,0.078,0.004
262,16768,orientation_ring_D0,0.69989,0.4219,0.3308,0.078,0.004
263,16832,orientation_ring_D0,0.69238,0.5156,0.3338,0.074,0.004
264,16896,orientation_ring_D0,0.69167,0.4844,0.3142,0.065,0.004
265,16960,orientation_ring_D0,0.70569,0.3906,0.3536,0.078,0.005
266,17024,orientation_ring_D0,0.68545,0.6250,0.3290,0.081,0.005
267,17088,orientation_ring_D0,0.68875,0.6250,0.3187,0.079,0.005
268,17152,orientation_ring_D0,0.69420,0.5000,0.3230,0.094,0.007
269,17216,orientation_ring_D0,0.68744,0.5469,0.3380,0.070,0.005
270,17280,orientation_ring_D0,0.69263,0.5625,0.3400,0.080,0.005
271,17344,orientation_ring_D0,0.68564,0.6562,0.3405,0.086,0.005
272,17408,orientation_ring_D0,0.69734,0.4531,0.3210,0.090,0.005
273,17472,orientation_ring_D0,0.70504,0.3750,0.3730,0.079,0.005
274,17536,orientation_ring_D0,0.68635,0.5469,0.3236,0.077,0.005
275,17600,orientation_ring_D0,0.68663,0.5469,0.3770,0.065,0.004
276,17664,orientation_ring_D0,0.69318,0.5312,0.3386,0.080,0.005
277,17728,orientation_ring_D0,0.68952,0.5469,0.3782,0.083,0.005
278,17792,orientation_ring_D0,0.68817,0.5469,0.3562,0.087,0.007
279,17856,orientation_ring_D0,0.69207,0.4844,0.3407,0.081,0.005
280,17920,orientation_ring_D0,0.69113,0.5938,0.3879,0.079,0.005
281,17984,orientation_ring_D0,0.68683,0.5469,0.3632,0.064,0.004
282,18048,orientation_ring_D0,0.70000,0.5000,0.3816,0.084,0.005
283,18112,orientation_ring_D0,0.68726,0.5000,0.3811,0.074,0.005
284,18176,orientation_ring_D0,0.69151,0.5156,0.3708,0.067,0.007
285,18240,orientation_ring_D0,0.70246,0.4062,0.3523,0.077,0.005
286,18304,orientation_ring_D0,0.69804,0.4688,0.3749,0.076,0.005
287,18368,orientation_ring_D0,0.69722,0.4844,0.4053,0.075,0.006
288,18432,orientation_ring_D0,0.68953,0.5469,0.3592,0.085,0.005
289,18496,orientation_ring_D0,0.69986,0.4844,0.3624,0.082,0.005
290,18560,orientation_ring_D0,0.68933,0.5625,0.3391,0.074,0.006
291,18624,orientation_ring_D0,0.69247,0.5000,0.3236,0.097,0.007
292,18688,orientation_ring_D0,0.68912,0.5156,0.3330,0.112,0.008
293,18752,orientation_ring_D0,0.69072,0.5156,0.3307,0.107,0.006
294,18816,orientation_ring_D0,0.68805,0.5938,0.3730,0.088,0.008
295,18880,orientation_ring_D0,0.68103,0.6406,0.3277,0.092,0.008
296,18944,orientation_ring_D0,0.69562,0.5781,0.3584,0.076,0.006
297,19008,orientation_ring_D0,0.68985,0.6094,0.3825,0.091,0.006
298,19072,orientation_ring_D0,0.69837,0.4375,0.3412,0.089,0.007
299,19136,orientation_ring_D0,0.68601,0.6094,0.3835,0.085,0.007
300,19200,orientation_ring_D0,0.69654,0.5000,0.3846,0.083,0.007
301,19264,orientation_ring_D0,0.69267,0.5000,0.3296,0.079,0.005
302,19328,orientation_ring_D0,0.69363,0.5156,0.4008,0.078,0.005
303,19392,orientation_ring_D0,0.70197,0.4219,0.3909,0.081,0.008
304,19456,orientation_ring_D0,0.69537,0.4844,0.3569,0.084,0.007
305,19520,orientation_ring_D0,0.69464,0.5781,0.3818,0.090,0.009
306,19584,orientation_ring_D0,0.68448,0.5938,0.3776,0.090,0.008
307,19648,orientation_ring_D0,0.68427,0.5938,0.3495,0.090,0.005
308,19712,orientation_ring_D0,0.69360,0.5156,0.3644,0.093,0.006
309,19776,orientation_ring_D0,0.69065,0.5156,0.3596,0.085,0.005
310,19840,orientation_ring_D0,0.69669,0.5000,0.3324,0.076,0.005
311,19904,orientation_ring_D0,0.68673,0.6094,0.4008,0.079,0.004
312,19968,orientation_ring_D0,0.69851,0.4688,0.3432,0.069,0.005
313,20032,orientation_ring_D0,0.69983,0.4531,0.3602,0.077,0.008
314,20096,orientation_ring_D0,0.68453,0.5781,0.3661,0.087,0.008
315,20160,orientation_ring_D0,0.69047,0.5469,0.3480,0.082,0.006
316,20224,orientation_ring_D0,0.69146,0.5938,0.3549,0.085,0.008
317,20288,orientation_ring_D0,0.69080,0.5312,0.3644,0.086,0.005
318,20352,orientation_ring_D0,0.68818,0.5000,0.3457,0.077,0.005
319,20416,orientation_ring_D0,0.69247,0.5000,0.3621,0.078,0.006
320,20480,orientation_ring_D0,0.68234,0.5781,0.3885,0.079,0.005
321,20544,orientation_ring_D0,0.69133,0.5156,0.3836,0.081,0.005
322,20608,orientation_ring_D0,0.68661,0.5625,0.4080,0.059,0.005
323,20672,orientation_ring_D0,0.67638,0.6250,0.4249,0.083,0.005
324,20736,orientation_ring_D0,0.68844,0.5156,0.4034,0.088,0.005
325,20800,orientation_ring_D0,0.67678,0.6406,0.4707,0.088,0.005
326,20864,orientation_ring_D0,0.68361,0.5469,0.4777,0.094,0.007
327,20928,orientation_ring_D0,0.68121,0.5938,0.5680,0.080,0.006
328,20992,orientation_ring_D0,0.66690,0.6406,0.4992,0.085,0.006
329,21056,orientation_ring_D0,0.69184,0.5312,0.5102,0.076,0.005
330,21120,orientation_ring_D0,0.67466,0.5469,0.5837,0.087,0.006
331,21184,orientation_ring_D0,0.67967,0.6250,0.6613,0.086,0.008
332,21248,orientation_ring_D0,0.67902,0.5625,0.6456,0.064,0.005
333,21312,orientation_ring_D0,0.68752,0.4844,0.6582,0.091,0.005
334,21376,orientation_ring_D0,0.67004,0.6250,0.7263,0.102,0.009
335,21440,orientation_ring_D0,0.65003,0.6719,0.7911,0.105,0.008
336,21504,orientation_ring_D0,0.65950,0.6094,0.8212,0.087,0.008
337,21568,orientation_ring_D0,0.69499,0.5000,1.0796,0.072,0.005
338,21632,orientation_ring_D0,0.71212,0.4688,0.9834,0.083,0.005
339,21696,orientation_ring_D0,0.66653,0.5938,0.9911,0.080,0.005
340,21760,orientation_ring_D0,0.65302,0.6562,1.1952,0.099,0.006
341,21824,orientation_ring_D0,0.67329,0.5312,1.2115,0.081,0.005
342,21888,orientation_ring_D0,0.66427,0.6094,1.2577,0.079,0.005
343,21952,orientation_ring_D0,0.63771,0.6875,1.2216,0.084,0.005
344,22016,orientation_ring_D0,0.67613,0.5938,1.5581,0.077,0.005
345,22080,orientation_ring_D0,0.66573,0.5938,1.7747,0.076,0.005
346,22144,orientation_ring_D0,0.68083,0.5469,1.4157,0.077,0.005
347,22208,orientation_ring_D0,0.67090,0.5469,1.3858,0.073,0.005
348,22272,orientation_ring_D0,0.68613,0.5625,3.4246,0.072,0.005
349,22336,orientation_ring_D0,0.69578,0.5000,3.3120,0.068,0.006
350,22400,orientation_ring_D0,0.66718,0.5781,1.6626,0.080,0.005
351,22464,orientation_ring_D0,0.66512,0.5781,3.1868,0.068,0.005
352,22528,orientation_ring_D0,0.62721,0.6406,1.5754,0.084,0.006
353,22592,orientation_ring_D0,0.63852,0.6562,1.6353,0.083,0.005
354,22656,orientation_ring_D0,0.64547,0.6406,1.6506,0.076,0.005
355,22720,orientation_ring_D0,0.69786,0.4844,1.7543,0.076,0.005
356,22784,orientation_ring_D0,0.66553,0.5469,1.6035,0.069,0.005
357,22848,orientation_ring_D0,0.62377,0.6094,1.9517,0.098,0.008
358,22912,orientation_ring_D0,0.63586,0.6094,1.6526,0.089,0.008
359,22976,orientation_ring_D0,0.67580,0.5781,2.8522,0.079,0.005
360,23040,orientation_ring_D0,0.57048,0.7812,1.6906,0.078,0.007
361,23104,orientation_ring_D0,0.62514,0.7031,4.4290,0.063,0.004
362,23168,orientation_ring_D0,0.66642,0.5625,1.8774,0.087,0.005
363,23232,orientation_ring_D0,0.63234,0.6094,4.9797,0.085,0.007
364,23296,orientation_ring_D0,0.59055,0.6719,1.9619,0.083,0.005
365,23360,orientation_ring_D0,0.62984,0.6406,5.1233,0.080,0.006
366,23424,orientation_ring_D0,0.55347,0.7812,2.2421,0.085,0.007
367,23488,orientation_ring_D0,0.60454,0.7031,5.4848,0.079,0.005
368,23552,orientation_ring_D0,0.55681,0.7031,3.5189,0.083,0.005
369,23616,orientation_ring_D0,0.58149,0.6719,7.7701,0.082,0.009
370,23680,orientation_ring_D0,0.57532,0.7188,2.7086,0.070,0.005
371,23744,orientation_ring_D0,0.52640,0.7500,6.7491,0.092,0.005
372,23808,orientation_ring_D0,0.51720,0.8125,2.5350,0.091,0.008
373,23872,orientation_ring_D0,0.47014,0.8125,4.0913,0.097,0.007
374,23936,orientation_ring_D0,0.46659,0.8125,3.5652,0.095,0.008
375,24000,orientation_ring_D0,0.59998,0.7031,3.9478,0.076,0.009
376,24064,orientation_ring_D0,0.49160,0.7812,3.9944,0.091,0.008
377,24128,orientation_ring_D0,0.52017,0.6875,4.2675,0.094,0.007
378,24192,orientation_ring_D0,0.43402,0.8281,5.8593,0.079,0.009
379,24256,orientation_ring_D0,0.51184,0.7656,3.8993,0.085,0.007
380,24320,orientation_ring_D0,0.52998,0.7500,7.7810,0.095,0.008
381,24384,orientation_ring_D0,0.49520,0.7031,9.6894,0.095,0.008
382,24448,orientation_ring_D0,0.37350,0.8594,3.7227,0.104,0.009
383,24512,orientation_ring_D0,0.35851,0.8438,8.1566,0.087,0.007
384,24576,orientation_ring_D0,0.45150,0.7969,7.7705,0.095,0.009
385,24640,orientation_ring_D0,0.36931,0.8438,4.1605,0.078,0.008
386,24704,orientation_ring_D0,0.46606,0.7969,9.5615,0.077,0.005
387,24768,orientation_ring_D0,0.34489,0.8594,9.8666,0.089,0.008
388,24832,orientation_ring_D0,0.30397,0.8906,4.7505,0.083,0.005
389,24896,orientation_ring_D0,0.35853,0.8438,5.7607,0.089,0.008
390,24960,orientation_ring_D0,0.23805,0.9375,6.9543,0.081,0.005
391,25024,orientation_ring_D0,0.29287,0.8906,10.0509,0.093,0.006
392,25088,orientation_ring_D0,0.31422,0.8750,5.9575,0.097,0.009
393,25152,orientation_ring_D0,0.28887,0.8594,20.4137,0.070,0.008
394,25216,orientation_ring_D0,0.43314,0.7812,20.2259,0.098,0.008
395,25280,orientation_ring_D0,0.28037,0.8438,7.4753,0.103,0.009
396,25344,orientation_ring_D0,0.26633,0.8906,13.4234,0.076,0.011
397,25408,orientation_ring_D0,0.34635,0.8594,9.8398,0.094,0.008
398,25472,orientation_ring_D0,0.31406,0.8594,26.0444,0.097,0.008
399,25536,orientation_ring_D0,0.19723,0.9375,7.9588,0.088,0.008
400,25600,orientation_ring_D0,0.29701,0.9375,25.3952,0.083,0.009
401,25664,orientation_ring_D0,0.26243,0.8438,21.1759,0.069,0.007
402,25728,orientation_ring_D0,0.20909,0.9375,9.6723,0.077,0.004
403,25792,orientation_ring_D0,0.16115,0.9531,9.4902,0.083,0.007
404,25856,orientation_ring_D0,0.26481,0.8906,20.8889,0.090,0.005
405,25920,orientation_ring_D0,0.18042,0.9062,9.5103,0.090,0.007
406,25984,orientation_ring_D0,0.22663,0.9375,21.4299,0.077,0.005
407,26048,orientation_ring_D0,0.14317,0.9531,4.6464,0.077,0.005
408,26112,orientation_ring_D0,0.32493,0.8438,19.3154,0.080,0.005
409,26176,orientation_ring_D0,0.15681,0.9531,5.8272,0.076,0.005
410,26240,orientation_ring_D0,0.08540,0.9844,5.2864,0.070,0.005
411,26304,orientation_ring_D0,0.09928,0.9844,6.2899,0.102,0.008
412,26368,orientation_ring_D0,0.13735,0.9531,9.7350,0.086,0.008
413,26432,orientation_ring_D0,0.15134,0.9062,9.7289,0.086,0.004
414,26496,orientation_ring_D0,0.15193,0.9375,16.6550,0.100,0.006
415,26560,orientation_ring_D0,0.11193,0.9688,5.7103,0.080,0.006
416,26624,orientation_ring_D0,0.22278,0.9219,11.2646,0.078,0.005
417,26688,orientation_ring_D0,0.17488,0.9219,9.8915,0.080,0.006
418,26752,orientation_ring_D0,0.12992,0.9531,10.3805,0.078,0.005
419,26816,orientation_ring_D0,0.08289,0.9844,4.5892,0.076,0.005
420,26880,orientation_ring_D0,0.06288,0.9844,7.0140,0.083,0.005
421,26944,orientation_ring_D0,0.13637,0.9219,15.3868,0.081,0.005
422,27008,orientation_ring_D0,0.11295,0.9688,6.1763,0.094,0.010
423,27072,orientation_ring_D0,0.04051,1.0000,3.2095,0.087,0.007
424,27136,orientation_ring_D0,0.20741,0.9062,13.5849,0.098,0.008
425,27200,orientation_ring_D0,0.08009,0.9531,7.3406,0.091,0.007
426,27264,orientation_ring_D0,0.06402,0.9688,4.5253,0.102,0.008
427,27328,orientation_ring_D0,0.14012,0.9219,11.7758,0.082,0.011
428,27392,orientation_ring_D0,0.05245,0.9844,3.8307,0.066,0.005
429,27456,orientation_ring_D0,0.07531,0.9688,7.3509,0.089,0.005
430,27520,orientation_ring_D0,0.10756,0.9531,17.9837,0.088,0.005
431,27584,orientation_ring_D0,0.05428,0.9844,5.9648,0.089,0.008
432,27648,orientation_ring_D0,0.05681,0.9688,9.1695,0.084,0.005
433,27712,orientation_ring_D0,0.11972,0.9375,13.9693,0.081,0.009
434,27776,orientation_ring_D0,0.13319,0.9531,10.6681,0.062,0.007
435,27840,orientation_ring_D0,0.11983,0.9688,11.7274,0.055,0.004
436,27904,orientation_ring_D0,0.05328,0.9844,7.9533,0.073,0.005
437,27968,orientation_ring_D0,0.05475,0.9844,10.9834,0.057,0.005
438,28032,orientation_ring_D0,0.07574,0.9688,8.0938,0.057,0.006
439,28096,orientation_ring_D0,0.05392,0.9844,8.6619,0.075,0.005
440,28160,orientation_ring_D0,0.03507,1.0000,3.2583,0.068,0.008
441,28224,orientation_ring_D0,0.11677,0.9531,20.3396,0.058,0.005
442,28288,orientation_ring_D0,0.02394,1.0000,3.7366,0.068,0.005
443,28352,orientation_ring_D0,0.02641,1.0000,4.4333,0.057,0.005
444,28416,orientation_ring_D0,0.08698,0.9531,21.3691,0.058,0.005
445,28480,orientation_ring_D0,0.02033,1.0000,3.0994,0.068,0.005
446,28544,orientation_ring_D0,0.05378,0.9688,11.9679,0.058,0.005
447,28608,orientation_ring_D0,0.03025,1.0000,5.8980,0.057,0.005
448,28672,orientation_ring_D0,0.07434,0.9531,8.0852,0.065,0.005
449,28736,orientation_ring_D0,0.02937,0.9844,6.2437,0.076,0.005
450,28800,orientation_ring_D0,0.00770,1.0000,0.5780,0.057,0.005
451,28864,orientation_ring_D0,0.09491,0.9688,11.5906,0.059,0.006
452,28928,orientation_ring_D0,0.12787,0.9688,9.3481,0.061,0.005
453,28992,orientation_ring_D0,0.12253,0.9688,12.6681,0.075,0.006
454,29056,orientation_ring_D0,0.08790,0.9688,11.3183,0.062,0.005
455,29120,orientation_ring_D0,0.11114,0.9375,16.4298,0.057,0.005
456,29184,orientation_ring_D0,0.03016,0.9844,6.1866,0.056,0.005
457,29248,orientation_ring_D0,0.06067,0.9844,13.4342,0.086,0.005
458,29312,orientation_ring_D0,0.01591,1.0000,2.9419,0.064,0.005
459,29376,orientation_ring_D0,0.09770,0.9531,11.3882,0.057,0.005
460,29440,orientation_ring_D0,0.05165,0.9844,8.0378,0.057,0.005
461,29504,orientation_ring_D0,0.01244,1.0000,1.4202,0.063,0.005
462,29568,orientation_ring_D0,0.08684,0.9688,14.0298,0.081,0.006
463,29632,orientation_ring_D0,0.01412,1.0000,1.7803,0.057,0.005
464,29696,orientation_ring_D0,0.06857,0.9688,8.3340,0.057,0.005
465,29760,orientation_ring_D0,0.02599,1.0000,6.6089,0.065,0.005
466,29824,orientation_ring_D0,0.04324,0.9844,13.1305,0.077,0.008
467,29888,orientation_ring_D0,0.00933,1.0000,1.9484,0.079,0.009
468,29952,orientation_ring_D0,0.06546,0.9688,7.8525,0.079,0.005
469,30016,orientation_ring_D0,0.04529,0.9688,6.7450,0.057,0.005
470,30080,orientation_ring_D0,0.04047,0.9688,8.4945,0.064,0.008
471,30144,orientation_ring_D0,0.01853,1.0000,3.0881,0.058,0.007
472,30208,orientation_ring_D0,0.03306,0.9844,6.6335,0.074,0.005
473,30272,orientation_ring_D0,0.13583,0.9375,9.3066,0.077,0.009
474,30336,orientation_ring_D0,0.03903,0.9844,5.5766,0.075,0.005
475,30400,orientation_ring_D0,0.06388,0.9688,8.9431,0.062,0.007
476,30464,orientation_ring_D0,0.02858,1.0000,3.6477,0.059,0.008
477,30528,orientation_ring_D0,0.02411,0.9844,5.0792,0.057,0.005
478,30592,orientation_ring_D0,0.01748,1.0000,3.5386,0.064,0.007
479,30656,orientation_ring_D0,0.00949,1.0000,1.8559,0.078,0.009
480,30720,orientation_ring_D0,0.01884,1.0000,5.3269,0.083,0.005
481,30784,orientation_ring_D0,0.03823,0.9844,9.4420,0.078,0.008
482,30848,orientation_ring_D0,0.02950,0.9844,7.2051,0.064,0.007
483,30912,orientation_ring_D0,0.03016,0.9844,10.1103,0.066,0.005
484,30976,orientation_ring_D0,0.04819,0.9844,8.2859,0.068,0.007
485,31040,orientation_ring_D0,0.00744,1.0000,1.6637,0.080,0.008
486,31104,orientation_ring_D0,0.03852,0.9688,12.5868,0.075,0.005
487,31168,orientation_ring_D0,0.05798,0.9844,8.2349,0.058,0.007
488,31232,orientation_ring_D0,0.08172,0.9531,23.7928,0.059,0.007
489,31296,orientation_ring_D0,0.05844,0.9531,11.7647,0.057,0.005
490,31360,orientation_ring_D0,0.02215,0.9844,8.4028,0.060,0.008
491,31424,orientation_ring_D0,0.07808,0.9688,16.3207,0.070,0.007
492,31488,orientation_ring_D0,0.01324,1.0000,5.0645,0.079,0.006
493,31552,orientation_ring_D0,0.02839,0.9844,12.4682,0.082,0.008
494,31616,orientation_ring_D0,0.01171,1.0000,3.7733,0.082,0.007
495,31680,orientation_ring_D0,0.07118,0.9844,14.1748,0.077,0.005
496,31744,orientation_ring_D0,0.00791,1.0000,3.1850,0.062,0.008
497,31808,orientation_ring_D0,0.00412,1.0000,0.6857,0.064,0.008
498,31872,orientation_ring_D0,0.05745,0.9688,15.1191,0.071,0.008
499,31936,orientation_ring_D0,0.06734,0.9688,9.0432,0.077,0.008
500,32000,orientation_ring_D0,0.00437,1.0000,0.8961,0.074,0.005
501,32064,orientation_ring_D0,0.03441,0.9844,8.7042,0.073,0.009
502,32128,orientation_ring_D0,0.02925,0.9844,10.4893,0.082,0.010
503,32192,orientation_ring_D0,0.01180,1.0000,3.2828,0.079,0.005
504,32256,orientation_ring_D0,0.02456,0.9844,8.3452,0.079,0.008
505,32320,orientation_ring_D0,0.00693,1.0000,1.0646,0.060,0.008
506,32384,orientation_ring_D0,0.00742,1.0000,0.7808,0.055,0.005
507,32448,orientation_ring_D0,0.02123,0.9844,5.6890,0.059,0.007
508,32512,orientation_ring_D0,0.00660,1.0000,0.8021,0.061,0.005
509,32576,orientation_ring_D0,0.00406,1.0000,0.5798,0.091,0.005
510,32640,orientation_ring_D0,0.03197,0.9844,7.9954,0.087,0.008
511,32704,orientation_ring_D0,0.08138,0.9844,8.4572,0.083,0.008
512,32768,orientation_ring_D0,0.01357,1.0000,4.1424,0.076,0.004
513,32832,orientation_ring_D0,0.09557,0.9531,13.5132,0.074,0.004
514,32896,orientation_ring_D0,0.00727,1.0000,1.0706,0.065,0.005
515,32960,orientation_ring_D0,0.01878,1.0000,6.3295,0.071,0.005
516,33024,orientation_ring_D0,0.07128,0.9688,12.4394,0.061,0.004
517,33088,orientation_ring_D0,0.04144,0.9844,8.7134,0.087,0.005
518,33152,orientation_ring_D0,0.04994,0.9688,8.3333,0.068,0.006
519,33216,orientation_ring_D0,0.00411,1.0000,0.6567,0.075,0.005
520,33280,orientation_ring_D0,0.01186,1.0000,1.7227,0.075,0.005
521,33344,orientation_ring_D0,0.04484,0.9844,8.0701,0.078,0.005
522,33408,orientation_ring_D0,0.00729,1.0000,2.0863,0.066,0.005
523,33472,orientation_ring_D0,0.00585,1.0000,1.6949,0.078,0.004
524,33536,orientation_ring_D0,0.01705,1.0000,6.5781,0.086,0.005
525,33600,orientation_ring_D0,0.00429,1.0000,0.8575,0.078,0.006
526,33664,orientation_ring_D0,0.00887,1.0000,2.1067,0.091,0.008
527,33728,orientation_ring_D0,0.01807,1.0000,3.5589,0.081,0.005
528,33792,orientation_ring_D0,0.00613,1.0000,1.0610,0.074,0.005
529,33856,orientation_ring_D0,0.03939,0.9844,7.5741,0.089,0.008
530,33920,orientation_ring_D0,0.05696,0.9688,12.5721,0.105,0.009
531,33984,orientation_ring_D0,0.11225,0.9688,8.8948,0.080,0.005
532,34048,orientation_ring_D0,0.09539,0.9844,4.0717,0.081,0.005
533,34112,orientation_ring_D0,0.00695,1.0000,2.0742,0.091,0.008
534,34176,orientation_ring_D0,0.01608,1.0000,4.4035,0.100,0.009
535,34240,orientation_ring_D0,0.05239,0.9688,12.4854,0.084,0.005
536,34304,orientation_ring_D0,0.03333,0.9844,9.4394,0.081,0.005
537,34368,orientation_ring_D0,0.00817,1.0000,1.1747,0.083,0.005
538,34432,orientation_ring_D0,0.00359,1.0000,0.9929,0.076,0.005
539,34496,orientation_ring_D0,0.03962,0.9844,9.3129,0.073,0.005
540,34560,orientation_ring_D0,0.01554,0.9844,5.3147,0.082,0.006
541,34624,orientation_ring_D0,0.03571,0.9844,8.2746,0.091,0.008
542,34688,orientation_ring_D0,0.00665,1.0000,2.3926,0.090,0.007
543,34752,orientation_ring_D0,0.01427,1.0000,3.4161,0.083,0.007
544,34816,orientation_ring_D0,0.02285,0.9844,6.4438,0.069,0.004
545,34880,orientation_ring_D0,0.02409,0.9844,6.1384,0.081,0.005
546,34944,orientation_ring_D0,0.01574,0.9844,6.0010,0.095,0.008
547,35008,orientation_ring_D0,0.00687,1.0000,1.9434,0.099,0.007
548,35072,orientation_ring_D0,0.00577,1.0000,1.2731,0.092,0.008
549,35136,orientation_ring_D0,0.00228,1.0000,0.3728,0.077,0.004
550,35200,orientation_ring_D0,0.00549,1.0000,1.0856,0.078,0.005
551,35264,orientation_ring_D0,0.00566,1.0000,1.1147,0.076,0.005
552,35328,orientation_ring_D0,0.00255,1.0000,0.2667,0.072,0.005
553,35392,orientation_ring_D0,0.01012,1.0000,3.3490,0.074,0.005
554,35456,orientation_ring_D0,0.00752,1.0000,3.7282,0.080,0.005
555,35520,orientation_ring_D0,0.01387,0.9844,5.7764,0.085,0.005
556,35584,orientation_ring_D0,0.02869,0.9844,9.5502,0.092,0.009
557,35648,orientation_ring_D0,0.03241,0.9844,9.7915,0.078,0.007
558,35712,orientation_ring_D0,0.00491,1.0000,1.3940,0.077,0.005
559,35776,orientation_ring_D0,0.02478,1.0000,10.8620,0.083,0.007
560,35840,orientation_ring_D0,0.00946,1.0000,3.5323,0.077,0.005
561,35904,orientation_ring_D0,0.00440,1.0000,1.4013,0.076,0.005
562,35968,orientation_ring_D0,0.00498,1.0000,1.5247,0.070,0.005
563,36032,orientation_ring_D0,0.02165,0.9844,6.1139,0.091,0.008
564,36096,orientation_ring_D0,0.00679,1.0000,2.1793,0.093,0.006
565,36160,orientation_ring_D0,0.00607,1.0000,1.4652,0.119,0.008
566,36224,orientation_ring_D0,0.00851,1.0000,2.5876,0.095,0.006
567,36288,orientation_ring_D0,0.02649,0.9844,8.5597,0.087,0.007
568,36352,orientation_ring_D0,0.00543,1.0000,2.3243,0.090,0.008
569,36416,orientation_ring_D0,0.04648,0.9844,10.1504,0.085,0.007
570,36480,orientation_ring_D0,0.00455,1.0000,1.7654,0.092,0.007
571,36544,orientation_ring_D0,0.01577,1.0000,4.6451,0.073,0.007
572,36608,orientation_ring_D0,0.00570,1.0000,2.2004,0.075,0.004
573,36672,orientation_ring_D0,0.01120,1.0000,5.3921,0.089,0.005
574,36736,orientation_ring_D0,0.09893,0.9844,9.0234,0.099,0.005
575,36800,orientation_ring_D0,0.01876,0.9844,9.6840,0.080,0.006
576,36864,orientation_ring_D0,0.01251,1.0000,5.3638,0.079,0.005
577,36928,orientation_ring_D0,0.00217,1.0000,0.5812,0.097,0.007
578,36992,orientation_ring_D0,0.00316,1.0000,1.2986,0.081,0.005
579,37056,orientation_ring_D0,0.00111,1.0000,0.0585,0.097,0.005
580,37120,orientation_ring_D0,0.00110,1.0000,0.1023,0.088,0.008
581,37184,orientation_ring_D0,0.00455,1.0000,1.9069,0.095,0.008
582,37248,orientation_ring_D0,0.02864,0.9844,12.5132,0.091,0.007
583,37312,orientation_ring_D0,0.05799,0.9688,16.5765,0.088,0.006
584,37376,orientation_ring_D0,0.00197,1.0000,0.5505,0.077,0.005
585,37440,orientation_ring_D0,0.00102,1.0000,0.0923,0.089,0.005
586,37504,orientation_ring_D0,0.00777,1.0000,3.0352,0.098,0.006
587,37568,orientation_ring_D0,0.00659,1.0000,2.7040,0.087,0.005
588,37632,orientation_ring_D0,0.13756,0.9688,19.8205,0.097,0.006
589,37696,orientation_ring_D0,0.00481,1.0000,1.6983,0.102,0.009
590,37760,orientation_ring_D0,0.00412,1.0000,1.7045,0.093,0.008
591,37824,orientation_ring_D0,0.00310,1.0000,0.7506,0.080,0.005
592,37888,orientation_ring_D0,0.00142,1.0000,0.1016,0.088,0.006
593,37952,orientation_ring_D0,0.06213,0.9844,8.1991,0.089,0.007
594,38016,orientation_ring_D0,0.02046,0.9844,5.7305,0.076,0.005
595,38080,orientation_ring_D0,0.04997,0.9688,15.0693,0.078,0.005
596,38144,orientation_ring_D0,0.03213,0.9844,8.8729,0.067,0.007
597,38208,orientation_ring_D0,0.00919,1.0000,2.5592,0.098,0.007
598,38272,orientation_ring_D0,0.01134,1.0000,5.1347,0.085,0.005
599,38336,orientation_ring_D0,0.00234,1.0000,0.2377,0.087,0.008
600,38400,orientation_ring_D0,0.01209,1.0000,5.1866,0.096,0.009
601,38464,orientation_ring_D0,0.01586,0.9844,7.5130,0.063,0.004
602,38528,orientation_ring_D0,0.02369,0.9844,6.4096,0.076,0.006
603,38592,orientation_ring_D0,0.00436,1.0000,1.7199,0.085,0.008
604,38656,orientation_ring_D0,0.02545,0.9844,7.6449,0.082,0.004
605,38720,orientation_ring_D0,0.00833,1.0000,4.3314,0.088,0.006
606,38784,orientation_ring_D0,0.00650,1.0000,2.1998,0.085,0.008
607,38848,orientation_ring_D0,0.00247,1.0000,0.3374,0.100,0.008
608,38912,orientation_ring_D0,0.01095,1.0000,4.6946,0.082,0.009
609,38976,orientation_ring_D0,0.01217,1.0000,5.0209,0.093,0.008
610,39040,orientation_ring_D0,0.00137,1.0000,0.1421,0.076,0.005
611,39104,orientation_ring_D0,0.00441,1.0000,1.0379,0.069,0.006
612,39168,orientation_ring_D0,0.00239,1.0000,0.3671,0.091,0.008
613,39232,orientation_ring_D0,0.03043,0.9844,6.9522,0.083,0.006
614,39296,orientation_ring_D0,0.03757,0.9844,8.1519,0.090,0.006
615,39360,orientation_ring_D0,0.00413,1.0000,0.9062,0.088,0.009
616,39424,orientation_ring_D0,0.02176,0.9844,7.9441,0.073,0.005
617,39488,orientation_ring_D0,0.00695,1.0000,3.1725,0.086,0.006
618,39552,orientation_ring_D0,0.00110,1.0000,0.0994,0.080,0.010
619,39616,orientation_ring_D0,0.00184,1.0000,0.2122,0.086,0.006
620,39680,orientation_ring_D0,0.11906,0.9688,11.8504,0.083,0.010
621,39744,orientation_ring_D0,0.00101,1.0000,0.0989,0.082,0.005
622,39808,orientation_ring_D0,0.00231,1.0000,0.4075,0.081,0.005
623,39872,orientation_ring_D0,0.03635,0.9844,8.2904,0.080,0.008
624,39936,orientation_ring_D0,0.00166,1.0000,0.3533,0.082,0.005
625,40000,orientation_ring_D0,0.00697,1.0000,2.6826,0.083,0.006
626,40064,orientation_ring_D0,0.00501,1.0000,2.2501,0.085,0.008
627,40128,orientation_ring_D0,0.01560,0.9844,7.0238,0.082,0.006
628,40192,orientation_ring_D0,0.04852,0.9844,11.3624,0.075,0.005
629,40256,orientation_ring_D0,0.05422,0.9844,8.9229,0.078,0.009
630,40320,orientation_ring_D0,0.00159,1.0000,0.3082,0.086,0.005
631,40384,orientation_ring_D0,0.00247,1.0000,0.8617,0.082,0.005
632,40448,orientation_ring_D0,0.01905,0.9844,7.9251,0.082,0.008
633,40512,orientation_ring_D0,0.07348,0.9688,15.4989,0.075,0.005
634,40576,orientation_ring_D0,0.00934,1.0000,5.4971,0.086,0.007
635,40640,orientation_ring_D0,0.00735,1.0000,3.9386,0.079,0.005
636,40704,orientation_ring_D0,0.00149,1.0000,0.1340,0.078,0.005
637,40768,orientation_ring_D0,0.00343,1.0000,0.7937,0.076,0.006
638,40832,orientation_ring_D0,0.01120,1.0000,6.4511,0.069,0.005
639,40896,orientation_ring_D0,0.06205,0.9844,9.4238,0.093,0.007
640,40960,orientation_ring_D0,0.00481,1.0000,1.9395,0.086,0.008
641,41024,orientation_ring_D0,0.01327,0.9844,5.8789,0.081,0.004
642,41088,orientation_ring_D0,0.01107,1.0000,4.9218,0.090,0.006
643,41152,orientation_ring_D0,0.00210,1.0000,0.5362,0.090,0.005
644,41216,orientation_ring_D0,0.08275,0.9844,7.2312,0.089,0.008
645,41280,orientation_ring_D0,0.00336,1.0000,0.9507,0.085,0.007
646,41344,orientation_ring_D0,0.00203,1.0000,0.2012,0.077,0.004
647,41408,orientation_ring_D0,0.01487,0.9844,6.1624,0.072,0.005
648,41472,orientation_ring_D0,0.00436,1.0000,1.5096,0.084,0.007
649,41536,orientation_ring_D0,0.01949,1.0000,6.4847,0.082,0.005
650,41600,orientation_ring_D0,0.00154,1.0000,0.1729,0.080,0.005
651,41664,orientation_ring_D0,0.08128,0.9688,12.1496,0.088,0.006
652,41728,orientation_ring_D0,0.00185,1.0000,0.2873,0.087,0.006
653,41792,orientation_ring_D0,0.00116,1.0000,0.1686,0.080,0.005
654,41856,orientation_ring_D0,0.03318,0.9844,9.7455,0.077,0.005
655,41920,orientation_ring_D0,0.00479,1.0000,0.7361,0.078,0.006
656,41984,orientation_ring_D0,0.01913,0.9844,6.1766,0.070,0.006
657,42048,orientation_ring_D0,0.13250,0.9531,14.7884,0.072,0.005
658,42112,orientation_ring_D0,0.00262,1.0000,0.7800,0.078,0.005
659,42176,orientation_ring_D0,0.00231,1.0000,0.4751,0.081,0.005
660,42240,orientation_ring_D0,0.05906,0.9844,7.6391,0.084,0.004
661,42304,orientation_ring_D0,0.03272,0.9844,7.3474,0.085,0.005
662,42368,orientation_ring_D0,0.04140,0.9844,8.5562,0.091,0.007
663,42432,orientation_ring_D0,0.00181,1.0000,0.2827,0.102,0.009
664,42496,orientation_ring_D0,0.00659,1.0000,2.1202,0.093,0.008
665,42560,orientation_ring_D0,0.00400,1.0000,0.7662,0.085,0.006
666,42624,orientation_ring_D0,0.00300,1.0000,0.5543,0.076,0.005
667,42688,orientation_ring_D0,0.00419,1.0000,1.2882,0.081,0.005
668,42752,orientation_ring_D0,0.02251,0.9844,7.1841,0.084,0.006
669,42816,orientation_ring_D0,0.02015,1.0000,6.9172,0.100,0.005
670,42880,orientation_ring_D0,0.06832,0.9844,11.4244,0.081,0.006
671,42944,orientation_ring_D0,0.00187,1.0000,0.1988,0.081,0.005
672,43008,orientation_ring_D0,0.00327,1.0000,0.7366,0.069,0.005
673,43072,orientation_ring_D0,0.00603,1.0000,2.0533,0.072,0.005
674,43136,orientation_ring_D0,0.00894,1.0000,3.0045,0.086,0.005
675,43200,orientation_ring_D0,0.09104,0.9844,6.4099,0.107,0.006
676,43264,orientation_ring_D0,0.00341,1.0000,0.9323,0.087,0.009
677,43328,orientation_ring_D0,0.04819,0.9844,15.1187,0.107,0.008
678,43392,orientation_ring_D0,0.02748,0.9844,7.3931,0.105,0.008
679,43456,orientation_ring_D0,0.01913,0.9844,7.0361,0.082,0.010
680,43520,orientation_ring_D0,0.00276,1.0000,0.6044,0.097,0.009
681,43584,orientation_ring_D0,0.02114,0.9844,7.8215,0.107,0.009
682,43648,orientation_ring_D0,0.05098,0.9844,8.8534,0.081,0.010
683,43712,orientation_ring_D0,0.02044,1.0000,6.7570,0.104,0.009
684,43776,orientation_ring_D0,0.00880,1.0000,3.0668,0.096,0.010
685,43840,orientation_ring_D0,0.00321,1.0000,1.2936,0.082,0.008
686,43904,orientation_ring_D0,0.00150,1.0000,0.2173,0.086,0.007
687,43968,orientation_ring_D0,0.00281,1.0000,0.5594,0.092,0.007
688,44032,orientation_ring_D0,0.00319,1.0000,0.5979,0.083,0.007
689,44096,orientation_ring_D0,0.01947,0.9844,6.9590,0.077,0.004
690,44160,orientation_ring_D0,0.00507,1.0000,1.7247,0.066,0.004
691,44224,orientation_ring_D0,0.10294,0.9375,13.4680,0.073,0.005
692,44288,orientation_ring_D0,0.00555,1.0000,1.1573,0.083,0.005
693,44352,orientation_ring_D0,0.00210,1.0000,0.5506,0.100,0.008
694,44416,orientation_ring_D0,0.03307,0.9844,8.9857,0.100,0.008
695,44480,orientation_ring_D0,0.02983,0.9844,7.8109,0.081,0.005
696,44544,orientation_ring_D0,0.00492,1.0000,1.4154,0.086,0.004
697,44608,orientation_ring_D0,0.00211,1.0000,0.2176,0.083,0.007
698,44672,orientation_ring_D0,0.00685,1.0000,1.5224,0.090,0.007
699,44736,orientation_ring_D0,0.05065,0.9844,9.9490,0.075,0.004
700,44800,orientation_ring_D0,0.09377,0.9688,9.2584,0.096,0.008
701,44864,orientation_ring_D0,0.00451,1.0000,1.3898,0.095,0.008
702,44928,orientation_ring_D0,0.07431,0.9844,7.5807,0.094,0.008
703,44992,orientation_ring_D0,0.04389,0.9844,7.5384,0.097,0.006
704,45056,orientation_ring_D0,0.07228,0.9688,12.3791,0.090,0.008
705,45120,orientation_ring_D0,0.00764,1.0000,2.3742,0.090,0.007
706,45184,orientation_ring_D0,0.01571,0.9844,5.1757,0.081,0.008
707,45248,orientation_ring_D0,0.02493,0.9844,6.7342,0.084,0.007
708,45312,orientation_ring_D0,0.02840,0.9844,10.2673,0.079,0.007
709,45376,orientation_ring_D0,0.00574,1.0000,1.1186,0.082,0.005
710,45440,orientation_ring_D0,0.00490,1.0000,1.1466,0.087,0.008
711,45504,orientation_ring_D0,0.00453,1.0000,1.3490,0.084,0.006
712,45568,orientation_ring_D0,0.00871,1.0000,2.3597,0.081,0.005
713,45632,orientation_ring_D0,0.00686,1.0000,2.2180,0.097,0.009
714,45696,orientation_ring_D0,0.02152,0.9844,6.3880,0.081,0.008
715,45760,orientation_ring_D0,0.01633,1.0000,4.1741,0.076,0.005
716,45824,orientation_ring_D0,0.00409,1.0000,1.4910,0.078,0.006
717,45888,orientation_ring_D0,0.00746,1.0000,2.5031,0.068,0.005
718,45952,orientation_ring_D0,0.00152,1.0000,0.2646,0.091,0.009
719,46016,orientation_ring_D0,0.00488,1.0000,2.1162,0.083,0.005
720,46080,orientation_ring_D0,0.00424,1.0000,1.7557,0.089,0.006
721,46144,orientation_ring_D0,0.00330,1.0000,1.3048,0.080,0.006
722,46208,orientation_ring_D0,0.02783,0.9844,9.8519,0.085,0.005
723,46272,orientation_ring_D0,0.00279,1.0000,0.9188,0.085,0.005
724,46336,orientation_ring_D0,0.00198,1.0000,0.3983,0.094,0.008
725,46400,orientation_ring_D0,0.00109,1.0000,0.1349,0.111,0.008
726,46464,orientation_ring_D0,0.02243,0.9844,9.8447,0.090,0.008
727,46528,orientation_ring_D0,0.00070,1.0000,0.0249,0.093,0.009
728,46592,orientation_ring_D0,0.00071,1.0000,0.0339,0.094,0.008
729,46656,orientation_ring_D0,0.00132,1.0000,0.1450,0.104,0.008
730,46720,orientation_ring_D0,0.04372,0.9688,10.2981,0.093,0.010
731,46784,orientation_ring_D0,0.03998,0.9844,11.8010,0.110,0.008
732,46848,orientation_ring_D0,0.00185,1.0000,0.3980,0.101,0.008
733,46912,orientation_ring_D0,0.00189,1.0000,0.6254,0.084,0.006
734,46976,orientation_ring_D0,0.00128,1.0000,0.2288,0.079,0.005
735,47040,orientation_ring_D0,0.00536,1.0000,2.3874,0.079,0.005
736,47104,orientation_ring_D0,0.00306,1.0000,1.4194,0.077,0.005
737,47168,orientation_ring_D0,0.00288,1.0000,1.0950,0.069,0.005
738,47232,orientation_ring_D0,0.00076,1.0000,0.0481,0.077,0.005
739,47296,orientation_ring_D0,0.00184,1.0000,0.3581,0.086,0.005
740,47360,orientation_ring_D0,0.01260,0.9844,5.0631,0.089,0.008
741,47424,orientation_ring_D0,0.03051,0.9844,11.4057,0.075,0.005
742,47488,orientation_ring_D0,0.00144,1.0000,0.4378,0.095,0.009
743,47552,orientation_ring_D0,0.00332,1.0000,0.6899,0.083,0.005
744,47616,orientation_ring_D0,0.01840,0.9844,6.4481,0.083,0.005
745,47680,orientation_ring_D0,0.00138,1.0000,0.3149,0.091,0.006
746,47744,orientation_ring_D0,0.00207,1.0000,0.5630,0.089,0.006
747,47808,orientation_ring_D0,0.00140,1.0000,0.2388,0.079,0.005
748,47872,orientation_ring_D0,0.00396,1.0000,1.2788,0.092,0.007
749,47936,orientation_ring_D0,0.01409,0.9844,4.9893,0.077,0.004
750,48000,orientation_ring_D0,0.00148,1.0000,0.2986,0.075,0.004
751,48064,orientation_ring_D0,0.00320,1.0000,1.4190,0.099,0.011
752,48128,orientation_ring_D0,0.00244,1.0000,1.1149,0.093,0.008
753,48192,orientation_ring_D0,0.00090,1.0000,0.1043,0.091,0.006
754,48256,orientation_ring_D0,0.00198,1.0000,0.5874,0.100,0.007
755,48320,orientation_ring_D0,0.00069,1.0000,0.1170,0.083,0.005
756,48384,orientation_ring_D0,0.01446,1.0000,5.1505,0.078,0.005
757,48448,orientation_ring_D0,0.00541,1.0000,3.3140,0.079,0.005
758,48512,orientation_ring_D0,0.05225,0.9844,9.2874,0.079,0.005
759,48576,orientation_ring_D0,0.00120,1.0000,0.2988,0.080,0.004
760,48640,orientation_ring_D0,0.01559,0.9844,6.7572,0.086,0.006
761,48704,orientation_ring_D0,0.00405,1.0000,1.9724,0.095,0.008
762,48768,orientation_ring_D0,0.00924,1.0000,5.3336,0.094,0.008
763,48832,orientation_ring_D0,0.00077,1.0000,0.0816,0.079,0.005
764,48896,orientation_ring_D0,0.00120,1.0000,0.4247,0.087,0.006
765,48960,orientation_ring_D0,0.00421,1.0000,1.6666,0.087,0.008
766,49024,orientation_ring_D0,0.00224,1.0000,0.8249,0.079,0.005
767,49088,orientation_ring_D0,0.00120,1.0000,0.2722,0.092,0.009
768,49152,orientation_ring_D0,0.00072,1.0000,0.0606,0.076,0.005
769,49216,orientation_ring_D0,0.00110,1.0000,0.2475,0.067,0.005
770,49280,orientation_ring_D0,0.00038,1.0000,0.0156,0.082,0.005
771,49344,orientation_ring_D0,0.00522,1.0000,2.6216,0.083,0.005
772,49408,orientation_ring_D0,0.00245,1.0000,0.7519,0.073,0.006
773,49472,orientation_ring_D0,0.01267,0.9844,8.1331,0.080,0.009
774,49536,orientation_ring_D0,0.00496,1.0000,4.6445,0.079,0.004
775,49600,orientation_ring_D0,0.00224,1.0000,0.8937,0.070,0.005
776,49664,orientation_ring_D0,0.00081,1.0000,0.2810,0.083,0.006
777,49728,orientation_ring_D0,0.00072,1.0000,0.1506,0.082,0.005
778,49792,orientation_ring_D0,0.00460,1.0000,2.8300,0.084,0.006
779,49856,orientation_ring_D0,0.00109,1.0000,0.1217,0.083,0.005
780,49920,orientation_ring_D0,0.00112,1.0000,0.1999,0.077,0.005
781,49984,orientation_ring_D0,0.02513,0.9844,10.1605,0.072,0.005
782,50048,orientation_ring_D0,0.00925,1.0000,5.7051,0.074,0.005
783,50112,orientation_ring_D0,0.00122,1.0000,0.3950,0.077,0.005
784,50176,orientation_ring_D0,0.00990,1.0000,6.1710,0.068,0.005
785,50240,orientation_ring_D0,0.01206,1.0000,6.1316,0.076,0.005
786,50304,orientation_ring_D0,0.00498,1.0000,3.0880,0.074,0.005
787,50368,orientation_ring_D0,0.00074,1.0000,0.0979,0.084,0.006
788,50432,orientation_ring_D0,0.00057,1.0000,0.1187,0.086,0.005
789,50496,orientation_ring_D0,0.00055,1.0000,0.0637,0.066,0.005
790,50560,orientation_ring_D0,0.00135,1.0000,0.2668,0.087,0.006
791,50624,orientation_ring_D0,0.00185,1.0000,0.7559,0.084,0.006
792,50688,orientation_ring_D0,0.00287,1.0000,1.6217,0.080,0.005
793,50752,orientation_ring_D0,0.00154,1.0000,0.5203,0.077,0.005
794,50816,orientation_ring_D0,0.00121,1.0000,0.3032,0.073,0.005
795,50880,orientation_ring_D0,0.00583,1.0000,3.5722,0.078,0.005
796,50944,orientation_ring_D0,0.00071,1.0000,0.1120,0.081,0.005
797,51008,orientation_ring_D0,0.00172,1.0000,0.5163,0.079,0.004
798,51072,orientation_ring_D0,0.00119,1.0000,0.3009,0.079,0.005
799,51136,orientation_ring_D0,0.10263,0.9688,17.2860,0.062,0.005
800,51200,orientation_ring_D0,0.00204,1.0000,0.7905,0.083,0.005
801,51264,orientation_ring_D0,0.01370,1.0000,4.8688,0.083,0.005
802,51328,orientation_ring_D0,0.00097,1.0000,0.1640,0.076,0.004
803,51392,orientation_ring_D0,0.00057,1.0000,0.0392,0.081,0.005
804,51456,orientation_ring_D0,0.04357,0.9844,12.5996,0.079,0.004
805,51520,orientation_ring_D0,0.00055,1.0000,0.0600,0.072,0.005
806,51584,orientation_ring_D0,0.01106,1.0000,5.0888,0.076,0.005
807,51648,orientation_ring_D0,0.00043,1.0000,0.0294,0.088,0.005
808,51712,orientation_ring_D0,0.00161,1.0000,0.8246,0.092,0.005
809,51776,orientation_ring_D0,0.06666,0.9688,11.1099,0.100,0.006
810,51840,orientation_ring_D0,0.00463,1.0000,2.2955,0.075,0.005
811,51904,orientation_ring_D0,0.00322,1.0000,1.8500,0.093,0.009
812,51968,orientation_ring_D0,0.00137,1.0000,0.2211,0.079,0.006
813,52032,orientation_ring_D0,0.00064,1.0000,0.1246,0.084,0.006
814,52096,orientation_ring_D0,0.00147,1.0000,0.5802,0.086,0.006
815,52160,orientation_ring_D0,0.00178,1.0000,0.6497,0.077,0.006
816,52224,orientation_ring_D0,0.00599,1.0000,3.4582,0.066,0.006
817,52288,orientation_ring_D0,0.00063,1.0000,0.1137,0.087,0.005
818,52352,orientation_ring_D0,0.00209,1.0000,0.6786,0.083,0.005
819,52416,orientation_ring_D0,0.00044,1.0000,0.0326,0.079,0.007
820,52480,orientation_ring_D0,0.00096,1.0000,0.2810,0.076,0.005
821,52544,orientation_ring_D0,0.00291,1.0000,1.3090,0.079,0.005
822,52608,orientation_ring_D0,0.00123,1.0000,0.2084,0.086,0.008
823,52672,orientation_ring_D0,0.00165,1.0000,0.5634,0.101,0.008
824,52736,orientation_ring_D0,0.00099,1.0000,0.3768,0.098,0.009
825,52800,orientation_ring_D0,0.00831,1.0000,4.7238,0.098,0.010
826,52864,orientation_ring_D0,0.00178,1.0000,0.6492,0.097,0.008
827,52928,orientation_ring_D0,0.00337,1.0000,1.5009,0.087,0.005
828,52992,orientation_ring_D0,0.00078,1.0000,0.1717,0.080,0.005
829,53056,orientation_ring_D0,0.00047,1.0000,0.0272,0.071,0.006
830,53120,orientation_ring_D0,0.03634,0.9844,9.0569,0.081,0.005
831,53184,orientation_ring_D0,0.04872,0.9844,10.9502,0.094,0.005
832,53248,orientation_ring_D0,0.00318,1.0000,1.8801,0.090,0.009
833,53312,orientation_ring_D0,0.00073,1.0000,0.1188,0.084,0.008
834,53376,orientation_ring_D0,0.00050,1.0000,0.0534,0.091,0.009
835,53440,orientation_ring_D0,0.00131,1.0000,0.4792,0.089,0.007
836,53504,orientation_ring_D0,0.00046,1.0000,0.0331,0.079,0.006
837,53568,orientation_ring_D0,0.00040,1.0000,0.0181,0.080,0.008
838,53632,orientation_ring_D0,0.00284,1.0000,1.1643,0.080,0.005
839,53696,orientation_ring_D0,0.01192,1.0000,6.6142,0.077,0.005
840,53760,orientation_ring_D0,0.00099,1.0000,0.1368,0.079,0.007
841,53824,orientation_ring_D0,0.00045,1.0000,0.0258,0.077,0.005
842,53888,orientation_ring_D0,0.00051,1.0000,0.0432,0.076,0.005
843,53952,orientation_ring_D0,0.00118,1.0000,0.3872,0.080,0.007
844,54016,orientation_ring_D0,0.00077,1.0000,0.1000,0.078,0.005
845,54080,orientation_ring_D0,0.00052,1.0000,0.0567,0.082,0.006
846,54144,orientation_ring_D0,0.00198,1.0000,0.9522,0.082,0.005
847,54208,orientation_ring_D0,0.00104,1.0000,0.2694,0.081,0.006
848,54272,orientation_ring_D0,0.00104,1.0000,0.3307,0.091,0.007
849,54336,orientation_ring_D0,0.00070,1.0000,0.1613,0.079,0.005
850,54400,orientation_ring_D0,0.00045,1.0000,0.0513,0.077,0.005
851,54464,orientation_ring_D0,0.00043,1.0000,0.0296,0.077,0.006
852,54528,orientation_ring_D0,0.04550,0.9844,10.5954,0.070,0.004
853,54592,orientation_ring_D0,0.00066,1.0000,0.1030,0.090,0.005
854,54656,orientation_ring_D0,0.00077,1.0000,0.1836,0.082,0.006
855,54720,orientation_ring_D0,0.00112,1.0000,0.3880,0.080,0.005
856,54784,orientation_ring_D0,0.00185,1.0000,0.7786,0.087,0.005
857,54848,orientation_ring_D0,0.00070,1.0000,0.1380,0.095,0.006
858,54912,orientation_ring_D0,0.00397,1.0000,2.1452,0.085,0.005
859,54976,orientation_ring_D0,0.00089,1.0000,0.1822,0.081,0.005
860,55040,orientation_ring_D0,0.00231,1.0000,0.8031,0.082,0.006
861,55104,orientation_ring_D0,0.00070,1.0000,0.1994,0.079,0.005
862,55168,orientation_ring_D0,0.00095,1.0000,0.2483,0.097,0.005
863,55232,orientation_ring_D0,0.00266,1.0000,1.7035,0.078,0.005
864,55296,orientation_ring_D0,0.00139,1.0000,0.3609,0.076,0.005
865,55360,orientation_ring_D0,0.00176,1.0000,0.7516,0.086,0.007
866,55424,orientation_ring_D0,0.00297,1.0000,0.9910,0.093,0.006
867,55488,orientation_ring_D0,0.00190,1.0000,0.9620,0.079,0.006
868,55552,orientation_ring_D0,0.01394,0.9844,8.5484,0.093,0.010
869,55616,orientation_ring_D0,0.00035,1.0000,0.0227,0.088,0.005
870,55680,orientation_ring_D0,0.00036,1.0000,0.0185,0.088,0.006
871,55744,orientation_ring_D0,0.00108,1.0000,0.3189,0.086,0.005
872,55808,orientation_ring_D0,0.00089,1.0000,0.1902,0.066,0.005
873,55872,orientation_ring_D0,0.00074,1.0000,0.2167,0.079,0.009
874,55936,orientation_ring_D0,0.00095,1.0000,0.2902,0.098,0.008
875,56000,orientation_ring_D0,0.01439,0.9844,6.8383,0.092,0.009
876,56064,orientation_ring_D0,0.00044,1.0000,0.0390,0.083,0.007
877,56128,orientation_ring_D0,0.00058,1.0000,0.1026,0.079,0.004
878,56192,orientation_ring_D0,0.00235,1.0000,0.9520,0.084,0.008
879,56256,orientation_ring_D0,0.01516,0.9844,9.4120,0.076,0.005
880,56320,orientation_ring_D0,0.00311,1.0000,1.6837,0.094,0.006
881,56384,orientation_ring_D0,0.00093,1.0000,0.3003,0.092,0.008
882,56448,orientation_ring_D0,0.00089,1.0000,0.3139,0.088,0.005
883,56512,orientation_ring_D0,0.00154,1.0000,0.2828,0.097,0.005
884,56576,orientation_ring_D0,0.00166,1.0000,0.4872,0.098,0.008
885,56640,orientation_ring_D0,0.00049,1.0000,0.0407,0.097,0.008
886,56704,orientation_ring_D0,0.00054,1.0000,0.0861,0.079,0.005
887,56768,orientation_ring_D0,0.00659,1.0000,4.4897,0.073,0.005
888,56832,orientation_ring_D0,0.00140,1.0000,0.4492,0.093,0.007
889,56896,orientation_ring_D0,0.00093,1.0000,0.4204,0.083,0.005
890,56960,orientation_ring_D0,0.00047,1.0000,0.0517,0.085,0.005
891,57024,orientation_ring_D0,0.00076,1.0000,0.2244,0.083,0.005
892,57088,orientation_ring_D0,0.00057,1.0000,0.0738,0.081,0.005
893,57152,orientation_ring_D0,0.00362,1.0000,2.1444,0.079,0.005
894,57216,orientation_ring_D0,0.00141,1.0000,0.7163,0.077,0.005
895,57280,orientation_ring_D0,0.04066,0.9844,9.9490,0.078,0.006
896,57344,orientation_ring_D0,0.00046,1.0000,0.0408,0.079,0.005
897,57408,orientation_ring_D0,0.00044,1.0000,0.0448,0.077,0.005
898,57472,orientation_ring_D0,0.00464,1.0000,3.2464,0.077,0.004
899,57536,orientation_ring_D0,0.00026,1.0000,0.0125,0.100,0.007
900,57600,orientation_ring_D0,0.00041,1.0000,0.0586,0.085,0.006
901,57664,orientation_ring_D0,0.00367,1.0000,1.5007,0.100,0.008
902,57728,orientation_ring_D0,0.00105,1.0000,0.3047,0.109,0.009
903,57792,orientation_ring_D0,0.00245,1.0000,1.3811,0.078,0.008
904,57856,orientation_ring_D0,0.03364,0.9844,10.9248,0.095,0.009
905,57920,orientation_ring_D0,0.00071,1.0000,0.1788,0.090,0.007
906,57984,orientation_ring_D0,0.00042,1.0000,0.0645,0.069,0.004
907,58048,orientation_ring_D0,0.00135,1.0000,0.6719,0.091,0.008
908,58112,orientation_ring_D0,0.00032,1.0000,0.0186,0.095,0.007
909,58176,orientation_ring_D0,0.00057,1.0000,0.1260,0.096,0.008
910,58240,orientation_ring_D0,0.00105,1.0000,0.3415,0.084,0.009
911,58304,orientation_ring_D0,0.00080,1.0000,0.2068,0.081,0.010
912,58368,orientation_ring_D0,0.00080,1.0000,0.2698,0.079,0.006
913,58432,orientation_ring_D0,0.02858,0.9844,10.8478,0.078,0.005
914,58496,orientation_ring_D0,0.00053,1.0000,0.0613,0.079,0.007
915,58560,orientation_ring_D0,0.00044,1.0000,0.0593,0.065,0.005
916,58624,orientation_ring_D0,0.00220,1.0000,1.0195,0.092,0.007
917,58688,orientation_ring_D0,0.00033,1.0000,0.0188,0.091,0.007
918,58752,orientation_ring_D0,0.00052,1.0000,0.0974,0.071,0.005
919,58816,orientation_ring_D0,0.00054,1.0000,0.0815,0.107,0.008
920,58880,orientation_ring_D0,0.05359,0.9688,18.2749,0.079,0.005
921,58944,orientation_ring_D0,0.00037,1.0000,0.0347,0.090,0.006
922,59008,orientation_ring_D0,0.00052,1.0000,0.0646,0.085,0.006
923,59072,orientation_ring_D0,0.00126,1.0000,0.5295,0.080,0.005
924,59136,orientation_ring_D0,0.00076,1.0000,0.2208,0.083,0.006
925,59200,orientation_ring_D0,0.00054,1.0000,0.1260,0.079,0.005
926,59264,orientation_ring_D0,0.04423,0.9688,17.3215,0.074,0.006
927,59328,orientation_ring_D0,0.00058,1.0000,0.1695,0.104,0.010
928,59392,orientation_ring_D0,0.08032,0.9844,8.6787,0.072,0.005
929,59456,orientation_ring_D0,0.00378,1.0000,2.0705,0.085,0.007
930,59520,orientation_ring_D0,0.00029,1.0000,0.0178,0.080,0.005
931,59584,orientation_ring_D0,0.00036,1.0000,0.0378,0.071,0.005
932,59648,orientation_ring_D0,0.00085,1.0000,0.2647,0.105,0.008
933,59712,orientation_ring_D0,0.00456,1.0000,2.9215,0.093,0.009
934,59776,orientation_ring_D0,0.00047,1.0000,0.0870,0.089,0.006
935,59840,orientation_ring_D0,0.01834,0.9844,9.7945,0.073,0.006
936,59904,orientation_ring_D0,0.00102,1.0000,0.4247,0.072,0.005
937,59968,orientation_ring_D0,0.00039,1.0000,0.0273,0.090,0.005
938,60032,orientation_ring_D0,0.00045,1.0000,0.0363,0.089,0.005
939,60096,orientation_ring_D0,0.00173,1.0000,0.8017,0.080,0.007
940,60160,orientation_ring_D0,0.00084,1.0000,0.2230,0.073,0.005
941,60224,orientation_ring_D0,0.00066,1.0000,0.2200,0.079,0.005
942,60288,orientation_ring_D0,0.00336,1.0000,2.1984,0.084,0.006
943,60352,orientation_ring_D0,0.00105,1.0000,0.3574,0.085,0.005
944,60416,orientation_ring_D0,0.00051,1.0000,0.0814,0.072,0.005
945,60480,orientation_ring_D0,0.00034,1.0000,0.0179,0.076,0.005
946,60544,orientation_ring_D0,0.00064,1.0000,0.0778,0.077,0.005
947,60608,orientation_ring_D0,0.00082,1.0000,0.1545,0.078,0.005
948,60672,orientation_ring_D0,0.00073,1.0000,0.1390,0.081,0.005
949,60736,orientation_ring_D0,0.00560,1.0000,2.8843,0.081,0.005
950,60800,orientation_ring_D0,0.00525,1.0000,3.2136,0.072,0.005
951,60864,orientation_ring_D0,0.00079,1.0000,0.1471,0.079,0.005
952,60928,orientation_ring_D0,0.00276,1.0000,1.5215,0.083,0.004
953,60992,orientation_ring_D0,0.00030,1.0000,0.0185,0.078,0.006
954,61056,orientation_ring_D0,0.00159,1.0000,0.8353,0.081,0.006
955,61120,orientation_ring_D0,0.00274,1.0000,1.1719,0.082,0.007
956,61184,orientation_ring_D0,0.00160,1.0000,0.3180,0.085,0.007
957,61248,orientation_ring_D0,0.00384,1.0000,2.1963,0.080,0.009
958,61312,orientation_ring_D0,0.00141,1.0000,0.5556,0.085,0.004
959,61376,orientation_ring_D0,0.00037,1.0000,0.0245,0.083,0.006
960,61440,orientation_ring_D0,0.00049,1.0000,0.1401,0.082,0.007
961,61504,orientation_ring_D0,0.00121,1.0000,0.4219,0.078,0.005
962,61568,orientation_ring_D0,0.00269,1.0000,1.5861,0.077,0.004
963,61632,orientation_ring_D0,0.00048,1.0000,0.0867,0.084,0.007
964,61696,orientation_ring_D0,0.00037,1.0000,0.0393,0.075,0.004
965,61760,orientation_ring_D0,0.00061,1.0000,0.1892,0.083,0.006
966,61824,orientation_ring_D0,0.00027,1.0000,0.0126,0.084,0.005
967,61888,orientation_ring_D0,0.00359,1.0000,1.9694,0.097,0.009
968,61952,orientation_ring_D0,0.00041,1.0000,0.0433,0.086,0.006
969,62016,orientation_ring_D0,0.00058,1.0000,0.1529,0.082,0.005
970,62080,orientation_ring_D0,0.00712,1.0000,5.1809,0.077,0.005
971,62144,orientation_ring_D0,0.00039,1.0000,0.0707,0.077,0.005
972,62208,orientation_ring_D0,0.01391,0.9844,7.8558,0.079,0.005
973,62272,orientation_ring_D0,0.00055,1.0000,0.1331,0.076,0.005
974,62336,orientation_ring_D0,0.00131,1.0000,0.8844,0.096,0.009
975,62400,orientation_ring_D0,0.00501,1.0000,3.1926,0.093,0.008
976,62464,orientation_ring_D0,0.00165,1.0000,1.1271,0.084,0.005
977,62528,orientation_ring_D0,0.00692,1.0000,3.8212,0.085,0.005
978,62592,orientation_ring_D0,0.00290,1.0000,1.7889,0.086,0.007
979,62656,orientation_ring_D0,0.00526,1.0000,2.9280,0.104,0.009
980,62720,orientation_ring_D0,0.00282,1.0000,1.6880,0.105,0.005
981,62784,orientation_ring_D0,0.00127,1.0000,1.0201,0.088,0.010
982,62848,orientation_ring_D0,0.00088,1.0000,0.4114,0.072,0.005
983,62912,orientation_ring_D0,0.00189,1.0000,1.2442,0.101,0.009
984,62976,orientation_ring_D0,0.02622,0.9844,11.1604,0.084,0.009
985,63040,orientation_ring_D0,0.00097,1.0000,0.3679,0.079,0.005
986,63104,orientation_ring_D0,0.00032,1.0000,0.0440,0.081,0.007
987,63168,orientation_ring_D0,0.00664,1.0000,5.2084,0.082,0.008
988,63232,orientation_ring_D0,0.00035,1.0000,0.0513,0.079,0.005
989,63296,orientation_ring_D0,0.01020,1.0000,7.9581,0.081,0.005
990,63360,orientation_ring_D0,0.00430,1.0000,2.6524,0.081,0.008
991,63424,orientation_ring_D0,0.00050,1.0000,0.1115,0.085,0.005
992,63488,orientation_ring_D0,0.00444,1.0000,2.7941,0.079,0.005
993,63552,orientation_ring_D0,0.00026,1.0000,0.0205,0.084,0.008
994,63616,orientation_ring_D0,0.01258,1.0000,8.2545,0.095,0.008
995,63680,orientation_ring_D0,0.00086,1.0000,0.4058,0.077,0.005
996,63744,orientation_ring_D0,0.00039,1.0000,0.0910,0.081,0.005
997,63808,orientation_ring_D0,0.00042,1.0000,0.0528,0.081,0.006
998,63872,orientation_ring_D0,0.00026,1.0000,0.0281,0.083,0.005
999,63936,orientation_ring_D0,0.00062,1.0000,0.2317,0.077,0.006
1000,64000,orientation_ring_D0,0.00983,1.0000,5.3377,0.091,0.008
1001,64064,orientation_ring_D0,0.02132,0.9844,9.1430,0.082,0.004
1002,64128,orientation_ring_D0,0.00033,1.0000,0.0357,0.077,0.006
1003,64192,orientation_ring_D0,0.00077,1.0000,0.3661,0.079,0.007
1004,64256,orientation_ring_D0,0.00056,1.0000,0.2421,0.081,0.004
1005,64320,orientation_ring_D0,0.00029,1.0000,0.0241,0.077,0.005
1006,64384,orientation_ring_D0,0.00067,1.0000,0.3887,0.079,0.005
1007,64448,orientation_ring_D0,0.00193,1.0000,1.0159,0.073,0.005
1008,64512,orientation_ring_D0,0.00055,1.0000,0.0780,0.075,0.008
1009,64576,orientation_ring_D0,0.00212,1.0000,1.4068,0.081,0.005
1010,64640,orientation_ring_D0,0.00260,1.0000,0.9521,0.079,0.005
1011,64704,orientation_ring_D0,0.00040,1.0000,0.0620,0.081,0.005
1012,64768,orientation_ring_D0,0.00904,1.0000,5.2654,0.087,0.007
1013,64832,orientation_ring_D0,0.00245,1.0000,1.8158,0.097,0.010
1014,64896,orientation_ring_D0,0.00963,1.0000,6.3193,0.083,0.007
1015,64960,orientation_ring_D0,0.00022,1.0000,0.0196,0.081,0.005
1016,65024,orientation_ring_D0,0.00156,1.0000,1.0605,0.081,0.005
1017,65088,orientation_ring_D0,0.00827,1.0000,4.6579,0.076,0.007
1018,65152,orientation_ring_D0,0.00203,1.0000,1.2973,0.080,0.007
1019,65216,orientation_ring_D0,0.00074,1.0000,0.3012,0.088,0.005
1020,65280,orientation_ring_D0,0.00517,1.0000,3.6619,0.097,0.007
1021,65344,orientation_ring_D0,0.00035,1.0000,0.0655,0.092,0.005
1022,65408,orientation_ring_D0,0.00200,1.0000,1.0529,0.094,0.007
1023,65472,orientation_ring_D0,0.02070,0.9844,9.3350,0.087,0.008
1024,65536,orientation_ring_D0,0.03913,0.9844,14.7637,0.093,0.005
1025,65600,orientation_ring_D0,0.00085,1.0000,0.2848,0.084,0.006
1026,65664,orientation_ring_D0,0.00275,1.0000,1.7681,0.081,0.005
1027,65728,orientation_ring_D0,0.00459,1.0000,3.1460,0.068,0.005
1028,65792,orientation_ring_D0,0.00106,1.0000,0.4793,0.086,0.005
1029,65856,orientation_ring_D0,0.00140,1.0000,0.6251,0.087,0.005
1030,65920,orientation_ring_D0,0.05152,0.9844,13.8698,0.086,0.006
1031,65984,orientation_ring_D0,0.00519,1.0000,3.5088,0.083,0.006
1032,66048,orientation_ring_D0,0.00030,1.0000,0.0268,0.073,0.005
1033,66112,orientation_ring_D0,0.00277,1.0000,1.3669,0.087,0.006
1034,66176,orientation_ring_D0,0.00274,1.0000,2.3425,0.098,0.005
1035,66240,orientation_ring_D0,0.00059,1.0000,0.1405,0.107,0.006
1036,66304,orientation_ring_D0,0.00024,1.0000,0.0159,0.091,0.005
1037,66368,orientation_ring_D0,0.00190,1.0000,0.7799,0.093,0.007
1038,66432,orientation_ring_D0,0.00056,1.0000,0.1489,0.108,0.010
1039,66496,orientation_ring_D0,0.00023,1.0000,0.0176,0.084,0.006
1040,66560,orientation_ring_D0,0.00079,1.0000,0.2352,0.095,0.009
1041,66624,orientation_ring_D0,0.00069,1.0000,0.3573,0.107,0.009
1042,66688,orientation_ring_D0,0.00053,1.0000,0.1402,0.076,0.011
1043,66752,orientation_ring_D0,0.00108,1.0000,0.5041,0.094,0.005
1044,66816,orientation_ring_D0,0.00050,1.0000,0.1303,0.081,0.005
1045,66880,orientation_ring_D0,0.00053,1.0000,0.1107,0.080,0.006
1046,66944,orientation_ring_D0,0.01095,1.0000,7.8654,0.081,0.005
1047,67008,orientation_ring_D0,0.00196,1.0000,1.3040,0.078,0.007
1048,67072,orientation_ring_D0,0.00150,1.0000,0.7072,0.079,0.005
1049,67136,orientation_ring_D0,0.02483,0.9844,9.8848,0.078,0.005
1050,67200,orientation_ring_D0,0.00035,1.0000,0.0546,0.081,0.005
1051,67264,orientation_ring_D0,0.00060,1.0000,0.2730,0.090,0.007
1052,67328,orientation_ring_D0,0.00028,1.0000,0.0635,0.084,0.007
1053,67392,orientation_ring_D0,0.00041,1.0000,0.0789,0.087,0.008
1054,67456,orientation_ring_D0,0.00061,1.0000,0.1566,0.096,0.008
1055,67520,orientation_ring_D0,0.00099,1.0000,0.4708,0.091,0.006
1056,67584,orientation_ring_D0,0.01778,0.9844,8.9645,0.087,0.005
1057,67648,orientation_ring_D0,0.00111,1.0000,0.6199,0.081,0.004
1058,67712,orientation_ring_D0,0.06244,0.9844,17.1655,0.077,0.005
1059,67776,orientation_ring_D0,0.00104,1.0000,0.3550,0.077,0.005
1060,67840,orientation_ring_D0,0.00025,1.0000,0.0175,0.076,0.005
1061,67904,orientation_ring_D0,0.00103,1.0000,0.4386,0.074,0.005
1062,67968,orientation_ring_D0,0.00311,1.0000,2.5358,0.087,0.006
1063,68032,orientation_ring_D0,0.00025,1.0000,0.0107,0.083,0.005
1064,68096,orientation_ring_D0,0.00025,1.0000,0.0180,0.082,0.006
1065,68160,orientation_ring_D0,0.00045,1.0000,0.1850,0.090,0.006
1066,68224,orientation_ring_D0,0.00040,1.0000,0.1050,0.078,0.005
1067,68288,orientation_ring_D0,0.03329,0.9844,14.1837,0.078,0.005
1068,68352,orientation_ring_D0,0.01644,0.9844,7.6896,0.079,0.005
1069,68416,orientation_ring_D0,0.00189,1.0000,1.0570,0.077,0.005
1070,68480,orientation_ring_D0,0.00061,1.0000,0.1581,0.069,0.005
1071,68544,orientation_ring_D0,0.01384,0.9844,7.2574,0.087,0.005
1072,68608,orientation_ring_D0,0.00542,1.0000,3.1072,0.079,0.007
1073,68672,orientation_ring_D0,0.00100,1.0000,0.4173,0.090,0.005
1074,68736,orientation_ring_D0,0.00242,1.0000,1.1988,0.088,0.007
1075,68800,orientation_ring_D0,0.00100,1.0000,0.3960,0.071,0.005
1076,68864,orientation_ring_D0,0.00047,1.0000,0.1951,0.103,0.009
1077,68928,orientation_ring_D0,0.00120,1.0000,0.5459,0.085,0.007
1078,68992,orientation_ring_D0,0.00094,1.0000,0.4838,0.085,0.005
1079,69056,orientation_ring_D0,0.00033,1.0000,0.0258,0.085,0.008
1080,69120,orientation_ring_D0,0.00035,1.0000,0.0381,0.072,0.005
1081,69184,orientation_ring_D0,0.00041,1.0000,0.1341,0.095,0.010
1082,69248,orientation_ring_D0,0.00091,1.0000,0.3042,0.089,0.008
1083,69312,orientation_ring_D0,0.00080,1.0000,0.2191,0.085,0.005
1084,69376,orientation_ring_D0,0.01617,0.9844,8.3776,0.077,0.007
1085,69440,orientation_ring_D0,0.00033,1.0000,0.0360,0.074,0.006
1086,69504,orientation_ring_D0,0.00070,1.0000,0.1781,0.075,0.005
1087,69568,orientation_ring_D0,0.00103,1.0000,0.5391,0.078,0.005
1088,69632,orientation_ring_D0,0.00043,1.0000,0.0480,0.081,0.005
1089,69696,orientation_ring_D0,0.02188,0.9844,10.9261,0.074,0.006
1090,69760,orientation_ring_D0,0.00075,1.0000,0.1130,0.085,0.008
1091,69824,orientation_ring_D0,0.00092,1.0000,0.2558,0.083,0.005
1092,69888,orientation_ring_D0,0.00049,1.0000,0.1062,0.081,0.005
1093,69952,orientation_ring_D0,0.00400,1.0000,2.0301,0.082,0.005
1094,70016,orientation_ring_D0,0.00022,1.0000,0.0094,0.080,0.006
1095,70080,orientation_ring_D0,0.01270,0.9844,8.5379,0.084,0.006
1096,70144,orientation_ring_D0,0.00138,1.0000,0.7858,0.092,0.005
1097,70208,orientation_ring_D0,0.02870,0.9844,12.3738,0.090,0.006
1098,70272,orientation_ring_D0,0.00054,1.0000,0.1556,0.084,0.005
1099,70336,orientation_ring_D0,0.00084,1.0000,0.3631,0.089,0.005
1100,70400,orientation_ring_D0,0.00033,1.0000,0.0221,0.084,0.006
1101,70464,orientation_ring_D0,0.00032,1.0000,0.0255,0.083,0.006
1102,70528,orientation_ring_D0,0.08092,0.9688,13.9034,0.085,0.007
1103,70592,orientation_ring_D0,0.00099,1.0000,0.3798,0.083,0.005
1104,70656,orientation_ring_D0,0.00234,1.0000,1.1506,0.079,0.005
1105,70720,orientation_ring_D0,0.00038,1.0000,0.0719,0.081,0.005
1106,70784,orientation_ring_D0,0.00037,1.0000,0.0301,0.079,0.005
1107,70848,orientation_ring_D0,0.00065,1.0000,0.1956,0.076,0.005
1108,70912,orientation_ring_D0,0.00159,1.0000,0.7122,0.064,0.005
1109,70976,orientation_ring_D0,0.00095,1.0000,0.4293,0.087,0.005
1110,71040,orientation_ring_D0,0.05236,0.9688,14.5539,0.081,0.005
1111,71104,orientation_ring_D0,0.00054,1.0000,0.1241,0.082,0.006
1112,71168,orientation_ring_D0,0.00213,1.0000,0.9417,0.100,0.036
1113,71232,orientation_ring_D0,0.00056,1.0000,0.1665,0.084,0.005
1114,71296,orientation_ring_D0,0.00028,1.0000,0.0400,0.082,0.006
1115,71360,orientation_ring_D0,0.01030,1.0000,6.0881,0.077,0.005
1116,71424,orientation_ring_D0,0.03806,0.9844,9.4961,0.077,0.005
1117,71488,orientation_ring_D0,0.08164,0.9688,18.4995,0.084,0.005
1118,71552,orientation_ring_D0,0.00041,1.0000,0.0567,0.083,0.005
1119,71616,orientation_ring_D0,0.00082,1.0000,0.2090,0.082,0.018
1120,71680,orientation_ring_D0,0.00590,1.0000,3.1121,0.086,0.005
1121,71744,orientation_ring_D0,0.00162,1.0000,0.7948,0.084,0.006
1122,71808,orientation_ring_D0,0.01149,1.0000,6.6920,0.079,0.005
1123,71872,orientation_ring_D0,0.00661,1.0000,3.7732,0.078,0.005
1124,71936,orientation_ring_D0,0.00124,1.0000,0.3741,0.081,0.005
1125,72000,orientation_ring_D0,0.00153,1.0000,0.5109,0.086,0.006
1126,72064,orientation_ring_D0,0.00314,1.0000,1.5466,0.062,0.005
1127,72128,orientation_ring_D0,0.00470,1.0000,2.1365,0.073,0.005
1128,72192,orientation_ring_D0,0.01365,1.0000,6.8404,0.083,0.005
1129,72256,orientation_ring_D0,0.00113,1.0000,0.3482,0.088,0.005
1130,72320,orientation_ring_D0,0.06916,0.9844,9.1601,0.090,0.006
1131,72384,orientation_ring_D0,0.00088,1.0000,0.2575,0.082,0.006
1132,72448,orientation_ring_D0,0.00615,1.0000,2.6540,0.089,0.005
1133,72512,orientation_ring_D0,0.03798,0.9844,11.5671,0.087,0.007
1134,72576,orientation_ring_D0,0.00649,1.0000,2.5705,0.088,0.006
1135,72640,orientation_ring_D0,0.00466,1.0000,1.4990,0.082,0.006
1136,72704,orientation_ring_D0,0.00396,1.0000,2.0566,0.082,0.006
1137,72768,orientation_ring_D0,0.00077,1.0000,0.0741,0.071,0.006
1138,72832,orientation_ring_D0,0.00075,1.0000,0.1237,0.088,0.005
1139,72896,orientation_ring_D0,0.00187,1.0000,0.7422,0.083,0.005
1140,72960,orientation_ring_D0,0.00146,1.0000,0.3336,0.087,0.007
1141,73024,orientation_ring_D0,0.00042,1.0000,0.0244,0.083,0.005
1142,73088,orientation_ring_D0,0.00143,1.0000,0.5046,0.072,0.005
1143,73152,orientation_ring_D0,0.00173,1.0000,0.5880,0.086,0.006
1144,73216,orientation_ring_D0,0.00669,1.0000,2.9443,0.088,0.006
1145,73280,orientation_ring_D0,0.00072,1.0000,0.1482,0.107,0.007
1146,73344,orientation_ring_D0,0.00074,1.0000,0.1251,0.093,0.008
1147,73408,orientation_ring_D0,0.00296,1.0000,1.1935,0.077,0.008
1148,73472,orientation_ring_D0,0.00042,1.0000,0.0241,0.079,0.005
1149,73536,orientation_ring_D0,0.02203,0.9844,10.2376,0.087,0.005
1150,73600,orientation_ring_D0,0.00079,1.0000,0.0880,0.086,0.009
1151,73664,orientation_ring_D0,0.00052,1.0000,0.0720,0.078,0.006
1152,73728,orientation_ring_D0,0.00031,1.0000,0.0254,0.085,0.006
1153,73792,orientation_ring_D0,0.00043,1.0000,0.0418,0.084,0.005
1154,73856,orientation_ring_D0,0.00065,1.0000,0.0769,0.075,0.006
1155,73920,orientation_ring_D0,0.00716,1.0000,3.3915,0.104,0.010
1156,73984,orientation_ring_D0,0.00080,1.0000,0.2447,0.092,0.009
1157,74048,orientation_ring_D0,0.00052,1.0000,0.0625,0.077,0.004
1158,74112,orientation_ring_D0,0.00056,1.0000,0.0547,0.071,0.005
1159,74176,orientation_ring_D0,0.00066,1.0000,0.1450,0.077,0.006
1160,74240,orientation_ring_D0,0.00130,1.0000,0.2946,0.083,0.008
1161,74304,orientation_ring_D0,0.00095,1.0000,0.2654,0.097,0.007
1162,74368,orientation_ring_D0,0.00183,1.0000,0.7206,0.088,0.007
1163,74432,orientation_ring_D0,0.00156,1.0000,0.9149,0.067,0.007
1164,74496,orientation_ring_D0,0.00608,1.0000,3.3300,0.083,0.009
1165,74560,orientation_ring_D0,0.00775,1.0000,4.4840,0.096,0.008
1166,74624,orientation_ring_D0,0.03788,0.9844,12.0295,0.083,0.005
1167,74688,orientation_ring_D0,0.00030,1.0000,0.0199,0.078,0.006
1168,74752,orientation_ring_D0,0.00841,1.0000,4.0345,0.078,0.006
1169,74816,orientation_ring_D0,0.00552,1.0000,3.8412,0.084,0.005
1170,74880,orientation_ring_D0,0.00025,1.0000,0.0100,0.089,0.008
1171,74944,orientation_ring_D0,0.00042,1.0000,0.0360,0.078,0.004
1172,75008,orientation_ring_D0,0.00117,1.0000,0.3248,0.074,0.005
1173,75072,orientation_ring_D0,0.00038,1.0000,0.0301,0.085,0.006
1174,75136,orientation_ring_D0,0.00081,1.0000,0.1566,0.090,0.005
1175,75200,orientation_ring_D0,0.00087,1.0000,0.1734,0.078,0.005
1176,75264,orientation_ring_D0,0.00042,1.0000,0.0552,0.107,0.009
1177,75328,orientation_ring_D0,0.00028,1.0000,0.0146,0.096,0.011
1178,75392,orientation_ring_D0,0.00042,1.0000,0.0473,0.082,0.008
1179,75456,orientation_ring_D0,0.00029,1.0000,0.0194,0.090,0.007
1180,75520,orientation_ring_D0,0.00026,1.0000,0.0150,0.083,0.007
1181,75584,orientation_ring_D0,0.00216,1.0000,1.5179,0.099,0.008
1182,75648,orientation_ring_D0,0.00167,1.0000,0.6002,0.096,0.008
1183,75712,orientation_ring_D0,0.00036,1.0000,0.0672,0.107,0.008
1184,75776,orientation_ring_D0,0.00084,1.0000,0.3018,0.079,0.005
1185,75840,orientation_ring_D0,0.00575,1.0000,2.6450,0.089,0.005
1186,75904,orientation_ring_D0,0.00071,1.0000,0.2905,0.093,0.008
1187,75968,orientation_ring_D0,0.00039,1.0000,0.0563,0.080,0.006
1188,76032,orientation_ring_D0,0.00261,1.0000,1.0163,0.102,0.013
1189,76096,orientation_ring_D0,0.00037,1.0000,0.0373,0.088,0.007
1190,76160,orientation_ring_D0,0.00034,1.0000,0.0223,0.090,0.009
1191,76224,orientation_ring_D0,0.00037,1.0000,0.0512,0.091,0.008
1192,76288,orientation_ring_D0,0.00257,1.0000,1.5610,0.078,0.009
1193,76352,orientation_ring_D0,0.00017,1.0000,0.0083,0.084,0.006
1194,76416,orientation_ring_D0,0.00097,1.0000,0.5530,0.081,0.005
1195,76480,orientation_ring_D0,0.00034,1.0000,0.0248,0.086,0.005
1196,76544,orientation_ring_D0,0.00043,1.0000,0.1457,0.080,0.007
1197,76608,orientation_ring_D0,0.00063,1.0000,0.1280,0.078,0.005
1198,76672,orientation_ring_D0,0.00627,1.0000,4.1028,0.095,0.006
1199,76736,orientation_ring_D0,0.00069,1.0000,0.2233,0.082,0.006
1200,76800,orientation_ring_D0,0.00051,1.0000,0.0640,0.089,0.006
1201,76864,orientation_ring_D0,0.00044,1.0000,0.0784,0.076,0.004
1202,76928,orientation_ring_D0,0.00031,1.0000,0.0530,0.078,0.004
1203,76992,orientation_ring_D0,0.00295,1.0000,1.6789,0.068,0.004
1204,77056,orientation_ring_D0,0.00022,1.0000,0.0164,0.079,0.005
1205,77120,orientation_ring_D0,0.00237,1.0000,0.9604,0.083,0.005
1206,77184,orientation_ring_D0,0.00034,1.0000,0.0705,0.090,0.007
1207,77248,orientation_ring_D0,0.00075,1.0000,0.3246,0.093,0.007
1208,77312,orientation_ring_D0,0.00022,1.0000,0.0133,0.078,0.006
1209,77376,orientation_ring_D0,0.00192,1.0000,1.0139,0.078,0.006
1210,77440,orientation_ring_D0,0.00092,1.0000,0.4316,0.078,0.005
1211,77504,orientation_ring_D0,0.00042,1.0000,0.1015,0.081,0.005
1212,77568,orientation_ring_D0,0.00029,1.0000,0.0464,0.078,0.006
1213,77632,orientation_ring_D0,0.00040,1.0000,0.0640,0.061,0.005
1214,77696,orientation_ring_D0,0.00039,1.0000,0.1111,0.078,0.007
1215,77760,orientation_ring_D0,0.00107,1.0000,0.5203,0.081,0.005
1216,77824,orientation_ring_D0,0.00409,1.0000,2.8984,0.083,0.005
1217,77888,orientation_ring_D0,0.00018,1.0000,0.0092,0.089,0.006
1218,77952,orientation_ring_D0,0.00164,1.0000,1.2214,0.085,0.006
1219,78016,orientation_ring_D0,0.00020,1.0000,0.0168,0.082,0.008
1220,78080,orientation_ring_D0,0.00043,1.0000,0.1057,0.078,0.006
1221,78144,orientation_ring_D0,0.00040,1.0000,0.0886,0.079,0.005
1222,78208,orientation_ring_D0,0.04865,0.9844,13.5599,0.080,0.009
1223,78272,orientation_ring_D0,0.00061,1.0000,0.2522,0.066,0.004
1224,78336,orientation_ring_D0,0.00029,1.0000,0.0469,0.081,0.005
1225,78400,orientation_ring_D0,0.00137,1.0000,0.7156,0.086,0.008
1226,78464,orientation_ring_D0,0.01756,0.9844,11.5878,0.092,0.007
1227,78528,orientation_ring_D0,0.08901,0.9844,10.7959,0.090,0.007
1228,78592,orientation_ring_D0,0.00033,1.0000,0.0834,0.072,0.008
1229,78656,orientation_ring_D0,0.00021,1.0000,0.0195,0.087,0.005
1230,78720,orientation_ring_D0,0.00018,1.0000,0.0093,0.087,0.007
1231,78784,orientation_ring_D0,0.00017,1.0000,0.0079,0.087,0.013
1232,78848,orientation_ring_D0,0.00027,1.0000,0.0701,0.080,0.006
1233,78912,orientation_ring_D0,0.00038,1.0000,0.1392,0.065,0.005
1234,78976,orientation_ring_D0,0.02198,0.9844,10.3971,0.087,0.009
1235,79040,orientation_ring_D0,0.00022,1.0000,0.0214,0.083,0.005
1236,79104,orientation_ring_D0,0.00074,1.0000,0.3539,0.080,0.005
1237,79168,orientation_ring_D0,0.00028,1.0000,0.0335,0.086,0.009
1238,79232,orientation_ring_D0,0.00045,1.0000,0.1214,0.085,0.006
1239,79296,orientation_ring_D0,0.00019,1.0000,0.0097,0.079,0.005
1240,79360,orientation_ring_D0,0.00044,1.0000,0.1192,0.079,0.009
1241,79424,orientation_ring_D0,0.00321,1.0000,1.6079,0.078,0.006
1242,79488,orientation_ring_D0,0.00161,1.0000,1.1275,0.085,0.008
1243,79552,orientation_ring_D0,0.00017,1.0000,0.0072,0.097,0.005
1244,79616,orientation_ring_D0,0.00027,1.0000,0.0330,0.102,0.010
1245,79680,orientation_ring_D0,0.00040,1.0000,0.1050,0.081,0.005
1246,79744,orientation_ring_D0,0.00165,1.0000,1.0184,0.075,0.006
1247,79808,orientation_ring_D0,0.00089,1.0000,0.3597,0.093,0.006
1248,79872,orientation_ring_D0,0.00056,1.0000,0.1660,0.119,0.008
1249,79936,orientation_ring_D0,0.00044,1.0000,0.0782,0.106,0.009
1250,80000,orientation_ring_D0,0.02423,0.9844,10.0647,0.083,0.007
1251,80064,orientation_ring_D0,0.00021,1.0000,0.0175,0.096,0.008
1252,80128,orientation_ring_D0,0.00613,1.0000,4.2961,0.096,0.008
1253,80192,orientation_ring_D0,0.00253,1.0000,1.1518,0.082,0.008
1254,80256,orientation_ring_D0,0.00026,1.0000,0.0137,0.077,0.005
1255,80320,orientation_ring_D0,0.00069,1.0000,0.2394,0.077,0.004
1256,80384,orientation_ring_D0,0.00092,1.0000,0.3893,0.078,0.006
1257,80448,orientation_ring_D0,0.00337,1.0000,1.9171,0.078,0.005
1258,80512,orientation_ring_D0,0.00068,1.0000,0.2724,0.075,0.004
1259,80576,orientation_ring_D0,0.00054,1.0000,0.1452,0.070,0.006
1260,80640,orientation_ring_D0,0.00027,1.0000,0.0457,0.093,0.008
1261,80704,orientation_ring_D0,0.00577,1.0000,4.4892,0.086,0.009
1262,80768,orientation_ring_D0,0.00086,1.0000,0.3589,0.086,0.005
1263,80832,orientation_ring_D0,0.01742,0.9844,8.3969,0.100,0.010
1264,80896,orientation_ring_D0,0.00057,1.0000,0.0698,0.081,0.005
1265,80960,orientation_ring_D0,0.00028,1.0000,0.0289,0.077,0.005
1266,81024,orientation_ring_D0,0.00094,1.0000,0.5126,0.079,0.005
1267,81088,orientation_ring_D0,0.00345,1.0000,2.0767,0.070,0.005
1268,81152,orientation_ring_D0,0.00074,1.0000,0.2416,0.091,0.008
1269,81216,orientation_ring_D0,0.00021,1.0000,0.0130,0.093,0.008
1270,81280,orientation_ring_D0,0.00015,1.0000,0.0063,0.090,0.005
1271,81344,orientation_ring_D0,0.00144,1.0000,0.8324,0.094,0.006
1272,81408,orientation_ring_D0,0.00025,1.0000,0.0228,0.085,0.005
1273,81472,orientation_ring_D0,0.00044,1.0000,0.1122,0.084,0.006
1274,81536,orientation_ring_D0,0.00096,1.0000,0.6516,0.081,0.006
1275,81600,orientation_ring_D0,0.00040,1.0000,0.1130,0.080,0.005
1276,81664,orientation_ring_D0,0.00047,1.0000,0.1234,0.066,0.005
1277,81728,orientation_ring_D0,0.00034,1.0000,0.1175,0.081,0.005
1278,81792,orientation_ring_D0,0.00020,1.0000,0.0253,0.082,0.005
1279,81856,orientation_ring_D0,0.01657,0.9844,8.0579,0.084,0.005
1280,81920,orientation_ring_D0,0.00040,1.0000,0.1345,0.090,0.006
1281,81984,orientation_ring_D0,0.00018,1.0000,0.0094,0.076,0.006
1282,82048,orientation_ring_D0,0.00027,1.0000,0.0268,0.100,0.008
1283,82112,orientation_ring_D0,0.00049,1.0000,0.1714,0.083,0.006
1284,82176,orientation_ring_D0,0.00142,1.0000,0.8295,0.089,0.005
1285,82240,orientation_ring_D0,0.00040,1.0000,0.0503,0.087,0.006
1286,82304,orientation_ring_D0,0.03290,0.9844,9.7562,0.081,0.005
1287,82368,orientation_ring_D0,0.00049,1.0000,0.0900,0.072,0.005
1288,82432,orientation_ring_D0,0.00098,1.0000,0.4892,0.083,0.005
1289,82496,orientation_ring_D0,0.00052,1.0000,0.2401,0.083,0.005
1290,82560,orientation_ring_D0,0.00039,1.0000,0.0890,0.086,0.005
1291,82624,orientation_ring_D0,0.00255,1.0000,1.0802,0.082,0.007
1292,82688,orientation_ring_D0,0.02195,0.9844,8.7157,0.070,0.005
1293,82752,orientation_ring_D0,0.00034,1.0000,0.1085,0.091,0.008
1294,82816,orientation_ring_D0,0.00859,1.0000,4.7016,0.078,0.008
1295,82880,orientation_ring_D0,0.01831,0.9844,9.1614,0.079,0.006
1296,82944,orientation_ring_D0,0.00025,1.0000,0.0725,0.097,0.006
1297,83008,orientation_ring_D0,0.00404,1.0000,2.2197,0.087,0.005
1298,83072,orientation_ring_D0,0.00018,1.0000,0.0095,0.104,0.007
1299,83136,orientation_ring_D0,0.00028,1.0000,0.0229,0.090,0.008
1300,83200,orientation_ring_D0,0.00080,1.0000,0.3184,0.081,0.009
1301,83264,orientation_ring_D0,0.00051,1.0000,0.0992,0.081,0.007
1302,83328,orientation_ring_D0,0.00043,1.0000,0.0640,0.093,0.005
1303,83392,orientation_ring_D0,0.00028,1.0000,0.0275,0.089,0.005
1304,83456,orientation_ring_D0,0.00184,1.0000,1.2765,0.081,0.007
1305,83520,orientation_ring_D0,0.06139,0.9844,11.1284,0.104,0.009
1306,83584,orientation_ring_D0,0.00037,1.0000,0.0405,0.085,0.008
1307,83648,orientation_ring_D0,0.00034,1.0000,0.0442,0.077,0.004
1308,83712,orientation_ring_D0,0.00034,1.0000,0.0371,0.076,0.005
1309,83776,orientation_ring_D0,0.00768,1.0000,3.4957,0.090,0.007
1310,83840,orientation_ring_D0,0.00040,1.0000,0.0796,0.078,0.004
1311,83904,orientation_ring_D0,0.00204,1.0000,1.1067,0.077,0.005
1312,83968,orientation_ring_D0,0.02017,0.9844,9.0313,0.077,0.005
1313,84032,orientation_ring_D0,0.00020,1.0000,0.0111,0.072,0.004
1314,84096,orientation_ring_D0,0.00357,1.0000,2.0494,0.075,0.005
1315,84160,orientation_ring_D0,0.00047,1.0000,0.0811,0.085,0.005
1316,84224,orientation_ring_D0,0.00029,1.0000,0.0260,0.083,0.006
1317,84288,orientation_ring_D0,0.01681,0.9844,9.5389,0.088,0.006
1318,84352,orientation_ring_D0,0.00039,1.0000,0.0789,0.091,0.007
1319,84416,orientation_ring_D0,0.00019,1.0000,0.0144,0.080,0.006
1320,84480,orientation_ring_D0,0.00047,1.0000,0.0559,0.077,0.005
1321,84544,orientation_ring_D0,0.00047,1.0000,0.1367,0.077,0.004
1322,84608,orientation_ring_D0,0.00028,1.0000,0.0212,0.079,0.005
1323,84672,orientation_ring_D0,0.00053,1.0000,0.1222,0.064,0.006
1324,84736,orientation_ring_D0,0.06848,0.9844,11.8004,0.089,0.005
1325,84800,orientation_ring_D0,0.00313,1.0000,2.4296,0.082,0.006
1326,84864,orientation_ring_D0,0.00029,1.0000,0.0243,0.081,0.004
1327,84928,orientation_ring_D0,0.00020,1.0000,0.0196,0.097,0.010
1328,84992,orientation_ring_D0,0.00021,1.0000,0.0131,0.080,0.005
1329,85056,orientation_ring_D0,0.00135,1.0000,0.6428,0.076,0.005
1330,85120,orientation_ring_D0,0.00069,1.0000,0.2751,0.078,0.006
1331,85184,orientation_ring_D0,0.02311,0.9844,11.6940,0.078,0.006
1332,85248,orientation_ring_D0,0.00070,1.0000,0.3224,0.078,0.005
1333,85312,orientation_ring_D0,0.00025,1.0000,0.0293,0.083,0.005
1334,85376,orientation_ring_D0,0.00054,1.0000,0.1200,0.107,0.008
1335,85440,orientation_ring_D0,0.00425,1.0000,2.8977,0.087,0.005
1336,85504,orientation_ring_D0,0.00076,1.0000,0.3684,0.096,0.007
1337,85568,orientation_ring_D0,0.01590,0.9844,8.0841,0.078,0.007
1338,85632,orientation_ring_D0,0.00376,1.0000,2.8471,0.092,0.009
1339,85696,orientation_ring_D0,0.00071,1.0000,0.3384,0.094,0.006
1340,85760,orientation_ring_D0,0.00054,1.0000,0.2007,0.091,0.009
1341,85824,orientation_ring_D0,0.00181,1.0000,0.9270,0.087,0.006
1342,85888,orientation_ring_D0,0.01486,1.0000,7.6845,0.080,0.007
1343,85952,orientation_ring_D0,0.02329,0.9844,12.8485,0.077,0.004
1344,86016,orientation_ring_D0,0.00051,1.0000,0.1716,0.085,0.005
1345,86080,orientation_ring_D0,0.00023,1.0000,0.0179,0.085,0.006
1346,86144,orientation_ring_D0,0.00030,1.0000,0.0733,0.097,0.007
1347,86208,orientation_ring_D0,0.00061,1.0000,0.2997,0.084,0.008
1348,86272,orientation_ring_D0,0.00024,1.0000,0.0322,0.097,0.007
1349,86336,orientation_ring_D0,0.00021,1.0000,0.0166,0.102,0.008
1350,86400,orientation_ring_D0,0.00044,1.0000,0.1704,0.094,0.009
1351,86464,orientation_ring_D0,0.00029,1.0000,0.0492,0.083,0.007
1352,86528,orientation_ring_D0,0.03697,0.9844,13.2233,0.082,0.007
1353,86592,orientation_ring_D0,0.00015,1.0000,0.0068,0.084,0.006
1354,86656,orientation_ring_D0,0.00035,1.0000,0.0825,0.084,0.005
1355,86720,orientation_ring_D0,0.00059,1.0000,0.2918,0.080,0.008
1356,86784,orientation_ring_D0,0.00033,1.0000,0.0434,0.083,0.006
1357,86848,orientation_ring_D0,0.01689,0.9844,9.5867,0.090,0.008
1358,86912,orientation_ring_D0,0.00282,1.0000,2.2519,0.094,0.010
1359,86976,orientation_ring_D0,0.00030,1.0000,0.0268,0.101,0.008
1360,87040,orientation_ring_D0,0.06575,0.9844,11.7276,0.079,0.005
1361,87104,orientation_ring_D0,0.00028,1.0000,0.0523,0.087,0.005
1362,87168,orientation_ring_D0,0.00053,1.0000,0.1783,0.086,0.008
1363,87232,orientation_ring_D0,0.00037,1.0000,0.0933,0.078,0.005
1364,87296,orientation_ring_D0,0.00360,1.0000,2.6676,0.079,0.005
1365,87360,orientation_ring_D0,0.00040,1.0000,0.1128,0.080,0.008
1366,87424,orientation_ring_D0,0.00099,1.0000,0.5454,0.079,0.005
1367,87488,orientation_ring_D0,0.00026,1.0000,0.0274,0.078,0.005
1368,87552,orientation_ring_D0,0.00989,1.0000,6.7072,0.071,0.007
1369,87616,orientation_ring_D0,0.00062,1.0000,0.1755,0.089,0.006
1370,87680,orientation_ring_D0,0.00035,1.0000,0.0385,0.084,0.004
1371,87744,orientation_ring_D0,0.00096,1.0000,0.2360,0.085,0.005
1372,87808,orientation_ring_D0,0.00171,1.0000,0.6568,0.090,0.007
1373,87872,orientation_ring_D0,0.00074,1.0000,0.3282,0.083,0.007
1374,87936,orientation_ring_D0,0.04673,0.9844,12.2453,0.079,0.005
1375,88000,orientation_ring_D0,0.00083,1.0000,0.2019,0.079,0.005
1376,88064,orientation_ring_D0,0.00071,1.0000,0.2311,0.078,0.006
1377,88128,orientation_ring_D0,0.00030,1.0000,0.0266,0.078,0.005
1378,88192,orientation_ring_D0,0.00027,1.0000,0.0242,0.053,0.005
1379,88256,orientation_ring_D0,0.00022,1.0000,0.0089,0.055,0.005
1380,88320,orientation_ring_D0,0.00752,1.0000,4.1719,0.063,0.005
1381,88384,orientation_ring_D0,0.00039,1.0000,0.0333,0.058,0.005
1382,88448,orientation_ring_D0,0.00037,1.0000,0.0305,0.057,0.005
1383,88512,orientation_ring_D0,0.00989,1.0000,6.1900,0.062,0.005
1384,88576,orientation_ring_D0,0.00093,1.0000,0.4444,0.072,0.006
1385,88640,orientation_ring_D0,0.00050,1.0000,0.2283,0.058,0.005
1386,88704,orientation_ring_D0,0.00115,1.0000,0.6150,0.060,0.005
1387,88768,orientation_ring_D0,0.00044,1.0000,0.1400,0.066,0.006
1388,88832,orientation_ring_D0,0.00024,1.0000,0.0152,0.058,0.005
1389,88896,orientation_ring_D0,0.01334,0.9844,7.9047,0.059,0.005
1390,88960,orientation_ring_D0,0.00037,1.0000,0.0900,0.069,0.006
1391,89024,orientation_ring_D0,0.00061,1.0000,0.2643,0.058,0.005
1392,89088,orientation_ring_D0,0.03274,0.9844,12.6114,0.059,0.005
1393,89152,orientation_ring_D0,0.00036,1.0000,0.0612,0.076,0.006
1394,89216,orientation_ring_D0,0.00306,1.0000,2.3354,0.063,0.005
1395,89280,orientation_ring_D0,0.00056,1.0000,0.1853,0.058,0.005
1396,89344,orientation_ring_D0,0.00064,1.0000,0.2411,0.058,0.005
1397,89408,orientation_ring_D0,0.00032,1.0000,0.0382,0.067,0.005
1398,89472,orientation_ring_D0,0.00428,1.0000,3.0579,0.081,0.008
1399,89536,orientation_ring_D0,0.00045,1.0000,0.1029,0.064,0.008
1400,89600,orientation_ring_D0,0.00132,1.0000,0.6753,0.061,0.005
1401,89664,orientation_ring_D0,0.00096,1.0000,0.2560,0.046,0.004
1402,89728,orientation_ring_D0,0.01176,0.9844,6.1603,0.050,0.004
1403,89792,orientation_ring_D0,0.03008,0.9844,8.7671,0.056,0.005
1404,89856,orientation_ring_D0,0.03274,0.9844,11.8470,0.063,0.005
1405,89920,orientation_ring_D0,0.00173,1.0000,0.5875,0.066,0.006
1406,89984,orientation_ring_D0,0.00029,1.0000,0.0451,0.080,0.005
1407,90048,orientation_ring_D0,0.01605,0.9844,6.5527,0.064,0.005
1408,90112,orientation_ring_D0,0.00033,1.0000,0.0545,0.060,0.005
1409,90176,orientation_ring_D0,0.04650,0.9844,11.6960,0.058,0.005
1410,90240,orientation_ring_D0,0.00355,1.0000,2.1899,0.058,0.005
1411,90304,orientation_ring_D0,0.01487,0.9844,7.4560,0.068,0.006
1412,90368,orientation_ring_D0,0.00031,1.0000,0.0394,0.081,0.005
1413,90432,orientation_ring_D0,0.00027,1.0000,0.0242,0.078,0.006
1414,90496,orientation_ring_D0,0.00069,1.0000,0.3327,0.072,0.006
1415,90560,orientation_ring_D0,0.00133,1.0000,0.7471,0.073,0.005
1416,90624,orientation_ring_D0,0.00026,1.0000,0.0267,0.073,0.005
1417,90688,orientation_ring_D0,0.00049,1.0000,0.1912,0.067,0.006
1418,90752,orientation_ring_D0,0.00023,1.0000,0.0229,0.076,0.006
1419,90816,orientation_ring_D0,0.00041,1.0000,0.0550,0.068,0.005
1420,90880,orientation_ring_D0,0.00046,1.0000,0.0956,0.057,0.005
1421,90944,orientation_ring_D0,0.00020,1.0000,0.0216,0.058,0.005
1422,91008,orientation_ring_D0,0.00022,1.0000,0.0288,0.058,0.005
1423,91072,orientation_ring_D0,0.00060,1.0000,0.2005,0.058,0.005
1424,91136,orientation_ring_D0,0.00029,1.0000,0.0969,0.066,0.005
1425,91200,orientation_ring_D0,0.00025,1.0000,0.0328,0.070,0.006
1426,91264,orientation_ring_D0,0.00132,1.0000,0.6262,0.080,0.005
1427,91328,orientation_ring_D0,0.00064,1.0000,0.3227,0.082,0.005
1428,91392,orientation_ring_D0,0.00258,1.0000,1.6753,0.076,0.005
1429,91456,orientation_ring_D0,0.00062,1.0000,0.1620,0.066,0.005
1430,91520,orientation_ring_D0,0.00032,1.0000,0.0533,0.060,0.005
1431,91584,orientation_ring_D0,0.00041,1.0000,0.1214,0.059,0.005
1432,91648,orientation_ring_D0,0.00063,1.0000,0.2355,0.058,0.005
1433,91712,orientation_ring_D0,0.00022,1.0000,0.0240,0.058,0.005
1434,91776,orientation_ring_D0,0.01577,0.9844,8.6578,0.078,0.006
1435,91840,orientation_ring_D0,0.00065,1.0000,0.2257,0.064,0.006
1436,91904,orientation_ring_D0,0.00035,1.0000,0.0680,0.081,0.005
1437,91968,orientation_ring_D0,0.00021,1.0000,0.0351,0.078,0.005
1438,92032,orientation_ring_D0,0.00052,1.0000,0.2044,0.080,0.005
1439,92096,orientation_ring_D0,0.00039,1.0000,0.0793,0.057,0.005
1440,92160,orientation_ring_D0,0.00052,1.0000,0.1521,0.057,0.005
1441,92224,orientation_ring_D0,0.01335,1.0000,8.3283,0.058,0.005
1442,92288,orientation_ring_D0,0.00018,1.0000,0.0230,0.058,0.005
1443,92352,orientation_ring_D0,0.00860,1.0000,5.4665,0.062,0.005
1444,92416,orientation_ring_D0,0.00019,1.0000,0.0142,0.077,0.006
1445,92480,orientation_ring_D0,0.00035,1.0000,0.0807,0.064,0.006
1446,92544,orientation_ring_D0,0.00024,1.0000,0.0408,0.076,0.005
1447,92608,orientation_ring_D0,0.00103,1.0000,0.6861,0.078,0.005
1448,92672,orientation_ring_D0,0.00017,1.0000,0.0097,0.078,0.005
1449,92736,orientation_ring_D0,0.00025,1.0000,0.0250,0.057,0.005
1450,92800,orientation_ring_D0,0.00029,1.0000,0.0388,0.056,0.005
1451,92864,orientation_ring_D0,0.00075,1.0000,0.4410,0.057,0.005
1452,92928,orientation_ring_D0,0.00066,1.0000,0.4001,0.058,0.005
1453,92992,orientation_ring_D0,0.00040,1.0000,0.0953,0.066,0.005
1454,93056,orientation_ring_D0,0.00016,1.0000,0.0187,0.070,0.006
1455,93120,orientation_ring_D0,0.00062,1.0000,0.3040,0.070,0.005
1456,93184,orientation_ring_D0,0.00082,1.0000,0.5350,0.076,0.005
1457,93248,orientation_ring_D0,0.00041,1.0000,0.0977,0.077,0.005
1458,93312,orientation_ring_D0,0.00034,1.0000,0.1092,0.077,0.005
1459,93376,orientation_ring_D0,0.00033,1.0000,0.0973,0.060,0.005
1460,93440,orientation_ring_D0,0.03941,0.9844,14.5117,0.081,0.006
1461,93504,orientation_ring_D0,0.00097,1.0000,0.5988,0.081,0.005
1462,93568,orientation_ring_D0,0.00143,1.0000,1.1847,0.084,0.006
1463,93632,orientation_ring_D0,0.00141,1.0000,0.5684,0.094,0.006
1464,93696,orientation_ring_D0,0.00016,1.0000,0.0072,0.109,0.006
1465,93760,orientation_ring_D0,0.02854,0.9844,9.1792,0.078,0.005
1466,93824,orientation_ring_D0,0.00016,1.0000,0.0140,0.076,0.005
1467,93888,orientation_ring_D0,0.00036,1.0000,0.0555,0.080,0.005
1468,93952,orientation_ring_D0,0.00026,1.0000,0.0570,0.073,0.005
1469,94016,orientation_ring_D0,0.00025,1.0000,0.0413,0.088,0.006
1470,94080,orientation_ring_D0,0.00042,1.0000,0.1509,0.091,0.005
1471,94144,orientation_ring_D0,0.00037,1.0000,0.0728,0.097,0.005
1472,94208,orientation_ring_D0,0.00020,1.0000,0.0130,0.095,0.006
1473,94272,orientation_ring_D0,0.00047,1.0000,0.1657,0.082,0.005
1474,94336,orientation_ring_D0,0.00055,1.0000,0.1064,0.090,0.007
1475,94400,orientation_ring_D0,0.00112,1.0000,0.3381,0.078,0.006
1476,94464,orientation_ring_D0,0.00195,1.0000,1.5014,0.087,0.007
1477,94528,orientation_ring_D0,0.00188,1.0000,0.9404,0.083,0.005
1478,94592,orientation_ring_D0,0.01185,0.9844,7.0001,0.068,0.006
1479,94656,orientation_ring_D0,0.00663,1.0000,4.7713,0.100,0.008
1480,94720,orientation_ring_D0,0.00042,1.0000,0.1119,0.089,0.008
1481,94784,orientation_ring_D0,0.00030,1.0000,0.0477,0.092,0.009
1482,94848,orientation_ring_D0,0.00032,1.0000,0.0466,0.079,0.005
1483,94912,orientation_ring_D0,0.01296,0.9844,10.6918,0.085,0.005
1484,94976,orientation_ring_D0,0.00320,1.0000,2.0971,0.086,0.009
1485,95040,orientation_ring_D0,0.00026,1.0000,0.0387,0.110,0.008
1486,95104,orientation_ring_D0,0.00020,1.0000,0.0142,0.076,0.008
1487,95168,orientation_ring_D0,0.00249,1.0000,1.2964,0.084,0.005
1488,95232,orientation_ring_D0,0.00038,1.0000,0.0661,0.097,0.005
1489,95296,orientation_ring_D0,0.00021,1.0000,0.0259,0.097,0.008
1490,95360,orientation_ring_D0,0.00026,1.0000,0.0558,0.095,0.008
1491,95424,orientation_ring_D0,0.00033,1.0000,0.0454,0.078,0.005
1492,95488,orientation_ring_D0,0.04964,0.9844,11.2940,0.079,0.009
1493,95552,orientation_ring_D0,0.06290,0.9844,11.5056,0.116,0.007
1494,95616,orientation_ring_D0,0.00033,1.0000,0.0739,0.099,0.009
1495,95680,orientation_ring_D0,0.00032,1.0000,0.0803,0.088,0.008
1496,95744,orientation_ring_D0,0.02782,0.9844,12.0359,0.076,0.005
1497,95808,orientation_ring_D0,0.00566,1.0000,4.1264,0.078,0.005
1498,95872,orientation_ring_D0,0.00075,1.0000,0.3614,0.078,0.008
1499,95936,orientation_ring_D0,0.00041,1.0000,0.0832,0.079,0.005
1500,96000,orientation_ring_D0,0.00278,1.0000,1.4455,0.087,0.007
1501,96064,orientation_ring_D0,0.00081,1.0000,0.3836,0.090,0.006
1502,96128,orientation_ring_D0,0.00046,1.0000,0.1389,0.061,0.004
1503,96192,orientation_ring_D0,0.00267,1.0000,1.6978,0.083,0.006
1504,96256,orientation_ring_D0,0.00041,1.0000,0.1185,0.081,0.005
1505,96320,orientation_ring_D0,0.00650,1.0000,4.5213,0.088,0.009
1506,96384,orientation_ring_D0,0.00583,1.0000,3.4174,0.108,0.010
1507,96448,orientation_ring_D0,0.00141,1.0000,0.6642,0.089,0.009
1508,96512,orientation_ring_D0,0.00030,1.0000,0.0417,0.081,0.005
1509,96576,orientation_ring_D0,0.00033,1.0000,0.0409,0.077,0.004
1510,96640,orientation_ring_D0,0.00126,1.0000,0.9560,0.077,0.004
1511,96704,orientation_ring_D0,0.00028,1.0000,0.0370,0.074,0.004
1512,96768,orientation_ring_D0,0.00028,1.0000,0.0595,0.096,0.011
1513,96832,orientation_ring_D0,0.00100,1.0000,0.3630,0.098,0.008
1514,96896,orientation_ring_D0,0.00037,1.0000,0.0644,0.079,0.006
1515,96960,orientation_ring_D0,0.00016,1.0000,0.0063,0.098,0.009
1516,97024,orientation_ring_D0,0.00022,1.0000,0.0181,0.077,0.005
1517,97088,orientation_ring_D0,0.00150,1.0000,0.7477,0.078,0.005
1518,97152,orientation_ring_D0,0.00054,1.0000,0.1667,0.081,0.005
1519,97216,orientation_ring_D0,0.00025,1.0000,0.0162,0.077,0.004
1520,97280,orientation_ring_D0,0.00028,1.0000,0.0358,0.092,0.004
1521,97344,orientation_ring_D0,0.00039,1.0000,0.0819,0.081,0.008
1522,97408,orientation_ring_D0,0.00106,1.0000,0.4643,0.083,0.005
1523,97472,orientation_ring_D0,0.00060,1.0000,0.1769,0.096,0.007
1524,97536,orientation_ring_D0,0.04390,0.9844,11.2719,0.083,0.006
1525,97600,orientation_ring_D0,0.00051,1.0000,0.1373,0.084,0.005
1526,97664,orientation_ring_D0,0.00049,1.0000,0.1853,0.095,0.010
1527,97728,orientation_ring_D0,0.00034,1.0000,0.0818,0.085,0.005
1528,97792,orientation_ring_D0,0.00018,1.0000,0.0116,0.097,0.007
1529,97856,orientation_ring_D0,0.00028,1.0000,0.0617,0.079,0.006
1530,97920,orientation_ring_D0,0.06325,0.9844,10.8295,0.077,0.005
1531,97984,orientation_ring_D0,0.00134,1.0000,0.7420,0.105,0.010
1532,98048,orientation_ring_D0,0.00043,1.0000,0.0759,0.097,0.007
1533,98112,orientation_ring_D0,0.00018,1.0000,0.0134,0.113,0.008
1534,98176,orientation_ring_D0,0.00049,1.0000,0.1641,0.072,0.007
1535,98240,orientation_ring_D0,0.00028,1.0000,0.0358,0.085,0.006
1536,98304,orientation_ring_D0,0.00033,1.0000,0.0404,0.088,0.009
1537,98368,orientation_ring_D0,0.00036,1.0000,0.0891,0.083,0.005
1538,98432,orientation_ring_D0,0.00027,1.0000,0.0206,0.083,0.007
1539,98496,orientation_ring_D0,0.00030,1.0000,0.0346,0.097,0.009
1540,98560,orientation_ring_D0,0.00116,1.0000,0.3564,0.097,0.011
1541,98624,orientation_ring_D0,0.00449,1.0000,3.3420,0.094,0.008
1542,98688,orientation_ring_D0,0.00042,1.0000,0.0876,0.106,0.009
1543,98752,orientation_ring_D0,0.00549,1.0000,2.9731,0.085,0.008
1544,98816,orientation_ring_D0,0.00042,1.0000,0.1136,0.103,0.009
1545,98880,orientation_ring_D0,0.00276,1.0000,1.0060,0.105,0.009
1546,98944,orientation_ring_D0,0.00058,1.0000,0.1164,0.095,0.009
1547,99008,orientation_ring_D0,0.00026,1.0000,0.0221,0.083,0.007
1548,99072,orientation_ring_D0,0.00074,1.0000,0.1827,0.076,0.005
1549,99136,orientation_ring_D0,0.00434,1.0000,2.6545,0.077,0.005
1550,99200,orientation_ring_D0,0.00099,1.0000,0.3648,0.079,0.005
1551,99264,orientation_ring_D0,0.00019,1.0000,0.0136,0.078,0.005
1552,99328,orientation_ring_D0,0.00038,1.0000,0.0646,0.080,0.005
1553,99392,orientation_ring_D0,0.00042,1.0000,0.1601,0.076,0.005
1554,99456,orientation_ring_D0,0.00027,1.0000,0.0450,0.065,0.005
1555,99520,orientation_ring_D0,0.00029,1.0000,0.0692,0.089,0.008
1556,99584,orientation_ring_D0,0.00034,1.0000,0.0736,0.097,0.005
1557,99648,orientation_ring_D0,0.00021,1.0000,0.0205,0.085,0.005
1558,99712,orientation_ring_D0,0.00194,1.0000,1.1568,0.091,0.009
1559,99776,orientation_ring_D0,0.00032,1.0000,0.1034,0.078,0.007
1560,99840,orientation_ring_D0,0.00028,1.0000,0.0476,0.077,0.005
1561,99904,orientation_ring_D0,0.00018,1.0000,0.0226,0.076,0.005
1562,99968,orientation_ring_D0,0.00015,1.0000,0.0073,0.077,0.005
1563,100032,orientation_ring_D0,0.00022,1.0000,0.0430,0.058,0.005
