update,episodes,cell,loss,accuracy,grad_norm,seconds,wait_seconds
1,64,orientation_cued_D4,0.17448,0.9375,72.9079,0.665,1.170
2,128,orientation_cued_D0,0.00014,1.0000,0.0132,0.058,0.007
3,192,orientation_cued_D2,0.00018,1.0000,0.0257,0.087,0.004
4,256,orientation_cued_D0,0.00629,1.0000,3.0977,0.063,0.006
5,320,orientation_cued_D4,0.16105,0.9375,20.2974,0.135,0.004
6,384,orientation_cued_D2,0.00035,1.0000,0.0734,0.082,0.008
7,448,orientation_cued_D0,0.00014,1.0000,0.0156,0.065,0.005
8,512,orientation_cued_D2,0.00024,1.0000,0.0410,0.092,0.004
9,576,orientation_cued_D4,0.00476,1.0000,3.0149,0.115,0.006
10,640,orientation_cued_D0,0.00011,1.0000,0.0056,0.065,0.007
11,704,orientation_cued_D2,0.01676,0.9844,7.7951,0.089,0.004
12,768,orientation_cued_D4,0.02886,1.0000,9.2235,0.118,0.007
13,832,orientation_cued_D0,0.00015,1.0000,0.0070,0.064,0.007
14,896,orientation_cued_D2,0.03847,0.9844,14.5671,0.088,0.004
15,960,orientation_cued_D4,0.00065,1.0000,0.3321,0.111,0.006
16,1024,orientation_cued_D0,0.00011,1.0000,0.0036,0.063,0.007
17,1088,orientation_cued_D2,0.00893,1.0000,4.3926,0.091,0.007
18,1152,orientation_cued_D4,0.00037,1.0000,0.1129,0.115,0.005
19,1216,orientation_cued_D0,0.00012,1.0000,0.0046,0.063,0.007
20,1280,orientation_cued_D2,0.00083,1.0000,0.3547,0.091,0.006
21,1344,orientation_cued_D4,0.00768,1.0000,3.4113,0.111,0.006
22,1408,orientation_cued_D0,0.00016,1.0000,0.0192,0.063,0.007
23,1472,orientation_cued_D2,0.00112,1.0000,0.3763,0.090,0.006
24,1536,orientation_cued_D4,0.00379,1.0000,1.1273,0.110,0.005
25,1600,orientation_cued_D0,0.00024,1.0000,0.0317,0.064,0.007
26,1664,orientation_cued_D2,0.00047,1.0000,0.1312,0.099,0.007
27,1728,orientation_cued_D4,0.01786,1.0000,8.7819,0.120,0.006
28,1792,orientation_cued_D0,0.00027,1.0000,0.0454,0.071,0.007
29,1856,orientation_cued_D2,0.01373,0.9844,6.8344,0.106,0.004
30,1920,orientation_cued_D4,0.01178,1.0000,5.3627,0.115,0.006
31,1984,orientation_cued_D0,0.00014,1.0000,0.0092,0.065,0.008
32,2048,orientation_cued_D2,0.00014,1.0000,0.0077,0.090,0.004
33,2112,orientation_cued_D4,0.00075,1.0000,0.2233,0.115,0.010
34,2176,orientation_cued_D0,0.00016,1.0000,0.0155,0.064,0.007
35,2240,orientation_cued_D2,0.00019,1.0000,0.0250,0.088,0.004
36,2304,orientation_cued_D4,0.02203,0.9844,14.1000,0.115,0.010
37,2368,orientation_cued_D0,0.00012,1.0000,0.0047,0.063,0.007
38,2432,orientation_cued_D2,0.00012,1.0000,0.0039,0.090,0.004
39,2496,orientation_cued_D4,0.00019,1.0000,0.0120,0.118,0.010
40,2560,orientation_cued_D0,0.00012,1.0000,0.0058,0.063,0.008
41,2624,orientation_cued_D2,0.00010,1.0000,0.0033,0.088,0.004
42,2688,orientation_cued_D4,0.00048,1.0000,0.2727,0.115,0.010
43,2752,orientation_cued_D0,0.00010,1.0000,0.0033,0.063,0.008
44,2816,orientation_cued_D2,0.00011,1.0000,0.0039,0.088,0.004
45,2880,orientation_cued_D4,0.00024,1.0000,0.1241,0.115,0.010
46,2944,orientation_cued_D0,0.00314,1.0000,3.4724,0.063,0.007
47,3008,orientation_cued_D2,0.00011,1.0000,0.0035,0.088,0.004
48,3072,orientation_cued_D4,0.00015,1.0000,0.0255,0.119,0.010
49,3136,orientation_cued_D0,0.00010,1.0000,0.0026,0.067,0.008
50,3200,orientation_cued_D2,0.00013,1.0000,0.0063,0.090,0.004
51,3264,orientation_cued_D4,0.00014,1.0000,0.0093,0.112,0.006
52,3328,orientation_cued_D0,0.00009,1.0000,0.0020,0.064,0.007
53,3392,orientation_cued_D2,0.00052,1.0000,0.2163,0.089,0.004
54,3456,orientation_cued_D4,0.00015,1.0000,0.0377,0.112,0.006
55,3520,orientation_cued_D0,0.00009,1.0000,0.0028,0.063,0.007
56,3584,orientation_cued_D2,0.00011,1.0000,0.0033,0.089,0.004
57,3648,orientation_cued_D4,0.00033,1.0000,0.2142,0.111,0.006
58,3712,orientation_cued_D0,0.00010,1.0000,0.0039,0.063,0.007
59,3776,orientation_cued_D2,0.00043,1.0000,0.2008,0.091,0.004
60,3840,orientation_cued_D4,0.00016,1.0000,0.0448,0.117,0.010
61,3904,orientation_cued_D0,0.00011,1.0000,0.0068,0.063,0.008
62,3968,orientation_cued_D2,0.00063,1.0000,0.2564,0.089,0.004
63,4032,orientation_cued_D4,0.00045,1.0000,0.2204,0.114,0.009
64,4096,orientation_cued_D0,0.00010,1.0000,0.0041,0.063,0.007
65,4160,orientation_cued_D2,0.00010,1.0000,0.0025,0.088,0.004
66,4224,orientation_cued_D4,0.00017,1.0000,0.0277,0.115,0.010
67,4288,orientation_cued_D0,0.00018,1.0000,0.0409,0.063,0.007
68,4352,orientation_cued_D2,0.00016,1.0000,0.0176,0.088,0.004
69,4416,orientation_cued_D4,0.00028,1.0000,0.1191,0.119,0.009
70,4480,orientation_cued_D0,0.00009,1.0000,0.0026,0.065,0.008
71,4544,orientation_cued_D2,0.00226,1.0000,1.2649,0.091,0.004
72,4608,orientation_cued_D4,0.00011,1.0000,0.0048,0.116,0.010
73,4672,orientation_cued_D0,0.00010,1.0000,0.0036,0.063,0.008
74,4736,orientation_cued_D2,0.00885,1.0000,12.2436,0.089,0.004
75,4800,orientation_cued_D4,0.00017,1.0000,0.0390,0.111,0.006
76,4864,orientation_cued_D0,0.00010,1.0000,0.0032,0.063,0.007
77,4928,orientation_cued_D2,0.00010,1.0000,0.0030,0.088,0.004
78,4992,orientation_cued_D4,0.00019,1.0000,0.0291,0.111,0.006
79,5056,orientation_cued_D0,0.00011,1.0000,0.0050,0.063,0.007
80,5120,orientation_cued_D2,0.00012,1.0000,0.0117,0.100,0.004
81,5184,orientation_cued_D4,0.00016,1.0000,0.0248,0.113,0.006
82,5248,orientation_cued_D0,0.00010,1.0000,0.0047,0.067,0.008
83,5312,orientation_cued_D2,0.00041,1.0000,0.2345,0.097,0.004
84,5376,orientation_cued_D4,0.00013,1.0000,0.0072,0.122,0.006
85,5440,orientation_cued_D0,0.00012,1.0000,0.0092,0.069,0.008
86,5504,orientation_cued_D2,0.00012,1.0000,0.0043,0.093,0.004
87,5568,orientation_cued_D4,0.00018,1.0000,0.0360,0.113,0.006
88,5632,orientation_cued_D0,0.00014,1.0000,0.0163,0.064,0.007
89,5696,orientation_cued_D2,0.00012,1.0000,0.0104,0.089,0.004
90,5760,orientation_cued_D4,0.00017,1.0000,0.0170,0.117,0.006
91,5824,orientation_cued_D0,0.00012,1.0000,0.0065,0.065,0.007
92,5888,orientation_cued_D2,0.00015,1.0000,0.0281,0.090,0.004
93,5952,orientation_cued_D4,0.06400,0.9844,32.9688,0.111,0.006
94,6016,orientation_cued_D0,0.00010,1.0000,0.0051,0.063,0.007
95,6080,orientation_cued_D2,0.00011,1.0000,0.0035,0.089,0.004
96,6144,orientation_cued_D4,0.00019,1.0000,0.0365,0.112,0.006
97,6208,orientation_cued_D0,0.00010,1.0000,0.0034,0.063,0.007
98,6272,orientation_cued_D2,0.00014,1.0000,0.0105,0.087,0.004
99,6336,orientation_cued_D4,0.00025,1.0000,0.0582,0.111,0.006
100,6400,orientation_cued_D0,0.00010,1.0000,0.0042,0.062,0.007
101,6464,orientation_cued_D2,0.00012,1.0000,0.0038,0.092,0.004
102,6528,orientation_cued_D4,0.01134,1.0000,10.8352,0.116,0.006
103,6592,orientation_cued_D0,0.00010,1.0000,0.0048,0.066,0.007
104,6656,orientation_cued_D2,0.00051,1.0000,0.4610,0.088,0.004
105,6720,orientation_cued_D4,0.00351,1.0000,2.9380,0.111,0.006
106,6784,orientation_cued_D0,0.00012,1.0000,0.0047,0.063,0.008
107,6848,orientation_cued_D2,0.01591,0.9844,8.4394,0.090,0.004
108,6912,orientation_cued_D4,0.00032,1.0000,0.0509,0.110,0.006
109,6976,orientation_cued_D0,0.00012,1.0000,0.0068,0.063,0.007
110,7040,orientation_cued_D2,0.00032,1.0000,0.0983,0.092,0.004
111,7104,orientation_cued_D4,0.00019,1.0000,0.0192,0.112,0.007
112,7168,orientation_cued_D0,0.00111,1.0000,1.0540,0.066,0.010
113,7232,orientation_cued_D2,0.00030,1.0000,0.0818,0.089,0.004
114,7296,orientation_cued_D4,0.00040,1.0000,0.1359,0.154,0.006
115,7360,orientation_cued_D0,0.00330,1.0000,2.1529,0.062,0.008
116,7424,orientation_cued_D2,0.00048,1.0000,0.1471,0.087,0.004
117,7488,orientation_cued_D4,0.00106,1.0000,0.4184,0.110,0.006
118,7552,orientation_cued_D0,0.00017,1.0000,0.0278,0.062,0.007
119,7616,orientation_cued_D2,0.00023,1.0000,0.0258,0.087,0.004
120,7680,orientation_cued_D4,0.00026,1.0000,0.0927,0.110,0.006
121,7744,orientation_cued_D0,0.00011,1.0000,0.0057,0.062,0.007
122,7808,orientation_cued_D2,0.00019,1.0000,0.0146,0.090,0.004
123,7872,orientation_cued_D4,0.00021,1.0000,0.0471,0.113,0.007
124,7936,orientation_cued_D0,0.00193,1.0000,2.0166,0.063,0.007
125,8000,orientation_cued_D2,0.00013,1.0000,0.0063,0.088,0.004
126,8064,orientation_cued_D4,0.00018,1.0000,0.0122,0.111,0.006
127,8128,orientation_cued_D0,0.00010,1.0000,0.0031,0.062,0.007
128,8192,orientation_cued_D2,0.00014,1.0000,0.0071,0.088,0.004
129,8256,orientation_cued_D4,0.00053,1.0000,0.2117,0.111,0.006
130,8320,orientation_cued_D0,0.00011,1.0000,0.0050,0.063,0.008
131,8384,orientation_cued_D2,0.00012,1.0000,0.0043,0.087,0.004
132,8448,orientation_cued_D4,0.00043,1.0000,0.1892,0.124,0.006
133,8512,orientation_cued_D0,0.00010,1.0000,0.0038,0.064,0.008
134,8576,orientation_cued_D2,0.00019,1.0000,0.0171,0.088,0.004
135,8640,orientation_cued_D4,0.00011,1.0000,0.0043,0.111,0.006
136,8704,orientation_cued_D0,0.00011,1.0000,0.0043,0.063,0.007
137,8768,orientation_cued_D2,0.00022,1.0000,0.0785,0.089,0.004
138,8832,orientation_cued_D4,0.00023,1.0000,0.0726,0.111,0.007
139,8896,orientation_cued_D0,0.00010,1.0000,0.0039,0.065,0.007
140,8960,orientation_cued_D2,0.00013,1.0000,0.0048,0.095,0.004
141,9024,orientation_cued_D4,0.00039,1.0000,0.4401,0.123,0.011
142,9088,orientation_cued_D0,0.00010,1.0000,0.0035,0.067,0.008
143,9152,orientation_cued_D2,0.00013,1.0000,0.0056,0.103,0.006
144,9216,orientation_cued_D4,0.00032,1.0000,0.1354,0.115,0.010
145,9280,orientation_cued_D0,0.00012,1.0000,0.0056,0.063,0.007
146,9344,orientation_cued_D2,0.00021,1.0000,0.0539,0.087,0.004
147,9408,orientation_cued_D4,0.00014,1.0000,0.0065,0.113,0.006
148,9472,orientation_cued_D0,0.00010,1.0000,0.0039,0.062,0.007
149,9536,orientation_cued_D2,0.00019,1.0000,0.0528,0.088,0.004
150,9600,orientation_cued_D4,0.00015,1.0000,0.0086,0.117,0.010
151,9664,orientation_cued_D0,0.00011,1.0000,0.0043,0.062,0.007
152,9728,orientation_cued_D2,0.00012,1.0000,0.0037,0.088,0.004
153,9792,orientation_cued_D4,0.00014,1.0000,0.0049,0.121,0.006
154,9856,orientation_cued_D0,0.00010,1.0000,0.0041,0.065,0.007
155,9920,orientation_cued_D2,0.00015,1.0000,0.0106,0.090,0.004
156,9984,orientation_cued_D4,0.00013,1.0000,0.0177,0.115,0.010
157,10048,orientation_cued_D0,0.00010,1.0000,0.0036,0.063,0.007
158,10112,orientation_cued_D2,0.00011,1.0000,0.0041,0.089,0.004
159,10176,orientation_cued_D4,0.00015,1.0000,0.0221,0.115,0.010
160,10240,orientation_cued_D0,0.00011,1.0000,0.0037,0.062,0.007
161,10304,orientation_cued_D2,0.00010,1.0000,0.0031,0.088,0.004
162,10368,orientation_cued_D4,0.00013,1.0000,0.0066,0.113,0.010
163,10432,orientation_cued_D0,0.00010,1.0000,0.0035,0.065,0.007
164,10496,orientation_cued_D2,0.00012,1.0000,0.0043,0.091,0.004
165,10560,orientation_cued_D4,0.00023,1.0000,0.0701,0.115,0.011
166,10624,orientation_cued_D0,0.00008,1.0000,0.0022,0.063,0.007
167,10688,orientation_cued_D2,0.00141,1.0000,1.0019,0.089,0.004
168,10752,orientation_cued_D4,0.00025,1.0000,0.0698,0.116,0.010
169,10816,orientation_cued_D0,0.00022,1.0000,0.0872,0.062,0.008
170,10880,orientation_cued_D2,0.00183,1.0000,1.8435,0.092,0.004
171,10944,orientation_cued_D4,0.00021,1.0000,0.0983,0.115,0.009
172,11008,orientation_cued_D0,0.00009,1.0000,0.0031,0.062,0.007
173,11072,orientation_cued_D2,0.00010,1.0000,0.0027,0.091,0.004
174,11136,orientation_cued_D4,0.00020,1.0000,0.0680,0.119,0.009
175,11200,orientation_cued_D0,0.00020,1.0000,0.1021,0.062,0.007
176,11264,orientation_cued_D2,0.00010,1.0000,0.0029,0.088,0.004
177,11328,orientation_cued_D4,0.00011,1.0000,0.0033,0.115,0.010
178,11392,orientation_cued_D0,0.00008,1.0000,0.0023,0.063,0.007
179,11456,orientation_cued_D2,0.00010,1.0000,0.0034,0.088,0.004
180,11520,orientation_cued_D4,0.00012,1.0000,0.0078,0.114,0.010
181,11584,orientation_cued_D0,0.00009,1.0000,0.0027,0.061,0.007
182,11648,orientation_cued_D2,0.00010,1.0000,0.0027,0.087,0.004
183,11712,orientation_cued_D4,0.00015,1.0000,0.0098,0.113,0.010
184,11776,orientation_cued_D0,0.00009,1.0000,0.0060,0.065,0.007
185,11840,orientation_cued_D2,0.00009,1.0000,0.0024,0.090,0.004
186,11904,orientation_cued_D4,0.00013,1.0000,0.0118,0.115,0.009
187,11968,orientation_cued_D0,0.00010,1.0000,0.0131,0.062,0.007
188,12032,orientation_cued_D2,0.00010,1.0000,0.0028,0.089,0.004
189,12096,orientation_cued_D4,0.00012,1.0000,0.0076,0.115,0.010
190,12160,orientation_cued_D0,0.00008,1.0000,0.0024,0.063,0.008
191,12224,orientation_cued_D2,0.00009,1.0000,0.0029,0.093,0.004
192,12288,orientation_cued_D4,0.00011,1.0000,0.0094,0.111,0.006
193,12352,orientation_cued_D0,0.00009,1.0000,0.0052,0.062,0.007
194,12416,orientation_cued_D2,0.00009,1.0000,0.0025,0.087,0.004
195,12480,orientation_cued_D4,0.00015,1.0000,0.0275,0.128,0.010
196,12544,orientation_cued_D0,0.00008,1.0000,0.0021,0.064,0.008
197,12608,orientation_cued_D2,0.00009,1.0000,0.0029,0.089,0.004
198,12672,orientation_cued_D4,0.00013,1.0000,0.0277,0.123,0.007
199,12736,orientation_cued_D0,0.00010,1.0000,0.0238,0.070,0.008
200,12800,orientation_cued_D2,0.00009,1.0000,0.0031,0.094,0.004
201,12864,orientation_cued_D4,0.00010,1.0000,0.0092,0.107,0.005
202,12928,orientation_cued_D0,0.00008,1.0000,0.0030,0.059,0.008
203,12992,orientation_cued_D2,0.00009,1.0000,0.0029,0.099,0.004
204,13056,orientation_cued_D4,0.00013,1.0000,0.0119,0.110,0.006
205,13120,orientation_cued_D0,0.00013,1.0000,0.0437,0.065,0.007
206,13184,orientation_cued_D2,0.00010,1.0000,0.0027,0.095,0.007
207,13248,orientation_cued_D4,0.00017,1.0000,0.0289,0.111,0.006
208,13312,orientation_cued_D0,0.00008,1.0000,0.0029,0.063,0.007
209,13376,orientation_cued_D2,0.00009,1.0000,0.0029,0.089,0.004
210,13440,orientation_cued_D4,0.00110,1.0000,1.0171,0.117,0.006
211,13504,orientation_cued_D0,0.00009,1.0000,0.0061,0.071,0.007
212,13568,orientation_cued_D2,0.00009,1.0000,0.0027,0.090,0.004
213,13632,orientation_cued_D4,0.00016,1.0000,0.0129,0.113,0.006
214,13696,orientation_cued_D0,0.00008,1.0000,0.0026,0.063,0.007
215,13760,orientation_cued_D2,0.00009,1.0000,0.0023,0.089,0.004
216,13824,orientation_cued_D4,0.00011,1.0000,0.0070,0.133,0.006
217,13888,orientation_cued_D0,0.00008,1.0000,0.0028,0.071,0.013
218,13952,orientation_cued_D2,0.00009,1.0000,0.0025,0.089,0.004
219,14016,orientation_cued_D4,0.00014,1.0000,0.0289,0.137,0.010
220,14080,orientation_cued_D0,0.00008,1.0000,0.0021,0.064,0.009
221,14144,orientation_cued_D2,0.00009,1.0000,0.0030,0.088,0.004
222,14208,orientation_cued_D4,0.00022,1.0000,0.2057,0.110,0.006
223,14272,orientation_cued_D0,0.00011,1.0000,0.0109,0.063,0.007
224,14336,orientation_cued_D2,0.00009,1.0000,0.0031,0.089,0.004
225,14400,orientation_cued_D4,0.00015,1.0000,0.0133,0.112,0.006
226,14464,orientation_cued_D0,0.00008,1.0000,0.0033,0.067,0.007
227,14528,orientation_cued_D2,0.00013,1.0000,0.0225,0.090,0.004
228,14592,orientation_cued_D4,0.00010,1.0000,0.0036,0.112,0.005
229,14656,orientation_cued_D0,0.00007,1.0000,0.0019,0.063,0.008
230,14720,orientation_cued_D2,0.00010,1.0000,0.0034,0.089,0.004
231,14784,orientation_cued_D4,0.00012,1.0000,0.0162,0.112,0.006
232,14848,orientation_cued_D0,0.00007,1.0000,0.0030,0.067,0.007
233,14912,orientation_cued_D2,0.00009,1.0000,0.0036,0.095,0.004
234,14976,orientation_cued_D4,0.00031,1.0000,0.2416,0.122,0.006
235,15040,orientation_cued_D0,0.00007,1.0000,0.0027,0.068,0.008
236,15104,orientation_cued_D2,0.00008,1.0000,0.0024,0.117,0.004
237,15168,orientation_cued_D4,0.00010,1.0000,0.0036,0.117,0.006
238,15232,orientation_cued_D0,0.00009,1.0000,0.0060,0.066,0.008
239,15296,orientation_cued_D2,0.00009,1.0000,0.0032,0.090,0.004
240,15360,orientation_cued_D4,0.00013,1.0000,0.0263,0.120,0.006
241,15424,orientation_cued_D0,0.00007,1.0000,0.0017,0.064,0.007
242,15488,orientation_cued_D2,0.00009,1.0000,0.0030,0.088,0.004
243,15552,orientation_cued_D4,0.00009,1.0000,0.0095,0.110,0.006
244,15616,orientation_cued_D0,0.00007,1.0000,0.0021,0.062,0.007
245,15680,orientation_cued_D2,0.00011,1.0000,0.0044,0.088,0.004
246,15744,orientation_cued_D4,0.00010,1.0000,0.0066,0.112,0.006
247,15808,orientation_cued_D0,0.00007,1.0000,0.0020,0.065,0.008
248,15872,orientation_cued_D2,0.00009,1.0000,0.0031,0.088,0.004
249,15936,orientation_cued_D4,0.00011,1.0000,0.0081,0.116,0.007
250,16000,orientation_cued_D0,0.00007,1.0000,0.0018,0.065,0.007
251,16064,orientation_cued_D2,0.00008,1.0000,0.0051,0.092,0.004
252,16128,orientation_cued_D4,0.00011,1.0000,0.0259,0.112,0.006
253,16192,orientation_cued_D0,0.00006,1.0000,0.0015,0.063,0.007
254,16256,orientation_cued_D2,0.00009,1.0000,0.0030,0.085,0.004
255,16320,orientation_cued_D4,0.00009,1.0000,0.0024,0.116,0.007
256,16384,orientation_cued_D0,0.00007,1.0000,0.0051,0.062,0.007
257,16448,orientation_cued_D2,0.00009,1.0000,0.0021,0.090,0.004
258,16512,orientation_cued_D4,0.00010,1.0000,0.0050,0.117,0.007
259,16576,orientation_cued_D0,0.00030,1.0000,0.1971,0.062,0.007
260,16640,orientation_cued_D2,0.00009,1.0000,0.0050,0.086,0.004
261,16704,orientation_cued_D4,0.00010,1.0000,0.0072,0.118,0.007
262,16768,orientation_cued_D0,0.00007,1.0000,0.0062,0.063,0.007
263,16832,orientation_cued_D2,0.00008,1.0000,0.0039,0.087,0.004
264,16896,orientation_cued_D4,0.00009,1.0000,0.0027,0.113,0.007
265,16960,orientation_cued_D0,0.00007,1.0000,0.0017,0.064,0.008
266,17024,orientation_cued_D2,0.00008,1.0000,0.0022,0.088,0.004
267,17088,orientation_cued_D4,0.00009,1.0000,0.0039,0.112,0.006
268,17152,orientation_cued_D0,0.00006,1.0000,0.0013,0.066,0.008
269,17216,orientation_cued_D2,0.00008,1.0000,0.0028,0.090,0.004
270,17280,orientation_cued_D4,0.00008,1.0000,0.0032,0.111,0.005
271,17344,orientation_cued_D0,0.00007,1.0000,0.0026,0.063,0.007
272,17408,orientation_cued_D2,0.00008,1.0000,0.0026,0.089,0.004
273,17472,orientation_cued_D4,0.00013,1.0000,0.0119,0.111,0.006
274,17536,orientation_cued_D0,0.00007,1.0000,0.0017,0.063,0.007
275,17600,orientation_cued_D2,0.00007,1.0000,0.0018,0.088,0.004
276,17664,orientation_cued_D4,0.00012,1.0000,0.0259,0.111,0.006
277,17728,orientation_cued_D0,0.00006,1.0000,0.0015,0.063,0.007
278,17792,orientation_cued_D2,0.00008,1.0000,0.0018,0.100,0.004
279,17856,orientation_cued_D4,0.00010,1.0000,0.0082,0.112,0.006
280,17920,orientation_cued_D0,0.00008,1.0000,0.0055,0.062,0.007
281,17984,orientation_cued_D2,0.00008,1.0000,0.0027,0.088,0.004
282,18048,orientation_cued_D4,0.00013,1.0000,0.0403,0.111,0.006
283,18112,orientation_cued_D0,0.00007,1.0000,0.0021,0.063,0.007
284,18176,orientation_cued_D2,0.00008,1.0000,0.0020,0.088,0.004
285,18240,orientation_cued_D4,0.00011,1.0000,0.0078,0.111,0.006
286,18304,orientation_cued_D0,0.00007,1.0000,0.0089,0.062,0.007
287,18368,orientation_cued_D2,0.00007,1.0000,0.0019,0.088,0.004
288,18432,orientation_cued_D4,0.00012,1.0000,0.0202,0.113,0.005
289,18496,orientation_cued_D0,0.00006,1.0000,0.0013,0.068,0.007
290,18560,orientation_cued_D2,0.00007,1.0000,0.0022,0.095,0.004
291,18624,orientation_cued_D4,0.00008,1.0000,0.0022,0.122,0.006
292,18688,orientation_cued_D0,0.00006,1.0000,0.0015,0.068,0.007
293,18752,orientation_cued_D2,0.00007,1.0000,0.0021,0.099,0.004
294,18816,orientation_cued_D4,0.00009,1.0000,0.0058,0.118,0.010
295,18880,orientation_cued_D0,0.00006,1.0000,0.0013,0.064,0.008
296,18944,orientation_cued_D2,0.00007,1.0000,0.0021,0.087,0.004
297,19008,orientation_cued_D4,0.00008,1.0000,0.0037,0.113,0.009
298,19072,orientation_cued_D0,0.00006,1.0000,0.0024,0.063,0.007
299,19136,orientation_cued_D2,0.00007,1.0000,0.0020,0.092,0.004
300,19200,orientation_cued_D4,0.00008,1.0000,0.0033,0.123,0.010
301,19264,orientation_cued_D0,0.00006,1.0000,0.0014,0.061,0.008
302,19328,orientation_cued_D2,0.00007,1.0000,0.0016,0.087,0.004
303,19392,orientation_cued_D4,0.00007,1.0000,0.0027,0.117,0.009
304,19456,orientation_cued_D0,0.00006,1.0000,0.0014,0.063,0.007
305,19520,orientation_cued_D2,0.00009,1.0000,0.0141,0.089,0.004
306,19584,orientation_cued_D4,0.00009,1.0000,0.0036,0.118,0.009
307,19648,orientation_cued_D0,0.00006,1.0000,0.0015,0.062,0.008
308,19712,orientation_cued_D2,0.00008,1.0000,0.0031,0.089,0.004
309,19776,orientation_cued_D4,0.00010,1.0000,0.0138,0.113,0.006
310,19840,orientation_cued_D0,0.00363,1.0000,3.8064,0.066,0.007
311,19904,orientation_cued_D2,0.00008,1.0000,0.0104,0.089,0.004
312,19968,orientation_cued_D4,0.00012,1.0000,0.0193,0.112,0.006
313,20032,orientation_cued_D0,0.00006,1.0000,0.0014,0.063,0.007
314,20096,orientation_cued_D2,0.00007,1.0000,0.0019,0.089,0.004
315,20160,orientation_cued_D4,0.00009,1.0000,0.0066,0.110,0.006
316,20224,orientation_cued_D0,0.00007,1.0000,0.0018,0.062,0.007
317,20288,orientation_cued_D2,0.00008,1.0000,0.0057,0.087,0.004
318,20352,orientation_cued_D4,0.00011,1.0000,0.0230,0.110,0.007
319,20416,orientation_cued_D0,0.00006,1.0000,0.0019,0.062,0.007
320,20480,orientation_cued_D2,0.00009,1.0000,0.0046,0.092,0.004
321,20544,orientation_cued_D4,0.00009,1.0000,0.0056,0.112,0.006
322,20608,orientation_cued_D0,0.00007,1.0000,0.0029,0.063,0.007
323,20672,orientation_cued_D2,0.00011,1.0000,0.0112,0.088,0.004
324,20736,orientation_cued_D4,0.00016,1.0000,0.0457,0.111,0.006
325,20800,orientation_cued_D0,0.00009,1.0000,0.0093,0.063,0.007
326,20864,orientation_cued_D2,0.00009,1.0000,0.0075,0.087,0.004
327,20928,orientation_cued_D4,0.00030,1.0000,0.1135,0.110,0.006
328,20992,orientation_cued_D0,0.00007,1.0000,0.0032,0.062,0.007
329,21056,orientation_cued_D2,0.00008,1.0000,0.0055,0.087,0.004
330,21120,orientation_cued_D4,0.00011,1.0000,0.0139,0.111,0.006
331,21184,orientation_cued_D0,0.00006,1.0000,0.0019,0.066,0.007
332,21248,orientation_cued_D2,0.00009,1.0000,0.0080,0.088,0.004
333,21312,orientation_cued_D4,0.00014,1.0000,0.0254,0.111,0.006
334,21376,orientation_cued_D0,0.00007,1.0000,0.0025,0.063,0.007
335,21440,orientation_cued_D2,0.00008,1.0000,0.0033,0.090,0.004
336,21504,orientation_cued_D4,0.00035,1.0000,0.1868,0.110,0.006
337,21568,orientation_cued_D0,0.00012,1.0000,0.0354,0.062,0.007
338,21632,orientation_cued_D2,0.00009,1.0000,0.0127,0.087,0.004
339,21696,orientation_cued_D4,0.00018,1.0000,0.0591,0.110,0.006
340,21760,orientation_cued_D0,0.00015,1.0000,0.0826,0.062,0.007
341,21824,orientation_cued_D2,0.00169,1.0000,2.1258,0.093,0.004
342,21888,orientation_cued_D4,0.00008,1.0000,0.0042,0.120,0.010
343,21952,orientation_cued_D0,0.00006,1.0000,0.0014,0.064,0.008
344,22016,orientation_cued_D2,0.00006,1.0000,0.0017,0.089,0.004
345,22080,orientation_cued_D4,0.00014,1.0000,0.0573,0.115,0.010
346,22144,orientation_cued_D0,0.00005,1.0000,0.0012,0.064,0.008
347,22208,orientation_cued_D2,0.00007,1.0000,0.0020,0.093,0.004
348,22272,orientation_cued_D4,0.00007,1.0000,0.0058,0.118,0.010
349,22336,orientation_cued_D0,0.00006,1.0000,0.0016,0.068,0.007
350,22400,orientation_cued_D2,0.00006,1.0000,0.0015,0.096,0.004
351,22464,orientation_cued_D4,0.00015,1.0000,0.0812,0.127,0.010
352,22528,orientation_cued_D0,0.00005,1.0000,0.0012,0.065,0.008
353,22592,orientation_cued_D2,0.00006,1.0000,0.0016,0.089,0.004
354,22656,orientation_cued_D4,0.00023,1.0000,0.1243,0.114,0.010
355,22720,orientation_cued_D0,0.00007,1.0000,0.0111,0.063,0.008
356,22784,orientation_cued_D2,0.00006,1.0000,0.0017,0.089,0.004
357,22848,orientation_cued_D4,0.00007,1.0000,0.0064,0.113,0.009
358,22912,orientation_cued_D0,0.00005,1.0000,0.0010,0.062,0.007
359,22976,orientation_cued_D2,0.00006,1.0000,0.0012,0.089,0.004
360,23040,orientation_cued_D4,0.00007,1.0000,0.0056,0.113,0.010
361,23104,orientation_cued_D0,0.00005,1.0000,0.0011,0.063,0.008
362,23168,orientation_cued_D2,0.00006,1.0000,0.0015,0.095,0.004
363,23232,orientation_cued_D4,0.00007,1.0000,0.0022,0.121,0.009
364,23296,orientation_cued_D0,0.00006,1.0000,0.0034,0.068,0.007
365,23360,orientation_cued_D2,0.00006,1.0000,0.0013,0.090,0.004
366,23424,orientation_cued_D4,0.00006,1.0000,0.0027,0.116,0.009
367,23488,orientation_cued_D0,0.00006,1.0000,0.0066,0.064,0.007
368,23552,orientation_cued_D2,0.00006,1.0000,0.0014,0.088,0.004
369,23616,orientation_cued_D4,0.00015,1.0000,0.1021,0.115,0.010
370,23680,orientation_cued_D0,0.00005,1.0000,0.0011,0.063,0.007
371,23744,orientation_cued_D2,0.00005,1.0000,0.0012,0.088,0.004
372,23808,orientation_cued_D4,0.00009,1.0000,0.0346,0.119,0.009
373,23872,orientation_cued_D0,0.00005,1.0000,0.0010,0.064,0.008
374,23936,orientation_cued_D2,0.00006,1.0000,0.0012,0.089,0.004
375,24000,orientation_cued_D4,0.00007,1.0000,0.0074,0.116,0.010
376,24064,orientation_cued_D0,0.00005,1.0000,0.0017,0.064,0.008
377,24128,orientation_cued_D2,0.00005,1.0000,0.0012,0.089,0.004
378,24192,orientation_cued_D4,0.00005,1.0000,0.0015,0.115,0.009
379,24256,orientation_cued_D0,0.00005,1.0000,0.0011,0.063,0.007
380,24320,orientation_cued_D2,0.00006,1.0000,0.0013,0.088,0.004
381,24384,orientation_cued_D4,0.00006,1.0000,0.0013,0.114,0.010
382,24448,orientation_cued_D0,0.00005,1.0000,0.0012,0.065,0.007
383,24512,orientation_cued_D2,0.00006,1.0000,0.0013,0.091,0.004
384,24576,orientation_cued_D4,0.00006,1.0000,0.0019,0.115,0.009
385,24640,orientation_cued_D0,0.00008,1.0000,0.0370,0.064,0.008
386,24704,orientation_cued_D2,0.00005,1.0000,0.0011,0.089,0.004
387,24768,orientation_cued_D4,0.00006,1.0000,0.0019,0.116,0.009
388,24832,orientation_cued_D0,0.00005,1.0000,0.0028,0.063,0.007
389,24896,orientation_cued_D2,0.00006,1.0000,0.0013,0.088,0.004
390,24960,orientation_cued_D4,0.00007,1.0000,0.0028,0.114,0.009
391,25024,orientation_cued_D0,0.00006,1.0000,0.0053,0.064,0.008
392,25088,orientation_cued_D2,0.00005,1.0000,0.0016,0.088,0.004
393,25152,orientation_cued_D4,0.00007,1.0000,0.0042,0.119,0.009
394,25216,orientation_cued_D0,0.00005,1.0000,0.0010,0.064,0.008
395,25280,orientation_cued_D2,0.00005,1.0000,0.0011,0.089,0.004
396,25344,orientation_cued_D4,0.00006,1.0000,0.0052,0.115,0.010
397,25408,orientation_cued_D0,0.00005,1.0000,0.0011,0.064,0.007
398,25472,orientation_cued_D2,0.00005,1.0000,0.0011,0.088,0.004
399,25536,orientation_cued_D4,0.05521,0.9844,29.7364,0.120,0.010
400,25600,orientation_cued_D0,0.00005,1.0000,0.0012,0.064,0.008
401,25664,orientation_cued_D2,0.00009,1.0000,0.0144,0.079,0.004
402,25728,orientation_cued_D4,0.27614,0.9531,30.9590,0.111,0.008
403,25792,orientation_cued_D0,0.00008,1.0000,0.0085,0.060,0.008
404,25856,orientation_cued_D2,0.00006,1.0000,0.0015,0.086,0.004
405,25920,orientation_cued_D4,0.06944,0.9688,34.0415,0.118,0.009
406,25984,orientation_cued_D0,0.00008,1.0000,0.0111,0.064,0.008
407,26048,orientation_cued_D2,0.00008,1.0000,0.0026,0.089,0.004
408,26112,orientation_cued_D4,0.00248,1.0000,1.6619,0.115,0.010
409,26176,orientation_cued_D0,0.00009,1.0000,0.0059,0.064,0.008
410,26240,orientation_cued_D2,0.00018,1.0000,0.0232,0.088,0.004
411,26304,orientation_cued_D4,0.04512,0.9688,23.1971,0.114,0.009
412,26368,orientation_cued_D0,0.00023,1.0000,0.0385,0.063,0.007
413,26432,orientation_cued_D2,0.00278,1.0000,0.7639,0.088,0.004
414,26496,orientation_cued_D4,0.15810,0.9531,69.9856,0.114,0.010
415,26560,orientation_cued_D0,0.01762,1.0000,8.3781,0.067,0.008
416,26624,orientation_cued_D2,0.00420,1.0000,0.9830,0.090,0.004
417,26688,orientation_cued_D4,0.23081,0.9219,20.7721,0.115,0.010
418,26752,orientation_cued_D0,0.02683,0.9844,6.7481,0.064,0.007
419,26816,orientation_cued_D2,0.01150,1.0000,5.3244,0.089,0.004
420,26880,orientation_cued_D4,0.23979,0.9375,28.4478,0.115,0.010
421,26944,orientation_cued_D0,0.00034,1.0000,0.0395,0.064,0.007
422,27008,orientation_cued_D2,0.11338,0.9688,12.2611,0.088,0.004
423,27072,orientation_cued_D4,0.01304,1.0000,2.5304,0.114,0.010
424,27136,orientation_cued_D0,0.00030,1.0000,0.0157,0.064,0.007
425,27200,orientation_cued_D2,0.00095,1.0000,0.1247,0.099,0.004
426,27264,orientation_cued_D4,0.00314,1.0000,0.4546,0.117,0.010
427,27328,orientation_cued_D0,0.00052,1.0000,0.0504,0.063,0.007
428,27392,orientation_cued_D2,0.00220,1.0000,0.3500,0.089,0.004
429,27456,orientation_cued_D4,0.01366,1.0000,2.0253,0.115,0.010
430,27520,orientation_cued_D0,0.00555,1.0000,2.0487,0.064,0.007
431,27584,orientation_cued_D2,0.01570,0.9844,4.6295,0.089,0.004
432,27648,orientation_cued_D4,0.04761,0.9844,12.6310,0.114,0.009
433,27712,orientation_cued_D0,0.00060,1.0000,0.0480,0.063,0.008
434,27776,orientation_cued_D2,0.03678,0.9688,17.8183,0.088,0.004
435,27840,orientation_cued_D4,0.03756,0.9844,9.5826,0.115,0.010
436,27904,orientation_cued_D0,0.00182,1.0000,0.3918,0.065,0.008
437,27968,orientation_cued_D2,0.00764,1.0000,2.6112,0.087,0.004
438,28032,orientation_cued_D4,0.00912,1.0000,1.8575,0.115,0.010
439,28096,orientation_cued_D0,0.01032,1.0000,5.2966,0.063,0.008
440,28160,orientation_cued_D2,0.06062,0.9844,10.4774,0.086,0.004
441,28224,orientation_cued_D4,0.00428,1.0000,1.4024,0.131,0.010
442,28288,orientation_cued_D0,0.00066,1.0000,0.1062,0.068,0.009
443,28352,orientation_cued_D2,0.00044,1.0000,0.0271,0.097,0.005
444,28416,orientation_cued_D4,0.00214,1.0000,0.6468,0.122,0.010
445,28480,orientation_cued_D0,0.00037,1.0000,0.0325,0.064,0.008
446,28544,orientation_cued_D2,0.00070,1.0000,0.1718,0.094,0.004
447,28608,orientation_cued_D4,0.00050,1.0000,0.0880,0.116,0.006
448,28672,orientation_cued_D0,0.00050,1.0000,0.0973,0.065,0.007
449,28736,orientation_cued_D2,0.00045,1.0000,0.0417,0.092,0.004
450,28800,orientation_cued_D4,0.00033,1.0000,0.0315,0.117,0.010
451,28864,orientation_cued_D0,0.00568,1.0000,2.2471,0.064,0.008
452,28928,orientation_cued_D2,0.00242,1.0000,1.0053,0.090,0.004
453,28992,orientation_cued_D4,0.00764,1.0000,2.9372,0.115,0.010
454,29056,orientation_cued_D0,0.00230,1.0000,1.5794,0.064,0.008
455,29120,orientation_cued_D2,0.00069,1.0000,0.1327,0.088,0.004
456,29184,orientation_cued_D4,0.02116,0.9844,9.9736,0.119,0.009
457,29248,orientation_cued_D0,0.00059,1.0000,0.1805,0.062,0.007
458,29312,orientation_cued_D2,0.00021,1.0000,0.0083,0.093,0.004
459,29376,orientation_cued_D4,0.00705,1.0000,4.2200,0.113,0.007
460,29440,orientation_cued_D0,0.00015,1.0000,0.0042,0.065,0.007
461,29504,orientation_cued_D2,0.00019,1.0000,0.0047,0.085,0.004
462,29568,orientation_cued_D4,0.00034,1.0000,0.1175,0.120,0.010
463,29632,orientation_cued_D0,0.00017,1.0000,0.0122,0.060,0.007
464,29696,orientation_cued_D2,0.00023,1.0000,0.0158,0.084,0.004
465,29760,orientation_cued_D4,0.00054,1.0000,0.1527,0.120,0.010
466,29824,orientation_cued_D0,0.04109,0.9844,15.7312,0.070,0.007
467,29888,orientation_cued_D2,0.00019,1.0000,0.0054,0.091,0.004
468,29952,orientation_cued_D4,0.00023,1.0000,0.0171,0.115,0.010
469,30016,orientation_cued_D0,0.02793,0.9844,12.6066,0.063,0.007
470,30080,orientation_cued_D2,0.00024,1.0000,0.0185,0.089,0.004
471,30144,orientation_cued_D4,0.00026,1.0000,0.0148,0.112,0.006
472,30208,orientation_cued_D0,0.00027,1.0000,0.0258,0.063,0.007
473,30272,orientation_cued_D2,0.00032,1.0000,0.0564,0.089,0.004
474,30336,orientation_cued_D4,0.00295,1.0000,1.7263,0.111,0.006
475,30400,orientation_cued_D0,0.01619,0.9844,5.8816,0.066,0.007
476,30464,orientation_cued_D2,0.00678,1.0000,3.0935,0.089,0.004
477,30528,orientation_cued_D4,0.00042,1.0000,0.0435,0.126,0.006
478,30592,orientation_cued_D0,0.02996,0.9844,8.4265,0.063,0.008
479,30656,orientation_cued_D2,0.00051,1.0000,0.0858,0.089,0.004
480,30720,orientation_cued_D4,0.00066,1.0000,0.2265,0.111,0.006
481,30784,orientation_cued_D0,0.00691,1.0000,2.1377,0.067,0.007
482,30848,orientation_cued_D2,0.00212,1.0000,1.2530,0.088,0.004
483,30912,orientation_cued_D4,0.00083,1.0000,0.5273,0.111,0.006
484,30976,orientation_cued_D0,0.12161,0.9844,4.5194,0.063,0.007
485,31040,orientation_cued_D2,0.00037,1.0000,0.0537,0.089,0.004
486,31104,orientation_cued_D4,0.00470,1.0000,1.6498,0.112,0.006
487,31168,orientation_cued_D0,0.00075,1.0000,0.1933,0.065,0.007
488,31232,orientation_cued_D2,0.00047,1.0000,0.0690,0.090,0.005
489,31296,orientation_cued_D4,0.00173,1.0000,0.6490,0.115,0.009
490,31360,orientation_cued_D0,0.00032,1.0000,0.0647,0.063,0.008
491,31424,orientation_cued_D2,0.00171,1.0000,0.8222,0.088,0.004
492,31488,orientation_cued_D4,0.00284,1.0000,1.7502,0.114,0.010
493,31552,orientation_cued_D0,0.00254,1.0000,0.6822,0.062,0.008
494,31616,orientation_cued_D2,0.00139,1.0000,0.4059,0.087,0.004
495,31680,orientation_cued_D4,0.00214,1.0000,0.5590,0.113,0.009
496,31744,orientation_cued_D0,0.00053,1.0000,0.0955,0.064,0.008
497,31808,orientation_cued_D2,0.00041,1.0000,0.0393,0.094,0.004
498,31872,orientation_cued_D4,0.00090,1.0000,0.1413,0.123,0.006
499,31936,orientation_cued_D0,0.00116,1.0000,0.6049,0.073,0.008
500,32000,orientation_cued_D2,0.00205,1.0000,1.0132,0.099,0.004
501,32064,orientation_cued_D4,0.00174,1.0000,0.3784,0.116,0.006
502,32128,orientation_cued_D0,0.00185,1.0000,1.0606,0.070,0.007
503,32192,orientation_cued_D2,0.00044,1.0000,0.1010,0.092,0.006
504,32256,orientation_cued_D4,0.00049,1.0000,0.0985,0.113,0.006
505,32320,orientation_cued_D0,0.00248,1.0000,0.9662,0.064,0.007
506,32384,orientation_cued_D2,0.00024,1.0000,0.0191,0.090,0.007
507,32448,orientation_cued_D4,0.00035,1.0000,0.0895,0.111,0.005
508,32512,orientation_cued_D0,0.02638,0.9844,8.9941,0.087,0.013
509,32576,orientation_cued_D2,0.00029,1.0000,0.0300,0.109,0.007
510,32640,orientation_cued_D4,0.00057,1.0000,0.1606,0.109,0.006
511,32704,orientation_cued_D0,0.00072,1.0000,0.1955,0.080,0.012
512,32768,orientation_cued_D2,0.00019,1.0000,0.0111,0.107,0.007
513,32832,orientation_cued_D4,0.00055,1.0000,0.1082,0.108,0.005
514,32896,orientation_cued_D0,0.00021,1.0000,0.0155,0.068,0.012
515,32960,orientation_cued_D2,0.00020,1.0000,0.0073,0.087,0.004
516,33024,orientation_cued_D4,0.00048,1.0000,0.0643,0.109,0.006
517,33088,orientation_cued_D0,0.00030,1.0000,0.1011,0.066,0.007
518,33152,orientation_cued_D2,0.00023,1.0000,0.0218,0.092,0.007
519,33216,orientation_cued_D4,0.00035,1.0000,0.1569,0.111,0.006
520,33280,orientation_cued_D0,0.00016,1.0000,0.0063,0.064,0.007
521,33344,orientation_cued_D2,0.00024,1.0000,0.0217,0.089,0.004
522,33408,orientation_cued_D4,0.00134,1.0000,0.6237,0.112,0.006
523,33472,orientation_cued_D0,0.00028,1.0000,0.0848,0.064,0.007
524,33536,orientation_cued_D2,0.00027,1.0000,0.0155,0.089,0.004
525,33600,orientation_cued_D4,0.00034,1.0000,0.0802,0.111,0.006
526,33664,orientation_cued_D0,0.03062,0.9844,6.9524,0.064,0.007
527,33728,orientation_cued_D2,0.00021,1.0000,0.0126,0.089,0.004
528,33792,orientation_cued_D4,0.00022,1.0000,0.0140,0.127,0.006
529,33856,orientation_cued_D0,0.00932,1.0000,9.7137,0.065,0.007
530,33920,orientation_cued_D2,0.00023,1.0000,0.0140,0.090,0.004
531,33984,orientation_cued_D4,0.00022,1.0000,0.0145,0.112,0.006
532,34048,orientation_cued_D0,0.00015,1.0000,0.0043,0.065,0.007
533,34112,orientation_cued_D2,0.00017,1.0000,0.0047,0.090,0.004
534,34176,orientation_cued_D4,0.00021,1.0000,0.0115,0.111,0.006
535,34240,orientation_cued_D0,0.00061,1.0000,0.3474,0.064,0.007
536,34304,orientation_cued_D2,0.00014,1.0000,0.0034,0.091,0.004
537,34368,orientation_cued_D4,0.00026,1.0000,0.0520,0.117,0.006
538,34432,orientation_cued_D0,0.00029,1.0000,0.0594,0.067,0.007
539,34496,orientation_cued_D2,0.00089,1.0000,0.9563,0.093,0.004
540,34560,orientation_cued_D4,0.00176,1.0000,0.9769,0.112,0.006
541,34624,orientation_cued_D0,0.00021,1.0000,0.0314,0.064,0.007
542,34688,orientation_cued_D2,0.00015,1.0000,0.0039,0.090,0.004
543,34752,orientation_cued_D4,0.00285,1.0000,2.8717,0.112,0.006
544,34816,orientation_cued_D0,0.00014,1.0000,0.0053,0.063,0.007
545,34880,orientation_cued_D2,0.00016,1.0000,0.0049,0.088,0.004
546,34944,orientation_cued_D4,0.00098,1.0000,0.4987,0.110,0.006
547,35008,orientation_cued_D0,0.00019,1.0000,0.0302,0.063,0.007
548,35072,orientation_cued_D2,0.00016,1.0000,0.0099,0.088,0.004
549,35136,orientation_cued_D4,0.00015,1.0000,0.0051,0.134,0.006
550,35200,orientation_cued_D0,0.00016,1.0000,0.0052,0.062,0.008
551,35264,orientation_cued_D2,0.00015,1.0000,0.0097,0.088,0.004
552,35328,orientation_cued_D4,0.00020,1.0000,0.0401,0.115,0.006
553,35392,orientation_cued_D0,0.00013,1.0000,0.0043,0.070,0.007
554,35456,orientation_cued_D2,0.00013,1.0000,0.0029,0.100,0.004
555,35520,orientation_cued_D4,0.00017,1.0000,0.0149,0.126,0.006
556,35584,orientation_cued_D0,0.00012,1.0000,0.0026,0.069,0.008
557,35648,orientation_cued_D2,0.00014,1.0000,0.0039,0.093,0.004
558,35712,orientation_cued_D4,0.00013,1.0000,0.0063,0.113,0.006
559,35776,orientation_cued_D0,0.00013,1.0000,0.0038,0.071,0.009
560,35840,orientation_cued_D2,0.00016,1.0000,0.0133,0.090,0.004
561,35904,orientation_cued_D4,0.00021,1.0000,0.0182,0.111,0.006
562,35968,orientation_cued_D0,0.00012,1.0000,0.0075,0.064,0.007
563,36032,orientation_cued_D2,0.00011,1.0000,0.0025,0.094,0.004
564,36096,orientation_cued_D4,0.00016,1.0000,0.0100,0.111,0.006
565,36160,orientation_cued_D0,0.00012,1.0000,0.0043,0.064,0.007
566,36224,orientation_cued_D2,0.00013,1.0000,0.0062,0.089,0.004
567,36288,orientation_cued_D4,0.00019,1.0000,0.0461,0.111,0.006
568,36352,orientation_cued_D0,0.00020,1.0000,0.0552,0.064,0.007
569,36416,orientation_cued_D2,0.00011,1.0000,0.0023,0.090,0.004
570,36480,orientation_cued_D4,0.00057,1.0000,0.3538,0.116,0.006
571,36544,orientation_cued_D0,0.00010,1.0000,0.0027,0.064,0.007
572,36608,orientation_cued_D2,0.00018,1.0000,0.0356,0.089,0.004
573,36672,orientation_cued_D4,0.00024,1.0000,0.0687,0.112,0.006
574,36736,orientation_cued_D0,0.00011,1.0000,0.0048,0.065,0.008
575,36800,orientation_cued_D2,0.00013,1.0000,0.0055,0.088,0.004
576,36864,orientation_cued_D4,0.00012,1.0000,0.0047,0.112,0.006
577,36928,orientation_cued_D0,0.00345,1.0000,2.7740,0.064,0.007
578,36992,orientation_cued_D2,0.00012,1.0000,0.0058,0.088,0.004
579,37056,orientation_cued_D4,0.00015,1.0000,0.0120,0.111,0.006
580,37120,orientation_cued_D0,0.01027,1.0000,6.7821,0.068,0.007
581,37184,orientation_cued_D2,0.00013,1.0000,0.0051,0.089,0.004
582,37248,orientation_cued_D4,0.00026,1.0000,0.1132,0.112,0.006
583,37312,orientation_cued_D0,0.01855,1.0000,8.6625,0.064,0.007
584,37376,orientation_cued_D2,0.00016,1.0000,0.0127,0.089,0.004
585,37440,orientation_cued_D4,0.00021,1.0000,0.0292,0.112,0.007
586,37504,orientation_cued_D0,0.00011,1.0000,0.0033,0.063,0.007
587,37568,orientation_cued_D2,0.00016,1.0000,0.0245,0.088,0.004
588,37632,orientation_cued_D4,0.00030,1.0000,0.1180,0.114,0.007
589,37696,orientation_cued_D0,0.00013,1.0000,0.0049,0.064,0.007
590,37760,orientation_cued_D2,0.00018,1.0000,0.0139,0.089,0.004
591,37824,orientation_cued_D4,0.00034,1.0000,0.0878,0.113,0.006
592,37888,orientation_cued_D0,0.00978,1.0000,3.8009,0.063,0.007
593,37952,orientation_cued_D2,0.00018,1.0000,0.0144,0.090,0.004
594,38016,orientation_cued_D4,0.00109,1.0000,0.4240,0.112,0.006
595,38080,orientation_cued_D0,0.00017,1.0000,0.0292,0.070,0.008
596,38144,orientation_cued_D2,0.00011,1.0000,0.0029,0.089,0.004
597,38208,orientation_cued_D4,0.00073,1.0000,0.2524,0.111,0.006
598,38272,orientation_cued_D0,0.00014,1.0000,0.0123,0.063,0.007
599,38336,orientation_cued_D2,0.00027,1.0000,0.0971,0.086,0.004
600,38400,orientation_cued_D4,0.00168,1.0000,0.9910,0.115,0.007
601,38464,orientation_cued_D0,0.00123,1.0000,1.0672,0.057,0.006
602,38528,orientation_cued_D2,0.00048,1.0000,0.2698,0.090,0.004
603,38592,orientation_cued_D4,0.00889,1.0000,6.1105,0.110,0.005
604,38656,orientation_cued_D0,0.00012,1.0000,0.0053,0.063,0.007
605,38720,orientation_cued_D2,0.00011,1.0000,0.0037,0.088,0.004
606,38784,orientation_cued_D4,0.00028,1.0000,0.0730,0.112,0.006
607,38848,orientation_cued_D0,0.00010,1.0000,0.0026,0.063,0.007
608,38912,orientation_cued_D2,0.00012,1.0000,0.0041,0.088,0.004
609,38976,orientation_cued_D4,0.00032,1.0000,0.1195,0.111,0.006
610,39040,orientation_cued_D0,0.03371,0.9844,11.4280,0.063,0.007
611,39104,orientation_cued_D2,0.00016,1.0000,0.0177,0.088,0.004
612,39168,orientation_cued_D4,0.00014,1.0000,0.0074,0.114,0.006
613,39232,orientation_cued_D0,0.00009,1.0000,0.0020,0.066,0.007
614,39296,orientation_cued_D2,0.00012,1.0000,0.0052,0.091,0.004
615,39360,orientation_cued_D4,0.00015,1.0000,0.0076,0.116,0.007
616,39424,orientation_cued_D0,0.00009,1.0000,0.0031,0.064,0.007
617,39488,orientation_cued_D2,0.00011,1.0000,0.0027,0.091,0.004
618,39552,orientation_cued_D4,0.00035,1.0000,0.1548,0.112,0.006
619,39616,orientation_cued_D0,0.00010,1.0000,0.0080,0.064,0.007
620,39680,orientation_cued_D2,0.00010,1.0000,0.0025,0.090,0.004
621,39744,orientation_cued_D4,0.00030,1.0000,0.0882,0.112,0.005
622,39808,orientation_cued_D0,0.00010,1.0000,0.0025,0.064,0.007
623,39872,orientation_cued_D2,0.00013,1.0000,0.0226,0.094,0.004
624,39936,orientation_cued_D4,0.00013,1.0000,0.0081,0.115,0.006
625,40000,orientation_cued_D0,0.02117,0.9844,10.1483,0.064,0.007
626,40064,orientation_cued_D2,0.00012,1.0000,0.0091,0.089,0.004
627,40128,orientation_cued_D4,0.00024,1.0000,0.0584,0.111,0.005
628,40192,orientation_cued_D0,0.07490,0.9844,10.4937,0.063,0.007
629,40256,orientation_cued_D2,0.00011,1.0000,0.0029,0.090,0.004
630,40320,orientation_cued_D4,0.00073,1.0000,0.3116,0.110,0.006
631,40384,orientation_cued_D0,0.00011,1.0000,0.0030,0.063,0.007
632,40448,orientation_cued_D2,0.00030,1.0000,0.0408,0.093,0.004
633,40512,orientation_cued_D4,0.00231,1.0000,0.8962,0.114,0.005
634,40576,orientation_cued_D0,0.00047,1.0000,0.0789,0.073,0.007
635,40640,orientation_cued_D2,0.00047,1.0000,0.0691,0.091,0.004
636,40704,orientation_cued_D4,0.00404,1.0000,1.3321,0.113,0.006
637,40768,orientation_cued_D0,0.00320,1.0000,0.7333,0.064,0.007
638,40832,orientation_cued_D2,0.00079,1.0000,0.1289,0.092,0.004
639,40896,orientation_cued_D4,0.03275,0.9688,8.3426,0.112,0.006
640,40960,orientation_cued_D0,0.00192,1.0000,0.3177,0.065,0.007
641,41024,orientation_cued_D2,0.00041,1.0000,0.0435,0.090,0.004
642,41088,orientation_cued_D4,0.00975,1.0000,4.2707,0.113,0.006
643,41152,orientation_cued_D0,0.00613,1.0000,1.3708,0.064,0.008
644,41216,orientation_cued_D2,0.00080,1.0000,0.2481,0.093,0.004
645,41280,orientation_cued_D4,0.00021,1.0000,0.0143,0.118,0.006
646,41344,orientation_cued_D0,0.00035,1.0000,0.1671,0.074,0.013
647,41408,orientation_cued_D2,0.00873,1.0000,4.3449,0.098,0.005
648,41472,orientation_cued_D4,0.00037,1.0000,0.0775,0.127,0.010
649,41536,orientation_cued_D0,0.00013,1.0000,0.0052,0.070,0.009
650,41600,orientation_cued_D2,0.00072,1.0000,0.2942,0.094,0.004
651,41664,orientation_cued_D4,0.00016,1.0000,0.0184,0.117,0.010
652,41728,orientation_cued_D0,0.00011,1.0000,0.0025,0.064,0.008
653,41792,orientation_cued_D2,0.00013,1.0000,0.0041,0.090,0.004
654,41856,orientation_cued_D4,0.00023,1.0000,0.0516,0.120,0.009
655,41920,orientation_cued_D0,0.00016,1.0000,0.0157,0.065,0.008
656,41984,orientation_cued_D2,0.00025,1.0000,0.0623,0.090,0.004
657,42048,orientation_cued_D4,0.00460,1.0000,2.5820,0.116,0.009
658,42112,orientation_cued_D0,0.00013,1.0000,0.0116,0.065,0.007
659,42176,orientation_cued_D2,0.00014,1.0000,0.0071,0.089,0.004
660,42240,orientation_cued_D4,0.00039,1.0000,0.1834,0.115,0.009
661,42304,orientation_cued_D0,0.09781,0.9844,8.8880,0.064,0.008
662,42368,orientation_cued_D2,0.00012,1.0000,0.0033,0.090,0.004
663,42432,orientation_cued_D4,0.00022,1.0000,0.0530,0.114,0.009
664,42496,orientation_cued_D0,0.00024,1.0000,0.0495,0.066,0.008
665,42560,orientation_cued_D2,0.00206,1.0000,1.6916,0.093,0.004
666,42624,orientation_cued_D4,0.00218,1.0000,1.4434,0.116,0.010
667,42688,orientation_cued_D0,0.00023,1.0000,0.0460,0.064,0.008
668,42752,orientation_cued_D2,0.01010,1.0000,6.5786,0.090,0.004
669,42816,orientation_cued_D4,0.00958,1.0000,4.8858,0.115,0.010
670,42880,orientation_cued_D0,0.00026,1.0000,0.0475,0.062,0.008
671,42944,orientation_cued_D2,0.00014,1.0000,0.0050,0.088,0.004
672,43008,orientation_cued_D4,0.00026,1.0000,0.0475,0.113,0.009
673,43072,orientation_cued_D0,0.03338,0.9844,9.0956,0.063,0.008
674,43136,orientation_cued_D2,0.00018,1.0000,0.0099,0.091,0.004
675,43200,orientation_cued_D4,0.00135,1.0000,0.9315,0.126,0.010
676,43264,orientation_cued_D0,0.00309,1.0000,2.3015,0.064,0.008
677,43328,orientation_cued_D2,0.00082,1.0000,0.6346,0.096,0.007
678,43392,orientation_cued_D4,0.00033,1.0000,0.1065,0.112,0.006
679,43456,orientation_cued_D0,0.00018,1.0000,0.0305,0.064,0.007
680,43520,orientation_cued_D2,0.00038,1.0000,0.0922,0.091,0.010
681,43584,orientation_cued_D4,0.00042,1.0000,0.1378,0.113,0.006
682,43648,orientation_cued_D0,0.00023,1.0000,0.0711,0.064,0.007
683,43712,orientation_cued_D2,0.00054,1.0000,0.1967,0.092,0.007
684,43776,orientation_cued_D4,0.05192,0.9844,28.7970,0.112,0.006
685,43840,orientation_cued_D0,0.00614,1.0000,3.2839,0.067,0.007
686,43904,orientation_cued_D2,0.00059,1.0000,0.2319,0.093,0.007
687,43968,orientation_cued_D4,0.00032,1.0000,0.0561,0.111,0.006
688,44032,orientation_cued_D0,0.00042,1.0000,0.0947,0.063,0.007
689,44096,orientation_cued_D2,0.00127,1.0000,0.3708,0.093,0.007
690,44160,orientation_cued_D4,0.00099,1.0000,0.2419,0.111,0.006
691,44224,orientation_cued_D0,0.00388,1.0000,1.5212,0.063,0.007
692,44288,orientation_cued_D2,0.00039,1.0000,0.0642,0.092,0.006
693,44352,orientation_cued_D4,0.00068,1.0000,0.0978,0.110,0.006
694,44416,orientation_cued_D0,0.00016,1.0000,0.0139,0.064,0.007
695,44480,orientation_cued_D2,0.00029,1.0000,0.0342,0.094,0.007
696,44544,orientation_cued_D4,0.00021,1.0000,0.0113,0.115,0.006
697,44608,orientation_cued_D0,0.00191,1.0000,1.1495,0.064,0.007
698,44672,orientation_cued_D2,0.00029,1.0000,0.0596,0.089,0.004
699,44736,orientation_cued_D4,0.00093,1.0000,0.2023,0.112,0.006
700,44800,orientation_cued_D0,0.00028,1.0000,0.0324,0.064,0.007
701,44864,orientation_cued_D2,0.00038,1.0000,0.0961,0.089,0.004
702,44928,orientation_cued_D4,0.00058,1.0000,0.1744,0.117,0.006
703,44992,orientation_cued_D0,0.00012,1.0000,0.0037,0.066,0.008
704,45056,orientation_cued_D2,0.00022,1.0000,0.0162,0.095,0.004
705,45120,orientation_cued_D4,0.00108,1.0000,0.4062,0.131,0.007
706,45184,orientation_cued_D0,0.00012,1.0000,0.0042,0.069,0.008
707,45248,orientation_cued_D2,0.00083,1.0000,0.8700,0.127,0.004
708,45312,orientation_cued_D4,0.00037,1.0000,0.0987,0.118,0.006
709,45376,orientation_cued_D0,0.00018,1.0000,0.0211,0.063,0.008
710,45440,orientation_cued_D2,0.00017,1.0000,0.0101,0.121,0.004
711,45504,orientation_cued_D4,0.00021,1.0000,0.0342,0.116,0.005
712,45568,orientation_cued_D0,0.00013,1.0000,0.0038,0.062,0.008
713,45632,orientation_cued_D2,0.04298,0.9844,14.6960,0.121,0.004
714,45696,orientation_cued_D4,0.00116,1.0000,0.8068,0.122,0.005
715,45760,orientation_cued_D0,0.00018,1.0000,0.0176,0.064,0.009
716,45824,orientation_cued_D2,0.00023,1.0000,0.0208,0.119,0.004
717,45888,orientation_cued_D4,0.00452,1.0000,0.9871,0.110,0.005
718,45952,orientation_cued_D0,0.00112,1.0000,0.3068,0.063,0.007
719,46016,orientation_cued_D2,0.00019,1.0000,0.0109,0.090,0.004
720,46080,orientation_cued_D4,0.00400,1.0000,2.1910,0.111,0.005
721,46144,orientation_cued_D0,0.00039,1.0000,0.0834,0.064,0.007
722,46208,orientation_cued_D2,0.00021,1.0000,0.0252,0.089,0.004
723,46272,orientation_cued_D4,0.00061,1.0000,0.1762,0.111,0.006
724,46336,orientation_cued_D0,0.00092,1.0000,0.2714,0.064,0.007
725,46400,orientation_cued_D2,0.00024,1.0000,0.0255,0.092,0.004
726,46464,orientation_cued_D4,0.00068,1.0000,0.1964,0.113,0.006
727,46528,orientation_cued_D0,0.00036,1.0000,0.0634,0.063,0.007
728,46592,orientation_cued_D2,0.02438,0.9844,10.5469,0.089,0.004
729,46656,orientation_cued_D4,0.00115,1.0000,0.7396,0.112,0.006
730,46720,orientation_cued_D0,0.00016,1.0000,0.0119,0.063,0.007
731,46784,orientation_cued_D2,0.00014,1.0000,0.0072,0.088,0.004
732,46848,orientation_cued_D4,0.00028,1.0000,0.0405,0.110,0.005
733,46912,orientation_cued_D0,0.00023,1.0000,0.0334,0.063,0.007
734,46976,orientation_cued_D2,0.00099,1.0000,0.5987,0.088,0.004
735,47040,orientation_cued_D4,0.00777,1.0000,4.3016,0.114,0.006
736,47104,orientation_cued_D0,0.00011,1.0000,0.0047,0.069,0.008
737,47168,orientation_cued_D2,0.00047,1.0000,0.1840,0.092,0.004
738,47232,orientation_cued_D4,0.00030,1.0000,0.0782,0.115,0.006
739,47296,orientation_cued_D0,0.00011,1.0000,0.0038,0.075,0.007
740,47360,orientation_cued_D2,0.00019,1.0000,0.0238,0.091,0.004
741,47424,orientation_cued_D4,0.00097,1.0000,0.4649,0.113,0.006
742,47488,orientation_cued_D0,0.00012,1.0000,0.0035,0.064,0.007
743,47552,orientation_cued_D2,0.00015,1.0000,0.0181,0.090,0.004
744,47616,orientation_cued_D4,0.00492,1.0000,3.0406,0.112,0.006
745,47680,orientation_cued_D0,0.00011,1.0000,0.0032,0.064,0.007
746,47744,orientation_cued_D2,0.00026,1.0000,0.0656,0.095,0.004
747,47808,orientation_cued_D4,0.00022,1.0000,0.0455,0.114,0.006
748,47872,orientation_cued_D0,0.00012,1.0000,0.0044,0.064,0.007
749,47936,orientation_cued_D2,0.00012,1.0000,0.0061,0.090,0.004
750,48000,orientation_cued_D4,0.01447,1.0000,8.0812,0.113,0.006
751,48064,orientation_cued_D0,0.00011,1.0000,0.0027,0.064,0.008
752,48128,orientation_cued_D2,0.00010,1.0000,0.0024,0.089,0.004
753,48192,orientation_cued_D4,0.00010,1.0000,0.0054,0.112,0.006
754,48256,orientation_cued_D0,0.00008,1.0000,0.0017,0.064,0.008
755,48320,orientation_cued_D2,0.00011,1.0000,0.0038,0.089,0.004
756,48384,orientation_cued_D4,0.00011,1.0000,0.0035,0.115,0.006
757,48448,orientation_cued_D0,0.00010,1.0000,0.0028,0.068,0.008
758,48512,orientation_cued_D2,0.00010,1.0000,0.0025,0.097,0.005
759,48576,orientation_cued_D4,0.00011,1.0000,0.0039,0.125,0.006
760,48640,orientation_cued_D0,0.00009,1.0000,0.0018,0.070,0.008
761,48704,orientation_cued_D2,0.00011,1.0000,0.0049,0.103,0.007
762,48768,orientation_cued_D4,0.00010,1.0000,0.0042,0.115,0.006
763,48832,orientation_cued_D0,0.00010,1.0000,0.0044,0.064,0.007
764,48896,orientation_cued_D2,0.00011,1.0000,0.0061,0.092,0.007
765,48960,orientation_cued_D4,0.00012,1.0000,0.0170,0.112,0.006
766,49024,orientation_cued_D0,0.00011,1.0000,0.0096,0.066,0.007
767,49088,orientation_cued_D2,0.00011,1.0000,0.0037,0.093,0.004
768,49152,orientation_cued_D4,0.00022,1.0000,0.1175,0.114,0.005
769,49216,orientation_cued_D0,0.00009,1.0000,0.0024,0.066,0.007
770,49280,orientation_cued_D2,0.00016,1.0000,0.0231,0.090,0.004
771,49344,orientation_cued_D4,0.00013,1.0000,0.0059,0.113,0.006
772,49408,orientation_cued_D0,0.00496,1.0000,3.6142,0.064,0.007
773,49472,orientation_cued_D2,0.00010,1.0000,0.0025,0.089,0.004
774,49536,orientation_cued_D4,0.00012,1.0000,0.0042,0.111,0.006
775,49600,orientation_cued_D0,0.00010,1.0000,0.0024,0.064,0.007
776,49664,orientation_cued_D2,0.00010,1.0000,0.0049,0.089,0.004
777,49728,orientation_cued_D4,0.00009,1.0000,0.0024,0.117,0.006
778,49792,orientation_cued_D0,0.00009,1.0000,0.0053,0.065,0.007
779,49856,orientation_cued_D2,0.00009,1.0000,0.0024,0.090,0.004
780,49920,orientation_cued_D4,0.00009,1.0000,0.0024,0.113,0.006
781,49984,orientation_cued_D0,0.00235,1.0000,3.6697,0.064,0.007
782,50048,orientation_cued_D2,0.00010,1.0000,0.0028,0.090,0.004
783,50112,orientation_cued_D4,0.00010,1.0000,0.0029,0.116,0.006
784,50176,orientation_cued_D0,0.00009,1.0000,0.0034,0.066,0.007
785,50240,orientation_cued_D2,0.00011,1.0000,0.0036,0.092,0.004
786,50304,orientation_cued_D4,0.00009,1.0000,0.0024,0.113,0.006
787,50368,orientation_cued_D0,0.00008,1.0000,0.0018,0.065,0.007
788,50432,orientation_cued_D2,0.00008,1.0000,0.0023,0.092,0.004
789,50496,orientation_cued_D4,0.00010,1.0000,0.0054,0.119,0.007
790,50560,orientation_cued_D0,0.00010,1.0000,0.0163,0.066,0.007
791,50624,orientation_cued_D2,0.00009,1.0000,0.0025,0.090,0.004
792,50688,orientation_cued_D4,0.00012,1.0000,0.0043,0.112,0.006
793,50752,orientation_cued_D0,0.00008,1.0000,0.0019,0.064,0.007
794,50816,orientation_cued_D2,0.00012,1.0000,0.0093,0.089,0.004
795,50880,orientation_cued_D4,0.00012,1.0000,0.0259,0.110,0.006
796,50944,orientation_cued_D0,0.00008,1.0000,0.0018,0.064,0.007
797,51008,orientation_cued_D2,0.00009,1.0000,0.0024,0.088,0.004
798,51072,orientation_cued_D4,0.00009,1.0000,0.0026,0.122,0.005
799,51136,orientation_cued_D0,0.00007,1.0000,0.0015,0.065,0.007
800,51200,orientation_cued_D2,0.00009,1.0000,0.0048,0.092,0.004
801,51264,orientation_cued_D4,0.00010,1.0000,0.0031,0.106,0.005
802,51328,orientation_cued_D0,0.00008,1.0000,0.0072,0.063,0.008
803,51392,orientation_cued_D2,0.00009,1.0000,0.0020,0.088,0.004
804,51456,orientation_cued_D4,0.00009,1.0000,0.0022,0.111,0.006
805,51520,orientation_cued_D0,0.00008,1.0000,0.0016,0.065,0.007
806,51584,orientation_cued_D2,0.00008,1.0000,0.0021,0.090,0.004
807,51648,orientation_cued_D4,0.00010,1.0000,0.0035,0.112,0.006
808,51712,orientation_cued_D0,0.00010,1.0000,0.0370,0.064,0.007
809,51776,orientation_cued_D2,0.00009,1.0000,0.0020,0.092,0.004
810,51840,orientation_cued_D4,0.00010,1.0000,0.0050,0.125,0.010
811,51904,orientation_cued_D0,0.01016,1.0000,7.0720,0.065,0.009
812,51968,orientation_cued_D2,0.00009,1.0000,0.0030,0.096,0.004
813,52032,orientation_cued_D4,0.00010,1.0000,0.0061,0.119,0.006
814,52096,orientation_cued_D0,0.00007,1.0000,0.0015,0.066,0.008
815,52160,orientation_cued_D2,0.00009,1.0000,0.0025,0.091,0.004
816,52224,orientation_cued_D4,0.00022,1.0000,0.0405,0.114,0.006
817,52288,orientation_cued_D0,0.00050,1.0000,0.2859,0.066,0.007
818,52352,orientation_cued_D2,0.00008,1.0000,0.0024,0.087,0.004
819,52416,orientation_cued_D4,0.00010,1.0000,0.0038,0.114,0.006
820,52480,orientation_cued_D0,0.00009,1.0000,0.0036,0.072,0.007
821,52544,orientation_cued_D2,0.00011,1.0000,0.0050,0.090,0.004
822,52608,orientation_cued_D4,0.00009,1.0000,0.0024,0.113,0.006
823,52672,orientation_cued_D0,0.00014,1.0000,0.0218,0.066,0.007
824,52736,orientation_cued_D4,0.01269,0.9844,5.3239,0.114,0.004
825,52800,orientation_cued_D2,0.00010,1.0000,0.0044,0.085,0.007
826,52864,orientation_cued_D0,0.00008,1.0000,0.0018,0.065,0.005
827,52928,orientation_cued_D4,0.00011,1.0000,0.0139,0.113,0.004
828,52992,orientation_cued_D2,0.00009,1.0000,0.0021,0.085,0.007
829,53056,orientation_cued_D0,0.00009,1.0000,0.0048,0.065,0.005
830,53120,orientation_cued_D4,0.00009,1.0000,0.0041,0.125,0.004
831,53184,orientation_cued_D2,0.00009,1.0000,0.0025,0.086,0.008
832,53248,orientation_cued_D0,0.00042,1.0000,0.3173,0.068,0.006
833,53312,orientation_cued_D4,0.00011,1.0000,0.0157,0.117,0.006
834,53376,orientation_cued_D2,0.00008,1.0000,0.0020,0.088,0.007
835,53440,orientation_cued_D0,0.00012,1.0000,0.0144,0.069,0.006
836,53504,orientation_cued_D4,0.00009,1.0000,0.0037,0.128,0.006
837,53568,orientation_cued_D2,0.00009,1.0000,0.0023,0.101,0.009
838,53632,orientation_cued_D0,0.00008,1.0000,0.0018,0.065,0.006
839,53696,orientation_cued_D4,0.00010,1.0000,0.0036,0.111,0.004
840,53760,orientation_cued_D2,0.00009,1.0000,0.0018,0.095,0.007
841,53824,orientation_cued_D0,0.00007,1.0000,0.0016,0.065,0.006
842,53888,orientation_cued_D4,0.00818,1.0000,10.9928,0.115,0.004
843,53952,orientation_cued_D2,0.00008,1.0000,0.0019,0.087,0.008
844,54016,orientation_cued_D0,0.00008,1.0000,0.0025,0.066,0.006
845,54080,orientation_cued_D4,0.00012,1.0000,0.0196,0.115,0.004
846,54144,orientation_cued_D2,0.00008,1.0000,0.0023,0.087,0.008
847,54208,orientation_cued_D0,0.00008,1.0000,0.0022,0.066,0.006
848,54272,orientation_cued_D4,0.00020,1.0000,0.1310,0.114,0.004
849,54336,orientation_cued_D2,0.00008,1.0000,0.0021,0.088,0.007
850,54400,orientation_cued_D0,0.00044,1.0000,0.2023,0.070,0.006
851,54464,orientation_cued_D4,0.00143,1.0000,2.2439,0.127,0.005
852,54528,orientation_cued_D2,0.00008,1.0000,0.0019,0.095,0.008
853,54592,orientation_cued_D0,0.00009,1.0000,0.0041,0.073,0.006
854,54656,orientation_cued_D4,0.00015,1.0000,0.0434,0.119,0.004
855,54720,orientation_cued_D2,0.00015,1.0000,0.0220,0.089,0.007
856,54784,orientation_cued_D0,0.00009,1.0000,0.0041,0.067,0.006
857,54848,orientation_cued_D4,0.00009,1.0000,0.0043,0.115,0.004
858,54912,orientation_cued_D2,0.00010,1.0000,0.0041,0.087,0.007
859,54976,orientation_cued_D0,0.00017,1.0000,0.0283,0.066,0.006
860,55040,orientation_cued_D4,0.00047,1.0000,0.7004,0.114,0.004
861,55104,orientation_cued_D2,0.00891,1.0000,5.1610,0.090,0.007
862,55168,orientation_cued_D0,0.00187,1.0000,1.0749,0.067,0.006
863,55232,orientation_cued_D4,0.00009,1.0000,0.0038,0.115,0.004
864,55296,orientation_cued_D2,0.00008,1.0000,0.0032,0.087,0.008
865,55360,orientation_cued_D0,0.00021,1.0000,0.0660,0.065,0.005
866,55424,orientation_cued_D4,0.00008,1.0000,0.0033,0.115,0.004
867,55488,orientation_cued_D2,0.00007,1.0000,0.0017,0.087,0.008
868,55552,orientation_cued_D0,0.00009,1.0000,0.0034,0.066,0.006
869,55616,orientation_cued_D4,0.00052,1.0000,0.6606,0.113,0.004
870,55680,orientation_cued_D2,0.00008,1.0000,0.0054,0.086,0.007
871,55744,orientation_cued_D0,0.00007,1.0000,0.0015,0.068,0.005
872,55808,orientation_cued_D4,0.00007,1.0000,0.0021,0.116,0.004
873,55872,orientation_cued_D2,0.00007,1.0000,0.0014,0.087,0.007
874,55936,orientation_cued_D0,0.00007,1.0000,0.0016,0.066,0.006
875,56000,orientation_cued_D4,0.00009,1.0000,0.0130,0.129,0.004
876,56064,orientation_cued_D2,0.00023,1.0000,0.1387,0.092,0.012
877,56128,orientation_cued_D0,0.00007,1.0000,0.0014,0.064,0.005
878,56192,orientation_cued_D4,0.00010,1.0000,0.0204,0.116,0.004
879,56256,orientation_cued_D2,0.00006,1.0000,0.0013,0.087,0.007
880,56320,orientation_cued_D0,0.00006,1.0000,0.0018,0.065,0.006
881,56384,orientation_cued_D4,0.00008,1.0000,0.0037,0.117,0.004
882,56448,orientation_cued_D2,0.00007,1.0000,0.0021,0.096,0.007
883,56512,orientation_cued_D0,0.00007,1.0000,0.0015,0.065,0.006
884,56576,orientation_cued_D4,0.00031,1.0000,0.4160,0.117,0.004
885,56640,orientation_cued_D2,0.00007,1.0000,0.0017,0.089,0.008
886,56704,orientation_cued_D0,0.00007,1.0000,0.0019,0.067,0.006
887,56768,orientation_cued_D4,0.00057,1.0000,0.5465,0.115,0.005
888,56832,orientation_cued_D2,0.00007,1.0000,0.0016,0.087,0.007
889,56896,orientation_cued_D0,0.00007,1.0000,0.0020,0.066,0.006
890,56960,orientation_cued_D4,0.00473,1.0000,4.8141,0.114,0.004
891,57024,orientation_cued_D2,0.00011,1.0000,0.0376,0.087,0.007
892,57088,orientation_cued_D0,0.00007,1.0000,0.0023,0.067,0.006
893,57152,orientation_cued_D4,0.00007,1.0000,0.0022,0.117,0.004
894,57216,orientation_cued_D2,0.00116,1.0000,1.4698,0.088,0.007
895,57280,orientation_cued_D0,0.00007,1.0000,0.0016,0.066,0.006
896,57344,orientation_cued_D4,0.00010,1.0000,0.0180,0.116,0.004
897,57408,orientation_cued_D2,0.00007,1.0000,0.0024,0.087,0.007
898,57472,orientation_cued_D0,0.00007,1.0000,0.0017,0.066,0.006
899,57536,orientation_cued_D4,0.00008,1.0000,0.0064,0.114,0.004
900,57600,orientation_cued_D2,0.00008,1.0000,0.0017,0.086,0.007
901,57664,orientation_cued_D0,0.00007,1.0000,0.0015,0.066,0.006
902,57728,orientation_cued_D4,0.00011,1.0000,0.0407,0.120,0.004
903,57792,orientation_cued_D2,0.00007,1.0000,0.0015,0.090,0.008
904,57856,orientation_cued_D0,0.00007,1.0000,0.0018,0.067,0.006
905,57920,orientation_cued_D4,0.00866,1.0000,15.4388,0.115,0.004
906,57984,orientation_cued_D2,0.00007,1.0000,0.0016,0.092,0.008
907,58048,orientation_cued_D0,0.00006,1.0000,0.0017,0.072,0.006
908,58112,orientation_cued_D4,0.00007,1.0000,0.0015,0.125,0.005
909,58176,orientation_cued_D2,0.00009,1.0000,0.0123,0.096,0.008
910,58240,orientation_cued_D0,0.00007,1.0000,0.0021,0.068,0.006
911,58304,orientation_cued_D4,0.00008,1.0000,0.0147,0.116,0.004
912,58368,orientation_cued_D2,0.00006,1.0000,0.0014,0.097,0.007
913,58432,orientation_cued_D0,0.00028,1.0000,0.2299,0.067,0.006
914,58496,orientation_cued_D4,0.00007,1.0000,0.0019,0.114,0.004
915,58560,orientation_cued_D2,0.00007,1.0000,0.0027,0.089,0.007
916,58624,orientation_cued_D0,0.00007,1.0000,0.0024,0.066,0.006
917,58688,orientation_cued_D4,0.00010,1.0000,0.0177,0.115,0.004
918,58752,orientation_cued_D2,0.03334,0.9844,23.6507,0.087,0.007
919,58816,orientation_cued_D0,0.00010,1.0000,0.0276,0.065,0.006
920,58880,orientation_cued_D4,0.00008,1.0000,0.0198,0.113,0.004
921,58944,orientation_cued_D2,0.00006,1.0000,0.0014,0.086,0.007
922,59008,orientation_cued_D0,0.00009,1.0000,0.0087,0.065,0.006
923,59072,orientation_cued_D4,0.00017,1.0000,0.0501,0.125,0.004
924,59136,orientation_cued_D2,0.00032,1.0000,0.1479,0.089,0.007
925,59200,orientation_cued_D0,0.00008,1.0000,0.0067,0.066,0.006
926,59264,orientation_cued_D4,0.10817,0.9844,8.9829,0.114,0.004
927,59328,orientation_cued_D2,0.10059,0.9844,8.2416,0.089,0.008
928,59392,orientation_cued_D0,0.00012,1.0000,0.0138,0.068,0.007
929,59456,orientation_cued_D4,0.00026,1.0000,0.0877,0.115,0.004
930,59520,orientation_cued_D2,0.00060,1.0000,0.2917,0.087,0.007
931,59584,orientation_cued_D0,0.00008,1.0000,0.0018,0.066,0.006
932,59648,orientation_cued_D4,0.00019,1.0000,0.0307,0.115,0.004
933,59712,orientation_cued_D2,0.00017,1.0000,0.0303,0.092,0.007
934,59776,orientation_cued_D0,0.00011,1.0000,0.0037,0.067,0.005
935,59840,orientation_cued_D4,0.00018,1.0000,0.0406,0.114,0.004
936,59904,orientation_cued_D2,0.00014,1.0000,0.0078,0.087,0.008
937,59968,orientation_cued_D0,0.00015,1.0000,0.0281,0.065,0.006
938,60032,orientation_cued_D4,0.00139,1.0000,0.7182,0.115,0.004
939,60096,orientation_cued_D2,0.00024,1.0000,0.0411,0.087,0.007
940,60160,orientation_cued_D0,0.00016,1.0000,0.0233,0.066,0.006
941,60224,orientation_cued_D4,0.00058,1.0000,0.2323,0.113,0.004
942,60288,orientation_cued_D2,0.00066,1.0000,0.1433,0.086,0.007
943,60352,orientation_cued_D0,0.00023,1.0000,0.0620,0.065,0.006
944,60416,orientation_cued_D4,0.00056,1.0000,0.2026,0.119,0.004
945,60480,orientation_cued_D2,0.00324,1.0000,1.3543,0.087,0.007
946,60544,orientation_cued_D0,0.00017,1.0000,0.0214,0.066,0.006
947,60608,orientation_cued_D4,0.00070,1.0000,0.3344,0.114,0.004
948,60672,orientation_cued_D2,0.00020,1.0000,0.0140,0.089,0.007
949,60736,orientation_cued_D0,0.00023,1.0000,0.0880,0.066,0.006
950,60800,orientation_cued_D4,0.00022,1.0000,0.0419,0.114,0.004
951,60864,orientation_cued_D2,0.00042,1.0000,0.0916,0.086,0.007
952,60928,orientation_cued_D0,0.00019,1.0000,0.0278,0.068,0.006
953,60992,orientation_cued_D4,0.00171,1.0000,0.5558,0.112,0.004
954,61056,orientation_cued_D2,0.00087,1.0000,0.2376,0.092,0.007
955,61120,orientation_cued_D0,0.00014,1.0000,0.0075,0.067,0.006
956,61184,orientation_cued_D4,0.00086,1.0000,0.4248,0.114,0.005
957,61248,orientation_cued_D2,0.06424,0.9844,11.0493,0.087,0.007
958,61312,orientation_cued_D0,0.00015,1.0000,0.0061,0.066,0.006
959,61376,orientation_cued_D4,0.00022,1.0000,0.0297,0.115,0.004
960,61440,orientation_cued_D2,0.00015,1.0000,0.0060,0.087,0.008
961,61504,orientation_cued_D0,0.00016,1.0000,0.0164,0.065,0.006
962,61568,orientation_cued_D4,0.00390,1.0000,1.4542,0.115,0.004
963,61632,orientation_cued_D2,0.00030,1.0000,0.0286,0.091,0.008
964,61696,orientation_cued_D0,0.00015,1.0000,0.0095,0.070,0.006
965,61760,orientation_cued_D4,0.00035,1.0000,0.0461,0.128,0.007
966,61824,orientation_cued_D2,0.00032,1.0000,0.0361,0.093,0.008
967,61888,orientation_cued_D0,0.00019,1.0000,0.0152,0.065,0.006
968,61952,orientation_cued_D4,0.00439,1.0000,2.3021,0.118,0.008
969,62016,orientation_cued_D2,0.00018,1.0000,0.0137,0.086,0.008
970,62080,orientation_cued_D0,0.00016,1.0000,0.0082,0.071,0.006
971,62144,orientation_cued_D4,0.00055,1.0000,0.2416,0.119,0.007
972,62208,orientation_cued_D2,0.00052,1.0000,0.1207,0.085,0.007
973,62272,orientation_cued_D0,0.00013,1.0000,0.0063,0.063,0.006
974,62336,orientation_cued_D4,0.00032,1.0000,0.0449,0.124,0.005
975,62400,orientation_cued_D2,0.00013,1.0000,0.0039,0.088,0.007
976,62464,orientation_cued_D0,0.00011,1.0000,0.0032,0.077,0.006
977,62528,orientation_cued_D4,0.00023,1.0000,0.0236,0.115,0.005
978,62592,orientation_cued_D2,0.00016,1.0000,0.0093,0.086,0.007
979,62656,orientation_cued_D0,0.00071,1.0000,0.3379,0.064,0.006
980,62720,orientation_cued_D4,0.00182,1.0000,0.8148,0.116,0.005
981,62784,orientation_cued_D2,0.00014,1.0000,0.0081,0.085,0.007
982,62848,orientation_cued_D0,0.00017,1.0000,0.0148,0.063,0.006
983,62912,orientation_cued_D4,0.00021,1.0000,0.0359,0.118,0.005
984,62976,orientation_cued_D2,0.00015,1.0000,0.0070,0.085,0.007
985,63040,orientation_cued_D0,0.00018,1.0000,0.0209,0.065,0.006
986,63104,orientation_cued_D4,0.00024,1.0000,0.0452,0.121,0.007
987,63168,orientation_cued_D2,0.00016,1.0000,0.0082,0.086,0.007
988,63232,orientation_cued_D0,0.00009,1.0000,0.0024,0.063,0.006
989,63296,orientation_cued_D4,0.00013,1.0000,0.0069,0.121,0.005
990,63360,orientation_cued_D2,0.00014,1.0000,0.0235,0.086,0.007
991,63424,orientation_cued_D0,0.00026,1.0000,0.0785,0.065,0.006
992,63488,orientation_cued_D4,0.00014,1.0000,0.0062,0.119,0.005
993,63552,orientation_cued_D2,0.00013,1.0000,0.0049,0.085,0.007
994,63616,orientation_cued_D0,0.00010,1.0000,0.0036,0.063,0.006
995,63680,orientation_cued_D4,0.00022,1.0000,0.0179,0.123,0.005
996,63744,orientation_cued_D2,0.00019,1.0000,0.0504,0.089,0.013
997,63808,orientation_cued_D0,0.00014,1.0000,0.0179,0.065,0.005
998,63872,orientation_cued_D4,0.00011,1.0000,0.0041,0.116,0.005
999,63936,orientation_cued_D2,0.00013,1.0000,0.0075,0.089,0.007
1000,64000,orientation_cued_D0,0.00011,1.0000,0.0037,0.066,0.006
1001,64064,orientation_cued_D4,0.00020,1.0000,0.0166,0.108,0.005
1002,64128,orientation_cued_D2,0.00014,1.0000,0.0101,0.091,0.008
1003,64192,orientation_cued_D0,0.00010,1.0000,0.0026,0.070,0.006
1004,64256,orientation_cued_D4,0.00014,1.0000,0.0066,0.119,0.005
1005,64320,orientation_cued_D2,0.00029,1.0000,0.1224,0.088,0.007
1006,64384,orientation_cued_D0,0.00010,1.0000,0.0029,0.066,0.006
1007,64448,orientation_cued_D4,0.00029,1.0000,0.0702,0.121,0.004
1008,64512,orientation_cued_D2,0.00014,1.0000,0.0202,0.089,0.007
1009,64576,orientation_cued_D0,0.00021,1.0000,0.0863,0.066,0.006
1010,64640,orientation_cued_D4,0.00018,1.0000,0.0226,0.115,0.006
1011,64704,orientation_cued_D2,0.00013,1.0000,0.0071,0.089,0.007
1012,64768,orientation_cued_D0,0.00010,1.0000,0.0041,0.066,0.006
1013,64832,orientation_cued_D4,0.00014,1.0000,0.0096,0.115,0.004
1014,64896,orientation_cued_D2,0.00123,1.0000,0.8860,0.088,0.007
1015,64960,orientation_cued_D0,0.00010,1.0000,0.0050,0.066,0.006
1016,65024,orientation_cued_D4,0.00816,1.0000,6.9243,0.115,0.004
1017,65088,orientation_cued_D2,0.00011,1.0000,0.0033,0.098,0.007
1018,65152,orientation_cued_D0,0.00010,1.0000,0.0026,0.067,0.006
1019,65216,orientation_cued_D4,0.00024,1.0000,0.0257,0.118,0.005
1020,65280,orientation_cued_D2,0.00056,1.0000,0.2951,0.088,0.007
1021,65344,orientation_cued_D0,0.00009,1.0000,0.0019,0.067,0.006
1022,65408,orientation_cued_D4,0.00033,1.0000,0.1625,0.115,0.004
1023,65472,orientation_cued_D2,0.00011,1.0000,0.0037,0.088,0.007
1024,65536,orientation_cued_D0,0.00009,1.0000,0.0020,0.067,0.006
1025,65600,orientation_cued_D4,0.00012,1.0000,0.0060,0.117,0.004
1026,65664,orientation_cued_D2,0.00012,1.0000,0.0051,0.088,0.008
1027,65728,orientation_cued_D0,0.00010,1.0000,0.0063,0.066,0.006
1028,65792,orientation_cued_D4,0.01855,0.9844,7.3956,0.120,0.005
1029,65856,orientation_cued_D2,0.00010,1.0000,0.0026,0.088,0.008
1030,65920,orientation_cued_D0,0.00008,1.0000,0.0020,0.066,0.006
1031,65984,orientation_cued_D4,0.00012,1.0000,0.0076,0.116,0.004
1032,66048,orientation_cued_D2,0.00010,1.0000,0.0027,0.088,0.007
1033,66112,orientation_cued_D0,0.00010,1.0000,0.0116,0.066,0.006
1034,66176,orientation_cued_D4,0.00042,1.0000,0.2105,0.115,0.004
1035,66240,orientation_cued_D2,0.00011,1.0000,0.0034,0.087,0.007
1036,66304,orientation_cued_D0,0.00008,1.0000,0.0028,0.066,0.006
1037,66368,orientation_cued_D4,0.00010,1.0000,0.0039,0.113,0.004
1038,66432,orientation_cued_D2,0.00010,1.0000,0.0042,0.091,0.007
1039,66496,orientation_cued_D0,0.00019,1.0000,0.0642,0.066,0.006
1040,66560,orientation_cued_D4,0.00012,1.0000,0.0073,0.151,0.007
1041,66624,orientation_cued_D2,0.00009,1.0000,0.0032,0.084,0.008
1042,66688,orientation_cued_D0,0.00008,1.0000,0.0020,0.068,0.005
1043,66752,orientation_cued_D4,0.01040,1.0000,6.7862,0.112,0.004
1044,66816,orientation_cued_D2,0.00008,1.0000,0.0019,0.084,0.007
1045,66880,orientation_cued_D0,0.00008,1.0000,0.0017,0.066,0.006
1046,66944,orientation_cued_D4,0.00014,1.0000,0.0135,0.117,0.004
1047,67008,orientation_cued_D2,0.00008,1.0000,0.0021,0.085,0.007
1048,67072,orientation_cued_D0,0.00009,1.0000,0.0021,0.069,0.006
1049,67136,orientation_cued_D4,0.00009,1.0000,0.0041,0.115,0.004
1050,67200,orientation_cued_D2,0.00014,1.0000,0.0160,0.087,0.008
1051,67264,orientation_cued_D0,0.00011,1.0000,0.0051,0.066,0.005
1052,67328,orientation_cued_D4,0.00017,1.0000,0.0237,0.114,0.004
1053,67392,orientation_cued_D2,0.00010,1.0000,0.0037,0.087,0.007
1054,67456,orientation_cued_D0,0.00015,1.0000,0.0382,0.066,0.006
1055,67520,orientation_cued_D4,0.04296,0.9844,30.8929,0.115,0.004
1056,67584,orientation_cued_D2,0.00010,1.0000,0.0022,0.092,0.008
1057,67648,orientation_cued_D0,0.00011,1.0000,0.0044,0.071,0.006
1058,67712,orientation_cued_D4,0.00012,1.0000,0.0089,0.126,0.004
1059,67776,orientation_cued_D2,0.00014,1.0000,0.0093,0.100,0.008
1060,67840,orientation_cued_D0,0.00013,1.0000,0.0131,0.068,0.006
1061,67904,orientation_cued_D4,0.00053,1.0000,0.1901,0.115,0.004
1062,67968,orientation_cued_D2,0.00116,1.0000,0.5593,0.088,0.008
1063,68032,orientation_cued_D0,0.00884,1.0000,3.5984,0.066,0.006
1064,68096,orientation_cued_D4,0.04551,0.9844,23.4288,0.114,0.004
1065,68160,orientation_cued_D2,0.00018,1.0000,0.0128,0.088,0.007
1066,68224,orientation_cued_D0,0.00028,1.0000,0.0392,0.066,0.006
1067,68288,orientation_cued_D4,0.00211,1.0000,1.0047,0.113,0.004
1068,68352,orientation_cued_D2,0.00025,1.0000,0.0289,0.088,0.007
1069,68416,orientation_cued_D0,0.00028,1.0000,0.0559,0.071,0.005
1070,68480,orientation_cued_D4,0.01362,0.9844,4.7329,0.133,0.004
1071,68544,orientation_cued_D2,0.00013,1.0000,0.0044,0.084,0.009
1072,68608,orientation_cued_D0,0.00754,1.0000,4.4354,0.066,0.006
1073,68672,orientation_cued_D4,0.00016,1.0000,0.0083,0.115,0.004
1074,68736,orientation_cued_D2,0.00012,1.0000,0.0046,0.087,0.007
1075,68800,orientation_cued_D0,0.00014,1.0000,0.0060,0.066,0.006
1076,68864,orientation_cued_D4,0.00078,1.0000,0.6996,0.113,0.004
1077,68928,orientation_cued_D2,0.00015,1.0000,0.0072,0.090,0.007
1078,68992,orientation_cued_D0,0.00066,1.0000,0.5675,0.066,0.006
1079,69056,orientation_cued_D4,0.00720,1.0000,4.7385,0.118,0.004
1080,69120,orientation_cued_D2,0.00078,1.0000,0.2383,0.089,0.007
1081,69184,orientation_cued_D0,0.08611,0.9844,18.6948,0.066,0.006
1082,69248,orientation_cued_D4,0.04323,0.9844,16.2369,0.114,0.004
1083,69312,orientation_cued_D2,0.00063,1.0000,0.4396,0.087,0.007
1084,69376,orientation_cued_D0,0.00011,1.0000,0.0041,0.064,0.006
1085,69440,orientation_cued_D4,0.00023,1.0000,0.0256,0.112,0.005
1086,69504,orientation_cued_D2,0.00023,1.0000,0.0380,0.087,0.007
1087,69568,orientation_cued_D0,0.00021,1.0000,0.0153,0.065,0.006
1088,69632,orientation_cued_D4,0.00017,1.0000,0.0069,0.112,0.004
1089,69696,orientation_cued_D2,0.01071,1.0000,5.7721,0.096,0.008
1090,69760,orientation_cued_D0,0.00847,1.0000,3.1624,0.072,0.010
1091,69824,orientation_cued_D4,0.00034,1.0000,0.0641,0.114,0.004
1092,69888,orientation_cued_D2,0.00033,1.0000,0.0371,0.089,0.008
1093,69952,orientation_cued_D0,0.04913,0.9844,13.3034,0.072,0.006
1094,70016,orientation_cued_D4,0.00389,1.0000,1.1305,0.115,0.004
1095,70080,orientation_cued_D2,0.00083,1.0000,0.2048,0.089,0.007
1096,70144,orientation_cued_D0,0.06286,0.9688,16.0222,0.065,0.006
1097,70208,orientation_cued_D4,0.00227,1.0000,0.5541,0.115,0.005
1098,70272,orientation_cued_D2,0.00387,1.0000,1.7850,0.088,0.008
1099,70336,orientation_cued_D0,0.00230,1.0000,0.5328,0.066,0.006
1100,70400,orientation_cued_D4,0.00047,1.0000,0.0495,0.128,0.005
1101,70464,orientation_cued_D2,0.00048,1.0000,0.0477,0.087,0.009
1102,70528,orientation_cued_D0,0.00147,1.0000,0.6016,0.066,0.006
1103,70592,orientation_cued_D4,0.00041,1.0000,0.0548,0.114,0.004
1104,70656,orientation_cued_D2,0.00041,1.0000,0.0179,0.088,0.007
1105,70720,orientation_cued_D0,0.00052,1.0000,0.0599,0.065,0.006
1106,70784,orientation_cued_D4,0.00060,1.0000,0.1007,0.114,0.004
1107,70848,orientation_cued_D2,0.00080,1.0000,0.0711,0.090,0.007
1108,70912,orientation_cued_D0,0.00057,1.0000,0.0300,0.069,0.006
1109,70976,orientation_cued_D4,0.00135,1.0000,0.4022,0.115,0.004
1110,71040,orientation_cued_D2,0.00060,1.0000,0.0380,0.093,0.008
1111,71104,orientation_cued_D0,0.04565,0.9844,16.8147,0.067,0.006
1112,71168,orientation_cued_D4,0.00055,1.0000,0.0927,0.122,0.004
1113,71232,orientation_cued_D2,0.00056,1.0000,0.0282,0.100,0.013
1114,71296,orientation_cued_D0,0.00049,1.0000,0.0476,0.071,0.006
1115,71360,orientation_cued_D4,0.00115,1.0000,0.4326,0.125,0.004
1116,71424,orientation_cued_D2,0.00219,1.0000,0.3496,0.095,0.014
1117,71488,orientation_cued_D0,0.00697,1.0000,2.0529,0.066,0.006
1118,71552,orientation_cued_D4,0.02712,0.9844,10.4893,0.115,0.004
1119,71616,orientation_cued_D2,0.02059,0.9844,2.7607,0.092,0.013
1120,71680,orientation_cued_D0,0.00869,1.0000,3.1111,0.069,0.006
1121,71744,orientation_cued_D4,0.00085,1.0000,0.1151,0.115,0.004
1122,71808,orientation_cued_D2,0.00042,1.0000,0.0301,0.093,0.012
1123,71872,orientation_cued_D0,0.00655,1.0000,2.7551,0.065,0.006
1124,71936,orientation_cued_D4,0.00034,1.0000,0.0250,0.114,0.004
1125,72000,orientation_cued_D2,0.00064,1.0000,0.0810,0.092,0.012
1126,72064,orientation_cued_D0,0.00074,1.0000,0.1038,0.065,0.006
1127,72128,orientation_cued_D4,0.00079,1.0000,0.0999,0.114,0.004
1128,72192,orientation_cued_D2,0.00042,1.0000,0.0224,0.092,0.013
1129,72256,orientation_cued_D0,0.00072,1.0000,0.0574,0.064,0.006
1130,72320,orientation_cued_D4,0.00049,1.0000,0.0323,0.118,0.004
1131,72384,orientation_cued_D2,0.00138,1.0000,0.2674,0.093,0.013
1132,72448,orientation_cued_D0,0.00073,1.0000,0.1594,0.064,0.006
1133,72512,orientation_cued_D4,0.00056,1.0000,0.0612,0.112,0.004
1134,72576,orientation_cued_D2,0.00303,1.0000,1.0430,0.092,0.012
1135,72640,orientation_cued_D0,0.00054,1.0000,0.0359,0.068,0.006
1136,72704,orientation_cued_D4,0.00057,1.0000,0.0324,0.112,0.004
1137,72768,orientation_cued_D2,0.00037,1.0000,0.0221,0.086,0.007
1138,72832,orientation_cued_D0,0.00065,1.0000,0.1268,0.065,0.006
1139,72896,orientation_cued_D4,0.00048,1.0000,0.0773,0.117,0.004
1140,72960,orientation_cued_D2,0.00063,1.0000,0.1099,0.104,0.007
1141,73024,orientation_cued_D0,0.00030,1.0000,0.0179,0.066,0.006
1142,73088,orientation_cued_D4,0.00045,1.0000,0.0605,0.113,0.004
1143,73152,orientation_cued_D2,0.00028,1.0000,0.0121,0.088,0.007
1144,73216,orientation_cued_D0,0.00042,1.0000,0.0280,0.074,0.006
1145,73280,orientation_cued_D4,0.00046,1.0000,0.1309,0.114,0.004
1146,73344,orientation_cued_D2,0.00028,1.0000,0.0122,0.115,0.007
1147,73408,orientation_cued_D0,0.00032,1.0000,0.0209,0.063,0.006
1148,73472,orientation_cued_D4,0.00061,1.0000,0.0821,0.111,0.004
1149,73536,orientation_cued_D2,0.00025,1.0000,0.0106,0.086,0.007
1150,73600,orientation_cued_D0,0.00028,1.0000,0.0206,0.066,0.006
1151,73664,orientation_cued_D4,0.00038,1.0000,0.0375,0.118,0.004
1152,73728,orientation_cued_D2,0.00026,1.0000,0.0129,0.088,0.007
1153,73792,orientation_cued_D0,0.00034,1.0000,0.0720,0.067,0.006
1154,73856,orientation_cued_D4,0.00054,1.0000,0.1207,0.113,0.004
1155,73920,orientation_cued_D2,0.00032,1.0000,0.0421,0.087,0.007
1156,73984,orientation_cued_D0,0.00023,1.0000,0.0093,0.065,0.006
1157,74048,orientation_cued_D4,0.00025,1.0000,0.0180,0.113,0.004
1158,74112,orientation_cued_D2,0.00017,1.0000,0.0056,0.087,0.007
1159,74176,orientation_cued_D0,0.00021,1.0000,0.0113,0.065,0.005
1160,74240,orientation_cued_D4,0.00018,1.0000,0.0094,0.113,0.004
1161,74304,orientation_cued_D2,0.00019,1.0000,0.0123,0.102,0.007
1162,74368,orientation_cued_D0,0.00020,1.0000,0.0094,0.065,0.006
1163,74432,orientation_cued_D4,0.00016,1.0000,0.0067,0.115,0.004
1164,74496,orientation_cued_D2,0.00018,1.0000,0.0074,0.087,0.007
1165,74560,orientation_cued_D0,0.00027,1.0000,0.0500,0.066,0.006
1166,74624,orientation_cued_D4,0.00015,1.0000,0.0051,0.114,0.004
1167,74688,orientation_cued_D2,0.00018,1.0000,0.0063,0.088,0.008
1168,74752,orientation_cued_D0,0.00064,1.0000,0.2485,0.069,0.006
1169,74816,orientation_cued_D4,0.00015,1.0000,0.0057,0.122,0.005
1170,74880,orientation_cued_D2,0.00017,1.0000,0.0052,0.094,0.007
1171,74944,orientation_cued_D0,0.00014,1.0000,0.0048,0.073,0.006
1172,75008,orientation_cued_D4,0.00017,1.0000,0.0083,0.123,0.007
1173,75072,orientation_cued_D2,0.00015,1.0000,0.0046,0.089,0.007
1174,75136,orientation_cued_D0,0.00015,1.0000,0.0048,0.069,0.009
1175,75200,orientation_cued_D4,0.00018,1.0000,0.0093,0.113,0.007
1176,75264,orientation_cued_D2,0.00014,1.0000,0.0044,0.085,0.007
1177,75328,orientation_cued_D0,0.00021,1.0000,0.0390,0.063,0.006
1178,75392,orientation_cued_D4,0.00017,1.0000,0.0125,0.111,0.004
1179,75456,orientation_cued_D2,0.00016,1.0000,0.0053,0.085,0.007
1180,75520,orientation_cued_D0,0.00015,1.0000,0.0057,0.063,0.006
1181,75584,orientation_cued_D4,0.00015,1.0000,0.0091,0.126,0.004
1182,75648,orientation_cued_D2,0.00013,1.0000,0.0039,0.093,0.008
1183,75712,orientation_cued_D0,0.00147,1.0000,0.9021,0.065,0.006
1184,75776,orientation_cued_D4,0.00014,1.0000,0.0089,0.113,0.004
1185,75840,orientation_cued_D2,0.00018,1.0000,0.0085,0.087,0.007
1186,75904,orientation_cued_D0,0.00015,1.0000,0.0070,0.069,0.006
1187,75968,orientation_cued_D4,0.00016,1.0000,0.0058,0.123,0.007
1188,76032,orientation_cued_D2,0.00014,1.0000,0.0048,0.086,0.008
1189,76096,orientation_cued_D0,0.00045,1.0000,0.1765,0.065,0.006
1190,76160,orientation_cued_D4,0.00015,1.0000,0.0130,0.112,0.004
1191,76224,orientation_cued_D2,0.00015,1.0000,0.0047,0.086,0.007
1192,76288,orientation_cued_D0,0.00014,1.0000,0.0055,0.077,0.008
1193,76352,orientation_cued_D4,0.00014,1.0000,0.0068,0.116,0.004
1194,76416,orientation_cued_D2,0.00015,1.0000,0.0058,0.087,0.007
1195,76480,orientation_cued_D0,0.00013,1.0000,0.0063,0.064,0.006
1196,76544,orientation_cued_D4,0.00013,1.0000,0.0071,0.115,0.004
1197,76608,orientation_cued_D2,0.00026,1.0000,0.0753,0.113,0.007
1198,76672,orientation_cued_D0,0.00019,1.0000,0.0197,0.064,0.006
1199,76736,orientation_cued_D4,0.00012,1.0000,0.0052,0.112,0.004
1200,76800,orientation_cued_D2,0.00013,1.0000,0.0043,0.086,0.007
1201,76864,orientation_cued_D0,0.00013,1.0000,0.0041,0.056,0.005
1202,76928,orientation_cued_D4,0.00018,1.0000,0.0265,0.109,0.004
1203,76992,orientation_cued_D2,0.00014,1.0000,0.0044,0.087,0.007
1204,77056,orientation_cued_D0,0.00013,1.0000,0.0050,0.072,0.009
1205,77120,orientation_cued_D4,0.00013,1.0000,0.0066,0.117,0.004
1206,77184,orientation_cued_D2,0.00012,1.0000,0.0038,0.094,0.008
1207,77248,orientation_cued_D0,0.00013,1.0000,0.0063,0.075,0.010
1208,77312,orientation_cued_D4,0.00011,1.0000,0.0048,0.127,0.004
1209,77376,orientation_cued_D2,0.00012,1.0000,0.0048,0.090,0.007
1210,77440,orientation_cued_D0,0.00023,1.0000,0.0762,0.069,0.010
1211,77504,orientation_cued_D4,0.00017,1.0000,0.0135,0.114,0.004
1212,77568,orientation_cued_D2,0.00012,1.0000,0.0032,0.089,0.007
1213,77632,orientation_cued_D0,0.00011,1.0000,0.0069,0.069,0.009
1214,77696,orientation_cued_D4,0.00012,1.0000,0.0065,0.122,0.004
1215,77760,orientation_cued_D2,0.00011,1.0000,0.0031,0.092,0.007
1216,77824,orientation_cued_D0,0.00010,1.0000,0.0025,0.070,0.009
1217,77888,orientation_cued_D4,0.00011,1.0000,0.0047,0.113,0.004
1218,77952,orientation_cued_D2,0.00011,1.0000,0.0028,0.086,0.007
1219,78016,orientation_cued_D0,0.00011,1.0000,0.0057,0.064,0.006
1220,78080,orientation_cued_D4,0.00013,1.0000,0.0069,0.113,0.004
1221,78144,orientation_cued_D2,0.00014,1.0000,0.0107,0.086,0.007
1222,78208,orientation_cued_D0,0.00026,1.0000,0.0610,0.064,0.006
1223,78272,orientation_cued_D4,0.00012,1.0000,0.0097,0.112,0.004
1224,78336,orientation_cued_D2,0.00014,1.0000,0.0075,0.102,0.007
1225,78400,orientation_cued_D0,0.00011,1.0000,0.0061,0.066,0.006
1226,78464,orientation_cued_D4,0.00018,1.0000,0.0468,0.113,0.004
1227,78528,orientation_cued_D2,0.00011,1.0000,0.0028,0.086,0.007
1228,78592,orientation_cued_D0,0.00015,1.0000,0.0199,0.065,0.006
1229,78656,orientation_cued_D4,0.00011,1.0000,0.0048,0.114,0.004
1230,78720,orientation_cued_D2,0.00011,1.0000,0.0035,0.086,0.007
1231,78784,orientation_cued_D0,0.00010,1.0000,0.0035,0.065,0.006
1232,78848,orientation_cued_D4,0.00011,1.0000,0.0051,0.113,0.004
1233,78912,orientation_cued_D2,0.00194,1.0000,1.7640,0.086,0.007
1234,78976,orientation_cued_D0,0.00010,1.0000,0.0039,0.066,0.006
1235,79040,orientation_cued_D4,0.00021,1.0000,0.0662,0.124,0.007
1236,79104,orientation_cued_D2,0.00010,1.0000,0.0026,0.088,0.008
1237,79168,orientation_cued_D0,0.00013,1.0000,0.0072,0.065,0.006
1238,79232,orientation_cued_D4,0.00011,1.0000,0.0052,0.113,0.004
1239,79296,orientation_cued_D2,0.00012,1.0000,0.0039,0.087,0.007
1240,79360,orientation_cued_D0,0.00022,1.0000,0.0514,0.064,0.006
1241,79424,orientation_cued_D4,0.00010,1.0000,0.0047,0.113,0.004
1242,79488,orientation_cued_D2,0.00029,1.0000,0.0362,0.086,0.007
1243,79552,orientation_cued_D0,0.00009,1.0000,0.0028,0.064,0.006
1244,79616,orientation_cued_D4,0.00012,1.0000,0.0065,0.113,0.004
1245,79680,orientation_cued_D2,0.00013,1.0000,0.0064,0.095,0.007
1246,79744,orientation_cued_D0,0.00009,1.0000,0.0022,0.065,0.006
1247,79808,orientation_cued_D4,0.00011,1.0000,0.0058,0.118,0.005
1248,79872,orientation_cued_D2,0.00011,1.0000,0.0033,0.087,0.007
1249,79936,orientation_cued_D0,0.00010,1.0000,0.0035,0.064,0.006
1250,80000,orientation_cued_D4,0.00021,1.0000,0.0391,0.111,0.004
1251,80064,orientation_cued_D2,0.00012,1.0000,0.0059,0.086,0.007
1252,80128,orientation_cued_D0,0.00024,1.0000,0.0387,0.064,0.006
1253,80192,orientation_cued_D4,0.00011,1.0000,0.0095,0.112,0.005
1254,80256,orientation_cued_D2,0.00011,1.0000,0.0036,0.086,0.007
1255,80320,orientation_cued_D0,0.00014,1.0000,0.0240,0.061,0.006
1256,80384,orientation_cued_D4,0.00010,1.0000,0.0067,0.120,0.005
1257,80448,orientation_cued_D2,0.00011,1.0000,0.0035,0.088,0.007
1258,80512,orientation_cued_D0,0.00011,1.0000,0.0058,0.063,0.006
1259,80576,orientation_cued_D4,0.00011,1.0000,0.0072,0.138,0.007
1260,80640,orientation_cued_D2,0.00011,1.0000,0.0041,0.089,0.009
1261,80704,orientation_cued_D4,0.00011,1.0000,0.0086,0.124,0.006
1262,80768,orientation_cued_D0,0.00009,1.0000,0.0031,0.066,0.009
1263,80832,orientation_cued_D2,0.00009,1.0000,0.0026,0.098,0.004
1264,80896,orientation_cued_D4,0.00010,1.0000,0.0042,0.123,0.006
1265,80960,orientation_cued_D0,0.00031,1.0000,0.1902,0.074,0.008
1266,81024,orientation_cued_D2,0.00011,1.0000,0.0040,0.117,0.007
1267,81088,orientation_cued_D4,0.00008,1.0000,0.0030,0.124,0.010
1268,81152,orientation_cued_D0,0.00031,1.0000,0.1309,0.061,0.009
1269,81216,orientation_cued_D2,0.00018,1.0000,0.0320,0.114,0.007
1270,81280,orientation_cued_D4,0.00011,1.0000,0.0060,0.122,0.010
1271,81344,orientation_cued_D0,0.00010,1.0000,0.0044,0.059,0.008
1272,81408,orientation_cued_D2,0.00010,1.0000,0.0029,0.108,0.007
1273,81472,orientation_cued_D4,0.00017,1.0000,0.0355,0.108,0.005
1274,81536,orientation_cued_D0,0.00008,1.0000,0.0031,0.063,0.007
1275,81600,orientation_cued_D2,0.00011,1.0000,0.0075,0.102,0.004
1276,81664,orientation_cued_D4,0.00010,1.0000,0.0052,0.112,0.006
1277,81728,orientation_cued_D0,0.00008,1.0000,0.0022,0.065,0.007
1278,81792,orientation_cued_D2,0.00011,1.0000,0.0050,0.089,0.004
1279,81856,orientation_cued_D4,0.00012,1.0000,0.0140,0.112,0.007
1280,81920,orientation_cued_D0,0.00009,1.0000,0.0026,0.064,0.007
1281,81984,orientation_cued_D2,0.00011,1.0000,0.0055,0.088,0.004
1282,82048,orientation_cued_D4,0.00009,1.0000,0.0044,0.112,0.006
1283,82112,orientation_cued_D0,0.00010,1.0000,0.0055,0.063,0.008
1284,82176,orientation_cued_D2,0.00009,1.0000,0.0024,0.089,0.004
1285,82240,orientation_cued_D4,0.00008,1.0000,0.0031,0.117,0.006
1286,82304,orientation_cued_D0,0.00020,1.0000,0.0610,0.066,0.008
1287,82368,orientation_cued_D2,0.00009,1.0000,0.0026,0.090,0.004
1288,82432,orientation_cued_D4,0.00014,1.0000,0.0299,0.113,0.007
1289,82496,orientation_cued_D0,0.00015,1.0000,0.0388,0.064,0.008
1290,82560,orientation_cued_D2,0.00008,1.0000,0.0022,0.089,0.004
1291,82624,orientation_cued_D4,0.00009,1.0000,0.0065,0.111,0.006
1292,82688,orientation_cued_D0,0.00016,1.0000,0.0265,0.063,0.007
1293,82752,orientation_cued_D2,0.00009,1.0000,0.0030,0.088,0.004
1294,82816,orientation_cued_D4,0.00007,1.0000,0.0041,0.110,0.006
1295,82880,orientation_cued_D0,0.00009,1.0000,0.0062,0.064,0.007
1296,82944,orientation_cued_D2,0.00008,1.0000,0.0022,0.097,0.005
1297,83008,orientation_cued_D4,0.00010,1.0000,0.0163,0.114,0.006
1298,83072,orientation_cued_D0,0.00006,1.0000,0.0017,0.071,0.007
1299,83136,orientation_cued_D2,0.00007,1.0000,0.0020,0.091,0.004
1300,83200,orientation_cued_D4,0.00007,1.0000,0.0036,0.114,0.006
1301,83264,orientation_cued_D0,0.00008,1.0000,0.0032,0.064,0.007
1302,83328,orientation_cued_D2,0.00010,1.0000,0.0061,0.090,0.004
1303,83392,orientation_cued_D4,0.00014,1.0000,0.0593,0.112,0.007
1304,83456,orientation_cued_D0,0.00006,1.0000,0.0021,0.064,0.007
1305,83520,orientation_cued_D2,0.00008,1.0000,0.0030,0.089,0.004
1306,83584,orientation_cued_D4,0.00008,1.0000,0.0057,0.123,0.006
1307,83648,orientation_cued_D0,0.00007,1.0000,0.0042,0.064,0.009
1308,83712,orientation_cued_D2,0.00033,1.0000,0.1259,0.089,0.004
1309,83776,orientation_cued_D4,0.00011,1.0000,0.0136,0.113,0.007
1310,83840,orientation_cued_D0,0.00008,1.0000,0.0090,0.067,0.007
1311,83904,orientation_cued_D2,0.00008,1.0000,0.0026,0.089,0.005
1312,83968,orientation_cued_D4,0.00007,1.0000,0.0032,0.111,0.006
1313,84032,orientation_cued_D0,0.00006,1.0000,0.0018,0.064,0.007
1314,84096,orientation_cued_D2,0.00008,1.0000,0.0069,0.089,0.004
1315,84160,orientation_cued_D4,0.00009,1.0000,0.0049,0.111,0.006
1316,84224,orientation_cued_D0,0.04141,0.9844,13.7954,0.067,0.007
1317,84288,orientation_cued_D2,0.00008,1.0000,0.0032,0.105,0.007
1318,84352,orientation_cued_D4,0.00010,1.0000,0.0119,0.118,0.006
1319,84416,orientation_cued_D0,0.00076,1.0000,0.3612,0.070,0.008
1320,84480,orientation_cued_D2,0.00018,1.0000,0.0392,0.118,0.004
1321,84544,orientation_cued_D4,0.00022,1.0000,0.0391,0.115,0.006
1322,84608,orientation_cued_D0,0.00457,1.0000,1.8432,0.086,0.008
1323,84672,orientation_cued_D2,0.00050,1.0000,0.1382,0.095,0.004
1324,84736,orientation_cued_D4,0.00089,1.0000,0.3046,0.110,0.006
1325,84800,orientation_cued_D0,0.00050,1.0000,0.1164,0.064,0.008
1326,84864,orientation_cued_D2,0.00742,1.0000,3.1315,0.092,0.004
1327,84928,orientation_cued_D4,0.00098,1.0000,0.7277,0.114,0.007
1328,84992,orientation_cued_D0,0.07576,0.9844,5.0312,0.064,0.008
1329,85056,orientation_cued_D2,0.00023,1.0000,0.0743,0.090,0.004
1330,85120,orientation_cued_D4,0.00012,1.0000,0.0186,0.116,0.006
1331,85184,orientation_cued_D0,0.00171,1.0000,0.4645,0.064,0.007
1332,85248,orientation_cued_D2,0.00010,1.0000,0.0053,0.088,0.004
1333,85312,orientation_cued_D4,0.00008,1.0000,0.0058,0.109,0.006
1334,85376,orientation_cued_D0,0.00145,1.0000,0.5321,0.063,0.007
1335,85440,orientation_cued_D2,0.00007,1.0000,0.0018,0.088,0.004
1336,85504,orientation_cued_D4,0.00006,1.0000,0.0043,0.109,0.006
1337,85568,orientation_cued_D0,0.00008,1.0000,0.0027,0.070,0.007
1338,85632,orientation_cued_D2,0.00527,1.0000,3.1692,0.090,0.004
1339,85696,orientation_cued_D4,0.00019,1.0000,0.0941,0.111,0.007
1340,85760,orientation_cued_D0,0.02019,0.9844,9.0339,0.061,0.007
1341,85824,orientation_cued_D2,0.00017,1.0000,0.0706,0.091,0.004
1342,85888,orientation_cued_D4,0.00010,1.0000,0.0154,0.109,0.006
1343,85952,orientation_cued_D0,0.00009,1.0000,0.0038,0.061,0.007
1344,86016,orientation_cued_D2,0.00008,1.0000,0.0038,0.083,0.004
1345,86080,orientation_cued_D4,0.00010,1.0000,0.0184,0.109,0.006
1346,86144,orientation_cued_D0,0.00009,1.0000,0.0042,0.060,0.007
1347,86208,orientation_cued_D2,0.00008,1.0000,0.0023,0.084,0.004
1348,86272,orientation_cued_D4,0.00048,1.0000,0.2918,0.111,0.007
1349,86336,orientation_cued_D0,0.00016,1.0000,0.0222,0.061,0.007
1350,86400,orientation_cued_D2,0.00008,1.0000,0.0036,0.102,0.006
1351,86464,orientation_cued_D4,0.00112,1.0000,0.5059,0.104,0.005
1352,86528,orientation_cued_D0,0.00060,1.0000,0.2402,0.064,0.007
1353,86592,orientation_cued_D2,0.00035,1.0000,0.1047,0.083,0.004
1354,86656,orientation_cued_D4,0.00015,1.0000,0.0241,0.104,0.006
1355,86720,orientation_cued_D0,0.00121,1.0000,0.3551,0.060,0.007
1356,86784,orientation_cued_D2,0.00016,1.0000,0.0177,0.082,0.004
1357,86848,orientation_cued_D4,0.00061,1.0000,0.2376,0.105,0.006
1358,86912,orientation_cued_D0,0.01067,1.0000,2.6617,0.061,0.007
1359,86976,orientation_cued_D2,0.00270,1.0000,2.1480,0.087,0.004
1360,87040,orientation_cued_D4,0.00013,1.0000,0.0172,0.108,0.007
1361,87104,orientation_cued_D0,0.00033,1.0000,0.1376,0.060,0.007
1362,87168,orientation_cued_D2,0.00018,1.0000,0.0241,0.085,0.004
1363,87232,orientation_cued_D4,0.00029,1.0000,0.2695,0.108,0.006
1364,87296,orientation_cued_D0,0.00012,1.0000,0.0046,0.060,0.007
1365,87360,orientation_cued_D2,0.00009,1.0000,0.0033,0.083,0.004
1366,87424,orientation_cued_D4,0.00009,1.0000,0.0065,0.106,0.006
1367,87488,orientation_cued_D0,0.00009,1.0000,0.0055,0.060,0.007
1368,87552,orientation_cued_D2,0.00011,1.0000,0.0056,0.083,0.004
1369,87616,orientation_cued_D4,0.00087,1.0000,1.2654,0.107,0.006
1370,87680,orientation_cued_D0,0.00024,1.0000,0.1159,0.065,0.007
1371,87744,orientation_cued_D2,0.00009,1.0000,0.0028,0.085,0.004
1372,87808,orientation_cued_D4,0.00010,1.0000,0.0073,0.110,0.007
1373,87872,orientation_cued_D0,0.00011,1.0000,0.0035,0.073,0.013
1374,87936,orientation_cued_D2,0.00010,1.0000,0.0030,0.122,0.004
1375,88000,orientation_cued_D4,0.00009,1.0000,0.0104,0.175,0.010
1376,88064,orientation_cued_D0,0.00009,1.0000,0.0026,0.076,0.008
1377,88128,orientation_cued_D2,0.00009,1.0000,0.0027,0.104,0.005
1378,88192,orientation_cued_D4,0.00008,1.0000,0.0038,0.130,0.008
1379,88256,orientation_cued_D0,0.00010,1.0000,0.0035,0.075,0.008
1380,88320,orientation_cued_D2,0.00010,1.0000,0.0023,0.088,0.004
1381,88384,orientation_cued_D4,0.00008,1.0000,0.0046,0.120,0.006
1382,88448,orientation_cued_D0,0.00095,1.0000,0.6165,0.065,0.008
1383,88512,orientation_cued_D2,0.00009,1.0000,0.0026,0.091,0.004
1384,88576,orientation_cued_D4,0.00010,1.0000,0.0066,0.114,0.007
1385,88640,orientation_cued_D0,0.00048,1.0000,0.2754,0.064,0.008
1386,88704,orientation_cued_D2,0.00010,1.0000,0.0053,0.088,0.004
1387,88768,orientation_cued_D4,0.00008,1.0000,0.0053,0.115,0.007
1388,88832,orientation_cued_D0,0.00009,1.0000,0.0028,0.064,0.007
1389,88896,orientation_cued_D2,0.00009,1.0000,0.0026,0.094,0.004
1390,88960,orientation_cued_D4,0.00009,1.0000,0.0138,0.115,0.007
1391,89024,orientation_cued_D0,0.00011,1.0000,0.0047,0.065,0.007
1392,89088,orientation_cued_D2,0.00008,1.0000,0.0020,0.091,0.004
1393,89152,orientation_cued_D4,0.00008,1.0000,0.0028,0.115,0.006
1394,89216,orientation_cued_D0,0.00012,1.0000,0.0055,0.065,0.008
1395,89280,orientation_cued_D2,0.00008,1.0000,0.0021,0.090,0.004
1396,89344,orientation_cued_D4,0.00008,1.0000,0.0057,0.111,0.006
1397,89408,orientation_cued_D0,0.00009,1.0000,0.0025,0.064,0.008
1398,89472,orientation_cued_D2,0.00009,1.0000,0.0025,0.089,0.004
1399,89536,orientation_cued_D4,0.00009,1.0000,0.0056,0.114,0.006
1400,89600,orientation_cued_D0,0.00010,1.0000,0.0032,0.065,0.008
1401,89664,orientation_cued_D2,0.00008,1.0000,0.0025,0.080,0.004
1402,89728,orientation_cued_D4,0.00008,1.0000,0.0080,0.107,0.005
1403,89792,orientation_cued_D0,0.00027,1.0000,0.1240,0.063,0.007
1404,89856,orientation_cued_D2,0.00010,1.0000,0.0108,0.088,0.004
1405,89920,orientation_cued_D4,0.00007,1.0000,0.0049,0.111,0.006
1406,89984,orientation_cued_D0,0.00010,1.0000,0.0031,0.064,0.008
1407,90048,orientation_cued_D2,0.00008,1.0000,0.0020,0.094,0.004
1408,90112,orientation_cued_D4,0.00007,1.0000,0.0030,0.115,0.006
1409,90176,orientation_cued_D0,0.00953,1.0000,7.7176,0.064,0.007
1410,90240,orientation_cued_D2,0.00008,1.0000,0.0032,0.089,0.004
1411,90304,orientation_cued_D4,0.00007,1.0000,0.0032,0.114,0.006
1412,90368,orientation_cued_D0,0.00011,1.0000,0.0044,0.078,0.014
1413,90432,orientation_cued_D2,0.00008,1.0000,0.0023,0.097,0.004
1414,90496,orientation_cued_D4,0.00007,1.0000,0.0033,0.122,0.006
1415,90560,orientation_cued_D0,0.00008,1.0000,0.0020,0.069,0.008
1416,90624,orientation_cued_D2,0.00007,1.0000,0.0016,0.096,0.005
1417,90688,orientation_cued_D4,0.00007,1.0000,0.0041,0.114,0.006
1418,90752,orientation_cued_D0,0.00008,1.0000,0.0026,0.064,0.007
1419,90816,orientation_cued_D2,0.00008,1.0000,0.0018,0.089,0.004
1420,90880,orientation_cued_D4,0.00007,1.0000,0.0034,0.111,0.006
1421,90944,orientation_cued_D0,0.00008,1.0000,0.0021,0.065,0.007
1422,91008,orientation_cued_D2,0.00008,1.0000,0.0021,0.092,0.004
1423,91072,orientation_cued_D4,0.00007,1.0000,0.0026,0.111,0.006
1424,91136,orientation_cued_D0,0.00008,1.0000,0.0026,0.064,0.007
1425,91200,orientation_cued_D2,0.00007,1.0000,0.0022,0.090,0.004
1426,91264,orientation_cued_D4,0.00008,1.0000,0.0034,0.112,0.006
1427,91328,orientation_cued_D0,0.00330,1.0000,1.9175,0.064,0.007
1428,91392,orientation_cued_D2,0.00007,1.0000,0.0038,0.089,0.004
1429,91456,orientation_cued_D4,0.00006,1.0000,0.0017,0.110,0.006
1430,91520,orientation_cued_D0,0.00308,1.0000,2.4466,0.066,0.012
1431,91584,orientation_cued_D2,0.00007,1.0000,0.0018,0.089,0.004
1432,91648,orientation_cued_D4,0.00006,1.0000,0.0028,0.114,0.006
1433,91712,orientation_cued_D0,0.00007,1.0000,0.0021,0.064,0.007
1434,91776,orientation_cued_D2,0.00006,1.0000,0.0014,0.090,0.004
1435,91840,orientation_cued_D4,0.00006,1.0000,0.0017,0.111,0.006
1436,91904,orientation_cued_D0,0.00016,1.0000,0.0474,0.064,0.007
1437,91968,orientation_cued_D2,0.00006,1.0000,0.0015,0.090,0.004
1438,92032,orientation_cued_D4,0.00007,1.0000,0.0022,0.110,0.006
1439,92096,orientation_cued_D0,0.00008,1.0000,0.0052,0.064,0.007
1440,92160,orientation_cued_D2,0.00006,1.0000,0.0019,0.091,0.004
1441,92224,orientation_cued_D4,0.00006,1.0000,0.0129,0.118,0.006
1442,92288,orientation_cued_D0,0.00008,1.0000,0.0020,0.071,0.007
1443,92352,orientation_cued_D2,0.00006,1.0000,0.0015,0.093,0.004
1444,92416,orientation_cued_D4,0.00006,1.0000,0.0036,0.112,0.006
1445,92480,orientation_cued_D0,0.00006,1.0000,0.0017,0.064,0.007
1446,92544,orientation_cued_D2,0.00007,1.0000,0.0028,0.090,0.004
1447,92608,orientation_cued_D4,0.00006,1.0000,0.0044,0.112,0.006
1448,92672,orientation_cued_D0,0.00009,1.0000,0.0064,0.063,0.007
1449,92736,orientation_cued_D2,0.00007,1.0000,0.0023,0.089,0.004
1450,92800,orientation_cued_D4,0.00006,1.0000,0.0017,0.111,0.006
1451,92864,orientation_cued_D0,0.00008,1.0000,0.0051,0.063,0.007
1452,92928,orientation_cued_D2,0.00006,1.0000,0.0014,0.089,0.004
1453,92992,orientation_cued_D4,0.00005,1.0000,0.0028,0.115,0.006
1454,93056,orientation_cued_D0,0.00008,1.0000,0.0066,0.064,0.008
1455,93120,orientation_cued_D2,0.00006,1.0000,0.0015,0.090,0.004
1456,93184,orientation_cued_D4,0.00006,1.0000,0.0035,0.111,0.006
1457,93248,orientation_cued_D0,0.00006,1.0000,0.0014,0.069,0.008
1458,93312,orientation_cued_D2,0.00007,1.0000,0.0021,0.088,0.004
1459,93376,orientation_cued_D4,0.00006,1.0000,0.0031,0.111,0.006
1460,93440,orientation_cued_D0,0.00008,1.0000,0.0035,0.064,0.007
1461,93504,orientation_cued_D2,0.00006,1.0000,0.0013,0.091,0.004
1462,93568,orientation_cued_D4,0.00005,1.0000,0.0014,0.111,0.006
1463,93632,orientation_cued_D0,0.00007,1.0000,0.0027,0.068,0.007
1464,93696,orientation_cued_D2,0.00006,1.0000,0.0012,0.129,0.005
1465,93760,orientation_cued_D4,0.00006,1.0000,0.0031,0.112,0.006
1466,93824,orientation_cued_D0,0.00005,1.0000,0.0012,0.064,0.008
1467,93888,orientation_cued_D2,0.00008,1.0000,0.0143,0.090,0.005
1468,93952,orientation_cued_D4,0.00006,1.0000,0.0033,0.113,0.006
1469,94016,orientation_cued_D0,0.00006,1.0000,0.0015,0.068,0.008
1470,94080,orientation_cued_D2,0.00006,1.0000,0.0012,0.098,0.004
1471,94144,orientation_cued_D4,0.00005,1.0000,0.0018,0.122,0.006
1472,94208,orientation_cued_D0,0.00006,1.0000,0.0016,0.071,0.008
1473,94272,orientation_cued_D2,0.00006,1.0000,0.0014,0.102,0.004
1474,94336,orientation_cued_D4,0.00005,1.0000,0.0015,0.115,0.006
1475,94400,orientation_cued_D0,0.00008,1.0000,0.0141,0.064,0.007
1476,94464,orientation_cued_D2,0.00006,1.0000,0.0016,0.090,0.004
1477,94528,orientation_cued_D4,0.00005,1.0000,0.0026,0.118,0.006
1478,94592,orientation_cued_D0,0.00005,1.0000,0.0012,0.064,0.008
1479,94656,orientation_cued_D2,0.00006,1.0000,0.0014,0.089,0.004
1480,94720,orientation_cued_D4,0.00006,1.0000,0.0032,0.111,0.006
1481,94784,orientation_cued_D0,0.00006,1.0000,0.0014,0.063,0.007
1482,94848,orientation_cued_D2,0.00006,1.0000,0.0013,0.089,0.004
1483,94912,orientation_cued_D4,0.00005,1.0000,0.0017,0.112,0.006
1484,94976,orientation_cued_D0,0.00007,1.0000,0.0020,0.066,0.008
1485,95040,orientation_cued_D2,0.00006,1.0000,0.0016,0.090,0.004
1486,95104,orientation_cued_D4,0.00005,1.0000,0.0022,0.112,0.006
1487,95168,orientation_cued_D0,0.00006,1.0000,0.0018,0.064,0.007
1488,95232,orientation_cued_D2,0.00006,1.0000,0.0014,0.091,0.004
1489,95296,orientation_cued_D4,0.00005,1.0000,0.0016,0.111,0.006
1490,95360,orientation_cued_D0,0.00006,1.0000,0.0017,0.063,0.007
1491,95424,orientation_cued_D2,0.00006,1.0000,0.0013,0.089,0.004
1492,95488,orientation_cued_D4,0.00005,1.0000,0.0013,0.112,0.006
1493,95552,orientation_cued_D0,0.01494,0.9844,8.5054,0.063,0.007
1494,95616,orientation_cued_D2,0.00007,1.0000,0.0018,0.094,0.004
1495,95680,orientation_cued_D4,0.00005,1.0000,0.0024,0.118,0.010
1496,95744,orientation_cued_D0,0.00271,1.0000,3.4700,0.065,0.008
1497,95808,orientation_cued_D2,0.00006,1.0000,0.0015,0.087,0.004
1498,95872,orientation_cued_D4,0.00006,1.0000,0.0067,0.118,0.006
1499,95936,orientation_cued_D0,0.00006,1.0000,0.0021,0.065,0.007
1500,96000,orientation_cued_D2,0.00006,1.0000,0.0015,0.087,0.004
1501,96064,orientation_cued_D4,0.00007,1.0000,0.0099,0.112,0.007
1502,96128,orientation_cued_D0,0.00016,1.0000,0.0541,0.065,0.007
1503,96192,orientation_cued_D4,0.00022,1.0000,0.1517,0.112,0.004
1504,96256,orientation_cued_D2,0.00016,1.0000,0.0717,0.090,0.008
1505,96320,orientation_cued_D0,0.00007,1.0000,0.0070,0.074,0.009
1506,96384,orientation_cued_D4,0.00022,1.0000,0.1428,0.117,0.006
1507,96448,orientation_cued_D2,0.00013,1.0000,0.0193,0.085,0.008
1508,96512,orientation_cued_D0,0.00009,1.0000,0.0098,0.064,0.006
1509,96576,orientation_cued_D4,0.00011,1.0000,0.0231,0.116,0.004
1510,96640,orientation_cued_D2,0.00008,1.0000,0.0081,0.085,0.007
1511,96704,orientation_cued_D0,0.07837,0.9688,9.3584,0.063,0.006
1512,96768,orientation_cued_D4,0.00025,1.0000,0.1537,0.110,0.004
1513,96832,orientation_cued_D2,0.00016,1.0000,0.0764,0.086,0.008
1514,96896,orientation_cued_D0,0.00005,1.0000,0.0012,0.064,0.006
1515,96960,orientation_cued_D4,0.00006,1.0000,0.0163,0.122,0.004
1516,97024,orientation_cued_D2,0.00005,1.0000,0.0012,0.086,0.008
1517,97088,orientation_cued_D0,0.00008,1.0000,0.0221,0.065,0.006
1518,97152,orientation_cued_D4,0.00005,1.0000,0.0030,0.111,0.004
1519,97216,orientation_cued_D2,0.00006,1.0000,0.0017,0.089,0.008
1520,97280,orientation_cued_D0,0.00015,1.0000,0.0404,0.064,0.006
1521,97344,orientation_cued_D4,0.00005,1.0000,0.0024,0.111,0.004
1522,97408,orientation_cued_D2,0.00005,1.0000,0.0010,0.085,0.007
1523,97472,orientation_cued_D0,0.00007,1.0000,0.0018,0.064,0.006
1524,97536,orientation_cued_D4,0.00006,1.0000,0.0112,0.113,0.004
1525,97600,orientation_cued_D2,0.00010,1.0000,0.0260,0.093,0.007
1526,97664,orientation_cued_D0,0.00007,1.0000,0.0019,0.073,0.008
1527,97728,orientation_cued_D4,0.00005,1.0000,0.0073,0.123,0.005
1528,97792,orientation_cued_D2,0.00006,1.0000,0.0020,0.094,0.008
1529,97856,orientation_cued_D0,0.00016,1.0000,0.0726,0.074,0.006
1530,97920,orientation_cued_D4,0.00073,1.0000,0.5547,0.138,0.004
1531,97984,orientation_cued_D2,0.00007,1.0000,0.0036,0.087,0.007
1532,98048,orientation_cued_D0,0.00013,1.0000,0.0149,0.065,0.006
1533,98112,orientation_cued_D4,0.00007,1.0000,0.0247,0.112,0.004
1534,98176,orientation_cued_D2,0.00008,1.0000,0.0069,0.086,0.007
1535,98240,orientation_cued_D0,0.03465,0.9844,10.7467,0.067,0.006
1536,98304,orientation_cued_D4,0.00727,1.0000,5.9234,0.115,0.004
1537,98368,orientation_cued_D2,0.00116,1.0000,1.0178,0.087,0.008
1538,98432,orientation_cued_D0,0.00015,1.0000,0.0333,0.066,0.006
1539,98496,orientation_cued_D4,0.00009,1.0000,0.0468,0.114,0.004
1540,98560,orientation_cued_D2,0.00009,1.0000,0.0122,0.095,0.008
1541,98624,orientation_cued_D0,0.00787,1.0000,4.7111,0.066,0.006
1542,98688,orientation_cued_D4,0.00165,1.0000,1.5297,0.114,0.004
1543,98752,orientation_cued_D2,0.00014,1.0000,0.0229,0.087,0.007
1544,98816,orientation_cued_D0,0.00013,1.0000,0.0102,0.065,0.005
1545,98880,orientation_cued_D4,0.00007,1.0000,0.0097,0.112,0.004
1546,98944,orientation_cued_D2,0.00008,1.0000,0.0021,0.091,0.008
1547,99008,orientation_cued_D0,0.00031,1.0000,0.0919,0.066,0.006
1548,99072,orientation_cued_D4,0.00012,1.0000,0.0413,0.114,0.004
1549,99136,orientation_cued_D2,0.00011,1.0000,0.0063,0.086,0.008
1550,99200,orientation_cued_D0,0.00011,1.0000,0.0044,0.065,0.006
1551,99264,orientation_cued_D4,0.00017,1.0000,0.1313,0.115,0.005
1552,99328,orientation_cued_D2,0.00009,1.0000,0.0024,0.086,0.007
1553,99392,orientation_cued_D0,0.00014,1.0000,0.0049,0.064,0.006
1554,99456,orientation_cued_D4,0.00008,1.0000,0.0063,0.113,0.004
1555,99520,orientation_cued_D2,0.00009,1.0000,0.0021,0.087,0.007
1556,99584,orientation_cued_D0,0.00094,1.0000,0.4172,0.067,0.006
1557,99648,orientation_cued_D4,0.00011,1.0000,0.0125,0.147,0.007
1558,99712,orientation_cued_D2,0.00013,1.0000,0.0214,0.096,0.014
1559,99776,orientation_cued_D0,0.00016,1.0000,0.0068,0.065,0.006
1560,99840,orientation_cued_D4,0.00011,1.0000,0.0119,0.126,0.007
1561,99904,orientation_cued_D2,0.00009,1.0000,0.0022,0.086,0.007
1562,99968,orientation_cued_D0,0.00044,1.0000,0.1787,0.075,0.009
1563,100032,orientation_cued_D4,0.00010,1.0000,0.0046,0.112,0.004
