update,episodes,cell,loss,accuracy,grad_norm,seconds,wait_seconds
1,64,orientation_cued_D0,0.00013,1.0000,0.0449,0.630,1.038
2,128,orientation_cued_D4,0.00033,1.0000,0.2341,0.178,0.005
3,192,orientation_cued_D12,0.10355,0.9844,10.4324,0.328,0.009
4,256,orientation_cued_D0,0.00005,1.0000,0.0009,0.074,0.020
5,320,orientation_cued_D4,0.00006,1.0000,0.0015,0.126,0.005
6,384,orientation_cued_D24,1.03834,0.8438,40.1592,0.403,0.009
7,448,orientation_cued_D0,0.00005,1.0000,0.0012,0.058,0.020
8,512,orientation_cued_D24,0.76781,0.8594,32.4339,0.371,0.004
9,576,orientation_cued_D12,0.00027,1.0000,0.1732,0.212,0.021
10,640,orientation_cued_D4,0.00007,1.0000,0.0021,0.110,0.012
11,704,orientation_cued_D12,0.00055,1.0000,0.1586,0.227,0.007
12,768,orientation_cued_D24,0.07632,0.9688,23.7591,0.359,0.014
13,832,orientation_cued_D0,0.00006,1.0000,0.0018,0.058,0.020
14,896,orientation_cued_D4,0.00009,1.0000,0.0028,0.115,0.004
15,960,orientation_cued_D12,0.00019,1.0000,0.0231,0.261,0.007
16,1024,orientation_cued_D0,0.00007,1.0000,0.0021,0.057,0.013
17,1088,orientation_cued_D24,0.10254,0.9688,34.1085,0.369,0.006
18,1152,orientation_cued_D4,0.00068,1.0000,0.5913,0.105,0.019
19,1216,orientation_cued_D24,0.06191,0.9688,22.1741,0.386,0.007
20,1280,orientation_cued_D12,0.00032,1.0000,0.0911,0.206,0.020
21,1344,orientation_cued_D0,0.00008,1.0000,0.0107,0.059,0.012
22,1408,orientation_cued_D12,0.00015,1.0000,0.0098,0.237,0.005
23,1472,orientation_cued_D4,0.00011,1.0000,0.0062,0.107,0.013
24,1536,orientation_cued_D4,0.00014,1.0000,0.0084,0.135,0.013
25,1600,orientation_cued_D24,0.00306,1.0000,1.7941,0.358,0.012
26,1664,orientation_cued_D0,0.00009,1.0000,0.0038,0.058,0.020
27,1728,orientation_cued_D0,0.00010,1.0000,0.0126,0.059,0.004
28,1792,orientation_cued_D12,0.00028,1.0000,0.0299,0.232,0.004
29,1856,orientation_cued_D24,0.04975,0.9844,19.7499,0.352,0.013
30,1920,orientation_cued_D24,0.08401,0.9844,11.8664,0.356,0.021
31,1984,orientation_cued_D4,0.00019,1.0000,0.0176,0.108,0.019
32,2048,orientation_cued_D12,0.00023,1.0000,0.0385,0.230,0.007
33,2112,orientation_cued_D12,0.00054,1.0000,0.1868,0.213,0.014
34,2176,orientation_cued_D0,0.00064,1.0000,0.3965,0.061,0.013
35,2240,orientation_cued_D4,0.00141,1.0000,1.5469,0.118,0.004
36,2304,orientation_cued_D4,0.00025,1.0000,0.1862,0.119,0.008
37,2368,orientation_cued_D0,0.00569,1.0000,3.2911,0.063,0.007
38,2432,orientation_cued_D0,0.00010,1.0000,0.0070,0.061,0.004
39,2496,orientation_cued_D24,0.09866,0.9688,31.8117,0.377,0.004
40,2560,orientation_cued_D24,0.05507,0.9844,13.3958,0.356,0.021
41,2624,orientation_cued_D24,0.01162,1.0000,7.1585,0.352,0.020
42,2688,orientation_cued_D12,0.00043,1.0000,0.0436,0.205,0.020
43,2752,orientation_cued_D12,0.00055,1.0000,0.0769,0.224,0.015
44,2816,orientation_cued_D12,0.00061,1.0000,0.1704,0.228,0.014
45,2880,orientation_cued_D4,0.00029,1.0000,0.0653,0.109,0.012
46,2944,orientation_cued_D4,0.00089,1.0000,0.5316,0.123,0.006
47,3008,orientation_cued_D4,0.00034,1.0000,0.1354,0.124,0.007
48,3072,orientation_cued_D0,0.00074,1.0000,0.3076,0.066,0.008
49,3136,orientation_cued_D0,0.00022,1.0000,0.0980,0.061,0.004
50,3200,orientation_cued_D0,0.00017,1.0000,0.0296,0.073,0.005
51,3264,orientation_cued_D24,0.07647,0.9688,25.3123,0.352,0.004
52,3328,orientation_cued_D24,0.19028,0.9688,13.1534,0.355,0.020
53,3392,orientation_cued_D24,0.07310,0.9688,19.9382,0.355,0.020
54,3456,orientation_cued_D12,0.00418,1.0000,3.3740,0.201,0.020
55,3520,orientation_cued_D12,0.00070,1.0000,0.1598,0.235,0.014
56,3584,orientation_cued_D12,0.00078,1.0000,0.2205,0.222,0.012
57,3648,orientation_cued_D4,0.00016,1.0000,0.0097,0.109,0.012
58,3712,orientation_cued_D4,0.00017,1.0000,0.0460,0.130,0.007
59,3776,orientation_cued_D4,0.00015,1.0000,0.0094,0.137,0.008
60,3840,orientation_cued_D0,0.00010,1.0000,0.0044,0.068,0.007
61,3904,orientation_cued_D0,0.00009,1.0000,0.0030,0.062,0.004
62,3968,orientation_cued_D0,0.00022,1.0000,0.0437,0.066,0.005
63,4032,orientation_cued_D24,0.00891,1.0000,3.9055,0.350,0.004
64,4096,orientation_cued_D24,0.02051,1.0000,12.7252,0.362,0.019
65,4160,orientation_cued_D24,0.02636,0.9844,16.2612,0.377,0.022
66,4224,orientation_cued_D12,0.00020,1.0000,0.0131,0.200,0.020
67,4288,orientation_cued_D12,0.00025,1.0000,0.0162,0.221,0.015
68,4352,orientation_cued_D12,0.00064,1.0000,0.1965,0.211,0.012
69,4416,orientation_cued_D4,0.00015,1.0000,0.0085,0.110,0.017
70,4480,orientation_cued_D4,0.00010,1.0000,0.0035,0.123,0.007
71,4544,orientation_cued_D4,0.00016,1.0000,0.0122,0.124,0.007
72,4608,orientation_cued_D0,0.00015,1.0000,0.0246,0.070,0.011
73,4672,orientation_cued_D0,0.00008,1.0000,0.0018,0.069,0.004
74,4736,orientation_cued_D0,0.00008,1.0000,0.0026,0.067,0.005
75,4800,orientation_cued_D24,0.00082,1.0000,0.1764,0.349,0.004
76,4864,orientation_cued_D24,0.05034,0.9844,10.1848,0.355,0.020
77,4928,orientation_cued_D24,0.00407,1.0000,2.0724,0.352,0.020
78,4992,orientation_cued_D12,0.00013,1.0000,0.0058,0.204,0.020
79,5056,orientation_cued_D12,0.00020,1.0000,0.0164,0.230,0.015
80,5120,orientation_cued_D12,0.00017,1.0000,0.0062,0.216,0.012
81,5184,orientation_cued_D4,0.00013,1.0000,0.0085,0.108,0.012
82,5248,orientation_cued_D4,0.00012,1.0000,0.0058,0.122,0.006
83,5312,orientation_cued_D4,0.00010,1.0000,0.0023,0.126,0.008
84,5376,orientation_cued_D0,0.00009,1.0000,0.0035,0.070,0.007
85,5440,orientation_cued_D0,0.00007,1.0000,0.0016,0.066,0.004
86,5504,orientation_cued_D0,0.00008,1.0000,0.0026,0.071,0.005
87,5568,orientation_cued_D24,0.00050,1.0000,0.0612,0.354,0.005
88,5632,orientation_cued_D24,0.00285,1.0000,0.6124,0.354,0.019
89,5696,orientation_cued_D24,0.00164,1.0000,0.5631,0.356,0.020
90,5760,orientation_cued_D12,0.00015,1.0000,0.0125,0.213,0.020
91,5824,orientation_cued_D12,0.00016,1.0000,0.0097,0.245,0.016
92,5888,orientation_cued_D12,0.00014,1.0000,0.0053,0.213,0.013
93,5952,orientation_cued_D4,0.00010,1.0000,0.0048,0.114,0.013
94,6016,orientation_cued_D4,0.00018,1.0000,0.0777,0.123,0.007
95,6080,orientation_cued_D4,0.00011,1.0000,0.0046,0.118,0.007
96,6144,orientation_cued_D0,0.00009,1.0000,0.0032,0.069,0.007
97,6208,orientation_cued_D0,0.00011,1.0000,0.0144,0.063,0.004
98,6272,orientation_cued_D0,0.00021,1.0000,0.0556,0.068,0.005
99,6336,orientation_cued_D24,0.01034,1.0000,5.1504,0.348,0.005
100,6400,orientation_cued_D24,0.00051,1.0000,0.0423,0.379,0.020
101,6464,orientation_cued_D24,0.00239,1.0000,1.1481,0.353,0.020
102,6528,orientation_cued_D12,0.00017,1.0000,0.0200,0.201,0.019
103,6592,orientation_cued_D12,0.00012,1.0000,0.0042,0.227,0.015
104,6656,orientation_cued_D12,0.00017,1.0000,0.0201,0.207,0.012
105,6720,orientation_cued_D4,0.00012,1.0000,0.0368,0.110,0.012
106,6784,orientation_cued_D4,0.00010,1.0000,0.0026,0.121,0.007
107,6848,orientation_cued_D4,0.00008,1.0000,0.0018,0.149,0.007
108,6912,orientation_cued_D0,0.08467,0.9844,15.1143,0.063,0.007
109,6976,orientation_cued_D0,0.00010,1.0000,0.0036,0.060,0.004
110,7040,orientation_cued_D0,0.00008,1.0000,0.0024,0.069,0.004
111,7104,orientation_cued_D24,0.00100,1.0000,0.2426,0.382,0.004
112,7168,orientation_cued_D24,0.00055,1.0000,0.0580,0.335,0.020
113,7232,orientation_cued_D24,0.00163,1.0000,0.2003,0.359,0.020
114,7296,orientation_cued_D12,0.00026,1.0000,0.0668,0.211,0.020
115,7360,orientation_cued_D12,0.00021,1.0000,0.0118,0.204,0.012
116,7424,orientation_cued_D12,0.00020,1.0000,0.0101,0.229,0.015
117,7488,orientation_cued_D4,0.00013,1.0000,0.0058,0.157,0.013
118,7552,orientation_cued_D4,0.00013,1.0000,0.0050,0.125,0.008
119,7616,orientation_cued_D0,0.00010,1.0000,0.0035,0.070,0.007
120,7680,orientation_cued_D4,0.00021,1.0000,0.0477,0.125,0.005
121,7744,orientation_cued_D0,0.00010,1.0000,0.0038,0.072,0.008
122,7808,orientation_cued_D24,0.00126,1.0000,0.2376,0.378,0.005
123,7872,orientation_cued_D0,0.00009,1.0000,0.0024,0.057,0.021
124,7936,orientation_cued_D24,0.00153,1.0000,0.2301,0.340,0.004
125,8000,orientation_cued_D12,0.00048,1.0000,0.2534,0.238,0.020
126,8064,orientation_cued_D24,0.00089,1.0000,0.1935,0.354,0.012
127,8128,orientation_cued_D12,0.00040,1.0000,0.0324,0.207,0.019
128,8192,orientation_cued_D4,0.00016,1.0000,0.0190,0.117,0.016
129,8256,orientation_cued_D12,0.00022,1.0000,0.0239,0.223,0.007
130,8320,orientation_cued_D0,0.00012,1.0000,0.0078,0.061,0.014
131,8384,orientation_cued_D4,0.00018,1.0000,0.0145,0.119,0.004
132,8448,orientation_cued_D4,0.00027,1.0000,0.0524,0.119,0.009
133,8512,orientation_cued_D24,0.00065,1.0000,0.0767,0.370,0.008
134,8576,orientation_cued_D0,0.00019,1.0000,0.0279,0.059,0.021
135,8640,orientation_cued_D0,0.00011,1.0000,0.0047,0.063,0.004
136,8704,orientation_cued_D12,0.00018,1.0000,0.0125,0.225,0.005
137,8768,orientation_cued_D24,0.00154,1.0000,0.4123,0.336,0.012
138,8832,orientation_cued_D24,0.05072,0.9844,19.2102,0.352,0.019
139,8896,orientation_cued_D4,0.00013,1.0000,0.0061,0.106,0.020
140,8960,orientation_cued_D12,0.00041,1.0000,0.0861,0.207,0.008
141,9024,orientation_cued_D0,0.00009,1.0000,0.0023,0.074,0.015
142,9088,orientation_cued_D12,0.00045,1.0000,0.0518,0.222,0.005
143,9152,orientation_cued_D4,0.00012,1.0000,0.0054,0.112,0.013
144,9216,orientation_cued_D24,0.00465,1.0000,1.4469,0.383,0.007
145,9280,orientation_cued_D4,0.00045,1.0000,0.0523,0.119,0.021
146,9344,orientation_cued_D0,0.00029,1.0000,0.0691,0.080,0.009
147,9408,orientation_cued_D12,0.00033,1.0000,0.0388,0.232,0.005
148,9472,orientation_cued_D0,0.00010,1.0000,0.0038,0.061,0.023
149,9536,orientation_cued_D24,0.01526,1.0000,7.8195,0.344,0.004
150,9600,orientation_cued_D4,0.00021,1.0000,0.0181,0.106,0.020
151,9664,orientation_cued_D24,0.01059,1.0000,3.5163,0.360,0.013
152,9728,orientation_cued_D0,0.00012,1.0000,0.0078,0.058,0.020
153,9792,orientation_cued_D12,0.00017,1.0000,0.0069,0.231,0.004
154,9856,orientation_cued_D12,0.00023,1.0000,0.0177,0.211,0.013
155,9920,orientation_cued_D24,0.06373,0.9844,10.1485,0.356,0.013
156,9984,orientation_cued_D4,0.00011,1.0000,0.0059,0.108,0.019
157,10048,orientation_cued_D4,0.00010,1.0000,0.0037,0.122,0.007
158,10112,orientation_cued_D12,0.00026,1.0000,0.0240,0.243,0.008
159,10176,orientation_cued_D0,0.00026,1.0000,0.0304,0.060,0.013
160,10240,orientation_cued_D0,0.00023,1.0000,0.0625,0.068,0.006
161,10304,orientation_cued_D4,0.00012,1.0000,0.0058,0.119,0.005
162,10368,orientation_cued_D24,0.00558,1.0000,1.6050,0.349,0.008
163,10432,orientation_cued_D0,0.00014,1.0000,0.0138,0.058,0.026
164,10496,orientation_cued_D24,0.00214,1.0000,1.3151,0.375,0.004
165,10560,orientation_cued_D12,0.00020,1.0000,0.0133,0.203,0.019
166,10624,orientation_cued_D24,0.00764,1.0000,2.3791,0.362,0.016
167,10688,orientation_cued_D12,0.00051,1.0000,0.2190,0.235,0.035
168,10752,orientation_cued_D4,0.00011,1.0000,0.0041,0.127,0.012
169,10816,orientation_cued_D12,0.00086,1.0000,0.4379,0.248,0.007
170,10880,orientation_cued_D4,0.00013,1.0000,0.0079,0.118,0.020
171,10944,orientation_cued_D0,0.00014,1.0000,0.0114,0.071,0.008
172,11008,orientation_cued_D4,0.00016,1.0000,0.0136,0.158,0.007
173,11072,orientation_cued_D0,0.00011,1.0000,0.0103,0.079,0.013
174,11136,orientation_cued_D0,0.00010,1.0000,0.0046,0.085,0.007
175,11200,orientation_cued_D24,0.00737,1.0000,2.9273,0.374,0.007
176,11264,orientation_cued_D24,0.00116,1.0000,0.1775,0.351,0.020
177,11328,orientation_cued_D24,0.07838,0.9688,16.5818,0.357,0.020
178,11392,orientation_cued_D12,0.00014,1.0000,0.0116,0.201,0.020
179,11456,orientation_cued_D12,0.00011,1.0000,0.0051,0.244,0.014
180,11520,orientation_cued_D12,0.00014,1.0000,0.0098,0.220,0.012
181,11584,orientation_cued_D4,0.00009,1.0000,0.0030,0.127,0.012
182,11648,orientation_cued_D4,0.00008,1.0000,0.0021,0.131,0.007
183,11712,orientation_cued_D4,0.00010,1.0000,0.0046,0.113,0.008
184,11776,orientation_cued_D0,0.00211,1.0000,1.2023,0.069,0.007
185,11840,orientation_cued_D0,0.00025,1.0000,0.1101,0.063,0.004
186,11904,orientation_cued_D0,0.00012,1.0000,0.0063,0.069,0.005
187,11968,orientation_cued_D24,0.02353,0.9844,11.5446,0.348,0.005
188,12032,orientation_cued_D24,0.04297,0.9844,11.2845,0.367,0.019
189,12096,orientation_cued_D24,0.00123,1.0000,0.4828,0.353,0.020
190,12160,orientation_cued_D12,0.00022,1.0000,0.0405,0.199,0.019
191,12224,orientation_cued_D12,0.00017,1.0000,0.0170,0.238,0.015
192,12288,orientation_cued_D12,0.00032,1.0000,0.1597,0.206,0.012
193,12352,orientation_cued_D4,0.00012,1.0000,0.0043,0.113,0.014
194,12416,orientation_cued_D4,0.00009,1.0000,0.0022,0.122,0.007
195,12480,orientation_cued_D4,0.00009,1.0000,0.0032,0.117,0.007
196,12544,orientation_cued_D0,0.00011,1.0000,0.0106,0.067,0.007
197,12608,orientation_cued_D0,0.00008,1.0000,0.0028,0.061,0.004
198,12672,orientation_cued_D0,0.00009,1.0000,0.0025,0.069,0.004
199,12736,orientation_cued_D24,0.00063,1.0000,0.0834,0.366,0.005
200,12800,orientation_cued_D24,0.02458,0.9844,5.7292,0.378,0.021
201,12864,orientation_cued_D24,0.00100,1.0000,0.3417,0.364,0.026
202,12928,orientation_cued_D12,0.00012,1.0000,0.0063,0.200,0.020
203,12992,orientation_cued_D12,0.00013,1.0000,0.0052,0.238,0.014
204,13056,orientation_cued_D12,0.00013,1.0000,0.0143,0.243,0.022
205,13120,orientation_cued_D4,0.00011,1.0000,0.0051,0.114,0.014
206,13184,orientation_cued_D4,0.00010,1.0000,0.0063,0.134,0.007
207,13248,orientation_cued_D4,0.00009,1.0000,0.0029,0.117,0.012
208,13312,orientation_cued_D0,0.00009,1.0000,0.0031,0.068,0.007
209,13376,orientation_cued_D0,0.00011,1.0000,0.0070,0.061,0.004
210,13440,orientation_cued_D0,0.00258,1.0000,1.4295,0.072,0.004
211,13504,orientation_cued_D24,0.00093,1.0000,0.1316,0.349,0.004
212,13568,orientation_cued_D24,0.00507,1.0000,4.6589,0.364,0.020
213,13632,orientation_cued_D24,0.00144,1.0000,1.1128,0.364,0.021
214,13696,orientation_cued_D12,0.00015,1.0000,0.0073,0.202,0.020
215,13760,orientation_cued_D12,0.00025,1.0000,0.0271,0.237,0.015
216,13824,orientation_cued_D12,0.00019,1.0000,0.0188,0.212,0.013
217,13888,orientation_cued_D4,0.00012,1.0000,0.0066,0.110,0.012
218,13952,orientation_cued_D4,0.00009,1.0000,0.0030,0.125,0.007
219,14016,orientation_cued_D4,0.00013,1.0000,0.0069,0.118,0.006
220,14080,orientation_cued_D0,0.00009,1.0000,0.0030,0.068,0.007
221,14144,orientation_cued_D0,0.00008,1.0000,0.0024,0.062,0.004
222,14208,orientation_cued_D0,0.00009,1.0000,0.0030,0.069,0.005
223,14272,orientation_cued_D24,0.00082,1.0000,0.2110,0.352,0.005
224,14336,orientation_cued_D24,0.00049,1.0000,0.0621,0.356,0.020
225,14400,orientation_cued_D24,0.00070,1.0000,0.3675,0.354,0.020
226,14464,orientation_cued_D12,0.00012,1.0000,0.0050,0.208,0.020
227,14528,orientation_cued_D12,0.00016,1.0000,0.0252,0.220,0.015
228,14592,orientation_cued_D12,0.00014,1.0000,0.0064,0.209,0.012
229,14656,orientation_cued_D4,0.00011,1.0000,0.0048,0.109,0.013
230,14720,orientation_cued_D4,0.00011,1.0000,0.0069,0.122,0.007
231,14784,orientation_cued_D4,0.00011,1.0000,0.0094,0.136,0.007
232,14848,orientation_cued_D0,0.00009,1.0000,0.0087,0.089,0.007
233,14912,orientation_cued_D0,0.00009,1.0000,0.0038,0.072,0.004
234,14976,orientation_cued_D0,0.01100,0.9844,3.9570,0.076,0.006
235,15040,orientation_cued_D24,0.00086,1.0000,0.1568,0.360,0.004
236,15104,orientation_cued_D24,0.00029,1.0000,0.0723,0.350,0.020
237,15168,orientation_cued_D24,0.00029,1.0000,0.0451,0.355,0.019
238,15232,orientation_cued_D12,0.00010,1.0000,0.0044,0.203,0.020
239,15296,orientation_cued_D12,0.00011,1.0000,0.0066,0.237,0.014
240,15360,orientation_cued_D12,0.00015,1.0000,0.0171,0.219,0.011
241,15424,orientation_cued_D4,0.00008,1.0000,0.0022,0.106,0.011
242,15488,orientation_cued_D4,0.00009,1.0000,0.0048,0.125,0.006
243,15552,orientation_cued_D4,0.00010,1.0000,0.0078,0.117,0.008
244,15616,orientation_cued_D0,0.00008,1.0000,0.0021,0.062,0.008
245,15680,orientation_cued_D0,0.00008,1.0000,0.0024,0.061,0.004
246,15744,orientation_cued_D0,0.00008,1.0000,0.0025,0.066,0.005
247,15808,orientation_cued_D24,0.00033,1.0000,0.1199,0.334,0.004
248,15872,orientation_cued_D24,0.00026,1.0000,0.0258,0.346,0.020
249,15936,orientation_cued_D24,0.00123,1.0000,0.5711,0.347,0.019
250,16000,orientation_cued_D12,0.00009,1.0000,0.0037,0.199,0.020
251,16064,orientation_cued_D12,0.00010,1.0000,0.0139,0.226,0.016
252,16128,orientation_cued_D12,0.00012,1.0000,0.0098,0.212,0.012
253,16192,orientation_cued_D4,0.00012,1.0000,0.0320,0.122,0.011
254,16256,orientation_cued_D4,0.00008,1.0000,0.0026,0.119,0.008
255,16320,orientation_cued_D4,0.00009,1.0000,0.0029,0.114,0.007
256,16384,orientation_cued_D0,0.00007,1.0000,0.0014,0.061,0.008
257,16448,orientation_cued_D0,0.00008,1.0000,0.0024,0.061,0.004
258,16512,orientation_cued_D0,0.00014,1.0000,0.0311,0.076,0.005
259,16576,orientation_cued_D24,0.00029,1.0000,0.0395,0.339,0.004
260,16640,orientation_cued_D24,0.00116,1.0000,1.5097,0.400,0.021
261,16704,orientation_cued_D24,0.01028,1.0000,11.3589,0.374,0.022
262,16768,orientation_cued_D12,0.00011,1.0000,0.0045,0.300,0.020
263,16832,orientation_cued_D12,0.00010,1.0000,0.0037,0.209,0.012
264,16896,orientation_cued_D12,0.00011,1.0000,0.0107,0.209,0.012
265,16960,orientation_cued_D4,0.00008,1.0000,0.0031,0.157,0.012
266,17024,orientation_cued_D4,0.00007,1.0000,0.0019,0.127,0.006
267,17088,orientation_cued_D4,0.00009,1.0000,0.0025,0.120,0.007
268,17152,orientation_cued_D0,0.00007,1.0000,0.0023,0.072,0.007
269,17216,orientation_cued_D0,0.00007,1.0000,0.0030,0.064,0.004
270,17280,orientation_cued_D0,0.00008,1.0000,0.0063,0.068,0.005
271,17344,orientation_cued_D24,0.00141,1.0000,0.7480,0.351,0.005
272,17408,orientation_cued_D24,0.00022,1.0000,0.0353,0.358,0.021
273,17472,orientation_cued_D24,0.00748,1.0000,8.3353,0.356,0.020
274,17536,orientation_cued_D12,0.00017,1.0000,0.0402,0.205,0.020
275,17600,orientation_cued_D12,0.00014,1.0000,0.0142,0.230,0.015
276,17664,orientation_cued_D12,0.00014,1.0000,0.0163,0.211,0.012
277,17728,orientation_cued_D4,0.00007,1.0000,0.0017,0.110,0.012
278,17792,orientation_cued_D4,0.00007,1.0000,0.0017,0.123,0.006
279,17856,orientation_cued_D4,0.00007,1.0000,0.0018,0.116,0.007
280,17920,orientation_cued_D0,0.00010,1.0000,0.0216,0.067,0.007
281,17984,orientation_cued_D0,0.00007,1.0000,0.0024,0.062,0.004
282,18048,orientation_cued_D0,0.00008,1.0000,0.0038,0.071,0.005
283,18112,orientation_cued_D24,0.00072,1.0000,0.6021,0.391,0.004
284,18176,orientation_cued_D24,0.00162,1.0000,1.6240,0.353,0.020
285,18240,orientation_cued_D24,0.02024,0.9844,13.8288,0.365,0.020
286,18304,orientation_cued_D12,0.00018,1.0000,0.0592,0.266,0.021
287,18368,orientation_cued_D12,0.00011,1.0000,0.0077,0.237,0.014
288,18432,orientation_cued_D12,0.00009,1.0000,0.0038,0.247,0.012
289,18496,orientation_cued_D4,0.00008,1.0000,0.0019,0.117,0.012
290,18560,orientation_cued_D4,0.00008,1.0000,0.0018,0.131,0.007
291,18624,orientation_cued_D4,0.00009,1.0000,0.0077,0.116,0.008
292,18688,orientation_cued_D0,0.00007,1.0000,0.0020,0.068,0.008
293,18752,orientation_cued_D0,0.00009,1.0000,0.0058,0.067,0.004
294,18816,orientation_cued_D0,0.00009,1.0000,0.0115,0.067,0.005
295,18880,orientation_cued_D24,0.00087,1.0000,0.3996,0.345,0.004
296,18944,orientation_cued_D24,0.00061,1.0000,0.1334,0.362,0.020
297,19008,orientation_cued_D24,0.00049,1.0000,0.3710,0.353,0.019
298,19072,orientation_cued_D12,0.00073,1.0000,0.3235,0.254,0.020
299,19136,orientation_cued_D12,0.00010,1.0000,0.0096,0.221,0.014
300,19200,orientation_cued_D12,0.00015,1.0000,0.0235,0.210,0.012
301,19264,orientation_cued_D4,0.00008,1.0000,0.0044,0.124,0.012
302,19328,orientation_cued_D4,0.00008,1.0000,0.0022,0.121,0.007
303,19392,orientation_cued_D4,0.00007,1.0000,0.0020,0.116,0.007
304,19456,orientation_cued_D0,0.00009,1.0000,0.0064,0.067,0.007
305,19520,orientation_cued_D0,0.00011,1.0000,0.0193,0.062,0.004
306,19584,orientation_cued_D0,0.00014,1.0000,0.0253,0.071,0.005
307,19648,orientation_cued_D24,0.00572,1.0000,3.2294,0.359,0.007
308,19712,orientation_cued_D24,0.00790,1.0000,10.2771,0.356,0.020
309,19776,orientation_cued_D24,0.00092,1.0000,0.1845,0.356,0.019
310,19840,orientation_cued_D12,0.00015,1.0000,0.0188,0.211,0.021
311,19904,orientation_cued_D12,0.00046,1.0000,0.2238,0.242,0.015
312,19968,orientation_cued_D12,0.00012,1.0000,0.0182,0.229,0.019
313,20032,orientation_cued_D4,0.00007,1.0000,0.0015,0.113,0.013
314,20096,orientation_cued_D4,0.00006,1.0000,0.0013,0.132,0.007
315,20160,orientation_cued_D4,0.00007,1.0000,0.0024,0.118,0.007
316,20224,orientation_cued_D0,0.00008,1.0000,0.0091,0.069,0.007
317,20288,orientation_cued_D0,0.00007,1.0000,0.0016,0.063,0.004
318,20352,orientation_cued_D0,0.00007,1.0000,0.0031,0.069,0.005
319,20416,orientation_cued_D24,0.00045,1.0000,0.3136,0.357,0.005
320,20480,orientation_cued_D24,0.00091,1.0000,1.0877,0.358,0.020
321,20544,orientation_cued_D24,0.00018,1.0000,0.0275,0.358,0.020
322,20608,orientation_cued_D12,0.00008,1.0000,0.0020,0.205,0.019
323,20672,orientation_cued_D12,0.00009,1.0000,0.0034,0.215,0.014
324,20736,orientation_cued_D12,0.00021,1.0000,0.0618,0.215,0.012
325,20800,orientation_cued_D4,0.00007,1.0000,0.0015,0.110,0.012
326,20864,orientation_cued_D4,0.00006,1.0000,0.0013,0.124,0.006
327,20928,orientation_cued_D4,0.00006,1.0000,0.0016,0.126,0.012
328,20992,orientation_cued_D0,0.00007,1.0000,0.0034,0.064,0.008
329,21056,orientation_cued_D0,0.00008,1.0000,0.0093,0.061,0.004
330,21120,orientation_cued_D0,0.00008,1.0000,0.0053,0.067,0.005
331,21184,orientation_cued_D24,0.00180,1.0000,1.7104,0.347,0.004
332,21248,orientation_cued_D24,0.00038,1.0000,0.0939,0.351,0.020
333,21312,orientation_cued_D24,0.00013,1.0000,0.0230,0.352,0.019
334,21376,orientation_cued_D12,0.00007,1.0000,0.0022,0.215,0.020
335,21440,orientation_cued_D12,0.00007,1.0000,0.0016,0.234,0.023
336,21504,orientation_cued_D12,0.00009,1.0000,0.0065,0.208,0.012
337,21568,orientation_cued_D4,0.00007,1.0000,0.0016,0.110,0.012
338,21632,orientation_cued_D4,0.00006,1.0000,0.0014,0.137,0.016
339,21696,orientation_cued_D4,0.00006,1.0000,0.0016,0.139,0.009
340,21760,orientation_cued_D0,0.00007,1.0000,0.0040,0.075,0.008
341,21824,orientation_cued_D0,0.00006,1.0000,0.0012,0.077,0.007
342,21888,orientation_cued_D0,0.00006,1.0000,0.0015,0.071,0.005
343,21952,orientation_cued_D24,0.00010,1.0000,0.0066,0.358,0.004
344,22016,orientation_cued_D24,0.00014,1.0000,0.0619,0.353,0.026
345,22080,orientation_cued_D24,0.00026,1.0000,0.0968,0.357,0.020
346,22144,orientation_cued_D12,0.00007,1.0000,0.0018,0.206,0.020
347,22208,orientation_cued_D12,0.00007,1.0000,0.0015,0.236,0.024
348,22272,orientation_cued_D12,0.00011,1.0000,0.0325,0.218,0.012
349,22336,orientation_cued_D4,0.00006,1.0000,0.0012,0.112,0.012
350,22400,orientation_cued_D4,0.00006,1.0000,0.0013,0.124,0.007
351,22464,orientation_cued_D4,0.00006,1.0000,0.0012,0.128,0.007
352,22528,orientation_cued_D0,0.00008,1.0000,0.0106,0.067,0.008
353,22592,orientation_cued_D0,0.00005,1.0000,0.0012,0.063,0.004
354,22656,orientation_cued_D0,0.00006,1.0000,0.0018,0.068,0.005
355,22720,orientation_cued_D24,0.00038,1.0000,0.3107,0.355,0.004
356,22784,orientation_cued_D24,0.00016,1.0000,0.0269,0.356,0.020
357,22848,orientation_cued_D24,0.00011,1.0000,0.0075,0.356,0.020
358,22912,orientation_cued_D12,0.00006,1.0000,0.0012,0.210,0.019
359,22976,orientation_cued_D12,0.00008,1.0000,0.0040,0.220,0.015
360,23040,orientation_cued_D12,0.00008,1.0000,0.0087,0.213,0.012
361,23104,orientation_cued_D4,0.00006,1.0000,0.0013,0.110,0.012
362,23168,orientation_cued_D4,0.00006,1.0000,0.0012,0.133,0.007
363,23232,orientation_cued_D4,0.00006,1.0000,0.0012,0.121,0.007
364,23296,orientation_cued_D0,0.00006,1.0000,0.0013,0.083,0.007
365,23360,orientation_cued_D0,0.00006,1.0000,0.0041,0.065,0.004
366,23424,orientation_cued_D0,0.00006,1.0000,0.0032,0.066,0.005
367,23488,orientation_cued_D24,0.00019,1.0000,0.1351,0.356,0.005
368,23552,orientation_cued_D24,0.00011,1.0000,0.0155,0.357,0.021
369,23616,orientation_cued_D24,0.00012,1.0000,0.0408,0.359,0.020
370,23680,orientation_cued_D12,0.00006,1.0000,0.0014,0.203,0.019
371,23744,orientation_cued_D12,0.00006,1.0000,0.0014,0.217,0.015
372,23808,orientation_cued_D12,0.00006,1.0000,0.0015,0.210,0.012
373,23872,orientation_cued_D4,0.00006,1.0000,0.0013,0.112,0.012
374,23936,orientation_cued_D4,0.00006,1.0000,0.0013,0.130,0.007
375,24000,orientation_cued_D4,0.00006,1.0000,0.0011,0.116,0.008
376,24064,orientation_cued_D0,0.00007,1.0000,0.0018,0.068,0.007
377,24128,orientation_cued_D0,0.00006,1.0000,0.0017,0.065,0.004
378,24192,orientation_cued_D0,0.00005,1.0000,0.0010,0.066,0.005
379,24256,orientation_cued_D24,0.00116,1.0000,0.4211,0.354,0.004
380,24320,orientation_cued_D24,0.00072,1.0000,0.2426,0.356,0.021
381,24384,orientation_cued_D24,0.00010,1.0000,0.0162,0.356,0.020
382,24448,orientation_cued_D12,0.00006,1.0000,0.0012,0.204,0.020
383,24512,orientation_cued_D12,0.00006,1.0000,0.0020,0.234,0.015
384,24576,orientation_cued_D12,0.00007,1.0000,0.0021,0.210,0.012
385,24640,orientation_cued_D4,0.00006,1.0000,0.0012,0.110,0.012
386,24704,orientation_cued_D4,0.00006,1.0000,0.0018,0.131,0.007
387,24768,orientation_cued_D4,0.00006,1.0000,0.0019,0.115,0.008
388,24832,orientation_cued_D0,0.00006,1.0000,0.0018,0.067,0.007
389,24896,orientation_cued_D0,0.00005,1.0000,0.0011,0.071,0.004
390,24960,orientation_cued_D0,0.00006,1.0000,0.0028,0.070,0.005
391,25024,orientation_cued_D24,0.00014,1.0000,0.0297,0.363,0.004
392,25088,orientation_cued_D24,0.00011,1.0000,0.0106,0.355,0.020
393,25152,orientation_cued_D24,0.00009,1.0000,0.0070,0.380,0.020
394,25216,orientation_cued_D12,0.00006,1.0000,0.0014,0.210,0.021
395,25280,orientation_cued_D12,0.00008,1.0000,0.0051,0.234,0.015
396,25344,orientation_cued_D12,0.00007,1.0000,0.0045,0.209,0.012
397,25408,orientation_cued_D4,0.00006,1.0000,0.0012,0.108,0.012
398,25472,orientation_cued_D4,0.00006,1.0000,0.0011,0.134,0.007
399,25536,orientation_cued_D4,0.00006,1.0000,0.0018,0.117,0.008
400,25600,orientation_cued_D0,0.00006,1.0000,0.0031,0.068,0.007
401,25664,orientation_cued_D0,0.00005,1.0000,0.0010,0.060,0.003
402,25728,orientation_cued_D0,0.00005,1.0000,0.0010,0.062,0.004
403,25792,orientation_cued_D24,0.00012,1.0000,0.0140,0.362,0.004
404,25856,orientation_cued_D24,0.00016,1.0000,0.0167,0.354,0.021
405,25920,orientation_cued_D24,0.00023,1.0000,0.1312,0.356,0.020
406,25984,orientation_cued_D12,0.00006,1.0000,0.0022,0.205,0.019
407,26048,orientation_cued_D12,0.00006,1.0000,0.0012,0.216,0.014
408,26112,orientation_cued_D12,0.00007,1.0000,0.0015,0.220,0.012
409,26176,orientation_cued_D4,0.00006,1.0000,0.0013,0.113,0.013
410,26240,orientation_cued_D4,0.00006,1.0000,0.0014,0.123,0.007
411,26304,orientation_cued_D4,0.00006,1.0000,0.0014,0.115,0.007
412,26368,orientation_cued_D0,0.00005,1.0000,0.0012,0.068,0.007
413,26432,orientation_cued_D0,0.00005,1.0000,0.0016,0.085,0.004
414,26496,orientation_cued_D0,0.00005,1.0000,0.0010,0.063,0.004
415,26560,orientation_cued_D24,0.00007,1.0000,0.0040,0.357,0.005
416,26624,orientation_cued_D24,0.00008,1.0000,0.0059,0.349,0.021
417,26688,orientation_cued_D24,0.00019,1.0000,0.2795,0.356,0.020
418,26752,orientation_cued_D12,0.00006,1.0000,0.0012,0.222,0.019
419,26816,orientation_cued_D12,0.00006,1.0000,0.0030,0.221,0.015
420,26880,orientation_cued_D12,0.00006,1.0000,0.0025,0.208,0.012
421,26944,orientation_cued_D4,0.00006,1.0000,0.0016,0.109,0.012
422,27008,orientation_cued_D4,0.00005,1.0000,0.0010,0.121,0.007
423,27072,orientation_cued_D4,0.00005,1.0000,0.0011,0.117,0.007
424,27136,orientation_cued_D0,0.00005,1.0000,0.0011,0.070,0.007
425,27200,orientation_cued_D0,0.00014,1.0000,0.1033,0.064,0.004
426,27264,orientation_cued_D0,0.00005,1.0000,0.0013,0.070,0.004
427,27328,orientation_cued_D24,0.00007,1.0000,0.0028,0.352,0.004
428,27392,orientation_cued_D24,0.00010,1.0000,0.0071,0.359,0.020
429,27456,orientation_cued_D24,0.00008,1.0000,0.0038,0.371,0.020
430,27520,orientation_cued_D12,0.00006,1.0000,0.0013,0.208,0.020
431,27584,orientation_cued_D12,0.00006,1.0000,0.0013,0.216,0.014
432,27648,orientation_cued_D12,0.00005,1.0000,0.0011,0.210,0.012
433,27712,orientation_cued_D4,0.00006,1.0000,0.0012,0.115,0.012
434,27776,orientation_cued_D4,0.00006,1.0000,0.0013,0.120,0.007
435,27840,orientation_cued_D4,0.00006,1.0000,0.0012,0.118,0.007
436,27904,orientation_cued_D0,0.00005,1.0000,0.0010,0.068,0.007
437,27968,orientation_cued_D0,0.00005,1.0000,0.0015,0.062,0.004
438,28032,orientation_cued_D0,0.00005,1.0000,0.0010,0.071,0.004
439,28096,orientation_cued_D24,0.00007,1.0000,0.0039,0.351,0.004
440,28160,orientation_cued_D24,0.00006,1.0000,0.0018,0.361,0.020
441,28224,orientation_cued_D24,0.00011,1.0000,0.0274,0.357,0.019
442,28288,orientation_cued_D12,0.00006,1.0000,0.0012,0.212,0.026
443,28352,orientation_cued_D12,0.00006,1.0000,0.0013,0.224,0.013
444,28416,orientation_cued_D12,0.00006,1.0000,0.0019,0.214,0.012
445,28480,orientation_cued_D4,0.00005,1.0000,0.0011,0.123,0.020
446,28544,orientation_cued_D4,0.00005,1.0000,0.0011,0.116,0.008
447,28608,orientation_cued_D4,0.00005,1.0000,0.0011,0.121,0.007
448,28672,orientation_cued_D0,0.00005,1.0000,0.0011,0.074,0.013
449,28736,orientation_cued_D0,0.00006,1.0000,0.0033,0.064,0.004
450,28800,orientation_cued_D0,0.00005,1.0000,0.0010,0.065,0.005
451,28864,orientation_cued_D24,0.00007,1.0000,0.0021,0.363,0.006
452,28928,orientation_cued_D24,0.00007,1.0000,0.0022,0.355,0.020
453,28992,orientation_cued_D24,0.00009,1.0000,0.0062,0.360,0.020
454,29056,orientation_cued_D12,0.00006,1.0000,0.0013,0.224,0.020
455,29120,orientation_cued_D12,0.00005,1.0000,0.0012,0.232,0.015
456,29184,orientation_cued_D12,0.00005,1.0000,0.0010,0.212,0.012
457,29248,orientation_cued_D4,0.00005,1.0000,0.0011,0.109,0.012
458,29312,orientation_cued_D4,0.00006,1.0000,0.0011,0.126,0.007
459,29376,orientation_cued_D4,0.00005,1.0000,0.0011,0.117,0.007
460,29440,orientation_cued_D0,0.00005,1.0000,0.0010,0.067,0.007
461,29504,orientation_cued_D0,0.00005,1.0000,0.0011,0.063,0.004
462,29568,orientation_cued_D0,0.00006,1.0000,0.0037,0.068,0.005
463,29632,orientation_cued_D24,0.00007,1.0000,0.0035,0.349,0.004
464,29696,orientation_cued_D24,0.00009,1.0000,0.0086,0.356,0.020
465,29760,orientation_cued_D24,0.00016,1.0000,0.0323,0.382,0.020
466,29824,orientation_cued_D12,0.00006,1.0000,0.0017,0.204,0.019
467,29888,orientation_cued_D12,0.00006,1.0000,0.0012,0.218,0.014
468,29952,orientation_cued_D12,0.00006,1.0000,0.0013,0.231,0.013
469,30016,orientation_cued_D4,0.00005,1.0000,0.0009,0.111,0.012
470,30080,orientation_cued_D4,0.00005,1.0000,0.0010,0.123,0.006
471,30144,orientation_cued_D4,0.00005,1.0000,0.0010,0.125,0.007
472,30208,orientation_cued_D0,0.00005,1.0000,0.0009,0.066,0.008
473,30272,orientation_cued_D0,0.00005,1.0000,0.0009,0.062,0.004
474,30336,orientation_cued_D0,0.00005,1.0000,0.0010,0.072,0.005
475,30400,orientation_cued_D24,0.00024,1.0000,0.2425,0.354,0.005
476,30464,orientation_cued_D24,0.00009,1.0000,0.0089,0.355,0.020
477,30528,orientation_cued_D24,0.00011,1.0000,0.0369,0.357,0.019
478,30592,orientation_cued_D12,0.00006,1.0000,0.0015,0.214,0.020
479,30656,orientation_cued_D12,0.00005,1.0000,0.0012,0.219,0.014
480,30720,orientation_cued_D12,0.00006,1.0000,0.0024,0.227,0.012
481,30784,orientation_cued_D4,0.00005,1.0000,0.0010,0.117,0.013
482,30848,orientation_cued_D4,0.00005,1.0000,0.0011,0.146,0.012
483,30912,orientation_cued_D4,0.00005,1.0000,0.0010,0.132,0.009
484,30976,orientation_cued_D0,0.00300,1.0000,3.1231,0.067,0.009
485,31040,orientation_cued_D0,0.00005,1.0000,0.0023,0.069,0.007
486,31104,orientation_cued_D0,0.00005,1.0000,0.0010,0.070,0.006
487,31168,orientation_cued_D24,0.00009,1.0000,0.0115,0.350,0.004
488,31232,orientation_cued_D24,0.00007,1.0000,0.0060,0.352,0.026
489,31296,orientation_cued_D24,0.00006,1.0000,0.0050,0.359,0.020
490,31360,orientation_cued_D12,0.00005,1.0000,0.0010,0.207,0.020
491,31424,orientation_cued_D12,0.00005,1.0000,0.0012,0.234,0.023
492,31488,orientation_cued_D12,0.00006,1.0000,0.0046,0.225,0.012
493,31552,orientation_cued_D4,0.00005,1.0000,0.0012,0.117,0.012
494,31616,orientation_cued_D4,0.00005,1.0000,0.0011,0.132,0.011
495,31680,orientation_cued_D4,0.00005,1.0000,0.0010,0.115,0.009
496,31744,orientation_cued_D0,0.00005,1.0000,0.0010,0.067,0.007
497,31808,orientation_cued_D0,0.00005,1.0000,0.0010,0.069,0.006
498,31872,orientation_cued_D0,0.00005,1.0000,0.0009,0.066,0.005
499,31936,orientation_cued_D24,0.00014,1.0000,0.0854,0.351,0.004
500,32000,orientation_cued_D24,0.00010,1.0000,0.0236,0.353,0.026
501,32064,orientation_cued_D24,0.00057,1.0000,0.4452,0.356,0.019
502,32128,orientation_cued_D12,0.00005,1.0000,0.0011,0.212,0.019
503,32192,orientation_cued_D12,0.00005,1.0000,0.0011,0.227,0.014
504,32256,orientation_cued_D12,0.00005,1.0000,0.0010,0.212,0.012
505,32320,orientation_cued_D4,0.00005,1.0000,0.0011,0.109,0.012
506,32384,orientation_cued_D4,0.00005,1.0000,0.0010,0.121,0.007
507,32448,orientation_cued_D4,0.00005,1.0000,0.0011,0.117,0.007
508,32512,orientation_cued_D0,0.00005,1.0000,0.0010,0.071,0.007
509,32576,orientation_cued_D0,0.00005,1.0000,0.0009,0.070,0.005
510,32640,orientation_cued_D0,0.00004,1.0000,0.0008,0.082,0.009
511,32704,orientation_cued_D24,0.00006,1.0000,0.0023,0.383,0.005
512,32768,orientation_cued_D24,0.00007,1.0000,0.0078,0.356,0.021
513,32832,orientation_cued_D24,0.00006,1.0000,0.0020,0.361,0.020
514,32896,orientation_cued_D12,0.00005,1.0000,0.0010,0.207,0.020
515,32960,orientation_cued_D12,0.00005,1.0000,0.0011,0.213,0.014
516,33024,orientation_cued_D12,0.00005,1.0000,0.0011,0.217,0.014
517,33088,orientation_cued_D4,0.00005,1.0000,0.0010,0.114,0.012
518,33152,orientation_cued_D4,0.00005,1.0000,0.0017,0.124,0.007
519,33216,orientation_cued_D4,0.00005,1.0000,0.0010,0.119,0.007
520,33280,orientation_cued_D0,0.00005,1.0000,0.0011,0.075,0.007
521,33344,orientation_cued_D0,0.00004,1.0000,0.0009,0.069,0.004
522,33408,orientation_cued_D0,0.00005,1.0000,0.0009,0.064,0.005
523,33472,orientation_cued_D24,0.00010,1.0000,0.0390,0.361,0.006
524,33536,orientation_cued_D24,0.00006,1.0000,0.0053,0.359,0.020
525,33600,orientation_cued_D24,0.00006,1.0000,0.0018,0.361,0.020
526,33664,orientation_cued_D12,0.00005,1.0000,0.0010,0.206,0.019
527,33728,orientation_cued_D12,0.00005,1.0000,0.0011,0.222,0.015
528,33792,orientation_cued_D12,0.00008,1.0000,0.0087,0.210,0.012
529,33856,orientation_cued_D4,0.00005,1.0000,0.0012,0.109,0.012
530,33920,orientation_cued_D4,0.00005,1.0000,0.0009,0.121,0.007
531,33984,orientation_cued_D4,0.00005,1.0000,0.0010,0.115,0.007
532,34048,orientation_cued_D0,0.00025,1.0000,0.2225,0.065,0.007
533,34112,orientation_cued_D0,0.00013,1.0000,0.0762,0.061,0.004
534,34176,orientation_cued_D0,0.00006,1.0000,0.0085,0.068,0.005
535,34240,orientation_cued_D24,0.00012,1.0000,0.0285,0.350,0.005
536,34304,orientation_cued_D24,0.00006,1.0000,0.0059,0.366,0.020
537,34368,orientation_cued_D24,0.00410,1.0000,12.4533,0.367,0.021
538,34432,orientation_cued_D12,0.00005,1.0000,0.0010,0.206,0.019
539,34496,orientation_cued_D12,0.00005,1.0000,0.0010,0.219,0.014
540,34560,orientation_cued_D12,0.00005,1.0000,0.0011,0.207,0.012
541,34624,orientation_cued_D4,0.00005,1.0000,0.0016,0.109,0.012
542,34688,orientation_cued_D4,0.00005,1.0000,0.0010,0.126,0.007
543,34752,orientation_cued_D4,0.00005,1.0000,0.0009,0.112,0.007
544,34816,orientation_cued_D0,0.00006,1.0000,0.0036,0.068,0.007
545,34880,orientation_cued_D0,0.00005,1.0000,0.0009,0.062,0.004
546,34944,orientation_cued_D0,0.00005,1.0000,0.0009,0.066,0.004
547,35008,orientation_cued_D24,0.00196,1.0000,3.5074,0.355,0.005
548,35072,orientation_cued_D24,0.05110,0.9844,32.9422,0.356,0.020
549,35136,orientation_cued_D24,0.00007,1.0000,0.0151,0.368,0.019
550,35200,orientation_cued_D12,0.00005,1.0000,0.0014,0.211,0.020
551,35264,orientation_cued_D12,0.00005,1.0000,0.0011,0.220,0.015
552,35328,orientation_cued_D12,0.00005,1.0000,0.0018,0.218,0.012
553,35392,orientation_cued_D4,0.00005,1.0000,0.0010,0.111,0.013
554,35456,orientation_cued_D4,0.00005,1.0000,0.0013,0.129,0.007
555,35520,orientation_cued_D4,0.00005,1.0000,0.0010,0.117,0.007
556,35584,orientation_cued_D0,0.00005,1.0000,0.0020,0.068,0.007
557,35648,orientation_cued_D0,0.00007,1.0000,0.0185,0.063,0.004
558,35712,orientation_cued_D0,0.00006,1.0000,0.0031,0.067,0.004
559,35776,orientation_cued_D24,0.30661,0.9688,5.1986,0.361,0.005
560,35840,orientation_cued_D24,0.10307,0.9688,16.9354,0.421,0.036
561,35904,orientation_cued_D24,0.40920,0.9531,13.6028,0.362,0.020
562,35968,orientation_cued_D12,0.05085,0.9844,13.5672,0.224,0.021
563,36032,orientation_cued_D12,0.00015,1.0000,0.0346,0.256,0.026
564,36096,orientation_cued_D12,0.00022,1.0000,0.0226,0.211,0.012
565,36160,orientation_cued_D4,0.00019,1.0000,0.0163,0.111,0.012
566,36224,orientation_cued_D4,0.00072,1.0000,0.1124,0.130,0.007
567,36288,orientation_cued_D4,0.00044,1.0000,0.0436,0.121,0.007
568,36352,orientation_cued_D0,0.01352,0.9844,3.1742,0.069,0.007
569,36416,orientation_cued_D0,0.00526,1.0000,1.8203,0.064,0.004
570,36480,orientation_cued_D0,0.00082,1.0000,0.0949,0.072,0.005
571,36544,orientation_cued_D24,0.08353,0.9688,7.8967,0.361,0.005
572,36608,orientation_cued_D24,0.02699,1.0000,3.1571,0.359,0.020
573,36672,orientation_cued_D24,0.01593,1.0000,2.3991,0.358,0.020
574,36736,orientation_cued_D12,0.06461,0.9844,6.1450,0.206,0.020
575,36800,orientation_cued_D12,0.03839,0.9844,6.7587,0.227,0.015
576,36864,orientation_cued_D12,0.01319,1.0000,2.1707,0.237,0.012
577,36928,orientation_cued_D4,0.00565,1.0000,1.0153,0.110,0.012
578,36992,orientation_cued_D4,0.00091,1.0000,0.0553,0.123,0.007
579,37056,orientation_cued_D4,0.00153,1.0000,0.1194,0.118,0.007
580,37120,orientation_cued_D0,0.00049,1.0000,0.0300,0.068,0.007
581,37184,orientation_cued_D0,0.00032,1.0000,0.0138,0.063,0.004
582,37248,orientation_cued_D0,0.00061,1.0000,0.0727,0.066,0.005
583,37312,orientation_cued_D24,0.02194,0.9844,3.3104,0.359,0.005
584,37376,orientation_cued_D24,0.01208,1.0000,2.1415,0.362,0.020
585,37440,orientation_cued_D24,0.00658,1.0000,0.6430,0.357,0.020
586,37504,orientation_cued_D12,0.00170,1.0000,0.3626,0.217,0.020
587,37568,orientation_cued_D12,0.00412,1.0000,1.0731,0.224,0.014
588,37632,orientation_cued_D12,0.01701,0.9844,4.3766,0.246,0.013
589,37696,orientation_cued_D4,0.00033,1.0000,0.0143,0.122,0.013
590,37760,orientation_cued_D4,0.00068,1.0000,0.1673,0.128,0.007
591,37824,orientation_cued_D4,0.00069,1.0000,0.1319,0.127,0.008
592,37888,orientation_cued_D0,0.00512,1.0000,2.4498,0.069,0.007
593,37952,orientation_cued_D0,0.00022,1.0000,0.0116,0.064,0.004
594,38016,orientation_cued_D0,0.00989,1.0000,3.2052,0.068,0.005
595,38080,orientation_cued_D24,0.00325,1.0000,1.0554,0.354,0.004
596,38144,orientation_cued_D24,0.00076,1.0000,0.1305,0.353,0.019
597,38208,orientation_cued_D24,0.00132,1.0000,0.2534,0.353,0.020
598,38272,orientation_cued_D12,0.00057,1.0000,0.1080,0.208,0.021
599,38336,orientation_cued_D12,0.00029,1.0000,0.0146,0.219,0.015
600,38400,orientation_cued_D12,0.00028,1.0000,0.0210,0.216,0.012
601,38464,orientation_cued_D4,0.00016,1.0000,0.0044,0.109,0.012
602,38528,orientation_cued_D4,0.00019,1.0000,0.0077,0.118,0.006
603,38592,orientation_cued_D4,0.00017,1.0000,0.0047,0.117,0.007
604,38656,orientation_cued_D0,0.00013,1.0000,0.0033,0.069,0.007
605,38720,orientation_cued_D0,0.00014,1.0000,0.0038,0.061,0.004
606,38784,orientation_cued_D0,0.00019,1.0000,0.0167,0.073,0.005
607,38848,orientation_cued_D24,0.00060,1.0000,0.1243,0.358,0.007
608,38912,orientation_cued_D24,0.00033,1.0000,0.0199,0.354,0.021
609,38976,orientation_cued_D24,0.00042,1.0000,0.0552,0.359,0.020
610,39040,orientation_cued_D12,0.00021,1.0000,0.0104,0.203,0.020
611,39104,orientation_cued_D12,0.00022,1.0000,0.0127,0.287,0.015
612,39168,orientation_cued_D12,0.00030,1.0000,0.0265,0.207,0.012
613,39232,orientation_cued_D4,0.00016,1.0000,0.0060,0.109,0.012
614,39296,orientation_cued_D4,0.00026,1.0000,0.0587,0.163,0.007
615,39360,orientation_cued_D4,0.00017,1.0000,0.0078,0.117,0.008
616,39424,orientation_cued_D0,0.00026,1.0000,0.0452,0.067,0.007
617,39488,orientation_cued_D0,0.00012,1.0000,0.0034,0.093,0.004
618,39552,orientation_cued_D0,0.00014,1.0000,0.0071,0.086,0.004
619,39616,orientation_cued_D24,0.00465,1.0000,3.3129,0.348,0.005
620,39680,orientation_cued_D24,0.00038,1.0000,0.0358,0.389,0.021
621,39744,orientation_cued_D24,0.00037,1.0000,0.0274,0.360,0.019
622,39808,orientation_cued_D12,0.00028,1.0000,0.0346,0.231,0.035
623,39872,orientation_cued_D12,0.00018,1.0000,0.0059,0.241,0.014
624,39936,orientation_cued_D12,0.00019,1.0000,0.0249,0.215,0.013
625,40000,orientation_cued_D4,0.00013,1.0000,0.0049,0.111,0.013
626,40064,orientation_cued_D4,0.00018,1.0000,0.0097,0.123,0.007
627,40128,orientation_cued_D4,0.00013,1.0000,0.0048,0.118,0.007
628,40192,orientation_cued_D0,0.00010,1.0000,0.0029,0.070,0.011
629,40256,orientation_cued_D0,0.00011,1.0000,0.0036,0.063,0.004
630,40320,orientation_cued_D0,0.00027,1.0000,0.0768,0.066,0.005
631,40384,orientation_cued_D24,0.00039,1.0000,0.0558,0.350,0.005
632,40448,orientation_cued_D24,0.00083,1.0000,0.1991,0.360,0.021
633,40512,orientation_cued_D24,0.00073,1.0000,0.1638,0.357,0.020
634,40576,orientation_cued_D12,0.00025,1.0000,0.0239,0.206,0.019
635,40640,orientation_cued_D12,0.00024,1.0000,0.0331,0.225,0.015
636,40704,orientation_cued_D12,0.00021,1.0000,0.0150,0.211,0.012
637,40768,orientation_cued_D4,0.00021,1.0000,0.0545,0.109,0.012
638,40832,orientation_cued_D4,0.00012,1.0000,0.0031,0.120,0.007
639,40896,orientation_cued_D4,0.00076,1.0000,0.4266,0.116,0.007
640,40960,orientation_cued_D0,0.00017,1.0000,0.0269,0.066,0.007
641,41024,orientation_cued_D0,0.00015,1.0000,0.0151,0.061,0.004
642,41088,orientation_cued_D0,0.00331,1.0000,1.7788,0.072,0.005
643,41152,orientation_cued_D24,0.00084,1.0000,0.2395,0.355,0.007
644,41216,orientation_cued_D24,0.00067,1.0000,0.0905,0.358,0.037
645,41280,orientation_cued_D24,0.00047,1.0000,0.0511,0.363,0.019
646,41344,orientation_cued_D12,0.00016,1.0000,0.0060,0.206,0.019
647,41408,orientation_cued_D12,0.00027,1.0000,0.0310,0.224,0.023
648,41472,orientation_cued_D12,0.00016,1.0000,0.0192,0.217,0.012
649,41536,orientation_cued_D4,0.00010,1.0000,0.0024,0.122,0.013
650,41600,orientation_cued_D4,0.00011,1.0000,0.0034,0.141,0.007
651,41664,orientation_cued_D4,0.00011,1.0000,0.0028,0.123,0.007
652,41728,orientation_cued_D0,0.00009,1.0000,0.0020,0.067,0.007
653,41792,orientation_cued_D0,0.00009,1.0000,0.0023,0.064,0.004
654,41856,orientation_cued_D0,0.00009,1.0000,0.0021,0.069,0.005
655,41920,orientation_cued_D24,0.00039,1.0000,0.0380,0.351,0.005
656,41984,orientation_cued_D24,0.00016,1.0000,0.0063,0.361,0.021
657,42048,orientation_cued_D24,0.00025,1.0000,0.0138,0.358,0.019
658,42112,orientation_cued_D12,0.00013,1.0000,0.0036,0.207,0.020
659,42176,orientation_cued_D12,0.00013,1.0000,0.0028,0.225,0.014
660,42240,orientation_cued_D12,0.00016,1.0000,0.0060,0.213,0.013
661,42304,orientation_cued_D4,0.00011,1.0000,0.0029,0.109,0.012
662,42368,orientation_cued_D4,0.00016,1.0000,0.0112,0.122,0.007
663,42432,orientation_cued_D4,0.00011,1.0000,0.0041,0.111,0.007
664,42496,orientation_cued_D0,0.00009,1.0000,0.0022,0.066,0.007
665,42560,orientation_cued_D0,0.00009,1.0000,0.0022,0.065,0.005
666,42624,orientation_cued_D0,0.00011,1.0000,0.0059,0.066,0.005
667,42688,orientation_cued_D24,0.00022,1.0000,0.0230,0.359,0.004
668,42752,orientation_cued_D24,0.00020,1.0000,0.0120,0.355,0.020
669,42816,orientation_cued_D24,0.00032,1.0000,0.0434,0.355,0.019
670,42880,orientation_cued_D12,0.00044,1.0000,0.1069,0.208,0.019
671,42944,orientation_cued_D12,0.00017,1.0000,0.0209,0.235,0.024
672,43008,orientation_cued_D12,0.00011,1.0000,0.0026,0.206,0.012
673,43072,orientation_cued_D4,0.00010,1.0000,0.0026,0.108,0.012
674,43136,orientation_cued_D4,0.00010,1.0000,0.0022,0.121,0.007
675,43200,orientation_cued_D4,0.00011,1.0000,0.0067,0.129,0.007
676,43264,orientation_cued_D0,0.00010,1.0000,0.0037,0.069,0.008
677,43328,orientation_cued_D0,0.00008,1.0000,0.0018,0.078,0.004
678,43392,orientation_cued_D0,0.00008,1.0000,0.0019,0.090,0.008
679,43456,orientation_cued_D24,0.00016,1.0000,0.0051,0.373,0.007
680,43520,orientation_cued_D24,0.00021,1.0000,0.0101,0.354,0.021
681,43584,orientation_cued_D24,0.00027,1.0000,0.0389,0.356,0.020
682,43648,orientation_cued_D12,0.00013,1.0000,0.0049,0.213,0.019
683,43712,orientation_cued_D12,0.00014,1.0000,0.0091,0.220,0.014
684,43776,orientation_cued_D12,0.00011,1.0000,0.0028,0.222,0.012
685,43840,orientation_cued_D4,0.00009,1.0000,0.0020,0.112,0.012
686,43904,orientation_cued_D4,0.00012,1.0000,0.0086,0.124,0.007
687,43968,orientation_cued_D4,0.00011,1.0000,0.0083,0.118,0.007
688,44032,orientation_cued_D0,0.00008,1.0000,0.0018,0.068,0.007
689,44096,orientation_cued_D0,0.00008,1.0000,0.0017,0.063,0.004
690,44160,orientation_cued_D0,0.00011,1.0000,0.0077,0.070,0.005
691,44224,orientation_cued_D24,0.00040,1.0000,0.0679,0.352,0.005
692,44288,orientation_cued_D24,0.00019,1.0000,0.0101,0.356,0.020
693,44352,orientation_cued_D24,0.00086,1.0000,0.2819,0.358,0.020
694,44416,orientation_cued_D12,0.00012,1.0000,0.0030,0.211,0.019
695,44480,orientation_cued_D12,0.00010,1.0000,0.0026,0.220,0.015
696,44544,orientation_cued_D12,0.00012,1.0000,0.0033,0.217,0.013
697,44608,orientation_cued_D4,0.00009,1.0000,0.0021,0.114,0.013
698,44672,orientation_cued_D4,0.00010,1.0000,0.0030,0.128,0.007
699,44736,orientation_cued_D4,0.00009,1.0000,0.0023,0.125,0.008
700,44800,orientation_cued_D0,0.00008,1.0000,0.0019,0.072,0.007
701,44864,orientation_cued_D0,0.00008,1.0000,0.0017,0.066,0.004
702,44928,orientation_cued_D0,0.00009,1.0000,0.0028,0.070,0.005
703,44992,orientation_cued_D24,0.00027,1.0000,0.0693,0.360,0.005
704,45056,orientation_cued_D24,0.00019,1.0000,0.0165,0.370,0.021
705,45120,orientation_cued_D24,0.00018,1.0000,0.0119,0.389,0.021
706,45184,orientation_cued_D12,0.00011,1.0000,0.0039,0.238,0.020
707,45248,orientation_cued_D12,0.00011,1.0000,0.0094,0.217,0.014
708,45312,orientation_cued_D12,0.00011,1.0000,0.0035,0.216,0.012
709,45376,orientation_cued_D4,0.00008,1.0000,0.0017,0.110,0.012
710,45440,orientation_cued_D4,0.00009,1.0000,0.0023,0.122,0.007
711,45504,orientation_cued_D4,0.00009,1.0000,0.0021,0.120,0.007
712,45568,orientation_cued_D0,0.00007,1.0000,0.0015,0.070,0.007
713,45632,orientation_cued_D0,0.00013,1.0000,0.0398,0.063,0.004
714,45696,orientation_cued_D0,0.00008,1.0000,0.0018,0.071,0.005
715,45760,orientation_cued_D24,0.00018,1.0000,0.0107,0.355,0.004
716,45824,orientation_cued_D24,0.00018,1.0000,0.0157,0.359,0.021
717,45888,orientation_cued_D24,0.00019,1.0000,0.0162,0.359,0.020
718,45952,orientation_cued_D12,0.00010,1.0000,0.0024,0.211,0.020
719,46016,orientation_cued_D12,0.00009,1.0000,0.0021,0.224,0.016
720,46080,orientation_cued_D12,0.00012,1.0000,0.0153,0.217,0.012
721,46144,orientation_cued_D4,0.00008,1.0000,0.0017,0.113,0.012
722,46208,orientation_cued_D4,0.00008,1.0000,0.0019,0.133,0.007
723,46272,orientation_cued_D4,0.00009,1.0000,0.0020,0.118,0.008
724,46336,orientation_cued_D0,0.00007,1.0000,0.0015,0.069,0.007
725,46400,orientation_cued_D0,0.00007,1.0000,0.0014,0.070,0.004
726,46464,orientation_cued_D0,0.00007,1.0000,0.0021,0.068,0.008
727,46528,orientation_cued_D24,0.00013,1.0000,0.0046,0.353,0.004
728,46592,orientation_cued_D24,0.00016,1.0000,0.0099,0.355,0.021
729,46656,orientation_cued_D24,0.00011,1.0000,0.0031,0.365,0.019
730,46720,orientation_cued_D12,0.00011,1.0000,0.0043,0.230,0.021
731,46784,orientation_cued_D12,0.00009,1.0000,0.0020,0.225,0.015
732,46848,orientation_cued_D12,0.00008,1.0000,0.0018,0.208,0.012
733,46912,orientation_cued_D4,0.00009,1.0000,0.0019,0.121,0.013
734,46976,orientation_cued_D4,0.00008,1.0000,0.0016,0.130,0.007
735,47040,orientation_cued_D4,0.00007,1.0000,0.0015,0.115,0.009
736,47104,orientation_cued_D0,0.00008,1.0000,0.0020,0.064,0.007
737,47168,orientation_cued_D0,0.00007,1.0000,0.0013,0.065,0.004
738,47232,orientation_cued_D0,0.00007,1.0000,0.0016,0.067,0.004
739,47296,orientation_cued_D24,0.00012,1.0000,0.0033,0.369,0.005
740,47360,orientation_cued_D24,0.00017,1.0000,0.0129,0.338,0.021
741,47424,orientation_cued_D24,0.00017,1.0000,0.0155,0.355,0.019
742,47488,orientation_cued_D12,0.00008,1.0000,0.0017,0.216,0.020
743,47552,orientation_cued_D12,0.00009,1.0000,0.0020,0.211,0.012
744,47616,orientation_cued_D12,0.00009,1.0000,0.0028,0.217,0.015
745,47680,orientation_cued_D4,0.00007,1.0000,0.0014,0.117,0.015
746,47744,orientation_cued_D4,0.00010,1.0000,0.0067,0.115,0.008
747,47808,orientation_cued_D0,0.00006,1.0000,0.0013,0.072,0.007
748,47872,orientation_cued_D4,0.00007,1.0000,0.0014,0.120,0.005
749,47936,orientation_cued_D0,0.00007,1.0000,0.0014,0.064,0.007
750,48000,orientation_cued_D24,0.00014,1.0000,0.0069,0.357,0.004
751,48064,orientation_cued_D0,0.00008,1.0000,0.0029,0.059,0.021
752,48128,orientation_cued_D24,0.00011,1.0000,0.0059,0.362,0.004
753,48192,orientation_cued_D12,0.00016,1.0000,0.0412,0.201,0.020
754,48256,orientation_cued_D24,0.00011,1.0000,0.0028,0.377,0.016
755,48320,orientation_cued_D12,0.00014,1.0000,0.0121,0.211,0.019
756,48384,orientation_cued_D4,0.00007,1.0000,0.0014,0.131,0.012
757,48448,orientation_cued_D12,0.00009,1.0000,0.0036,0.252,0.008
758,48512,orientation_cued_D4,0.00007,1.0000,0.0014,0.115,0.013
759,48576,orientation_cued_D0,0.00007,1.0000,0.0016,0.076,0.009
760,48640,orientation_cued_D4,0.00007,1.0000,0.0014,0.126,0.004
761,48704,orientation_cued_D0,0.00006,1.0000,0.0013,0.090,0.013
762,48768,orientation_cued_D0,0.00011,1.0000,0.0171,0.065,0.006
763,48832,orientation_cued_D24,0.00011,1.0000,0.0078,0.348,0.004
764,48896,orientation_cued_D24,0.00011,1.0000,0.0042,0.360,0.021
765,48960,orientation_cued_D24,0.00012,1.0000,0.0066,0.359,0.020
766,49024,orientation_cued_D12,0.00009,1.0000,0.0029,0.204,0.020
767,49088,orientation_cued_D12,0.00008,1.0000,0.0016,0.234,0.016
768,49152,orientation_cued_D12,0.00011,1.0000,0.0048,0.214,0.012
769,49216,orientation_cued_D4,0.00023,1.0000,0.1149,0.110,0.012
770,49280,orientation_cued_D4,0.00007,1.0000,0.0014,0.132,0.007
771,49344,orientation_cued_D4,0.00007,1.0000,0.0028,0.113,0.008
772,49408,orientation_cued_D0,0.00007,1.0000,0.0015,0.064,0.007
773,49472,orientation_cued_D0,0.00008,1.0000,0.0061,0.067,0.005
774,49536,orientation_cued_D0,0.00007,1.0000,0.0017,0.068,0.005
775,49600,orientation_cued_D24,0.00011,1.0000,0.0042,0.360,0.004
776,49664,orientation_cued_D24,0.00014,1.0000,0.0186,0.361,0.020
777,49728,orientation_cued_D24,0.00011,1.0000,0.0044,0.356,0.020
778,49792,orientation_cued_D12,0.00008,1.0000,0.0016,0.207,0.020
779,49856,orientation_cued_D12,0.00007,1.0000,0.0018,0.237,0.015
780,49920,orientation_cued_D12,0.00014,1.0000,0.0263,0.213,0.013
781,49984,orientation_cued_D4,0.00007,1.0000,0.0015,0.110,0.013
782,50048,orientation_cued_D4,0.00007,1.0000,0.0014,0.139,0.007
783,50112,orientation_cued_D4,0.00007,1.0000,0.0014,0.137,0.009
784,50176,orientation_cued_D0,0.00007,1.0000,0.0014,0.069,0.009
785,50240,orientation_cued_D0,0.00007,1.0000,0.0014,0.090,0.007
786,50304,orientation_cued_D0,0.00007,1.0000,0.0022,0.086,0.007
787,50368,orientation_cued_D24,0.00011,1.0000,0.0086,0.364,0.004
788,50432,orientation_cued_D24,0.00009,1.0000,0.0043,0.356,0.034
789,50496,orientation_cued_D24,0.00009,1.0000,0.0027,0.352,0.020
790,50560,orientation_cued_D12,0.00008,1.0000,0.0019,0.205,0.020
791,50624,orientation_cued_D12,0.00007,1.0000,0.0019,0.225,0.016
792,50688,orientation_cued_D12,0.00008,1.0000,0.0020,0.226,0.012
793,50752,orientation_cued_D4,0.00006,1.0000,0.0012,0.110,0.012
794,50816,orientation_cued_D4,0.00007,1.0000,0.0015,0.124,0.007
795,50880,orientation_cued_D4,0.00006,1.0000,0.0013,0.119,0.007
796,50944,orientation_cued_D0,0.00006,1.0000,0.0012,0.067,0.007
797,51008,orientation_cued_D0,0.00006,1.0000,0.0012,0.062,0.004
798,51072,orientation_cued_D0,0.00007,1.0000,0.0040,0.069,0.005
799,51136,orientation_cued_D24,0.00012,1.0000,0.0035,0.352,0.005
800,51200,orientation_cued_D24,0.00009,1.0000,0.0023,0.354,0.020
801,51264,orientation_cued_D24,0.00008,1.0000,0.0019,0.351,0.020
802,51328,orientation_cued_D12,0.00007,1.0000,0.0016,0.204,0.020
803,51392,orientation_cued_D12,0.00007,1.0000,0.0030,0.235,0.016
804,51456,orientation_cued_D12,0.00007,1.0000,0.0014,0.214,0.013
805,51520,orientation_cued_D4,0.00006,1.0000,0.0013,0.123,0.013
806,51584,orientation_cued_D4,0.00006,1.0000,0.0012,0.125,0.007
807,51648,orientation_cued_D4,0.00006,1.0000,0.0013,0.120,0.007
808,51712,orientation_cued_D0,0.00006,1.0000,0.0012,0.067,0.007
809,51776,orientation_cued_D0,0.00006,1.0000,0.0012,0.066,0.004
810,51840,orientation_cued_D0,0.00006,1.0000,0.0011,0.070,0.005
811,51904,orientation_cued_D24,0.00009,1.0000,0.0032,0.368,0.005
812,51968,orientation_cued_D24,0.00013,1.0000,0.0145,0.354,0.021
813,52032,orientation_cued_D24,0.00009,1.0000,0.0035,0.361,0.020
814,52096,orientation_cued_D12,0.00008,1.0000,0.0036,0.206,0.020
815,52160,orientation_cued_D12,0.00007,1.0000,0.0023,0.224,0.015
816,52224,orientation_cued_D12,0.00008,1.0000,0.0037,0.217,0.012
817,52288,orientation_cued_D4,0.00008,1.0000,0.0075,0.117,0.013
818,52352,orientation_cued_D4,0.00006,1.0000,0.0013,0.124,0.007
819,52416,orientation_cued_D4,0.00006,1.0000,0.0013,0.132,0.009
820,52480,orientation_cued_D0,0.00006,1.0000,0.0013,0.071,0.008
821,52544,orientation_cued_D0,0.00009,1.0000,0.0132,0.066,0.004
822,52608,orientation_cued_D0,0.00006,1.0000,0.0012,0.072,0.005
823,52672,orientation_cued_D24,0.00009,1.0000,0.0071,0.350,0.004
824,52736,orientation_cued_D24,0.00009,1.0000,0.0022,0.360,0.020
825,52800,orientation_cued_D24,0.00009,1.0000,0.0028,0.352,0.020
826,52864,orientation_cued_D12,0.00007,1.0000,0.0014,0.202,0.019
827,52928,orientation_cued_D12,0.00007,1.0000,0.0024,0.230,0.015
828,52992,orientation_cued_D12,0.00007,1.0000,0.0018,0.222,0.013
829,53056,orientation_cued_D4,0.00006,1.0000,0.0011,0.116,0.012
830,53120,orientation_cued_D4,0.00007,1.0000,0.0029,0.133,0.007
831,53184,orientation_cued_D4,0.00006,1.0000,0.0019,0.120,0.007
832,53248,orientation_cued_D0,0.00006,1.0000,0.0017,0.070,0.007
833,53312,orientation_cued_D0,0.00006,1.0000,0.0012,0.063,0.004
834,53376,orientation_cued_D0,0.00006,1.0000,0.0016,0.069,0.005
835,53440,orientation_cued_D24,0.00008,1.0000,0.0022,0.392,0.005
836,53504,orientation_cued_D24,0.00008,1.0000,0.0022,0.352,0.021
837,53568,orientation_cued_D24,0.00008,1.0000,0.0029,0.357,0.020
838,53632,orientation_cued_D12,0.00006,1.0000,0.0013,0.203,0.020
839,53696,orientation_cued_D12,0.00008,1.0000,0.0047,0.243,0.015
840,53760,orientation_cued_D12,0.00049,1.0000,0.4574,0.208,0.012
841,53824,orientation_cued_D4,0.00006,1.0000,0.0011,0.124,0.012
842,53888,orientation_cued_D4,0.00006,1.0000,0.0012,0.127,0.006
843,53952,orientation_cued_D4,0.00006,1.0000,0.0011,0.118,0.007
844,54016,orientation_cued_D0,0.00006,1.0000,0.0011,0.069,0.007
845,54080,orientation_cued_D0,0.00005,1.0000,0.0011,0.062,0.004
846,54144,orientation_cued_D0,0.00006,1.0000,0.0012,0.077,0.004
847,54208,orientation_cued_D24,0.00015,1.0000,0.0387,0.371,0.007
848,54272,orientation_cued_D24,0.00008,1.0000,0.0028,0.361,0.021
849,54336,orientation_cued_D24,0.00009,1.0000,0.0024,0.354,0.020
850,54400,orientation_cued_D12,0.00006,1.0000,0.0013,0.203,0.019
851,54464,orientation_cued_D12,0.00006,1.0000,0.0015,0.228,0.014
852,54528,orientation_cued_D12,0.00007,1.0000,0.0013,0.213,0.013
853,54592,orientation_cued_D4,0.00006,1.0000,0.0012,0.110,0.012
854,54656,orientation_cued_D4,0.00006,1.0000,0.0013,0.123,0.007
855,54720,orientation_cued_D4,0.00006,1.0000,0.0011,0.118,0.007
856,54784,orientation_cued_D0,0.00006,1.0000,0.0012,0.068,0.007
857,54848,orientation_cued_D0,0.00006,1.0000,0.0012,0.062,0.004
858,54912,orientation_cued_D0,0.00006,1.0000,0.0012,0.069,0.005
859,54976,orientation_cued_D24,0.00009,1.0000,0.0036,0.354,0.004
860,55040,orientation_cued_D24,0.00007,1.0000,0.0022,0.354,0.021
861,55104,orientation_cued_D24,0.00008,1.0000,0.0023,0.351,0.020
862,55168,orientation_cued_D12,0.00006,1.0000,0.0012,0.207,0.019
863,55232,orientation_cued_D12,0.00007,1.0000,0.0015,0.221,0.014
864,55296,orientation_cued_D12,0.00007,1.0000,0.0035,0.208,0.012
865,55360,orientation_cued_D4,0.00006,1.0000,0.0011,0.108,0.012
866,55424,orientation_cued_D4,0.00006,1.0000,0.0012,0.124,0.007
867,55488,orientation_cued_D4,0.00006,1.0000,0.0013,0.121,0.007
868,55552,orientation_cued_D0,0.00005,1.0000,0.0010,0.073,0.007
869,55616,orientation_cued_D0,0.00005,1.0000,0.0011,0.063,0.004
870,55680,orientation_cued_D0,0.00006,1.0000,0.0035,0.069,0.005
871,55744,orientation_cued_D24,0.00009,1.0000,0.0065,0.349,0.004
872,55808,orientation_cued_D24,0.00013,1.0000,0.0333,0.363,0.021
873,55872,orientation_cued_D24,0.00007,1.0000,0.0018,0.385,0.023
874,55936,orientation_cued_D12,0.00006,1.0000,0.0013,0.205,0.020
875,56000,orientation_cued_D12,0.00006,1.0000,0.0034,0.222,0.014
876,56064,orientation_cued_D12,0.00006,1.0000,0.0014,0.217,0.013
877,56128,orientation_cued_D4,0.00006,1.0000,0.0017,0.111,0.012
878,56192,orientation_cued_D4,0.00006,1.0000,0.0012,0.121,0.007
879,56256,orientation_cued_D4,0.00006,1.0000,0.0011,0.119,0.007
880,56320,orientation_cued_D0,0.00006,1.0000,0.0020,0.068,0.007
881,56384,orientation_cued_D0,0.00005,1.0000,0.0011,0.062,0.004
882,56448,orientation_cued_D0,0.00005,1.0000,0.0011,0.069,0.004
883,56512,orientation_cued_D24,0.00007,1.0000,0.0019,0.350,0.004
884,56576,orientation_cued_D24,0.00008,1.0000,0.0027,0.374,0.025
885,56640,orientation_cued_D24,0.00009,1.0000,0.0055,0.353,0.020
886,56704,orientation_cued_D12,0.00006,1.0000,0.0014,0.208,0.019
887,56768,orientation_cued_D12,0.00006,1.0000,0.0013,0.224,0.023
888,56832,orientation_cued_D12,0.00006,1.0000,0.0017,0.214,0.012
889,56896,orientation_cued_D4,0.00005,1.0000,0.0010,0.109,0.012
890,56960,orientation_cued_D4,0.00006,1.0000,0.0012,0.123,0.007
891,57024,orientation_cued_D4,0.00006,1.0000,0.0012,0.118,0.007
892,57088,orientation_cued_D0,0.00005,1.0000,0.0010,0.064,0.007
893,57152,orientation_cued_D0,0.00005,1.0000,0.0011,0.063,0.004
894,57216,orientation_cued_D0,0.00005,1.0000,0.0010,0.078,0.005
895,57280,orientation_cued_D24,0.00008,1.0000,0.0044,0.374,0.005
896,57344,orientation_cued_D24,0.00010,1.0000,0.0089,0.332,0.021
897,57408,orientation_cued_D24,0.00009,1.0000,0.0161,0.356,0.020
898,57472,orientation_cued_D12,0.00006,1.0000,0.0014,0.222,0.020
899,57536,orientation_cued_D12,0.00006,1.0000,0.0013,0.219,0.013
900,57600,orientation_cued_D12,0.00006,1.0000,0.0012,0.230,0.016
901,57664,orientation_cued_D4,0.00005,1.0000,0.0012,0.109,0.013
902,57728,orientation_cued_D4,0.00005,1.0000,0.0010,0.119,0.008
903,57792,orientation_cued_D0,0.00005,1.0000,0.0011,0.071,0.007
904,57856,orientation_cued_D4,0.00005,1.0000,0.0010,0.123,0.005
905,57920,orientation_cued_D0,0.00005,1.0000,0.0010,0.064,0.008
906,57984,orientation_cued_D24,0.00008,1.0000,0.0042,0.359,0.004
907,58048,orientation_cued_D0,0.00005,1.0000,0.0011,0.057,0.021
908,58112,orientation_cued_D24,0.00007,1.0000,0.0025,0.374,0.004
909,58176,orientation_cued_D12,0.00006,1.0000,0.0017,0.205,0.020
910,58240,orientation_cued_D24,0.00006,1.0000,0.0013,0.371,0.016
911,58304,orientation_cued_D12,0.00006,1.0000,0.0013,0.213,0.019
912,58368,orientation_cued_D4,0.00005,1.0000,0.0011,0.112,0.012
913,58432,orientation_cued_D12,0.00006,1.0000,0.0012,0.227,0.008
914,58496,orientation_cued_D4,0.00006,1.0000,0.0011,0.108,0.012
915,58560,orientation_cued_D0,0.00005,1.0000,0.0010,0.067,0.007
916,58624,orientation_cued_D4,0.00006,1.0000,0.0027,0.116,0.004
917,58688,orientation_cued_D0,0.00005,1.0000,0.0011,0.067,0.007
918,58752,orientation_cued_D0,0.00052,1.0000,0.4067,0.062,0.004
919,58816,orientation_cued_D24,0.00007,1.0000,0.0028,0.352,0.004
920,58880,orientation_cued_D24,0.00009,1.0000,0.0125,0.354,0.021
921,58944,orientation_cued_D24,0.00006,1.0000,0.0015,0.354,0.020
922,59008,orientation_cued_D12,0.00006,1.0000,0.0012,0.205,0.020
923,59072,orientation_cued_D12,0.00006,1.0000,0.0011,0.228,0.016
924,59136,orientation_cued_D12,0.00006,1.0000,0.0013,0.214,0.012
925,59200,orientation_cued_D4,0.00005,1.0000,0.0011,0.132,0.021
926,59264,orientation_cued_D4,0.00005,1.0000,0.0011,0.143,0.013
927,59328,orientation_cued_D4,0.00005,1.0000,0.0010,0.137,0.014
928,59392,orientation_cued_D0,0.00005,1.0000,0.0011,0.066,0.008
929,59456,orientation_cued_D0,0.00006,1.0000,0.0015,0.063,0.004
930,59520,orientation_cued_D0,0.00005,1.0000,0.0010,0.070,0.005
931,59584,orientation_cued_D24,0.00008,1.0000,0.0052,0.351,0.004
932,59648,orientation_cued_D24,0.00007,1.0000,0.0020,0.355,0.020
933,59712,orientation_cued_D24,0.00010,1.0000,0.0188,0.354,0.020
934,59776,orientation_cued_D12,0.00005,1.0000,0.0010,0.202,0.019
935,59840,orientation_cued_D12,0.00006,1.0000,0.0012,0.228,0.016
936,59904,orientation_cued_D12,0.00006,1.0000,0.0012,0.219,0.013
937,59968,orientation_cued_D4,0.00005,1.0000,0.0011,0.112,0.012
938,60032,orientation_cued_D4,0.00005,1.0000,0.0012,0.127,0.007
939,60096,orientation_cued_D4,0.00005,1.0000,0.0010,0.119,0.007
940,60160,orientation_cued_D0,0.00005,1.0000,0.0010,0.067,0.007
941,60224,orientation_cued_D0,0.00005,1.0000,0.0009,0.062,0.004
942,60288,orientation_cued_D0,0.00006,1.0000,0.0041,0.070,0.005
943,60352,orientation_cued_D24,0.00007,1.0000,0.0021,0.351,0.004
944,60416,orientation_cued_D24,0.00014,1.0000,0.0450,0.360,0.020
945,60480,orientation_cued_D24,0.00008,1.0000,0.0060,0.354,0.020
946,60544,orientation_cued_D12,0.00005,1.0000,0.0012,0.205,0.025
947,60608,orientation_cued_D12,0.00005,1.0000,0.0011,0.226,0.015
948,60672,orientation_cued_D12,0.00006,1.0000,0.0067,0.216,0.012
949,60736,orientation_cued_D4,0.00005,1.0000,0.0010,0.117,0.012
950,60800,orientation_cued_D4,0.00005,1.0000,0.0010,0.123,0.007
951,60864,orientation_cued_D4,0.00005,1.0000,0.0010,0.120,0.007
952,60928,orientation_cued_D0,0.00005,1.0000,0.0010,0.070,0.007
953,60992,orientation_cued_D0,0.00005,1.0000,0.0013,0.075,0.004
954,61056,orientation_cued_D0,0.00005,1.0000,0.0015,0.086,0.005
955,61120,orientation_cued_D24,0.00007,1.0000,0.0018,0.371,0.004
956,61184,orientation_cued_D24,0.00007,1.0000,0.0022,0.359,0.021
957,61248,orientation_cued_D24,0.00009,1.0000,0.0091,0.359,0.036
958,61312,orientation_cued_D12,0.00007,1.0000,0.0057,0.208,0.019
959,61376,orientation_cued_D12,0.00006,1.0000,0.0012,0.225,0.015
960,61440,orientation_cued_D12,0.00006,1.0000,0.0017,0.220,0.012
961,61504,orientation_cued_D4,0.00005,1.0000,0.0010,0.116,0.015
962,61568,orientation_cued_D4,0.00005,1.0000,0.0010,0.127,0.007
963,61632,orientation_cued_D4,0.00005,1.0000,0.0012,0.121,0.011
964,61696,orientation_cued_D0,0.00008,1.0000,0.0186,0.068,0.007
965,61760,orientation_cued_D0,0.00005,1.0000,0.0009,0.063,0.004
966,61824,orientation_cued_D0,0.00005,1.0000,0.0009,0.070,0.005
967,61888,orientation_cued_D24,0.00005,1.0000,0.0014,0.369,0.004
968,61952,orientation_cued_D24,0.00007,1.0000,0.0031,0.358,0.021
969,62016,orientation_cued_D24,0.00006,1.0000,0.0040,0.359,0.020
970,62080,orientation_cued_D12,0.00006,1.0000,0.0032,0.216,0.019
971,62144,orientation_cued_D12,0.00005,1.0000,0.0011,0.227,0.016
972,62208,orientation_cued_D12,0.00006,1.0000,0.0033,0.213,0.012
973,62272,orientation_cued_D4,0.00005,1.0000,0.0011,0.148,0.012
974,62336,orientation_cued_D4,0.00005,1.0000,0.0010,0.145,0.007
975,62400,orientation_cued_D4,0.00005,1.0000,0.0010,0.108,0.007
976,62464,orientation_cued_D0,0.00005,1.0000,0.0009,0.093,0.007
977,62528,orientation_cued_D0,0.00005,1.0000,0.0012,0.085,0.004
978,62592,orientation_cued_D0,0.00005,1.0000,0.0010,0.064,0.005
979,62656,orientation_cued_D24,0.00007,1.0000,0.0071,0.378,0.004
980,62720,orientation_cued_D24,0.00008,1.0000,0.0040,0.386,0.021
981,62784,orientation_cued_D24,0.00007,1.0000,0.0073,0.372,0.022
982,62848,orientation_cued_D12,0.00005,1.0000,0.0011,0.202,0.020
983,62912,orientation_cued_D12,0.00006,1.0000,0.0019,0.229,0.015
984,62976,orientation_cued_D12,0.00006,1.0000,0.0011,0.214,0.014
985,63040,orientation_cued_D4,0.00005,1.0000,0.0010,0.110,0.012
986,63104,orientation_cued_D4,0.00005,1.0000,0.0010,0.125,0.007
987,63168,orientation_cued_D4,0.00005,1.0000,0.0009,0.126,0.007
988,63232,orientation_cued_D0,0.00005,1.0000,0.0010,0.069,0.008
989,63296,orientation_cued_D0,0.00005,1.0000,0.0009,0.062,0.004
990,63360,orientation_cued_D0,0.00005,1.0000,0.0009,0.069,0.005
991,63424,orientation_cued_D24,0.00005,1.0000,0.0011,0.349,0.004
992,63488,orientation_cued_D24,0.00006,1.0000,0.0016,0.352,0.021
993,63552,orientation_cued_D24,0.00006,1.0000,0.0025,0.355,0.020
994,63616,orientation_cued_D12,0.00005,1.0000,0.0024,0.205,0.020
995,63680,orientation_cued_D12,0.00005,1.0000,0.0011,0.234,0.015
996,63744,orientation_cued_D12,0.00005,1.0000,0.0010,0.212,0.013
997,63808,orientation_cued_D4,0.00005,1.0000,0.0010,0.109,0.012
998,63872,orientation_cued_D4,0.00005,1.0000,0.0009,0.124,0.007
999,63936,orientation_cued_D4,0.00005,1.0000,0.0010,0.117,0.007
1000,64000,orientation_cued_D0,0.00005,1.0000,0.0010,0.068,0.007
1001,64064,orientation_cued_D0,0.00005,1.0000,0.0010,0.055,0.004
1002,64128,orientation_cued_D0,0.00005,1.0000,0.0009,0.056,0.004
1003,64192,orientation_cued_D24,0.00006,1.0000,0.0022,0.354,0.005
1004,64256,orientation_cued_D24,0.00006,1.0000,0.0022,0.364,0.021
1005,64320,orientation_cued_D24,0.00006,1.0000,0.0015,0.354,0.021
1006,64384,orientation_cued_D12,0.00005,1.0000,0.0010,0.202,0.020
1007,64448,orientation_cued_D12,0.00005,1.0000,0.0009,0.239,0.014
1008,64512,orientation_cued_D12,0.00005,1.0000,0.0013,0.210,0.012
1009,64576,orientation_cued_D4,0.00005,1.0000,0.0009,0.109,0.013
1010,64640,orientation_cued_D4,0.00005,1.0000,0.0010,0.138,0.007
1011,64704,orientation_cued_D4,0.00005,1.0000,0.0010,0.118,0.014
1012,64768,orientation_cued_D0,0.00004,1.0000,0.0009,0.069,0.008
1013,64832,orientation_cued_D0,0.00005,1.0000,0.0010,0.063,0.004
1014,64896,orientation_cued_D0,0.00004,1.0000,0.0009,0.069,0.005
1015,64960,orientation_cued_D24,0.00005,1.0000,0.0011,0.369,0.006
1016,65024,orientation_cued_D24,0.00006,1.0000,0.0019,0.357,0.021
1017,65088,orientation_cued_D24,0.00006,1.0000,0.0014,0.359,0.021
1018,65152,orientation_cued_D12,0.00005,1.0000,0.0010,0.199,0.020
1019,65216,orientation_cued_D12,0.00005,1.0000,0.0010,0.235,0.015
1020,65280,orientation_cued_D12,0.00005,1.0000,0.0009,0.236,0.013
1021,65344,orientation_cued_D4,0.00005,1.0000,0.0013,0.109,0.012
1022,65408,orientation_cued_D4,0.00005,1.0000,0.0009,0.129,0.007
1023,65472,orientation_cued_D4,0.00005,1.0000,0.0009,0.118,0.007
1024,65536,orientation_cued_D0,0.00005,1.0000,0.0009,0.068,0.007
1025,65600,orientation_cued_D0,0.00005,1.0000,0.0049,0.062,0.004
1026,65664,orientation_cued_D0,0.00004,1.0000,0.0009,0.069,0.005
1027,65728,orientation_cued_D24,0.00005,1.0000,0.0010,0.358,0.005
1028,65792,orientation_cued_D24,0.00005,1.0000,0.0014,0.352,0.020
1029,65856,orientation_cued_D24,0.00006,1.0000,0.0012,0.353,0.021
1030,65920,orientation_cued_D12,0.00028,1.0000,0.2200,0.203,0.020
1031,65984,orientation_cued_D12,0.00005,1.0000,0.0009,0.231,0.015
1032,66048,orientation_cued_D12,0.00005,1.0000,0.0011,0.210,0.013
1033,66112,orientation_cued_D4,0.00005,1.0000,0.0010,0.108,0.012
1034,66176,orientation_cued_D4,0.00005,1.0000,0.0009,0.121,0.007
1035,66240,orientation_cued_D4,0.00005,1.0000,0.0010,0.124,0.007
1036,66304,orientation_cued_D0,0.00004,1.0000,0.0009,0.069,0.007
1037,66368,orientation_cued_D0,0.00006,1.0000,0.0064,0.063,0.004
1038,66432,orientation_cued_D0,0.00004,1.0000,0.0008,0.069,0.005
1039,66496,orientation_cued_D24,0.00008,1.0000,0.0163,0.363,0.006
1040,66560,orientation_cued_D24,0.00008,1.0000,0.0197,0.356,0.020
1041,66624,orientation_cued_D24,0.00006,1.0000,0.0035,0.385,0.037
1042,66688,orientation_cued_D12,0.00005,1.0000,0.0010,0.201,0.020
1043,66752,orientation_cued_D12,0.00005,1.0000,0.0009,0.233,0.014
1044,66816,orientation_cued_D12,0.00006,1.0000,0.0037,0.269,0.012
1045,66880,orientation_cued_D4,0.00005,1.0000,0.0009,0.107,0.012
1046,66944,orientation_cued_D4,0.00005,1.0000,0.0009,0.122,0.007
1047,67008,orientation_cued_D4,0.00004,1.0000,0.0009,0.116,0.007
1048,67072,orientation_cued_D0,0.00005,1.0000,0.0010,0.068,0.007
1049,67136,orientation_cued_D0,0.00004,1.0000,0.0010,0.062,0.004
1050,67200,orientation_cued_D0,0.00004,1.0000,0.0008,0.068,0.005
1051,67264,orientation_cued_D24,0.00005,1.0000,0.0011,0.354,0.005
1052,67328,orientation_cued_D24,0.00005,1.0000,0.0019,0.356,0.020
1053,67392,orientation_cued_D24,0.00006,1.0000,0.0030,0.353,0.020
1054,67456,orientation_cued_D12,0.00007,1.0000,0.0266,0.204,0.020
1055,67520,orientation_cued_D12,0.00005,1.0000,0.0009,0.235,0.014
1056,67584,orientation_cued_D12,0.00005,1.0000,0.0009,0.209,0.012
1057,67648,orientation_cued_D4,0.00004,1.0000,0.0008,0.110,0.013
1058,67712,orientation_cued_D4,0.00005,1.0000,0.0011,0.123,0.007
1059,67776,orientation_cued_D4,0.00005,1.0000,0.0009,0.118,0.007
1060,67840,orientation_cued_D0,0.00004,1.0000,0.0008,0.066,0.007
1061,67904,orientation_cued_D0,0.00004,1.0000,0.0011,0.077,0.004
1062,67968,orientation_cued_D0,0.00005,1.0000,0.0013,0.082,0.009
1063,68032,orientation_cued_D24,0.00006,1.0000,0.0057,0.356,0.008
1064,68096,orientation_cued_D24,0.00005,1.0000,0.0034,0.394,0.034
1065,68160,orientation_cued_D24,0.00011,1.0000,0.0247,0.358,0.021
1066,68224,orientation_cued_D12,0.00005,1.0000,0.0009,0.208,0.021
1067,68288,orientation_cued_D12,0.00005,1.0000,0.0010,0.252,0.015
1068,68352,orientation_cued_D12,0.00005,1.0000,0.0009,0.226,0.022
1069,68416,orientation_cued_D4,0.00004,1.0000,0.0009,0.110,0.012
1070,68480,orientation_cued_D4,0.00005,1.0000,0.0009,0.123,0.007
1071,68544,orientation_cued_D4,0.00005,1.0000,0.0009,0.117,0.007
1072,68608,orientation_cued_D0,0.00004,1.0000,0.0009,0.067,0.007
1073,68672,orientation_cued_D0,0.00004,1.0000,0.0008,0.062,0.004
1074,68736,orientation_cued_D0,0.00004,1.0000,0.0008,0.072,0.008
1075,68800,orientation_cued_D24,0.00005,1.0000,0.0013,0.346,0.004
1076,68864,orientation_cued_D24,0.00005,1.0000,0.0016,0.350,0.021
1077,68928,orientation_cued_D24,0.00006,1.0000,0.0096,0.355,0.027
1078,68992,orientation_cued_D12,0.00068,1.0000,0.7065,0.198,0.020
1079,69056,orientation_cued_D12,0.00004,1.0000,0.0009,0.238,0.014
1080,69120,orientation_cued_D12,0.00005,1.0000,0.0010,0.223,0.021
1081,69184,orientation_cued_D4,0.00004,1.0000,0.0008,0.143,0.022
1082,69248,orientation_cued_D4,0.00005,1.0000,0.0009,0.129,0.011
1083,69312,orientation_cued_D4,0.00005,1.0000,0.0009,0.116,0.008
1084,69376,orientation_cued_D0,0.00303,1.0000,2.4364,0.077,0.012
1085,69440,orientation_cued_D0,0.00004,1.0000,0.0010,0.066,0.004
1086,69504,orientation_cued_D0,0.00004,1.0000,0.0008,0.065,0.005
1087,69568,orientation_cued_D24,0.00005,1.0000,0.0010,0.359,0.008
1088,69632,orientation_cued_D24,0.00008,1.0000,0.0126,0.354,0.020
1089,69696,orientation_cued_D24,0.00006,1.0000,0.0049,0.356,0.021
1090,69760,orientation_cued_D12,0.00005,1.0000,0.0010,0.201,0.028
1091,69824,orientation_cued_D12,0.00004,1.0000,0.0009,0.231,0.015
1092,69888,orientation_cued_D12,0.00005,1.0000,0.0010,0.257,0.013
1093,69952,orientation_cued_D4,0.00004,1.0000,0.0009,0.122,0.013
1094,70016,orientation_cued_D4,0.00004,1.0000,0.0009,0.140,0.012
1095,70080,orientation_cued_D4,0.00004,1.0000,0.0009,0.118,0.007
1096,70144,orientation_cued_D0,0.00004,1.0000,0.0018,0.069,0.008
1097,70208,orientation_cued_D0,0.00004,1.0000,0.0008,0.062,0.004
1098,70272,orientation_cued_D0,0.00004,1.0000,0.0008,0.069,0.005
1099,70336,orientation_cued_D24,0.00005,1.0000,0.0010,0.352,0.005
1100,70400,orientation_cued_D24,0.00005,1.0000,0.0012,0.350,0.022
1101,70464,orientation_cued_D24,0.01400,0.9844,12.6363,0.352,0.021
1102,70528,orientation_cued_D12,0.00005,1.0000,0.0010,0.200,0.020
1103,70592,orientation_cued_D12,0.00005,1.0000,0.0010,0.239,0.015
1104,70656,orientation_cued_D12,0.00005,1.0000,0.0010,0.217,0.013
1105,70720,orientation_cued_D4,0.00005,1.0000,0.0014,0.110,0.013
1106,70784,orientation_cued_D4,0.00078,1.0000,0.6620,0.123,0.007
1107,70848,orientation_cued_D4,0.00005,1.0000,0.0009,0.117,0.007
1108,70912,orientation_cued_D0,0.00007,1.0000,0.0206,0.067,0.007
1109,70976,orientation_cued_D0,0.02501,0.9844,14.3125,0.061,0.004
1110,71040,orientation_cued_D0,0.00005,1.0000,0.0038,0.072,0.005
1111,71104,orientation_cued_D24,0.52970,0.9219,52.4914,0.366,0.005
1112,71168,orientation_cued_D24,0.14037,0.9844,5.9026,0.348,0.021
1113,71232,orientation_cued_D24,0.00294,1.0000,1.2662,0.358,0.020
1114,71296,orientation_cued_D12,0.00092,1.0000,0.2211,0.199,0.020
1115,71360,orientation_cued_D12,0.00085,1.0000,0.1694,0.233,0.014
1116,71424,orientation_cued_D12,0.00035,1.0000,0.0355,0.210,0.013
1117,71488,orientation_cued_D4,0.00093,1.0000,0.1656,0.107,0.012
1118,71552,orientation_cued_D4,0.40423,0.9219,115.9018,0.128,0.007
1119,71616,orientation_cued_D4,0.06291,0.9844,4.6755,0.123,0.007
1120,71680,orientation_cued_D0,0.00430,1.0000,1.7077,0.080,0.007
1121,71744,orientation_cued_D0,0.09140,0.9844,3.1388,0.070,0.004
1122,71808,orientation_cued_D0,0.08967,0.9531,13.5814,0.090,0.009
1123,71872,orientation_cued_D24,0.27240,0.8750,35.8413,0.373,0.006
1124,71936,orientation_cued_D24,0.11658,0.9531,9.3192,0.349,0.021
1125,72000,orientation_cued_D24,0.10149,0.9688,10.2447,0.356,0.021
1126,72064,orientation_cued_D12,0.03140,0.9844,5.7027,0.199,0.020
1127,72128,orientation_cued_D12,0.07457,0.9688,14.6577,0.234,0.014
1128,72192,orientation_cued_D12,0.10267,0.9531,18.6422,0.212,0.013
1129,72256,orientation_cued_D4,0.00528,1.0000,1.0626,0.109,0.012
1130,72320,orientation_cued_D4,0.01709,1.0000,4.3619,0.122,0.007
1131,72384,orientation_cued_D4,0.02015,1.0000,10.2200,0.117,0.007
1132,72448,orientation_cued_D0,0.09751,0.9688,13.2203,0.068,0.007
1133,72512,orientation_cued_D0,0.06077,0.9844,3.1414,0.062,0.004
1134,72576,orientation_cued_D0,0.04606,0.9844,5.7810,0.068,0.005
1135,72640,orientation_cued_D24,0.00914,1.0000,0.7357,0.360,0.005
1136,72704,orientation_cued_D24,0.13463,0.9531,8.2315,0.349,0.020
1137,72768,orientation_cued_D24,0.02253,1.0000,2.6514,0.355,0.020
1138,72832,orientation_cued_D12,0.00546,1.0000,0.3181,0.201,0.022
1139,72896,orientation_cued_D12,0.00420,1.0000,0.2836,0.243,0.015
1140,72960,orientation_cued_D12,0.00723,1.0000,0.4503,0.209,0.012
1141,73024,orientation_cued_D4,0.00333,1.0000,0.1597,0.108,0.012
1142,73088,orientation_cued_D4,0.00284,1.0000,0.1091,0.128,0.007
1143,73152,orientation_cued_D4,0.00351,1.0000,0.2227,0.125,0.007
1144,73216,orientation_cued_D0,0.02327,0.9844,3.3003,0.090,0.007
1145,73280,orientation_cued_D0,0.00377,1.0000,0.3028,0.070,0.004
1146,73344,orientation_cued_D0,0.00557,1.0000,0.8774,0.067,0.005
1147,73408,orientation_cued_D24,0.03521,0.9688,3.6125,0.352,0.005
1148,73472,orientation_cued_D24,0.00704,1.0000,0.8569,0.377,0.021
1149,73536,orientation_cued_D24,0.02048,0.9844,1.8811,0.361,0.022
1150,73600,orientation_cued_D12,0.00441,1.0000,0.3783,0.202,0.020
1151,73664,orientation_cued_D12,0.00212,1.0000,0.4921,0.220,0.015
1152,73728,orientation_cued_D12,0.00133,1.0000,0.0869,0.213,0.013
1153,73792,orientation_cued_D4,0.00110,1.0000,0.0468,0.109,0.013
1154,73856,orientation_cued_D4,0.00125,1.0000,0.1337,0.122,0.007
1155,73920,orientation_cued_D4,0.01148,1.0000,3.5526,0.118,0.007
1156,73984,orientation_cued_D0,0.00141,1.0000,0.1192,0.067,0.007
1157,74048,orientation_cued_D0,0.00080,1.0000,0.0440,0.065,0.004
1158,74112,orientation_cued_D0,0.00067,1.0000,0.0214,0.070,0.006
1159,74176,orientation_cued_D24,0.00169,1.0000,0.1387,0.352,0.005
1160,74240,orientation_cued_D24,0.00165,1.0000,0.1528,0.351,0.021
1161,74304,orientation_cued_D24,0.00118,1.0000,0.0881,0.362,0.021
1162,74368,orientation_cued_D12,0.00107,1.0000,0.0903,0.223,0.019
1163,74432,orientation_cued_D12,0.00070,1.0000,0.0236,0.216,0.015
1164,74496,orientation_cued_D12,0.00062,1.0000,0.1156,0.212,0.013
1165,74560,orientation_cued_D4,0.00049,1.0000,0.0156,0.124,0.012
1166,74624,orientation_cued_D4,0.00052,1.0000,0.0165,0.129,0.007
1167,74688,orientation_cued_D4,0.00041,1.0000,0.0130,0.117,0.007
1168,74752,orientation_cued_D0,0.00065,1.0000,0.0751,0.078,0.007
1169,74816,orientation_cued_D0,0.00315,1.0000,2.1097,0.070,0.006
1170,74880,orientation_cued_D0,0.00045,1.0000,0.0274,0.066,0.005
1171,74944,orientation_cued_D24,0.00064,1.0000,0.0327,0.365,0.007
1172,75008,orientation_cued_D24,0.00087,1.0000,0.0919,0.354,0.027
1173,75072,orientation_cued_D24,0.00059,1.0000,0.0331,0.365,0.020
1174,75136,orientation_cued_D12,0.00047,1.0000,0.0197,0.218,0.021
1175,75200,orientation_cued_D12,0.00040,1.0000,0.0183,0.254,0.016
1176,75264,orientation_cued_D12,0.00041,1.0000,0.0352,0.214,0.012
1177,75328,orientation_cued_D4,0.00028,1.0000,0.0074,0.110,0.013
1178,75392,orientation_cued_D4,0.00034,1.0000,0.0091,0.124,0.007
1179,75456,orientation_cued_D4,0.00032,1.0000,0.0095,0.120,0.007
1180,75520,orientation_cued_D0,0.00030,1.0000,0.0102,0.068,0.007
1181,75584,orientation_cued_D0,0.00036,1.0000,0.0285,0.062,0.004
1182,75648,orientation_cued_D0,0.00031,1.0000,0.0141,0.069,0.005
1183,75712,orientation_cued_D24,0.00042,1.0000,0.0273,0.352,0.005
1184,75776,orientation_cued_D24,0.00211,1.0000,0.4173,0.353,0.021
1185,75840,orientation_cued_D24,0.00054,1.0000,0.0571,0.364,0.021
1186,75904,orientation_cued_D12,0.00033,1.0000,0.0116,0.205,0.020
1187,75968,orientation_cued_D12,0.00028,1.0000,0.0098,0.228,0.016
1188,76032,orientation_cued_D12,0.00028,1.0000,0.0073,0.215,0.014
1189,76096,orientation_cued_D4,0.00029,1.0000,0.0159,0.108,0.012
1190,76160,orientation_cued_D4,0.00027,1.0000,0.0068,0.121,0.007
1191,76224,orientation_cued_D4,0.00030,1.0000,0.0120,0.116,0.007
1192,76288,orientation_cued_D0,0.00023,1.0000,0.0054,0.067,0.007
1193,76352,orientation_cued_D0,0.00029,1.0000,0.0146,0.063,0.004
1194,76416,orientation_cued_D0,0.00023,1.0000,0.0053,0.072,0.006
1195,76480,orientation_cued_D24,0.00079,1.0000,0.2211,0.350,0.005
1196,76544,orientation_cued_D24,0.00034,1.0000,0.0154,0.353,0.021
1197,76608,orientation_cued_D24,0.00034,1.0000,0.0173,0.372,0.021
1198,76672,orientation_cued_D12,0.00026,1.0000,0.0072,0.204,0.019
1199,76736,orientation_cued_D12,0.00028,1.0000,0.0093,0.235,0.015
1200,76800,orientation_cued_D12,0.00028,1.0000,0.0096,0.230,0.014
1201,76864,orientation_cued_D4,0.00023,1.0000,0.0082,0.106,0.012
1202,76928,orientation_cued_D4,0.00021,1.0000,0.0050,0.127,0.006
1203,76992,orientation_cued_D4,0.00022,1.0000,0.0052,0.118,0.007
1204,77056,orientation_cued_D0,0.00022,1.0000,0.0057,0.069,0.007
1205,77120,orientation_cued_D0,0.00037,1.0000,0.0468,0.063,0.004
1206,77184,orientation_cued_D0,0.00019,1.0000,0.0047,0.070,0.005
1207,77248,orientation_cued_D24,0.00055,1.0000,0.0907,0.351,0.005
1208,77312,orientation_cued_D24,0.00036,1.0000,0.0204,0.362,0.021
1209,77376,orientation_cued_D24,0.03253,0.9844,17.9413,0.371,0.022
1210,77440,orientation_cued_D12,0.00021,1.0000,0.0049,0.201,0.020
1211,77504,orientation_cued_D12,0.00024,1.0000,0.0086,0.224,0.015
1212,77568,orientation_cued_D12,0.00021,1.0000,0.0054,0.216,0.013
1213,77632,orientation_cued_D4,0.00020,1.0000,0.0052,0.111,0.013
1214,77696,orientation_cued_D4,0.00020,1.0000,0.0058,0.142,0.007
1215,77760,orientation_cued_D4,0.00021,1.0000,0.0057,0.114,0.008
1216,77824,orientation_cued_D0,0.00021,1.0000,0.0119,0.086,0.007
1217,77888,orientation_cued_D0,0.00069,1.0000,0.2977,0.073,0.004
1218,77952,orientation_cued_D0,0.00035,1.0000,0.0556,0.067,0.005
1219,78016,orientation_cued_D24,0.00530,1.0000,4.3589,0.360,0.004
1220,78080,orientation_cued_D24,0.01800,1.0000,20.6236,0.351,0.021
1221,78144,orientation_cued_D24,0.00269,1.0000,1.4746,0.356,0.021
1222,78208,orientation_cued_D12,0.00381,1.0000,2.4818,0.203,0.020
1223,78272,orientation_cued_D12,0.00027,1.0000,0.0409,0.219,0.013
1224,78336,orientation_cued_D12,0.00023,1.0000,0.0088,0.226,0.015
1225,78400,orientation_cued_D4,0.00017,1.0000,0.0044,0.124,0.012
1226,78464,orientation_cued_D4,0.00021,1.0000,0.0074,0.125,0.006
1227,78528,orientation_cued_D4,0.00019,1.0000,0.0077,0.125,0.007
1228,78592,orientation_cued_D0,0.00018,1.0000,0.0058,0.075,0.007
1229,78656,orientation_cued_D0,0.00016,1.0000,0.0038,0.064,0.004
1230,78720,orientation_cued_D0,0.00017,1.0000,0.0039,0.067,0.006
1231,78784,orientation_cued_D24,0.25834,0.9375,33.8493,0.352,0.005
1232,78848,orientation_cued_D24,0.00302,1.0000,2.0600,0.352,0.021
1233,78912,orientation_cued_D24,0.00126,1.0000,0.7708,0.358,0.021
1234,78976,orientation_cued_D12,0.00024,1.0000,0.0119,0.214,0.020
1235,79040,orientation_cued_D12,0.00046,1.0000,0.1011,0.245,0.015
1236,79104,orientation_cued_D12,0.00025,1.0000,0.0080,0.223,0.014
1237,79168,orientation_cued_D4,0.00024,1.0000,0.0100,0.130,0.013
1238,79232,orientation_cued_D4,0.00042,1.0000,0.0663,0.129,0.007
1239,79296,orientation_cued_D4,0.00236,1.0000,0.4942,0.118,0.007
1240,79360,orientation_cued_D0,0.07876,0.9688,16.3398,0.081,0.007
1241,79424,orientation_cued_D0,0.00249,1.0000,0.7508,0.086,0.007
1242,79488,orientation_cued_D0,0.00257,1.0000,1.0855,0.069,0.008
1243,79552,orientation_cued_D24,0.21785,0.9375,25.4694,0.383,0.007
1244,79616,orientation_cued_D24,0.01732,1.0000,8.7935,0.349,0.020
1245,79680,orientation_cued_D24,0.00275,1.0000,0.4018,0.351,0.021
1246,79744,orientation_cued_D12,0.00108,1.0000,0.1597,0.206,0.031
1247,79808,orientation_cued_D12,0.00112,1.0000,0.1594,0.248,0.015
1248,79872,orientation_cued_D12,0.02751,0.9844,2.8838,0.227,0.012
1249,79936,orientation_cued_D4,0.00640,1.0000,2.1972,0.144,0.012
1250,80000,orientation_cued_D4,0.00175,1.0000,0.4258,0.133,0.006
1251,80064,orientation_cued_D4,0.00353,1.0000,0.4341,0.118,0.008
1252,80128,orientation_cued_D0,0.00282,1.0000,0.4381,0.069,0.007
1253,80192,orientation_cued_D0,0.00263,1.0000,0.3778,0.063,0.004
1254,80256,orientation_cued_D0,0.04877,0.9844,6.9087,0.068,0.005
1255,80320,orientation_cued_D24,0.11108,0.9531,7.0155,0.351,0.005
1256,80384,orientation_cued_D24,0.10227,0.9531,12.8324,0.352,0.021
1257,80448,orientation_cued_D24,0.10092,0.9688,11.4590,0.358,0.021
1258,80512,orientation_cued_D12,0.02118,0.9844,3.6636,0.201,0.020
1259,80576,orientation_cued_D12,0.03364,0.9844,2.3923,0.234,0.015
1260,80640,orientation_cued_D12,0.00699,1.0000,1.6327,0.236,0.014
1261,80704,orientation_cued_D4,0.00321,1.0000,0.2261,0.154,0.013
1262,80768,orientation_cued_D4,0.00176,1.0000,0.1175,0.124,0.007
1263,80832,orientation_cued_D4,0.00605,1.0000,0.5820,0.118,0.007
1264,80896,orientation_cued_D0,0.00223,1.0000,0.2421,0.068,0.007
1265,80960,orientation_cued_D0,0.00146,1.0000,0.0988,0.063,0.004
1266,81024,orientation_cued_D0,0.00099,1.0000,0.0604,0.069,0.005
1267,81088,orientation_cued_D24,0.01097,1.0000,0.9294,0.356,0.004
1268,81152,orientation_cued_D24,0.01874,1.0000,1.4746,0.352,0.021
1269,81216,orientation_cued_D24,0.01953,1.0000,1.5917,0.355,0.021
1270,81280,orientation_cued_D12,0.00574,1.0000,0.5778,0.208,0.019
1271,81344,orientation_cued_D12,0.00594,1.0000,0.8666,0.229,0.015
1272,81408,orientation_cued_D12,0.00149,1.0000,0.1248,0.211,0.012
1273,81472,orientation_cued_D4,0.00157,1.0000,0.1087,0.143,0.012
1274,81536,orientation_cued_D4,0.00182,1.0000,0.2530,0.123,0.007
1275,81600,orientation_cued_D4,0.00242,1.0000,0.2977,0.119,0.007
1276,81664,orientation_cued_D0,0.00040,1.0000,0.0142,0.082,0.012
1277,81728,orientation_cued_D0,0.00052,1.0000,0.0327,0.066,0.004
1278,81792,orientation_cued_D0,0.00189,1.0000,0.4078,0.065,0.005
1279,81856,orientation_cued_D24,0.01023,1.0000,3.5275,0.354,0.007
1280,81920,orientation_cued_D24,0.00245,1.0000,0.5899,0.353,0.021
1281,81984,orientation_cued_D24,0.00405,1.0000,0.7667,0.358,0.021
1282,82048,orientation_cued_D12,0.00051,1.0000,0.0493,0.205,0.026
1283,82112,orientation_cued_D12,0.00061,1.0000,0.0531,0.224,0.015
1284,82176,orientation_cued_D12,0.00054,1.0000,0.0316,0.224,0.012
1285,82240,orientation_cued_D4,0.00046,1.0000,0.0438,0.121,0.021
1286,82304,orientation_cued_D4,0.00037,1.0000,0.0137,0.127,0.008
1287,82368,orientation_cued_D4,0.00040,1.0000,0.0168,0.149,0.007
1288,82432,orientation_cued_D0,0.00060,1.0000,0.1286,0.081,0.014
1289,82496,orientation_cued_D0,0.00023,1.0000,0.0074,0.077,0.004
1290,82560,orientation_cued_D0,0.00031,1.0000,0.0196,0.076,0.004
1291,82624,orientation_cued_D24,0.00069,1.0000,0.0692,0.359,0.007
1292,82688,orientation_cued_D24,0.00454,1.0000,1.6026,0.357,0.021
1293,82752,orientation_cued_D24,0.00029,1.0000,0.0118,0.355,0.021
1294,82816,orientation_cued_D12,0.01584,0.9844,4.4709,0.208,0.019
1295,82880,orientation_cued_D12,0.00045,1.0000,0.0276,0.225,0.015
1296,82944,orientation_cued_D12,0.00022,1.0000,0.0072,0.210,0.012
1297,83008,orientation_cued_D4,0.00022,1.0000,0.0067,0.109,0.012
1298,83072,orientation_cued_D4,0.00018,1.0000,0.0043,0.122,0.007
1299,83136,orientation_cued_D4,0.00025,1.0000,0.0090,0.117,0.007
1300,83200,orientation_cued_D0,0.00021,1.0000,0.0099,0.070,0.007
1301,83264,orientation_cued_D0,0.00020,1.0000,0.0076,0.066,0.004
1302,83328,orientation_cued_D0,0.00015,1.0000,0.0038,0.069,0.005
1303,83392,orientation_cued_D24,0.00042,1.0000,0.0448,0.381,0.005
1304,83456,orientation_cued_D24,0.00026,1.0000,0.0094,0.354,0.021
1305,83520,orientation_cued_D24,0.00025,1.0000,0.0118,0.357,0.021
1306,83584,orientation_cued_D12,0.00018,1.0000,0.0047,0.203,0.019
1307,83648,orientation_cued_D12,0.00018,1.0000,0.0047,0.224,0.015
1308,83712,orientation_cued_D12,0.00041,1.0000,0.0526,0.209,0.012
1309,83776,orientation_cued_D4,0.00015,1.0000,0.0035,0.131,0.012
1310,83840,orientation_cued_D4,0.00018,1.0000,0.0041,0.126,0.007
1311,83904,orientation_cued_D4,0.00019,1.0000,0.0059,0.117,0.008
1312,83968,orientation_cued_D0,0.00015,1.0000,0.0032,0.068,0.007
1313,84032,orientation_cued_D0,0.00022,1.0000,0.0280,0.063,0.004
1314,84096,orientation_cued_D0,0.00015,1.0000,0.0042,0.067,0.005
1315,84160,orientation_cued_D24,0.00032,1.0000,0.0183,0.351,0.005
1316,84224,orientation_cued_D24,0.00023,1.0000,0.0089,0.385,0.022
1317,84288,orientation_cued_D24,0.00018,1.0000,0.0047,0.355,0.020
1318,84352,orientation_cued_D12,0.00017,1.0000,0.0054,0.202,0.019
1319,84416,orientation_cued_D12,0.00016,1.0000,0.0035,0.230,0.015
1320,84480,orientation_cued_D12,0.00020,1.0000,0.0066,0.215,0.013
1321,84544,orientation_cued_D4,0.00016,1.0000,0.0042,0.109,0.012
1322,84608,orientation_cued_D4,0.00015,1.0000,0.0035,0.122,0.007
1323,84672,orientation_cued_D4,0.00018,1.0000,0.0071,0.117,0.007
1324,84736,orientation_cued_D0,0.00041,1.0000,0.1408,0.067,0.007
1325,84800,orientation_cued_D0,0.00013,1.0000,0.0028,0.062,0.004
1326,84864,orientation_cued_D0,0.00016,1.0000,0.0035,0.074,0.005
1327,84928,orientation_cued_D24,0.00023,1.0000,0.0072,0.383,0.007
1328,84992,orientation_cued_D24,0.00025,1.0000,0.0095,0.357,0.021
1329,85056,orientation_cued_D24,0.00027,1.0000,0.0213,0.358,0.021
1330,85120,orientation_cued_D12,0.00017,1.0000,0.0042,0.202,0.020
1331,85184,orientation_cued_D12,0.00021,1.0000,0.0138,0.214,0.013
1332,85248,orientation_cued_D12,0.00023,1.0000,0.0127,0.216,0.016
1333,85312,orientation_cued_D4,0.00041,1.0000,0.0726,0.108,0.012
1334,85376,orientation_cued_D4,0.00016,1.0000,0.0049,0.119,0.007
1335,85440,orientation_cued_D4,0.00015,1.0000,0.0034,0.118,0.007
1336,85504,orientation_cued_D0,0.00014,1.0000,0.0038,0.069,0.007
1337,85568,orientation_cued_D0,0.00014,1.0000,0.0030,0.062,0.004
1338,85632,orientation_cued_D0,0.00043,1.0000,0.1288,0.069,0.006
1339,85696,orientation_cued_D24,0.00044,1.0000,0.0648,0.350,0.005
1340,85760,orientation_cued_D24,0.00028,1.0000,0.0379,0.359,0.021
1341,85824,orientation_cued_D24,0.00017,1.0000,0.0042,0.368,0.020
1342,85888,orientation_cued_D12,0.00018,1.0000,0.0047,0.212,0.021
1343,85952,orientation_cued_D12,0.00017,1.0000,0.0041,0.228,0.015
1344,86016,orientation_cued_D12,0.00015,1.0000,0.0041,0.212,0.014
1345,86080,orientation_cued_D4,0.00015,1.0000,0.0082,0.109,0.012
1346,86144,orientation_cued_D4,0.00014,1.0000,0.0029,0.124,0.007
1347,86208,orientation_cued_D4,0.00013,1.0000,0.0029,0.114,0.007
1348,86272,orientation_cued_D0,0.00014,1.0000,0.0033,0.067,0.007
1349,86336,orientation_cued_D0,0.00013,1.0000,0.0033,0.060,0.004
1350,86400,orientation_cued_D0,0.00938,1.0000,5.5855,0.067,0.004
1351,86464,orientation_cued_D24,0.00016,1.0000,0.0062,0.358,0.005
1352,86528,orientation_cued_D24,0.00605,1.0000,2.4833,0.356,0.021
1353,86592,orientation_cued_D24,0.00019,1.0000,0.0099,0.354,0.020
1354,86656,orientation_cued_D12,0.00014,1.0000,0.0032,0.204,0.020
1355,86720,orientation_cued_D12,0.00016,1.0000,0.0092,0.226,0.015
1356,86784,orientation_cued_D12,0.00014,1.0000,0.0034,0.208,0.012
1357,86848,orientation_cued_D4,0.00019,1.0000,0.0108,0.110,0.014
1358,86912,orientation_cued_D4,0.00020,1.0000,0.0265,0.124,0.007
1359,86976,orientation_cued_D4,0.00016,1.0000,0.0113,0.114,0.007
1360,87040,orientation_cued_D0,0.00025,1.0000,0.0417,0.075,0.007
1361,87104,orientation_cued_D0,0.00012,1.0000,0.0030,0.076,0.006
1362,87168,orientation_cued_D0,0.01630,0.9844,6.0226,0.067,0.005
1363,87232,orientation_cued_D24,0.00030,1.0000,0.0283,0.358,0.004
1364,87296,orientation_cued_D24,0.00064,1.0000,0.1157,0.353,0.021
1365,87360,orientation_cued_D24,0.00033,1.0000,0.0516,0.363,0.022
1366,87424,orientation_cued_D12,0.00012,1.0000,0.0023,0.203,0.020
1367,87488,orientation_cued_D12,0.00015,1.0000,0.0042,0.236,0.015
1368,87552,orientation_cued_D12,0.00012,1.0000,0.0025,0.234,0.013
1369,87616,orientation_cued_D4,0.00013,1.0000,0.0033,0.116,0.013
1370,87680,orientation_cued_D4,0.00014,1.0000,0.0030,0.127,0.007
1371,87744,orientation_cued_D4,0.00013,1.0000,0.0032,0.121,0.007
1372,87808,orientation_cued_D0,0.00036,1.0000,0.0752,0.068,0.007
1373,87872,orientation_cued_D0,0.00012,1.0000,0.0060,0.063,0.004
1374,87936,orientation_cued_D0,0.00014,1.0000,0.0085,0.070,0.005
1375,88000,orientation_cued_D24,0.00137,1.0000,0.5748,0.349,0.005
1376,88064,orientation_cued_D24,0.00016,1.0000,0.0117,0.355,0.021
1377,88128,orientation_cued_D24,0.00014,1.0000,0.0041,0.355,0.020
1378,88192,orientation_cued_D12,0.00014,1.0000,0.0039,0.208,0.020
1379,88256,orientation_cued_D12,0.00015,1.0000,0.0036,0.231,0.016
1380,88320,orientation_cued_D12,0.00052,1.0000,0.1663,0.215,0.013
1381,88384,orientation_cued_D4,0.00012,1.0000,0.0026,0.109,0.012
1382,88448,orientation_cued_D4,0.00013,1.0000,0.0034,0.124,0.007
1383,88512,orientation_cued_D4,0.00013,1.0000,0.0030,0.118,0.007
1384,88576,orientation_cued_D0,0.00011,1.0000,0.0026,0.067,0.007
1385,88640,orientation_cued_D0,0.00011,1.0000,0.0026,0.065,0.004
1386,88704,orientation_cued_D0,0.00011,1.0000,0.0023,0.080,0.009
1387,88768,orientation_cued_D24,0.00014,1.0000,0.0046,0.368,0.007
1388,88832,orientation_cued_D24,0.00015,1.0000,0.0162,0.372,0.038
1389,88896,orientation_cued_D24,0.00017,1.0000,0.0158,0.367,0.020
1390,88960,orientation_cued_D12,0.00011,1.0000,0.0022,0.208,0.019
1391,89024,orientation_cued_D12,0.00013,1.0000,0.0036,0.226,0.015
1392,89088,orientation_cued_D12,0.00014,1.0000,0.0060,0.210,0.012
1393,89152,orientation_cued_D4,0.00015,1.0000,0.0167,0.114,0.012
1394,89216,orientation_cued_D4,0.00011,1.0000,0.0022,0.130,0.007
1395,89280,orientation_cued_D4,0.00011,1.0000,0.0022,0.127,0.008
1396,89344,orientation_cued_D0,0.00015,1.0000,0.0143,0.071,0.007
1397,89408,orientation_cued_D0,0.00015,1.0000,0.0149,0.068,0.006
1398,89472,orientation_cued_D0,0.00028,1.0000,0.1268,0.074,0.006
1399,89536,orientation_cued_D24,0.00013,1.0000,0.0040,0.354,0.005
1400,89600,orientation_cued_D24,0.00017,1.0000,0.0214,0.357,0.021
1401,89664,orientation_cued_D24,0.00016,1.0000,0.0101,0.353,0.020
1402,89728,orientation_cued_D12,0.00012,1.0000,0.0034,0.217,0.020
1403,89792,orientation_cued_D12,0.00013,1.0000,0.0030,0.259,0.016
1404,89856,orientation_cued_D12,0.00012,1.0000,0.0041,0.220,0.013
1405,89920,orientation_cued_D4,0.00012,1.0000,0.0031,0.113,0.012
1406,89984,orientation_cued_D4,0.00010,1.0000,0.0020,0.124,0.007
1407,90048,orientation_cued_D4,0.00010,1.0000,0.0021,0.119,0.007
1408,90112,orientation_cued_D0,0.00014,1.0000,0.0097,0.068,0.007
1409,90176,orientation_cued_D0,0.00010,1.0000,0.0028,0.063,0.004
1410,90240,orientation_cued_D0,0.00011,1.0000,0.0033,0.071,0.005
1411,90304,orientation_cued_D24,0.00013,1.0000,0.0033,0.357,0.005
1412,90368,orientation_cued_D24,0.00015,1.0000,0.0089,0.399,0.021
1413,90432,orientation_cued_D24,0.00014,1.0000,0.0044,0.352,0.020
1414,90496,orientation_cued_D12,0.00011,1.0000,0.0024,0.204,0.020
1415,90560,orientation_cued_D12,0.00014,1.0000,0.0132,0.224,0.014
1416,90624,orientation_cued_D12,0.00108,1.0000,0.5728,0.208,0.012
1417,90688,orientation_cued_D4,0.00009,1.0000,0.0020,0.108,0.012
1418,90752,orientation_cued_D4,0.00011,1.0000,0.0024,0.128,0.006
1419,90816,orientation_cued_D4,0.00011,1.0000,0.0029,0.121,0.008
1420,90880,orientation_cued_D0,0.00010,1.0000,0.0024,0.070,0.007
1421,90944,orientation_cued_D0,0.00010,1.0000,0.0024,0.065,0.004
1422,91008,orientation_cued_D0,0.00015,1.0000,0.0141,0.069,0.005
1423,91072,orientation_cued_D24,0.00015,1.0000,0.0053,0.350,0.005
1424,91136,orientation_cued_D24,0.00012,1.0000,0.0042,0.356,0.021
1425,91200,orientation_cued_D24,0.00012,1.0000,0.0030,0.358,0.031
1426,91264,orientation_cued_D12,0.00011,1.0000,0.0025,0.203,0.020
1427,91328,orientation_cued_D12,0.00011,1.0000,0.0024,0.226,0.015
1428,91392,orientation_cued_D12,0.00012,1.0000,0.0035,0.222,0.012
1429,91456,orientation_cued_D4,0.00010,1.0000,0.0021,0.121,0.013
1430,91520,orientation_cued_D4,0.00011,1.0000,0.0027,0.133,0.007
1431,91584,orientation_cued_D4,0.00010,1.0000,0.0028,0.129,0.008
1432,91648,orientation_cued_D0,0.00010,1.0000,0.0021,0.070,0.007
1433,91712,orientation_cued_D0,0.00010,1.0000,0.0036,0.065,0.004
1434,91776,orientation_cued_D0,0.00010,1.0000,0.0026,0.069,0.005
1435,91840,orientation_cued_D24,0.00016,1.0000,0.0413,0.359,0.005
1436,91904,orientation_cued_D24,0.00012,1.0000,0.0032,0.358,0.021
1437,91968,orientation_cued_D24,0.00012,1.0000,0.0041,0.355,0.020
1438,92032,orientation_cued_D12,0.00023,1.0000,0.0583,0.206,0.020
1439,92096,orientation_cued_D12,0.00011,1.0000,0.0021,0.227,0.015
1440,92160,orientation_cued_D12,0.00013,1.0000,0.0087,0.213,0.013
1441,92224,orientation_cued_D4,0.00010,1.0000,0.0022,0.109,0.012
1442,92288,orientation_cued_D4,0.00009,1.0000,0.0018,0.123,0.007
1443,92352,orientation_cued_D4,0.00010,1.0000,0.0025,0.120,0.007
1444,92416,orientation_cued_D0,0.00009,1.0000,0.0020,0.072,0.008
1445,92480,orientation_cued_D0,0.00029,1.0000,0.0738,0.064,0.004
1446,92544,orientation_cued_D0,0.00009,1.0000,0.0020,0.069,0.006
1447,92608,orientation_cued_D24,0.00011,1.0000,0.0030,0.362,0.004
1448,92672,orientation_cued_D24,0.00015,1.0000,0.0141,0.356,0.021
1449,92736,orientation_cued_D24,0.00012,1.0000,0.0047,0.360,0.021
1450,92800,orientation_cued_D12,0.00010,1.0000,0.0021,0.205,0.019
1451,92864,orientation_cued_D12,0.00010,1.0000,0.0021,0.224,0.015
1452,92928,orientation_cued_D12,0.00010,1.0000,0.0021,0.215,0.012
1453,92992,orientation_cued_D4,0.00009,1.0000,0.0017,0.111,0.013
1454,93056,orientation_cued_D4,0.00010,1.0000,0.0021,0.123,0.007
1455,93120,orientation_cued_D4,0.00010,1.0000,0.0024,0.118,0.007
1456,93184,orientation_cued_D0,0.00009,1.0000,0.0020,0.069,0.007
1457,93248,orientation_cued_D0,0.00168,1.0000,0.9050,0.063,0.004
1458,93312,orientation_cued_D0,0.00010,1.0000,0.0063,0.070,0.005
1459,93376,orientation_cued_D24,0.00012,1.0000,0.0066,0.407,0.005
1460,93440,orientation_cued_D24,0.00014,1.0000,0.0206,0.363,0.021
1461,93504,orientation_cued_D24,0.00012,1.0000,0.0042,0.355,0.020
1462,93568,orientation_cued_D12,0.00010,1.0000,0.0024,0.210,0.019
1463,93632,orientation_cued_D12,0.00010,1.0000,0.0020,0.232,0.015
1464,93696,orientation_cued_D12,0.00011,1.0000,0.0044,0.215,0.013
1465,93760,orientation_cued_D4,0.00009,1.0000,0.0018,0.110,0.012
1466,93824,orientation_cued_D4,0.00010,1.0000,0.0022,0.124,0.007
1467,93888,orientation_cued_D4,0.00010,1.0000,0.0022,0.119,0.007
1468,93952,orientation_cued_D0,0.00009,1.0000,0.0017,0.069,0.007
1469,94016,orientation_cued_D0,0.00009,1.0000,0.0017,0.066,0.004
1470,94080,orientation_cued_D0,0.00027,1.0000,0.1119,0.068,0.005
1471,94144,orientation_cued_D24,0.00012,1.0000,0.0054,0.359,0.004
1472,94208,orientation_cued_D24,0.00012,1.0000,0.0048,0.352,0.021
1473,94272,orientation_cued_D24,0.00011,1.0000,0.0039,0.356,0.021
1474,94336,orientation_cued_D12,0.00010,1.0000,0.0024,0.203,0.019
1475,94400,orientation_cued_D12,0.00013,1.0000,0.0169,0.227,0.015
1476,94464,orientation_cued_D12,0.00010,1.0000,0.0020,0.210,0.013
1477,94528,orientation_cued_D4,0.00009,1.0000,0.0017,0.110,0.012
1478,94592,orientation_cued_D4,0.00009,1.0000,0.0018,0.125,0.008
1479,94656,orientation_cued_D4,0.00010,1.0000,0.0021,0.118,0.007
1480,94720,orientation_cued_D0,0.00009,1.0000,0.0017,0.068,0.007
1481,94784,orientation_cued_D0,0.00008,1.0000,0.0016,0.063,0.004
1482,94848,orientation_cued_D0,0.00008,1.0000,0.0018,0.070,0.006
1483,94912,orientation_cued_D24,0.00010,1.0000,0.0025,0.348,0.005
1484,94976,orientation_cued_D24,0.00010,1.0000,0.0025,0.368,0.021
1485,95040,orientation_cued_D24,0.00010,1.0000,0.0028,0.379,0.022
1486,95104,orientation_cued_D12,0.00043,1.0000,0.1706,0.200,0.020
1487,95168,orientation_cued_D12,0.00009,1.0000,0.0017,0.233,0.015
1488,95232,orientation_cued_D12,0.00008,1.0000,0.0016,0.209,0.012
1489,95296,orientation_cued_D4,0.00010,1.0000,0.0021,0.119,0.021
1490,95360,orientation_cued_D4,0.00010,1.0000,0.0024,0.121,0.006
1491,95424,orientation_cued_D4,0.00008,1.0000,0.0017,0.117,0.007
1492,95488,orientation_cued_D0,0.00009,1.0000,0.0022,0.068,0.007
1493,95552,orientation_cued_D0,0.00010,1.0000,0.0057,0.062,0.004
1494,95616,orientation_cued_D0,0.00009,1.0000,0.0041,0.070,0.005
1495,95680,orientation_cued_D24,0.00023,1.0000,0.0264,0.380,0.004
1496,95744,orientation_cued_D24,0.00010,1.0000,0.0023,0.362,0.021
1497,95808,orientation_cued_D24,0.00009,1.0000,0.0020,0.356,0.020
1498,95872,orientation_cued_D12,0.00009,1.0000,0.0021,0.235,0.034
1499,95936,orientation_cued_D12,0.00012,1.0000,0.0059,0.222,0.015
1500,96000,orientation_cued_D12,0.00009,1.0000,0.0019,0.210,0.012
1501,96064,orientation_cued_D4,0.00009,1.0000,0.0019,0.108,0.012
1502,96128,orientation_cued_D4,0.00009,1.0000,0.0017,0.132,0.007
1503,96192,orientation_cued_D4,0.00009,1.0000,0.0018,0.118,0.007
1504,96256,orientation_cued_D0,0.00008,1.0000,0.0016,0.069,0.007
1505,96320,orientation_cued_D0,0.00008,1.0000,0.0016,0.064,0.004
1506,96384,orientation_cued_D0,0.00009,1.0000,0.0019,0.069,0.006
1507,96448,orientation_cued_D24,0.00011,1.0000,0.0030,0.352,0.005
1508,96512,orientation_cued_D24,0.00010,1.0000,0.0066,0.362,0.021
1509,96576,orientation_cued_D24,0.00010,1.0000,0.0040,0.359,0.021
1510,96640,orientation_cued_D12,0.00058,1.0000,0.2140,0.220,0.021
1511,96704,orientation_cued_D12,0.00009,1.0000,0.0023,0.236,0.016
1512,96768,orientation_cued_D12,0.00009,1.0000,0.0017,0.218,0.014
1513,96832,orientation_cued_D4,0.00010,1.0000,0.0031,0.111,0.013
1514,96896,orientation_cued_D4,0.00009,1.0000,0.0018,0.125,0.007
1515,96960,orientation_cued_D4,0.00009,1.0000,0.0017,0.119,0.008
1516,97024,orientation_cued_D0,0.00008,1.0000,0.0015,0.070,0.007
1517,97088,orientation_cued_D0,0.00015,1.0000,0.0377,0.063,0.004
1518,97152,orientation_cued_D0,0.00008,1.0000,0.0018,0.069,0.006
1519,97216,orientation_cued_D24,0.00009,1.0000,0.0017,0.355,0.005
1520,97280,orientation_cued_D24,0.00011,1.0000,0.0048,0.359,0.021
1521,97344,orientation_cued_D24,0.00009,1.0000,0.0019,0.358,0.021
1522,97408,orientation_cued_D12,0.00011,1.0000,0.0076,0.206,0.021
1523,97472,orientation_cued_D12,0.00009,1.0000,0.0018,0.226,0.015
1524,97536,orientation_cued_D12,0.00008,1.0000,0.0016,0.210,0.012
1525,97600,orientation_cued_D4,0.00008,1.0000,0.0017,0.108,0.012
1526,97664,orientation_cued_D4,0.00008,1.0000,0.0015,0.121,0.007
1527,97728,orientation_cued_D4,0.00008,1.0000,0.0016,0.115,0.007
1528,97792,orientation_cued_D0,0.00008,1.0000,0.0015,0.068,0.007
1529,97856,orientation_cued_D0,0.00008,1.0000,0.0015,0.063,0.004
1530,97920,orientation_cued_D0,0.00046,1.0000,0.3269,0.070,0.005
1531,97984,orientation_cued_D24,0.00008,1.0000,0.0020,0.349,0.004
1532,98048,orientation_cued_D24,0.00010,1.0000,0.0033,0.356,0.021
1533,98112,orientation_cued_D24,0.00014,1.0000,0.0403,0.359,0.021
1534,98176,orientation_cued_D12,0.00010,1.0000,0.0042,0.215,0.020
1535,98240,orientation_cued_D12,0.00009,1.0000,0.0020,0.227,0.015
1536,98304,orientation_cued_D12,0.00009,1.0000,0.0018,0.226,0.012
1537,98368,orientation_cued_D4,0.00008,1.0000,0.0016,0.121,0.014
1538,98432,orientation_cued_D4,0.00008,1.0000,0.0016,0.128,0.007
1539,98496,orientation_cued_D4,0.00008,1.0000,0.0017,0.124,0.008
1540,98560,orientation_cued_D0,0.00012,1.0000,0.0248,0.068,0.007
1541,98624,orientation_cued_D0,0.00008,1.0000,0.0034,0.063,0.004
1542,98688,orientation_cued_D0,0.00008,1.0000,0.0019,0.070,0.005
1543,98752,orientation_cued_D24,0.00009,1.0000,0.0033,0.360,0.005
1544,98816,orientation_cued_D24,0.00009,1.0000,0.0025,0.357,0.021
1545,98880,orientation_cued_D24,0.00009,1.0000,0.0021,0.357,0.020
1546,98944,orientation_cued_D12,0.00008,1.0000,0.0016,0.210,0.020
1547,99008,orientation_cued_D12,0.00017,1.0000,0.0233,0.225,0.016
1548,99072,orientation_cued_D12,0.00008,1.0000,0.0016,0.212,0.012
1549,99136,orientation_cued_D4,0.00008,1.0000,0.0015,0.110,0.012
1550,99200,orientation_cued_D4,0.00008,1.0000,0.0015,0.123,0.007
1551,99264,orientation_cued_D4,0.00008,1.0000,0.0016,0.117,0.007
1552,99328,orientation_cued_D0,0.00008,1.0000,0.0022,0.067,0.007
1553,99392,orientation_cued_D0,0.00007,1.0000,0.0014,0.069,0.004
1554,99456,orientation_cued_D0,0.00014,1.0000,0.0258,0.072,0.005
1555,99520,orientation_cued_D24,0.00011,1.0000,0.0073,0.355,0.005
1556,99584,orientation_cued_D24,0.00009,1.0000,0.0019,0.370,0.021
1557,99648,orientation_cued_D24,0.00008,1.0000,0.0019,0.369,0.020
1558,99712,orientation_cued_D12,0.00008,1.0000,0.0015,0.257,0.020
1559,99776,orientation_cued_D12,0.00008,1.0000,0.0016,0.224,0.015
1560,99840,orientation_cued_D12,0.00008,1.0000,0.0020,0.211,0.012
1561,99904,orientation_cued_D4,0.00010,1.0000,0.0086,0.113,0.013
1562,99968,orientation_cued_D4,0.00011,1.0000,0.0177,0.123,0.007
1563,100032,orientation_cued_D4,0.00008,1.0000,0.0019,0.139,0.007
1564,100096,orientation_cued_D0,0.00008,1.0000,0.0018,0.079,0.008
1565,100160,orientation_cued_D0,0.00008,1.0000,0.0027,0.094,0.007
1566,100224,orientation_cued_D0,0.00007,1.0000,0.0013,0.063,0.004
1567,100288,orientation_cued_D24,0.00008,1.0000,0.0018,0.361,0.004
1568,100352,orientation_cued_D24,0.00009,1.0000,0.0036,0.354,0.022
1569,100416,orientation_cued_D24,0.00009,1.0000,0.0022,0.352,0.020
1570,100480,orientation_cued_D12,0.00008,1.0000,0.0025,0.215,0.020
1571,100544,orientation_cued_D12,0.00008,1.0000,0.0015,0.232,0.016
1572,100608,orientation_cued_D12,0.00008,1.0000,0.0024,0.213,0.012
1573,100672,orientation_cued_D4,0.00008,1.0000,0.0015,0.108,0.012
1574,100736,orientation_cued_D4,0.00008,1.0000,0.0015,0.123,0.006
1575,100800,orientation_cued_D4,0.00007,1.0000,0.0014,0.116,0.007
1576,100864,orientation_cued_D0,0.00007,1.0000,0.0016,0.064,0.007
1577,100928,orientation_cued_D0,0.00008,1.0000,0.0039,0.062,0.004
1578,100992,orientation_cued_D0,0.00007,1.0000,0.0016,0.078,0.004
1579,101056,orientation_cued_D24,0.00008,1.0000,0.0015,0.350,0.004
1580,101120,orientation_cued_D24,0.00008,1.0000,0.0017,0.352,0.021
1581,101184,orientation_cued_D24,0.00031,1.0000,0.1381,0.357,0.020
1582,101248,orientation_cued_D12,0.00007,1.0000,0.0016,0.202,0.020
1583,101312,orientation_cued_D12,0.00007,1.0000,0.0014,0.227,0.015
1584,101376,orientation_cued_D12,0.00008,1.0000,0.0015,0.209,0.012
1585,101440,orientation_cued_D4,0.00007,1.0000,0.0014,0.108,0.012
1586,101504,orientation_cued_D4,0.00008,1.0000,0.0017,0.127,0.007
1587,101568,orientation_cued_D4,0.00008,1.0000,0.0018,0.117,0.007
1588,101632,orientation_cued_D0,0.00007,1.0000,0.0016,0.069,0.007
1589,101696,orientation_cued_D0,0.00007,1.0000,0.0014,0.064,0.004
1590,101760,orientation_cued_D0,0.00007,1.0000,0.0021,0.094,0.005
1591,101824,orientation_cued_D24,0.00009,1.0000,0.0026,0.348,0.004
1592,101888,orientation_cued_D24,0.00010,1.0000,0.0037,0.377,0.021
1593,101952,orientation_cued_D24,0.00008,1.0000,0.0036,0.400,0.022
1594,102016,orientation_cued_D12,0.00007,1.0000,0.0014,0.208,0.019
1595,102080,orientation_cued_D12,0.00008,1.0000,0.0018,0.235,0.015
1596,102144,orientation_cued_D12,0.00008,1.0000,0.0032,0.211,0.013
1597,102208,orientation_cued_D4,0.00008,1.0000,0.0021,0.111,0.012
1598,102272,orientation_cued_D4,0.00007,1.0000,0.0013,0.123,0.007
1599,102336,orientation_cued_D4,0.00007,1.0000,0.0013,0.118,0.007
1600,102400,orientation_cued_D0,0.00007,1.0000,0.0017,0.068,0.007
1601,102464,orientation_cued_D0,0.00011,1.0000,0.0257,0.057,0.003
1602,102528,orientation_cued_D0,0.00007,1.0000,0.0021,0.059,0.004
1603,102592,orientation_cued_D24,0.00007,1.0000,0.0014,0.348,0.004
1604,102656,orientation_cued_D24,0.00012,1.0000,0.0178,0.357,0.021
1605,102720,orientation_cued_D24,0.00009,1.0000,0.0020,0.354,0.020
1606,102784,orientation_cued_D12,0.00009,1.0000,0.0033,0.207,0.021
1607,102848,orientation_cued_D12,0.00007,1.0000,0.0013,0.228,0.015
1608,102912,orientation_cued_D12,0.00009,1.0000,0.0021,0.210,0.012
1609,102976,orientation_cued_D4,0.00007,1.0000,0.0014,0.109,0.012
1610,103040,orientation_cued_D4,0.00008,1.0000,0.0018,0.122,0.007
1611,103104,orientation_cued_D4,0.00007,1.0000,0.0015,0.120,0.007
1612,103168,orientation_cued_D0,0.00007,1.0000,0.0014,0.068,0.007
1613,103232,orientation_cued_D0,0.00007,1.0000,0.0013,0.062,0.004
1614,103296,orientation_cued_D0,0.00007,1.0000,0.0014,0.069,0.005
1615,103360,orientation_cued_D24,0.00008,1.0000,0.0027,0.351,0.005
1616,103424,orientation_cued_D24,0.00008,1.0000,0.0016,0.355,0.021
1617,103488,orientation_cued_D24,0.00008,1.0000,0.0024,0.357,0.021
1618,103552,orientation_cued_D12,0.00007,1.0000,0.0014,0.203,0.020
1619,103616,orientation_cued_D12,0.00007,1.0000,0.0015,0.221,0.015
1620,103680,orientation_cued_D12,0.00008,1.0000,0.0028,0.212,0.012
1621,103744,orientation_cued_D4,0.00007,1.0000,0.0014,0.109,0.012
1622,103808,orientation_cued_D4,0.00007,1.0000,0.0013,0.123,0.007
1623,103872,orientation_cued_D4,0.00008,1.0000,0.0020,0.124,0.007
1624,103936,orientation_cued_D0,0.00007,1.0000,0.0016,0.066,0.007
1625,104000,orientation_cued_D0,0.00006,1.0000,0.0012,0.061,0.004
1626,104064,orientation_cued_D0,0.00006,1.0000,0.0013,0.071,0.005
1627,104128,orientation_cued_D24,0.00008,1.0000,0.0017,0.357,0.004
1628,104192,orientation_cued_D24,0.00008,1.0000,0.0016,0.363,0.024
1629,104256,orientation_cued_D24,0.00008,1.0000,0.0016,0.377,0.020
1630,104320,orientation_cued_D12,0.00007,1.0000,0.0016,0.220,0.019
1631,104384,orientation_cued_D12,0.00008,1.0000,0.0017,0.224,0.017
1632,104448,orientation_cued_D12,0.00007,1.0000,0.0013,0.222,0.012
1633,104512,orientation_cued_D4,0.00007,1.0000,0.0014,0.108,0.012
1634,104576,orientation_cued_D4,0.00007,1.0000,0.0013,0.122,0.006
1635,104640,orientation_cued_D4,0.00007,1.0000,0.0012,0.124,0.007
1636,104704,orientation_cued_D0,0.00007,1.0000,0.0013,0.067,0.008
1637,104768,orientation_cued_D0,0.00006,1.0000,0.0014,0.075,0.004
1638,104832,orientation_cued_D0,0.00007,1.0000,0.0013,0.070,0.006
1639,104896,orientation_cued_D24,0.00010,1.0000,0.0121,0.352,0.004
1640,104960,orientation_cued_D24,0.00008,1.0000,0.0027,0.357,0.021
1641,105024,orientation_cued_D24,0.00007,1.0000,0.0016,0.384,0.020
1642,105088,orientation_cued_D12,0.00007,1.0000,0.0016,0.206,0.020
1643,105152,orientation_cued_D12,0.00007,1.0000,0.0014,0.224,0.015
1644,105216,orientation_cued_D12,0.00007,1.0000,0.0013,0.221,0.012
1645,105280,orientation_cued_D4,0.00006,1.0000,0.0012,0.114,0.012
1646,105344,orientation_cued_D4,0.00007,1.0000,0.0013,0.124,0.007
1647,105408,orientation_cued_D4,0.00007,1.0000,0.0013,0.126,0.007
1648,105472,orientation_cued_D0,0.00137,1.0000,0.9822,0.067,0.007
1649,105536,orientation_cued_D0,0.00006,1.0000,0.0012,0.066,0.004
1650,105600,orientation_cued_D0,0.00012,1.0000,0.0322,0.072,0.005
1651,105664,orientation_cued_D24,0.00007,1.0000,0.0014,0.348,0.004
1652,105728,orientation_cued_D24,0.00007,1.0000,0.0014,0.378,0.022
1653,105792,orientation_cued_D24,0.00007,1.0000,0.0014,0.374,0.022
1654,105856,orientation_cued_D12,0.00007,1.0000,0.0015,0.203,0.020
1655,105920,orientation_cued_D12,0.00008,1.0000,0.0020,0.236,0.015
1656,105984,orientation_cued_D12,0.00007,1.0000,0.0022,0.212,0.012
1657,106048,orientation_cued_D4,0.00006,1.0000,0.0013,0.111,0.012
1658,106112,orientation_cued_D4,0.00007,1.0000,0.0013,0.123,0.006
1659,106176,orientation_cued_D4,0.00008,1.0000,0.0048,0.117,0.007
1660,106240,orientation_cued_D0,0.00007,1.0000,0.0016,0.069,0.007
1661,106304,orientation_cued_D0,0.00006,1.0000,0.0014,0.062,0.004
1662,106368,orientation_cued_D0,0.00006,1.0000,0.0012,0.070,0.005
1663,106432,orientation_cued_D24,0.00007,1.0000,0.0014,0.355,0.005
1664,106496,orientation_cued_D24,0.00007,1.0000,0.0014,0.353,0.021
1665,106560,orientation_cued_D24,0.00008,1.0000,0.0022,0.364,0.021
1666,106624,orientation_cued_D12,0.00007,1.0000,0.0021,0.205,0.020
1667,106688,orientation_cued_D12,0.00008,1.0000,0.0018,0.232,0.014
1668,106752,orientation_cued_D12,0.00007,1.0000,0.0021,0.275,0.013
1669,106816,orientation_cued_D4,0.00007,1.0000,0.0013,0.110,0.012
1670,106880,orientation_cued_D4,0.00007,1.0000,0.0013,0.127,0.007
1671,106944,orientation_cued_D4,0.00007,1.0000,0.0013,0.164,0.007
1672,107008,orientation_cued_D0,0.00007,1.0000,0.0021,0.073,0.008
1673,107072,orientation_cued_D0,0.00007,1.0000,0.0015,0.064,0.004
1674,107136,orientation_cued_D0,0.00013,1.0000,0.0557,0.072,0.005
1675,107200,orientation_cued_D24,0.00007,1.0000,0.0023,0.348,0.005
1676,107264,orientation_cued_D24,0.00008,1.0000,0.0021,0.357,0.021
1677,107328,orientation_cued_D24,0.00008,1.0000,0.0037,0.375,0.021
1678,107392,orientation_cued_D12,0.00007,1.0000,0.0014,0.210,0.020
1679,107456,orientation_cued_D12,0.00008,1.0000,0.0018,0.253,0.015
1680,107520,orientation_cued_D12,0.00006,1.0000,0.0013,0.215,0.014
1681,107584,orientation_cued_D4,0.00006,1.0000,0.0012,0.111,0.013
1682,107648,orientation_cued_D4,0.00007,1.0000,0.0015,0.124,0.007
1683,107712,orientation_cued_D4,0.00007,1.0000,0.0025,0.117,0.007
1684,107776,orientation_cued_D0,0.00007,1.0000,0.0022,0.067,0.007
1685,107840,orientation_cued_D0,0.00006,1.0000,0.0012,0.063,0.004
1686,107904,orientation_cued_D0,0.00006,1.0000,0.0016,0.071,0.005
1687,107968,orientation_cued_D24,0.00009,1.0000,0.0054,0.356,0.004
1688,108032,orientation_cued_D24,0.00007,1.0000,0.0016,0.355,0.020
1689,108096,orientation_cued_D24,0.00007,1.0000,0.0013,0.356,0.021
1690,108160,orientation_cued_D12,0.00007,1.0000,0.0013,0.226,0.020
1691,108224,orientation_cued_D12,0.00007,1.0000,0.0014,0.233,0.014
1692,108288,orientation_cued_D12,0.00006,1.0000,0.0013,0.209,0.012
1693,108352,orientation_cued_D4,0.00006,1.0000,0.0012,0.123,0.013
1694,108416,orientation_cued_D4,0.00006,1.0000,0.0012,0.131,0.007
1695,108480,orientation_cued_D4,0.00007,1.0000,0.0013,0.119,0.007
1696,108544,orientation_cued_D0,0.00006,1.0000,0.0013,0.075,0.007
1697,108608,orientation_cued_D0,0.00006,1.0000,0.0015,0.064,0.004
1698,108672,orientation_cued_D0,0.00006,1.0000,0.0012,0.066,0.005
1699,108736,orientation_cued_D24,0.00007,1.0000,0.0018,0.349,0.005
1700,108800,orientation_cued_D24,0.00007,1.0000,0.0018,0.359,0.021
1701,108864,orientation_cued_D24,0.00007,1.0000,0.0014,0.355,0.020
1702,108928,orientation_cued_D12,0.00006,1.0000,0.0012,0.205,0.020
1703,108992,orientation_cued_D12,0.00007,1.0000,0.0016,0.227,0.015
1704,109056,orientation_cued_D12,0.00007,1.0000,0.0016,0.234,0.013
1705,109120,orientation_cued_D4,0.00006,1.0000,0.0012,0.116,0.013
1706,109184,orientation_cued_D4,0.00007,1.0000,0.0014,0.137,0.007
1707,109248,orientation_cued_D4,0.00006,1.0000,0.0012,0.123,0.007
1708,109312,orientation_cued_D0,0.00007,1.0000,0.0038,0.069,0.007
1709,109376,orientation_cued_D0,0.00006,1.0000,0.0011,0.063,0.004
1710,109440,orientation_cued_D0,0.00012,1.0000,0.0307,0.069,0.006
1711,109504,orientation_cued_D24,0.00012,1.0000,0.0223,0.355,0.005
1712,109568,orientation_cued_D24,0.00007,1.0000,0.0014,0.356,0.021
1713,109632,orientation_cued_D24,0.00007,1.0000,0.0018,0.354,0.020
1714,109696,orientation_cued_D12,0.00006,1.0000,0.0013,0.206,0.020
1715,109760,orientation_cued_D12,0.00007,1.0000,0.0013,0.230,0.015
1716,109824,orientation_cued_D12,0.00006,1.0000,0.0013,0.211,0.012
1717,109888,orientation_cued_D4,0.00007,1.0000,0.0035,0.109,0.012
1718,109952,orientation_cued_D4,0.00006,1.0000,0.0011,0.122,0.007
1719,110016,orientation_cued_D4,0.00007,1.0000,0.0013,0.122,0.007
1720,110080,orientation_cued_D0,0.00006,1.0000,0.0011,0.069,0.007
1721,110144,orientation_cued_D0,0.00006,1.0000,0.0013,0.062,0.004
1722,110208,orientation_cued_D0,0.00007,1.0000,0.0044,0.069,0.006
1723,110272,orientation_cued_D24,0.00006,1.0000,0.0012,0.351,0.005
1724,110336,orientation_cued_D24,0.00006,1.0000,0.0012,0.354,0.021
1725,110400,orientation_cued_D24,0.00007,1.0000,0.0014,0.361,0.028
1726,110464,orientation_cued_D12,0.00006,1.0000,0.0015,0.205,0.020
1727,110528,orientation_cued_D12,0.00006,1.0000,0.0011,0.223,0.015
1728,110592,orientation_cued_D12,0.00006,1.0000,0.0013,0.229,0.021
1729,110656,orientation_cued_D4,0.00006,1.0000,0.0011,0.122,0.012
1730,110720,orientation_cued_D4,0.00006,1.0000,0.0012,0.131,0.011
1731,110784,orientation_cued_D4,0.00006,1.0000,0.0013,0.114,0.007
1732,110848,orientation_cued_D0,0.00010,1.0000,0.0178,0.068,0.007
1733,110912,orientation_cued_D0,0.00005,1.0000,0.0011,0.073,0.006
1734,110976,orientation_cued_D0,0.00006,1.0000,0.0025,0.070,0.006
1735,111040,orientation_cued_D24,0.00006,1.0000,0.0012,0.371,0.005
1736,111104,orientation_cued_D24,0.00007,1.0000,0.0046,0.353,0.022
1737,111168,orientation_cued_D24,0.00006,1.0000,0.0013,0.353,0.021
1738,111232,orientation_cued_D12,0.00006,1.0000,0.0011,0.205,0.020
1739,111296,orientation_cued_D12,0.00006,1.0000,0.0012,0.223,0.015
1740,111360,orientation_cued_D12,0.00007,1.0000,0.0095,0.217,0.013
1741,111424,orientation_cued_D4,0.00006,1.0000,0.0012,0.110,0.013
1742,111488,orientation_cued_D4,0.00006,1.0000,0.0016,0.124,0.007
1743,111552,orientation_cued_D4,0.00006,1.0000,0.0014,0.117,0.007
1744,111616,orientation_cued_D0,0.00005,1.0000,0.0010,0.067,0.007
1745,111680,orientation_cued_D0,0.00005,1.0000,0.0010,0.062,0.005
1746,111744,orientation_cued_D0,0.00005,1.0000,0.0011,0.068,0.004
1747,111808,orientation_cued_D24,0.00006,1.0000,0.0013,0.346,0.005
1748,111872,orientation_cued_D24,0.00006,1.0000,0.0011,0.344,0.021
1749,111936,orientation_cued_D24,0.00006,1.0000,0.0012,0.350,0.020
1750,112000,orientation_cued_D12,0.00006,1.0000,0.0011,0.200,0.019
1751,112064,orientation_cued_D12,0.00006,1.0000,0.0012,0.210,0.015
1752,112128,orientation_cued_D12,0.00006,1.0000,0.0013,0.244,0.012
1753,112192,orientation_cued_D4,0.00006,1.0000,0.0016,0.108,0.011
1754,112256,orientation_cued_D4,0.00006,1.0000,0.0011,0.117,0.006
1755,112320,orientation_cued_D4,0.00006,1.0000,0.0011,0.122,0.011
1756,112384,orientation_cued_D0,0.00005,1.0000,0.0010,0.059,0.008
1757,112448,orientation_cued_D0,0.00006,1.0000,0.0038,0.060,0.004
1758,112512,orientation_cued_D0,0.00005,1.0000,0.0010,0.068,0.008
1759,112576,orientation_cued_D24,0.00006,1.0000,0.0012,0.336,0.005
1760,112640,orientation_cued_D24,0.00006,1.0000,0.0012,0.354,0.021
1761,112704,orientation_cued_D24,0.00006,1.0000,0.0011,0.353,0.027
1762,112768,orientation_cued_D12,0.00006,1.0000,0.0012,0.201,0.022
1763,112832,orientation_cued_D12,0.00006,1.0000,0.0012,0.250,0.015
1764,112896,orientation_cued_D12,0.00008,1.0000,0.0067,0.287,0.021
1765,112960,orientation_cued_D4,0.00006,1.0000,0.0011,0.111,0.013
1766,113024,orientation_cued_D4,0.00006,1.0000,0.0011,0.160,0.007
1767,113088,orientation_cued_D4,0.00006,1.0000,0.0011,0.119,0.007
1768,113152,orientation_cued_D0,0.00006,1.0000,0.0023,0.063,0.008
1769,113216,orientation_cued_D0,0.00005,1.0000,0.0010,0.083,0.004
1770,113280,orientation_cued_D0,0.00006,1.0000,0.0055,0.085,0.004
1771,113344,orientation_cued_D24,0.00007,1.0000,0.0061,0.355,0.005
1772,113408,orientation_cued_D24,0.00006,1.0000,0.0017,0.353,0.021
1773,113472,orientation_cued_D24,0.00006,1.0000,0.0017,0.362,0.021
1774,113536,orientation_cued_D12,0.00006,1.0000,0.0011,0.202,0.019
1775,113600,orientation_cued_D12,0.00006,1.0000,0.0013,0.237,0.015
1776,113664,orientation_cued_D12,0.00006,1.0000,0.0012,0.209,0.012
1777,113728,orientation_cued_D4,0.00006,1.0000,0.0013,0.133,0.013
1778,113792,orientation_cued_D4,0.00006,1.0000,0.0010,0.132,0.009
1779,113856,orientation_cued_D4,0.00006,1.0000,0.0012,0.119,0.007
1780,113920,orientation_cued_D0,0.00005,1.0000,0.0013,0.075,0.007
1781,113984,orientation_cued_D0,0.00006,1.0000,0.0060,0.068,0.004
1782,114048,orientation_cued_D0,0.00005,1.0000,0.0009,0.064,0.006
1783,114112,orientation_cued_D24,0.00008,1.0000,0.0170,0.350,0.006
1784,114176,orientation_cued_D24,0.00006,1.0000,0.0012,0.350,0.021
1785,114240,orientation_cued_D24,0.00005,1.0000,0.0010,0.362,0.021
1786,114304,orientation_cued_D12,0.00005,1.0000,0.0010,0.223,0.021
1787,114368,orientation_cued_D12,0.00006,1.0000,0.0015,0.266,0.015
1788,114432,orientation_cued_D12,0.00006,1.0000,0.0010,0.213,0.012
1789,114496,orientation_cued_D4,0.00005,1.0000,0.0011,0.124,0.012
1790,114560,orientation_cued_D4,0.00005,1.0000,0.0010,0.130,0.007
1791,114624,orientation_cued_D4,0.00006,1.0000,0.0011,0.118,0.007
1792,114688,orientation_cued_D0,0.00005,1.0000,0.0009,0.074,0.007
1793,114752,orientation_cued_D0,0.00006,1.0000,0.0023,0.067,0.004
1794,114816,orientation_cued_D0,0.00005,1.0000,0.0010,0.067,0.005
1795,114880,orientation_cued_D24,0.00006,1.0000,0.0013,0.355,0.004
1796,114944,orientation_cued_D24,0.00006,1.0000,0.0013,0.352,0.021
1797,115008,orientation_cued_D24,0.00006,1.0000,0.0012,0.368,0.021
1798,115072,orientation_cued_D12,0.00005,1.0000,0.0011,0.205,0.020
1799,115136,orientation_cued_D12,0.00005,1.0000,0.0010,0.247,0.015
1800,115200,orientation_cued_D12,0.00006,1.0000,0.0020,0.209,0.013
1801,115264,orientation_cued_D4,0.00005,1.0000,0.0010,0.116,0.012
1802,115328,orientation_cued_D4,0.00005,1.0000,0.0011,0.131,0.007
1803,115392,orientation_cued_D4,0.00005,1.0000,0.0010,0.122,0.007
1804,115456,orientation_cued_D0,0.00005,1.0000,0.0009,0.083,0.007
1805,115520,orientation_cued_D0,0.00005,1.0000,0.0010,0.069,0.004
1806,115584,orientation_cued_D0,0.00005,1.0000,0.0009,0.066,0.006
1807,115648,orientation_cued_D24,0.00006,1.0000,0.0011,0.354,0.006
1808,115712,orientation_cued_D24,0.00006,1.0000,0.0011,0.360,0.021
1809,115776,orientation_cued_D24,0.00005,1.0000,0.0010,0.354,0.021
1810,115840,orientation_cued_D12,0.00005,1.0000,0.0010,0.256,0.026
1811,115904,orientation_cued_D12,0.00005,1.0000,0.0010,0.213,0.012
1812,115968,orientation_cued_D12,0.00005,1.0000,0.0010,0.218,0.013
1813,116032,orientation_cued_D4,0.00005,1.0000,0.0010,0.110,0.012
1814,116096,orientation_cued_D4,0.00005,1.0000,0.0010,0.124,0.007
1815,116160,orientation_cued_D4,0.00006,1.0000,0.0057,0.118,0.007
1816,116224,orientation_cued_D0,0.00005,1.0000,0.0009,0.068,0.007
1817,116288,orientation_cued_D0,0.00005,1.0000,0.0009,0.063,0.004
1818,116352,orientation_cued_D0,0.00005,1.0000,0.0027,0.069,0.006
1819,116416,orientation_cued_D24,0.00006,1.0000,0.0017,0.358,0.005
1820,116480,orientation_cued_D24,0.00005,1.0000,0.0011,0.366,0.021
1821,116544,orientation_cued_D24,0.00005,1.0000,0.0010,0.366,0.022
1822,116608,orientation_cued_D12,0.00005,1.0000,0.0010,0.208,0.020
1823,116672,orientation_cued_D12,0.00005,1.0000,0.0010,0.227,0.015
1824,116736,orientation_cued_D12,0.00005,1.0000,0.0009,0.214,0.013
1825,116800,orientation_cued_D4,0.00005,1.0000,0.0010,0.109,0.013
1826,116864,orientation_cued_D4,0.00005,1.0000,0.0012,0.124,0.007
1827,116928,orientation_cued_D4,0.00005,1.0000,0.0009,0.121,0.007
1828,116992,orientation_cued_D0,0.00005,1.0000,0.0011,0.075,0.007
1829,117056,orientation_cued_D0,0.00662,1.0000,8.7862,0.064,0.004
1830,117120,orientation_cued_D0,0.00005,1.0000,0.0010,0.067,0.006
1831,117184,orientation_cued_D24,0.00005,1.0000,0.0011,0.355,0.005
1832,117248,orientation_cued_D24,0.00007,1.0000,0.0052,0.351,0.021
1833,117312,orientation_cued_D24,0.00006,1.0000,0.0016,0.355,0.022
1834,117376,orientation_cued_D12,0.00005,1.0000,0.0010,0.203,0.020
1835,117440,orientation_cued_D12,0.00005,1.0000,0.0012,0.223,0.023
1836,117504,orientation_cued_D12,0.00005,1.0000,0.0010,0.214,0.012
1837,117568,orientation_cued_D4,0.00006,1.0000,0.0014,0.124,0.013
1838,117632,orientation_cued_D4,0.00006,1.0000,0.0049,0.126,0.006
1839,117696,orientation_cued_D4,0.00005,1.0000,0.0010,0.120,0.008
1840,117760,orientation_cued_D0,0.00038,1.0000,0.3406,0.075,0.007
1841,117824,orientation_cued_D0,0.00006,1.0000,0.0057,0.069,0.006
1842,117888,orientation_cued_D0,0.00005,1.0000,0.0025,0.064,0.005
1843,117952,orientation_cued_D24,0.07558,0.9844,19.5523,0.350,0.005
1844,118016,orientation_cued_D24,0.00006,1.0000,0.0020,0.354,0.027
1845,118080,orientation_cued_D24,0.00006,1.0000,0.0011,0.355,0.021
1846,118144,orientation_cued_D12,0.00005,1.0000,0.0013,0.227,0.021
1847,118208,orientation_cued_D12,0.00005,1.0000,0.0011,0.246,0.025
1848,118272,orientation_cued_D12,0.00006,1.0000,0.0013,0.215,0.013
1849,118336,orientation_cued_D4,0.00006,1.0000,0.0038,0.125,0.013
1850,118400,orientation_cued_D4,0.00008,1.0000,0.0171,0.126,0.007
1851,118464,orientation_cued_D4,0.00007,1.0000,0.0039,0.118,0.007
1852,118528,orientation_cued_D0,0.00006,1.0000,0.0024,0.076,0.007
1853,118592,orientation_cued_D0,0.00006,1.0000,0.0037,0.067,0.004
1854,118656,orientation_cued_D0,0.06156,0.9844,17.3186,0.067,0.006
1855,118720,orientation_cued_D24,0.13371,0.9688,27.0277,0.358,0.005
1856,118784,orientation_cued_D24,0.00007,1.0000,0.0021,0.355,0.021
1857,118848,orientation_cued_D24,0.00023,1.0000,0.0766,0.364,0.021
1858,118912,orientation_cued_D12,0.00006,1.0000,0.0016,0.208,0.020
1859,118976,orientation_cued_D12,0.00009,1.0000,0.0061,0.233,0.015
1860,119040,orientation_cued_D12,0.00037,1.0000,0.2218,0.214,0.013
1861,119104,orientation_cued_D4,0.00019,1.0000,0.0507,0.128,0.013
1862,119168,orientation_cued_D4,0.10742,0.9844,9.5051,0.153,0.012
1863,119232,orientation_cued_D4,0.00347,1.0000,1.4723,0.130,0.012
1864,119296,orientation_cued_D0,0.02711,0.9844,16.4787,0.062,0.008
1865,119360,orientation_cued_D0,0.00127,1.0000,0.2072,0.069,0.006
1866,119424,orientation_cued_D0,0.07751,0.9688,9.8815,0.071,0.008
1867,119488,orientation_cued_D24,0.00401,1.0000,2.0666,0.366,0.004
1868,119552,orientation_cued_D24,0.00333,1.0000,0.7389,0.356,0.027
1869,119616,orientation_cued_D24,0.00081,1.0000,0.0630,0.356,0.021
1870,119680,orientation_cued_D12,0.00050,1.0000,0.0337,0.208,0.020
1871,119744,orientation_cued_D12,0.06329,0.9844,4.1344,0.234,0.016
1872,119808,orientation_cued_D12,0.00076,1.0000,0.0788,0.234,0.014
1873,119872,orientation_cued_D4,0.00069,1.0000,0.0705,0.121,0.013
1874,119936,orientation_cued_D4,0.00158,1.0000,0.4467,0.129,0.007
1875,120000,orientation_cued_D4,0.00051,1.0000,0.0380,0.121,0.007
1876,120064,orientation_cued_D0,0.00147,1.0000,0.1583,0.082,0.007
1877,120128,orientation_cued_D0,0.02784,0.9844,3.2533,0.065,0.004
1878,120192,orientation_cued_D0,0.01470,1.0000,3.0402,0.072,0.004
1879,120256,orientation_cued_D24,0.00337,1.0000,0.6197,0.354,0.005
1880,120320,orientation_cued_D24,0.01682,1.0000,3.8624,0.354,0.021
1881,120384,orientation_cued_D24,0.00342,1.0000,0.2628,0.360,0.021
1882,120448,orientation_cued_D12,0.00283,1.0000,0.3392,0.205,0.020
1883,120512,orientation_cued_D12,0.00189,1.0000,0.1819,0.228,0.015
1884,120576,orientation_cued_D12,0.00364,1.0000,0.8773,0.211,0.012
1885,120640,orientation_cued_D4,0.00610,1.0000,1.1755,0.115,0.012
1886,120704,orientation_cued_D4,0.00544,1.0000,1.5683,0.125,0.007
1887,120768,orientation_cued_D4,0.00075,1.0000,0.0596,0.119,0.007
1888,120832,orientation_cued_D0,0.00155,1.0000,0.5443,0.068,0.007
1889,120896,orientation_cued_D0,0.00109,1.0000,0.1476,0.064,0.004
1890,120960,orientation_cued_D0,0.00873,1.0000,2.1172,0.069,0.006
1891,121024,orientation_cued_D24,0.00077,1.0000,0.0478,0.358,0.006
1892,121088,orientation_cued_D24,0.00105,1.0000,0.0647,0.356,0.023
1893,121152,orientation_cued_D24,0.00148,1.0000,0.3866,0.368,0.021
1894,121216,orientation_cued_D12,0.00042,1.0000,0.0314,0.204,0.020
1895,121280,orientation_cued_D12,0.00155,1.0000,0.5650,0.227,0.014
1896,121344,orientation_cued_D12,0.00223,1.0000,0.3366,0.222,0.016
1897,121408,orientation_cued_D4,0.00130,1.0000,0.3350,0.126,0.012
1898,121472,orientation_cued_D4,0.00046,1.0000,0.0459,0.126,0.007
1899,121536,orientation_cued_D4,0.00045,1.0000,0.0890,0.139,0.007
1900,121600,orientation_cued_D0,0.00115,1.0000,0.2220,0.072,0.009
1901,121664,orientation_cued_D0,0.00413,1.0000,1.9604,0.077,0.007
1902,121728,orientation_cued_D0,0.00063,1.0000,0.1620,0.082,0.009
1903,121792,orientation_cued_D24,0.00045,1.0000,0.0254,0.361,0.005
1904,121856,orientation_cued_D24,0.00065,1.0000,0.1312,0.358,0.027
1905,121920,orientation_cued_D24,0.00032,1.0000,0.0134,0.366,0.027
1906,121984,orientation_cued_D12,0.00027,1.0000,0.0131,0.207,0.020
1907,122048,orientation_cued_D12,0.00030,1.0000,0.0153,0.229,0.015
1908,122112,orientation_cued_D12,0.00025,1.0000,0.0123,0.232,0.021
1909,122176,orientation_cued_D4,0.00028,1.0000,0.0319,0.113,0.012
1910,122240,orientation_cued_D4,0.00021,1.0000,0.0130,0.121,0.006
1911,122304,orientation_cued_D4,0.00019,1.0000,0.0070,0.131,0.012
1912,122368,orientation_cued_D0,0.00015,1.0000,0.0057,0.064,0.008
1913,122432,orientation_cued_D0,0.00031,1.0000,0.0445,0.064,0.004
1914,122496,orientation_cued_D0,0.00014,1.0000,0.0050,0.078,0.007
1915,122560,orientation_cued_D24,0.00030,1.0000,0.0226,0.351,0.005
1916,122624,orientation_cued_D24,0.00195,1.0000,0.8227,0.355,0.021
1917,122688,orientation_cued_D24,0.00035,1.0000,0.0194,0.358,0.027
1918,122752,orientation_cued_D12,0.00013,1.0000,0.0038,0.204,0.020
1919,122816,orientation_cued_D12,0.00039,1.0000,0.0631,0.232,0.015
1920,122880,orientation_cued_D12,0.00018,1.0000,0.0061,0.218,0.021
1921,122944,orientation_cued_D4,0.00016,1.0000,0.0086,0.111,0.012
1922,123008,orientation_cued_D4,0.00012,1.0000,0.0037,0.122,0.007
1923,123072,orientation_cued_D4,0.00018,1.0000,0.0072,0.117,0.007
1924,123136,orientation_cued_D0,0.00013,1.0000,0.0044,0.070,0.007
1925,123200,orientation_cued_D0,0.00826,1.0000,4.1082,0.064,0.004
1926,123264,orientation_cued_D0,0.00014,1.0000,0.0049,0.068,0.005
1927,123328,orientation_cued_D24,0.00033,1.0000,0.0418,0.365,0.007
1928,123392,orientation_cued_D24,0.00020,1.0000,0.0076,0.369,0.022
1929,123456,orientation_cued_D24,0.00021,1.0000,0.0102,0.364,0.027
1930,123520,orientation_cued_D12,0.00031,1.0000,0.0697,0.209,0.020
1931,123584,orientation_cued_D12,0.00017,1.0000,0.0072,0.229,0.015
1932,123648,orientation_cued_D12,0.00024,1.0000,0.0384,0.230,0.021
1933,123712,orientation_cued_D4,0.00020,1.0000,0.0162,0.108,0.012
1934,123776,orientation_cued_D4,0.00014,1.0000,0.0052,0.169,0.007
1935,123840,orientation_cued_D4,0.00032,1.0000,0.0681,0.122,0.011
1936,123904,orientation_cued_D0,0.00019,1.0000,0.0150,0.065,0.008
1937,123968,orientation_cued_D0,0.02569,0.9844,6.2904,0.089,0.004
1938,124032,orientation_cued_D0,0.00012,1.0000,0.0054,0.079,0.004
1939,124096,orientation_cued_D24,0.00026,1.0000,0.0299,0.346,0.005
1940,124160,orientation_cued_D24,0.00022,1.0000,0.0218,0.360,0.021
1941,124224,orientation_cued_D24,0.00029,1.0000,0.0359,0.357,0.021
1942,124288,orientation_cued_D12,0.00015,1.0000,0.0062,0.205,0.020
1943,124352,orientation_cued_D12,0.00015,1.0000,0.0054,0.227,0.015
1944,124416,orientation_cued_D12,0.00028,1.0000,0.0615,0.236,0.013
1945,124480,orientation_cued_D4,0.00012,1.0000,0.0038,0.109,0.012
1946,124544,orientation_cued_D4,0.00010,1.0000,0.0024,0.124,0.007
1947,124608,orientation_cued_D4,0.00010,1.0000,0.0026,0.125,0.008
1948,124672,orientation_cued_D0,0.00012,1.0000,0.0035,0.067,0.009
1949,124736,orientation_cued_D0,0.00022,1.0000,0.0148,0.063,0.004
1950,124800,orientation_cued_D0,0.00019,1.0000,0.0096,0.073,0.006
1951,124864,orientation_cued_D24,0.00025,1.0000,0.0368,0.372,0.005
1952,124928,orientation_cued_D24,0.03574,0.9844,8.8109,0.361,0.021
1953,124992,orientation_cued_D24,0.00016,1.0000,0.0085,0.383,0.023
1954,125056,orientation_cued_D12,0.00020,1.0000,0.0175,0.206,0.020
1955,125120,orientation_cued_D12,0.00012,1.0000,0.0035,0.225,0.015
1956,125184,orientation_cued_D12,0.00019,1.0000,0.0132,0.224,0.013
1957,125248,orientation_cued_D4,0.00011,1.0000,0.0043,0.109,0.012
1958,125312,orientation_cued_D4,0.00015,1.0000,0.0228,0.130,0.007
1959,125376,orientation_cued_D4,0.00011,1.0000,0.0032,0.127,0.007
1960,125440,orientation_cued_D0,0.00018,1.0000,0.0117,0.067,0.009
1961,125504,orientation_cued_D0,0.00314,1.0000,0.7193,0.063,0.004
1962,125568,orientation_cued_D0,0.00014,1.0000,0.0077,0.073,0.005
1963,125632,orientation_cued_D24,0.00017,1.0000,0.0059,0.349,0.005
1964,125696,orientation_cued_D24,0.00021,1.0000,0.0117,0.355,0.021
1965,125760,orientation_cued_D24,0.00136,1.0000,0.4874,0.360,0.021
1966,125824,orientation_cued_D12,0.00015,1.0000,0.0049,0.204,0.020
1967,125888,orientation_cued_D12,0.00012,1.0000,0.0040,0.224,0.015
1968,125952,orientation_cued_D12,0.00015,1.0000,0.0088,0.229,0.013
1969,126016,orientation_cued_D4,0.00011,1.0000,0.0036,0.111,0.013
1970,126080,orientation_cued_D4,0.00013,1.0000,0.0067,0.127,0.006
1971,126144,orientation_cued_D4,0.00017,1.0000,0.0254,0.126,0.007
1972,126208,orientation_cued_D0,0.00013,1.0000,0.0044,0.066,0.008
1973,126272,orientation_cued_D0,0.00016,1.0000,0.0095,0.063,0.004
1974,126336,orientation_cued_D0,0.00014,1.0000,0.0048,0.073,0.005
1975,126400,orientation_cued_D24,0.00016,1.0000,0.0145,0.355,0.005
1976,126464,orientation_cued_D24,0.00021,1.0000,0.0144,0.353,0.021
1977,126528,orientation_cued_D24,0.00024,1.0000,0.0393,0.356,0.021
1978,126592,orientation_cued_D12,0.00014,1.0000,0.0061,0.224,0.022
1979,126656,orientation_cued_D12,0.00016,1.0000,0.0091,0.244,0.016
1980,126720,orientation_cued_D12,0.00014,1.0000,0.0080,0.227,0.013
1981,126784,orientation_cued_D4,0.00010,1.0000,0.0030,0.109,0.012
1982,126848,orientation_cued_D4,0.00011,1.0000,0.0059,0.124,0.006
1983,126912,orientation_cued_D4,0.00009,1.0000,0.0022,0.123,0.007
1984,126976,orientation_cued_D0,0.00025,1.0000,0.0369,0.069,0.007
1985,127040,orientation_cued_D0,0.00009,1.0000,0.0027,0.063,0.004
1986,127104,orientation_cued_D0,0.00010,1.0000,0.0042,0.069,0.005
1987,127168,orientation_cued_D24,0.00016,1.0000,0.0066,0.348,0.005
1988,127232,orientation_cued_D24,0.00017,1.0000,0.0267,0.357,0.022
1989,127296,orientation_cued_D24,0.00051,1.0000,0.1696,0.355,0.022
1990,127360,orientation_cued_D12,0.00030,1.0000,0.1112,0.202,0.019
1991,127424,orientation_cued_D12,0.00012,1.0000,0.0067,0.225,0.015
1992,127488,orientation_cued_D12,0.00018,1.0000,0.0127,0.218,0.013
1993,127552,orientation_cued_D4,0.00012,1.0000,0.0034,0.111,0.012
1994,127616,orientation_cued_D4,0.00011,1.0000,0.0052,0.124,0.007
1995,127680,orientation_cued_D4,0.00012,1.0000,0.0054,0.119,0.007
1996,127744,orientation_cued_D0,0.00033,1.0000,0.0845,0.068,0.007
1997,127808,orientation_cued_D0,0.00024,1.0000,0.0522,0.064,0.004
1998,127872,orientation_cued_D0,0.00010,1.0000,0.0040,0.069,0.005
1999,127936,orientation_cued_D24,0.00023,1.0000,0.0177,0.353,0.006
2000,128000,orientation_cued_D24,0.00011,1.0000,0.0034,0.354,0.021
2001,128064,orientation_cued_D24,0.00093,1.0000,0.1396,0.350,0.021
2002,128128,orientation_cued_D12,0.00016,1.0000,0.0100,0.202,0.020
2003,128192,orientation_cued_D12,0.00013,1.0000,0.0061,0.236,0.016
2004,128256,orientation_cued_D12,0.00029,1.0000,0.1229,0.229,0.013
2005,128320,orientation_cued_D4,0.00011,1.0000,0.0029,0.115,0.013
2006,128384,orientation_cued_D4,0.00015,1.0000,0.0078,0.138,0.007
2007,128448,orientation_cued_D4,0.00009,1.0000,0.0024,0.118,0.009
2008,128512,orientation_cued_D0,0.00012,1.0000,0.0055,0.069,0.007
2009,128576,orientation_cued_D0,0.00009,1.0000,0.0023,0.065,0.004
2010,128640,orientation_cued_D0,0.00008,1.0000,0.0022,0.072,0.006
2011,128704,orientation_cued_D24,0.00015,1.0000,0.0055,0.356,0.005
2012,128768,orientation_cued_D24,0.00017,1.0000,0.0099,0.379,0.021
2013,128832,orientation_cued_D24,0.00074,1.0000,0.1492,0.381,0.022
2014,128896,orientation_cued_D12,0.00024,1.0000,0.0219,0.208,0.020
2015,128960,orientation_cued_D12,0.00011,1.0000,0.0033,0.226,0.015
2016,129024,orientation_cued_D12,0.00015,1.0000,0.0164,0.225,0.014
2017,129088,orientation_cued_D4,0.00008,1.0000,0.0018,0.117,0.012
2018,129152,orientation_cued_D4,0.00008,1.0000,0.0020,0.125,0.007
2019,129216,orientation_cued_D4,0.00009,1.0000,0.0035,0.127,0.007
2020,129280,orientation_cued_D0,0.00008,1.0000,0.0025,0.067,0.008
2021,129344,orientation_cued_D0,0.00012,1.0000,0.0126,0.063,0.004
2022,129408,orientation_cued_D0,0.00010,1.0000,0.0038,0.069,0.005
2023,129472,orientation_cued_D24,0.00217,1.0000,1.8187,0.347,0.005
2024,129536,orientation_cued_D24,0.00046,1.0000,0.2254,0.364,0.021
2025,129600,orientation_cued_D24,0.00012,1.0000,0.0051,0.367,0.021
2026,129664,orientation_cued_D12,0.00014,1.0000,0.0113,0.204,0.020
2027,129728,orientation_cued_D12,0.00011,1.0000,0.0038,0.220,0.014
2028,129792,orientation_cued_D12,0.00008,1.0000,0.0024,0.226,0.015
2029,129856,orientation_cued_D4,0.00008,1.0000,0.0019,0.113,0.012
2030,129920,orientation_cued_D4,0.00008,1.0000,0.0021,0.119,0.007
2031,129984,orientation_cued_D4,0.00007,1.0000,0.0019,0.118,0.007
2032,130048,orientation_cued_D0,0.00014,1.0000,0.0097,0.068,0.007
2033,130112,orientation_cued_D0,0.00073,1.0000,0.1744,0.062,0.004
2034,130176,orientation_cued_D0,0.00014,1.0000,0.0161,0.070,0.005
2035,130240,orientation_cued_D24,0.00014,1.0000,0.0099,0.363,0.005
2036,130304,orientation_cued_D24,0.00014,1.0000,0.0076,0.353,0.021
2037,130368,orientation_cued_D24,0.00014,1.0000,0.0089,0.359,0.021
2038,130432,orientation_cued_D12,0.00009,1.0000,0.0022,0.213,0.019
2039,130496,orientation_cued_D12,0.00008,1.0000,0.0022,0.248,0.016
2040,130560,orientation_cued_D12,0.00017,1.0000,0.0100,0.216,0.013
2041,130624,orientation_cued_D4,0.00008,1.0000,0.0022,0.110,0.013
2042,130688,orientation_cued_D4,0.00008,1.0000,0.0019,0.132,0.007
2043,130752,orientation_cued_D4,0.00008,1.0000,0.0018,0.121,0.007
2044,130816,orientation_cued_D0,0.00009,1.0000,0.0039,0.075,0.007
2045,130880,orientation_cued_D0,0.00009,1.0000,0.0031,0.065,0.004
2046,130944,orientation_cued_D0,0.00007,1.0000,0.0018,0.067,0.005
2047,131008,orientation_cued_D24,0.00021,1.0000,0.0355,0.350,0.005
2048,131072,orientation_cued_D24,0.00010,1.0000,0.0034,0.355,0.021
2049,131136,orientation_cued_D24,0.00062,1.0000,0.3242,0.375,0.036
2050,131200,orientation_cued_D12,0.00008,1.0000,0.0020,0.201,0.021
2051,131264,orientation_cued_D12,0.00008,1.0000,0.0018,0.235,0.015
2052,131328,orientation_cued_D12,0.00009,1.0000,0.0025,0.214,0.013
2053,131392,orientation_cued_D4,0.00011,1.0000,0.0267,0.109,0.012
2054,131456,orientation_cued_D4,0.00008,1.0000,0.0020,0.124,0.007
2055,131520,orientation_cued_D4,0.00008,1.0000,0.0032,0.127,0.007
2056,131584,orientation_cued_D0,0.00013,1.0000,0.0327,0.066,0.008
2057,131648,orientation_cued_D0,0.00007,1.0000,0.0016,0.062,0.004
2058,131712,orientation_cued_D0,0.00007,1.0000,0.0016,0.068,0.005
2059,131776,orientation_cued_D24,0.00012,1.0000,0.0059,0.351,0.005
2060,131840,orientation_cued_D24,0.00055,1.0000,0.1709,0.355,0.021
2061,131904,orientation_cued_D24,0.00035,1.0000,0.0531,0.355,0.021
2062,131968,orientation_cued_D12,0.00009,1.0000,0.0036,0.203,0.020
2063,132032,orientation_cued_D12,0.00013,1.0000,0.0096,0.231,0.015
2064,132096,orientation_cued_D12,0.00007,1.0000,0.0018,0.242,0.013
2065,132160,orientation_cued_D4,0.00008,1.0000,0.0018,0.120,0.012
2066,132224,orientation_cued_D4,0.00008,1.0000,0.0025,0.125,0.007
2067,132288,orientation_cued_D4,0.00007,1.0000,0.0017,0.133,0.008
2068,132352,orientation_cued_D0,0.04407,0.9844,6.8246,0.071,0.007
2069,132416,orientation_cued_D0,0.00184,1.0000,1.2959,0.064,0.004
2070,132480,orientation_cued_D0,0.00008,1.0000,0.0026,0.071,0.005
2071,132544,orientation_cued_D24,0.00011,1.0000,0.0034,0.359,0.005
2072,132608,orientation_cued_D24,0.00009,1.0000,0.0036,0.354,0.021
2073,132672,orientation_cued_D24,0.00010,1.0000,0.0033,0.356,0.021
2074,132736,orientation_cued_D12,0.00008,1.0000,0.0020,0.204,0.020
2075,132800,orientation_cued_D12,0.00019,1.0000,0.0344,0.226,0.015
2076,132864,orientation_cued_D12,0.00009,1.0000,0.0023,0.220,0.013
2077,132928,orientation_cued_D4,0.00008,1.0000,0.0030,0.110,0.013
2078,132992,orientation_cued_D4,0.00009,1.0000,0.0034,0.124,0.007
2079,133056,orientation_cued_D4,0.00008,1.0000,0.0020,0.120,0.007
2080,133120,orientation_cued_D0,0.00010,1.0000,0.0047,0.070,0.007
2081,133184,orientation_cued_D0,0.00012,1.0000,0.0313,0.064,0.004
2082,133248,orientation_cued_D0,0.00009,1.0000,0.0030,0.070,0.006
2083,133312,orientation_cued_D24,0.00014,1.0000,0.0090,0.370,0.005
2084,133376,orientation_cued_D24,0.00014,1.0000,0.0082,0.355,0.021
2085,133440,orientation_cued_D24,0.00010,1.0000,0.0030,0.356,0.020
2086,133504,orientation_cued_D12,0.00009,1.0000,0.0029,0.206,0.019
2087,133568,orientation_cued_D12,0.00012,1.0000,0.0053,0.229,0.015
2088,133632,orientation_cued_D12,0.00008,1.0000,0.0018,0.215,0.013
2089,133696,orientation_cued_D4,0.00008,1.0000,0.0018,0.108,0.013
2090,133760,orientation_cued_D4,0.00026,1.0000,0.0938,0.124,0.007
2091,133824,orientation_cued_D4,0.00009,1.0000,0.0029,0.119,0.007
2092,133888,orientation_cued_D0,0.00012,1.0000,0.0084,0.071,0.007
2093,133952,orientation_cued_D0,0.00018,1.0000,0.0363,0.065,0.004
2094,134016,orientation_cued_D0,0.00009,1.0000,0.0038,0.073,0.005
2095,134080,orientation_cued_D24,0.00015,1.0000,0.0075,0.394,0.006
2096,134144,orientation_cued_D24,0.00018,1.0000,0.0104,0.352,0.021
2097,134208,orientation_cued_D24,0.00018,1.0000,0.0135,0.359,0.021
2098,134272,orientation_cued_D12,0.00010,1.0000,0.0038,0.203,0.020
2099,134336,orientation_cued_D12,0.00010,1.0000,0.0054,0.230,0.015
2100,134400,orientation_cued_D12,0.00008,1.0000,0.0019,0.217,0.013
2101,134464,orientation_cued_D4,0.00011,1.0000,0.0105,0.125,0.013
2102,134528,orientation_cued_D4,0.00014,1.0000,0.0149,0.124,0.007
2103,134592,orientation_cued_D4,0.00008,1.0000,0.0018,0.120,0.007
2104,134656,orientation_cued_D0,0.00008,1.0000,0.0022,0.078,0.007
2105,134720,orientation_cued_D0,0.01106,1.0000,6.2930,0.072,0.004
2106,134784,orientation_cued_D0,0.00029,1.0000,0.0704,0.066,0.005
2107,134848,orientation_cued_D24,0.00012,1.0000,0.0114,0.352,0.004
2108,134912,orientation_cued_D24,0.00010,1.0000,0.0031,0.351,0.022
2109,134976,orientation_cued_D24,0.00014,1.0000,0.0072,0.356,0.021
2110,135040,orientation_cued_D12,0.00014,1.0000,0.0366,0.205,0.020
2111,135104,orientation_cued_D12,0.00013,1.0000,0.0137,0.229,0.015
2112,135168,orientation_cued_D12,0.00010,1.0000,0.0034,0.216,0.013
2113,135232,orientation_cued_D4,0.00008,1.0000,0.0039,0.124,0.012
2114,135296,orientation_cued_D4,0.00009,1.0000,0.0044,0.124,0.007
2115,135360,orientation_cued_D4,0.00008,1.0000,0.0022,0.117,0.007
2116,135424,orientation_cued_D0,0.00011,1.0000,0.0083,0.074,0.007
2117,135488,orientation_cued_D0,0.00011,1.0000,0.0095,0.070,0.004
2118,135552,orientation_cued_D0,0.00024,1.0000,0.0522,0.084,0.009
2119,135616,orientation_cued_D24,0.00011,1.0000,0.0038,0.347,0.005
2120,135680,orientation_cued_D24,0.00020,1.0000,0.0205,0.370,0.036
2121,135744,orientation_cued_D24,0.00015,1.0000,0.0108,0.361,0.022
2122,135808,orientation_cued_D12,0.00009,1.0000,0.0029,0.206,0.020
2123,135872,orientation_cued_D12,0.00013,1.0000,0.0101,0.227,0.015
2124,135936,orientation_cued_D12,0.00008,1.0000,0.0045,0.213,0.012
2125,136000,orientation_cued_D4,0.00009,1.0000,0.0042,0.130,0.012
2126,136064,orientation_cued_D4,0.00008,1.0000,0.0018,0.121,0.007
2127,136128,orientation_cued_D4,0.00013,1.0000,0.0274,0.120,0.007
2128,136192,orientation_cued_D0,0.00007,1.0000,0.0034,0.069,0.007
2129,136256,orientation_cued_D0,0.00010,1.0000,0.0058,0.086,0.004
2130,136320,orientation_cued_D0,0.00007,1.0000,0.0017,0.076,0.005
2131,136384,orientation_cued_D24,0.00010,1.0000,0.0081,0.349,0.005
2132,136448,orientation_cued_D24,0.00024,1.0000,0.0454,0.363,0.021
2133,136512,orientation_cued_D24,0.00012,1.0000,0.0079,0.362,0.021
2134,136576,orientation_cued_D12,0.00008,1.0000,0.0019,0.202,0.020
2135,136640,orientation_cued_D12,0.00011,1.0000,0.0046,0.227,0.014
2136,136704,orientation_cued_D12,0.00009,1.0000,0.0023,0.219,0.021
2137,136768,orientation_cued_D4,0.00009,1.0000,0.0025,0.107,0.012
2138,136832,orientation_cued_D4,0.00494,1.0000,3.0250,0.121,0.007
2139,136896,orientation_cued_D4,0.00008,1.0000,0.0022,0.118,0.007
2140,136960,orientation_cued_D0,0.00008,1.0000,0.0028,0.069,0.007
2141,137024,orientation_cued_D0,0.00006,1.0000,0.0013,0.062,0.004
2142,137088,orientation_cued_D0,0.00063,1.0000,0.3229,0.071,0.005
2143,137152,orientation_cued_D24,0.00017,1.0000,0.0222,0.356,0.007
2144,137216,orientation_cued_D24,0.00010,1.0000,0.0056,0.348,0.021
2145,137280,orientation_cued_D24,0.00009,1.0000,0.0051,0.365,0.021
2146,137344,orientation_cued_D12,0.00006,1.0000,0.0015,0.221,0.021
2147,137408,orientation_cued_D12,0.00009,1.0000,0.0037,0.232,0.015
2148,137472,orientation_cued_D12,0.00007,1.0000,0.0018,0.213,0.013
2149,137536,orientation_cued_D4,0.00006,1.0000,0.0014,0.108,0.013
2150,137600,orientation_cued_D4,0.00009,1.0000,0.0038,0.129,0.007
2151,137664,orientation_cued_D4,0.00011,1.0000,0.0105,0.119,0.007
2152,137728,orientation_cued_D0,0.00008,1.0000,0.0036,0.069,0.007
2153,137792,orientation_cued_D0,0.00008,1.0000,0.0046,0.063,0.004
2154,137856,orientation_cued_D0,0.00037,1.0000,0.1125,0.074,0.006
2155,137920,orientation_cued_D24,0.00010,1.0000,0.0071,0.356,0.005
2156,137984,orientation_cued_D24,0.00010,1.0000,0.0070,0.356,0.021
2157,138048,orientation_cued_D24,0.00008,1.0000,0.0024,0.357,0.020
2158,138112,orientation_cued_D12,0.00009,1.0000,0.0034,0.202,0.020
2159,138176,orientation_cued_D12,0.00008,1.0000,0.0043,0.245,0.014
2160,138240,orientation_cued_D12,0.00011,1.0000,0.0111,0.221,0.012
2161,138304,orientation_cued_D4,0.00008,1.0000,0.0032,0.111,0.012
2162,138368,orientation_cued_D4,0.00017,1.0000,0.0626,0.146,0.007
2163,138432,orientation_cued_D4,0.00007,1.0000,0.0019,0.117,0.009
2164,138496,orientation_cued_D0,0.00007,1.0000,0.0022,0.069,0.007
2165,138560,orientation_cued_D0,0.00008,1.0000,0.0086,0.066,0.004
2166,138624,orientation_cued_D0,0.00028,1.0000,0.1037,0.068,0.005
2167,138688,orientation_cued_D24,0.00014,1.0000,0.0194,0.364,0.005
2168,138752,orientation_cued_D24,0.00049,1.0000,0.2521,0.354,0.021
2169,138816,orientation_cued_D24,0.02388,0.9844,6.4942,0.360,0.021
2170,138880,orientation_cued_D12,0.00014,1.0000,0.0122,0.204,0.021
2171,138944,orientation_cued_D12,0.00012,1.0000,0.0104,0.244,0.015
2172,139008,orientation_cued_D12,0.00008,1.0000,0.0019,0.232,0.013
2173,139072,orientation_cued_D4,0.00006,1.0000,0.0014,0.135,0.013
2174,139136,orientation_cued_D4,0.00006,1.0000,0.0013,0.133,0.007
2175,139200,orientation_cued_D4,0.00007,1.0000,0.0018,0.121,0.008
2176,139264,orientation_cued_D0,0.00007,1.0000,0.0024,0.075,0.007
2177,139328,orientation_cued_D0,0.01451,0.9844,10.3052,0.064,0.004
2178,139392,orientation_cued_D0,0.00006,1.0000,0.0014,0.070,0.005
2179,139456,orientation_cued_D24,0.00044,1.0000,0.0790,0.355,0.005
2180,139520,orientation_cued_D24,0.00071,1.0000,0.1675,0.365,0.021
2181,139584,orientation_cued_D24,0.12781,0.9531,21.7031,0.359,0.021
2182,139648,orientation_cued_D12,0.00013,1.0000,0.0133,0.204,0.019
2183,139712,orientation_cued_D12,0.00010,1.0000,0.0038,0.229,0.015
2184,139776,orientation_cued_D12,0.00033,1.0000,0.0572,0.220,0.013
2185,139840,orientation_cued_D4,0.00042,1.0000,0.1546,0.124,0.012
2186,139904,orientation_cued_D4,0.00021,1.0000,0.0355,0.125,0.006
2187,139968,orientation_cued_D4,0.00009,1.0000,0.0032,0.118,0.007
2188,140032,orientation_cued_D0,0.00027,1.0000,0.0362,0.074,0.007
2189,140096,orientation_cued_D0,0.00009,1.0000,0.0023,0.062,0.004
2190,140160,orientation_cued_D0,0.00068,1.0000,0.1521,0.066,0.006
2191,140224,orientation_cued_D24,0.00160,1.0000,0.8398,0.355,0.005
2192,140288,orientation_cued_D24,0.05029,0.9844,8.1513,0.349,0.020
2193,140352,orientation_cued_D24,0.01549,1.0000,5.0521,0.352,0.020
2194,140416,orientation_cued_D12,0.08233,0.9844,6.0424,0.203,0.020
2195,140480,orientation_cued_D12,0.05549,0.9844,4.7153,0.228,0.014
2196,140544,orientation_cued_D12,0.06992,0.9844,6.1587,0.213,0.013
2197,140608,orientation_cued_D4,0.00025,1.0000,0.0137,0.121,0.012
2198,140672,orientation_cued_D4,0.00056,1.0000,0.1274,0.126,0.006
2199,140736,orientation_cued_D4,0.00069,1.0000,0.0542,0.137,0.012
2200,140800,orientation_cued_D0,0.00056,1.0000,0.0448,0.072,0.008
2201,140864,orientation_cued_D0,0.01026,1.0000,1.0163,0.055,0.004
2202,140928,orientation_cued_D0,0.00630,1.0000,0.9484,0.061,0.003
2203,140992,orientation_cued_D24,0.00353,1.0000,0.2627,0.331,0.004
2204,141056,orientation_cued_D24,0.01060,1.0000,1.1455,0.352,0.020
2205,141120,orientation_cued_D24,0.00815,1.0000,0.6505,0.354,0.020
2206,141184,orientation_cued_D12,0.00335,1.0000,0.3133,0.201,0.019
2207,141248,orientation_cued_D12,0.00435,1.0000,0.3156,0.218,0.016
2208,141312,orientation_cued_D12,0.00418,1.0000,0.3405,0.206,0.012
2209,141376,orientation_cued_D4,0.00116,1.0000,0.0665,0.116,0.011
2210,141440,orientation_cued_D4,0.00086,1.0000,0.0495,0.127,0.008
2211,141504,orientation_cued_D4,0.00164,1.0000,0.1187,0.110,0.007
2212,141568,orientation_cued_D0,0.00085,1.0000,0.0655,0.068,0.008
2213,141632,orientation_cued_D0,0.00234,1.0000,0.2290,0.059,0.004
2214,141696,orientation_cued_D0,0.00068,1.0000,0.0363,0.058,0.005
2215,141760,orientation_cued_D24,0.00167,1.0000,0.1243,0.332,0.004
2216,141824,orientation_cued_D24,0.00179,1.0000,0.1211,0.356,0.021
2217,141888,orientation_cued_D24,0.00198,1.0000,0.2051,0.349,0.020
2218,141952,orientation_cued_D12,0.00302,1.0000,0.4593,0.219,0.019
2219,142016,orientation_cued_D12,0.00049,1.0000,0.0318,0.205,0.014
2220,142080,orientation_cued_D12,0.00057,1.0000,0.0283,0.215,0.012
2221,142144,orientation_cued_D4,0.00088,1.0000,0.1043,0.106,0.011
2222,142208,orientation_cued_D4,0.00102,1.0000,0.1557,0.116,0.006
2223,142272,orientation_cued_D4,0.00187,1.0000,0.3041,0.118,0.007
2224,142336,orientation_cued_D0,0.00098,1.0000,0.2153,0.060,0.008
2225,142400,orientation_cued_D0,0.00036,1.0000,0.0207,0.057,0.004
2226,142464,orientation_cued_D0,0.00044,1.0000,0.0445,0.060,0.005
2227,142528,orientation_cued_D24,0.00129,1.0000,0.1977,0.331,0.004
2228,142592,orientation_cued_D24,0.00097,1.0000,0.0827,0.359,0.020
2229,142656,orientation_cued_D24,0.00137,1.0000,0.1547,0.348,0.020
2230,142720,orientation_cued_D12,0.00037,1.0000,0.0178,0.207,0.019
2231,142784,orientation_cued_D12,0.00045,1.0000,0.0321,0.212,0.015
2232,142848,orientation_cued_D12,0.00046,1.0000,0.0572,0.205,0.012
2233,142912,orientation_cued_D4,0.00093,1.0000,0.1840,0.118,0.012
2234,142976,orientation_cued_D4,0.00924,1.0000,3.9581,0.118,0.007
2235,143040,orientation_cued_D4,0.00020,1.0000,0.0089,0.114,0.007
2236,143104,orientation_cued_D0,0.00044,1.0000,0.0829,0.070,0.009
2237,143168,orientation_cued_D0,0.00042,1.0000,0.0846,0.061,0.004
2238,143232,orientation_cued_D0,0.00022,1.0000,0.0217,0.085,0.008
2239,143296,orientation_cued_D24,0.00172,1.0000,0.3691,0.359,0.006
2240,143360,orientation_cued_D24,0.00050,1.0000,0.0310,0.353,0.020
2241,143424,orientation_cued_D24,0.00043,1.0000,0.0351,0.368,0.036
2242,143488,orientation_cued_D12,0.00020,1.0000,0.0106,0.207,0.020
2243,143552,orientation_cued_D12,0.00031,1.0000,0.0287,0.228,0.015
2244,143616,orientation_cued_D12,0.00033,1.0000,0.0206,0.215,0.013
2245,143680,orientation_cued_D4,0.00082,1.0000,0.2341,0.122,0.012
2246,143744,orientation_cued_D4,0.00012,1.0000,0.0038,0.129,0.007
2247,143808,orientation_cued_D4,0.00016,1.0000,0.0061,0.121,0.007
2248,143872,orientation_cued_D0,0.00018,1.0000,0.0126,0.069,0.007
2249,143936,orientation_cued_D0,0.00017,1.0000,0.0082,0.065,0.004
2250,144000,orientation_cued_D0,0.00017,1.0000,0.0071,0.070,0.005
2251,144064,orientation_cued_D24,0.00081,1.0000,0.1491,0.354,0.004
2252,144128,orientation_cued_D24,0.00021,1.0000,0.0115,0.357,0.021
2253,144192,orientation_cued_D24,0.00029,1.0000,0.0225,0.358,0.021
2254,144256,orientation_cued_D12,0.00024,1.0000,0.0159,0.207,0.020
2255,144320,orientation_cued_D12,0.00017,1.0000,0.0058,0.228,0.015
2256,144384,orientation_cued_D12,0.00017,1.0000,0.0056,0.256,0.022
2257,144448,orientation_cued_D4,0.00018,1.0000,0.0069,0.110,0.012
2258,144512,orientation_cued_D4,0.00013,1.0000,0.0042,0.123,0.007
2259,144576,orientation_cued_D4,0.00014,1.0000,0.0073,0.124,0.012
2260,144640,orientation_cued_D0,0.00017,1.0000,0.0127,0.067,0.007
2261,144704,orientation_cued_D0,0.00151,1.0000,0.6727,0.062,0.004
2262,144768,orientation_cued_D0,0.00011,1.0000,0.0026,0.071,0.005
2263,144832,orientation_cued_D24,0.00115,1.0000,0.1974,0.389,0.007
2264,144896,orientation_cued_D24,0.00017,1.0000,0.0061,0.367,0.022
2265,144960,orientation_cued_D24,0.00016,1.0000,0.0055,0.367,0.021
2266,145024,orientation_cued_D12,0.00023,1.0000,0.0151,0.207,0.020
2267,145088,orientation_cued_D12,0.00012,1.0000,0.0041,0.219,0.015
2268,145152,orientation_cued_D12,0.00021,1.0000,0.0145,0.221,0.015
2269,145216,orientation_cued_D4,0.00015,1.0000,0.0056,0.112,0.012
2270,145280,orientation_cued_D4,0.00012,1.0000,0.0042,0.128,0.007
2271,145344,orientation_cued_D4,0.00017,1.0000,0.0083,0.119,0.007
2272,145408,orientation_cued_D0,0.00011,1.0000,0.0057,0.069,0.007
2273,145472,orientation_cued_D0,0.00011,1.0000,0.0036,0.063,0.004
2274,145536,orientation_cued_D0,0.00025,1.0000,0.0461,0.071,0.005
2275,145600,orientation_cued_D24,0.00026,1.0000,0.0138,0.353,0.005
2276,145664,orientation_cued_D24,0.00020,1.0000,0.0142,0.355,0.021
2277,145728,orientation_cued_D24,0.00026,1.0000,0.0167,0.360,0.022
2278,145792,orientation_cued_D12,0.00027,1.0000,0.0185,0.203,0.020
2279,145856,orientation_cued_D12,0.00019,1.0000,0.0157,0.225,0.015
2280,145920,orientation_cued_D12,0.00011,1.0000,0.0036,0.214,0.013
2281,145984,orientation_cued_D4,0.00009,1.0000,0.0025,0.114,0.012
2282,146048,orientation_cued_D4,0.00009,1.0000,0.0023,0.125,0.009
2283,146112,orientation_cued_D4,0.00015,1.0000,0.0192,0.121,0.007
2284,146176,orientation_cued_D0,0.00014,1.0000,0.0127,0.076,0.007
2285,146240,orientation_cued_D0,0.00014,1.0000,0.0160,0.064,0.004
2286,146304,orientation_cued_D0,0.00010,1.0000,0.0042,0.068,0.005
2287,146368,orientation_cued_D24,0.00018,1.0000,0.0077,0.358,0.004
2288,146432,orientation_cued_D24,0.00015,1.0000,0.0105,0.354,0.021
2289,146496,orientation_cued_D24,0.00019,1.0000,0.0149,0.383,0.021
2290,146560,orientation_cued_D12,0.00013,1.0000,0.0043,0.213,0.022
2291,146624,orientation_cued_D12,0.00015,1.0000,0.0078,0.229,0.015
2292,146688,orientation_cued_D12,0.00011,1.0000,0.0060,0.214,0.012
2293,146752,orientation_cued_D4,0.00014,1.0000,0.0097,0.125,0.012
2294,146816,orientation_cued_D4,0.00009,1.0000,0.0023,0.132,0.007
2295,146880,orientation_cued_D4,0.00008,1.0000,0.0020,0.120,0.008
2296,146944,orientation_cued_D0,0.00008,1.0000,0.0020,0.069,0.007
2297,147008,orientation_cued_D0,0.00017,1.0000,0.0122,0.063,0.004
2298,147072,orientation_cued_D0,0.00008,1.0000,0.0019,0.069,0.006
2299,147136,orientation_cued_D24,0.00012,1.0000,0.0035,0.355,0.005
2300,147200,orientation_cued_D24,0.00013,1.0000,0.0066,0.361,0.021
2301,147264,orientation_cued_D24,0.00020,1.0000,0.0142,0.365,0.022
2302,147328,orientation_cued_D12,0.00011,1.0000,0.0045,0.204,0.020
2303,147392,orientation_cued_D12,0.00009,1.0000,0.0024,0.218,0.014
2304,147456,orientation_cued_D12,0.00013,1.0000,0.0120,0.226,0.015
2305,147520,orientation_cued_D4,0.00011,1.0000,0.0094,0.111,0.013
2306,147584,orientation_cued_D4,0.00008,1.0000,0.0022,0.130,0.007
2307,147648,orientation_cued_D4,0.00010,1.0000,0.0032,0.129,0.012
2308,147712,orientation_cued_D0,0.00020,1.0000,0.0671,0.065,0.009
2309,147776,orientation_cued_D0,0.00009,1.0000,0.0079,0.060,0.004
2310,147840,orientation_cued_D0,0.00016,1.0000,0.0207,0.067,0.004
2311,147904,orientation_cued_D24,0.00011,1.0000,0.0046,0.365,0.004
2312,147968,orientation_cued_D24,0.00269,1.0000,0.8483,0.356,0.021
2313,148032,orientation_cued_D24,0.00016,1.0000,0.0126,0.357,0.021
2314,148096,orientation_cued_D12,0.00010,1.0000,0.0053,0.215,0.020
2315,148160,orientation_cued_D12,0.00008,1.0000,0.0019,0.249,0.016
2316,148224,orientation_cued_D12,0.00010,1.0000,0.0061,0.246,0.015
2317,148288,orientation_cued_D4,0.00013,1.0000,0.0074,0.110,0.013
2318,148352,orientation_cued_D4,0.00008,1.0000,0.0022,0.123,0.007
2319,148416,orientation_cued_D4,0.00010,1.0000,0.0062,0.125,0.007
2320,148480,orientation_cued_D0,0.00010,1.0000,0.0100,0.070,0.007
2321,148544,orientation_cued_D0,0.00006,1.0000,0.0014,0.063,0.004
2322,148608,orientation_cued_D0,0.00007,1.0000,0.0022,0.070,0.005
2323,148672,orientation_cued_D24,0.00010,1.0000,0.0037,0.359,0.005
2324,148736,orientation_cued_D24,0.00012,1.0000,0.0082,0.354,0.021
2325,148800,orientation_cued_D24,0.00010,1.0000,0.0037,0.359,0.021
2326,148864,orientation_cued_D12,0.00007,1.0000,0.0018,0.205,0.020
2327,148928,orientation_cued_D12,0.00015,1.0000,0.0104,0.223,0.015
2328,148992,orientation_cued_D12,0.00008,1.0000,0.0033,0.237,0.013
2329,149056,orientation_cued_D4,0.00012,1.0000,0.0181,0.114,0.012
2330,149120,orientation_cued_D4,0.00010,1.0000,0.0050,0.132,0.012
2331,149184,orientation_cued_D4,0.00008,1.0000,0.0049,0.119,0.007
2332,149248,orientation_cued_D0,0.00016,1.0000,0.0399,0.068,0.007
2333,149312,orientation_cued_D0,0.00007,1.0000,0.0015,0.062,0.004
2334,149376,orientation_cued_D0,0.00006,1.0000,0.0014,0.070,0.005
2335,149440,orientation_cued_D24,0.00072,1.0000,0.3765,0.359,0.005
2336,149504,orientation_cued_D24,0.00006,1.0000,0.0016,0.354,0.021
2337,149568,orientation_cued_D24,0.00007,1.0000,0.0018,0.357,0.021
2338,149632,orientation_cued_D12,0.00008,1.0000,0.0024,0.214,0.019
2339,149696,orientation_cued_D12,0.00009,1.0000,0.0034,0.255,0.015
2340,149760,orientation_cued_D12,0.00008,1.0000,0.0026,0.218,0.013
2341,149824,orientation_cued_D4,0.00007,1.0000,0.0018,0.119,0.013
2342,149888,orientation_cued_D4,0.00009,1.0000,0.0061,0.134,0.007
2343,149952,orientation_cued_D4,0.00006,1.0000,0.0012,0.125,0.007
2344,150016,orientation_cued_D0,0.00007,1.0000,0.0027,0.070,0.008
2345,150080,orientation_cued_D0,0.00015,1.0000,0.0455,0.065,0.004
2346,150144,orientation_cued_D0,0.00007,1.0000,0.0072,0.069,0.004
2347,150208,orientation_cued_D24,0.00008,1.0000,0.0022,0.358,0.005
2348,150272,orientation_cued_D24,0.00008,1.0000,0.0041,0.358,0.021
2349,150336,orientation_cued_D24,0.00015,1.0000,0.0184,0.357,0.021
2350,150400,orientation_cued_D12,0.00008,1.0000,0.0038,0.202,0.020
2351,150464,orientation_cued_D12,0.00007,1.0000,0.0020,0.223,0.015
2352,150528,orientation_cued_D12,0.00007,1.0000,0.0018,0.214,0.013
2353,150592,orientation_cued_D4,0.00006,1.0000,0.0014,0.119,0.022
2354,150656,orientation_cued_D4,0.00006,1.0000,0.0013,0.124,0.007
2355,150720,orientation_cued_D4,0.00007,1.0000,0.0025,0.118,0.007
2356,150784,orientation_cued_D0,0.00005,1.0000,0.0010,0.065,0.008
2357,150848,orientation_cued_D0,0.00012,1.0000,0.0361,0.063,0.004
2358,150912,orientation_cued_D0,0.00034,1.0000,0.1369,0.068,0.005
2359,150976,orientation_cued_D24,0.00008,1.0000,0.0020,0.354,0.005
2360,151040,orientation_cued_D24,0.00011,1.0000,0.0074,0.351,0.023
2361,151104,orientation_cued_D24,0.00065,1.0000,0.2931,0.356,0.021
2362,151168,orientation_cued_D12,0.00006,1.0000,0.0013,0.202,0.020
2363,151232,orientation_cued_D12,0.00006,1.0000,0.0012,0.227,0.016
2364,151296,orientation_cued_D12,0.00006,1.0000,0.0015,0.213,0.014
2365,151360,orientation_cued_D4,0.00007,1.0000,0.0051,0.109,0.020
2366,151424,orientation_cued_D4,0.00006,1.0000,0.0012,0.122,0.007
2367,151488,orientation_cued_D4,0.00005,1.0000,0.0011,0.118,0.007
2368,151552,orientation_cued_D0,0.00006,1.0000,0.0029,0.065,0.007
2369,151616,orientation_cued_D0,0.00006,1.0000,0.0038,0.061,0.004
2370,151680,orientation_cued_D0,0.00005,1.0000,0.0010,0.105,0.004
2371,151744,orientation_cued_D24,0.00006,1.0000,0.0015,0.365,0.004
2372,151808,orientation_cued_D24,0.00011,1.0000,0.0190,0.352,0.021
2373,151872,orientation_cued_D24,0.00022,1.0000,0.0596,0.387,0.021
2374,151936,orientation_cued_D12,0.00006,1.0000,0.0013,0.206,0.020
2375,152000,orientation_cued_D12,0.00008,1.0000,0.0065,0.216,0.014
2376,152064,orientation_cued_D12,0.00006,1.0000,0.0016,0.210,0.013
2377,152128,orientation_cued_D4,0.00007,1.0000,0.0035,0.110,0.012
2378,152192,orientation_cued_D4,0.00005,1.0000,0.0011,0.122,0.007
2379,152256,orientation_cued_D4,0.00006,1.0000,0.0015,0.118,0.007
2380,152320,orientation_cued_D0,0.00006,1.0000,0.0040,0.068,0.007
2381,152384,orientation_cued_D0,0.00005,1.0000,0.0010,0.061,0.004
2382,152448,orientation_cued_D0,0.00006,1.0000,0.0015,0.070,0.005
2383,152512,orientation_cued_D24,0.00008,1.0000,0.0062,0.351,0.005
2384,152576,orientation_cued_D24,0.00006,1.0000,0.0015,0.352,0.021
2385,152640,orientation_cued_D24,0.00008,1.0000,0.0062,0.359,0.021
2386,152704,orientation_cued_D12,0.00006,1.0000,0.0014,0.206,0.020
2387,152768,orientation_cued_D12,0.00006,1.0000,0.0017,0.219,0.015
2388,152832,orientation_cued_D12,0.00008,1.0000,0.0045,0.224,0.013
2389,152896,orientation_cued_D4,0.00005,1.0000,0.0012,0.145,0.012
2390,152960,orientation_cued_D4,0.00006,1.0000,0.0015,0.139,0.007
2391,153024,orientation_cued_D4,0.00005,1.0000,0.0010,0.120,0.008
2392,153088,orientation_cued_D0,0.00008,1.0000,0.0115,0.077,0.006
2393,153152,orientation_cued_D0,0.00005,1.0000,0.0013,0.061,0.004
2394,153216,orientation_cued_D0,0.00005,1.0000,0.0021,0.065,0.005
2395,153280,orientation_cued_D24,0.00085,1.0000,0.3258,0.356,0.005
2396,153344,orientation_cued_D24,0.00007,1.0000,0.0033,0.360,0.020
2397,153408,orientation_cued_D24,0.00010,1.0000,0.0048,0.367,0.022
2398,153472,orientation_cued_D12,0.00005,1.0000,0.0011,0.205,0.020
2399,153536,orientation_cued_D12,0.00006,1.0000,0.0013,0.215,0.014
2400,153600,orientation_cued_D12,0.00007,1.0000,0.0048,0.203,0.013
2401,153664,orientation_cued_D4,0.00006,1.0000,0.0017,0.111,0.011
2402,153728,orientation_cued_D4,0.00006,1.0000,0.0012,0.133,0.007
2403,153792,orientation_cued_D4,0.00005,1.0000,0.0012,0.123,0.007
2404,153856,orientation_cued_D0,0.00007,1.0000,0.0063,0.074,0.007
2405,153920,orientation_cued_D0,0.00005,1.0000,0.0012,0.067,0.004
2406,153984,orientation_cued_D0,0.00006,1.0000,0.0041,0.072,0.005
2407,154048,orientation_cued_D24,0.00006,1.0000,0.0018,0.366,0.004
2408,154112,orientation_cued_D24,0.00008,1.0000,0.0072,0.350,0.021
2409,154176,orientation_cued_D24,0.00033,1.0000,0.1049,0.355,0.022
2410,154240,orientation_cued_D12,0.00007,1.0000,0.0037,0.204,0.019
2411,154304,orientation_cued_D12,0.00007,1.0000,0.0034,0.213,0.015
2412,154368,orientation_cued_D12,0.00005,1.0000,0.0011,0.216,0.014
2413,154432,orientation_cued_D4,0.00005,1.0000,0.0011,0.112,0.012
2414,154496,orientation_cued_D4,0.00005,1.0000,0.0011,0.122,0.007
2415,154560,orientation_cued_D4,0.00006,1.0000,0.0016,0.134,0.012
2416,154624,orientation_cued_D0,0.00005,1.0000,0.0026,0.067,0.008
2417,154688,orientation_cued_D0,0.00004,1.0000,0.0009,0.061,0.004
2418,154752,orientation_cued_D0,0.00005,1.0000,0.0023,0.069,0.005
2419,154816,orientation_cued_D24,0.00007,1.0000,0.0017,0.350,0.005
2420,154880,orientation_cued_D24,0.00006,1.0000,0.0015,0.352,0.022
2421,154944,orientation_cued_D24,0.00006,1.0000,0.0013,0.359,0.021
2422,155008,orientation_cued_D12,0.00005,1.0000,0.0013,0.209,0.020
2423,155072,orientation_cued_D12,0.00006,1.0000,0.0023,0.235,0.014
2424,155136,orientation_cued_D12,0.00006,1.0000,0.0015,0.216,0.013
2425,155200,orientation_cued_D4,0.00005,1.0000,0.0010,0.111,0.013
2426,155264,orientation_cued_D4,0.00004,1.0000,0.0008,0.118,0.007
2427,155328,orientation_cued_D4,0.00005,1.0000,0.0014,0.119,0.007
2428,155392,orientation_cued_D0,0.00007,1.0000,0.0096,0.069,0.007
2429,155456,orientation_cued_D0,0.00005,1.0000,0.0016,0.063,0.004
2430,155520,orientation_cued_D0,0.00004,1.0000,0.0009,0.073,0.006
2431,155584,orientation_cued_D24,0.00006,1.0000,0.0030,0.353,0.006
2432,155648,orientation_cued_D24,0.00012,1.0000,0.0103,0.367,0.022
2433,155712,orientation_cued_D24,0.00006,1.0000,0.0015,0.370,0.022
2434,155776,orientation_cued_D12,0.00005,1.0000,0.0014,0.204,0.020
2435,155840,orientation_cued_D12,0.00005,1.0000,0.0010,0.228,0.015
2436,155904,orientation_cued_D12,0.00005,1.0000,0.0012,0.207,0.012
2437,155968,orientation_cued_D4,0.00005,1.0000,0.0013,0.111,0.012
2438,156032,orientation_cued_D4,0.00005,1.0000,0.0011,0.129,0.008
2439,156096,orientation_cued_D4,0.00005,1.0000,0.0014,0.118,0.007
2440,156160,orientation_cued_D0,0.00004,1.0000,0.0008,0.068,0.007
2441,156224,orientation_cued_D0,0.00005,1.0000,0.0018,0.065,0.004
2442,156288,orientation_cued_D0,0.00004,1.0000,0.0008,0.069,0.005
2443,156352,orientation_cued_D24,0.00006,1.0000,0.0015,0.357,0.004
2444,156416,orientation_cued_D24,0.00008,1.0000,0.0042,0.355,0.021
2445,156480,orientation_cued_D24,0.00006,1.0000,0.0057,0.359,0.021
2446,156544,orientation_cued_D12,0.00005,1.0000,0.0012,0.205,0.020
2447,156608,orientation_cued_D12,0.00005,1.0000,0.0011,0.224,0.015
2448,156672,orientation_cued_D12,0.00005,1.0000,0.0014,0.216,0.014
2449,156736,orientation_cued_D4,0.00005,1.0000,0.0025,0.109,0.013
2450,156800,orientation_cued_D4,0.00008,1.0000,0.0101,0.122,0.007
2451,156864,orientation_cued_D4,0.00005,1.0000,0.0011,0.118,0.007
2452,156928,orientation_cued_D0,0.00004,1.0000,0.0009,0.068,0.007
2453,156992,orientation_cued_D0,0.00004,1.0000,0.0008,0.063,0.004
2454,157056,orientation_cued_D0,0.00005,1.0000,0.0047,0.069,0.005
2455,157120,orientation_cued_D24,0.00007,1.0000,0.0057,0.360,0.006
2456,157184,orientation_cued_D24,0.00008,1.0000,0.0059,0.352,0.021
2457,157248,orientation_cued_D24,0.00008,1.0000,0.0071,0.378,0.021
2458,157312,orientation_cued_D12,0.00005,1.0000,0.0012,0.244,0.022
2459,157376,orientation_cued_D12,0.00005,1.0000,0.0011,0.219,0.014
2460,157440,orientation_cued_D12,0.00005,1.0000,0.0011,0.212,0.013
2461,157504,orientation_cued_D4,0.00005,1.0000,0.0010,0.126,0.013
2462,157568,orientation_cued_D4,0.00005,1.0000,0.0022,0.123,0.008
2463,157632,orientation_cued_D4,0.00005,1.0000,0.0011,0.121,0.008
2464,157696,orientation_cued_D0,0.00004,1.0000,0.0011,0.069,0.007
2465,157760,orientation_cued_D0,0.00013,1.0000,0.0404,0.063,0.004
2466,157824,orientation_cued_D0,0.00004,1.0000,0.0013,0.069,0.005
2467,157888,orientation_cued_D24,0.00006,1.0000,0.0022,0.357,0.005
2468,157952,orientation_cued_D24,0.00006,1.0000,0.0020,0.358,0.021
2469,158016,orientation_cued_D24,0.00007,1.0000,0.0042,0.358,0.021
2470,158080,orientation_cued_D12,0.00005,1.0000,0.0010,0.211,0.020
2471,158144,orientation_cued_D12,0.00005,1.0000,0.0010,0.231,0.015
2472,158208,orientation_cued_D12,0.00005,1.0000,0.0012,0.222,0.013
2473,158272,orientation_cued_D4,0.00004,1.0000,0.0009,0.110,0.013
2474,158336,orientation_cued_D4,0.00004,1.0000,0.0009,0.130,0.007
2475,158400,orientation_cued_D4,0.00005,1.0000,0.0015,0.117,0.007
2476,158464,orientation_cued_D0,0.00004,1.0000,0.0008,0.068,0.007
2477,158528,orientation_cued_D0,0.00004,1.0000,0.0015,0.067,0.004
2478,158592,orientation_cued_D0,0.00102,1.0000,0.6104,0.068,0.005
2479,158656,orientation_cued_D24,0.00010,1.0000,0.0181,0.355,0.005
2480,158720,orientation_cued_D24,0.00006,1.0000,0.0017,0.354,0.021
2481,158784,orientation_cued_D24,0.00006,1.0000,0.0016,0.357,0.021
2482,158848,orientation_cued_D12,0.00006,1.0000,0.0025,0.207,0.020
2483,158912,orientation_cued_D12,0.00005,1.0000,0.0014,0.239,0.015
2484,158976,orientation_cued_D12,0.00005,1.0000,0.0011,0.272,0.013
2485,159040,orientation_cued_D4,0.00004,1.0000,0.0009,0.112,0.012
2486,159104,orientation_cued_D4,0.00004,1.0000,0.0009,0.138,0.007
2487,159168,orientation_cued_D4,0.00005,1.0000,0.0010,0.133,0.007
2488,159232,orientation_cued_D0,0.00004,1.0000,0.0008,0.073,0.009
2489,159296,orientation_cued_D0,0.00004,1.0000,0.0007,0.063,0.004
2490,159360,orientation_cued_D0,0.00004,1.0000,0.0008,0.069,0.005
2491,159424,orientation_cued_D24,0.00006,1.0000,0.0022,0.353,0.006
2492,159488,orientation_cued_D24,0.00004,1.0000,0.0009,0.368,0.021
2493,159552,orientation_cued_D24,0.00006,1.0000,0.0020,0.364,0.021
2494,159616,orientation_cued_D12,0.00005,1.0000,0.0016,0.210,0.020
2495,159680,orientation_cued_D12,0.00007,1.0000,0.0067,0.226,0.015
2496,159744,orientation_cued_D12,0.00005,1.0000,0.0013,0.219,0.013
2497,159808,orientation_cued_D4,0.00004,1.0000,0.0008,0.116,0.013
2498,159872,orientation_cued_D4,0.00004,1.0000,0.0015,0.124,0.007
2499,159936,orientation_cued_D4,0.00004,1.0000,0.0008,0.119,0.007
2500,160000,orientation_cued_D0,0.00005,1.0000,0.0045,0.069,0.008
2501,160064,orientation_cued_D0,0.00004,1.0000,0.0014,0.063,0.004
2502,160128,orientation_cued_D0,0.00004,1.0000,0.0008,0.069,0.005
2503,160192,orientation_cued_D24,0.00006,1.0000,0.0021,0.356,0.006
2504,160256,orientation_cued_D24,0.00005,1.0000,0.0013,0.360,0.021
2505,160320,orientation_cued_D24,0.00005,1.0000,0.0012,0.358,0.021
2506,160384,orientation_cued_D12,0.00005,1.0000,0.0020,0.205,0.020
2507,160448,orientation_cued_D12,0.00005,1.0000,0.0011,0.233,0.015
2508,160512,orientation_cued_D12,0.00004,1.0000,0.0009,0.216,0.013
2509,160576,orientation_cued_D4,0.00004,1.0000,0.0009,0.109,0.013
2510,160640,orientation_cued_D4,0.00004,1.0000,0.0009,0.131,0.007
2511,160704,orientation_cued_D4,0.00004,1.0000,0.0009,0.124,0.007
2512,160768,orientation_cued_D0,0.00004,1.0000,0.0008,0.079,0.008
2513,160832,orientation_cued_D0,0.00006,1.0000,0.0079,0.070,0.004
2514,160896,orientation_cued_D0,0.00005,1.0000,0.0053,0.074,0.006
2515,160960,orientation_cued_D24,0.00009,1.0000,0.0140,0.356,0.006
2516,161024,orientation_cued_D24,0.00024,1.0000,0.0533,0.352,0.021
2517,161088,orientation_cued_D24,0.00006,1.0000,0.0023,0.360,0.021
2518,161152,orientation_cued_D12,0.00005,1.0000,0.0013,0.201,0.020
2519,161216,orientation_cued_D12,0.00004,1.0000,0.0009,0.228,0.014
2520,161280,orientation_cued_D12,0.00004,1.0000,0.0009,0.213,0.013
2521,161344,orientation_cued_D4,0.00005,1.0000,0.0014,0.111,0.014
2522,161408,orientation_cued_D4,0.00004,1.0000,0.0009,0.123,0.007
2523,161472,orientation_cued_D4,0.00004,1.0000,0.0008,0.119,0.007
2524,161536,orientation_cued_D0,0.00006,1.0000,0.0113,0.071,0.007
2525,161600,orientation_cued_D0,0.00004,1.0000,0.0008,0.063,0.004
2526,161664,orientation_cued_D0,0.00004,1.0000,0.0017,0.069,0.005
2527,161728,orientation_cued_D24,0.00005,1.0000,0.0030,0.349,0.005
2528,161792,orientation_cued_D24,0.00004,1.0000,0.0011,0.356,0.022
2529,161856,orientation_cued_D24,0.00004,1.0000,0.0009,0.354,0.021
2530,161920,orientation_cued_D12,0.00006,1.0000,0.0048,0.202,0.020
2531,161984,orientation_cued_D12,0.00006,1.0000,0.0034,0.238,0.015
2532,162048,orientation_cued_D12,0.00005,1.0000,0.0009,0.215,0.012
2533,162112,orientation_cued_D4,0.00004,1.0000,0.0008,0.122,0.012
2534,162176,orientation_cued_D4,0.00004,1.0000,0.0009,0.123,0.007
2535,162240,orientation_cued_D4,0.00004,1.0000,0.0010,0.117,0.007
2536,162304,orientation_cued_D0,0.00004,1.0000,0.0008,0.074,0.010
2537,162368,orientation_cued_D0,0.00004,1.0000,0.0007,0.063,0.004
2538,162432,orientation_cued_D0,0.00005,1.0000,0.0034,0.075,0.005
2539,162496,orientation_cued_D24,0.00004,1.0000,0.0010,0.365,0.006
2540,162560,orientation_cued_D24,0.00004,1.0000,0.0009,0.361,0.023
2541,162624,orientation_cued_D24,0.00004,1.0000,0.0009,0.358,0.021
2542,162688,orientation_cued_D12,0.00005,1.0000,0.0024,0.203,0.019
2543,162752,orientation_cued_D12,0.00004,1.0000,0.0009,0.227,0.015
2544,162816,orientation_cued_D12,0.00004,1.0000,0.0009,0.228,0.013
2545,162880,orientation_cued_D4,0.00004,1.0000,0.0008,0.138,0.013
2546,162944,orientation_cued_D4,0.00004,1.0000,0.0009,0.126,0.008
2547,163008,orientation_cued_D4,0.00004,1.0000,0.0009,0.124,0.007
2548,163072,orientation_cued_D0,0.00004,1.0000,0.0010,0.074,0.009
2549,163136,orientation_cued_D0,0.00044,1.0000,0.2305,0.063,0.004
2550,163200,orientation_cued_D0,0.00004,1.0000,0.0007,0.068,0.005
2551,163264,orientation_cued_D24,0.00007,1.0000,0.0082,0.354,0.005
2552,163328,orientation_cued_D24,0.00005,1.0000,0.0018,0.355,0.020
2553,163392,orientation_cued_D24,0.00004,1.0000,0.0010,0.359,0.023
2554,163456,orientation_cued_D12,0.00004,1.0000,0.0007,0.223,0.020
2555,163520,orientation_cued_D12,0.00004,1.0000,0.0008,0.223,0.014
2556,163584,orientation_cued_D12,0.00004,1.0000,0.0008,0.214,0.013
2557,163648,orientation_cued_D4,0.00004,1.0000,0.0008,0.111,0.012
2558,163712,orientation_cued_D4,0.00004,1.0000,0.0008,0.123,0.007
2559,163776,orientation_cued_D4,0.00004,1.0000,0.0009,0.117,0.007
2560,163840,orientation_cued_D0,0.00004,1.0000,0.0007,0.068,0.007
2561,163904,orientation_cued_D0,0.00004,1.0000,0.0007,0.062,0.004
2562,163968,orientation_cued_D0,0.00004,1.0000,0.0007,0.070,0.005
2563,164032,orientation_cued_D24,0.00004,1.0000,0.0008,0.356,0.005
2564,164096,orientation_cued_D24,0.00004,1.0000,0.0009,0.355,0.021
2565,164160,orientation_cued_D24,0.00004,1.0000,0.0014,0.384,0.022
2566,164224,orientation_cued_D12,0.00004,1.0000,0.0008,0.203,0.021
2567,164288,orientation_cued_D12,0.00004,1.0000,0.0011,0.235,0.015
2568,164352,orientation_cued_D12,0.00005,1.0000,0.0020,0.220,0.012
2569,164416,orientation_cued_D4,0.00004,1.0000,0.0008,0.123,0.012
2570,164480,orientation_cued_D4,0.00004,1.0000,0.0008,0.133,0.007
2571,164544,orientation_cued_D4,0.00004,1.0000,0.0009,0.120,0.007
2572,164608,orientation_cued_D0,0.00004,1.0000,0.0018,0.067,0.008
2573,164672,orientation_cued_D0,0.00004,1.0000,0.0007,0.063,0.004
2574,164736,orientation_cued_D0,0.00004,1.0000,0.0007,0.069,0.005
2575,164800,orientation_cued_D24,0.00005,1.0000,0.0016,0.357,0.006
2576,164864,orientation_cued_D24,0.00004,1.0000,0.0010,0.363,0.021
2577,164928,orientation_cued_D24,0.00004,1.0000,0.0012,0.356,0.021
2578,164992,orientation_cued_D12,0.00004,1.0000,0.0007,0.202,0.020
2579,165056,orientation_cued_D12,0.00004,1.0000,0.0008,0.222,0.015
2580,165120,orientation_cued_D12,0.00004,1.0000,0.0008,0.216,0.013
2581,165184,orientation_cued_D4,0.00004,1.0000,0.0008,0.110,0.012
2582,165248,orientation_cued_D4,0.00004,1.0000,0.0008,0.123,0.007
2583,165312,orientation_cued_D4,0.00004,1.0000,0.0007,0.118,0.007
2584,165376,orientation_cued_D0,0.00004,1.0000,0.0007,0.068,0.007
2585,165440,orientation_cued_D0,0.00003,1.0000,0.0007,0.062,0.004
2586,165504,orientation_cued_D0,0.00004,1.0000,0.0010,0.069,0.006
2587,165568,orientation_cued_D24,0.00004,1.0000,0.0009,0.356,0.005
2588,165632,orientation_cued_D24,0.00005,1.0000,0.0034,0.353,0.021
2589,165696,orientation_cued_D24,0.00005,1.0000,0.0011,0.353,0.021
2590,165760,orientation_cued_D12,0.00004,1.0000,0.0008,0.221,0.020
2591,165824,orientation_cued_D12,0.00004,1.0000,0.0008,0.247,0.016
2592,165888,orientation_cued_D12,0.00004,1.0000,0.0008,0.222,0.014
2593,165952,orientation_cued_D4,0.00004,1.0000,0.0010,0.110,0.013
2594,166016,orientation_cued_D4,0.00004,1.0000,0.0008,0.120,0.007
2595,166080,orientation_cued_D4,0.00004,1.0000,0.0009,0.122,0.007
2596,166144,orientation_cued_D0,0.00004,1.0000,0.0007,0.069,0.008
2597,166208,orientation_cued_D0,0.00004,1.0000,0.0012,0.062,0.004
2598,166272,orientation_cued_D0,0.00004,1.0000,0.0007,0.071,0.005
2599,166336,orientation_cued_D24,0.00004,1.0000,0.0009,0.350,0.005
2600,166400,orientation_cued_D24,0.00004,1.0000,0.0011,0.355,0.021
2601,166464,orientation_cued_D24,0.00004,1.0000,0.0010,0.372,0.021
2602,166528,orientation_cued_D12,0.00004,1.0000,0.0009,0.207,0.020
2603,166592,orientation_cued_D12,0.00004,1.0000,0.0008,0.218,0.014
2604,166656,orientation_cued_D12,0.00004,1.0000,0.0008,0.211,0.013
2605,166720,orientation_cued_D4,0.00004,1.0000,0.0008,0.113,0.013
2606,166784,orientation_cued_D4,0.00004,1.0000,0.0008,0.121,0.007
2607,166848,orientation_cued_D4,0.00004,1.0000,0.0008,0.117,0.007
2608,166912,orientation_cued_D0,0.00003,1.0000,0.0007,0.068,0.007
2609,166976,orientation_cued_D0,0.00004,1.0000,0.0007,0.065,0.004
2610,167040,orientation_cued_D0,0.00004,1.0000,0.0007,0.069,0.005
2611,167104,orientation_cued_D24,0.00005,1.0000,0.0035,0.353,0.004
2612,167168,orientation_cued_D24,0.00005,1.0000,0.0024,0.350,0.021
2613,167232,orientation_cued_D24,0.00006,1.0000,0.0059,0.346,0.020
2614,167296,orientation_cued_D12,0.00004,1.0000,0.0018,0.196,0.019
2615,167360,orientation_cued_D12,0.00004,1.0000,0.0007,0.213,0.014
2616,167424,orientation_cued_D12,0.00004,1.0000,0.0008,0.202,0.012
2617,167488,orientation_cued_D4,0.00004,1.0000,0.0010,0.105,0.012
2618,167552,orientation_cued_D4,0.00004,1.0000,0.0008,0.117,0.006
2619,167616,orientation_cued_D4,0.00004,1.0000,0.0019,0.111,0.006
2620,167680,orientation_cued_D0,0.00004,1.0000,0.0007,0.064,0.007
2621,167744,orientation_cued_D0,0.00003,1.0000,0.0007,0.079,0.006
2622,167808,orientation_cued_D0,0.00004,1.0000,0.0007,0.074,0.007
2623,167872,orientation_cued_D24,0.00004,1.0000,0.0012,0.337,0.005
2624,167936,orientation_cued_D24,0.00004,1.0000,0.0009,0.425,0.036
2625,168000,orientation_cued_D24,0.00004,1.0000,0.0009,0.366,0.021
2626,168064,orientation_cued_D12,0.00004,1.0000,0.0008,0.219,0.021
2627,168128,orientation_cued_D12,0.00004,1.0000,0.0008,0.232,0.024
2628,168192,orientation_cued_D12,0.00004,1.0000,0.0008,0.209,0.012
2629,168256,orientation_cued_D4,0.00004,1.0000,0.0008,0.120,0.020
2630,168320,orientation_cued_D4,0.00005,1.0000,0.0032,0.137,0.007
2631,168384,orientation_cued_D4,0.00004,1.0000,0.0008,0.119,0.007
2632,168448,orientation_cued_D0,0.00003,1.0000,0.0007,0.075,0.012
2633,168512,orientation_cued_D0,0.00003,1.0000,0.0007,0.064,0.004
2634,168576,orientation_cued_D0,0.00003,1.0000,0.0007,0.065,0.005
2635,168640,orientation_cued_D24,0.00004,1.0000,0.0007,0.355,0.008
2636,168704,orientation_cued_D24,0.00004,1.0000,0.0012,0.351,0.021
2637,168768,orientation_cued_D24,0.00004,1.0000,0.0011,0.375,0.021
2638,168832,orientation_cued_D12,0.00005,1.0000,0.0015,0.202,0.019
2639,168896,orientation_cued_D12,0.00004,1.0000,0.0008,0.226,0.015
2640,168960,orientation_cued_D12,0.00004,1.0000,0.0011,0.215,0.014
2641,169024,orientation_cued_D4,0.00004,1.0000,0.0008,0.119,0.012
2642,169088,orientation_cued_D4,0.00004,1.0000,0.0008,0.123,0.007
2643,169152,orientation_cued_D4,0.00004,1.0000,0.0007,0.118,0.007
2644,169216,orientation_cued_D0,0.00003,1.0000,0.0007,0.069,0.007
2645,169280,orientation_cued_D0,0.00003,1.0000,0.0006,0.062,0.004
2646,169344,orientation_cued_D0,0.00004,1.0000,0.0020,0.069,0.006
2647,169408,orientation_cued_D24,0.00005,1.0000,0.0011,0.356,0.005
2648,169472,orientation_cued_D24,0.00005,1.0000,0.0033,0.354,0.021
2649,169536,orientation_cued_D24,0.00004,1.0000,0.0010,0.355,0.021
2650,169600,orientation_cued_D12,0.00004,1.0000,0.0009,0.205,0.021
2651,169664,orientation_cued_D12,0.00004,1.0000,0.0007,0.238,0.015
2652,169728,orientation_cued_D12,0.00004,1.0000,0.0007,0.232,0.013
2653,169792,orientation_cued_D4,0.00004,1.0000,0.0008,0.113,0.013
2654,169856,orientation_cued_D4,0.00004,1.0000,0.0008,0.124,0.007
2655,169920,orientation_cued_D4,0.00004,1.0000,0.0007,0.124,0.008
2656,169984,orientation_cued_D0,0.00003,1.0000,0.0007,0.069,0.007
2657,170048,orientation_cued_D0,0.00003,1.0000,0.0007,0.063,0.004
2658,170112,orientation_cued_D0,0.00003,1.0000,0.0007,0.070,0.005
2659,170176,orientation_cued_D24,0.00004,1.0000,0.0008,0.352,0.005
2660,170240,orientation_cued_D24,0.00004,1.0000,0.0011,0.352,0.021
2661,170304,orientation_cued_D24,0.00004,1.0000,0.0012,0.356,0.021
2662,170368,orientation_cued_D12,0.00004,1.0000,0.0015,0.205,0.021
2663,170432,orientation_cued_D12,0.00004,1.0000,0.0009,0.223,0.015
2664,170496,orientation_cued_D12,0.00004,1.0000,0.0007,0.222,0.013
2665,170560,orientation_cued_D4,0.00003,1.0000,0.0007,0.111,0.012
2666,170624,orientation_cued_D4,0.00004,1.0000,0.0007,0.124,0.007
2667,170688,orientation_cued_D4,0.00004,1.0000,0.0007,0.120,0.007
2668,170752,orientation_cued_D0,0.00003,1.0000,0.0008,0.068,0.008
2669,170816,orientation_cued_D0,0.00005,1.0000,0.0092,0.063,0.004
2670,170880,orientation_cued_D0,0.00003,1.0000,0.0007,0.069,0.005
2671,170944,orientation_cued_D24,0.00005,1.0000,0.0027,0.352,0.005
2672,171008,orientation_cued_D24,0.00004,1.0000,0.0007,0.353,0.021
2673,171072,orientation_cued_D24,0.00004,1.0000,0.0008,0.352,0.021
2674,171136,orientation_cued_D12,0.00004,1.0000,0.0011,0.220,0.020
2675,171200,orientation_cued_D12,0.00004,1.0000,0.0007,0.223,0.014
2676,171264,orientation_cued_D12,0.00004,1.0000,0.0008,0.228,0.012
2677,171328,orientation_cued_D4,0.00004,1.0000,0.0008,0.109,0.013
2678,171392,orientation_cued_D4,0.00004,1.0000,0.0007,0.128,0.007
2679,171456,orientation_cued_D4,0.00004,1.0000,0.0007,0.130,0.008
2680,171520,orientation_cued_D0,0.00004,1.0000,0.0047,0.082,0.010
2681,171584,orientation_cued_D0,0.00003,1.0000,0.0007,0.071,0.004
2682,171648,orientation_cued_D0,0.00003,1.0000,0.0006,0.081,0.005
2683,171712,orientation_cued_D24,0.00004,1.0000,0.0008,0.363,0.005
2684,171776,orientation_cued_D24,0.00004,1.0000,0.0010,0.354,0.021
2685,171840,orientation_cued_D24,0.00005,1.0000,0.0024,0.365,0.020
2686,171904,orientation_cued_D12,0.00004,1.0000,0.0010,0.201,0.020
2687,171968,orientation_cued_D12,0.00004,1.0000,0.0009,0.232,0.014
2688,172032,orientation_cued_D12,0.00004,1.0000,0.0007,0.214,0.013
2689,172096,orientation_cued_D4,0.00004,1.0000,0.0007,0.111,0.012
2690,172160,orientation_cued_D4,0.00003,1.0000,0.0007,0.127,0.007
2691,172224,orientation_cued_D4,0.00004,1.0000,0.0007,0.118,0.007
2692,172288,orientation_cued_D0,0.00003,1.0000,0.0007,0.071,0.007
2693,172352,orientation_cued_D0,0.00003,1.0000,0.0007,0.063,0.004
2694,172416,orientation_cued_D0,0.00003,1.0000,0.0008,0.070,0.005
2695,172480,orientation_cued_D24,0.00004,1.0000,0.0012,0.349,0.004
2696,172544,orientation_cued_D24,0.00004,1.0000,0.0009,0.364,0.023
2697,172608,orientation_cued_D24,0.00004,1.0000,0.0008,0.358,0.021
2698,172672,orientation_cued_D12,0.00004,1.0000,0.0009,0.224,0.020
2699,172736,orientation_cued_D12,0.00004,1.0000,0.0007,0.225,0.015
2700,172800,orientation_cued_D12,0.00004,1.0000,0.0008,0.219,0.013
2701,172864,orientation_cued_D4,0.00003,1.0000,0.0007,0.111,0.013
2702,172928,orientation_cued_D4,0.00003,1.0000,0.0007,0.124,0.007
2703,172992,orientation_cued_D4,0.00003,1.0000,0.0007,0.118,0.007
2704,173056,orientation_cued_D0,0.00003,1.0000,0.0006,0.066,0.007
2705,173120,orientation_cued_D0,0.00003,1.0000,0.0009,0.062,0.004
2706,173184,orientation_cued_D0,0.00003,1.0000,0.0007,0.073,0.005
2707,173248,orientation_cued_D24,0.00004,1.0000,0.0012,0.365,0.005
2708,173312,orientation_cued_D24,0.00004,1.0000,0.0013,0.368,0.022
2709,173376,orientation_cued_D24,0.00004,1.0000,0.0015,0.358,0.021
2710,173440,orientation_cued_D12,0.00004,1.0000,0.0007,0.203,0.020
2711,173504,orientation_cued_D12,0.00004,1.0000,0.0008,0.222,0.015
2712,173568,orientation_cued_D12,0.00004,1.0000,0.0007,0.209,0.012
2713,173632,orientation_cued_D4,0.00003,1.0000,0.0006,0.111,0.012
2714,173696,orientation_cued_D4,0.00003,1.0000,0.0007,0.133,0.007
2715,173760,orientation_cued_D4,0.00003,1.0000,0.0007,0.122,0.007
2716,173824,orientation_cued_D0,0.00003,1.0000,0.0006,0.069,0.007
2717,173888,orientation_cued_D0,0.00003,1.0000,0.0008,0.065,0.004
2718,173952,orientation_cued_D0,0.00003,1.0000,0.0007,0.071,0.007
2719,174016,orientation_cued_D24,0.00004,1.0000,0.0012,0.356,0.005
2720,174080,orientation_cued_D24,0.00004,1.0000,0.0008,0.359,0.021
2721,174144,orientation_cued_D24,0.00004,1.0000,0.0008,0.360,0.021
2722,174208,orientation_cued_D12,0.00004,1.0000,0.0008,0.201,0.020
2723,174272,orientation_cued_D12,0.00004,1.0000,0.0007,0.238,0.015
2724,174336,orientation_cued_D12,0.00004,1.0000,0.0007,0.217,0.013
2725,174400,orientation_cued_D4,0.00004,1.0000,0.0008,0.110,0.013
2726,174464,orientation_cued_D4,0.00003,1.0000,0.0007,0.124,0.007
2727,174528,orientation_cued_D4,0.00003,1.0000,0.0007,0.121,0.007
2728,174592,orientation_cued_D0,0.00003,1.0000,0.0006,0.069,0.007
2729,174656,orientation_cued_D0,0.00004,1.0000,0.0010,0.064,0.004
2730,174720,orientation_cued_D0,0.00004,1.0000,0.0011,0.069,0.005
2731,174784,orientation_cued_D24,0.00003,1.0000,0.0007,0.359,0.004
2732,174848,orientation_cued_D24,0.00005,1.0000,0.0046,0.357,0.020
2733,174912,orientation_cued_D24,0.00004,1.0000,0.0008,0.380,0.021
2734,174976,orientation_cued_D12,0.00004,1.0000,0.0007,0.213,0.022
2735,175040,orientation_cued_D12,0.00004,1.0000,0.0007,0.223,0.015
2736,175104,orientation_cued_D12,0.00003,1.0000,0.0007,0.214,0.012
2737,175168,orientation_cued_D4,0.00004,1.0000,0.0044,0.110,0.012
2738,175232,orientation_cued_D4,0.00004,1.0000,0.0007,0.125,0.007
2739,175296,orientation_cued_D4,0.00003,1.0000,0.0007,0.123,0.008
2740,175360,orientation_cued_D0,0.00003,1.0000,0.0006,0.070,0.007
2741,175424,orientation_cued_D0,0.00003,1.0000,0.0007,0.064,0.004
2742,175488,orientation_cued_D0,0.00003,1.0000,0.0006,0.070,0.005
2743,175552,orientation_cued_D24,0.00004,1.0000,0.0008,0.358,0.006
2744,175616,orientation_cued_D24,0.00005,1.0000,0.0063,0.359,0.021
2745,175680,orientation_cued_D24,0.00003,1.0000,0.0007,0.359,0.021
2746,175744,orientation_cued_D12,0.00003,1.0000,0.0007,0.206,0.020
2747,175808,orientation_cued_D12,0.00003,1.0000,0.0007,0.216,0.015
2748,175872,orientation_cued_D12,0.00004,1.0000,0.0010,0.218,0.012
2749,175936,orientation_cued_D4,0.00003,1.0000,0.0006,0.109,0.013
2750,176000,orientation_cued_D4,0.00003,1.0000,0.0007,0.121,0.007
2751,176064,orientation_cued_D4,0.00004,1.0000,0.0007,0.126,0.007
2752,176128,orientation_cued_D0,0.00003,1.0000,0.0007,0.069,0.007
2753,176192,orientation_cued_D0,0.00003,1.0000,0.0006,0.063,0.004
2754,176256,orientation_cued_D0,0.00003,1.0000,0.0012,0.069,0.005
2755,176320,orientation_cued_D24,0.00004,1.0000,0.0015,0.359,0.005
2756,176384,orientation_cued_D24,0.00003,1.0000,0.0007,0.368,0.021
2757,176448,orientation_cued_D24,0.00004,1.0000,0.0007,0.359,0.021
2758,176512,orientation_cued_D12,0.00003,1.0000,0.0007,0.214,0.020
2759,176576,orientation_cued_D12,0.00003,1.0000,0.0007,0.239,0.016
2760,176640,orientation_cued_D12,0.00003,1.0000,0.0007,0.229,0.013
2761,176704,orientation_cued_D4,0.00003,1.0000,0.0007,0.112,0.013
2762,176768,orientation_cued_D4,0.00003,1.0000,0.0007,0.123,0.007
2763,176832,orientation_cued_D4,0.00003,1.0000,0.0006,0.123,0.007
2764,176896,orientation_cued_D0,0.00003,1.0000,0.0008,0.072,0.008
2765,176960,orientation_cued_D0,0.00003,1.0000,0.0006,0.065,0.004
2766,177024,orientation_cued_D0,0.00003,1.0000,0.0007,0.070,0.005
2767,177088,orientation_cued_D24,0.00004,1.0000,0.0017,0.358,0.005
2768,177152,orientation_cued_D24,0.00004,1.0000,0.0009,0.358,0.021
2769,177216,orientation_cued_D24,0.00004,1.0000,0.0014,0.361,0.021
2770,177280,orientation_cued_D12,0.00003,1.0000,0.0007,0.206,0.020
2771,177344,orientation_cued_D12,0.00004,1.0000,0.0008,0.219,0.015
2772,177408,orientation_cued_D12,0.00003,1.0000,0.0007,0.217,0.013
2773,177472,orientation_cued_D4,0.00003,1.0000,0.0006,0.110,0.012
2774,177536,orientation_cued_D4,0.00003,1.0000,0.0007,0.129,0.007
2775,177600,orientation_cued_D4,0.00004,1.0000,0.0025,0.119,0.007
2776,177664,orientation_cued_D0,0.00003,1.0000,0.0006,0.069,0.007
2777,177728,orientation_cued_D0,0.00003,1.0000,0.0006,0.067,0.004
2778,177792,orientation_cued_D0,0.00003,1.0000,0.0006,0.068,0.005
2779,177856,orientation_cued_D24,0.00005,1.0000,0.0029,0.352,0.005
2780,177920,orientation_cued_D24,0.00004,1.0000,0.0007,0.356,0.022
2781,177984,orientation_cued_D24,0.00004,1.0000,0.0008,0.360,0.020
2782,178048,orientation_cued_D12,0.00003,1.0000,0.0006,0.208,0.020
2783,178112,orientation_cued_D12,0.00004,1.0000,0.0010,0.233,0.015
2784,178176,orientation_cued_D12,0.00003,1.0000,0.0006,0.213,0.012
2785,178240,orientation_cued_D4,0.00003,1.0000,0.0006,0.111,0.012
2786,178304,orientation_cued_D4,0.00004,1.0000,0.0007,0.138,0.007
2787,178368,orientation_cued_D4,0.00003,1.0000,0.0006,0.125,0.008
2788,178432,orientation_cued_D0,0.00003,1.0000,0.0006,0.074,0.008
2789,178496,orientation_cued_D0,0.00003,1.0000,0.0008,0.073,0.004
2790,178560,orientation_cued_D0,0.00003,1.0000,0.0006,0.070,0.005
2791,178624,orientation_cued_D24,0.00004,1.0000,0.0009,0.354,0.005
2792,178688,orientation_cued_D24,0.00004,1.0000,0.0008,0.356,0.021
2793,178752,orientation_cued_D24,0.00003,1.0000,0.0008,0.363,0.021
2794,178816,orientation_cued_D12,0.00003,1.0000,0.0007,0.207,0.020
2795,178880,orientation_cued_D12,0.00004,1.0000,0.0008,0.219,0.015
2796,178944,orientation_cued_D12,0.00003,1.0000,0.0007,0.210,0.012
2797,179008,orientation_cued_D4,0.00003,1.0000,0.0007,0.113,0.012
2798,179072,orientation_cued_D4,0.00003,1.0000,0.0006,0.123,0.007
2799,179136,orientation_cued_D4,0.00003,1.0000,0.0006,0.118,0.007
2800,179200,orientation_cued_D0,0.00003,1.0000,0.0006,0.068,0.007
2801,179264,orientation_cued_D0,0.00003,1.0000,0.0006,0.055,0.004
2802,179328,orientation_cued_D0,0.00003,1.0000,0.0006,0.058,0.004
2803,179392,orientation_cued_D24,0.00004,1.0000,0.0010,0.343,0.004
2804,179456,orientation_cued_D24,0.00003,1.0000,0.0007,0.360,0.021
2805,179520,orientation_cued_D24,0.00003,1.0000,0.0006,0.355,0.021
2806,179584,orientation_cued_D12,0.00003,1.0000,0.0007,0.210,0.020
2807,179648,orientation_cued_D12,0.00003,1.0000,0.0006,0.221,0.015
2808,179712,orientation_cued_D12,0.00003,1.0000,0.0007,0.217,0.013
2809,179776,orientation_cued_D4,0.00003,1.0000,0.0006,0.112,0.013
2810,179840,orientation_cued_D4,0.00003,1.0000,0.0006,0.125,0.007
2811,179904,orientation_cued_D4,0.00003,1.0000,0.0007,0.118,0.007
2812,179968,orientation_cued_D0,0.00003,1.0000,0.0006,0.068,0.007
2813,180032,orientation_cued_D0,0.00003,1.0000,0.0006,0.065,0.004
2814,180096,orientation_cued_D0,0.00003,1.0000,0.0006,0.069,0.006
2815,180160,orientation_cued_D24,0.00004,1.0000,0.0027,0.367,0.006
2816,180224,orientation_cued_D24,0.00003,1.0000,0.0007,0.357,0.021
2817,180288,orientation_cued_D24,0.00004,1.0000,0.0008,0.376,0.020
2818,180352,orientation_cued_D12,0.00003,1.0000,0.0007,0.209,0.021
2819,180416,orientation_cued_D12,0.00004,1.0000,0.0009,0.233,0.015
2820,180480,orientation_cued_D12,0.00003,1.0000,0.0007,0.230,0.013
2821,180544,orientation_cued_D4,0.00003,1.0000,0.0007,0.116,0.013
2822,180608,orientation_cued_D4,0.00003,1.0000,0.0007,0.137,0.007
2823,180672,orientation_cued_D4,0.00003,1.0000,0.0006,0.127,0.009
2824,180736,orientation_cued_D0,0.00003,1.0000,0.0006,0.087,0.007
2825,180800,orientation_cued_D0,0.00003,1.0000,0.0006,0.062,0.004
2826,180864,orientation_cued_D0,0.00003,1.0000,0.0007,0.069,0.005
2827,180928,orientation_cued_D24,0.00006,1.0000,0.0102,0.354,0.005
2828,180992,orientation_cued_D24,0.00003,1.0000,0.0007,0.356,0.021
2829,181056,orientation_cued_D24,0.00003,1.0000,0.0006,0.358,0.021
2830,181120,orientation_cued_D12,0.00004,1.0000,0.0010,0.209,0.020
2831,181184,orientation_cued_D12,0.00003,1.0000,0.0006,0.217,0.014
2832,181248,orientation_cued_D12,0.00003,1.0000,0.0006,0.218,0.013
2833,181312,orientation_cued_D4,0.00003,1.0000,0.0010,0.110,0.013
2834,181376,orientation_cued_D4,0.00003,1.0000,0.0006,0.123,0.007
2835,181440,orientation_cued_D4,0.00004,1.0000,0.0019,0.119,0.007
2836,181504,orientation_cued_D0,0.00003,1.0000,0.0006,0.068,0.007
2837,181568,orientation_cued_D0,0.00003,1.0000,0.0010,0.063,0.004
2838,181632,orientation_cued_D0,0.00003,1.0000,0.0006,0.069,0.005
2839,181696,orientation_cued_D24,0.00003,1.0000,0.0007,0.355,0.005
2840,181760,orientation_cued_D24,0.00004,1.0000,0.0007,0.356,0.021
2841,181824,orientation_cued_D24,0.00003,1.0000,0.0007,0.355,0.020
2842,181888,orientation_cued_D12,0.00003,1.0000,0.0006,0.213,0.020
2843,181952,orientation_cued_D12,0.00003,1.0000,0.0006,0.216,0.015
2844,182016,orientation_cued_D12,0.00003,1.0000,0.0007,0.213,0.014
2845,182080,orientation_cued_D4,0.00003,1.0000,0.0007,0.107,0.012
2846,182144,orientation_cued_D4,0.00003,1.0000,0.0006,0.117,0.007
2847,182208,orientation_cued_D4,0.00003,1.0000,0.0006,0.115,0.007
2848,182272,orientation_cued_D0,0.00003,1.0000,0.0006,0.072,0.007
2849,182336,orientation_cued_D0,0.00003,1.0000,0.0005,0.075,0.004
2850,182400,orientation_cued_D0,0.00003,1.0000,0.0006,0.076,0.006
2851,182464,orientation_cued_D24,0.00003,1.0000,0.0007,0.377,0.005
2852,182528,orientation_cued_D24,0.00003,1.0000,0.0008,0.361,0.021
2853,182592,orientation_cued_D24,0.00004,1.0000,0.0040,0.361,0.021
2854,182656,orientation_cued_D12,0.00003,1.0000,0.0006,0.207,0.020
2855,182720,orientation_cued_D12,0.00003,1.0000,0.0006,0.259,0.024
2856,182784,orientation_cued_D12,0.00003,1.0000,0.0006,0.210,0.011
2857,182848,orientation_cued_D4,0.00003,1.0000,0.0007,0.110,0.013
2858,182912,orientation_cued_D4,0.00003,1.0000,0.0007,0.123,0.007
2859,182976,orientation_cued_D4,0.00003,1.0000,0.0009,0.118,0.007
2860,183040,orientation_cued_D0,0.00003,1.0000,0.0008,0.069,0.007
2861,183104,orientation_cued_D0,0.00006,1.0000,0.0309,0.063,0.004
2862,183168,orientation_cued_D0,0.00003,1.0000,0.0009,0.071,0.006
2863,183232,orientation_cued_D24,0.00003,1.0000,0.0007,0.353,0.005
2864,183296,orientation_cued_D24,0.00004,1.0000,0.0013,0.359,0.021
2865,183360,orientation_cued_D24,0.00003,1.0000,0.0006,0.355,0.020
2866,183424,orientation_cued_D12,0.00003,1.0000,0.0006,0.204,0.019
2867,183488,orientation_cued_D12,0.00003,1.0000,0.0006,0.226,0.015
2868,183552,orientation_cued_D12,0.00003,1.0000,0.0007,0.211,0.013
2869,183616,orientation_cued_D4,0.00003,1.0000,0.0006,0.109,0.012
2870,183680,orientation_cued_D4,0.00003,1.0000,0.0006,0.124,0.007
2871,183744,orientation_cued_D4,0.00003,1.0000,0.0006,0.117,0.007
2872,183808,orientation_cued_D0,0.00003,1.0000,0.0005,0.068,0.007
2873,183872,orientation_cued_D0,0.00003,1.0000,0.0006,0.063,0.004
2874,183936,orientation_cued_D0,0.00003,1.0000,0.0006,0.077,0.005
2875,184000,orientation_cued_D24,0.00003,1.0000,0.0007,0.352,0.008
2876,184064,orientation_cued_D24,0.00003,1.0000,0.0006,0.371,0.021
2877,184128,orientation_cued_D24,0.00004,1.0000,0.0009,0.358,0.022
2878,184192,orientation_cued_D12,0.00003,1.0000,0.0006,0.201,0.028
2879,184256,orientation_cued_D12,0.00003,1.0000,0.0006,0.228,0.015
2880,184320,orientation_cued_D12,0.00003,1.0000,0.0008,0.208,0.013
2881,184384,orientation_cued_D4,0.00003,1.0000,0.0008,0.112,0.012
2882,184448,orientation_cued_D4,0.00003,1.0000,0.0006,0.140,0.012
2883,184512,orientation_cued_D4,0.00003,1.0000,0.0006,0.116,0.007
2884,184576,orientation_cued_D0,0.00003,1.0000,0.0006,0.067,0.007
2885,184640,orientation_cued_D0,0.00003,1.0000,0.0005,0.062,0.004
2886,184704,orientation_cued_D0,0.00003,1.0000,0.0006,0.069,0.005
2887,184768,orientation_cued_D24,0.00003,1.0000,0.0006,0.349,0.005
2888,184832,orientation_cued_D24,0.00006,1.0000,0.0106,0.361,0.021
2889,184896,orientation_cued_D24,0.00003,1.0000,0.0007,0.356,0.021
2890,184960,orientation_cued_D12,0.00003,1.0000,0.0007,0.204,0.020
2891,185024,orientation_cued_D12,0.00003,1.0000,0.0006,0.226,0.015
2892,185088,orientation_cued_D12,0.00003,1.0000,0.0006,0.213,0.013
2893,185152,orientation_cued_D4,0.00003,1.0000,0.0006,0.107,0.012
2894,185216,orientation_cued_D4,0.00003,1.0000,0.0006,0.117,0.007
2895,185280,orientation_cued_D4,0.00003,1.0000,0.0007,0.120,0.007
2896,185344,orientation_cued_D0,0.00003,1.0000,0.0005,0.068,0.007
2897,185408,orientation_cued_D0,0.00003,1.0000,0.0006,0.064,0.004
2898,185472,orientation_cued_D0,0.00003,1.0000,0.0006,0.065,0.005
2899,185536,orientation_cued_D24,0.00003,1.0000,0.0006,0.380,0.005
2900,185600,orientation_cued_D24,0.00003,1.0000,0.0006,0.354,0.022
2901,185664,orientation_cued_D12,0.00003,1.0000,0.0006,0.198,0.020
2902,185728,orientation_cued_D12,0.00003,1.0000,0.0007,0.236,0.021
2903,185792,orientation_cued_D24,0.00006,1.0000,0.0207,0.366,0.012
2904,185856,orientation_cued_D4,0.00003,1.0000,0.0006,0.107,0.019
2905,185920,orientation_cued_D4,0.00003,1.0000,0.0006,0.128,0.007
2906,185984,orientation_cued_D12,0.00003,1.0000,0.0007,0.223,0.007
2907,186048,orientation_cued_D0,0.00003,1.0000,0.0007,0.066,0.012
2908,186112,orientation_cued_D0,0.00003,1.0000,0.0005,0.090,0.004
2909,186176,orientation_cued_D4,0.00003,1.0000,0.0007,0.134,0.005
2910,186240,orientation_cued_D24,0.00003,1.0000,0.0006,0.346,0.007
2911,186304,orientation_cued_D24,0.00003,1.0000,0.0008,0.354,0.021
2912,186368,orientation_cued_D0,0.00003,1.0000,0.0005,0.059,0.021
2913,186432,orientation_cued_D12,0.00003,1.0000,0.0006,0.214,0.004
2914,186496,orientation_cued_D12,0.00003,1.0000,0.0006,0.224,0.015
2915,186560,orientation_cued_D24,0.00003,1.0000,0.0006,0.357,0.013
2916,186624,orientation_cued_D4,0.00003,1.0000,0.0006,0.110,0.020
2917,186688,orientation_cued_D4,0.00003,1.0000,0.0006,0.124,0.007
2918,186752,orientation_cued_D12,0.00003,1.0000,0.0006,0.224,0.008
2919,186816,orientation_cued_D0,0.00003,1.0000,0.0005,0.060,0.012
2920,186880,orientation_cued_D0,0.00003,1.0000,0.0005,0.061,0.004
2921,186944,orientation_cued_D4,0.00003,1.0000,0.0006,0.122,0.006
2922,187008,orientation_cued_D24,0.00003,1.0000,0.0006,0.353,0.007
2923,187072,orientation_cued_D0,0.00003,1.0000,0.0005,0.058,0.021
2924,187136,orientation_cued_D24,0.00003,1.0000,0.0006,0.358,0.004
2925,187200,orientation_cued_D12,0.00003,1.0000,0.0006,0.200,0.021
2926,187264,orientation_cued_D24,0.00003,1.0000,0.0006,0.388,0.016
2927,187328,orientation_cued_D12,0.00003,1.0000,0.0006,0.214,0.020
2928,187392,orientation_cued_D4,0.00003,1.0000,0.0006,0.118,0.013
2929,187456,orientation_cued_D12,0.00003,1.0000,0.0011,0.253,0.008
2930,187520,orientation_cued_D4,0.00003,1.0000,0.0006,0.151,0.013
2931,187584,orientation_cued_D0,0.00003,1.0000,0.0005,0.064,0.008
2932,187648,orientation_cued_D4,0.00003,1.0000,0.0006,0.123,0.005
2933,187712,orientation_cued_D0,0.00003,1.0000,0.0005,0.067,0.007
2934,187776,orientation_cued_D0,0.00003,1.0000,0.0006,0.063,0.004
2935,187840,orientation_cued_D24,0.00004,1.0000,0.0011,0.367,0.005
2936,187904,orientation_cued_D24,0.00003,1.0000,0.0006,0.355,0.021
2937,187968,orientation_cued_D24,0.00003,1.0000,0.0012,0.353,0.021
2938,188032,orientation_cued_D12,0.00003,1.0000,0.0006,0.212,0.019
2939,188096,orientation_cued_D12,0.00003,1.0000,0.0007,0.218,0.016
2940,188160,orientation_cued_D12,0.00003,1.0000,0.0006,0.219,0.012
2941,188224,orientation_cued_D4,0.00003,1.0000,0.0006,0.113,0.013
2942,188288,orientation_cued_D4,0.00003,1.0000,0.0006,0.157,0.007
2943,188352,orientation_cued_D4,0.00003,1.0000,0.0006,0.114,0.008
2944,188416,orientation_cued_D0,0.00003,1.0000,0.0006,0.076,0.012
2945,188480,orientation_cued_D0,0.00003,1.0000,0.0005,0.063,0.004
2946,188544,orientation_cued_D0,0.00003,1.0000,0.0006,0.063,0.005
2947,188608,orientation_cued_D24,0.00003,1.0000,0.0006,0.353,0.007
2948,188672,orientation_cued_D24,0.00008,1.0000,0.0162,0.350,0.022
2949,188736,orientation_cued_D24,0.00003,1.0000,0.0006,0.349,0.020
2950,188800,orientation_cued_D12,0.00003,1.0000,0.0006,0.208,0.026
2951,188864,orientation_cued_D12,0.00003,1.0000,0.0006,0.221,0.014
2952,188928,orientation_cued_D12,0.00003,1.0000,0.0006,0.210,0.012
2953,188992,orientation_cued_D4,0.00003,1.0000,0.0007,0.115,0.022
2954,189056,orientation_cued_D4,0.00003,1.0000,0.0007,0.122,0.008
2955,189120,orientation_cued_D4,0.00003,1.0000,0.0005,0.153,0.013
2956,189184,orientation_cued_D0,0.00003,1.0000,0.0005,0.080,0.012
2957,189248,orientation_cued_D0,0.00003,1.0000,0.0005,0.073,0.004
2958,189312,orientation_cued_D0,0.00011,1.0000,0.0661,0.070,0.005
2959,189376,orientation_cued_D24,0.00003,1.0000,0.0010,0.362,0.004
2960,189440,orientation_cued_D24,0.00003,1.0000,0.0006,0.356,0.021
2961,189504,orientation_cued_D24,0.00003,1.0000,0.0006,0.358,0.021
2962,189568,orientation_cued_D12,0.00003,1.0000,0.0006,0.207,0.020
2963,189632,orientation_cued_D12,0.00003,1.0000,0.0006,0.229,0.015
2964,189696,orientation_cued_D12,0.00003,1.0000,0.0006,0.212,0.013
2965,189760,orientation_cued_D4,0.00003,1.0000,0.0006,0.117,0.013
2966,189824,orientation_cued_D4,0.00003,1.0000,0.0005,0.136,0.007
2967,189888,orientation_cued_D4,0.00003,1.0000,0.0006,0.146,0.009
2968,189952,orientation_cued_D0,0.00003,1.0000,0.0005,0.067,0.007
2969,190016,orientation_cued_D0,0.00011,1.0000,0.0693,0.061,0.004
2970,190080,orientation_cued_D0,0.00003,1.0000,0.0005,0.070,0.005
2971,190144,orientation_cued_D24,0.00003,1.0000,0.0006,0.352,0.005
2972,190208,orientation_cued_D24,0.00004,1.0000,0.0015,0.362,0.022
2973,190272,orientation_cued_D24,0.00003,1.0000,0.0006,0.352,0.020
2974,190336,orientation_cued_D12,0.00003,1.0000,0.0006,0.208,0.020
2975,190400,orientation_cued_D12,0.00003,1.0000,0.0006,0.231,0.015
2976,190464,orientation_cued_D12,0.00003,1.0000,0.0006,0.216,0.013
2977,190528,orientation_cued_D4,0.00003,1.0000,0.0006,0.113,0.016
2978,190592,orientation_cued_D4,0.00003,1.0000,0.0005,0.124,0.007
2979,190656,orientation_cued_D4,0.00003,1.0000,0.0005,0.139,0.007
2980,190720,orientation_cued_D0,0.00003,1.0000,0.0005,0.067,0.007
2981,190784,orientation_cued_D0,0.00003,1.0000,0.0009,0.061,0.004
2982,190848,orientation_cued_D0,0.00009,1.0000,0.0431,0.076,0.005
2983,190912,orientation_cued_D24,0.00003,1.0000,0.0014,0.359,0.004
2984,190976,orientation_cued_D24,0.00003,1.0000,0.0006,0.364,0.022
2985,191040,orientation_cued_D24,0.00003,1.0000,0.0005,0.355,0.020
2986,191104,orientation_cued_D12,0.00003,1.0000,0.0008,0.205,0.020
2987,191168,orientation_cued_D12,0.00003,1.0000,0.0006,0.223,0.015
2988,191232,orientation_cued_D12,0.00003,1.0000,0.0006,0.208,0.012
2989,191296,orientation_cued_D4,0.00003,1.0000,0.0006,0.112,0.013
2990,191360,orientation_cued_D4,0.00004,1.0000,0.0059,0.133,0.010
2991,191424,orientation_cued_D4,0.00004,1.0000,0.0026,0.118,0.008
2992,191488,orientation_cued_D0,0.00003,1.0000,0.0005,0.068,0.007
2993,191552,orientation_cued_D0,0.00003,1.0000,0.0006,0.063,0.004
2994,191616,orientation_cued_D0,0.00003,1.0000,0.0018,0.070,0.005
2995,191680,orientation_cued_D24,0.00006,1.0000,0.0141,0.348,0.005
2996,191744,orientation_cued_D24,0.00003,1.0000,0.0006,0.360,0.021
2997,191808,orientation_cued_D24,0.00003,1.0000,0.0006,0.360,0.021
2998,191872,orientation_cued_D12,0.00003,1.0000,0.0006,0.205,0.020
2999,191936,orientation_cued_D12,0.00003,1.0000,0.0005,0.225,0.015
3000,192000,orientation_cued_D12,0.00003,1.0000,0.0006,0.213,0.013
3001,192064,orientation_cued_D4,0.00003,1.0000,0.0006,0.109,0.011
3002,192128,orientation_cued_D4,0.00003,1.0000,0.0006,0.121,0.006
3003,192192,orientation_cued_D4,0.00003,1.0000,0.0006,0.117,0.007
3004,192256,orientation_cued_D0,0.00008,1.0000,0.0370,0.068,0.007
3005,192320,orientation_cued_D0,0.01228,0.9844,13.2567,0.062,0.004
3006,192384,orientation_cued_D0,0.00003,1.0000,0.0024,0.069,0.005
3007,192448,orientation_cued_D24,0.00004,1.0000,0.0026,0.354,0.005
3008,192512,orientation_cued_D24,0.00004,1.0000,0.0046,0.359,0.021
3009,192576,orientation_cued_D24,0.00005,1.0000,0.0061,0.354,0.021
3010,192640,orientation_cued_D12,0.00003,1.0000,0.0006,0.219,0.019
3011,192704,orientation_cued_D12,0.00003,1.0000,0.0010,0.217,0.014
3012,192768,orientation_cued_D12,0.02789,0.9844,6.3827,0.216,0.012
3013,192832,orientation_cued_D4,0.00003,1.0000,0.0015,0.110,0.013
3014,192896,orientation_cued_D4,0.00004,1.0000,0.0034,0.121,0.007
3015,192960,orientation_cued_D4,0.00003,1.0000,0.0010,0.127,0.007
3016,193024,orientation_cued_D0,0.00023,1.0000,0.1056,0.079,0.008
3017,193088,orientation_cued_D0,0.00004,1.0000,0.0036,0.067,0.004
3018,193152,orientation_cued_D0,0.00004,1.0000,0.0033,0.093,0.009
3019,193216,orientation_cued_D24,0.00003,1.0000,0.0011,0.365,0.008
3020,193280,orientation_cued_D24,0.00005,1.0000,0.0060,0.356,0.020
3021,193344,orientation_cued_D24,0.00003,1.0000,0.0006,0.353,0.021
3022,193408,orientation_cued_D12,0.00004,1.0000,0.0018,0.202,0.019
3023,193472,orientation_cued_D12,0.00003,1.0000,0.0006,0.202,0.013
3024,193536,orientation_cued_D12,0.00003,1.0000,0.0034,0.205,0.013
3025,193600,orientation_cued_D4,0.00003,1.0000,0.0006,0.106,0.012
3026,193664,orientation_cued_D4,0.00003,1.0000,0.0005,0.110,0.007
3027,193728,orientation_cued_D4,0.00003,1.0000,0.0005,0.112,0.007
3028,193792,orientation_cued_D0,0.00003,1.0000,0.0022,0.067,0.007
3029,193856,orientation_cued_D0,0.00058,1.0000,0.3694,0.057,0.004
3030,193920,orientation_cued_D0,0.00004,1.0000,0.0065,0.065,0.004
3031,193984,orientation_cued_D24,0.00003,1.0000,0.0009,0.342,0.004
3032,194048,orientation_cued_D24,0.00007,1.0000,0.0288,0.361,0.021
3033,194112,orientation_cued_D24,0.00005,1.0000,0.0064,0.368,0.021
3034,194176,orientation_cued_D12,0.00003,1.0000,0.0006,0.200,0.019
3035,194240,orientation_cued_D12,0.00006,1.0000,0.0069,0.212,0.013
3036,194304,orientation_cued_D12,0.00003,1.0000,0.0012,0.210,0.012
3037,194368,orientation_cued_D4,0.00003,1.0000,0.0005,0.109,0.012
3038,194432,orientation_cued_D4,0.00031,1.0000,0.1555,0.123,0.007
3039,194496,orientation_cued_D4,0.00003,1.0000,0.0006,0.117,0.007
3040,194560,orientation_cued_D0,0.00016,1.0000,0.0739,0.068,0.007
3041,194624,orientation_cued_D0,0.00170,1.0000,0.6753,0.063,0.004
3042,194688,orientation_cued_D0,0.00022,1.0000,0.1384,0.068,0.005
3043,194752,orientation_cued_D24,0.00003,1.0000,0.0008,0.358,0.004
3044,194816,orientation_cued_D24,0.00005,1.0000,0.0057,0.375,0.021
3045,194880,orientation_cued_D24,0.01564,0.9844,7.4774,0.365,0.022
3046,194944,orientation_cued_D12,0.00025,1.0000,0.1472,0.209,0.020
3047,195008,orientation_cued_D12,0.00003,1.0000,0.0007,0.222,0.015
3048,195072,orientation_cued_D12,0.00004,1.0000,0.0033,0.207,0.012
3049,195136,orientation_cued_D4,0.00003,1.0000,0.0005,0.110,0.013
3050,195200,orientation_cued_D4,0.00003,1.0000,0.0005,0.129,0.007
3051,195264,orientation_cued_D4,0.00003,1.0000,0.0006,0.145,0.013
3052,195328,orientation_cued_D0,0.15778,0.9844,1.9101,0.076,0.011
3053,195392,orientation_cued_D0,0.00005,1.0000,0.0039,0.070,0.006
3054,195456,orientation_cued_D0,0.03869,0.9844,10.7948,0.072,0.007
3055,195520,orientation_cued_D24,0.00005,1.0000,0.0129,0.375,0.006
3056,195584,orientation_cued_D24,0.00003,1.0000,0.0007,0.358,0.035
3057,195648,orientation_cued_D24,0.00004,1.0000,0.0025,0.352,0.020
3058,195712,orientation_cued_D12,0.00580,1.0000,3.2484,0.199,0.020
3059,195776,orientation_cued_D12,0.00004,1.0000,0.0018,0.250,0.015
3060,195840,orientation_cued_D12,0.00009,1.0000,0.0294,0.210,0.013
3061,195904,orientation_cued_D4,0.00009,1.0000,0.0321,0.112,0.013
3062,195968,orientation_cued_D4,0.00005,1.0000,0.0048,0.123,0.007
3063,196032,orientation_cued_D4,0.00004,1.0000,0.0011,0.117,0.007
3064,196096,orientation_cued_D0,0.00009,1.0000,0.0113,0.068,0.007
3065,196160,orientation_cued_D0,0.09670,0.9844,18.3727,0.063,0.004
3066,196224,orientation_cued_D0,0.10112,0.9688,16.9113,0.069,0.006
3067,196288,orientation_cued_D24,0.00236,1.0000,1.2366,0.356,0.004
3068,196352,orientation_cued_D24,0.00009,1.0000,0.0064,0.358,0.021
3069,196416,orientation_cued_D24,0.00040,1.0000,0.2613,0.356,0.020
3070,196480,orientation_cued_D12,0.00005,1.0000,0.0014,0.298,0.022
3071,196544,orientation_cued_D12,0.00006,1.0000,0.0032,0.221,0.013
3072,196608,orientation_cued_D12,0.00131,1.0000,0.6387,0.205,0.012
3073,196672,orientation_cued_D4,0.00006,1.0000,0.0039,0.154,0.015
3074,196736,orientation_cued_D4,0.00009,1.0000,0.0146,0.126,0.006
3075,196800,orientation_cued_D4,0.00010,1.0000,0.0202,0.120,0.008
3076,196864,orientation_cued_D0,0.00032,1.0000,0.1634,0.069,0.007
3077,196928,orientation_cued_D0,0.03635,0.9844,9.5396,0.063,0.004
3078,196992,orientation_cued_D0,0.04434,0.9844,9.6960,0.070,0.005
3079,197056,orientation_cued_D24,0.09758,0.9688,22.5532,0.352,0.004
3080,197120,orientation_cued_D24,0.00346,1.0000,1.4057,0.362,0.021
3081,197184,orientation_cued_D24,0.00308,1.0000,1.1461,0.352,0.021
3082,197248,orientation_cued_D12,0.00548,1.0000,3.8336,0.206,0.020
3083,197312,orientation_cued_D12,0.00371,1.0000,0.8103,0.237,0.015
3084,197376,orientation_cued_D12,0.04669,0.9844,5.2785,0.213,0.013
3085,197440,orientation_cued_D4,0.01109,1.0000,2.1795,0.112,0.013
3086,197504,orientation_cued_D4,0.21715,0.9688,10.2668,0.125,0.007
3087,197568,orientation_cued_D4,0.00281,1.0000,0.5738,0.117,0.007
3088,197632,orientation_cued_D0,0.00101,1.0000,0.0849,0.068,0.007
3089,197696,orientation_cued_D0,0.00092,1.0000,0.0911,0.065,0.005
3090,197760,orientation_cued_D0,0.00337,1.0000,0.4289,0.066,0.005
3091,197824,orientation_cued_D24,0.07477,0.9844,3.2479,0.366,0.004
3092,197888,orientation_cued_D24,0.04416,0.9844,4.5157,0.367,0.022
3093,197952,orientation_cued_D24,0.08236,0.9844,5.3489,0.355,0.021
3094,198016,orientation_cued_D12,0.00794,1.0000,0.6996,0.209,0.020
3095,198080,orientation_cued_D12,0.00876,1.0000,0.7546,0.250,0.015
3096,198144,orientation_cued_D12,0.00994,1.0000,0.6600,0.229,0.013
3097,198208,orientation_cued_D4,0.00398,1.0000,0.4160,0.113,0.013
3098,198272,orientation_cued_D4,0.00632,1.0000,0.6918,0.124,0.007
3099,198336,orientation_cued_D4,0.00291,1.0000,0.2414,0.132,0.007
3100,198400,orientation_cued_D0,0.03728,0.9688,6.5585,0.070,0.007
3101,198464,orientation_cued_D0,0.00176,1.0000,0.1333,0.063,0.004
3102,198528,orientation_cued_D0,0.00138,1.0000,0.1069,0.070,0.005
3103,198592,orientation_cued_D24,0.00120,1.0000,0.1403,0.358,0.005
3104,198656,orientation_cued_D24,0.02535,0.9844,3.3072,0.358,0.021
3105,198720,orientation_cued_D24,0.00250,1.0000,0.2522,0.355,0.021
3106,198784,orientation_cued_D12,0.00129,1.0000,0.1130,0.203,0.019
3107,198848,orientation_cued_D12,0.00156,1.0000,0.3617,0.221,0.015
3108,198912,orientation_cued_D12,0.00223,1.0000,0.8598,0.226,0.013
3109,198976,orientation_cued_D4,0.00055,1.0000,0.0448,0.114,0.013
3110,199040,orientation_cued_D4,0.00103,1.0000,0.1991,0.124,0.007
3111,199104,orientation_cued_D4,0.00033,1.0000,0.0172,0.122,0.012
3112,199168,orientation_cued_D0,0.00024,1.0000,0.0107,0.069,0.007
3113,199232,orientation_cued_D0,0.00037,1.0000,0.0195,0.063,0.004
3114,199296,orientation_cued_D0,0.01012,1.0000,4.7238,0.069,0.005
3115,199360,orientation_cued_D24,0.00029,1.0000,0.0150,0.369,0.005
3116,199424,orientation_cued_D24,0.00035,1.0000,0.0296,0.362,0.021
3117,199488,orientation_cued_D24,0.00028,1.0000,0.0953,0.354,0.021
3118,199552,orientation_cued_D12,0.00071,1.0000,0.2735,0.216,0.020
3119,199616,orientation_cued_D12,0.00017,1.0000,0.0074,0.223,0.015
3120,199680,orientation_cued_D12,0.00066,1.0000,0.1812,0.218,0.012
3121,199744,orientation_cued_D4,0.00020,1.0000,0.0186,0.110,0.012
3122,199808,orientation_cued_D4,0.00020,1.0000,0.1003,0.127,0.007
3123,199872,orientation_cued_D4,0.00017,1.0000,0.0210,0.129,0.008
3124,199936,orientation_cued_D0,0.06808,0.9844,5.3615,0.078,0.008
3125,200000,orientation_cued_D0,0.01274,0.9844,3.1106,0.095,0.004
