update,episodes,cell,loss,accuracy,grad_norm,seconds,wait_seconds
1,64,orientation_cued_D0,0.69575,0.5000,1.0381,1.075,1.544
2,128,orientation_cued_D0,0.69267,0.5156,1.0175,0.038,0.007
3,192,orientation_cued_D0,0.69992,0.4844,0.6446,0.035,0.004
4,256,orientation_cued_D0,0.69105,0.5156,0.8162,0.031,0.007
5,320,orientation_cued_D0,0.70062,0.4375,0.6339,0.040,0.008
6,384,orientation_cued_D0,0.69032,0.5000,0.5003,0.042,0.008
7,448,orientation_cued_D0,0.68981,0.4688,0.5593,0.042,0.008
8,512,orientation_cued_D0,0.68463,0.6250,0.4883,0.045,0.007
9,576,orientation_cued_D0,0.69122,0.5625,0.4509,0.039,0.005
10,640,orientation_cued_D0,0.69461,0.5000,0.5644,0.042,0.008
11,704,orientation_cued_D0,0.68859,0.5156,0.4732,0.047,0.008
12,768,orientation_cued_D0,0.68498,0.5781,0.5963,0.042,0.008
13,832,orientation_cued_D0,0.69993,0.5312,0.5651,0.041,0.009
14,896,orientation_cued_D0,0.69109,0.5156,0.5009,0.032,0.005
15,960,orientation_cued_D0,0.69873,0.5000,0.5690,0.033,0.009
16,1024,orientation_cued_D0,0.69199,0.5156,0.5612,0.034,0.018
17,1088,orientation_cued_D0,0.68685,0.5625,0.5242,0.039,0.005
18,1152,orientation_cued_D0,0.68628,0.5000,0.4797,0.032,0.014
19,1216,orientation_cued_D0,0.69085,0.6094,0.4522,0.035,0.009
20,1280,orientation_cued_D0,0.68891,0.5312,0.5593,0.044,0.004
21,1344,orientation_cued_D0,0.69509,0.5625,0.6263,0.037,0.003
22,1408,orientation_cued_D0,0.69133,0.5625,0.5890,0.052,0.003
23,1472,orientation_cued_D0,0.70729,0.4062,0.7022,0.038,0.003
24,1536,orientation_cued_D0,0.69150,0.4531,0.5752,0.034,0.022
25,1600,orientation_cued_D0,0.69635,0.4688,0.5131,0.037,0.054
26,1664,orientation_cued_D0,0.68516,0.5781,0.5325,0.027,0.003
27,1728,orientation_cued_D0,0.68617,0.5938,0.5094,0.037,0.038
28,1792,orientation_cued_D0,0.67515,0.6719,0.5416,0.047,0.043
29,1856,orientation_cued_D0,0.69300,0.5469,0.6148,0.039,0.005
30,1920,orientation_cued_D0,0.69869,0.3906,0.6328,0.032,0.054
31,1984,orientation_cued_D0,0.68175,0.6719,0.5519,0.036,0.044
32,2048,orientation_cued_D0,0.68064,0.5469,0.5892,0.036,0.017
33,2112,orientation_cued_D0,0.68706,0.5625,0.5330,0.037,0.036
34,2176,orientation_cued_D0,0.70720,0.4531,0.8805,0.040,0.036
35,2240,orientation_cued_D0,0.67854,0.6250,0.6514,0.037,0.054
36,2304,orientation_cued_D0,0.69760,0.4844,0.8197,0.037,0.003
37,2368,orientation_cued_D0,0.67438,0.5469,0.5662,0.031,0.043
38,2432,orientation_cued_D0,0.67950,0.5781,0.5921,0.046,0.151
39,2496,orientation_cued_D0,0.67607,0.5938,0.5798,0.035,0.003
40,2560,orientation_cued_D0,0.66679,0.6719,0.6483,0.048,0.003
41,2624,orientation_cued_D0,0.68797,0.5312,0.8309,0.031,0.062
42,2688,orientation_cued_D0,0.68578,0.5000,0.5881,0.037,0.002
43,2752,orientation_cued_D0,0.69457,0.5312,0.6080,0.041,0.003
44,2816,orientation_cued_D0,0.67896,0.6562,0.5627,0.033,0.119
45,2880,orientation_cued_D0,0.67737,0.6406,0.7903,0.031,0.003
46,2944,orientation_cued_D0,0.67218,0.5938,0.6877,0.042,0.002
47,3008,orientation_cued_D0,0.67595,0.5938,0.7673,0.039,0.105
48,3072,orientation_cued_D0,0.67875,0.7031,0.6853,0.024,0.003
49,3136,orientation_cued_D0,0.68448,0.5000,0.8464,0.031,0.003
50,3200,orientation_cued_D0,0.69072,0.5156,1.2804,0.039,0.090
51,3264,orientation_cued_D0,0.66711,0.6094,0.9031,0.035,0.003
52,3328,orientation_cued_D0,0.67289,0.6250,0.9697,0.040,0.003
53,3392,orientation_cued_D0,0.66540,0.5625,1.0329,0.033,0.089
54,3456,orientation_cued_D0,0.67007,0.5781,1.1493,0.049,0.003
55,3520,orientation_cued_D0,0.67794,0.5000,0.9500,0.030,0.002
56,3584,orientation_cued_D0,0.66096,0.5781,0.9935,0.025,0.090
57,3648,orientation_cued_D0,0.66347,0.6250,1.3050,0.045,0.004
58,3712,orientation_cued_D0,0.65384,0.6406,1.2282,0.035,0.003
59,3776,orientation_cued_D0,0.65693,0.6562,1.4423,0.039,0.081
60,3840,orientation_cued_D0,0.65602,0.6875,0.9973,0.041,0.003
61,3904,orientation_cued_D0,0.64570,0.6562,1.2133,0.038,0.002
62,3968,orientation_cued_D0,0.64201,0.6719,1.1262,0.038,0.075
63,4032,orientation_cued_D0,0.64641,0.5938,1.2727,0.043,0.003
64,4096,orientation_cued_D0,0.63002,0.6875,1.2954,0.032,0.003
65,4160,orientation_cued_D0,0.61464,0.7344,1.4126,0.040,0.088
66,4224,orientation_cued_D0,0.63712,0.7344,1.3540,0.035,0.003
67,4288,orientation_cued_D0,0.62102,0.7344,1.3820,0.038,0.030
68,4352,orientation_cued_D0,0.62449,0.7500,2.0335,0.033,0.072
69,4416,orientation_cued_D0,0.62759,0.6406,1.7294,0.045,0.004
70,4480,orientation_cued_D0,0.62005,0.6562,1.6542,0.035,0.101
71,4544,orientation_cued_D0,0.59958,0.6719,1.8404,0.050,0.022
72,4608,orientation_cued_D0,0.57743,0.7812,1.3211,0.030,0.004
73,4672,orientation_cued_D0,0.60198,0.7031,2.1311,0.033,0.110
74,4736,orientation_cued_D0,0.61531,0.6875,2.3471,0.028,0.041
75,4800,orientation_cued_D0,0.59222,0.7500,2.5066,0.032,0.002
76,4864,orientation_cued_D0,0.56499,0.7500,2.3064,0.031,0.079
77,4928,orientation_cued_D0,0.57469,0.7656,2.4338,0.031,0.053
78,4992,orientation_cued_D0,0.60579,0.6562,2.6304,0.025,0.002
79,5056,orientation_cued_D0,0.56065,0.7500,1.9107,0.029,0.068
80,5120,orientation_cued_D0,0.52745,0.8125,1.8650,0.034,0.059
81,5184,orientation_cued_D0,0.55062,0.7188,2.9541,0.026,0.003
82,5248,orientation_cued_D0,0.52113,0.8438,2.8067,0.021,0.039
83,5312,orientation_cued_D0,0.54441,0.7656,3.1309,0.030,0.132
84,5376,orientation_cued_D0,0.50385,0.8281,2.1700,0.030,0.002
85,5440,orientation_cued_D0,0.50964,0.7812,1.9491,0.031,0.002
86,5504,orientation_cued_D0,0.53296,0.7812,2.8848,0.042,0.146
87,5568,orientation_cued_D0,0.49698,0.8438,2.0265,0.042,0.003
88,5632,orientation_cued_D0,0.45589,0.8906,2.3214,0.028,0.003
89,5696,orientation_cued_D0,0.46104,0.9062,2.8890,0.040,0.096
90,5760,orientation_cued_D0,0.43782,0.8750,2.7393,0.035,0.003
91,5824,orientation_cued_D0,0.49661,0.8125,3.5250,0.038,0.002
92,5888,orientation_cued_D0,0.45133,0.8594,2.8046,0.041,0.118
93,5952,orientation_cued_D0,0.44221,0.9062,2.7041,0.055,0.003
94,6016,orientation_cued_D0,0.43090,0.8594,3.2122,0.034,0.004
95,6080,orientation_cued_D0,0.44311,0.7812,3.7823,0.034,0.090
96,6144,orientation_cued_D0,0.42847,0.8594,2.9820,0.032,0.002
97,6208,orientation_cued_D0,0.35814,0.9062,2.8202,0.045,0.096
98,6272,orientation_cued_D0,0.40117,0.8281,3.0436,0.042,0.003
99,6336,orientation_cued_D0,0.37394,0.9219,2.7985,0.041,0.003
100,6400,orientation_cued_D0,0.37355,0.8906,2.7616,0.040,0.119
101,6464,orientation_cued_D0,0.41762,0.8125,3.4920,0.033,0.003
102,6528,orientation_cued_D0,0.34765,0.9219,2.5207,0.051,0.003
103,6592,orientation_cued_D0,0.37312,0.9219,3.3155,0.039,0.097
104,6656,orientation_cued_D0,0.35778,0.9531,3.6411,0.035,0.003
105,6720,orientation_cued_D0,0.39128,0.8750,5.7173,0.035,0.012
106,6784,orientation_cued_D0,0.34442,0.8750,5.8403,0.031,0.071
107,6848,orientation_cued_D0,0.29077,0.9375,2.8734,0.040,0.003
108,6912,orientation_cued_D0,0.30623,0.9062,4.5873,0.039,0.002
109,6976,orientation_cued_D0,0.29490,0.9219,3.0720,0.034,0.096
110,7040,orientation_cued_D0,0.34118,0.8750,4.4391,0.030,0.003
111,7104,orientation_cued_D0,0.30793,0.8906,5.1134,0.041,0.006
112,7168,orientation_cued_D0,0.28977,0.9062,5.0230,0.040,0.083
113,7232,orientation_cued_D0,0.24937,0.9375,4.3098,0.032,0.003
114,7296,orientation_cued_D0,0.26424,0.9062,4.7565,0.042,0.007
115,7360,orientation_cued_D0,0.26343,0.9219,2.7037,0.038,0.086
116,7424,orientation_cued_D0,0.25255,0.9375,3.2325,0.031,0.003
117,7488,orientation_cued_D0,0.24434,0.9219,3.5822,0.036,0.010
118,7552,orientation_cued_D0,0.25882,0.9219,4.1878,0.036,0.115
119,7616,orientation_cued_D0,0.35040,0.8594,6.2316,0.039,0.003
120,7680,orientation_cued_D0,0.20306,0.9531,3.5394,0.037,0.003
121,7744,orientation_cued_D0,0.22243,0.9531,5.0738,0.033,0.102
122,7808,orientation_cued_D0,0.18513,0.9688,3.9212,0.027,0.003
123,7872,orientation_cued_D0,0.19273,0.9844,2.7704,0.025,0.002
124,7936,orientation_cued_D0,0.19410,0.9688,3.7593,0.040,0.132
125,8000,orientation_cued_D0,0.22559,0.9375,3.4041,0.037,0.003
126,8064,orientation_cued_D0,0.24101,0.9219,9.0375,0.024,0.002
127,8128,orientation_cued_D0,0.19574,0.9531,3.1375,0.032,0.098
128,8192,orientation_cued_D0,0.22642,0.9375,3.2027,0.039,0.002
129,8256,orientation_cued_D0,0.18218,0.9375,2.9113,0.038,0.002
130,8320,orientation_cued_D0,0.16211,0.9375,4.1026,0.035,0.115
131,8384,orientation_cued_D0,0.13702,1.0000,2.5484,0.034,0.046
132,8448,orientation_cued_D0,0.15723,0.9688,3.8244,0.038,0.003
133,8512,orientation_cued_D0,0.13878,0.9844,5.2876,0.039,0.082
134,8576,orientation_cued_D0,0.14676,0.9531,3.8135,0.033,0.041
135,8640,orientation_cued_D0,0.19554,0.9531,4.2557,0.031,0.003
136,8704,orientation_cued_D0,0.15139,0.9844,4.0782,0.040,0.063
137,8768,orientation_cued_D0,0.16486,0.9688,5.6851,0.037,0.033
138,8832,orientation_cued_D0,0.12511,0.9844,3.3445,0.040,0.002
139,8896,orientation_cued_D0,0.09824,1.0000,2.7548,0.037,0.067
140,8960,orientation_cued_D0,0.13621,0.9531,6.0297,0.035,0.010
141,9024,orientation_cued_D0,0.11857,0.9844,5.5857,0.047,0.041
142,9088,orientation_cued_D0,0.17895,0.9375,5.4152,0.036,0.059
143,9152,orientation_cued_D0,0.11190,0.9688,3.8779,0.053,0.003
144,9216,orientation_cued_D0,0.15451,0.9688,6.2362,0.037,0.011
145,9280,orientation_cued_D0,0.14328,0.9531,5.3247,0.037,0.054
146,9344,orientation_cued_D0,0.07129,1.0000,2.3008,0.021,0.040
147,9408,orientation_cued_D0,0.08100,1.0000,2.8032,0.037,0.056
148,9472,orientation_cued_D0,0.12066,0.9688,3.4887,0.037,0.002
149,9536,orientation_cued_D0,0.16583,0.9219,8.9688,0.029,0.066
150,9600,orientation_cued_D0,0.19107,0.9219,6.4507,0.034,0.066
151,9664,orientation_cued_D0,0.08629,0.9688,3.7806,0.027,0.005
152,9728,orientation_cued_D0,0.13082,0.9375,4.5349,0.034,0.033
153,9792,orientation_cued_D0,0.12817,0.9688,5.3223,0.032,0.063
154,9856,orientation_cued_D0,0.11414,0.9688,3.5055,0.029,0.016
155,9920,orientation_cued_D0,0.08902,1.0000,2.8633,0.028,0.035
156,9984,orientation_cued_D0,0.10217,0.9688,4.0139,0.031,0.092
157,10048,orientation_cued_D0,0.11917,0.9688,4.6084,0.028,0.004
158,10112,orientation_cued_D0,0.13697,0.9531,5.2289,0.038,0.050
159,10176,orientation_cued_D0,0.13531,0.9531,5.0643,0.037,0.054
160,10240,orientation_cued_D0,0.13042,0.9531,5.2508,0.029,0.019
161,10304,orientation_cued_D0,0.07332,0.9844,3.3607,0.029,0.044
162,10368,orientation_cued_D0,0.14065,0.9688,4.8267,0.035,0.048
163,10432,orientation_cued_D0,0.07950,1.0000,3.2363,0.028,0.022
164,10496,orientation_cued_D0,0.12554,0.9688,6.6055,0.033,0.046
165,10560,orientation_cued_D0,0.11115,1.0000,4.2642,0.031,0.075
166,10624,orientation_cued_D0,0.04980,1.0000,2.0540,0.036,0.002
167,10688,orientation_cued_D0,0.06457,0.9844,3.7147,0.030,0.023
168,10752,orientation_cued_D0,0.09153,0.9688,4.4412,0.033,0.074
169,10816,orientation_cued_D0,0.04506,1.0000,2.1175,0.025,0.003
170,10880,orientation_cued_D0,0.10503,0.9688,5.4767,0.029,0.039
171,10944,orientation_cued_D0,0.08067,0.9844,4.5919,0.034,0.060
172,11008,orientation_cued_D0,0.06827,0.9688,3.9674,0.036,0.056
173,11072,orientation_cued_D0,0.04379,1.0000,1.8026,0.030,0.002
174,11136,orientation_cued_D0,0.07029,0.9844,6.5002,0.027,0.075
175,11200,orientation_cued_D0,0.07967,0.9844,3.7487,0.035,0.023
176,11264,orientation_cued_D0,0.08227,0.9688,3.9637,0.030,0.010
177,11328,orientation_cued_D0,0.05389,1.0000,3.4108,0.035,0.109
178,11392,orientation_cued_D0,0.03560,1.0000,1.6486,0.031,0.003
179,11456,orientation_cued_D0,0.07515,0.9844,4.8679,0.033,0.003
180,11520,orientation_cued_D0,0.05445,0.9688,4.1973,0.031,0.090
181,11584,orientation_cued_D0,0.06848,0.9844,5.3593,0.035,0.003
182,11648,orientation_cued_D0,0.10835,0.9688,7.8489,0.031,0.016
183,11712,orientation_cued_D0,0.03997,1.0000,1.4088,0.040,0.075
184,11776,orientation_cued_D0,0.06623,0.9844,3.4479,0.033,0.027
185,11840,orientation_cued_D0,0.08504,0.9844,6.9226,0.029,0.003
186,11904,orientation_cued_D0,0.07958,0.9531,4.6889,0.027,0.045
187,11968,orientation_cued_D0,0.06510,0.9688,4.8955,0.035,0.087
188,12032,orientation_cued_D0,0.03925,1.0000,2.0282,0.041,0.003
189,12096,orientation_cued_D0,0.06743,0.9844,5.8062,0.033,0.008
190,12160,orientation_cued_D0,0.02488,1.0000,1.0903,0.032,0.080
191,12224,orientation_cued_D0,0.07252,0.9844,4.5909,0.035,0.015
192,12288,orientation_cued_D0,0.05757,0.9688,2.7005,0.030,0.002
193,12352,orientation_cued_D0,0.11209,0.9688,6.5315,0.039,0.081
194,12416,orientation_cued_D0,0.06893,0.9844,5.3461,0.033,0.035
195,12480,orientation_cued_D0,0.07613,0.9688,5.4831,0.034,0.003
196,12544,orientation_cued_D0,0.03843,1.0000,2.3135,0.032,0.052
197,12608,orientation_cued_D0,0.05931,1.0000,3.1762,0.036,0.024
198,12672,orientation_cued_D0,0.04351,1.0000,2.4871,0.038,0.032
199,12736,orientation_cued_D0,0.05302,0.9844,4.1515,0.028,0.034
200,12800,orientation_cued_D0,0.05782,0.9844,3.5107,0.032,0.033
201,12864,orientation_cued_D0,0.03995,0.9844,2.5348,0.036,0.004
202,12928,orientation_cued_D0,0.03119,0.9844,1.7474,0.029,0.005
203,12992,orientation_cued_D0,0.04655,0.9844,4.8692,0.039,0.007
204,13056,orientation_cued_D0,0.07605,0.9844,5.2221,0.030,0.006
205,13120,orientation_cued_D0,0.06990,0.9688,5.5377,0.033,0.004
206,13184,orientation_cued_D0,0.03797,0.9844,2.9443,0.035,0.008
207,13248,orientation_cued_D0,0.04339,0.9844,3.5128,0.034,0.005
208,13312,orientation_cued_D0,0.04310,1.0000,3.7207,0.047,0.008
209,13376,orientation_cued_D0,0.04290,1.0000,2.6321,0.025,0.005
210,13440,orientation_cued_D0,0.04278,1.0000,2.3756,0.036,0.007
211,13504,orientation_cued_D0,0.02573,1.0000,1.7720,0.038,0.007
212,13568,orientation_cued_D0,0.02002,1.0000,1.0851,0.029,0.005
213,13632,orientation_cued_D0,0.03287,1.0000,2.6199,0.042,0.008
214,13696,orientation_cued_D0,0.01560,1.0000,0.9416,0.038,0.007
215,13760,orientation_cued_D0,0.02114,1.0000,1.4841,0.043,0.002
216,13824,orientation_cued_D0,0.03525,0.9844,4.0749,0.040,0.008
217,13888,orientation_cued_D0,0.03491,1.0000,1.9386,0.057,0.004
218,13952,orientation_cued_D0,0.02697,1.0000,1.9681,0.046,0.005
219,14016,orientation_cued_D0,0.02888,1.0000,2.1009,0.044,0.021
220,14080,orientation_cued_D0,0.01828,1.0000,1.2077,0.044,0.034
221,14144,orientation_cued_D0,0.03173,1.0000,3.4609,0.039,0.062
222,14208,orientation_cued_D0,0.04574,0.9844,3.3879,0.041,0.003
223,14272,orientation_cued_D0,0.03108,1.0000,1.9413,0.037,0.039
224,14336,orientation_cued_D0,0.03015,1.0000,2.0721,0.038,0.069
225,14400,orientation_cued_D0,0.10237,0.9531,6.8689,0.045,0.002
226,14464,orientation_cued_D0,0.04824,1.0000,3.4669,0.034,0.035
227,14528,orientation_cued_D0,0.03722,0.9844,4.3090,0.038,0.039
228,14592,orientation_cued_D0,0.04452,0.9688,4.6033,0.037,0.099
229,14656,orientation_cued_D0,0.03170,1.0000,3.5532,0.040,0.005
230,14720,orientation_cued_D0,0.04001,0.9844,3.4934,0.033,0.003
231,14784,orientation_cued_D0,0.02324,1.0000,1.6482,0.047,0.089
232,14848,orientation_cued_D0,0.02123,1.0000,1.8805,0.044,0.016
233,14912,orientation_cued_D0,0.06015,0.9844,7.0499,0.037,0.002
234,14976,orientation_cued_D0,0.04485,0.9844,3.6915,0.040,0.071
235,15040,orientation_cued_D0,0.06147,0.9844,6.3982,0.031,0.028
236,15104,orientation_cued_D0,0.01487,1.0000,1.0596,0.033,0.010
237,15168,orientation_cued_D0,0.02786,1.0000,2.9451,0.040,0.084
238,15232,orientation_cued_D0,0.02161,1.0000,1.7071,0.037,0.003
239,15296,orientation_cued_D0,0.03556,0.9844,4.2726,0.040,0.024
240,15360,orientation_cued_D0,0.00998,1.0000,1.0358,0.030,0.063
241,15424,orientation_cued_D0,0.02615,1.0000,2.2497,0.036,0.006
242,15488,orientation_cued_D0,0.04152,0.9844,4.0146,0.035,0.067
243,15552,orientation_cued_D0,0.05801,0.9531,7.7099,0.037,0.075
244,15616,orientation_cued_D0,0.04272,0.9844,4.6733,0.037,0.003
245,15680,orientation_cued_D0,0.08179,0.9688,7.3394,0.034,0.031
246,15744,orientation_cued_D0,0.02778,1.0000,3.7645,0.021,0.055
247,15808,orientation_cued_D0,0.02023,1.0000,1.8274,0.027,0.003
248,15872,orientation_cued_D0,0.06818,0.9688,5.7253,0.043,0.107
249,15936,orientation_cued_D0,0.02475,1.0000,3.3440,0.045,0.003
250,16000,orientation_cued_D0,0.03943,0.9844,4.4408,0.034,0.003
251,16064,orientation_cued_D0,0.02924,1.0000,3.1965,0.032,0.080
252,16128,orientation_cued_D0,0.02123,1.0000,1.5715,0.029,0.003
253,16192,orientation_cued_D0,0.04804,0.9844,4.8770,0.031,0.033
254,16256,orientation_cued_D0,0.03415,1.0000,3.5723,0.033,0.113
255,16320,orientation_cued_D0,0.02243,1.0000,1.6468,0.035,0.003
256,16384,orientation_cued_D0,0.04043,0.9844,3.3161,0.023,0.002
257,16448,orientation_cued_D0,0.04787,0.9688,5.2145,0.040,0.106
258,16512,orientation_cued_D0,0.02290,1.0000,2.9409,0.039,0.007
259,16576,orientation_cued_D0,0.01063,1.0000,1.3179,0.033,0.002
260,16640,orientation_cued_D0,0.01585,1.0000,2.0913,0.029,0.075
261,16704,orientation_cued_D0,0.02188,1.0000,2.0446,0.032,0.040
262,16768,orientation_cued_D0,0.02179,1.0000,2.8113,0.033,0.003
263,16832,orientation_cued_D0,0.01154,1.0000,1.0967,0.044,0.076
264,16896,orientation_cued_D0,0.05984,0.9688,8.2514,0.041,0.017
265,16960,orientation_cued_D0,0.01143,1.0000,1.1939,0.029,0.003
266,17024,orientation_cued_D0,0.02428,1.0000,4.0107,0.042,0.068
267,17088,orientation_cued_D0,0.01365,1.0000,1.3738,0.030,0.040
268,17152,orientation_cued_D0,0.03835,0.9844,5.6968,0.027,0.002
269,17216,orientation_cued_D0,0.01652,1.0000,2.5167,0.034,0.055
270,17280,orientation_cued_D0,0.07759,0.9844,4.4875,0.040,0.050
271,17344,orientation_cued_D0,0.01168,1.0000,0.8039,0.031,0.029
272,17408,orientation_cued_D0,0.01881,1.0000,1.9964,0.044,0.004
273,17472,orientation_cued_D0,0.01377,1.0000,2.1069,0.035,0.042
274,17536,orientation_cued_D0,0.02076,1.0000,2.2495,0.038,0.045
275,17600,orientation_cued_D0,0.03166,0.9844,6.5764,0.042,0.003
276,17664,orientation_cued_D0,0.05011,0.9844,5.2270,0.035,0.034
277,17728,orientation_cued_D0,0.01995,1.0000,2.3613,0.036,0.052
278,17792,orientation_cued_D0,0.04425,0.9688,8.2695,0.046,0.012
279,17856,orientation_cued_D0,0.01491,1.0000,1.9753,0.028,0.028
280,17920,orientation_cued_D0,0.01147,1.0000,0.8403,0.045,0.086
281,17984,orientation_cued_D0,0.01831,1.0000,2.6725,0.045,0.004
282,18048,orientation_cued_D0,0.04103,0.9688,5.1836,0.042,0.003
283,18112,orientation_cued_D0,0.04405,0.9844,4.6535,0.045,0.095
284,18176,orientation_cued_D0,0.04842,0.9688,7.4634,0.041,0.003
285,18240,orientation_cued_D0,0.06703,0.9688,6.7422,0.031,0.015
286,18304,orientation_cued_D0,0.02979,0.9844,4.8352,0.024,0.079
287,18368,orientation_cued_D0,0.01146,1.0000,1.7209,0.020,0.003
288,18432,orientation_cued_D0,0.01963,1.0000,2.2219,0.018,0.015
289,18496,orientation_cued_D0,0.03198,0.9844,4.5896,0.018,0.099
290,18560,orientation_cued_D0,0.05515,0.9844,5.5056,0.020,0.003
291,18624,orientation_cued_D0,0.06044,0.9688,6.2565,0.019,0.017
292,18688,orientation_cued_D0,0.02485,1.0000,2.5220,0.019,0.108
293,18752,orientation_cued_D0,0.03043,0.9844,5.3953,0.019,0.009
294,18816,orientation_cued_D0,0.01964,0.9844,2.9640,0.018,0.016
295,18880,orientation_cued_D0,0.03156,0.9844,4.3841,0.019,0.097
296,18944,orientation_cued_D0,0.03591,0.9844,5.9937,0.018,0.017
297,19008,orientation_cued_D0,0.01890,1.0000,2.9554,0.018,0.002
298,19072,orientation_cued_D0,0.07596,0.9844,10.0993,0.040,0.095
299,19136,orientation_cued_D0,0.05254,0.9688,6.2613,0.031,0.012
300,19200,orientation_cued_D0,0.01780,1.0000,2.5471,0.032,0.002
301,19264,orientation_cued_D0,0.01701,1.0000,2.5096,0.040,0.068
302,19328,orientation_cued_D0,0.02186,1.0000,3.2315,0.040,0.027
303,19392,orientation_cued_D0,0.06147,0.9531,10.2406,0.034,0.003
304,19456,orientation_cued_D0,0.03210,1.0000,4.2512,0.042,0.061
305,19520,orientation_cued_D0,0.06877,0.9688,7.1824,0.031,0.032
306,19584,orientation_cued_D0,0.02598,1.0000,3.2990,0.030,0.003
307,19648,orientation_cued_D0,0.03208,0.9844,4.4444,0.032,0.075
308,19712,orientation_cued_D0,0.03434,0.9844,5.0430,0.041,0.084
309,19776,orientation_cued_D0,0.01772,1.0000,3.2208,0.033,0.018
310,19840,orientation_cued_D0,0.04781,0.9844,6.1891,0.035,0.048
311,19904,orientation_cued_D0,0.02654,0.9844,4.9567,0.037,0.037
312,19968,orientation_cued_D0,0.01600,1.0000,2.1916,0.037,0.010
313,20032,orientation_cued_D0,0.06003,0.9688,7.7908,0.043,0.082
314,20096,orientation_cued_D0,0.03809,0.9844,4.4840,0.039,0.012
315,20160,orientation_cued_D0,0.00504,1.0000,0.3686,0.040,0.004
316,20224,orientation_cued_D0,0.07377,0.9844,5.6994,0.042,0.108
317,20288,orientation_cued_D0,0.03117,0.9844,4.5814,0.041,0.004
318,20352,orientation_cued_D0,0.03004,0.9844,6.2428,0.044,0.003
319,20416,orientation_cued_D0,0.02398,0.9844,3.3847,0.047,0.088
320,20480,orientation_cued_D0,0.04675,0.9844,6.1450,0.040,0.004
321,20544,orientation_cued_D0,0.01867,1.0000,1.8442,0.033,0.003
322,20608,orientation_cued_D0,0.00998,1.0000,1.3310,0.041,0.085
323,20672,orientation_cued_D0,0.01761,1.0000,2.8265,0.037,0.003
324,20736,orientation_cued_D0,0.01832,1.0000,2.7736,0.035,0.018
325,20800,orientation_cued_D0,0.02219,1.0000,2.8343,0.042,0.071
326,20864,orientation_cued_D0,0.01358,1.0000,1.7419,0.034,0.007
327,20928,orientation_cued_D0,0.03066,1.0000,4.1214,0.036,0.003
328,20992,orientation_cued_D0,0.04965,0.9844,7.6668,0.043,0.072
329,21056,orientation_cued_D0,0.01886,1.0000,2.6207,0.035,0.003
330,21120,orientation_cued_D0,0.01578,1.0000,3.2206,0.031,0.018
331,21184,orientation_cued_D0,0.02484,0.9844,4.7515,0.034,0.105
332,21248,orientation_cued_D0,0.01733,1.0000,2.6298,0.037,0.002
333,21312,orientation_cued_D0,0.01532,0.9844,4.1882,0.025,0.002
334,21376,orientation_cued_D0,0.05310,0.9844,9.9923,0.032,0.110
335,21440,orientation_cued_D0,0.01552,1.0000,2.6522,0.035,0.025
336,21504,orientation_cued_D0,0.01444,1.0000,2.0030,0.030,0.003
337,21568,orientation_cued_D0,0.02302,1.0000,3.5814,0.035,0.083
338,21632,orientation_cued_D0,0.02514,1.0000,4.2619,0.027,0.034
339,21696,orientation_cued_D0,0.00674,1.0000,0.9543,0.026,0.003
340,21760,orientation_cued_D0,0.02992,1.0000,5.0703,0.023,0.081
341,21824,orientation_cued_D0,0.02140,0.9844,3.2506,0.041,0.049
342,21888,orientation_cued_D0,0.03486,0.9844,5.2860,0.029,0.003
343,21952,orientation_cued_D0,0.01451,1.0000,2.2075,0.028,0.068
344,22016,orientation_cued_D0,0.01138,1.0000,1.9040,0.049,0.050
345,22080,orientation_cued_D0,0.01087,1.0000,2.1236,0.040,0.003
346,22144,orientation_cued_D0,0.01363,1.0000,2.0466,0.037,0.043
347,22208,orientation_cued_D0,0.04882,0.9844,8.1097,0.034,0.042
348,22272,orientation_cued_D0,0.01187,1.0000,4.8607,0.038,0.003
349,22336,orientation_cued_D0,0.03783,0.9844,6.6297,0.028,0.070
350,22400,orientation_cued_D0,0.05051,0.9844,9.8947,0.035,0.077
351,22464,orientation_cued_D0,0.01546,1.0000,2.0521,0.042,0.022
352,22528,orientation_cued_D0,0.00961,1.0000,2.1116,0.034,0.050
353,22592,orientation_cued_D0,0.05782,0.9844,10.6092,0.030,0.028
354,22656,orientation_cued_D0,0.06556,0.9844,5.1375,0.033,0.030
355,22720,orientation_cued_D0,0.05042,0.9844,6.8286,0.035,0.064
356,22784,orientation_cued_D0,0.00999,1.0000,1.8429,0.048,0.036
357,22848,orientation_cued_D0,0.02538,1.0000,4.0788,0.035,0.003
358,22912,orientation_cued_D0,0.01628,1.0000,2.5583,0.038,0.079
359,22976,orientation_cued_D0,0.01936,0.9844,3.1166,0.030,0.012
360,23040,orientation_cued_D0,0.02049,0.9844,3.9133,0.032,0.008
361,23104,orientation_cued_D0,0.06909,0.9844,7.4671,0.038,0.130
362,23168,orientation_cued_D0,0.02090,0.9844,3.8863,0.026,0.002
363,23232,orientation_cued_D0,0.04757,0.9844,5.8840,0.036,0.003
364,23296,orientation_cued_D0,0.01901,1.0000,3.2255,0.048,0.105
365,23360,orientation_cued_D0,0.01319,1.0000,2.8624,0.025,0.002
366,23424,orientation_cued_D0,0.06473,0.9844,6.4236,0.042,0.003
367,23488,orientation_cued_D0,0.00506,1.0000,0.5526,0.034,0.134
368,23552,orientation_cued_D0,0.00533,1.0000,0.6190,0.052,0.003
369,23616,orientation_cued_D0,0.01417,1.0000,3.2084,0.041,0.037
370,23680,orientation_cued_D0,0.02622,0.9844,6.4089,0.028,0.042
371,23744,orientation_cued_D0,0.02371,0.9844,5.5457,0.039,0.044
372,23808,orientation_cued_D0,0.01963,1.0000,4.1259,0.034,0.086
373,23872,orientation_cued_D0,0.03164,0.9844,4.5239,0.033,0.003
374,23936,orientation_cued_D0,0.01238,1.0000,2.3455,0.038,0.004
375,24000,orientation_cued_D0,0.03650,0.9844,5.7835,0.038,0.142
376,24064,orientation_cued_D0,0.00744,1.0000,1.1442,0.032,0.002
377,24128,orientation_cued_D0,0.05838,0.9688,9.2668,0.043,0.003
378,24192,orientation_cued_D0,0.01705,1.0000,3.1192,0.035,0.085
379,24256,orientation_cued_D0,0.03642,0.9844,5.9590,0.030,0.003
380,24320,orientation_cued_D0,0.01060,1.0000,2.8740,0.045,0.003
381,24384,orientation_cued_D0,0.04640,0.9844,5.6214,0.038,0.109
382,24448,orientation_cued_D0,0.00438,1.0000,0.3773,0.037,0.003
383,24512,orientation_cued_D0,0.05460,0.9688,9.6735,0.036,0.003
384,24576,orientation_cued_D0,0.07881,0.9531,7.2907,0.038,0.088
385,24640,orientation_cued_D0,0.01240,1.0000,2.1767,0.048,0.003
386,24704,orientation_cued_D0,0.00701,1.0000,1.2458,0.034,0.004
387,24768,orientation_cued_D0,0.04948,0.9688,7.8756,0.045,0.076
388,24832,orientation_cued_D0,0.00353,1.0000,0.6243,0.041,0.032
389,24896,orientation_cued_D0,0.00851,1.0000,1.5568,0.042,0.006
390,24960,orientation_cued_D0,0.03711,0.9844,5.7138,0.044,0.079
391,25024,orientation_cued_D0,0.01046,1.0000,1.8187,0.043,0.022
392,25088,orientation_cued_D0,0.02717,1.0000,6.0108,0.044,0.035
393,25152,orientation_cued_D0,0.01627,1.0000,3.5816,0.038,0.062
394,25216,orientation_cued_D0,0.02771,0.9844,5.9913,0.040,0.003
395,25280,orientation_cued_D0,0.00452,1.0000,0.6805,0.039,0.081
396,25344,orientation_cued_D0,0.01414,1.0000,2.1545,0.034,0.002
397,25408,orientation_cued_D0,0.00541,1.0000,0.7995,0.045,0.117
398,25472,orientation_cued_D0,0.01110,1.0000,2.4332,0.035,0.003
399,25536,orientation_cued_D0,0.03127,0.9844,6.4161,0.030,0.002
400,25600,orientation_cued_D0,0.05320,0.9688,8.0252,0.031,0.159
401,25664,orientation_cued_D0,0.00607,1.0000,0.8231,0.040,0.004
402,25728,orientation_cued_D0,0.00972,1.0000,2.5872,0.029,0.005
403,25792,orientation_cued_D0,0.03029,0.9844,4.5212,0.036,0.009
404,25856,orientation_cued_D0,0.00555,1.0000,0.6104,0.037,0.007
405,25920,orientation_cued_D0,0.00532,1.0000,0.4685,0.025,0.007
406,25984,orientation_cued_D0,0.00750,1.0000,1.4649,0.037,0.007
407,26048,orientation_cued_D0,0.00688,1.0000,1.2163,0.052,0.009
408,26112,orientation_cued_D0,0.00380,1.0000,0.5509,0.034,0.008
409,26176,orientation_cued_D0,0.00547,1.0000,0.7867,0.026,0.005
410,26240,orientation_cued_D0,0.01527,1.0000,3.0552,0.036,0.005
411,26304,orientation_cued_D0,0.00434,1.0000,0.6781,0.039,0.005
412,26368,orientation_cued_D0,0.06958,0.9844,9.7502,0.034,0.005
413,26432,orientation_cued_D0,0.00658,1.0000,1.2113,0.032,0.002
414,26496,orientation_cued_D0,0.00739,1.0000,0.9711,0.040,0.005
415,26560,orientation_cued_D0,0.00474,1.0000,0.7994,0.027,0.005
416,26624,orientation_cued_D0,0.00616,1.0000,1.1681,0.022,0.002
417,26688,orientation_cued_D0,0.00682,1.0000,0.8247,0.025,0.002
418,26752,orientation_cued_D0,0.01450,1.0000,2.8359,0.029,0.061
419,26816,orientation_cued_D0,0.00600,1.0000,1.3205,0.031,0.032
420,26880,orientation_cued_D0,0.01214,1.0000,3.6198,0.031,0.010
421,26944,orientation_cued_D0,0.06282,0.9844,8.9567,0.039,0.066
422,27008,orientation_cued_D0,0.00768,1.0000,3.2410,0.029,0.030
423,27072,orientation_cued_D0,0.01039,1.0000,1.4532,0.040,0.111
424,27136,orientation_cued_D0,0.02022,0.9844,4.5972,0.032,0.003
425,27200,orientation_cued_D0,0.03645,0.9844,6.6625,0.035,0.002
426,27264,orientation_cued_D0,0.00403,1.0000,0.5967,0.031,0.072
427,27328,orientation_cued_D0,0.00747,1.0000,1.5417,0.030,0.014
428,27392,orientation_cued_D0,0.00785,1.0000,1.7300,0.029,0.002
429,27456,orientation_cued_D0,0.07081,0.9844,7.3954,0.030,0.082
430,27520,orientation_cued_D0,0.02734,0.9844,6.0828,0.020,0.039
431,27584,orientation_cued_D0,0.02265,1.0000,4.2229,0.030,0.011
432,27648,orientation_cued_D0,0.01810,1.0000,3.3031,0.025,0.062
433,27712,orientation_cued_D0,0.00468,1.0000,0.7240,0.037,0.030
434,27776,orientation_cued_D0,0.00718,1.0000,1.7117,0.028,0.047
435,27840,orientation_cued_D0,0.01307,1.0000,3.3897,0.038,0.031
436,27904,orientation_cued_D0,0.01670,1.0000,3.5652,0.038,0.016
437,27968,orientation_cued_D0,0.00440,1.0000,0.6672,0.037,0.080
438,28032,orientation_cued_D0,0.00654,1.0000,0.9238,0.043,0.004
439,28096,orientation_cued_D0,0.00392,1.0000,0.4124,0.029,0.014
440,28160,orientation_cued_D0,0.00446,1.0000,0.6102,0.043,0.115
441,28224,orientation_cued_D0,0.01270,1.0000,2.5840,0.044,0.004
442,28288,orientation_cued_D0,0.02158,0.9844,3.5860,0.040,0.004
443,28352,orientation_cued_D0,0.01829,1.0000,5.3523,0.044,0.068
444,28416,orientation_cued_D0,0.03227,0.9844,8.9646,0.033,0.003
445,28480,orientation_cued_D0,0.01364,1.0000,2.0286,0.036,0.021
446,28544,orientation_cued_D0,0.01692,1.0000,3.7289,0.037,0.055
447,28608,orientation_cued_D0,0.01710,1.0000,3.9944,0.034,0.050
448,28672,orientation_cued_D0,0.00295,1.0000,0.4978,0.030,0.002
449,28736,orientation_cued_D0,0.00345,1.0000,0.3327,0.037,0.067
450,28800,orientation_cued_D0,0.00314,1.0000,0.2315,0.024,0.061
451,28864,orientation_cued_D0,0.02234,0.9844,6.5967,0.031,0.002
452,28928,orientation_cued_D0,0.01331,1.0000,3.3258,0.034,0.027
453,28992,orientation_cued_D0,0.01062,1.0000,2.3674,0.045,0.087
454,29056,orientation_cued_D0,0.00521,1.0000,0.7877,0.038,0.003
455,29120,orientation_cued_D0,0.00934,1.0000,1.9074,0.038,0.047
456,29184,orientation_cued_D0,0.01211,1.0000,2.8576,0.046,0.054
457,29248,orientation_cued_D0,0.00900,1.0000,2.0501,0.032,0.003
458,29312,orientation_cued_D0,0.01473,1.0000,3.0275,0.039,0.052
459,29376,orientation_cued_D0,0.00724,1.0000,1.4134,0.041,0.068
460,29440,orientation_cued_D0,0.00697,1.0000,1.5520,0.050,0.008
461,29504,orientation_cued_D0,0.08100,0.9688,11.2924,0.035,0.057
462,29568,orientation_cued_D0,0.00379,1.0000,0.9866,0.057,0.042
463,29632,orientation_cued_D0,0.00933,1.0000,3.0995,0.030,0.010
464,29696,orientation_cued_D0,0.03409,0.9844,8.2126,0.053,0.119
465,29760,orientation_cued_D0,0.01690,1.0000,3.9360,0.042,0.004
466,29824,orientation_cued_D0,0.08953,0.9844,6.1910,0.044,0.003
467,29888,orientation_cued_D0,0.04613,0.9844,7.7028,0.042,0.105
468,29952,orientation_cued_D0,0.00542,1.0000,1.0910,0.045,0.003
469,30016,orientation_cued_D0,0.01565,1.0000,3.9759,0.025,0.003
470,30080,orientation_cued_D0,0.00303,1.0000,0.5903,0.030,0.082
471,30144,orientation_cued_D0,0.00910,1.0000,3.2158,0.059,0.003
472,30208,orientation_cued_D0,0.01215,1.0000,1.9152,0.033,0.014
473,30272,orientation_cued_D0,0.02673,0.9844,9.9457,0.040,0.082
474,30336,orientation_cued_D0,0.00888,1.0000,1.8612,0.038,0.012
475,30400,orientation_cued_D0,0.05862,0.9688,13.8691,0.032,0.009
476,30464,orientation_cued_D0,0.01487,1.0000,3.4431,0.036,0.158
477,30528,orientation_cued_D0,0.01902,1.0000,3.4237,0.056,0.003
478,30592,orientation_cued_D0,0.01464,1.0000,3.8331,0.038,0.004
479,30656,orientation_cued_D0,0.00385,1.0000,0.7399,0.041,0.100
480,30720,orientation_cued_D0,0.04853,0.9844,5.7854,0.032,0.003
481,30784,orientation_cued_D0,0.06844,0.9688,9.3912,0.042,0.003
482,30848,orientation_cued_D0,0.00660,1.0000,2.3131,0.031,0.080
483,30912,orientation_cued_D0,0.03380,0.9844,7.9982,0.033,0.022
484,30976,orientation_cued_D0,0.02505,0.9844,5.9097,0.020,0.002
485,31040,orientation_cued_D0,0.04462,0.9844,9.5178,0.033,0.094
486,31104,orientation_cued_D0,0.00710,1.0000,1.9846,0.036,0.037
487,31168,orientation_cued_D0,0.01516,1.0000,2.2778,0.035,0.003
488,31232,orientation_cued_D0,0.00512,1.0000,0.9866,0.042,0.056
489,31296,orientation_cued_D0,0.05285,0.9688,10.4110,0.034,0.043
490,31360,orientation_cued_D0,0.02119,1.0000,6.2054,0.047,0.004
491,31424,orientation_cued_D0,0.00828,1.0000,2.5266,0.042,0.025
492,31488,orientation_cued_D0,0.01573,0.9844,4.8751,0.035,0.045
493,31552,orientation_cued_D0,0.00733,1.0000,1.4957,0.033,0.025
494,31616,orientation_cued_D0,0.02140,1.0000,5.6242,0.044,0.021
495,31680,orientation_cued_D0,0.00640,1.0000,0.9943,0.030,0.034
496,31744,orientation_cued_D0,0.00750,1.0000,2.0542,0.028,0.074
497,31808,orientation_cued_D0,0.01822,1.0000,3.1895,0.026,0.002
498,31872,orientation_cued_D0,0.04257,0.9844,9.2723,0.032,0.034
499,31936,orientation_cued_D0,0.01192,1.0000,3.4583,0.041,0.087
500,32000,orientation_cued_D0,0.04471,0.9844,12.1936,0.029,0.004
501,32064,orientation_cued_D0,0.02850,0.9844,7.6689,0.037,0.006
502,32128,orientation_cued_D0,0.08151,0.9688,14.0536,0.036,0.096
503,32192,orientation_cued_D0,0.06053,0.9844,7.6007,0.036,0.003
504,32256,orientation_cued_D0,0.01217,1.0000,3.2066,0.031,0.003
505,32320,orientation_cued_D0,0.00294,1.0000,0.3455,0.039,0.089
506,32384,orientation_cued_D0,0.00923,1.0000,1.3964,0.039,0.010
507,32448,orientation_cued_D0,0.02033,0.9844,6.1914,0.049,0.003
508,32512,orientation_cued_D0,0.01002,1.0000,3.8868,0.039,0.063
509,32576,orientation_cued_D0,0.10215,0.9531,18.1406,0.041,0.031
510,32640,orientation_cued_D0,0.01048,1.0000,2.2622,0.033,0.021
511,32704,orientation_cued_D0,0.00327,1.0000,0.6038,0.044,0.074
512,32768,orientation_cued_D0,0.00789,1.0000,1.8214,0.033,0.004
513,32832,orientation_cued_D0,0.01647,1.0000,2.9790,0.032,0.015
514,32896,orientation_cued_D0,0.00540,1.0000,0.9040,0.040,0.111
515,32960,orientation_cued_D0,0.01287,1.0000,3.1558,0.042,0.003
516,33024,orientation_cued_D0,0.02809,0.9844,8.6653,0.022,0.003
517,33088,orientation_cued_D0,0.00605,1.0000,0.8360,0.033,0.082
518,33152,orientation_cued_D0,0.02066,1.0000,2.5488,0.022,0.031
519,33216,orientation_cued_D0,0.01966,1.0000,4.3698,0.028,0.002
520,33280,orientation_cued_D0,0.02184,0.9844,4.6170,0.041,0.106
521,33344,orientation_cued_D0,0.01063,1.0000,3.3917,0.038,0.021
522,33408,orientation_cued_D0,0.00927,1.0000,2.6300,0.030,0.003
523,33472,orientation_cued_D0,0.02385,1.0000,4.1477,0.044,0.074
524,33536,orientation_cued_D0,0.00230,1.0000,0.2912,0.059,0.032
525,33600,orientation_cued_D0,0.00192,1.0000,0.2330,0.036,0.003
526,33664,orientation_cued_D0,0.03256,0.9844,7.8575,0.032,0.044
527,33728,orientation_cued_D0,0.04072,0.9688,6.0132,0.025,0.045
528,33792,orientation_cued_D0,0.01620,0.9844,3.6719,0.031,0.003
529,33856,orientation_cued_D0,0.00538,1.0000,0.7470,0.033,0.065
530,33920,orientation_cued_D0,0.00192,1.0000,0.1454,0.028,0.071
531,33984,orientation_cued_D0,0.00846,1.0000,1.4483,0.054,0.047
532,34048,orientation_cued_D0,0.00885,1.0000,2.0403,0.032,0.005
533,34112,orientation_cued_D0,0.03596,0.9844,7.8351,0.041,0.062
534,34176,orientation_cued_D0,0.00512,1.0000,1.1361,0.033,0.074
535,34240,orientation_cued_D0,0.00664,1.0000,1.5992,0.030,0.003
536,34304,orientation_cued_D0,0.02102,1.0000,4.1201,0.026,0.020
537,34368,orientation_cued_D0,0.03973,0.9844,7.5735,0.024,0.098
538,34432,orientation_cued_D0,0.02904,0.9844,5.5113,0.027,0.009
539,34496,orientation_cued_D0,0.01778,1.0000,4.4537,0.034,0.015
540,34560,orientation_cued_D0,0.00276,1.0000,0.3292,0.042,0.095
541,34624,orientation_cued_D0,0.00635,1.0000,1.6583,0.039,0.026
542,34688,orientation_cued_D0,0.00680,1.0000,1.2402,0.035,0.003
543,34752,orientation_cued_D0,0.00349,1.0000,0.8289,0.037,0.065
544,34816,orientation_cued_D0,0.00932,1.0000,1.5837,0.036,0.041
545,34880,orientation_cued_D0,0.01386,1.0000,3.2760,0.040,0.031
546,34944,orientation_cued_D0,0.01142,1.0000,2.9025,0.028,0.031
547,35008,orientation_cued_D0,0.03152,0.9688,7.5554,0.042,0.044
548,35072,orientation_cued_D0,0.02655,0.9844,5.9635,0.041,0.044
549,35136,orientation_cued_D0,0.01076,1.0000,3.4052,0.029,0.016
550,35200,orientation_cued_D0,0.05944,0.9844,11.7847,0.031,0.027
551,35264,orientation_cued_D0,0.00938,1.0000,1.8623,0.041,0.112
552,35328,orientation_cued_D0,0.00291,1.0000,0.4731,0.027,0.012
553,35392,orientation_cued_D0,0.09168,0.9688,8.7308,0.049,0.003
554,35456,orientation_cued_D0,0.00915,1.0000,2.3148,0.033,0.093
555,35520,orientation_cued_D0,0.00340,1.0000,0.6045,0.038,0.006
556,35584,orientation_cued_D0,0.05411,0.9688,13.0257,0.035,0.049
557,35648,orientation_cued_D0,0.05231,0.9844,7.2548,0.037,0.037
558,35712,orientation_cued_D0,0.00991,1.0000,3.4867,0.021,0.004
559,35776,orientation_cued_D0,0.02083,0.9844,6.6753,0.034,0.098
560,35840,orientation_cued_D0,0.03170,0.9688,9.4452,0.034,0.011
561,35904,orientation_cued_D0,0.02564,0.9844,3.6795,0.035,0.003
562,35968,orientation_cued_D0,0.00350,1.0000,0.8740,0.038,0.117
563,36032,orientation_cued_D0,0.00316,1.0000,0.6243,0.025,0.003
564,36096,orientation_cued_D0,0.00288,1.0000,0.8024,0.038,0.002
565,36160,orientation_cued_D0,0.01448,1.0000,3.8875,0.032,0.125
566,36224,orientation_cued_D0,0.01942,1.0000,3.6297,0.047,0.003
567,36288,orientation_cued_D0,0.00257,1.0000,0.4902,0.040,0.003
568,36352,orientation_cued_D0,0.00538,1.0000,0.9782,0.033,0.070
569,36416,orientation_cued_D0,0.01268,1.0000,2.7235,0.031,0.003
570,36480,orientation_cued_D0,0.00198,1.0000,0.4880,0.031,0.058
571,36544,orientation_cued_D0,0.00833,1.0000,1.6746,0.038,0.104
572,36608,orientation_cued_D0,0.05060,0.9688,11.1256,0.030,0.003
573,36672,orientation_cued_D0,0.00475,1.0000,0.9888,0.032,0.069
574,36736,orientation_cued_D0,0.01055,1.0000,2.1161,0.038,0.049
575,36800,orientation_cued_D0,0.00410,1.0000,0.8089,0.046,0.002
576,36864,orientation_cued_D0,0.00517,1.0000,1.2021,0.033,0.046
577,36928,orientation_cued_D0,0.01111,1.0000,2.6842,0.039,0.057
578,36992,orientation_cued_D0,0.02677,0.9844,5.4064,0.044,0.004
579,37056,orientation_cued_D0,0.02807,0.9844,7.0430,0.034,0.047
580,37120,orientation_cued_D0,0.02995,0.9844,6.0110,0.037,0.048
581,37184,orientation_cued_D0,0.00558,1.0000,1.4614,0.034,0.003
582,37248,orientation_cued_D0,0.00272,1.0000,0.3391,0.034,0.031
583,37312,orientation_cued_D0,0.01357,1.0000,3.3491,0.029,0.078
584,37376,orientation_cued_D0,0.00210,1.0000,0.3863,0.037,0.003
585,37440,orientation_cued_D0,0.00916,1.0000,2.1592,0.035,0.048
586,37504,orientation_cued_D0,0.00119,1.0000,0.1433,0.045,0.032
587,37568,orientation_cued_D0,0.06791,0.9844,8.9709,0.036,0.017
588,37632,orientation_cued_D0,0.00463,1.0000,1.0684,0.041,0.083
589,37696,orientation_cued_D0,0.02056,1.0000,4.0727,0.050,0.012
590,37760,orientation_cued_D0,0.00685,1.0000,2.1918,0.040,0.036
591,37824,orientation_cued_D0,0.00336,1.0000,1.0671,0.034,0.097
592,37888,orientation_cued_D0,0.01619,1.0000,4.3655,0.053,0.003
593,37952,orientation_cued_D0,0.01855,0.9844,4.8270,0.030,0.021
594,38016,orientation_cued_D0,0.00533,1.0000,1.1374,0.036,0.080
595,38080,orientation_cued_D0,0.01173,1.0000,4.3418,0.038,0.003
596,38144,orientation_cued_D0,0.02696,0.9844,7.5471,0.037,0.057
597,38208,orientation_cued_D0,0.00492,1.0000,1.1439,0.039,0.022
598,38272,orientation_cued_D0,0.02301,0.9844,5.7341,0.038,0.003
599,38336,orientation_cued_D0,0.00614,1.0000,1.6465,0.047,0.083
600,38400,orientation_cued_D0,0.00538,1.0000,0.9336,0.036,0.004
601,38464,orientation_cued_D0,0.08167,0.9688,18.0453,0.035,0.005
602,38528,orientation_cued_D0,0.02286,0.9844,7.4388,0.036,0.007
603,38592,orientation_cued_D0,0.02256,0.9844,6.1974,0.025,0.007
604,38656,orientation_cued_D0,0.00258,1.0000,0.5518,0.035,0.005
605,38720,orientation_cued_D0,0.01157,1.0000,3.3803,0.036,0.005
606,38784,orientation_cued_D0,0.01538,0.9844,4.6705,0.032,0.008
607,38848,orientation_cued_D0,0.08699,0.9688,11.7497,0.039,0.005
608,38912,orientation_cued_D0,0.03273,0.9844,7.8378,0.031,0.005
609,38976,orientation_cued_D0,0.00743,1.0000,3.1806,0.039,0.005
610,39040,orientation_cued_D0,0.04787,0.9844,7.2170,0.034,0.005
611,39104,orientation_cued_D0,0.01781,1.0000,5.3580,0.033,0.005
612,39168,orientation_cued_D0,0.00519,1.0000,2.0067,0.048,0.005
613,39232,orientation_cued_D0,0.04673,0.9844,8.0982,0.023,0.008
614,39296,orientation_cued_D0,0.02897,0.9844,8.8976,0.035,0.005
615,39360,orientation_cued_D0,0.06049,0.9688,12.4477,0.033,0.005
616,39424,orientation_cued_D0,0.00294,1.0000,1.1449,0.036,0.003
617,39488,orientation_cued_D0,0.17096,0.9531,14.8619,0.021,0.002
618,39552,orientation_cued_D0,0.00487,1.0000,0.7964,0.025,0.003
619,39616,orientation_cued_D0,0.01042,1.0000,3.6487,0.031,0.028
620,39680,orientation_cued_D0,0.01584,1.0000,4.1760,0.042,0.008
621,39744,orientation_cued_D0,0.02024,0.9844,5.3008,0.037,0.097
622,39808,orientation_cued_D0,0.01338,1.0000,5.2948,0.032,0.003
623,39872,orientation_cued_D0,0.00819,1.0000,2.2395,0.032,0.007
624,39936,orientation_cued_D0,0.05105,0.9688,9.1382,0.031,0.089
625,40000,orientation_cued_D0,0.00643,1.0000,1.6384,0.035,0.023
626,40064,orientation_cued_D0,0.04484,0.9844,8.3477,0.030,0.002
627,40128,orientation_cued_D0,0.01338,1.0000,2.7751,0.030,0.074
628,40192,orientation_cued_D0,0.00590,1.0000,0.7626,0.041,0.013
629,40256,orientation_cued_D0,0.01937,1.0000,4.3256,0.032,0.002
630,40320,orientation_cued_D0,0.03715,0.9844,9.4438,0.022,0.072
631,40384,orientation_cued_D0,0.00701,1.0000,1.2040,0.022,0.025
632,40448,orientation_cued_D0,0.01170,1.0000,3.2366,0.018,0.037
633,40512,orientation_cued_D0,0.00789,1.0000,1.0429,0.018,0.072
634,40576,orientation_cued_D0,0.06940,0.9688,15.4284,0.025,0.047
635,40640,orientation_cued_D0,0.06931,0.9688,11.3418,0.023,0.004
636,40704,orientation_cued_D0,0.09207,0.9844,9.7930,0.042,0.060
637,40768,orientation_cued_D0,0.01550,1.0000,5.1729,0.019,0.048
638,40832,orientation_cued_D0,0.02130,0.9844,5.9293,0.018,0.002
639,40896,orientation_cued_D0,0.02418,1.0000,4.5296,0.018,0.048
640,40960,orientation_cued_D0,0.08424,0.9688,13.4318,0.021,0.068
641,41024,orientation_cued_D0,0.00391,1.0000,1.0719,0.022,0.003
642,41088,orientation_cued_D0,0.06612,0.9844,8.1545,0.021,0.036
643,41152,orientation_cued_D0,0.01425,0.9844,5.1860,0.022,0.069
644,41216,orientation_cued_D0,0.04076,0.9688,8.5045,0.021,0.003
645,41280,orientation_cued_D0,0.05760,0.9688,8.5832,0.031,0.037
646,41344,orientation_cued_D0,0.06255,0.9688,11.3422,0.040,0.061
647,41408,orientation_cued_D0,0.04525,0.9844,9.4429,0.039,0.014
648,41472,orientation_cued_D0,0.00876,1.0000,2.1839,0.027,0.003
649,41536,orientation_cued_D0,0.01833,1.0000,4.4191,0.044,0.150
650,41600,orientation_cued_D0,0.03204,0.9844,10.1390,0.039,0.003
651,41664,orientation_cued_D0,0.03045,0.9844,6.9414,0.047,0.003
652,41728,orientation_cued_D0,0.00461,1.0000,1.1238,0.046,0.057
653,41792,orientation_cued_D0,0.00536,1.0000,1.2624,0.036,0.042
654,41856,orientation_cued_D0,0.01208,1.0000,3.8651,0.030,0.017
655,41920,orientation_cued_D0,0.01999,1.0000,4.9889,0.035,0.071
656,41984,orientation_cued_D0,0.00988,1.0000,1.6878,0.055,0.027
657,42048,orientation_cued_D0,0.01405,1.0000,2.2376,0.039,0.003
658,42112,orientation_cued_D0,0.12309,0.9531,12.2188,0.034,0.054
659,42176,orientation_cued_D0,0.12359,0.9688,9.8972,0.029,0.026
660,42240,orientation_cued_D0,0.02552,0.9844,7.9149,0.034,0.002
661,42304,orientation_cued_D0,0.00272,1.0000,0.5327,0.039,0.070
662,42368,orientation_cued_D0,0.00716,1.0000,2.3676,0.037,0.041
663,42432,orientation_cued_D0,0.05994,0.9688,11.8212,0.032,0.002
664,42496,orientation_cued_D0,0.01666,1.0000,3.8231,0.043,0.055
665,42560,orientation_cued_D0,0.00759,1.0000,2.8535,0.044,0.047
666,42624,orientation_cued_D0,0.01887,1.0000,4.3274,0.030,0.004
667,42688,orientation_cued_D0,0.03794,0.9688,9.9188,0.033,0.034
668,42752,orientation_cued_D0,0.01183,1.0000,2.7669,0.059,0.092
669,42816,orientation_cued_D0,0.00349,1.0000,0.7015,0.041,0.004
670,42880,orientation_cued_D0,0.02884,1.0000,7.5680,0.055,0.003
671,42944,orientation_cued_D0,0.00216,1.0000,0.4965,0.044,0.086
672,43008,orientation_cued_D0,0.04100,0.9688,8.3112,0.039,0.004
673,43072,orientation_cued_D0,0.00635,1.0000,2.1391,0.056,0.003
674,43136,orientation_cued_D0,0.02699,0.9844,5.8151,0.040,0.079
675,43200,orientation_cued_D0,0.00282,1.0000,0.4407,0.032,0.004
676,43264,orientation_cued_D0,0.03847,0.9688,10.7454,0.039,0.009
677,43328,orientation_cued_D0,0.02351,0.9844,5.8914,0.038,0.081
678,43392,orientation_cued_D0,0.03951,0.9688,7.8436,0.037,0.022
679,43456,orientation_cued_D0,0.01428,0.9844,4.4497,0.039,0.004
680,43520,orientation_cued_D0,0.03325,0.9844,7.1344,0.043,0.080
681,43584,orientation_cued_D0,0.03834,0.9844,7.2028,0.039,0.038
682,43648,orientation_cued_D0,0.00799,1.0000,3.6233,0.048,0.004
683,43712,orientation_cued_D0,0.00748,1.0000,1.8990,0.037,0.133
684,43776,orientation_cued_D0,0.01132,1.0000,2.6180,0.033,0.011
685,43840,orientation_cued_D0,0.00612,1.0000,0.8961,0.043,0.003
686,43904,orientation_cued_D0,0.00345,1.0000,0.7614,0.041,0.105
687,43968,orientation_cued_D0,0.03041,1.0000,7.7436,0.025,0.003
688,44032,orientation_cued_D0,0.01052,1.0000,2.4226,0.042,0.112
689,44096,orientation_cued_D0,0.00629,1.0000,2.0391,0.033,0.021
690,44160,orientation_cued_D0,0.00782,1.0000,1.6098,0.032,0.003
691,44224,orientation_cued_D0,0.05168,0.9844,9.9244,0.041,0.088
692,44288,orientation_cued_D0,0.00578,1.0000,1.1058,0.032,0.018
693,44352,orientation_cued_D0,0.02066,0.9844,5.6271,0.031,0.002
694,44416,orientation_cued_D0,0.00179,1.0000,0.3152,0.035,0.122
695,44480,orientation_cued_D0,0.01027,1.0000,3.1064,0.038,0.003
696,44544,orientation_cued_D0,0.03293,0.9844,7.5236,0.032,0.013
697,44608,orientation_cued_D0,0.00342,1.0000,0.7120,0.033,0.093
698,44672,orientation_cued_D0,0.00421,1.0000,0.5339,0.035,0.003
699,44736,orientation_cued_D0,0.00209,1.0000,0.3464,0.033,0.002
700,44800,orientation_cued_D0,0.00238,1.0000,0.4022,0.034,0.088
701,44864,orientation_cued_D0,0.00891,1.0000,3.8585,0.031,0.003
702,44928,orientation_cued_D0,0.01929,0.9844,5.1977,0.039,0.010
703,44992,orientation_cued_D0,0.03021,0.9844,6.6808,0.037,0.101
704,45056,orientation_cued_D0,0.00502,1.0000,1.0647,0.040,0.004
705,45120,orientation_cued_D0,0.01207,1.0000,3.4702,0.032,0.003
706,45184,orientation_cued_D0,0.00260,1.0000,0.9605,0.033,0.104
707,45248,orientation_cued_D0,0.00647,1.0000,2.2460,0.031,0.003
708,45312,orientation_cued_D0,0.00998,1.0000,4.1133,0.034,0.002
709,45376,orientation_cued_D0,0.01388,1.0000,3.4194,0.033,0.147
710,45440,orientation_cued_D0,0.01121,1.0000,6.5255,0.034,0.002
711,45504,orientation_cued_D0,0.06397,0.9844,5.6755,0.032,0.009
712,45568,orientation_cued_D0,0.01361,1.0000,4.1009,0.042,0.089
713,45632,orientation_cued_D0,0.00375,1.0000,1.5178,0.036,0.004
714,45696,orientation_cued_D0,0.00137,1.0000,0.2153,0.037,0.003
715,45760,orientation_cued_D0,0.00159,1.0000,0.2777,0.033,0.083
716,45824,orientation_cued_D0,0.00646,1.0000,1.7486,0.039,0.002
717,45888,orientation_cued_D0,0.00284,1.0000,0.5730,0.037,0.003
718,45952,orientation_cued_D0,0.00639,1.0000,1.9219,0.031,0.090
719,46016,orientation_cued_D0,0.00399,1.0000,0.9433,0.036,0.003
720,46080,orientation_cued_D0,0.00752,1.0000,3.1007,0.030,0.026
721,46144,orientation_cued_D0,0.01009,1.0000,2.9687,0.035,0.101
722,46208,orientation_cued_D0,0.00225,1.0000,0.5349,0.038,0.035
723,46272,orientation_cued_D0,0.00330,1.0000,0.5844,0.046,0.003
724,46336,orientation_cued_D0,0.00237,1.0000,0.3671,0.035,0.057
725,46400,orientation_cued_D0,0.00122,1.0000,0.2629,0.033,0.024
726,46464,orientation_cued_D0,0.06210,0.9844,12.0128,0.040,0.075
727,46528,orientation_cued_D0,0.00869,1.0000,2.2698,0.048,0.004
728,46592,orientation_cued_D0,0.00267,1.0000,0.3204,0.039,0.004
729,46656,orientation_cued_D0,0.00264,1.0000,0.6097,0.030,0.109
730,46720,orientation_cued_D0,0.03130,0.9844,7.5807,0.035,0.002
731,46784,orientation_cued_D0,0.00408,1.0000,0.8587,0.032,0.002
732,46848,orientation_cued_D0,0.02368,0.9844,6.4577,0.040,0.124
733,46912,orientation_cued_D0,0.01737,1.0000,4.2715,0.035,0.003
734,46976,orientation_cued_D0,0.00893,1.0000,1.8975,0.022,0.004
735,47040,orientation_cued_D0,0.00313,1.0000,0.7818,0.036,0.089
736,47104,orientation_cued_D0,0.00922,1.0000,2.5051,0.035,0.004
737,47168,orientation_cued_D0,0.00123,1.0000,0.3923,0.028,0.002
738,47232,orientation_cued_D0,0.00177,1.0000,0.2670,0.024,0.079
739,47296,orientation_cued_D0,0.04198,0.9688,8.3415,0.032,0.027
740,47360,orientation_cued_D0,0.00120,1.0000,0.2445,0.030,0.069
741,47424,orientation_cued_D0,0.00391,1.0000,1.0542,0.029,0.024
742,47488,orientation_cued_D0,0.07513,0.9844,8.6504,0.036,0.045
743,47552,orientation_cued_D0,0.00980,1.0000,3.8141,0.031,0.063
744,47616,orientation_cued_D0,0.00661,1.0000,2.6203,0.029,0.006
745,47680,orientation_cued_D0,0.00086,1.0000,0.1177,0.038,0.046
746,47744,orientation_cued_D0,0.00572,1.0000,1.7229,0.037,0.049
747,47808,orientation_cued_D0,0.02116,0.9844,9.4485,0.029,0.002
748,47872,orientation_cued_D0,0.02352,0.9844,6.1182,0.043,0.061
749,47936,orientation_cued_D0,0.00993,1.0000,4.7448,0.025,0.035
750,48000,orientation_cued_D0,0.01351,1.0000,3.0170,0.037,0.007
751,48064,orientation_cued_D0,0.07008,0.9688,12.7637,0.034,0.052
752,48128,orientation_cued_D0,0.00863,1.0000,1.8991,0.029,0.055
753,48192,orientation_cued_D0,0.02024,1.0000,3.8857,0.044,0.004
754,48256,orientation_cued_D0,0.00568,1.0000,2.5151,0.031,0.037
755,48320,orientation_cued_D0,0.00167,1.0000,0.4161,0.038,0.099
756,48384,orientation_cued_D0,0.02256,0.9844,7.0321,0.042,0.015
757,48448,orientation_cued_D0,0.00435,1.0000,0.9211,0.041,0.012
758,48512,orientation_cued_D0,0.00180,1.0000,0.2524,0.034,0.087
759,48576,orientation_cued_D0,0.00217,1.0000,0.4830,0.040,0.011
760,48640,orientation_cued_D0,0.00448,1.0000,1.1586,0.048,0.027
761,48704,orientation_cued_D0,0.03632,0.9844,7.0028,0.045,0.084
762,48768,orientation_cued_D0,0.02146,0.9844,4.6784,0.053,0.004
763,48832,orientation_cued_D0,0.00099,1.0000,0.1191,0.044,0.004
764,48896,orientation_cued_D0,0.06006,0.9844,7.5803,0.029,0.053
765,48960,orientation_cued_D0,0.00891,1.0000,2.5617,0.040,0.004
766,49024,orientation_cued_D0,0.00441,1.0000,1.9575,0.036,0.068
767,49088,orientation_cued_D0,0.00364,1.0000,0.6705,0.040,0.033
768,49152,orientation_cued_D0,0.01996,0.9844,6.3053,0.043,0.004
769,49216,orientation_cued_D0,0.02403,0.9844,7.9675,0.035,0.080
770,49280,orientation_cued_D0,0.00110,1.0000,0.1155,0.045,0.008
771,49344,orientation_cued_D0,0.01473,0.9844,6.2913,0.050,0.004
772,49408,orientation_cued_D0,0.00163,1.0000,0.2904,0.036,0.113
773,49472,orientation_cued_D0,0.00720,1.0000,1.2642,0.042,0.004
774,49536,orientation_cued_D0,0.02256,0.9844,8.2221,0.040,0.003
775,49600,orientation_cued_D0,0.03769,0.9844,6.2528,0.036,0.082
776,49664,orientation_cued_D0,0.03049,0.9844,4.7001,0.039,0.004
777,49728,orientation_cued_D0,0.00198,1.0000,0.5295,0.027,0.002
778,49792,orientation_cued_D0,0.04989,0.9844,9.9224,0.026,0.076
779,49856,orientation_cued_D0,0.00858,1.0000,2.5880,0.031,0.028
780,49920,orientation_cued_D0,0.01095,1.0000,3.2939,0.035,0.017
781,49984,orientation_cued_D0,0.01218,1.0000,4.3090,0.039,0.048
782,50048,orientation_cued_D0,0.00087,1.0000,0.1255,0.027,0.028
783,50112,orientation_cued_D0,0.03782,0.9844,7.0566,0.037,0.092
784,50176,orientation_cued_D0,0.01113,1.0000,2.4022,0.037,0.004
785,50240,orientation_cued_D0,0.01047,1.0000,3.8638,0.032,0.026
786,50304,orientation_cued_D0,0.00707,1.0000,1.5226,0.039,0.071
787,50368,orientation_cued_D0,0.02407,0.9844,5.1412,0.023,0.013
788,50432,orientation_cued_D0,0.04186,0.9844,7.6645,0.031,0.012
789,50496,orientation_cued_D0,0.00293,1.0000,0.6262,0.023,0.056
790,50560,orientation_cued_D0,0.04642,0.9844,8.6479,0.036,0.082
791,50624,orientation_cued_D0,0.01060,1.0000,3.3026,0.036,0.005
792,50688,orientation_cued_D0,0.00646,1.0000,3.0999,0.041,0.013
793,50752,orientation_cued_D0,0.00463,1.0000,1.1299,0.039,0.091
794,50816,orientation_cued_D0,0.00813,1.0000,2.0820,0.059,0.004
795,50880,orientation_cued_D0,0.04592,0.9844,8.9171,0.040,0.003
796,50944,orientation_cued_D0,0.06803,0.9844,8.7372,0.042,0.085
797,51008,orientation_cued_D0,0.00856,1.0000,1.8009,0.047,0.005
798,51072,orientation_cued_D0,0.01908,0.9844,7.2046,0.041,0.004
799,51136,orientation_cued_D0,0.00108,1.0000,0.1190,0.036,0.049
800,51200,orientation_cued_D0,0.01380,1.0000,4.9984,0.031,0.052
801,51264,orientation_cued_D0,0.00178,1.0000,0.2746,0.037,0.005
802,51328,orientation_cued_D0,0.00388,1.0000,1.2644,0.030,0.006
803,51392,orientation_cued_D0,0.00339,1.0000,1.1106,0.039,0.005
804,51456,orientation_cued_D0,0.00053,1.0000,0.0628,0.032,0.005
805,51520,orientation_cued_D0,0.00229,1.0000,0.5281,0.027,0.004
806,51584,orientation_cued_D0,0.00165,1.0000,0.2913,0.042,0.004
807,51648,orientation_cued_D0,0.00063,1.0000,0.0724,0.040,0.008
808,51712,orientation_cued_D0,0.00351,1.0000,0.8693,0.049,0.008
809,51776,orientation_cued_D0,0.00172,1.0000,0.3651,0.042,0.008
810,51840,orientation_cued_D0,0.01565,1.0000,3.9008,0.055,0.009
811,51904,orientation_cued_D0,0.02815,0.9844,9.4789,0.062,0.008
812,51968,orientation_cued_D0,0.00495,1.0000,2.4624,0.038,0.011
813,52032,orientation_cued_D0,0.00241,1.0000,0.6387,0.027,0.008
814,52096,orientation_cued_D0,0.01181,1.0000,3.7196,0.045,0.007
815,52160,orientation_cued_D0,0.00231,1.0000,0.4403,0.033,0.008
816,52224,orientation_cued_D0,0.00130,1.0000,0.2216,0.032,0.012
817,52288,orientation_cued_D0,0.00044,1.0000,0.0379,0.036,0.003
818,52352,orientation_cued_D0,0.00118,1.0000,0.1566,0.034,0.005
819,52416,orientation_cued_D0,0.00219,1.0000,0.3601,0.030,0.002
820,52480,orientation_cued_D0,0.01498,0.9844,4.4797,0.050,0.003
821,52544,orientation_cued_D0,0.00071,1.0000,0.0908,0.035,0.009
822,52608,orientation_cued_D0,0.00327,1.0000,0.5613,0.042,0.047
823,52672,orientation_cued_D0,0.00759,1.0000,2.9417,0.037,0.009
824,52736,orientation_cued_D0,0.00335,1.0000,1.0963,0.041,0.030
825,52800,orientation_cued_D0,0.03346,0.9844,7.6467,0.044,0.071
826,52864,orientation_cued_D0,0.01397,1.0000,5.0842,0.047,0.003
827,52928,orientation_cued_D0,0.04407,0.9688,11.1478,0.038,0.024
828,52992,orientation_cued_D0,0.00176,1.0000,0.3065,0.036,0.083
829,53056,orientation_cued_D0,0.02115,0.9844,7.1924,0.041,0.003
830,53120,orientation_cued_D0,0.00314,1.0000,0.9467,0.032,0.058
831,53184,orientation_cued_D0,0.00588,1.0000,2.2062,0.030,0.039
832,53248,orientation_cued_D0,0.00090,1.0000,0.1147,0.033,0.024
833,53312,orientation_cued_D0,0.00228,1.0000,0.5319,0.031,0.095
834,53376,orientation_cued_D0,0.00124,1.0000,0.3178,0.035,0.004
835,53440,orientation_cued_D0,0.03983,0.9844,9.0443,0.029,0.003
836,53504,orientation_cued_D0,0.01982,1.0000,4.7241,0.029,0.115
837,53568,orientation_cued_D0,0.00060,1.0000,0.0920,0.033,0.003
838,53632,orientation_cued_D0,0.00560,1.0000,2.1308,0.039,0.002
839,53696,orientation_cued_D0,0.00108,1.0000,0.1774,0.034,0.092
840,53760,orientation_cued_D0,0.00159,1.0000,0.7626,0.028,0.033
841,53824,orientation_cued_D0,0.03162,0.9688,7.8512,0.037,0.003
842,53888,orientation_cued_D0,0.00075,1.0000,0.1070,0.035,0.074
843,53952,orientation_cued_D0,0.02240,0.9844,7.0246,0.033,0.025
844,54016,orientation_cued_D0,0.00382,1.0000,0.6728,0.036,0.003
845,54080,orientation_cued_D0,0.00856,1.0000,3.1894,0.034,0.075
846,54144,orientation_cued_D0,0.01069,1.0000,3.7726,0.053,0.026
847,54208,orientation_cued_D0,0.01356,0.9844,5.6601,0.036,0.004
848,54272,orientation_cued_D0,0.00244,1.0000,0.8449,0.036,0.067
849,54336,orientation_cued_D0,0.01367,0.9844,6.9112,0.026,0.048
850,54400,orientation_cued_D0,0.00109,1.0000,0.2676,0.033,0.004
851,54464,orientation_cued_D0,0.00870,1.0000,3.3239,0.033,0.058
852,54528,orientation_cued_D0,0.00093,1.0000,0.1960,0.042,0.052
853,54592,orientation_cued_D0,0.01340,0.9844,7.0070,0.028,0.003
854,54656,orientation_cued_D0,0.00197,1.0000,0.4306,0.039,0.061
855,54720,orientation_cued_D0,0.00225,1.0000,0.3464,0.041,0.041
856,54784,orientation_cued_D0,0.02995,0.9844,7.2746,0.036,0.003
857,54848,orientation_cued_D0,0.00195,1.0000,0.8984,0.042,0.044
858,54912,orientation_cued_D0,0.00660,1.0000,2.1206,0.037,0.035
859,54976,orientation_cued_D0,0.00280,1.0000,0.8624,0.039,0.085
860,55040,orientation_cued_D0,0.01215,1.0000,3.8473,0.047,0.003
861,55104,orientation_cued_D0,0.00979,1.0000,2.3389,0.040,0.016
862,55168,orientation_cued_D0,0.01366,1.0000,5.5916,0.043,0.128
863,55232,orientation_cued_D0,0.04111,0.9688,9.9490,0.037,0.016
864,55296,orientation_cued_D0,0.00059,1.0000,0.0747,0.039,0.003
865,55360,orientation_cued_D0,0.00274,1.0000,0.9160,0.036,0.067
866,55424,orientation_cued_D0,0.00602,1.0000,1.4737,0.030,0.030
867,55488,orientation_cued_D0,0.00127,1.0000,0.2902,0.045,0.064
868,55552,orientation_cued_D0,0.00193,1.0000,0.8080,0.038,0.003
869,55616,orientation_cued_D0,0.00098,1.0000,0.2241,0.026,0.055
870,55680,orientation_cued_D0,0.00219,1.0000,1.0048,0.040,0.058
871,55744,orientation_cued_D0,0.00301,1.0000,0.5418,0.045,0.025
872,55808,orientation_cued_D0,0.00489,1.0000,1.6759,0.033,0.012
873,55872,orientation_cued_D0,0.00372,1.0000,0.9699,0.035,0.074
874,55936,orientation_cued_D0,0.04979,0.9844,9.0860,0.044,0.015
875,56000,orientation_cued_D0,0.00325,1.0000,0.5699,0.028,0.031
876,56064,orientation_cued_D0,0.01172,0.9844,3.9230,0.036,0.062
877,56128,orientation_cued_D0,0.01411,0.9844,5.6387,0.046,0.106
878,56192,orientation_cued_D0,0.03951,0.9844,9.6029,0.043,0.005
879,56256,orientation_cued_D0,0.02525,0.9688,9.1092,0.027,0.023
880,56320,orientation_cued_D0,0.00174,1.0000,0.3003,0.031,0.083
881,56384,orientation_cued_D0,0.00221,1.0000,0.6531,0.038,0.023
882,56448,orientation_cued_D0,0.03380,0.9844,11.4122,0.024,0.006
883,56512,orientation_cued_D0,0.08569,0.9688,12.3250,0.036,0.097
884,56576,orientation_cued_D0,0.00094,1.0000,0.1644,0.046,0.017
885,56640,orientation_cued_D0,0.00338,1.0000,1.6157,0.031,0.015
886,56704,orientation_cued_D0,0.00140,1.0000,0.2764,0.037,0.119
887,56768,orientation_cued_D0,0.00097,1.0000,0.1196,0.037,0.004
888,56832,orientation_cued_D0,0.00468,1.0000,1.7674,0.033,0.002
889,56896,orientation_cued_D0,0.01034,1.0000,3.3704,0.037,0.100
890,56960,orientation_cued_D0,0.06520,0.9688,12.1474,0.031,0.003
891,57024,orientation_cued_D0,0.00379,1.0000,0.9306,0.042,0.010
892,57088,orientation_cued_D0,0.01149,1.0000,4.4211,0.043,0.081
893,57152,orientation_cued_D0,0.00588,1.0000,2.2230,0.045,0.003
894,57216,orientation_cued_D0,0.01961,0.9844,7.4299,0.040,0.016
895,57280,orientation_cued_D0,0.00068,1.0000,0.0715,0.049,0.064
896,57344,orientation_cued_D0,0.01634,0.9844,5.9069,0.055,0.003
897,57408,orientation_cued_D0,0.00408,1.0000,2.0453,0.036,0.008
898,57472,orientation_cued_D0,0.00405,1.0000,2.1240,0.039,0.055
899,57536,orientation_cued_D0,0.00177,1.0000,0.5166,0.025,0.004
900,57600,orientation_cued_D0,0.00133,1.0000,0.3109,0.030,0.041
901,57664,orientation_cued_D0,0.00906,1.0000,3.0341,0.043,0.058
902,57728,orientation_cued_D0,0.00369,1.0000,1.2256,0.032,0.009
903,57792,orientation_cued_D0,0.01121,1.0000,3.7930,0.035,0.072
904,57856,orientation_cued_D0,0.00180,1.0000,0.4673,0.042,0.070
905,57920,orientation_cued_D0,0.00347,1.0000,1.2295,0.031,0.004
906,57984,orientation_cued_D0,0.00511,1.0000,1.1791,0.040,0.038
907,58048,orientation_cued_D0,0.00614,1.0000,1.2900,0.041,0.086
908,58112,orientation_cued_D0,0.01091,1.0000,3.1720,0.042,0.039
909,58176,orientation_cued_D0,0.00292,1.0000,1.3260,0.045,0.002
910,58240,orientation_cued_D0,0.00087,1.0000,0.1262,0.041,0.036
911,58304,orientation_cued_D0,0.01584,0.9844,7.4336,0.033,0.038
912,58368,orientation_cued_D0,0.00142,1.0000,0.3318,0.046,0.010
913,58432,orientation_cued_D0,0.04257,0.9844,10.1731,0.040,0.044
914,58496,orientation_cued_D0,0.00049,1.0000,0.0849,0.039,0.072
915,58560,orientation_cued_D0,0.00066,1.0000,0.0742,0.030,0.040
916,58624,orientation_cued_D0,0.00096,1.0000,0.2077,0.032,0.012
917,58688,orientation_cued_D0,0.01701,0.9844,6.0478,0.025,0.064
918,58752,orientation_cued_D0,0.05552,0.9844,8.8029,0.026,0.026
919,58816,orientation_cued_D0,0.00243,1.0000,0.7364,0.029,0.018
920,58880,orientation_cued_D0,0.04847,0.9688,11.0027,0.025,0.060
921,58944,orientation_cued_D0,0.00116,1.0000,0.2451,0.025,0.010
922,59008,orientation_cued_D0,0.00462,1.0000,2.2737,0.023,0.011
923,59072,orientation_cued_D0,0.00757,1.0000,2.4354,0.020,0.088
924,59136,orientation_cued_D0,0.00144,1.0000,0.5381,0.018,0.002
925,59200,orientation_cued_D0,0.00095,1.0000,0.1733,0.017,0.011
926,59264,orientation_cued_D0,0.00396,1.0000,1.4378,0.020,0.094
927,59328,orientation_cued_D0,0.00164,1.0000,0.2475,0.018,0.002
928,59392,orientation_cued_D0,0.00073,1.0000,0.1000,0.018,0.012
929,59456,orientation_cued_D0,0.03557,0.9688,11.8821,0.025,0.099
930,59520,orientation_cued_D0,0.03404,0.9844,9.3763,0.018,0.031
931,59584,orientation_cued_D0,0.00123,1.0000,0.2279,0.018,0.002
932,59648,orientation_cued_D0,0.00277,1.0000,0.4770,0.018,0.074
933,59712,orientation_cued_D0,0.00273,1.0000,0.5172,0.034,0.039
934,59776,orientation_cued_D0,0.00222,1.0000,0.8525,0.018,0.002
935,59840,orientation_cued_D0,0.03999,0.9844,8.0133,0.018,0.055
936,59904,orientation_cued_D0,0.00476,1.0000,1.4210,0.018,0.041
937,59968,orientation_cued_D0,0.00660,1.0000,1.5961,0.034,0.003
938,60032,orientation_cued_D0,0.00388,1.0000,0.6542,0.018,0.052
939,60096,orientation_cued_D0,0.01640,0.9844,6.1511,0.018,0.046
940,60160,orientation_cued_D0,0.03245,0.9844,11.0605,0.018,0.002
941,60224,orientation_cued_D0,0.01534,1.0000,5.4947,0.018,0.062
942,60288,orientation_cued_D0,0.00247,1.0000,0.7369,0.018,0.048
943,60352,orientation_cued_D0,0.01794,1.0000,6.4530,0.018,0.002
944,60416,orientation_cued_D0,0.00173,1.0000,0.2769,0.018,0.064
945,60480,orientation_cued_D0,0.00483,1.0000,2.5349,0.018,0.046
946,60544,orientation_cued_D0,0.05365,0.9844,11.5883,0.018,0.002
947,60608,orientation_cued_D0,0.00139,1.0000,0.3449,0.019,0.074
948,60672,orientation_cued_D0,0.00383,1.0000,0.7393,0.019,0.042
949,60736,orientation_cued_D0,0.00311,1.0000,1.2178,0.019,0.002
950,60800,orientation_cued_D0,0.00515,1.0000,1.6913,0.033,0.063
951,60864,orientation_cued_D0,0.01818,0.9844,7.1813,0.020,0.027
952,60928,orientation_cued_D0,0.02622,0.9844,5.8309,0.019,0.006
953,60992,orientation_cued_D0,0.07923,0.9844,7.7399,0.020,0.063
954,61056,orientation_cued_D0,0.00081,1.0000,0.2639,0.020,0.038
955,61120,orientation_cued_D0,0.00064,1.0000,0.1085,0.019,0.008
956,61184,orientation_cued_D0,0.00620,1.0000,2.5067,0.019,0.063
957,61248,orientation_cued_D0,0.00512,1.0000,0.9913,0.021,0.037
958,61312,orientation_cued_D0,0.00189,1.0000,0.2668,0.019,0.010
959,61376,orientation_cued_D0,0.00128,1.0000,0.3172,0.019,0.063
960,61440,orientation_cued_D0,0.00411,1.0000,1.1758,0.021,0.029
961,61504,orientation_cued_D0,0.00290,1.0000,0.8733,0.040,0.016
962,61568,orientation_cued_D0,0.00530,1.0000,1.6609,0.021,0.042
963,61632,orientation_cued_D0,0.00112,1.0000,0.3294,0.024,0.024
964,61696,orientation_cued_D0,0.00159,1.0000,0.5804,0.019,0.020
965,61760,orientation_cued_D0,0.00066,1.0000,0.1727,0.020,0.090
966,61824,orientation_cued_D0,0.00148,1.0000,0.2536,0.022,0.003
967,61888,orientation_cued_D0,0.01243,1.0000,4.5587,0.019,0.019
968,61952,orientation_cued_D0,0.00698,1.0000,2.7109,0.020,0.090
969,62016,orientation_cued_D0,0.00075,1.0000,0.1035,0.021,0.003
970,62080,orientation_cued_D0,0.00097,1.0000,0.2041,0.019,0.014
971,62144,orientation_cued_D0,0.00469,1.0000,1.8524,0.019,0.097
972,62208,orientation_cued_D0,0.00221,1.0000,0.5526,0.019,0.003
973,62272,orientation_cued_D0,0.00085,1.0000,0.1201,0.018,0.009
974,62336,orientation_cued_D0,0.00318,1.0000,0.9190,0.020,0.111
975,62400,orientation_cued_D0,0.00340,1.0000,0.7502,0.018,0.002
976,62464,orientation_cued_D0,0.00253,1.0000,0.8394,0.017,0.002
977,62528,orientation_cued_D0,0.00116,1.0000,0.1482,0.019,0.113
978,62592,orientation_cued_D0,0.00059,1.0000,0.0708,0.017,0.002
979,62656,orientation_cued_D0,0.00408,1.0000,1.5579,0.017,0.002
980,62720,orientation_cued_D0,0.00202,1.0000,0.5164,0.031,0.118
981,62784,orientation_cued_D0,0.00146,1.0000,0.7412,0.018,0.002
982,62848,orientation_cued_D0,0.01992,0.9844,6.3009,0.018,0.002
983,62912,orientation_cued_D0,0.02136,0.9844,6.5120,0.030,0.107
984,62976,orientation_cued_D0,0.00218,1.0000,0.7361,0.025,0.002
985,63040,orientation_cued_D0,0.00516,1.0000,2.2263,0.018,0.002
986,63104,orientation_cued_D0,0.00271,1.0000,0.5426,0.019,0.101
987,63168,orientation_cued_D0,0.00176,1.0000,0.6412,0.018,0.002
988,63232,orientation_cued_D0,0.02665,0.9844,6.6038,0.019,0.002
989,63296,orientation_cued_D0,0.00364,1.0000,1.1161,0.018,0.111
990,63360,orientation_cued_D0,0.00056,1.0000,0.1346,0.018,0.003
991,63424,orientation_cued_D0,0.03320,0.9844,8.9844,0.018,0.002
992,63488,orientation_cued_D0,0.00568,1.0000,2.1868,0.027,0.118
993,63552,orientation_cued_D0,0.00748,1.0000,3.5321,0.030,0.002
994,63616,orientation_cued_D0,0.00038,1.0000,0.0598,0.042,0.003
995,63680,orientation_cued_D0,0.00128,1.0000,0.3303,0.021,0.159
996,63744,orientation_cued_D0,0.09686,0.9688,12.5279,0.019,0.003
997,63808,orientation_cued_D0,0.00069,1.0000,0.1406,0.019,0.003
998,63872,orientation_cued_D0,0.00191,1.0000,0.5108,0.021,0.123
999,63936,orientation_cued_D0,0.00323,1.0000,1.0898,0.018,0.003
1000,64000,orientation_cued_D0,0.00150,1.0000,0.2943,0.019,0.002
1001,64064,orientation_cued_D0,0.01198,1.0000,3.8516,0.019,0.005
1002,64128,orientation_cued_D0,0.00510,1.0000,1.0545,0.020,0.004
1003,64192,orientation_cued_D0,0.00122,1.0000,0.4115,0.018,0.005
1004,64256,orientation_cued_D0,0.00462,1.0000,2.1041,0.019,0.005
1005,64320,orientation_cued_D0,0.00317,1.0000,1.5875,0.019,0.004
1006,64384,orientation_cued_D0,0.01245,1.0000,3.6089,0.019,0.005
1007,64448,orientation_cued_D0,0.05612,0.9844,9.8685,0.021,0.005
1008,64512,orientation_cued_D0,0.00394,1.0000,1.1791,0.022,0.005
1009,64576,orientation_cued_D0,0.00290,1.0000,0.5312,0.021,0.006
1010,64640,orientation_cued_D0,0.00538,1.0000,1.5037,0.019,0.005
1011,64704,orientation_cued_D0,0.00341,1.0000,0.6365,0.020,0.005
1012,64768,orientation_cued_D0,0.00291,1.0000,0.5057,0.019,0.005
1013,64832,orientation_cued_D0,0.00264,1.0000,1.0144,0.019,0.002
1014,64896,orientation_cued_D0,0.03383,0.9844,10.2842,0.018,0.002
1015,64960,orientation_cued_D0,0.00522,1.0000,1.3924,0.018,0.062
1016,65024,orientation_cued_D0,0.00645,1.0000,3.1813,0.018,0.002
1017,65088,orientation_cued_D0,0.01737,0.9844,7.0495,0.022,0.002
1018,65152,orientation_cued_D0,0.02826,0.9844,9.2362,0.020,0.110
1019,65216,orientation_cued_D0,0.02003,0.9844,7.9980,0.019,0.002
1020,65280,orientation_cued_D0,0.00093,1.0000,0.1986,0.019,0.002
1021,65344,orientation_cued_D0,0.01760,1.0000,5.3285,0.023,0.093
1022,65408,orientation_cued_D0,0.00235,1.0000,0.5554,0.020,0.006
1023,65472,orientation_cued_D0,0.01022,1.0000,2.2896,0.019,0.002
1024,65536,orientation_cued_D0,0.00322,1.0000,0.6056,0.024,0.087
1025,65600,orientation_cued_D0,0.01335,1.0000,6.9473,0.020,0.016
1026,65664,orientation_cued_D0,0.09629,0.9844,6.3711,0.019,0.002
1027,65728,orientation_cued_D0,0.04413,0.9844,7.0455,0.023,0.081
1028,65792,orientation_cued_D0,0.00491,1.0000,1.3577,0.020,0.022
1029,65856,orientation_cued_D0,0.00040,1.0000,0.0428,0.019,0.002
1030,65920,orientation_cued_D0,0.02007,1.0000,4.9351,0.021,0.079
1031,65984,orientation_cued_D0,0.00539,1.0000,2.8770,0.020,0.025
1032,66048,orientation_cued_D0,0.04492,0.9844,10.8956,0.019,0.007
1033,66112,orientation_cued_D0,0.02705,0.9844,5.8753,0.021,0.069
1034,66176,orientation_cued_D0,0.07106,0.9844,7.4781,0.023,0.025
1035,66240,orientation_cued_D0,0.01497,1.0000,4.1770,0.019,0.014
1036,66304,orientation_cued_D0,0.00806,1.0000,2.6649,0.020,0.060
1037,66368,orientation_cued_D0,0.02858,0.9844,8.7779,0.023,0.034
1038,66432,orientation_cued_D0,0.02870,0.9844,7.5625,0.021,0.014
1039,66496,orientation_cued_D0,0.00702,1.0000,2.6453,0.019,0.231
1040,66560,orientation_cued_D0,0.00102,1.0000,0.5076,0.017,0.055
1041,66624,orientation_cued_D0,0.00527,1.0000,1.8521,0.017,0.003
1042,66688,orientation_cued_D0,0.01015,1.0000,6.3729,0.018,0.041
1043,66752,orientation_cued_D0,0.00263,1.0000,1.7010,0.018,0.070
1044,66816,orientation_cued_D0,0.00072,1.0000,0.1061,0.018,0.007
1045,66880,orientation_cued_D0,0.01774,0.9844,5.4299,0.020,0.037
1046,66944,orientation_cued_D0,0.01020,1.0000,3.0294,0.022,0.082
1047,67008,orientation_cued_D0,0.00108,1.0000,0.1397,0.024,0.002
1048,67072,orientation_cued_D0,0.02271,0.9844,8.8952,0.020,0.022
1049,67136,orientation_cued_D0,0.01053,1.0000,4.0728,0.022,0.091
1050,67200,orientation_cued_D0,0.05722,0.9844,11.0656,0.022,0.002
1051,67264,orientation_cued_D0,0.00106,1.0000,0.3461,0.022,0.022
1052,67328,orientation_cued_D0,0.06820,0.9844,8.1660,0.098,0.501
1053,67392,orientation_cued_D0,0.02852,0.9844,7.0962,0.026,0.004
1054,67456,orientation_cued_D0,0.00346,1.0000,1.0748,0.019,0.028
1055,67520,orientation_cued_D0,0.00138,1.0000,0.2774,0.025,0.122
1056,67584,orientation_cued_D0,0.11685,0.9844,6.9788,0.031,0.003
1057,67648,orientation_cued_D0,0.04115,0.9844,8.7265,0.022,0.002
1058,67712,orientation_cued_D0,0.01263,1.0000,4.5182,0.027,0.120
1059,67776,orientation_cued_D0,0.00350,1.0000,0.6899,0.036,0.003
1060,67840,orientation_cued_D0,0.00578,1.0000,2.2309,0.026,0.023
1061,67904,orientation_cued_D0,0.00179,1.0000,0.3747,0.037,0.116
1062,67968,orientation_cued_D0,0.00226,1.0000,0.7739,0.021,0.002
1063,68032,orientation_cued_D0,0.00179,1.0000,0.4441,0.027,0.089
1064,68096,orientation_cued_D0,0.00423,1.0000,1.0789,0.022,0.040
1065,68160,orientation_cued_D0,0.04539,0.9844,8.4124,0.019,0.013
1066,68224,orientation_cued_D0,0.00192,1.0000,0.5424,0.022,0.052
1067,68288,orientation_cued_D0,0.00149,1.0000,0.3844,0.036,0.056
1068,68352,orientation_cued_D0,0.06813,0.9844,13.2203,0.027,0.002
1069,68416,orientation_cued_D0,0.00120,1.0000,0.2400,0.034,0.046
1070,68480,orientation_cued_D0,0.04817,0.9844,10.3199,0.031,0.029
1071,68544,orientation_cued_D0,0.00484,1.0000,1.0310,0.025,0.002
1072,68608,orientation_cued_D0,0.00275,1.0000,0.8516,0.034,0.101
1073,68672,orientation_cued_D0,0.00145,1.0000,0.3968,0.037,0.004
1074,68736,orientation_cued_D0,0.06324,0.9844,10.3902,0.029,0.002
1075,68800,orientation_cued_D0,0.07694,0.9688,12.9488,0.030,0.088
1076,68864,orientation_cued_D0,0.00315,1.0000,0.7018,0.042,0.005
1077,68928,orientation_cued_D0,0.00865,1.0000,2.4638,0.041,0.087
1078,68992,orientation_cued_D0,0.00142,1.0000,0.1267,0.036,0.014
1079,69056,orientation_cued_D0,0.00395,1.0000,1.3678,0.048,0.002
1080,69120,orientation_cued_D0,0.01295,1.0000,5.8662,0.033,0.072
1081,69184,orientation_cued_D0,0.03956,0.9844,9.8073,0.041,0.008
1082,69248,orientation_cued_D0,0.00247,1.0000,0.4440,0.037,0.002
1083,69312,orientation_cued_D0,0.01832,1.0000,6.5700,0.039,0.089
1084,69376,orientation_cued_D0,0.01100,1.0000,3.3297,0.028,0.006
1085,69440,orientation_cued_D0,0.00294,1.0000,0.8947,0.044,0.003
1086,69504,orientation_cued_D0,0.02240,1.0000,6.8649,0.042,0.102
1087,69568,orientation_cued_D0,0.00692,1.0000,2.5623,0.040,0.003
1088,69632,orientation_cued_D0,0.01177,1.0000,3.4386,0.026,0.002
1089,69696,orientation_cued_D0,0.00215,1.0000,0.5111,0.032,0.079
1090,69760,orientation_cued_D0,0.01228,1.0000,5.6192,0.031,0.044
1091,69824,orientation_cued_D0,0.00561,1.0000,2.5046,0.036,0.002
1092,69888,orientation_cued_D0,0.00778,1.0000,2.5203,0.032,0.039
1093,69952,orientation_cued_D0,0.00123,1.0000,0.3324,0.038,0.073
1094,70016,orientation_cued_D0,0.00750,1.0000,3.3119,0.036,0.003
1095,70080,orientation_cued_D0,0.03636,0.9688,13.0757,0.044,0.010
1096,70144,orientation_cued_D0,0.00085,1.0000,0.1447,0.033,0.099
1097,70208,orientation_cued_D0,0.00548,1.0000,2.5945,0.031,0.002
1098,70272,orientation_cued_D0,0.00448,1.0000,1.9289,0.033,0.002
1099,70336,orientation_cued_D0,0.01799,0.9844,7.2905,0.040,0.096
1100,70400,orientation_cued_D0,0.00494,1.0000,2.1364,0.028,0.021
1101,70464,orientation_cued_D0,0.00468,1.0000,2.3454,0.032,0.002
1102,70528,orientation_cued_D0,0.00377,1.0000,1.3049,0.027,0.138
1103,70592,orientation_cued_D0,0.00914,1.0000,4.5611,0.032,0.004
1104,70656,orientation_cued_D0,0.00247,1.0000,0.9809,0.028,0.004
1105,70720,orientation_cued_D0,0.01760,0.9844,6.0232,0.034,0.105
1106,70784,orientation_cued_D0,0.00300,1.0000,1.1314,0.032,0.033
1107,70848,orientation_cued_D0,0.00316,1.0000,1.6919,0.029,0.038
1108,70912,orientation_cued_D0,0.00070,1.0000,0.1116,0.043,0.059
1109,70976,orientation_cued_D0,0.00809,1.0000,3.4618,0.031,0.064
1110,71040,orientation_cued_D0,0.00028,1.0000,0.0242,0.035,0.002
1111,71104,orientation_cued_D0,0.00097,1.0000,0.1564,0.035,0.025
1112,71168,orientation_cued_D0,0.00121,1.0000,0.2486,0.046,0.128
1113,71232,orientation_cued_D0,0.00145,1.0000,0.5436,0.035,0.003
1114,71296,orientation_cued_D0,0.00133,1.0000,0.1868,0.045,0.003
1115,71360,orientation_cued_D0,0.00426,1.0000,1.9889,0.036,0.101
1116,71424,orientation_cued_D0,0.00051,1.0000,0.0652,0.033,0.003
1117,71488,orientation_cued_D0,0.00054,1.0000,0.0687,0.026,0.003
1118,71552,orientation_cued_D0,0.00075,1.0000,0.1686,0.038,0.127
1119,71616,orientation_cued_D0,0.00105,1.0000,0.1657,0.041,0.003
1120,71680,orientation_cued_D0,0.00050,1.0000,0.0988,0.027,0.003
1121,71744,orientation_cued_D0,0.00419,1.0000,3.1210,0.037,0.142
1122,71808,orientation_cued_D0,0.02443,0.9844,8.7080,0.034,0.003
1123,71872,orientation_cued_D0,0.00333,1.0000,1.7909,0.040,0.003
1124,71936,orientation_cued_D0,0.00851,1.0000,3.5925,0.022,0.086
1125,72000,orientation_cued_D0,0.00088,1.0000,0.1594,0.034,0.007
1126,72064,orientation_cued_D0,0.00092,1.0000,0.1914,0.040,0.110
1127,72128,orientation_cued_D0,0.03473,0.9844,7.7553,0.030,0.009
1128,72192,orientation_cued_D0,0.01356,0.9844,5.2522,0.024,0.002
1129,72256,orientation_cued_D0,0.00076,1.0000,0.1988,0.034,0.146
1130,72320,orientation_cued_D0,0.00409,1.0000,1.4846,0.037,0.002
1131,72384,orientation_cued_D0,0.00022,1.0000,0.0187,0.034,0.003
1132,72448,orientation_cued_D0,0.00072,1.0000,0.1813,0.031,0.082
1133,72512,orientation_cued_D0,0.00101,1.0000,0.1851,0.036,0.061
1134,72576,orientation_cued_D0,0.04431,0.9844,10.5266,0.026,0.002
1135,72640,orientation_cued_D0,0.03633,0.9844,7.0470,0.040,0.063
1136,72704,orientation_cued_D0,0.00574,1.0000,2.3376,0.043,0.022
1137,72768,orientation_cued_D0,0.00180,1.0000,0.5335,0.038,0.002
1138,72832,orientation_cued_D0,0.00841,1.0000,3.2289,0.029,0.104
1139,72896,orientation_cued_D0,0.00033,1.0000,0.0404,0.047,0.020
1140,72960,orientation_cued_D0,0.00958,1.0000,3.1770,0.053,0.008
1141,73024,orientation_cued_D0,0.00062,1.0000,0.1416,0.040,0.065
1142,73088,orientation_cued_D0,0.00093,1.0000,0.1317,0.042,0.081
1143,73152,orientation_cued_D0,0.00110,1.0000,0.2177,0.055,0.004
1144,73216,orientation_cued_D0,0.00342,1.0000,0.4502,0.041,0.007
1145,73280,orientation_cued_D0,0.00052,1.0000,0.0669,0.047,0.074
1146,73344,orientation_cued_D0,0.00097,1.0000,0.1631,0.034,0.029
1147,73408,orientation_cued_D0,0.00224,1.0000,0.6999,0.046,0.003
1148,73472,orientation_cued_D0,0.00056,1.0000,0.0730,0.043,0.076
1149,73536,orientation_cued_D0,0.00077,1.0000,0.1145,0.044,0.061
1150,73600,orientation_cued_D0,0.00163,1.0000,0.2335,0.038,0.013
1151,73664,orientation_cued_D0,0.00237,1.0000,0.9417,0.036,0.042
1152,73728,orientation_cued_D0,0.05966,0.9688,14.3718,0.028,0.078
1153,73792,orientation_cued_D0,0.00183,1.0000,0.3810,0.037,0.029
1154,73856,orientation_cued_D0,0.00812,1.0000,3.6374,0.034,0.010
1155,73920,orientation_cued_D0,0.01011,1.0000,4.0138,0.037,0.085
1156,73984,orientation_cued_D0,0.00586,1.0000,1.4314,0.033,0.034
1157,74048,orientation_cued_D0,0.00328,1.0000,1.0295,0.033,0.016
1158,74112,orientation_cued_D0,0.00462,1.0000,1.7393,0.038,0.062
1159,74176,orientation_cued_D0,0.00418,1.0000,2.1961,0.038,0.073
1160,74240,orientation_cued_D0,0.05195,0.9844,9.9204,0.026,0.003
1161,74304,orientation_cued_D0,0.00774,1.0000,3.5657,0.038,0.026
1162,74368,orientation_cued_D0,0.01921,0.9844,6.0102,0.040,0.064
1163,74432,orientation_cued_D0,0.00095,1.0000,0.3351,0.040,0.004
1164,74496,orientation_cued_D0,0.00180,1.0000,0.6331,0.041,0.029
1165,74560,orientation_cued_D0,0.00495,1.0000,2.8451,0.041,0.072
1166,74624,orientation_cued_D0,0.01420,0.9844,8.3757,0.043,0.003
1167,74688,orientation_cued_D0,0.00067,1.0000,0.1128,0.034,0.037
1168,74752,orientation_cued_D0,0.00128,1.0000,0.3265,0.042,0.059
1169,74816,orientation_cued_D0,0.00024,1.0000,0.0220,0.040,0.002
1170,74880,orientation_cued_D0,0.00500,1.0000,1.4688,0.041,0.037
1171,74944,orientation_cued_D0,0.00102,1.0000,0.2747,0.033,0.057
1172,75008,orientation_cued_D0,0.00072,1.0000,0.0778,0.044,0.003
1173,75072,orientation_cued_D0,0.01045,1.0000,4.1619,0.039,0.059
1174,75136,orientation_cued_D0,0.00064,1.0000,0.1024,0.036,0.023
1175,75200,orientation_cued_D0,0.00270,1.0000,1.6599,0.026,0.003
1176,75264,orientation_cued_D0,0.01325,1.0000,4.5493,0.033,0.075
1177,75328,orientation_cued_D0,0.00808,1.0000,2.5732,0.035,0.024
1178,75392,orientation_cued_D0,0.00188,1.0000,0.6466,0.031,0.003
1179,75456,orientation_cued_D0,0.00184,1.0000,0.4337,0.042,0.091
1180,75520,orientation_cued_D0,0.00096,1.0000,0.3049,0.038,0.004
1181,75584,orientation_cued_D0,0.00083,1.0000,0.1987,0.037,0.018
1182,75648,orientation_cued_D0,0.00450,1.0000,2.1756,0.038,0.075
1183,75712,orientation_cued_D0,0.01465,0.9844,5.9813,0.038,0.031
1184,75776,orientation_cued_D0,0.00060,1.0000,0.1486,0.023,0.002
1185,75840,orientation_cued_D0,0.00072,1.0000,0.1686,0.035,0.068
1186,75904,orientation_cued_D0,0.00450,1.0000,2.5564,0.038,0.035
1187,75968,orientation_cued_D0,0.00119,1.0000,0.3717,0.035,0.005
1188,76032,orientation_cued_D0,0.00324,1.0000,1.7255,0.032,0.084
1189,76096,orientation_cued_D0,0.00315,1.0000,0.9300,0.038,0.035
1190,76160,orientation_cued_D0,0.00761,1.0000,4.7454,0.043,0.008
1191,76224,orientation_cued_D0,0.00069,1.0000,0.1293,0.049,0.067
1192,76288,orientation_cued_D0,0.00046,1.0000,0.0529,0.047,0.009
1193,76352,orientation_cued_D0,0.00145,1.0000,0.6518,0.046,0.026
1194,76416,orientation_cued_D0,0.00088,1.0000,0.2391,0.043,0.066
1195,76480,orientation_cued_D0,0.01249,0.9844,4.9574,0.045,0.020
1196,76544,orientation_cued_D0,0.00070,1.0000,0.1051,0.042,0.009
1197,76608,orientation_cued_D0,0.00049,1.0000,0.0806,0.056,0.074
1198,76672,orientation_cued_D0,0.00336,1.0000,0.7135,0.037,0.045
1199,76736,orientation_cued_D0,0.00101,1.0000,0.1386,0.038,0.015
1200,76800,orientation_cued_D0,0.00084,1.0000,0.2537,0.042,0.038
1201,76864,orientation_cued_D0,0.00168,1.0000,0.7027,0.033,0.005
1202,76928,orientation_cued_D0,0.00369,1.0000,1.5824,0.035,0.005
1203,76992,orientation_cued_D0,0.00294,1.0000,1.1035,0.033,0.005
1204,77056,orientation_cued_D0,0.00220,1.0000,1.0618,0.034,0.008
1205,77120,orientation_cued_D0,0.00258,1.0000,1.0987,0.043,0.019
1206,77184,orientation_cued_D0,0.00108,1.0000,0.2468,0.032,0.007
1207,77248,orientation_cued_D0,0.00042,1.0000,0.0514,0.043,0.008
1208,77312,orientation_cued_D0,0.00279,1.0000,1.0679,0.043,0.009
1209,77376,orientation_cued_D0,0.00079,1.0000,0.1488,0.040,0.007
1210,77440,orientation_cued_D0,0.00236,1.0000,0.7846,0.041,0.008
1211,77504,orientation_cued_D0,0.00563,1.0000,2.4849,0.033,0.007
1212,77568,orientation_cued_D0,0.00037,1.0000,0.0778,0.037,0.009
1213,77632,orientation_cued_D0,0.00064,1.0000,0.1856,0.040,0.034
1214,77696,orientation_cued_D0,0.00235,1.0000,0.5792,0.031,0.009
1215,77760,orientation_cued_D0,0.00032,1.0000,0.0230,0.039,0.013
1216,77824,orientation_cued_D0,0.00050,1.0000,0.0852,0.032,0.008
1217,77888,orientation_cued_D0,0.00190,1.0000,0.7691,0.034,0.003
1218,77952,orientation_cued_D0,0.00396,1.0000,1.7210,0.038,0.003
1219,78016,orientation_cued_D0,0.00040,1.0000,0.0533,0.043,0.003
1220,78080,orientation_cued_D0,0.00067,1.0000,0.0893,0.037,0.004
1221,78144,orientation_cued_D0,0.00051,1.0000,0.0909,0.030,0.022
1222,78208,orientation_cued_D0,0.00106,1.0000,0.3139,0.031,0.074
1223,78272,orientation_cued_D0,0.01005,1.0000,4.2823,0.040,0.018
1224,78336,orientation_cued_D0,0.00025,1.0000,0.0220,0.031,0.029
1225,78400,orientation_cued_D0,0.00199,1.0000,0.8396,0.034,0.073
1226,78464,orientation_cued_D0,0.00201,1.0000,1.2193,0.035,0.003
1227,78528,orientation_cued_D0,0.00017,1.0000,0.0141,0.035,0.034
1228,78592,orientation_cued_D0,0.00350,1.0000,1.1996,0.032,0.085
1229,78656,orientation_cued_D0,0.00029,1.0000,0.0213,0.032,0.002
1230,78720,orientation_cued_D0,0.00102,1.0000,0.2415,0.034,0.025
1231,78784,orientation_cued_D0,0.00021,1.0000,0.0269,0.036,0.069
1232,78848,orientation_cued_D0,0.00222,1.0000,1.2243,0.041,0.010
1233,78912,orientation_cued_D0,0.00032,1.0000,0.0771,0.038,0.021
1234,78976,orientation_cued_D0,0.00054,1.0000,0.2341,0.043,0.069
1235,79040,orientation_cued_D0,0.00047,1.0000,0.0858,0.034,0.012
1236,79104,orientation_cued_D0,0.00204,1.0000,1.0008,0.036,0.048
1237,79168,orientation_cued_D0,0.00186,1.0000,0.8375,0.029,0.048
1238,79232,orientation_cued_D0,0.00145,1.0000,0.5943,0.032,0.025
1239,79296,orientation_cued_D0,0.01778,0.9844,7.1745,0.034,0.048
1240,79360,orientation_cued_D0,0.00222,1.0000,0.6899,0.042,0.033
1241,79424,orientation_cued_D0,0.00131,1.0000,0.3812,0.027,0.012
1242,79488,orientation_cued_D0,0.00070,1.0000,0.1326,0.032,0.060
1243,79552,orientation_cued_D0,0.03669,0.9844,11.1980,0.021,0.024
1244,79616,orientation_cued_D0,0.00095,1.0000,0.2151,0.033,0.035
1245,79680,orientation_cued_D0,0.00190,1.0000,0.6210,0.037,0.062
1246,79744,orientation_cued_D0,0.00097,1.0000,0.2165,0.038,0.015
1247,79808,orientation_cued_D0,0.00578,1.0000,3.5349,0.027,0.010
1248,79872,orientation_cued_D0,0.03221,0.9844,13.9442,0.034,0.086
1249,79936,orientation_cued_D0,0.00039,1.0000,0.0530,0.033,0.010
1250,80000,orientation_cued_D0,0.00056,1.0000,0.1344,0.037,0.015
1251,80064,orientation_cued_D0,0.00067,1.0000,0.1490,0.039,0.090
1252,80128,orientation_cued_D0,0.00119,1.0000,0.5266,0.033,0.004
1253,80192,orientation_cued_D0,0.00368,1.0000,1.6082,0.033,0.008
1254,80256,orientation_cued_D0,0.01061,1.0000,5.5650,0.032,0.094
1255,80320,orientation_cued_D0,0.00100,1.0000,0.1983,0.048,0.003
1256,80384,orientation_cued_D0,0.06459,0.9844,14.8018,0.040,0.010
1257,80448,orientation_cued_D0,0.00326,1.0000,1.5886,0.054,0.086
1258,80512,orientation_cued_D0,0.00258,1.0000,1.0658,0.030,0.003
1259,80576,orientation_cued_D0,0.00177,1.0000,0.5704,0.043,0.020
1260,80640,orientation_cued_D0,0.06910,0.9844,10.4663,0.041,0.089
1261,80704,orientation_cued_D0,0.00238,1.0000,1.1726,0.033,0.003
1262,80768,orientation_cued_D0,0.04258,0.9844,10.7425,0.050,0.009
1263,80832,orientation_cued_D0,0.00145,1.0000,0.6813,0.031,0.091
1264,80896,orientation_cued_D0,0.00750,1.0000,3.5387,0.039,0.004
1265,80960,orientation_cued_D0,0.00177,1.0000,0.6639,0.036,0.013
1266,81024,orientation_cued_D0,0.00234,1.0000,0.7228,0.049,0.099
1267,81088,orientation_cued_D0,0.00181,1.0000,0.6391,0.039,0.003
1268,81152,orientation_cued_D0,0.07084,0.9844,17.1074,0.025,0.003
1269,81216,orientation_cued_D0,0.01016,1.0000,4.2112,0.035,0.082
1270,81280,orientation_cued_D0,0.00342,1.0000,1.5440,0.041,0.003
1271,81344,orientation_cued_D0,0.00067,1.0000,0.0923,0.037,0.005
1272,81408,orientation_cued_D0,0.05536,0.9844,12.8932,0.037,0.092
1273,81472,orientation_cued_D0,0.00280,1.0000,0.8739,0.036,0.003
1274,81536,orientation_cued_D0,0.00022,1.0000,0.0192,0.054,0.002
1275,81600,orientation_cued_D0,0.00036,1.0000,0.0446,0.034,0.078
1276,81664,orientation_cued_D0,0.00064,1.0000,0.1453,0.030,0.012
1277,81728,orientation_cued_D0,0.00600,1.0000,2.8642,0.030,0.003
1278,81792,orientation_cued_D0,0.01428,0.9844,5.8534,0.033,0.105
1279,81856,orientation_cued_D0,0.01167,1.0000,7.2715,0.042,0.057
1280,81920,orientation_cued_D0,0.02533,0.9844,8.6261,0.030,0.003
1281,81984,orientation_cued_D0,0.07249,0.9844,9.2570,0.037,0.028
1282,82048,orientation_cued_D0,0.00257,1.0000,1.1532,0.023,0.054
1283,82112,orientation_cued_D0,0.00043,1.0000,0.1044,0.034,0.004
1284,82176,orientation_cued_D0,0.00340,1.0000,1.2504,0.027,0.056
1285,82240,orientation_cued_D0,0.00408,1.0000,2.4608,0.030,0.081
1286,82304,orientation_cued_D0,0.01666,0.9844,6.0505,0.041,0.003
1287,82368,orientation_cued_D0,0.00175,1.0000,0.3646,0.039,0.007
1288,82432,orientation_cued_D0,0.00270,1.0000,1.4657,0.036,0.107
1289,82496,orientation_cued_D0,0.00084,1.0000,0.1116,0.054,0.005
1290,82560,orientation_cued_D0,0.06101,0.9688,12.6149,0.036,0.003
1291,82624,orientation_cued_D0,0.00102,1.0000,0.2738,0.044,0.087
1292,82688,orientation_cued_D0,0.05772,0.9688,13.5631,0.033,0.005
1293,82752,orientation_cued_D0,0.00073,1.0000,0.2524,0.039,0.003
1294,82816,orientation_cued_D0,0.00088,1.0000,0.2736,0.028,0.079
1295,82880,orientation_cued_D0,0.00233,1.0000,1.1640,0.028,0.003
1296,82944,orientation_cued_D0,0.00113,1.0000,0.2551,0.027,0.011
1297,83008,orientation_cued_D0,0.00056,1.0000,0.1297,0.038,0.107
1298,83072,orientation_cued_D0,0.00169,1.0000,0.3014,0.042,0.038
1299,83136,orientation_cued_D0,0.01337,0.9844,5.3700,0.042,0.004
1300,83200,orientation_cued_D0,0.00545,1.0000,2.4833,0.037,0.038
1301,83264,orientation_cued_D0,0.02523,0.9844,8.6105,0.051,0.050
1302,83328,orientation_cued_D0,0.01502,1.0000,3.5008,0.046,0.004
1303,83392,orientation_cued_D0,0.00092,1.0000,0.2332,0.036,0.060
1304,83456,orientation_cued_D0,0.00054,1.0000,0.0867,0.027,0.039
1305,83520,orientation_cued_D0,0.00085,1.0000,0.1542,0.027,0.002
1306,83584,orientation_cued_D0,0.00134,1.0000,0.2176,0.033,0.078
1307,83648,orientation_cued_D0,0.00052,1.0000,0.1495,0.035,0.043
1308,83712,orientation_cued_D0,0.02646,0.9844,8.7945,0.034,0.004
1309,83776,orientation_cued_D0,0.00456,1.0000,1.9997,0.039,0.066
1310,83840,orientation_cued_D0,0.00045,1.0000,0.0827,0.040,0.037
1311,83904,orientation_cued_D0,0.00028,1.0000,0.0473,0.037,0.003
1312,83968,orientation_cued_D0,0.00925,1.0000,4.6266,0.040,0.055
1313,84032,orientation_cued_D0,0.00185,1.0000,0.5973,0.039,0.027
1314,84096,orientation_cued_D0,0.00129,1.0000,0.2870,0.047,0.003
1315,84160,orientation_cued_D0,0.00266,1.0000,0.6057,0.040,0.071
1316,84224,orientation_cued_D0,0.00155,1.0000,0.8029,0.033,0.003
1317,84288,orientation_cued_D0,0.00039,1.0000,0.1679,0.033,0.003
1318,84352,orientation_cued_D0,0.01411,0.9844,6.0691,0.042,0.095
1319,84416,orientation_cued_D0,0.00037,1.0000,0.0752,0.036,0.003
1320,84480,orientation_cued_D0,0.05345,0.9844,9.9187,0.041,0.003
1321,84544,orientation_cued_D0,0.00297,1.0000,0.6367,0.038,0.068
1322,84608,orientation_cued_D0,0.04340,0.9844,10.0868,0.040,0.008
1323,84672,orientation_cued_D0,0.00048,1.0000,0.0696,0.026,0.002
1324,84736,orientation_cued_D0,0.00044,1.0000,0.1399,0.027,0.095
1325,84800,orientation_cued_D0,0.00331,1.0000,1.4742,0.038,0.007
1326,84864,orientation_cued_D0,0.00070,1.0000,0.1272,0.040,0.002
1327,84928,orientation_cued_D0,0.00137,1.0000,0.4295,0.040,0.073
1328,84992,orientation_cued_D0,0.00086,1.0000,0.1692,0.037,0.013
1329,85056,orientation_cued_D0,0.00094,1.0000,0.1727,0.042,0.003
1330,85120,orientation_cued_D0,0.00042,1.0000,0.0599,0.039,0.082
1331,85184,orientation_cued_D0,0.00183,1.0000,0.6427,0.032,0.004
1332,85248,orientation_cued_D0,0.00764,1.0000,2.5092,0.055,0.006
1333,85312,orientation_cued_D0,0.01586,1.0000,5.7748,0.041,0.063
1334,85376,orientation_cued_D0,0.00491,1.0000,1.5493,0.051,0.027
1335,85440,orientation_cued_D0,0.02472,0.9844,9.9750,0.045,0.003
1336,85504,orientation_cued_D0,0.00307,1.0000,1.5867,0.065,0.093
1337,85568,orientation_cued_D0,0.00102,1.0000,0.1997,0.039,0.004
1338,85632,orientation_cued_D0,0.00140,1.0000,0.5600,0.051,0.004
1339,85696,orientation_cued_D0,0.00064,1.0000,0.1002,0.043,0.119
1340,85760,orientation_cued_D0,0.00150,1.0000,0.3215,0.050,0.003
1341,85824,orientation_cued_D0,0.00060,1.0000,0.1197,0.044,0.003
1342,85888,orientation_cued_D0,0.01797,0.9844,5.8448,0.035,0.066
1343,85952,orientation_cued_D0,0.00093,1.0000,0.2059,0.053,0.003
1344,86016,orientation_cued_D0,0.00063,1.0000,0.2189,0.026,0.003
1345,86080,orientation_cued_D0,0.00137,1.0000,0.2350,0.048,0.097
1346,86144,orientation_cued_D0,0.00181,1.0000,0.4657,0.039,0.006
1347,86208,orientation_cued_D0,0.00380,1.0000,0.8760,0.036,0.003
1348,86272,orientation_cued_D0,0.06183,0.9844,13.1897,0.039,0.062
1349,86336,orientation_cued_D0,0.00433,1.0000,2.1727,0.041,0.068
1350,86400,orientation_cued_D0,0.04419,0.9844,10.0941,0.041,0.004
1351,86464,orientation_cued_D0,0.00359,1.0000,0.9843,0.034,0.003
1352,86528,orientation_cued_D0,0.00060,1.0000,0.1480,0.039,0.104
1353,86592,orientation_cued_D0,0.00030,1.0000,0.0338,0.035,0.002
1354,86656,orientation_cued_D0,0.00247,1.0000,0.6303,0.030,0.003
1355,86720,orientation_cued_D0,0.00155,1.0000,0.5039,0.038,0.103
1356,86784,orientation_cued_D0,0.01002,1.0000,4.1791,0.035,0.003
1357,86848,orientation_cued_D0,0.06756,0.9688,7.2338,0.049,0.003
1358,86912,orientation_cued_D0,0.03769,0.9844,9.2844,0.029,0.099
1359,86976,orientation_cued_D0,0.00084,1.0000,0.1559,0.049,0.005
1360,87040,orientation_cued_D0,0.05019,0.9844,12.3199,0.036,0.003
1361,87104,orientation_cued_D0,0.01308,1.0000,4.9052,0.035,0.088
1362,87168,orientation_cued_D0,0.00201,1.0000,0.6979,0.033,0.002
1363,87232,orientation_cued_D0,0.00315,1.0000,0.9726,0.042,0.029
1364,87296,orientation_cued_D0,0.00284,1.0000,1.0509,0.058,0.067
1365,87360,orientation_cued_D0,0.00421,1.0000,1.1970,0.040,0.003
1366,87424,orientation_cued_D0,0.00378,1.0000,2.7180,0.043,0.020
1367,87488,orientation_cued_D0,0.02664,0.9844,7.9577,0.035,0.045
1368,87552,orientation_cued_D0,0.13802,0.9844,5.3301,0.044,0.022
1369,87616,orientation_cued_D0,0.01501,0.9844,4.9560,0.046,0.019
1370,87680,orientation_cued_D0,0.00356,1.0000,1.5542,0.039,0.085
1371,87744,orientation_cued_D0,0.01122,1.0000,3.1658,0.044,0.038
1372,87808,orientation_cued_D0,0.00591,1.0000,3.5196,0.032,0.025
1373,87872,orientation_cued_D0,0.00094,1.0000,0.1560,0.032,0.066
1374,87936,orientation_cued_D0,0.00468,1.0000,2.6771,0.039,0.102
1375,88000,orientation_cued_D0,0.00137,1.0000,0.3902,0.039,0.002
1376,88064,orientation_cued_D0,0.00123,1.0000,0.4250,0.037,0.005
1377,88128,orientation_cued_D0,0.00683,1.0000,2.4297,0.039,0.099
1378,88192,orientation_cued_D0,0.00440,1.0000,1.8029,0.058,0.021
1379,88256,orientation_cued_D0,0.00710,1.0000,1.9700,0.039,0.003
1380,88320,orientation_cued_D0,0.00125,1.0000,0.5894,0.039,0.159
1381,88384,orientation_cued_D0,0.00138,1.0000,0.3307,0.038,0.003
1382,88448,orientation_cued_D0,0.00407,1.0000,0.8375,0.033,0.002
1383,88512,orientation_cued_D0,0.06491,0.9844,11.2402,0.036,0.100
1384,88576,orientation_cued_D0,0.00071,1.0000,0.1407,0.034,0.003
1385,88640,orientation_cued_D0,0.02869,0.9844,9.9479,0.039,0.005
1386,88704,orientation_cued_D0,0.01100,1.0000,3.6794,0.055,0.093
1387,88768,orientation_cued_D0,0.00459,1.0000,1.3663,0.037,0.003
1388,88832,orientation_cued_D0,0.01064,1.0000,3.4863,0.025,0.036
1389,88896,orientation_cued_D0,0.00268,1.0000,0.8676,0.041,0.067
1390,88960,orientation_cued_D0,0.00031,1.0000,0.0286,0.042,0.003
1391,89024,orientation_cued_D0,0.00081,1.0000,0.1869,0.031,0.044
1392,89088,orientation_cued_D0,0.03886,0.9844,8.0924,0.032,0.053
1393,89152,orientation_cued_D0,0.00055,1.0000,0.2434,0.033,0.003
1394,89216,orientation_cued_D0,0.00089,1.0000,0.3143,0.039,0.127
1395,89280,orientation_cued_D0,0.00067,1.0000,0.2159,0.018,0.002
1396,89344,orientation_cued_D0,0.01249,1.0000,4.7311,0.018,0.002
1397,89408,orientation_cued_D0,0.00115,1.0000,0.2472,0.021,0.125
1398,89472,orientation_cued_D0,0.00072,1.0000,0.1070,0.028,0.003
1399,89536,orientation_cued_D0,0.00155,1.0000,0.5929,0.023,0.038
1400,89600,orientation_cued_D0,0.00121,1.0000,0.3138,0.018,0.062
1401,89664,orientation_cued_D0,0.00316,1.0000,1.3885,0.029,0.005
1402,89728,orientation_cued_D0,0.01221,1.0000,6.2556,0.039,0.008
1403,89792,orientation_cued_D0,0.00151,1.0000,0.7186,0.040,0.007
1404,89856,orientation_cued_D0,0.00108,1.0000,0.2451,0.050,0.008
1405,89920,orientation_cued_D0,0.00411,1.0000,2.6237,0.043,0.008
1406,89984,orientation_cued_D0,0.00092,1.0000,0.2030,0.053,0.007
1407,90048,orientation_cued_D0,0.00095,1.0000,0.2063,0.036,0.005
1408,90112,orientation_cued_D0,0.00305,1.0000,1.6591,0.031,0.005
1409,90176,orientation_cued_D0,0.00099,1.0000,0.3183,0.046,0.004
1410,90240,orientation_cued_D0,0.01370,0.9844,4.8373,0.064,0.007
1411,90304,orientation_cued_D0,0.00047,1.0000,0.0663,0.044,0.009
1412,90368,orientation_cued_D0,0.00084,1.0000,0.1570,0.051,0.008
1413,90432,orientation_cued_D0,0.00184,1.0000,0.4579,0.038,0.007
1414,90496,orientation_cued_D0,0.00027,1.0000,0.0903,0.047,0.005
1415,90560,orientation_cued_D0,0.00281,1.0000,0.5787,0.031,0.005
1416,90624,orientation_cued_D0,0.01956,0.9844,10.7139,0.062,0.008
1417,90688,orientation_cued_D0,0.00079,1.0000,0.1752,0.044,0.010
1418,90752,orientation_cued_D0,0.01064,1.0000,4.8776,0.046,0.027
1419,90816,orientation_cued_D0,0.00581,1.0000,3.9310,0.046,0.003
1420,90880,orientation_cued_D0,0.00823,1.0000,3.4840,0.047,0.007
1421,90944,orientation_cued_D0,0.00059,1.0000,0.2855,0.054,0.007
1422,91008,orientation_cued_D0,0.00055,1.0000,0.0912,0.037,0.003
1423,91072,orientation_cued_D0,0.00136,1.0000,0.4018,0.033,0.003
1424,91136,orientation_cued_D0,0.00079,1.0000,0.1188,0.041,0.132
1425,91200,orientation_cued_D0,0.00281,1.0000,1.0060,0.034,0.030
1426,91264,orientation_cued_D0,0.00055,1.0000,0.2521,0.031,0.003
1427,91328,orientation_cued_D0,0.00544,1.0000,1.2691,0.046,0.144
1428,91392,orientation_cued_D0,0.00213,1.0000,0.7571,0.044,0.003
1429,91456,orientation_cued_D0,0.00545,1.0000,1.7128,0.036,0.003
1430,91520,orientation_cued_D0,0.00923,1.0000,4.2512,0.042,0.089
1431,91584,orientation_cued_D0,0.00907,1.0000,2.6842,0.034,0.004
1432,91648,orientation_cued_D0,0.00448,1.0000,1.4006,0.041,0.019
1433,91712,orientation_cued_D0,0.00502,1.0000,2.9173,0.037,0.060
1434,91776,orientation_cued_D0,0.00292,1.0000,1.2129,0.031,0.037
1435,91840,orientation_cued_D0,0.01189,0.9844,5.3782,0.028,0.068
1436,91904,orientation_cued_D0,0.00074,1.0000,0.1977,0.039,0.004
1437,91968,orientation_cued_D0,0.00138,1.0000,0.6976,0.040,0.133
1438,92032,orientation_cued_D0,0.00431,1.0000,1.1005,0.022,0.002
1439,92096,orientation_cued_D0,0.00051,1.0000,0.1467,0.043,0.049
1440,92160,orientation_cued_D0,0.00119,1.0000,0.3657,0.035,0.060
1441,92224,orientation_cued_D0,0.00060,1.0000,0.1056,0.038,0.002
1442,92288,orientation_cued_D0,0.00046,1.0000,0.1502,0.053,0.052
1443,92352,orientation_cued_D0,0.00621,1.0000,3.2451,0.036,0.037
1444,92416,orientation_cued_D0,0.00080,1.0000,0.1570,0.046,0.004
1445,92480,orientation_cued_D0,0.00125,1.0000,0.5587,0.035,0.099
1446,92544,orientation_cued_D0,0.00365,1.0000,1.1471,0.037,0.004
1447,92608,orientation_cued_D0,0.00031,1.0000,0.0485,0.033,0.003
1448,92672,orientation_cued_D0,0.00019,1.0000,0.0204,0.033,0.137
1449,92736,orientation_cued_D0,0.00035,1.0000,0.0766,0.029,0.002
1450,92800,orientation_cued_D0,0.00061,1.0000,0.1493,0.036,0.003
1451,92864,orientation_cued_D0,0.00403,1.0000,1.6264,0.038,0.090
1452,92928,orientation_cued_D0,0.00050,1.0000,0.0976,0.035,0.004
1453,92992,orientation_cued_D0,0.00122,1.0000,0.3867,0.031,0.002
1454,93056,orientation_cued_D0,0.00554,1.0000,3.8108,0.030,0.087
1455,93120,orientation_cued_D0,0.00135,1.0000,0.2336,0.035,0.002
1456,93184,orientation_cued_D0,0.00389,1.0000,2.0974,0.030,0.003
1457,93248,orientation_cued_D0,0.00566,1.0000,3.6742,0.034,0.117
1458,93312,orientation_cued_D0,0.00030,1.0000,0.0380,0.031,0.004
1459,93376,orientation_cued_D0,0.00029,1.0000,0.0488,0.038,0.003
1460,93440,orientation_cued_D0,0.02889,0.9844,8.9775,0.034,0.131
1461,93504,orientation_cued_D0,0.02166,0.9844,9.2152,0.028,0.002
1462,93568,orientation_cued_D0,0.00025,1.0000,0.0424,0.038,0.004
1463,93632,orientation_cued_D0,0.00210,1.0000,1.0960,0.043,0.104
1464,93696,orientation_cued_D0,0.00010,1.0000,0.0115,0.040,0.002
1465,93760,orientation_cued_D0,0.00234,1.0000,0.4981,0.028,0.002
1466,93824,orientation_cued_D0,0.00065,1.0000,0.1146,0.030,0.094
1467,93888,orientation_cued_D0,0.00307,1.0000,0.9299,0.021,0.003
1468,93952,orientation_cued_D0,0.00087,1.0000,0.3061,0.034,0.004
1469,94016,orientation_cued_D0,0.00806,1.0000,4.4101,0.035,0.111
1470,94080,orientation_cued_D0,0.00667,1.0000,3.4362,0.044,0.003
1471,94144,orientation_cued_D0,0.00079,1.0000,0.1601,0.027,0.003
1472,94208,orientation_cued_D0,0.00088,1.0000,0.3008,0.045,0.084
1473,94272,orientation_cued_D0,0.00600,1.0000,1.4908,0.035,0.013
1474,94336,orientation_cued_D0,0.00028,1.0000,0.0413,0.035,0.002
1475,94400,orientation_cued_D0,0.00018,1.0000,0.0235,0.049,0.088
1476,94464,orientation_cued_D0,0.00925,1.0000,3.1621,0.037,0.004
1477,94528,orientation_cued_D0,0.00048,1.0000,0.1907,0.051,0.002
1478,94592,orientation_cued_D0,0.00081,1.0000,0.3497,0.047,0.069
1479,94656,orientation_cued_D0,0.00191,1.0000,0.7761,0.036,0.010
1480,94720,orientation_cued_D0,0.00219,1.0000,0.8441,0.038,0.002
1481,94784,orientation_cued_D0,0.00084,1.0000,0.1911,0.036,0.096
1482,94848,orientation_cued_D0,0.00534,1.0000,2.7457,0.022,0.008
1483,94912,orientation_cued_D0,0.00021,1.0000,0.0234,0.040,0.010
1484,94976,orientation_cued_D0,0.00222,1.0000,0.8617,0.033,0.100
1485,95040,orientation_cued_D0,0.00194,1.0000,0.4562,0.033,0.003
1486,95104,orientation_cued_D0,0.00062,1.0000,0.1075,0.025,0.047
1487,95168,orientation_cued_D0,0.00205,1.0000,0.8922,0.038,0.062
1488,95232,orientation_cued_D0,0.00308,1.0000,1.3752,0.026,0.020
1489,95296,orientation_cued_D0,0.00017,1.0000,0.0229,0.033,0.072
1490,95360,orientation_cued_D0,0.02056,0.9844,6.8072,0.037,0.025
1491,95424,orientation_cued_D0,0.00885,1.0000,4.9147,0.035,0.007
1492,95488,orientation_cued_D0,0.00275,1.0000,0.9406,0.034,0.096
1493,95552,orientation_cued_D0,0.00892,1.0000,5.0037,0.040,0.003
1494,95616,orientation_cued_D0,0.00015,1.0000,0.0293,0.033,0.002
1495,95680,orientation_cued_D0,0.00104,1.0000,0.3912,0.032,0.095
1496,95744,orientation_cued_D0,0.00045,1.0000,0.1416,0.031,0.004
1497,95808,orientation_cued_D0,0.00600,1.0000,2.9389,0.041,0.020
1498,95872,orientation_cued_D0,0.00050,1.0000,0.1135,0.036,0.074
1499,95936,orientation_cued_D0,0.00254,1.0000,1.4695,0.031,0.004
1500,96000,orientation_cued_D0,0.00105,1.0000,0.3299,0.027,0.016
1501,96064,orientation_cued_D0,0.00056,1.0000,0.1324,0.033,0.092
1502,96128,orientation_cued_D0,0.00268,1.0000,0.7983,0.035,0.003
1503,96192,orientation_cued_D0,0.00795,1.0000,2.6123,0.038,0.025
1504,96256,orientation_cued_D0,0.00078,1.0000,0.3195,0.031,0.055
1505,96320,orientation_cued_D0,0.00195,1.0000,0.4404,0.039,0.018
1506,96384,orientation_cued_D0,0.00072,1.0000,0.1434,0.037,0.007
1507,96448,orientation_cued_D0,0.00128,1.0000,0.2973,0.035,0.066
1508,96512,orientation_cued_D0,0.00049,1.0000,0.1933,0.024,0.019
1509,96576,orientation_cued_D0,0.06189,0.9844,11.8026,0.029,0.010
1510,96640,orientation_cued_D0,0.00085,1.0000,0.2375,0.028,0.079
1511,96704,orientation_cued_D0,0.00015,1.0000,0.0194,0.034,0.045
1512,96768,orientation_cued_D0,0.00146,1.0000,0.5288,0.034,0.004
1513,96832,orientation_cued_D0,0.02285,0.9844,8.4091,0.040,0.053
1514,96896,orientation_cued_D0,0.00537,1.0000,1.7665,0.040,0.052
1515,96960,orientation_cued_D0,0.00253,1.0000,1.0156,0.041,0.003
1516,97024,orientation_cued_D0,0.00195,1.0000,1.1219,0.029,0.031
1517,97088,orientation_cued_D0,0.00173,1.0000,0.7668,0.029,0.057
1518,97152,orientation_cued_D0,0.00217,1.0000,0.7249,0.026,0.002
1519,97216,orientation_cued_D0,0.04454,0.9688,14.2975,0.036,0.077
1520,97280,orientation_cued_D0,0.00087,1.0000,0.2653,0.038,0.026
1521,97344,orientation_cued_D0,0.00095,1.0000,0.2260,0.039,0.004
1522,97408,orientation_cued_D0,0.01289,0.9844,7.1175,0.029,0.047
1523,97472,orientation_cued_D0,0.00038,1.0000,0.0794,0.034,0.030
1524,97536,orientation_cued_D0,0.01609,0.9844,8.8392,0.041,0.036
1525,97600,orientation_cued_D0,0.00862,1.0000,4.6495,0.037,0.036
1526,97664,orientation_cued_D0,0.03635,0.9844,8.6816,0.028,0.019
1527,97728,orientation_cued_D0,0.00472,1.0000,1.1636,0.035,0.050
1528,97792,orientation_cued_D0,0.02033,0.9844,8.6156,0.032,0.033
1529,97856,orientation_cued_D0,0.00223,1.0000,0.6135,0.032,0.021
1530,97920,orientation_cued_D0,0.00056,1.0000,0.2906,0.030,0.041
1531,97984,orientation_cued_D0,0.00393,1.0000,2.0210,0.039,0.048
1532,98048,orientation_cued_D0,0.00120,1.0000,0.2978,0.036,0.012
1533,98112,orientation_cued_D0,0.00511,1.0000,1.8385,0.042,0.040
1534,98176,orientation_cued_D0,0.00169,1.0000,1.1126,0.031,0.036
1535,98240,orientation_cued_D0,0.02696,0.9844,10.1584,0.025,0.012
1536,98304,orientation_cued_D0,0.00118,1.0000,0.4406,0.026,0.061
1537,98368,orientation_cued_D0,0.01963,0.9844,6.6780,0.046,0.034
1538,98432,orientation_cued_D0,0.00453,1.0000,2.8267,0.031,0.008
1539,98496,orientation_cued_D0,0.00785,1.0000,2.4916,0.035,0.064
1540,98560,orientation_cued_D0,0.00467,1.0000,2.1796,0.038,0.017
1541,98624,orientation_cued_D0,0.00992,1.0000,2.7407,0.036,0.019
1542,98688,orientation_cued_D0,0.00576,1.0000,1.6569,0.032,0.053
1543,98752,orientation_cued_D0,0.06542,0.9844,14.3889,0.025,0.039
1544,98816,orientation_cued_D0,0.00090,1.0000,0.2332,0.030,0.010
1545,98880,orientation_cued_D0,0.02573,0.9844,10.8816,0.040,0.090
1546,98944,orientation_cued_D0,0.05529,0.9844,8.4887,0.039,0.042
1547,99008,orientation_cued_D0,0.00086,1.0000,0.2361,0.035,0.003
1548,99072,orientation_cued_D0,0.01923,0.9844,5.4787,0.036,0.050
1549,99136,orientation_cued_D0,0.00084,1.0000,0.3066,0.034,0.019
1550,99200,orientation_cued_D0,0.00076,1.0000,0.1067,0.038,0.013
1551,99264,orientation_cued_D0,0.00711,1.0000,2.2878,0.034,0.112
1552,99328,orientation_cued_D0,0.04499,0.9844,11.8085,0.038,0.014
1553,99392,orientation_cued_D0,0.00588,1.0000,2.5466,0.046,0.003
1554,99456,orientation_cued_D0,0.03947,0.9844,7.4189,0.031,0.065
1555,99520,orientation_cued_D0,0.00175,1.0000,0.6918,0.032,0.110
1556,99584,orientation_cued_D0,0.00418,1.0000,2.2142,0.037,0.004
1557,99648,orientation_cued_D0,0.00316,1.0000,0.5726,0.046,0.003
1558,99712,orientation_cued_D0,0.10626,0.9688,12.0955,0.039,0.081
1559,99776,orientation_cued_D0,0.03256,0.9844,8.9153,0.030,0.014
1560,99840,orientation_cued_D0,0.00162,1.0000,0.8845,0.039,0.003
1561,99904,orientation_cued_D0,0.00047,1.0000,0.0616,0.034,0.088
1562,99968,orientation_cued_D0,0.04326,0.9844,10.8103,0.041,0.011
1563,100032,orientation_cued_D0,0.00144,1.0000,0.4573,0.034,0.003
