update,episodes,cell,loss,accuracy,grad_norm,seconds,wait_seconds
1,64,orientation_cued_D0,0.00183,1.0000,0.4913,1.200,1.367
2,128,orientation_cued_D4,0.73546,0.5156,1.9550,0.270,0.004
3,192,orientation_cued_D2,0.66143,0.6562,3.1933,0.206,0.007
4,256,orientation_cued_D0,0.03749,0.9844,10.0265,0.039,0.006
5,320,orientation_cued_D4,0.69821,0.4844,1.3991,0.034,0.004
6,384,orientation_cued_D2,0.65912,0.6094,2.0842,0.047,0.010
7,448,orientation_cued_D0,0.15100,0.9688,12.6069,0.039,0.006
8,512,orientation_cued_D4,0.70164,0.4688,1.5046,0.067,0.007
9,576,orientation_cued_D2,0.69150,0.5469,3.1635,0.054,0.009
10,640,orientation_cued_D0,0.00031,1.0000,0.0766,0.043,0.006
11,704,orientation_cued_D4,0.70966,0.4219,0.9365,0.062,0.005
12,768,orientation_cued_D2,0.69252,0.5625,2.0504,0.046,0.010
13,832,orientation_cued_D0,0.00186,1.0000,0.5173,0.046,0.010
14,896,orientation_cued_D4,0.70852,0.4688,1.6724,0.067,0.009
15,960,orientation_cued_D2,0.63740,0.6406,1.6596,0.054,0.009
16,1024,orientation_cued_D0,0.00046,1.0000,0.0879,0.043,0.006
17,1088,orientation_cued_D4,0.67483,0.6094,1.1458,0.055,0.005
18,1152,orientation_cued_D2,0.64715,0.5938,1.4931,0.037,0.017
19,1216,orientation_cued_D0,0.00109,1.0000,0.2398,0.039,0.007
20,1280,orientation_cued_D4,0.67802,0.5938,0.7926,0.065,0.005
21,1344,orientation_cued_D2,0.63908,0.6094,3.5155,0.049,0.010
22,1408,orientation_cued_D0,0.00030,1.0000,0.0926,0.042,0.009
23,1472,orientation_cued_D4,0.70777,0.4531,1.9969,0.068,0.008
24,1536,orientation_cued_D2,0.60708,0.6094,2.4215,0.045,0.010
25,1600,orientation_cued_D0,0.02367,0.9844,5.8368,0.038,0.011
26,1664,orientation_cued_D4,0.67680,0.5781,1.2504,0.073,0.007
27,1728,orientation_cued_D0,0.00264,1.0000,1.3177,0.042,0.009
28,1792,orientation_cued_D2,0.59107,0.7344,2.4910,0.052,0.005
29,1856,orientation_cued_D0,0.00256,1.0000,1.0998,0.045,0.006
30,1920,orientation_cued_D2,0.70161,0.5000,4.0618,0.057,0.003
31,1984,orientation_cued_D4,0.68065,0.5625,2.0473,0.035,0.007
32,2048,orientation_cued_D2,0.69134,0.5312,3.4586,0.042,0.014
33,2112,orientation_cued_D0,0.00758,1.0000,4.6770,0.042,0.003
34,2176,orientation_cued_D4,0.68458,0.5000,1.2127,0.072,0.004
35,2240,orientation_cued_D2,0.67715,0.5312,3.4269,0.052,0.004
36,2304,orientation_cued_D0,0.00317,1.0000,1.1379,0.044,0.003
37,2368,orientation_cued_D4,0.66312,0.6094,0.9801,0.078,0.004
38,2432,orientation_cued_D0,0.00424,1.0000,2.9354,0.032,0.034
39,2496,orientation_cued_D2,0.62487,0.6406,3.3387,0.044,0.003
40,2560,orientation_cued_D4,0.70124,0.4062,1.9170,0.055,0.026
41,2624,orientation_cued_D2,0.64547,0.6250,4.1078,0.053,0.048
42,2688,orientation_cued_D0,0.00055,1.0000,0.0959,0.044,0.003
43,2752,orientation_cued_D4,0.70208,0.4062,2.9282,0.052,0.043
44,2816,orientation_cued_D2,0.61681,0.6406,4.4302,0.033,0.010
45,2880,orientation_cued_D0,0.01916,0.9844,7.5740,0.043,0.015
46,2944,orientation_cued_D4,0.68130,0.5625,1.4188,0.066,0.075
47,3008,orientation_cued_D2,0.63257,0.6094,2.5198,0.052,0.007
48,3072,orientation_cued_D0,0.00092,1.0000,0.2477,0.045,0.004
49,3136,orientation_cued_D4,0.67341,0.5312,1.3153,0.070,0.097
50,3200,orientation_cued_D2,0.69118,0.5625,3.1706,0.076,0.006
51,3264,orientation_cued_D0,0.00741,1.0000,3.2665,0.044,0.004
52,3328,orientation_cued_D4,0.68153,0.5469,1.4235,0.068,0.079
53,3392,orientation_cued_D0,0.01599,0.9844,6.0917,0.047,0.007
54,3456,orientation_cued_D2,0.64572,0.6250,2.2009,0.050,0.003
55,3520,orientation_cued_D0,0.00055,1.0000,0.0996,0.036,0.016
56,3584,orientation_cued_D4,0.63636,0.6719,2.1567,0.062,0.009
57,3648,orientation_cued_D2,0.58227,0.7188,3.5370,0.053,0.006
58,3712,orientation_cued_D0,0.00374,1.0000,1.7752,0.046,0.020
59,3776,orientation_cued_D4,0.67015,0.6719,1.9687,0.066,0.080
60,3840,orientation_cued_D2,0.59734,0.6719,3.5857,0.052,0.004
61,3904,orientation_cued_D0,0.01898,0.9844,8.9721,0.037,0.003
62,3968,orientation_cued_D4,0.68448,0.5156,1.8622,0.068,0.093
63,4032,orientation_cued_D2,0.60706,0.6406,2.9232,0.056,0.005
64,4096,orientation_cued_D0,0.00906,1.0000,4.9833,0.045,0.005
65,4160,orientation_cued_D0,0.00040,1.0000,0.0518,0.050,0.053
66,4224,orientation_cued_D4,0.70179,0.4531,2.1171,0.085,0.004
67,4288,orientation_cued_D2,0.72012,0.4844,5.6602,0.047,0.005
68,4352,orientation_cued_D0,0.00039,1.0000,0.0475,0.046,0.064
69,4416,orientation_cued_D2,0.62004,0.5938,3.4665,0.053,0.004
70,4480,orientation_cued_D4,0.66199,0.6094,1.7852,0.044,0.003
71,4544,orientation_cued_D0,0.01309,1.0000,4.8421,0.038,0.055
72,4608,orientation_cued_D2,0.59416,0.7031,2.7198,0.045,0.003
73,4672,orientation_cued_D4,0.68196,0.5156,2.0416,0.060,0.094
74,4736,orientation_cued_D0,0.00116,1.0000,0.3314,0.030,0.003
75,4800,orientation_cued_D2,0.59803,0.6562,2.7302,0.041,0.006
76,4864,orientation_cued_D0,0.00484,1.0000,1.6019,0.041,0.107
77,4928,orientation_cued_D4,0.68156,0.5156,1.4595,0.069,0.014
78,4992,orientation_cued_D2,0.58808,0.7344,2.2381,0.053,0.003
79,5056,orientation_cued_D0,0.00012,1.0000,0.0085,0.037,0.033
80,5120,orientation_cued_D4,0.64470,0.6250,2.0071,0.062,0.019
81,5184,orientation_cued_D2,0.61245,0.6562,3.3928,0.035,0.003
82,5248,orientation_cued_D0,0.03029,0.9844,8.0345,0.033,0.039
83,5312,orientation_cued_D2,0.67814,0.5938,3.4940,0.048,0.019
84,5376,orientation_cued_D4,0.70456,0.5312,1.9880,0.064,0.027
85,5440,orientation_cued_D0,0.00050,1.0000,0.0968,0.042,0.003
86,5504,orientation_cued_D2,0.69567,0.5625,6.4491,0.052,0.032
87,5568,orientation_cued_D0,0.01552,1.0000,5.9704,0.023,0.022
88,5632,orientation_cued_D4,0.61438,0.7031,3.8995,0.049,0.003
89,5696,orientation_cued_D2,0.63081,0.6094,5.8232,0.051,0.057
90,5760,orientation_cued_D0,0.00495,1.0000,2.5959,0.044,0.003
91,5824,orientation_cued_D4,0.67850,0.6406,2.7628,0.067,0.040
92,5888,orientation_cued_D2,0.59352,0.7031,3.9902,0.037,0.004
93,5952,orientation_cued_D0,0.02174,0.9844,6.8309,0.040,0.017
94,6016,orientation_cued_D4,0.63535,0.6094,1.7679,0.067,0.093
95,6080,orientation_cued_D2,0.62814,0.6562,3.0303,0.053,0.003
96,6144,orientation_cued_D0,0.06406,0.9844,11.7993,0.036,0.003
97,6208,orientation_cued_D4,0.64187,0.5938,2.5098,0.062,0.110
98,6272,orientation_cued_D2,0.63767,0.6719,2.5327,0.053,0.004
99,6336,orientation_cued_D0,0.00799,1.0000,3.3210,0.042,0.003
100,6400,orientation_cued_D2,0.66967,0.6406,2.1490,0.057,0.052
101,6464,orientation_cued_D0,0.00191,1.0000,0.4161,0.037,0.005
102,6528,orientation_cued_D4,0.64244,0.6719,1.7325,0.064,0.003
103,6592,orientation_cued_D2,0.69610,0.6250,2.7504,0.055,0.072
104,6656,orientation_cued_D0,0.01737,0.9844,9.3552,0.042,0.003
105,6720,orientation_cued_D4,0.68999,0.5312,1.6303,0.055,0.002
106,6784,orientation_cued_D0,0.00460,1.0000,1.8668,0.038,0.040
107,6848,orientation_cued_D2,0.66812,0.5781,2.2589,0.053,0.003
108,6912,orientation_cued_D4,0.68034,0.6562,1.4618,0.068,0.016
109,6976,orientation_cued_D0,0.00192,1.0000,0.8439,0.036,0.006
110,7040,orientation_cued_D2,0.64234,0.6094,2.3480,0.052,0.024
111,7104,orientation_cued_D4,0.65660,0.5781,1.6390,0.068,0.109
112,7168,orientation_cued_D0,0.00167,1.0000,0.6535,0.040,0.019
113,7232,orientation_cued_D2,0.65746,0.5781,2.3470,0.055,0.002
114,7296,orientation_cued_D0,0.00172,1.0000,0.3445,0.034,0.058
115,7360,orientation_cued_D4,0.70528,0.5000,2.0189,0.068,0.003
116,7424,orientation_cued_D2,0.62634,0.6250,3.0902,0.055,0.045
117,7488,orientation_cued_D0,0.05306,0.9844,8.6605,0.042,0.004
118,7552,orientation_cued_D4,0.62767,0.6406,1.7708,0.057,0.017
119,7616,orientation_cued_D2,0.71758,0.5625,4.5883,0.052,0.049
120,7680,orientation_cued_D0,0.00636,1.0000,3.4678,0.044,0.005
121,7744,orientation_cued_D4,0.64839,0.6406,2.0404,0.066,0.033
122,7808,orientation_cued_D2,0.60361,0.5938,3.4421,0.052,0.036
123,7872,orientation_cued_D0,0.00347,1.0000,1.1309,0.026,0.003
124,7936,orientation_cued_D4,0.68232,0.6250,1.6466,0.073,0.076
125,8000,orientation_cued_D0,0.02803,0.9844,8.4428,0.035,0.003
126,8064,orientation_cued_D2,0.66700,0.5469,4.5295,0.046,0.003
127,8128,orientation_cued_D0,0.00300,1.0000,0.7760,0.033,0.125
128,8192,orientation_cued_D4,0.63035,0.6250,1.9331,0.063,0.003
129,8256,orientation_cued_D2,0.59472,0.6250,2.8039,0.044,0.004
130,8320,orientation_cued_D0,0.00215,1.0000,0.5238,0.047,0.058
131,8384,orientation_cued_D4,0.68250,0.5156,1.7142,0.063,0.036
132,8448,orientation_cued_D2,0.67517,0.5156,2.8314,0.041,0.004
133,8512,orientation_cued_D0,0.04640,0.9844,11.8839,0.045,0.016
134,8576,orientation_cued_D2,0.68154,0.5938,2.7166,0.047,0.055
135,8640,orientation_cued_D4,0.64787,0.5781,2.6727,0.063,0.005
136,8704,orientation_cued_D0,0.01483,0.9844,6.6141,0.040,0.023
137,8768,orientation_cued_D2,0.72701,0.5156,4.4486,0.051,0.055
138,8832,orientation_cued_D4,0.64375,0.5469,2.5305,0.060,0.059
139,8896,orientation_cued_D0,0.00513,1.0000,1.9208,0.043,0.004
140,8960,orientation_cued_D2,0.62052,0.5938,3.7615,0.048,0.002
141,9024,orientation_cued_D4,0.67152,0.6250,3.6518,0.062,0.055
142,9088,orientation_cued_D0,0.06132,0.9688,10.0576,0.025,0.003
143,9152,orientation_cued_D2,0.60518,0.5938,3.0436,0.052,0.008
144,9216,orientation_cued_D0,0.02750,0.9844,7.0881,0.042,0.051
145,9280,orientation_cued_D4,0.68878,0.5312,2.0443,0.065,0.003
146,9344,orientation_cued_D2,0.64262,0.6406,4.2492,0.055,0.003
147,9408,orientation_cued_D0,0.02504,0.9844,8.9851,0.035,0.008
148,9472,orientation_cued_D4,0.63254,0.7031,2.1758,0.046,0.023
149,9536,orientation_cued_D2,0.62799,0.5938,2.3205,0.032,0.030
150,9600,orientation_cued_D0,0.00184,1.0000,0.5478,0.031,0.027
151,9664,orientation_cued_D4,0.68031,0.5312,2.0751,0.068,0.089
152,9728,orientation_cued_D0,0.00365,1.0000,1.0992,0.046,0.020
153,9792,orientation_cued_D2,0.66224,0.6250,3.5734,0.056,0.003
154,9856,orientation_cued_D4,0.66359,0.5312,2.0414,0.066,0.072
155,9920,orientation_cued_D0,0.09081,0.9844,10.8890,0.043,0.004
156,9984,orientation_cued_D2,0.67851,0.5625,3.1854,0.052,0.002
157,10048,orientation_cued_D0,0.01009,1.0000,3.0758,0.041,0.048
158,10112,orientation_cued_D4,0.68210,0.5625,2.5791,0.035,0.002
159,10176,orientation_cued_D2,0.65308,0.6094,3.2075,0.044,0.004
160,10240,orientation_cued_D0,0.00164,1.0000,0.4230,0.039,0.054
161,10304,orientation_cued_D2,0.59521,0.6250,3.0908,0.053,0.055
162,10368,orientation_cued_D4,0.66642,0.5156,2.4819,0.071,0.004
163,10432,orientation_cued_D0,0.00296,1.0000,1.2940,0.031,0.006
164,10496,orientation_cued_D2,0.63149,0.6562,2.7672,0.055,0.071
165,10560,orientation_cued_D4,0.66474,0.5469,1.8221,0.065,0.003
166,10624,orientation_cued_D0,0.07613,0.9688,9.9870,0.041,0.004
167,10688,orientation_cued_D2,0.61963,0.6250,2.7447,0.056,0.022
168,10752,orientation_cued_D0,0.01611,0.9844,3.6064,0.023,0.008
169,10816,orientation_cued_D4,0.68522,0.5312,2.0583,0.047,0.004
170,10880,orientation_cued_D2,0.59593,0.7344,4.2462,0.054,0.064
171,10944,orientation_cued_D0,0.02917,0.9844,9.5726,0.033,0.003
172,11008,orientation_cued_D4,0.65138,0.6875,1.5621,0.063,0.043
173,11072,orientation_cued_D2,0.63199,0.6562,3.6878,0.047,0.031
174,11136,orientation_cued_D0,0.01762,0.9844,3.9094,0.026,0.006
175,11200,orientation_cued_D4,0.66624,0.5625,1.5522,0.065,0.106
176,11264,orientation_cued_D2,0.66156,0.5938,2.6682,0.053,0.006
177,11328,orientation_cued_D0,0.00127,1.0000,0.6354,0.029,0.004
178,11392,orientation_cued_D4,0.67072,0.5625,3.9893,0.060,0.128
179,11456,orientation_cued_D2,0.51458,0.7969,3.4640,0.040,0.004
180,11520,orientation_cued_D0,0.00833,1.0000,4.6975,0.033,0.004
181,11584,orientation_cued_D2,0.65962,0.5625,2.7759,0.054,0.087
182,11648,orientation_cued_D4,0.65479,0.6562,2.1578,0.056,0.003
183,11712,orientation_cued_D0,0.00060,1.0000,0.1014,0.041,0.006
184,11776,orientation_cued_D2,0.62183,0.6406,4.1478,0.050,0.079
185,11840,orientation_cued_D0,0.00126,1.0000,0.3932,0.033,0.003
186,11904,orientation_cued_D4,0.67354,0.5312,1.4625,0.063,0.003
187,11968,orientation_cued_D0,0.00445,1.0000,0.9090,0.039,0.068
188,12032,orientation_cued_D2,0.65970,0.6562,2.1320,0.055,0.003
189,12096,orientation_cued_D4,0.66245,0.5625,2.1593,0.048,0.004
190,12160,orientation_cued_D0,0.00203,1.0000,1.1405,0.042,0.099
191,12224,orientation_cued_D2,0.70451,0.5781,3.3285,0.056,0.003
192,12288,orientation_cued_D4,0.65310,0.6250,3.0268,0.036,0.005
193,12352,orientation_cued_D2,0.72234,0.5781,3.7263,0.053,0.101
194,12416,orientation_cued_D0,0.00483,1.0000,1.6279,0.038,0.043
195,12480,orientation_cued_D4,0.61920,0.6875,1.9521,0.070,0.004
196,12544,orientation_cued_D2,0.66364,0.6094,3.1598,0.047,0.050
197,12608,orientation_cued_D0,0.00270,1.0000,0.7158,0.029,0.057
198,12672,orientation_cued_D4,0.60667,0.6562,2.9162,0.065,0.017
199,12736,orientation_cued_D2,0.63780,0.6094,2.9000,0.035,0.011
200,12800,orientation_cued_D4,0.65258,0.6562,1.5589,0.053,0.156
201,12864,orientation_cued_D0,0.02150,0.9844,9.0267,0.039,0.008
202,12928,orientation_cued_D2,0.65886,0.5781,3.9485,0.029,0.004
203,12992,orientation_cued_D0,0.02168,0.9844,7.3138,0.037,0.010
204,13056,orientation_cued_D2,0.69924,0.5938,3.2377,0.051,0.007
205,13120,orientation_cued_D4,0.63054,0.6406,2.7146,0.067,0.007
206,13184,orientation_cued_D0,0.04858,0.9688,11.1254,0.033,0.007
207,13248,orientation_cued_D2,0.60959,0.7188,2.7409,0.054,0.007
208,13312,orientation_cued_D4,0.67154,0.5312,2.6085,0.074,0.011
209,13376,orientation_cued_D0,0.01414,1.0000,5.8845,0.042,0.008
210,13440,orientation_cued_D2,0.60729,0.6719,2.4349,0.048,0.005
211,13504,orientation_cued_D4,0.61051,0.7344,1.6443,0.058,0.007
212,13568,orientation_cued_D0,0.00422,1.0000,1.6010,0.041,0.016
213,13632,orientation_cued_D2,0.64109,0.5938,5.9296,0.058,0.007
214,13696,orientation_cued_D4,0.64046,0.6562,2.4771,0.050,0.006
215,13760,orientation_cued_D0,0.01502,0.9844,5.6009,0.040,0.015
216,13824,orientation_cued_D2,0.61148,0.6875,2.4511,0.051,0.009
217,13888,orientation_cued_D4,0.67421,0.5312,1.6629,0.073,0.008
218,13952,orientation_cued_D0,0.07022,0.9688,14.2491,0.049,0.014
219,14016,orientation_cued_D2,0.61117,0.7031,2.7492,0.040,0.006
220,14080,orientation_cued_D0,0.00511,1.0000,1.8510,0.045,0.003
221,14144,orientation_cued_D4,0.66870,0.5469,1.6512,0.066,0.003
222,14208,orientation_cued_D0,0.00036,1.0000,0.0392,0.031,0.003
223,14272,orientation_cued_D2,0.61511,0.7031,2.3946,0.069,0.016
224,14336,orientation_cued_D4,0.59797,0.7031,2.6004,0.070,0.010
225,14400,orientation_cued_D0,0.00318,1.0000,0.9234,0.043,0.013
226,14464,orientation_cued_D2,0.74531,0.4219,2.7255,0.056,0.043
227,14528,orientation_cued_D4,0.62789,0.6250,2.6759,0.059,0.029
228,14592,orientation_cued_D0,0.02106,1.0000,6.7841,0.041,0.004
229,14656,orientation_cued_D2,0.67733,0.5625,3.4895,0.053,0.004
230,14720,orientation_cued_D0,0.00407,1.0000,1.0852,0.042,0.018
231,14784,orientation_cued_D4,0.62854,0.6250,3.0828,0.062,0.033
232,14848,orientation_cued_D2,0.69928,0.5938,3.5938,0.031,0.003
233,14912,orientation_cued_D0,0.00052,1.0000,0.1091,0.040,0.032
234,14976,orientation_cued_D4,0.63083,0.6719,2.4968,0.068,0.072
235,15040,orientation_cued_D2,0.62015,0.6875,2.7907,0.055,0.005
236,15104,orientation_cued_D0,0.03679,0.9844,9.7836,0.049,0.005
237,15168,orientation_cued_D2,0.61427,0.6875,3.0158,0.058,0.110
238,15232,orientation_cued_D0,0.00526,1.0000,1.9250,0.043,0.004
239,15296,orientation_cued_D4,0.68270,0.5625,1.6889,0.065,0.002
240,15360,orientation_cued_D2,0.57772,0.7500,2.6137,0.057,0.022
241,15424,orientation_cued_D0,0.01755,0.9844,8.3528,0.023,0.004
242,15488,orientation_cued_D4,0.61638,0.6250,1.5855,0.035,0.003
243,15552,orientation_cued_D2,0.73848,0.4844,4.2566,0.046,0.091
244,15616,orientation_cued_D0,0.00060,1.0000,0.0703,0.043,0.004
245,15680,orientation_cued_D4,0.66933,0.5312,3.0082,0.068,0.049
246,15744,orientation_cued_D2,0.64772,0.6406,3.5176,0.054,0.025
247,15808,orientation_cued_D0,0.00121,1.0000,0.4180,0.044,0.003
248,15872,orientation_cued_D4,0.65790,0.6562,2.7832,0.065,0.082
249,15936,orientation_cued_D0,0.02042,0.9844,7.5736,0.041,0.004
250,16000,orientation_cued_D2,0.71808,0.5156,3.7398,0.025,0.002
251,16064,orientation_cued_D0,0.04935,0.9844,9.6361,0.041,0.089
252,16128,orientation_cued_D2,0.65364,0.6406,2.6160,0.054,0.003
253,16192,orientation_cued_D4,0.65143,0.5156,1.9812,0.054,0.003
254,16256,orientation_cued_D0,0.00167,1.0000,0.2480,0.039,0.036
255,16320,orientation_cued_D2,0.62924,0.6562,4.7865,0.059,0.004
256,16384,orientation_cued_D4,0.64194,0.6875,1.9730,0.049,0.004
257,16448,orientation_cued_D0,0.06834,0.9844,5.2954,0.045,0.058
258,16512,orientation_cued_D2,0.64510,0.5781,2.3937,0.057,0.013
259,16576,orientation_cued_D4,0.66589,0.5469,1.8576,0.067,0.050
260,16640,orientation_cued_D0,0.00095,1.0000,0.1522,0.045,0.005
261,16704,orientation_cued_D2,0.62230,0.6250,1.9196,0.054,0.003
262,16768,orientation_cued_D0,0.00409,1.0000,1.1585,0.040,0.077
263,16832,orientation_cued_D4,0.68744,0.4531,2.4477,0.060,0.004
264,16896,orientation_cued_D2,0.68728,0.6094,4.2869,0.052,0.004
265,16960,orientation_cued_D0,0.00328,1.0000,1.6173,0.041,0.048
266,17024,orientation_cued_D4,0.63326,0.6562,1.7980,0.061,0.060
267,17088,orientation_cued_D2,0.60851,0.6719,2.4681,0.029,0.004
268,17152,orientation_cued_D0,0.00066,1.0000,0.0679,0.042,0.004
269,17216,orientation_cued_D2,0.63056,0.5781,2.4565,0.051,0.071
270,17280,orientation_cued_D4,0.68861,0.6094,2.2632,0.054,0.007
271,17344,orientation_cued_D0,0.01515,0.9844,3.5522,0.039,0.004
272,17408,orientation_cued_D2,0.66042,0.6250,1.8809,0.060,0.080
273,17472,orientation_cued_D0,0.00310,1.0000,1.2173,0.047,0.004
274,17536,orientation_cued_D4,0.61230,0.6875,1.6759,0.060,0.003
275,17600,orientation_cued_D2,0.66694,0.5625,4.4244,0.053,0.056
276,17664,orientation_cued_D0,0.00678,1.0000,2.7563,0.042,0.024
277,17728,orientation_cued_D4,0.68626,0.6250,1.7049,0.046,0.013
278,17792,orientation_cued_D2,0.67587,0.5938,2.8787,0.046,0.055
279,17856,orientation_cued_D0,0.00928,1.0000,3.7623,0.028,0.008
280,17920,orientation_cued_D4,0.70271,0.5469,2.0189,0.049,0.111
281,17984,orientation_cued_D2,0.67972,0.4688,2.3399,0.054,0.013
282,18048,orientation_cued_D0,0.00252,1.0000,0.6202,0.032,0.003
283,18112,orientation_cued_D4,0.64356,0.6562,1.1948,0.063,0.107
284,18176,orientation_cued_D2,0.63126,0.6719,1.9064,0.053,0.004
285,18240,orientation_cued_D0,0.00189,1.0000,0.5401,0.040,0.003
286,18304,orientation_cued_D2,0.69213,0.5625,3.0362,0.037,0.063
287,18368,orientation_cued_D0,0.00638,1.0000,2.6786,0.039,0.003
288,18432,orientation_cued_D4,0.67859,0.5156,2.0259,0.065,0.002
289,18496,orientation_cued_D0,0.00116,1.0000,0.1974,0.044,0.045
290,18560,orientation_cued_D2,0.63452,0.5469,2.2943,0.052,0.002
291,18624,orientation_cued_D4,0.63800,0.6250,1.3070,0.066,0.003
292,18688,orientation_cued_D0,0.00277,1.0000,0.7696,0.023,0.014
293,18752,orientation_cued_D2,0.66396,0.5312,3.9936,0.034,0.003
294,18816,orientation_cued_D4,0.69668,0.5469,2.7153,0.063,0.055
295,18880,orientation_cued_D0,0.00930,1.0000,2.0824,0.036,0.015
296,18944,orientation_cued_D2,0.59912,0.7031,4.9147,0.055,0.003
297,19008,orientation_cued_D4,0.63134,0.6719,2.8839,0.063,0.052
298,19072,orientation_cued_D0,0.00374,1.0000,1.9865,0.042,0.009
299,19136,orientation_cued_D2,0.61720,0.6562,1.6171,0.053,0.019
300,19200,orientation_cued_D0,0.01604,1.0000,6.1538,0.044,0.075
301,19264,orientation_cued_D4,0.64700,0.6094,1.6962,0.067,0.003
302,19328,orientation_cued_D2,0.63697,0.6719,1.5502,0.037,0.004
303,19392,orientation_cued_D0,0.00204,1.0000,0.5042,0.040,0.045
304,19456,orientation_cued_D4,0.67276,0.6094,2.0999,0.064,0.012
305,19520,orientation_cued_D2,0.60647,0.6562,2.5599,0.052,0.004
306,19584,orientation_cued_D0,0.00466,1.0000,1.1039,0.047,0.044
307,19648,orientation_cued_D4,0.63883,0.5781,1.9207,0.067,0.090
308,19712,orientation_cued_D2,0.64660,0.6250,2.9303,0.056,0.005
309,19776,orientation_cued_D0,0.00083,1.0000,0.3229,0.047,0.004
310,19840,orientation_cued_D2,0.62248,0.6250,2.6466,0.059,0.040
311,19904,orientation_cued_D4,0.60274,0.6875,1.8966,0.046,0.004
312,19968,orientation_cued_D0,0.00288,1.0000,1.1489,0.026,0.005
313,20032,orientation_cued_D2,0.68149,0.5469,3.1343,0.053,0.114
314,20096,orientation_cued_D4,0.62922,0.6406,3.6018,0.061,0.004
315,20160,orientation_cued_D0,0.00039,1.0000,0.0576,0.038,0.005
316,20224,orientation_cued_D4,0.62903,0.6250,3.2343,0.071,0.106
317,20288,orientation_cued_D0,0.00690,1.0000,3.6284,0.020,0.004
318,20352,orientation_cued_D2,0.60041,0.6406,3.3646,0.033,0.002
319,20416,orientation_cued_D0,0.00105,1.0000,0.2213,0.039,0.103
320,20480,orientation_cued_D2,0.58799,0.7188,2.0790,0.052,0.002
321,20544,orientation_cued_D4,0.63202,0.6250,2.6321,0.058,0.004
322,20608,orientation_cued_D2,0.61356,0.5938,2.7883,0.053,0.095
323,20672,orientation_cued_D0,0.00191,1.0000,0.4222,0.040,0.003
324,20736,orientation_cued_D4,0.67160,0.5625,3.0618,0.051,0.002
325,20800,orientation_cued_D0,0.00262,1.0000,1.2316,0.043,0.039
326,20864,orientation_cued_D2,0.65984,0.5781,3.2754,0.055,0.004
327,20928,orientation_cued_D4,0.69465,0.5000,3.3867,0.055,0.038
328,20992,orientation_cued_D0,0.00205,1.0000,0.7075,0.042,0.020
329,21056,orientation_cued_D2,0.76043,0.5312,6.9225,0.052,0.014
330,21120,orientation_cued_D4,0.69229,0.6250,2.9022,0.051,0.047
331,21184,orientation_cued_D0,0.00490,1.0000,2.2858,0.043,0.015
332,21248,orientation_cued_D2,0.62703,0.5781,2.5101,0.052,0.003
333,21312,orientation_cued_D4,0.65957,0.6094,2.0879,0.070,0.096
334,21376,orientation_cued_D0,0.00206,1.0000,0.6827,0.057,0.006
335,21440,orientation_cued_D2,0.65217,0.5781,1.9115,0.057,0.004
336,21504,orientation_cued_D4,0.64441,0.6719,1.4173,0.056,0.094
337,21568,orientation_cued_D0,0.00055,1.0000,0.1217,0.041,0.003
338,21632,orientation_cued_D2,0.61053,0.6562,3.1961,0.052,0.003
339,21696,orientation_cued_D2,0.58198,0.7500,2.6029,0.051,0.065
340,21760,orientation_cued_D0,0.00030,1.0000,0.0356,0.037,0.042
341,21824,orientation_cued_D4,0.65482,0.5938,1.3567,0.053,0.023
342,21888,orientation_cued_D2,0.65161,0.5938,2.8103,0.044,0.026
343,21952,orientation_cued_D0,0.00385,1.0000,1.9474,0.034,0.068
344,22016,orientation_cued_D4,0.65688,0.6406,2.4342,0.063,0.054
345,22080,orientation_cued_D2,0.63515,0.5781,3.3169,0.053,0.004
346,22144,orientation_cued_D0,0.00157,1.0000,0.3046,0.042,0.024
347,22208,orientation_cued_D2,0.57702,0.7812,2.4853,0.053,0.020
348,22272,orientation_cued_D4,0.62449,0.6562,2.9291,0.065,0.036
349,22336,orientation_cued_D0,0.00382,1.0000,2.1590,0.043,0.004
350,22400,orientation_cued_D2,0.61663,0.6250,4.1695,0.054,0.002
351,22464,orientation_cued_D4,0.64939,0.5156,1.9812,0.062,0.029
352,22528,orientation_cued_D0,0.00513,1.0000,1.8517,0.043,0.004
353,22592,orientation_cued_D2,0.65516,0.5938,2.4667,0.030,0.002
354,22656,orientation_cued_D0,0.00663,1.0000,4.0510,0.039,0.090
355,22720,orientation_cued_D4,0.64899,0.5156,1.9299,0.068,0.004
356,22784,orientation_cued_D2,0.62286,0.7031,3.0364,0.058,0.005
357,22848,orientation_cued_D0,0.00134,1.0000,0.2346,0.050,0.035
358,22912,orientation_cued_D4,0.68844,0.5781,3.8948,0.063,0.005
359,22976,orientation_cued_D2,0.58750,0.6406,3.2719,0.052,0.030
360,23040,orientation_cued_D0,0.00115,1.0000,0.2166,0.044,0.010
361,23104,orientation_cued_D4,0.61289,0.6562,1.5570,0.063,0.028
362,23168,orientation_cued_D2,0.62503,0.5781,2.4114,0.053,0.004
363,23232,orientation_cued_D0,0.00066,1.0000,0.1970,0.020,0.003
364,23296,orientation_cued_D4,0.66037,0.6094,2.9646,0.063,0.103
365,23360,orientation_cued_D2,0.64968,0.6094,3.7019,0.052,0.004
366,23424,orientation_cued_D0,0.02698,0.9844,12.7582,0.044,0.003
367,23488,orientation_cued_D2,0.62836,0.6406,2.8373,0.039,0.050
368,23552,orientation_cued_D0,0.00039,1.0000,0.0742,0.042,0.021
369,23616,orientation_cued_D4,0.62438,0.6094,2.0792,0.068,0.003
370,23680,orientation_cued_D2,0.61859,0.6406,3.9288,0.053,0.065
371,23744,orientation_cued_D0,0.02215,0.9844,10.7812,0.043,0.004
372,23808,orientation_cued_D4,0.68356,0.6250,2.2475,0.042,0.003
373,23872,orientation_cued_D2,0.66684,0.5781,4.3186,0.041,0.060
374,23936,orientation_cued_D0,0.02519,0.9844,9.0013,0.036,0.004
375,24000,orientation_cued_D4,0.66824,0.6250,2.3501,0.069,0.017
376,24064,orientation_cued_D2,0.60213,0.6406,3.6605,0.052,0.049
377,24128,orientation_cued_D0,0.02459,0.9844,5.2412,0.045,0.005
378,24192,orientation_cued_D4,0.63575,0.6406,1.5022,0.049,0.039
379,24256,orientation_cued_D2,0.65934,0.6094,3.3203,0.043,0.079
380,24320,orientation_cued_D0,0.00402,1.0000,1.7835,0.033,0.003
381,24384,orientation_cued_D4,0.67367,0.5781,1.8722,0.056,0.114
382,24448,orientation_cued_D2,0.57003,0.6719,3.5601,0.038,0.005
383,24512,orientation_cued_D0,0.00118,1.0000,0.3906,0.041,0.004
384,24576,orientation_cued_D4,0.63426,0.6562,2.7003,0.060,0.119
385,24640,orientation_cued_D0,0.00614,1.0000,1.4360,0.044,0.004
386,24704,orientation_cued_D2,0.57490,0.7500,2.0544,0.056,0.003
387,24768,orientation_cued_D0,0.00473,1.0000,2.3778,0.044,0.061
388,24832,orientation_cued_D2,0.64101,0.5938,3.9434,0.054,0.004
389,24896,orientation_cued_D4,0.65357,0.6250,2.6949,0.065,0.003
390,24960,orientation_cued_D0,0.01648,0.9844,7.4460,0.040,0.032
391,25024,orientation_cued_D2,0.68051,0.5781,3.8411,0.045,0.002
392,25088,orientation_cued_D4,0.61257,0.6562,2.2235,0.062,0.013
393,25152,orientation_cued_D0,0.00082,1.0000,0.1292,0.036,0.069
394,25216,orientation_cued_D2,0.67997,0.5781,3.1020,0.048,0.005
395,25280,orientation_cued_D4,0.66205,0.5781,2.8099,0.057,0.073
396,25344,orientation_cued_D0,0.00619,1.0000,2.5533,0.042,0.005
397,25408,orientation_cued_D2,0.68214,0.5312,3.8502,0.029,0.003
398,25472,orientation_cued_D0,0.00702,1.0000,1.8821,0.036,0.104
399,25536,orientation_cued_D4,0.72116,0.4375,2.2265,0.055,0.003
400,25600,orientation_cued_D2,0.68907,0.6406,3.4031,0.050,0.007
401,25664,orientation_cued_D0,0.00232,1.0000,0.5463,0.044,0.007
402,25728,orientation_cued_D4,0.61350,0.6094,2.9388,0.065,0.008
403,25792,orientation_cued_D2,0.59425,0.6875,3.4270,0.049,0.014
404,25856,orientation_cued_D0,0.00214,1.0000,0.4183,0.042,0.007
405,25920,orientation_cued_D4,0.64347,0.5781,2.9132,0.063,0.006
406,25984,orientation_cued_D2,0.65557,0.5625,3.4606,0.051,0.013
407,26048,orientation_cued_D0,0.00083,1.0000,0.1432,0.041,0.011
408,26112,orientation_cued_D4,0.65801,0.6406,2.5660,0.070,0.009
409,26176,orientation_cued_D2,0.66547,0.6094,3.3230,0.054,0.009
410,26240,orientation_cued_D0,0.00265,1.0000,0.6881,0.036,0.007
411,26304,orientation_cued_D4,0.64845,0.5625,2.2540,0.051,0.006
412,26368,orientation_cued_D2,0.60002,0.7188,3.2068,0.048,0.009
413,26432,orientation_cued_D0,0.00371,1.0000,1.1424,0.040,0.008
414,26496,orientation_cued_D2,0.60884,0.7344,2.2858,0.052,0.005
415,26560,orientation_cued_D0,0.00371,1.0000,0.8498,0.034,0.007
416,26624,orientation_cued_D4,0.65515,0.5938,2.8724,0.071,0.008
417,26688,orientation_cued_D2,0.72699,0.5312,2.7088,0.059,0.015
418,26752,orientation_cued_D0,0.01682,0.9844,5.8639,0.032,0.007
419,26816,orientation_cued_D4,0.63353,0.6250,2.1636,0.051,0.005
420,26880,orientation_cued_D0,0.00119,1.0000,0.1631,0.034,0.009
421,26944,orientation_cued_D2,0.62912,0.6875,1.7880,0.048,0.005
422,27008,orientation_cued_D4,0.65618,0.6406,1.2243,0.065,0.009
423,27072,orientation_cued_D0,0.00957,1.0000,3.4376,0.025,0.009
424,27136,orientation_cued_D2,0.55401,0.6875,2.8396,0.046,0.007
425,27200,orientation_cued_D0,0.01896,0.9844,7.7584,0.050,0.004
426,27264,orientation_cued_D4,0.66711,0.6094,2.6765,0.059,0.003
427,27328,orientation_cued_D2,0.58679,0.7188,3.7321,0.053,0.003
428,27392,orientation_cued_D0,0.00092,1.0000,0.2299,0.032,0.003
429,27456,orientation_cued_D4,0.62319,0.6562,1.7295,0.058,0.121
430,27520,orientation_cued_D2,0.62274,0.6250,1.9693,0.048,0.005
431,27584,orientation_cued_D0,0.00383,1.0000,1.2820,0.040,0.004
432,27648,orientation_cued_D0,0.00086,1.0000,0.1789,0.041,0.109
433,27712,orientation_cued_D2,0.66625,0.5938,3.7327,0.046,0.003
434,27776,orientation_cued_D4,0.65968,0.6406,2.6584,0.065,0.004
435,27840,orientation_cued_D2,0.62248,0.6406,2.1414,0.045,0.092
436,27904,orientation_cued_D0,0.01482,1.0000,5.4415,0.037,0.004
437,27968,orientation_cued_D4,0.67417,0.5781,2.2673,0.061,0.003
438,28032,orientation_cued_D2,0.68980,0.4688,2.0446,0.051,0.079
439,28096,orientation_cued_D0,0.00827,1.0000,2.4143,0.046,0.004
440,28160,orientation_cued_D4,0.63610,0.6406,2.5379,0.065,0.058
441,28224,orientation_cued_D2,0.64217,0.5469,2.8449,0.053,0.003
442,28288,orientation_cued_D0,0.04989,0.9844,10.0658,0.033,0.003
443,28352,orientation_cued_D4,0.63157,0.6250,2.7672,0.064,0.068
444,28416,orientation_cued_D2,0.60046,0.6250,3.4102,0.053,0.003
445,28480,orientation_cued_D0,0.00391,1.0000,1.6480,0.042,0.003
446,28544,orientation_cued_D2,0.70329,0.5781,4.0970,0.050,0.043
447,28608,orientation_cued_D4,0.64665,0.5781,2.0909,0.034,0.003
448,28672,orientation_cued_D0,0.00924,1.0000,3.1790,0.029,0.003
449,28736,orientation_cued_D2,0.65190,0.6094,3.0659,0.053,0.108
450,28800,orientation_cued_D0,0.00189,1.0000,0.2747,0.042,0.003
451,28864,orientation_cued_D4,0.60628,0.7344,3.6347,0.068,0.003
452,28928,orientation_cued_D0,0.09646,0.9844,8.7035,0.040,0.056
453,28992,orientation_cued_D2,0.56065,0.6406,2.8248,0.049,0.003
454,29056,orientation_cued_D4,0.61847,0.6875,1.4621,0.062,0.003
455,29120,orientation_cued_D0,0.00180,1.0000,0.3553,0.043,0.025
456,29184,orientation_cued_D2,0.61590,0.6562,3.9822,0.056,0.005
457,29248,orientation_cued_D4,0.59518,0.6719,2.0066,0.053,0.023
458,29312,orientation_cued_D0,0.02408,0.9844,6.4665,0.020,0.004
459,29376,orientation_cued_D2,0.55921,0.7031,2.6896,0.054,0.070
460,29440,orientation_cued_D0,0.01166,1.0000,2.6464,0.039,0.035
461,29504,orientation_cued_D4,0.58632,0.6719,2.0173,0.067,0.003
462,29568,orientation_cued_D2,0.62998,0.6719,2.6950,0.057,0.023
463,29632,orientation_cued_D0,0.01076,1.0000,3.1142,0.044,0.025
464,29696,orientation_cued_D4,0.69849,0.5781,4.5226,0.065,0.047
465,29760,orientation_cued_D2,0.69112,0.5312,3.3609,0.055,0.004
466,29824,orientation_cued_D0,0.00189,1.0000,0.3381,0.041,0.004
467,29888,orientation_cued_D4,0.55624,0.7500,3.6795,0.049,0.069
468,29952,orientation_cued_D2,0.65383,0.5938,2.4446,0.053,0.004
469,30016,orientation_cued_D0,0.01904,1.0000,5.2998,0.042,0.003
470,30080,orientation_cued_D4,0.61058,0.6562,2.0279,0.058,0.051
471,30144,orientation_cued_D0,0.06355,0.9844,8.9356,0.043,0.005
472,30208,orientation_cued_D2,0.58603,0.7031,2.6754,0.054,0.003
473,30272,orientation_cued_D0,0.00211,1.0000,0.3549,0.050,0.099
474,30336,orientation_cued_D4,0.64379,0.5938,3.2789,0.079,0.005
475,30400,orientation_cued_D2,0.67094,0.5938,4.0797,0.046,0.004
476,30464,orientation_cued_D0,0.04126,0.9844,9.3489,0.038,0.050
477,30528,orientation_cued_D4,0.66599,0.5469,1.7120,0.077,0.005
478,30592,orientation_cued_D2,0.53252,0.7656,3.2758,0.058,0.011
479,30656,orientation_cued_D0,0.00234,1.0000,0.5947,0.043,0.004
480,30720,orientation_cued_D4,0.67316,0.5625,1.7857,0.050,0.031
481,30784,orientation_cued_D2,0.57460,0.6719,2.9225,0.052,0.021
482,30848,orientation_cued_D0,0.00335,1.0000,0.5387,0.041,0.042
483,30912,orientation_cued_D4,0.67608,0.5469,2.6301,0.072,0.036
484,30976,orientation_cued_D2,0.60799,0.6094,2.7499,0.055,0.003
485,31040,orientation_cued_D0,0.01018,1.0000,3.8941,0.042,0.003
486,31104,orientation_cued_D4,0.60171,0.7031,2.7131,0.069,0.057
487,31168,orientation_cued_D2,0.63519,0.6562,2.1896,0.053,0.005
488,31232,orientation_cued_D0,0.00756,1.0000,3.0641,0.039,0.014
489,31296,orientation_cued_D2,0.60656,0.6406,3.2303,0.050,0.078
490,31360,orientation_cued_D4,0.64524,0.6250,2.4090,0.065,0.005
491,31424,orientation_cued_D0,0.00436,1.0000,0.8479,0.041,0.003
492,31488,orientation_cued_D2,0.60061,0.7031,3.0171,0.041,0.066
493,31552,orientation_cued_D0,0.00899,1.0000,4.0810,0.038,0.034
494,31616,orientation_cued_D4,0.70272,0.4844,3.7703,0.064,0.099
495,31680,orientation_cued_D2,0.64279,0.6562,4.4501,0.043,0.004
496,31744,orientation_cued_D0,0.00134,1.0000,0.2442,0.038,0.003
497,31808,orientation_cued_D4,0.72184,0.4375,3.6417,0.063,0.111
498,31872,orientation_cued_D2,0.55898,0.7188,2.8856,0.030,0.003
499,31936,orientation_cued_D0,0.00199,1.0000,0.3962,0.062,0.004
500,32000,orientation_cued_D4,0.62823,0.5938,3.6916,0.064,0.170
501,32064,orientation_cued_D0,0.00174,1.0000,0.6248,0.029,0.003
502,32128,orientation_cued_D2,0.66294,0.5469,2.4833,0.053,0.003
503,32192,orientation_cued_D4,0.61929,0.6406,1.7014,0.065,0.071
504,32256,orientation_cued_D0,0.00851,1.0000,3.0272,0.042,0.005
505,32320,orientation_cued_D2,0.63899,0.5938,4.3148,0.057,0.002
506,32384,orientation_cued_D0,0.00286,1.0000,0.6109,0.030,0.017
507,32448,orientation_cued_D4,0.64179,0.6562,2.1096,0.034,0.019
508,32512,orientation_cued_D2,0.58710,0.6406,2.2096,0.058,0.005
509,32576,orientation_cued_D0,0.00126,1.0000,0.4071,0.033,0.035
510,32640,orientation_cued_D4,0.60370,0.6406,1.9745,0.067,0.082
511,32704,orientation_cued_D0,0.00608,1.0000,2.2723,0.029,0.012
512,32768,orientation_cued_D2,0.64329,0.6250,3.9635,0.049,0.003
513,32832,orientation_cued_D4,0.65138,0.5781,3.1558,0.067,0.122
514,32896,orientation_cued_D0,0.01199,1.0000,3.5144,0.042,0.003
515,32960,orientation_cued_D2,0.63496,0.6562,2.3472,0.052,0.002
516,33024,orientation_cued_D0,0.01265,0.9844,5.9571,0.027,0.045
517,33088,orientation_cued_D4,0.67318,0.5938,3.2134,0.063,0.003
518,33152,orientation_cued_D2,0.60408,0.6719,3.9427,0.053,0.004
519,33216,orientation_cued_D0,0.00063,1.0000,0.0584,0.043,0.043
520,33280,orientation_cued_D4,0.64080,0.5938,2.7393,0.071,0.014
521,33344,orientation_cued_D2,0.64313,0.6094,4.6451,0.039,0.004
522,33408,orientation_cued_D0,0.00212,1.0000,0.3329,0.040,0.041
523,33472,orientation_cued_D4,0.62919,0.6094,3.6855,0.069,0.059
524,33536,orientation_cued_D2,0.61961,0.5469,2.5062,0.052,0.004
525,33600,orientation_cued_D0,0.01726,0.9844,9.7265,0.042,0.003
526,33664,orientation_cued_D2,0.54961,0.7188,2.5759,0.041,0.045
527,33728,orientation_cued_D4,0.71483,0.5000,3.6846,0.063,0.016
528,33792,orientation_cued_D0,0.02414,0.9844,6.6743,0.046,0.004
529,33856,orientation_cued_D2,0.68356,0.5625,3.7577,0.057,0.044
530,33920,orientation_cued_D0,0.00365,1.0000,1.4395,0.042,0.004
531,33984,orientation_cued_D4,0.67740,0.5312,2.7100,0.079,0.004
532,34048,orientation_cued_D2,0.65437,0.6406,3.0997,0.037,0.032
533,34112,orientation_cued_D0,0.00120,1.0000,0.3024,0.044,0.022
534,34176,orientation_cued_D4,0.66831,0.5938,2.4772,0.070,0.029
535,34240,orientation_cued_D2,0.63357,0.5625,3.0174,0.054,0.034
536,34304,orientation_cued_D0,0.00686,1.0000,1.8680,0.047,0.004
537,34368,orientation_cued_D4,0.61609,0.6406,3.5045,0.043,0.048
538,34432,orientation_cued_D0,0.00270,1.0000,1.0588,0.032,0.026
539,34496,orientation_cued_D2,0.65041,0.6562,3.4395,0.046,0.002
540,34560,orientation_cued_D4,0.65753,0.5781,2.0202,0.063,0.117
541,34624,orientation_cued_D0,0.00322,1.0000,1.8947,0.045,0.004
542,34688,orientation_cued_D2,0.58475,0.7031,3.7205,0.056,0.003
543,34752,orientation_cued_D0,0.00765,1.0000,2.8047,0.037,0.064
544,34816,orientation_cued_D2,0.71994,0.5625,4.0040,0.053,0.002
545,34880,orientation_cued_D4,0.69978,0.5312,2.2172,0.061,0.004
546,34944,orientation_cued_D0,0.02720,0.9844,6.9851,0.041,0.051
547,35008,orientation_cued_D4,0.62257,0.5938,3.8477,0.057,0.035
548,35072,orientation_cued_D2,0.67017,0.6094,5.4316,0.058,0.004
549,35136,orientation_cued_D0,0.00651,1.0000,2.2222,0.042,0.016
550,35200,orientation_cued_D4,0.71181,0.5781,3.3795,0.065,0.071
551,35264,orientation_cued_D2,0.58132,0.6406,2.3195,0.052,0.005
552,35328,orientation_cued_D0,0.00368,1.0000,2.1998,0.043,0.003
553,35392,orientation_cued_D2,0.65502,0.5625,4.3451,0.050,0.119
554,35456,orientation_cued_D4,0.64219,0.5156,2.5791,0.059,0.004
555,35520,orientation_cued_D0,0.00496,1.0000,1.3660,0.043,0.005
556,35584,orientation_cued_D0,0.04304,0.9844,7.9348,0.029,0.120
557,35648,orientation_cued_D2,0.62274,0.6250,2.9524,0.039,0.003
558,35712,orientation_cued_D4,0.60698,0.6562,1.6869,0.047,0.003
559,35776,orientation_cued_D0,0.00086,1.0000,0.2337,0.046,0.060
560,35840,orientation_cued_D2,0.64028,0.6719,1.7428,0.053,0.032
561,35904,orientation_cued_D4,0.65742,0.5781,3.0323,0.063,0.003
562,35968,orientation_cued_D0,0.00579,1.0000,2.1452,0.042,0.003
563,36032,orientation_cued_D2,0.58646,0.7188,2.6338,0.049,0.051
564,36096,orientation_cued_D4,0.64048,0.5938,2.1255,0.066,0.003
565,36160,orientation_cued_D0,0.02458,0.9844,7.4748,0.044,0.003
566,36224,orientation_cued_D2,0.59119,0.6406,2.9544,0.053,0.024
567,36288,orientation_cued_D4,0.64149,0.6406,1.9151,0.059,0.013
568,36352,orientation_cued_D0,0.00255,1.0000,0.5667,0.025,0.003
569,36416,orientation_cued_D2,0.62295,0.6562,1.9357,0.055,0.038
570,36480,orientation_cued_D0,0.07006,0.9844,10.5370,0.042,0.033
571,36544,orientation_cued_D4,0.62536,0.6406,2.2743,0.065,0.002
572,36608,orientation_cued_D2,0.58227,0.6406,2.7345,0.056,0.015
573,36672,orientation_cued_D0,0.07740,0.9844,6.4293,0.033,0.025
574,36736,orientation_cued_D4,0.59052,0.5781,1.4315,0.065,0.071
575,36800,orientation_cued_D2,0.53786,0.7188,1.9437,0.053,0.004
576,36864,orientation_cued_D0,0.00931,1.0000,1.8139,0.043,0.004
577,36928,orientation_cued_D4,0.57788,0.7344,2.0534,0.039,0.063
578,36992,orientation_cued_D2,0.63528,0.5938,2.6721,0.026,0.004
579,37056,orientation_cued_D0,0.00036,1.0000,0.0445,0.031,0.004
580,37120,orientation_cued_D2,0.66471,0.6094,4.7595,0.058,0.144
581,37184,orientation_cued_D0,0.05274,0.9844,12.2420,0.042,0.003
582,37248,orientation_cued_D4,0.60487,0.6875,2.0403,0.065,0.003
583,37312,orientation_cued_D2,0.64385,0.6094,2.8962,0.058,0.067
584,37376,orientation_cued_D0,0.00057,1.0000,0.0614,0.031,0.004
585,37440,orientation_cued_D4,0.70470,0.5938,2.5915,0.066,0.002
586,37504,orientation_cued_D0,0.00457,1.0000,2.2537,0.041,0.034
587,37568,orientation_cued_D2,0.58076,0.6875,2.0992,0.054,0.002
588,37632,orientation_cued_D4,0.58857,0.6719,2.8307,0.063,0.037
589,37696,orientation_cued_D0,0.00348,1.0000,1.1452,0.040,0.008
590,37760,orientation_cued_D2,0.60284,0.6406,2.5816,0.056,0.003
591,37824,orientation_cued_D4,0.58848,0.6875,2.5297,0.062,0.072
592,37888,orientation_cued_D0,0.00210,1.0000,0.3553,0.042,0.005
593,37952,orientation_cued_D2,0.63449,0.6094,2.6862,0.056,0.003
594,38016,orientation_cued_D0,0.04822,0.9844,15.9170,0.054,0.106
595,38080,orientation_cued_D2,0.60529,0.6250,3.1061,0.053,0.003
596,38144,orientation_cued_D4,0.61568,0.6250,2.4862,0.067,0.003
597,38208,orientation_cued_D0,0.00424,1.0000,1.0575,0.045,0.030
598,38272,orientation_cued_D2,0.57411,0.6719,3.1060,0.050,0.036
599,38336,orientation_cued_D4,0.62715,0.6250,2.6577,0.064,0.003
600,38400,orientation_cued_D0,0.00337,1.0000,0.6265,0.028,0.004
601,38464,orientation_cued_D2,0.62191,0.6875,2.9896,0.052,0.004
602,38528,orientation_cued_D4,0.62414,0.6719,2.6143,0.066,0.006
603,38592,orientation_cued_D0,0.00259,1.0000,0.5082,0.042,0.012
604,38656,orientation_cued_D2,0.64591,0.6719,2.3967,0.054,0.004
605,38720,orientation_cued_D0,0.00438,1.0000,1.7440,0.045,0.006
606,38784,orientation_cued_D4,0.62099,0.6406,2.7391,0.055,0.006
607,38848,orientation_cued_D2,0.62943,0.6406,2.7073,0.056,0.013
608,38912,orientation_cued_D0,0.01458,1.0000,4.2734,0.042,0.009
609,38976,orientation_cued_D4,0.60424,0.6406,3.6168,0.064,0.006
610,39040,orientation_cued_D0,0.03533,0.9844,8.9047,0.043,0.008
611,39104,orientation_cued_D2,0.67727,0.6250,3.8336,0.054,0.005
612,39168,orientation_cued_D4,0.68843,0.5625,2.2651,0.052,0.008
613,39232,orientation_cued_D0,0.01400,1.0000,4.6089,0.025,0.011
614,39296,orientation_cued_D2,0.62739,0.6094,3.7835,0.050,0.005
615,39360,orientation_cued_D0,0.00070,1.0000,0.0515,0.029,0.007
616,39424,orientation_cued_D4,0.64321,0.5781,2.0908,0.058,0.005
617,39488,orientation_cued_D2,0.61151,0.6562,2.3014,0.050,0.018
618,39552,orientation_cued_D0,0.00179,1.0000,0.4268,0.047,0.013
619,39616,orientation_cued_D4,0.57914,0.6875,2.7018,0.069,0.008
620,39680,orientation_cued_D2,0.61737,0.5938,3.5438,0.052,0.014
621,39744,orientation_cued_D0,0.00899,1.0000,2.9561,0.037,0.009
622,39808,orientation_cued_D4,0.59933,0.6875,2.2391,0.063,0.006
623,39872,orientation_cued_D2,0.64373,0.6406,3.6500,0.060,0.009
624,39936,orientation_cued_D0,0.03071,0.9688,4.9312,0.043,0.007
625,40000,orientation_cued_D4,0.64428,0.5625,2.3247,0.066,0.008
626,40064,orientation_cued_D2,0.58601,0.6250,2.3002,0.065,0.005
627,40128,orientation_cued_D0,0.00163,1.0000,0.2710,0.045,0.009
628,40192,orientation_cued_D2,0.61481,0.6406,2.6786,0.028,0.003
629,40256,orientation_cued_D0,0.00331,1.0000,1.2079,0.029,0.003
630,40320,orientation_cued_D4,0.63615,0.5781,2.3501,0.063,0.003
631,40384,orientation_cued_D2,0.56667,0.6875,3.3293,0.054,0.090
632,40448,orientation_cued_D0,0.00149,1.0000,0.3548,0.045,0.004
633,40512,orientation_cued_D4,0.67901,0.5625,2.5594,0.073,0.021
634,40576,orientation_cued_D0,0.02599,0.9844,8.8383,0.039,0.059
635,40640,orientation_cued_D2,0.61749,0.6094,3.7874,0.046,0.002
636,40704,orientation_cued_D4,0.60471,0.6719,3.3885,0.064,0.093
637,40768,orientation_cued_D0,0.00416,1.0000,1.0362,0.044,0.004
638,40832,orientation_cued_D2,0.60201,0.6406,3.0223,0.061,0.070
639,40896,orientation_cued_D0,0.00074,1.0000,0.0680,0.039,0.083
640,40960,orientation_cued_D4,0.61781,0.6406,2.8468,0.062,0.003
641,41024,orientation_cued_D2,0.61878,0.7031,3.3031,0.047,0.103
642,41088,orientation_cued_D0,0.00477,1.0000,1.1075,0.037,0.009
643,41152,orientation_cued_D4,0.60413,0.7031,3.2227,0.060,0.042
644,41216,orientation_cued_D2,0.59934,0.6562,3.1371,0.056,0.051
645,41280,orientation_cued_D0,0.00091,1.0000,0.2483,0.059,0.004
646,41344,orientation_cued_D4,0.62943,0.6250,3.2084,0.064,0.084
647,41408,orientation_cued_D2,0.64336,0.6875,3.6701,0.053,0.004
648,41472,orientation_cued_D0,0.05301,0.9844,10.5419,0.042,0.003
649,41536,orientation_cued_D4,0.63577,0.6250,2.8158,0.068,0.110
650,41600,orientation_cued_D0,0.00260,1.0000,0.7770,0.046,0.004
651,41664,orientation_cued_D2,0.63049,0.5938,2.7429,0.059,0.004
652,41728,orientation_cued_D4,0.59146,0.6562,3.0359,0.066,0.026
653,41792,orientation_cued_D0,0.00481,1.0000,1.8431,0.039,0.004
654,41856,orientation_cued_D2,0.64216,0.5469,3.3402,0.030,0.003
655,41920,orientation_cued_D0,0.00116,1.0000,0.2772,0.041,0.095
656,41984,orientation_cued_D2,0.65039,0.6094,3.9819,0.058,0.003
657,42048,orientation_cued_D4,0.63344,0.6094,2.0274,0.065,0.004
658,42112,orientation_cued_D0,0.01119,1.0000,3.4655,0.043,0.006
659,42176,orientation_cued_D2,0.57182,0.7344,2.0880,0.054,0.003
660,42240,orientation_cued_D4,0.70395,0.5938,4.1650,0.053,0.004
661,42304,orientation_cued_D0,0.00638,1.0000,3.8450,0.046,0.016
662,42368,orientation_cued_D2,0.62851,0.6094,2.3394,0.050,0.013
663,42432,orientation_cued_D4,0.62352,0.6094,3.4989,0.068,0.019
664,42496,orientation_cued_D0,0.01015,1.0000,3.0392,0.044,0.004
665,42560,orientation_cued_D2,0.66961,0.5625,3.1866,0.034,0.020
666,42624,orientation_cued_D0,0.00286,1.0000,0.5927,0.040,0.053
667,42688,orientation_cued_D4,0.56931,0.7344,1.6615,0.065,0.002
668,42752,orientation_cued_D2,0.65821,0.6562,4.9445,0.052,0.080
669,42816,orientation_cued_D0,0.00510,1.0000,0.9821,0.043,0.004
670,42880,orientation_cued_D4,0.61426,0.6250,1.6227,0.066,0.004
671,42944,orientation_cued_D0,0.01075,1.0000,4.4614,0.036,0.055
672,43008,orientation_cued_D2,0.60403,0.6562,2.1224,0.052,0.008
673,43072,orientation_cued_D4,0.62063,0.6875,3.0412,0.065,0.008
674,43136,orientation_cued_D0,0.00121,1.0000,0.2519,0.044,0.016
675,43200,orientation_cued_D2,0.61603,0.6250,3.4177,0.032,0.002
676,43264,orientation_cued_D4,0.58354,0.6562,2.6817,0.070,0.097
677,43328,orientation_cued_D0,0.02264,0.9844,6.2298,0.046,0.005
678,43392,orientation_cued_D2,0.52173,0.7031,3.9252,0.052,0.004
679,43456,orientation_cued_D0,0.00208,1.0000,0.6154,0.043,0.080
680,43520,orientation_cued_D4,0.58409,0.7031,1.9559,0.038,0.002
681,43584,orientation_cued_D2,0.63211,0.6250,3.8534,0.050,0.004
682,43648,orientation_cued_D0,0.02930,0.9688,6.1328,0.047,0.062
683,43712,orientation_cued_D4,0.65657,0.5156,2.5653,0.066,0.045
684,43776,orientation_cued_D2,0.63043,0.5938,3.9411,0.057,0.004
685,43840,orientation_cued_D0,0.00039,1.0000,0.0755,0.039,0.004
686,43904,orientation_cued_D2,0.58663,0.6719,3.5798,0.047,0.092
687,43968,orientation_cued_D4,0.66020,0.5625,3.0222,0.064,0.003
688,44032,orientation_cued_D0,0.04252,0.9844,11.5765,0.031,0.028
689,44096,orientation_cued_D2,0.59187,0.6250,4.2131,0.059,0.070
690,44160,orientation_cued_D4,0.65804,0.6250,2.9707,0.060,0.036
691,44224,orientation_cued_D0,0.00199,1.0000,0.7220,0.043,0.006
692,44288,orientation_cued_D2,0.60400,0.6250,3.3316,0.054,0.031
693,44352,orientation_cued_D4,0.60878,0.7188,2.6303,0.041,0.025
694,44416,orientation_cued_D0,0.00648,1.0000,2.6079,0.042,0.005
695,44480,orientation_cued_D2,0.62355,0.6719,3.4589,0.051,0.080
696,44544,orientation_cued_D4,0.61265,0.5938,2.1241,0.059,0.020
697,44608,orientation_cued_D0,0.00351,1.0000,1.2492,0.038,0.005
698,44672,orientation_cued_D2,0.58177,0.6562,5.0567,0.045,0.053
699,44736,orientation_cued_D0,0.00543,1.0000,2.5037,0.034,0.029
700,44800,orientation_cued_D4,0.61513,0.6875,2.1478,0.054,0.066
701,44864,orientation_cued_D2,0.61565,0.6406,3.7990,0.053,0.043
702,44928,orientation_cued_D0,0.03034,0.9844,6.1133,0.028,0.003
703,44992,orientation_cued_D4,0.73148,0.5156,2.9036,0.046,0.101
704,45056,orientation_cued_D0,0.01942,0.9844,7.0422,0.038,0.004
705,45120,orientation_cued_D2,0.55040,0.7500,2.7781,0.055,0.002
706,45184,orientation_cued_D2,0.57501,0.7188,3.8539,0.037,0.154
707,45248,orientation_cued_D0,0.00136,1.0000,0.3913,0.042,0.003
708,45312,orientation_cued_D4,0.61590,0.7344,3.6832,0.063,0.002
709,45376,orientation_cued_D2,0.61167,0.6406,4.1991,0.055,0.077
710,45440,orientation_cued_D0,0.04646,0.9844,10.7458,0.041,0.004
711,45504,orientation_cued_D4,0.65980,0.5469,2.5719,0.045,0.003
712,45568,orientation_cued_D0,0.00170,1.0000,0.3692,0.032,0.040
713,45632,orientation_cued_D2,0.62801,0.6094,3.4833,0.050,0.002
714,45696,orientation_cued_D4,0.68051,0.5469,2.7178,0.047,0.005
715,45760,orientation_cued_D0,0.00161,1.0000,0.2272,0.042,0.063
716,45824,orientation_cued_D2,0.62549,0.6719,1.8516,0.045,0.028
717,45888,orientation_cued_D4,0.62705,0.6562,2.8023,0.065,0.045
718,45952,orientation_cued_D0,0.01730,0.9844,3.7188,0.041,0.005
719,46016,orientation_cued_D2,0.61979,0.6719,3.6819,0.043,0.034
720,46080,orientation_cued_D4,0.62130,0.6406,2.6710,0.064,0.035
721,46144,orientation_cued_D0,0.02576,0.9844,9.5333,0.047,0.004
722,46208,orientation_cued_D2,0.61347,0.6719,3.5856,0.055,0.003
723,46272,orientation_cued_D0,0.00469,1.0000,2.1147,0.043,0.031
724,46336,orientation_cued_D4,0.65970,0.6250,4.3456,0.052,0.003
725,46400,orientation_cued_D2,0.49562,0.7500,4.0909,0.028,0.012
726,46464,orientation_cued_D0,0.00727,1.0000,3.2764,0.036,0.045
727,46528,orientation_cued_D4,0.60192,0.6719,1.9969,0.061,0.032
728,46592,orientation_cued_D2,0.60932,0.6406,3.5968,0.034,0.011
729,46656,orientation_cued_D0,0.00195,1.0000,0.8434,0.041,0.011
730,46720,orientation_cued_D4,0.65540,0.6250,2.7899,0.073,0.153
731,46784,orientation_cued_D2,0.62148,0.6406,4.8093,0.058,0.006
732,46848,orientation_cued_D0,0.06120,0.9844,7.8123,0.049,0.004
733,46912,orientation_cued_D2,0.70405,0.4844,4.8901,0.052,0.053
734,46976,orientation_cued_D0,0.04056,0.9844,10.9937,0.033,0.004
735,47040,orientation_cued_D4,0.59990,0.6875,2.9868,0.070,0.004
736,47104,orientation_cued_D0,0.01246,1.0000,3.5998,0.044,0.062
737,47168,orientation_cued_D2,0.60651,0.6562,2.8229,0.051,0.003
738,47232,orientation_cued_D4,0.63057,0.6406,2.7473,0.065,0.003
739,47296,orientation_cued_D0,0.01634,1.0000,2.1590,0.040,0.022
740,47360,orientation_cued_D2,0.63430,0.5781,4.2354,0.028,0.003
741,47424,orientation_cued_D4,0.60359,0.6562,2.4324,0.064,0.044
742,47488,orientation_cued_D0,0.01305,1.0000,2.6348,0.040,0.011
743,47552,orientation_cued_D2,0.69817,0.5312,4.8350,0.054,0.002
744,47616,orientation_cued_D4,0.65415,0.5781,1.6252,0.065,0.114
745,47680,orientation_cued_D0,0.00335,1.0000,0.8207,0.027,0.003
746,47744,orientation_cued_D2,0.66735,0.6406,3.4372,0.025,0.002
747,47808,orientation_cued_D0,0.00519,1.0000,1.7830,0.039,0.086
748,47872,orientation_cued_D2,0.62327,0.6719,2.8406,0.052,0.023
749,47936,orientation_cued_D4,0.71480,0.4688,4.9515,0.059,0.003
750,48000,orientation_cued_D0,0.00145,1.0000,0.2075,0.059,0.036
751,48064,orientation_cued_D2,0.63888,0.6094,3.9599,0.062,0.056
752,48128,orientation_cued_D4,0.63410,0.6562,1.4231,0.066,0.005
753,48192,orientation_cued_D0,0.00160,1.0000,0.2300,0.044,0.005
754,48256,orientation_cued_D2,0.59186,0.7188,2.2302,0.062,0.037
755,48320,orientation_cued_D4,0.64986,0.6094,2.6950,0.058,0.030
756,48384,orientation_cued_D0,0.00154,1.0000,0.4684,0.043,0.004
757,48448,orientation_cued_D2,0.65097,0.6250,2.6897,0.045,0.014
758,48512,orientation_cued_D0,0.05749,0.9688,15.2877,0.031,0.050
759,48576,orientation_cued_D4,0.66187,0.5938,2.0750,0.055,0.004
760,48640,orientation_cued_D2,0.65196,0.5625,2.8404,0.031,0.035
761,48704,orientation_cued_D0,0.00989,1.0000,2.5391,0.045,0.037
762,48768,orientation_cued_D4,0.65549,0.5469,2.0203,0.063,0.052
763,48832,orientation_cued_D2,0.64224,0.6406,2.0096,0.047,0.010
764,48896,orientation_cued_D0,0.01148,1.0000,3.1937,0.041,0.004
765,48960,orientation_cued_D4,0.64644,0.6094,1.7113,0.062,0.051
766,49024,orientation_cued_D0,0.01553,1.0000,4.4289,0.034,0.029
767,49088,orientation_cued_D2,0.69339,0.5938,3.7250,0.039,0.011
768,49152,orientation_cued_D4,0.60979,0.6562,2.0523,0.060,0.090
769,49216,orientation_cued_D0,0.00974,1.0000,3.2529,0.039,0.004
770,49280,orientation_cued_D2,0.63687,0.5156,2.4084,0.057,0.002
771,49344,orientation_cued_D0,0.00745,1.0000,2.6418,0.036,0.063
772,49408,orientation_cued_D4,0.58497,0.6719,3.1976,0.070,0.004
773,49472,orientation_cued_D2,0.61438,0.6719,4.1197,0.058,0.006
774,49536,orientation_cued_D0,0.02509,0.9844,6.7218,0.044,0.014
775,49600,orientation_cued_D4,0.58018,0.7344,3.0613,0.067,0.007
776,49664,orientation_cued_D2,0.63369,0.5781,2.6018,0.031,0.030
777,49728,orientation_cued_D0,0.00334,1.0000,0.4028,0.033,0.003
778,49792,orientation_cued_D4,0.71757,0.5000,2.6967,0.059,0.069
779,49856,orientation_cued_D2,0.65532,0.6562,3.7488,0.046,0.028
780,49920,orientation_cued_D0,0.00563,1.0000,1.9340,0.043,0.003
781,49984,orientation_cued_D4,0.62239,0.5625,2.3167,0.068,0.064
782,50048,orientation_cued_D0,0.00147,1.0000,0.2296,0.041,0.013
783,50112,orientation_cued_D2,0.60145,0.6562,2.2265,0.057,0.003
784,50176,orientation_cued_D4,0.60345,0.7344,2.6713,0.066,0.062
785,50240,orientation_cued_D0,0.00103,1.0000,0.1760,0.034,0.004
786,50304,orientation_cued_D2,0.62722,0.5625,2.5452,0.027,0.002
787,50368,orientation_cued_D0,0.00185,1.0000,0.3326,0.044,0.084
788,50432,orientation_cued_D4,0.65248,0.5938,3.7200,0.060,0.006
789,50496,orientation_cued_D2,0.64658,0.6406,2.5005,0.053,0.003
790,50560,orientation_cued_D0,0.00346,1.0000,1.0330,0.046,0.030
791,50624,orientation_cued_D4,0.65348,0.6094,2.3207,0.068,0.053
792,50688,orientation_cued_D2,0.59639,0.5625,2.4092,0.058,0.005
793,50752,orientation_cued_D0,0.00387,1.0000,1.4674,0.044,0.003
794,50816,orientation_cued_D2,0.60269,0.6562,2.7650,0.053,0.043
795,50880,orientation_cued_D4,0.62281,0.6562,2.8918,0.053,0.004
796,50944,orientation_cued_D0,0.03004,0.9844,5.2489,0.022,0.004
797,51008,orientation_cued_D2,0.61450,0.7031,2.5016,0.054,0.073
798,51072,orientation_cued_D4,0.56555,0.6875,2.1676,0.065,0.004
799,51136,orientation_cued_D0,0.00294,1.0000,0.5031,0.033,0.004
800,51200,orientation_cued_D2,0.58769,0.6719,3.1333,0.056,0.043
801,51264,orientation_cued_D0,0.00470,1.0000,1.2744,0.017,0.006
802,51328,orientation_cued_D4,0.59885,0.6562,2.4417,0.035,0.004
803,51392,orientation_cued_D0,0.01743,0.9844,5.1879,0.042,0.015
804,51456,orientation_cued_D2,0.64131,0.5938,3.6216,0.033,0.005
805,51520,orientation_cued_D4,0.60570,0.6562,2.1459,0.036,0.008
806,51584,orientation_cued_D0,0.00786,1.0000,2.3774,0.031,0.015
807,51648,orientation_cued_D2,0.56695,0.6250,2.4629,0.025,0.007
808,51712,orientation_cued_D0,0.00109,1.0000,0.1251,0.019,0.006
809,51776,orientation_cued_D4,0.67056,0.5625,4.2322,0.030,0.004
810,51840,orientation_cued_D2,0.55116,0.7656,3.0855,0.030,0.009
811,51904,orientation_cued_D0,0.00344,1.0000,1.4109,0.044,0.008
812,51968,orientation_cued_D4,0.60737,0.5938,3.2924,0.046,0.009
813,52032,orientation_cued_D2,0.64165,0.6719,3.5085,0.024,0.008
814,52096,orientation_cued_D0,0.00141,1.0000,0.4020,0.020,0.006
815,52160,orientation_cued_D2,0.58241,0.7031,3.2218,0.025,0.004
816,52224,orientation_cued_D0,0.00123,1.0000,0.1801,0.019,0.003
817,52288,orientation_cued_D4,0.63456,0.6250,2.4448,0.041,0.003
818,52352,orientation_cued_D0,0.00584,1.0000,3.7217,0.023,0.017
819,52416,orientation_cued_D2,0.58935,0.7031,2.6618,0.029,0.003
820,52480,orientation_cued_D4,0.58879,0.7500,1.7994,0.056,0.004
821,52544,orientation_cued_D0,0.01289,0.9844,6.0377,0.019,0.065
822,52608,orientation_cued_D2,0.65865,0.5625,1.9739,0.028,0.021
823,52672,orientation_cued_D4,0.56565,0.6562,2.5867,0.030,0.038
824,52736,orientation_cued_D0,0.00068,1.0000,0.0816,0.047,0.057
825,52800,orientation_cued_D2,0.53364,0.7344,3.6579,0.028,0.006
826,52864,orientation_cued_D4,0.63211,0.6094,2.7745,0.035,0.048
827,52928,orientation_cued_D0,0.00093,1.0000,0.1499,0.020,0.016
828,52992,orientation_cued_D2,0.52871,0.7344,2.5570,0.025,0.054
829,53056,orientation_cued_D0,0.00088,1.0000,0.2118,0.027,0.108
830,53120,orientation_cued_D4,0.58643,0.7031,2.8317,0.072,0.004
831,53184,orientation_cued_D2,0.53494,0.6719,3.7414,0.050,0.005
832,53248,orientation_cued_D0,0.04760,0.9844,8.8059,0.031,0.030
833,53312,orientation_cued_D4,0.59028,0.7344,4.7608,0.037,0.049
834,53376,orientation_cued_D2,0.59393,0.6406,2.5987,0.026,0.005
835,53440,orientation_cued_D0,0.00265,1.0000,0.8985,0.020,0.032
836,53504,orientation_cued_D2,0.62774,0.5938,2.3866,0.055,0.119
837,53568,orientation_cued_D4,0.61384,0.6250,3.2386,0.059,0.003
838,53632,orientation_cued_D0,0.00071,1.0000,0.0880,0.021,0.004
839,53696,orientation_cued_D2,0.55955,0.7188,3.6754,0.029,0.057
840,53760,orientation_cued_D0,0.00950,1.0000,3.0217,0.023,0.004
841,53824,orientation_cued_D4,0.67396,0.6094,3.6331,0.030,0.002
842,53888,orientation_cued_D2,0.60688,0.6250,5.1962,0.029,0.140
843,53952,orientation_cued_D0,0.00321,1.0000,0.9638,0.043,0.005
844,54016,orientation_cued_D4,0.64592,0.5781,3.4980,0.065,0.002
845,54080,orientation_cued_D0,0.00267,1.0000,0.2719,0.021,0.036
846,54144,orientation_cued_D2,0.55993,0.6875,2.8598,0.029,0.003
847,54208,orientation_cued_D4,0.62738,0.5938,3.0726,0.030,0.046
848,54272,orientation_cued_D0,0.00263,1.0000,0.6546,0.023,0.047
849,54336,orientation_cued_D2,0.61477,0.6250,3.0311,0.032,0.029
850,54400,orientation_cued_D4,0.63386,0.6250,3.9699,0.056,0.111
851,54464,orientation_cued_D0,0.00538,1.0000,1.1702,0.019,0.004
852,54528,orientation_cued_D2,0.78273,0.5000,5.1320,0.024,0.014
853,54592,orientation_cued_D0,0.02610,0.9844,6.4652,0.019,0.077
854,54656,orientation_cued_D4,0.61828,0.5781,5.7530,0.031,0.002
855,54720,orientation_cued_D2,0.59997,0.7031,3.3289,0.024,0.058
856,54784,orientation_cued_D0,0.02576,0.9844,7.5880,0.024,0.076
857,54848,orientation_cued_D4,0.57072,0.7188,4.3566,0.034,0.036
858,54912,orientation_cued_D2,0.63808,0.6250,3.5329,0.057,0.031
859,54976,orientation_cued_D0,0.00216,1.0000,0.6270,0.043,0.013
860,55040,orientation_cued_D4,0.63314,0.5781,3.2088,0.046,0.050
861,55104,orientation_cued_D2,0.72413,0.5469,4.0566,0.025,0.004
862,55168,orientation_cued_D0,0.00200,1.0000,0.3280,0.018,0.024
863,55232,orientation_cued_D4,0.56770,0.7031,2.3936,0.031,0.111
864,55296,orientation_cued_D2,0.63323,0.6094,3.8513,0.028,0.004
865,55360,orientation_cued_D0,0.00163,1.0000,0.2228,0.019,0.003
866,55424,orientation_cued_D2,0.61254,0.7031,3.5807,0.031,0.140
867,55488,orientation_cued_D4,0.56377,0.7500,3.4513,0.050,0.003
868,55552,orientation_cued_D0,0.01539,1.0000,3.4852,0.042,0.003
869,55616,orientation_cued_D2,0.65554,0.6094,3.6858,0.055,0.062
870,55680,orientation_cued_D0,0.01962,0.9844,6.1492,0.019,0.003
871,55744,orientation_cued_D4,0.76065,0.5000,2.7158,0.030,0.003
872,55808,orientation_cued_D2,0.62744,0.6094,4.0359,0.030,0.082
873,55872,orientation_cued_D0,0.00121,1.0000,0.4322,0.023,0.030
874,55936,orientation_cued_D4,0.61240,0.6406,3.6137,0.035,0.019
875,56000,orientation_cued_D2,0.65110,0.6250,3.3779,0.038,0.102
876,56064,orientation_cued_D0,0.00379,1.0000,1.3312,0.025,0.005
877,56128,orientation_cued_D4,0.64824,0.6250,2.9963,0.066,0.049
878,56192,orientation_cued_D2,0.61442,0.6875,5.2580,0.052,0.023
879,56256,orientation_cued_D0,0.00291,1.0000,0.4658,0.041,0.004
880,56320,orientation_cued_D4,0.59763,0.7656,2.3511,0.035,0.019
881,56384,orientation_cued_D2,0.59347,0.6719,2.1020,0.024,0.040
882,56448,orientation_cued_D0,0.07240,0.9844,6.1167,0.018,0.003
883,56512,orientation_cued_D4,0.61554,0.7188,2.6451,0.034,0.105
884,56576,orientation_cued_D2,0.63675,0.6406,3.4807,0.027,0.008
885,56640,orientation_cued_D0,0.00449,1.0000,0.7965,0.022,0.003
886,56704,orientation_cued_D0,0.00909,1.0000,2.4334,0.043,0.156
887,56768,orientation_cued_D4,0.61812,0.6719,2.2624,0.065,0.002
888,56832,orientation_cued_D2,0.64370,0.5469,2.4782,0.059,0.004
889,56896,orientation_cued_D0,0.00648,1.0000,0.8523,0.029,0.020
890,56960,orientation_cued_D2,0.60156,0.6562,2.1302,0.030,0.002
891,57024,orientation_cued_D4,0.58279,0.6406,2.5428,0.050,0.003
892,57088,orientation_cued_D0,0.03659,0.9688,10.8446,0.034,0.068
893,57152,orientation_cued_D2,0.50500,0.8125,2.8541,0.047,0.004
894,57216,orientation_cued_D4,0.66737,0.5938,4.1804,0.034,0.046
895,57280,orientation_cued_D0,0.00088,1.0000,0.0953,0.039,0.073
896,57344,orientation_cued_D2,0.60139,0.6250,3.7689,0.056,0.003
897,57408,orientation_cued_D4,0.63475,0.5938,2.2393,0.067,0.036
898,57472,orientation_cued_D2,0.64048,0.5938,2.4521,0.052,0.004
899,57536,orientation_cued_D0,0.00514,1.0000,1.4060,0.033,0.004
900,57600,orientation_cued_D4,0.58208,0.7188,2.5714,0.070,0.054
901,57664,orientation_cued_D0,0.00544,1.0000,2.2676,0.043,0.004
902,57728,orientation_cued_D2,0.64297,0.5625,2.7482,0.052,0.002
903,57792,orientation_cued_D4,0.58271,0.6094,2.5934,0.036,0.071
904,57856,orientation_cued_D0,0.00487,1.0000,0.7034,0.025,0.004
905,57920,orientation_cued_D2,0.65450,0.5469,2.9241,0.050,0.003
906,57984,orientation_cued_D0,0.00329,1.0000,0.3391,0.040,0.098
907,58048,orientation_cued_D2,0.67110,0.6094,3.2118,0.053,0.003
908,58112,orientation_cued_D4,0.61204,0.6250,2.0552,0.068,0.004
909,58176,orientation_cued_D0,0.02464,0.9844,5.3608,0.042,0.075
910,58240,orientation_cued_D2,0.57423,0.7344,2.1656,0.051,0.004
911,58304,orientation_cued_D4,0.66970,0.5781,2.1107,0.066,0.004
912,58368,orientation_cued_D0,0.00373,1.0000,1.2059,0.044,0.023
913,58432,orientation_cued_D2,0.61254,0.5781,3.4072,0.041,0.032
914,58496,orientation_cued_D4,0.61504,0.6406,1.8678,0.037,0.004
915,58560,orientation_cued_D0,0.00751,1.0000,2.3058,0.039,0.043
916,58624,orientation_cued_D2,0.60558,0.6406,3.9224,0.054,0.045
917,58688,orientation_cued_D4,0.64332,0.6719,1.8140,0.067,0.020
918,58752,orientation_cued_D0,0.00072,1.0000,0.0687,0.037,0.005
919,58816,orientation_cued_D2,0.64524,0.6875,2.6977,0.058,0.060
920,58880,orientation_cued_D0,0.00672,1.0000,3.0441,0.043,0.034
921,58944,orientation_cued_D4,0.58163,0.7500,2.5927,0.065,0.002
922,59008,orientation_cued_D2,0.60374,0.7188,2.1279,0.055,0.010
923,59072,orientation_cued_D0,0.00753,1.0000,2.4406,0.028,0.008
924,59136,orientation_cued_D4,0.65073,0.5781,2.5478,0.047,0.025
925,59200,orientation_cued_D2,0.65211,0.6406,2.9346,0.057,0.042
926,59264,orientation_cued_D0,0.00156,1.0000,0.5096,0.043,0.005
927,59328,orientation_cued_D4,0.53432,0.7656,3.1016,0.067,0.045
928,59392,orientation_cued_D2,0.55104,0.7031,2.6231,0.058,0.015
929,59456,orientation_cued_D0,0.00285,1.0000,0.4933,0.032,0.005
930,59520,orientation_cued_D4,0.64294,0.6406,2.8066,0.068,0.125
931,59584,orientation_cued_D0,0.05669,0.9844,9.9234,0.042,0.006
932,59648,orientation_cued_D2,0.65734,0.6406,2.6635,0.060,0.004
933,59712,orientation_cued_D2,0.54325,0.7031,2.8325,0.043,0.082
934,59776,orientation_cued_D4,0.63962,0.6406,2.1505,0.073,0.005
935,59840,orientation_cued_D0,0.01083,1.0000,3.3065,0.048,0.006
936,59904,orientation_cued_D2,0.59676,0.6719,2.6368,0.055,0.048
937,59968,orientation_cued_D4,0.65313,0.5469,2.4763,0.072,0.004
938,60032,orientation_cued_D0,0.01170,1.0000,3.6142,0.050,0.005
939,60096,orientation_cued_D2,0.59475,0.6719,2.5846,0.049,0.022
940,60160,orientation_cued_D4,0.58136,0.6562,3.2288,0.068,0.007
941,60224,orientation_cued_D0,0.00186,1.0000,0.3441,0.043,0.005
942,60288,orientation_cued_D2,0.53742,0.7656,2.6501,0.059,0.046
943,60352,orientation_cued_D0,0.00242,1.0000,1.2161,0.049,0.065
944,60416,orientation_cued_D4,0.61335,0.6250,3.4587,0.067,0.003
945,60480,orientation_cued_D2,0.61482,0.6250,4.0254,0.051,0.010
946,60544,orientation_cued_D0,0.01136,1.0000,3.6613,0.042,0.074
947,60608,orientation_cued_D4,0.62513,0.6250,2.2709,0.057,0.004
948,60672,orientation_cued_D2,0.68890,0.5938,5.3786,0.058,0.005
949,60736,orientation_cued_D0,0.05031,0.9844,9.6854,0.044,0.068
950,60800,orientation_cued_D2,0.62863,0.6094,4.2761,0.062,0.022
951,60864,orientation_cued_D4,0.51883,0.7969,1.8365,0.071,0.037
952,60928,orientation_cued_D0,0.00349,1.0000,0.8740,0.047,0.060
953,60992,orientation_cued_D2,0.48749,0.7031,2.2887,0.054,0.003
954,61056,orientation_cued_D4,0.58154,0.7031,3.0822,0.065,0.076
955,61120,orientation_cued_D0,0.00166,1.0000,0.2557,0.028,0.004
956,61184,orientation_cued_D2,0.60372,0.6719,3.1152,0.058,0.003
957,61248,orientation_cued_D0,0.00118,1.0000,0.2049,0.044,0.075
958,61312,orientation_cued_D4,0.62469,0.6250,2.5443,0.065,0.002
959,61376,orientation_cued_D2,0.55810,0.6875,2.7285,0.055,0.004
960,61440,orientation_cued_D0,0.00694,1.0000,2.4402,0.033,0.011
961,61504,orientation_cued_D4,0.64488,0.6250,2.8622,0.063,0.059
962,61568,orientation_cued_D2,0.64094,0.6406,4.4472,0.052,0.004
963,61632,orientation_cued_D0,0.01410,1.0000,4.6248,0.042,0.004
964,61696,orientation_cued_D2,0.58102,0.6719,3.0664,0.056,0.057
965,61760,orientation_cued_D4,0.61239,0.7031,3.2210,0.048,0.005
966,61824,orientation_cued_D0,0.00049,1.0000,0.0601,0.041,0.004
967,61888,orientation_cued_D2,0.55973,0.6719,3.6958,0.055,0.046
968,61952,orientation_cued_D4,0.58309,0.7500,3.0432,0.062,0.003
969,62016,orientation_cued_D0,0.00186,1.0000,0.7361,0.043,0.004
970,62080,orientation_cued_D2,0.58018,0.7344,2.8819,0.032,0.026
971,62144,orientation_cued_D4,0.58744,0.7031,3.1520,0.065,0.038
972,62208,orientation_cued_D0,0.00171,1.0000,0.4056,0.045,0.005
973,62272,orientation_cued_D2,0.63888,0.6094,3.6703,0.055,0.016
974,62336,orientation_cued_D0,0.00420,1.0000,1.5138,0.042,0.037
975,62400,orientation_cued_D4,0.58199,0.6719,6.1783,0.063,0.004
976,62464,orientation_cued_D2,0.64423,0.5156,3.7986,0.043,0.038
977,62528,orientation_cued_D0,0.01795,0.9844,6.4614,0.041,0.055
978,62592,orientation_cued_D4,0.59873,0.6719,4.6118,0.067,0.003
979,62656,orientation_cued_D2,0.62601,0.6250,4.3937,0.053,0.005
980,62720,orientation_cued_D0,0.00277,1.0000,1.1228,0.026,0.056
981,62784,orientation_cued_D4,0.53815,0.7188,2.4521,0.065,0.033
982,62848,orientation_cued_D2,0.56573,0.7500,3.2288,0.044,0.006
983,62912,orientation_cued_D0,0.00024,1.0000,0.0279,0.043,0.027
984,62976,orientation_cued_D4,0.67708,0.5781,3.5687,0.061,0.085
985,63040,orientation_cued_D2,0.65552,0.6406,2.7644,0.054,0.005
986,63104,orientation_cued_D0,0.02317,0.9844,7.5839,0.036,0.003
987,63168,orientation_cued_D4,0.53704,0.7812,2.9280,0.062,0.081
988,63232,orientation_cued_D2,0.53173,0.7656,2.4573,0.053,0.004
989,63296,orientation_cued_D0,0.02050,0.9844,5.4094,0.041,0.004
990,63360,orientation_cued_D2,0.58339,0.6875,3.3430,0.048,0.060
991,63424,orientation_cued_D4,0.63085,0.6250,2.9984,0.060,0.003
992,63488,orientation_cued_D0,0.00249,1.0000,0.4258,0.035,0.004
993,63552,orientation_cued_D2,0.63018,0.5625,2.6156,0.045,0.109
994,63616,orientation_cued_D0,0.00506,1.0000,1.9161,0.042,0.003
995,63680,orientation_cued_D4,0.57484,0.6562,2.6178,0.065,0.002
996,63744,orientation_cued_D2,0.57741,0.7500,3.3740,0.053,0.059
997,63808,orientation_cued_D0,0.00062,1.0000,0.0674,0.044,0.003
998,63872,orientation_cued_D4,0.61465,0.6094,3.3211,0.062,0.002
999,63936,orientation_cued_D2,0.62792,0.5781,3.4127,0.053,0.040
1000,64000,orientation_cued_D0,0.01157,1.0000,4.7071,0.035,0.004
1001,64064,orientation_cued_D4,0.65050,0.6094,3.0082,0.062,0.005
1002,64128,orientation_cued_D2,0.56326,0.6875,2.9237,0.054,0.009
1003,64192,orientation_cued_D0,0.00190,1.0000,0.4554,0.043,0.006
1004,64256,orientation_cued_D4,0.61546,0.6406,4.1452,0.062,0.005
1005,64320,orientation_cued_D2,0.62816,0.6562,2.9693,0.057,0.010
1006,64384,orientation_cued_D0,0.00219,1.0000,0.6606,0.033,0.007
1007,64448,orientation_cued_D4,0.61663,0.6719,3.1847,0.070,0.006
1008,64512,orientation_cued_D2,0.63555,0.5781,3.5566,0.054,0.008
1009,64576,orientation_cued_D0,0.00130,1.0000,0.1660,0.043,0.006
1010,64640,orientation_cued_D2,0.63022,0.5469,2.7170,0.053,0.005
1011,64704,orientation_cued_D4,0.57257,0.6875,2.8614,0.067,0.007
1012,64768,orientation_cued_D0,0.00306,1.0000,0.9229,0.023,0.008
1013,64832,orientation_cued_D2,0.69018,0.5625,3.4083,0.026,0.005
1014,64896,orientation_cued_D0,0.00222,1.0000,0.6336,0.036,0.007
1015,64960,orientation_cued_D4,0.58391,0.6719,2.7130,0.055,0.005
1016,65024,orientation_cued_D2,0.60085,0.6250,2.1969,0.056,0.010
1017,65088,orientation_cued_D0,0.00253,1.0000,0.7134,0.041,0.009
1018,65152,orientation_cued_D4,0.58475,0.7031,3.2995,0.060,0.006
1019,65216,orientation_cued_D2,0.56676,0.6875,2.2391,0.052,0.010
1020,65280,orientation_cued_D0,0.01242,0.9844,3.3795,0.042,0.007
1021,65344,orientation_cued_D2,0.62492,0.5938,4.8629,0.051,0.006
1022,65408,orientation_cued_D4,0.63151,0.5781,2.7320,0.050,0.013
1023,65472,orientation_cued_D0,0.00033,1.0000,0.0374,0.042,0.015
1024,65536,orientation_cued_D2,0.61279,0.6094,3.1551,0.055,0.009
1025,65600,orientation_cued_D4,0.63791,0.5781,3.4237,0.053,0.008
1026,65664,orientation_cued_D0,0.00107,1.0000,0.1787,0.046,0.014
1027,65728,orientation_cued_D2,0.51099,0.7500,2.5999,0.053,0.028
1028,65792,orientation_cued_D4,0.57345,0.6719,2.4870,0.070,0.003
1029,65856,orientation_cued_D0,0.00187,1.0000,0.3670,0.042,0.005
1030,65920,orientation_cued_D2,0.53509,0.7188,2.2546,0.058,0.004
1031,65984,orientation_cued_D0,0.00871,1.0000,3.5448,0.042,0.004
1032,66048,orientation_cued_D4,0.62122,0.6250,2.7108,0.068,0.023
1033,66112,orientation_cued_D2,0.55434,0.6875,3.0921,0.034,0.044
1034,66176,orientation_cued_D0,0.00064,1.0000,0.0780,0.048,0.007
1035,66240,orientation_cued_D4,0.63441,0.5469,2.4287,0.068,0.031
1036,66304,orientation_cued_D0,0.00416,1.0000,1.4406,0.039,0.055
1037,66368,orientation_cued_D2,0.68865,0.5938,2.6502,0.045,0.004
1038,66432,orientation_cued_D4,0.60174,0.6719,3.1270,0.057,0.054
1039,66496,orientation_cued_D0,0.00197,1.0000,0.4683,0.043,0.044
1040,66560,orientation_cued_D2,0.63922,0.5938,3.4596,0.046,0.003
1041,66624,orientation_cued_D4,0.58345,0.6406,2.9733,0.074,0.113
1042,66688,orientation_cued_D0,0.00076,1.0000,0.1256,0.044,0.006
1043,66752,orientation_cued_D2,0.69354,0.6250,3.6772,0.042,0.003
1044,66816,orientation_cued_D4,0.59375,0.7031,3.5705,0.057,0.092
1045,66880,orientation_cued_D0,0.00101,1.0000,0.0975,0.041,0.006
1046,66944,orientation_cued_D2,0.55430,0.7031,3.0856,0.053,0.003
1047,67008,orientation_cued_D4,0.73028,0.5625,4.3951,0.060,0.080
1048,67072,orientation_cued_D2,0.54010,0.7188,2.6679,0.053,0.003
1049,67136,orientation_cued_D0,0.00085,1.0000,0.1207,0.033,0.003
1050,67200,orientation_cued_D2,0.62927,0.5781,3.3522,0.050,0.073
1051,67264,orientation_cued_D4,0.55262,0.7812,2.3472,0.063,0.003
1052,67328,orientation_cued_D0,0.00213,1.0000,0.4892,0.042,0.003
1053,67392,orientation_cued_D2,0.51845,0.7344,3.5225,0.053,0.039
1054,67456,orientation_cued_D0,0.00259,1.0000,0.5783,0.029,0.003
1055,67520,orientation_cued_D4,0.67383,0.5156,3.3511,0.031,0.002
1056,67584,orientation_cued_D0,0.04220,0.9844,6.6383,0.041,0.076
1057,67648,orientation_cued_D2,0.64618,0.6250,3.0921,0.051,0.003
1058,67712,orientation_cued_D4,0.62138,0.6562,2.6277,0.058,0.003
1059,67776,orientation_cued_D0,0.00109,1.0000,0.2983,0.036,0.039
1060,67840,orientation_cued_D2,0.58244,0.6875,3.3152,0.046,0.004
1061,67904,orientation_cued_D4,0.56562,0.7656,1.8741,0.066,0.059
1062,67968,orientation_cued_D0,0.00473,1.0000,1.4353,0.037,0.029
1063,68032,orientation_cued_D2,0.69219,0.5625,5.6730,0.048,0.003
1064,68096,orientation_cued_D4,0.66774,0.6250,4.1356,0.059,0.021
1065,68160,orientation_cued_D2,0.61904,0.6250,2.5053,0.055,0.021
1066,68224,orientation_cued_D0,0.00275,1.0000,1.1879,0.031,0.003
1067,68288,orientation_cued_D4,0.62586,0.5938,1.8691,0.053,0.048
1068,68352,orientation_cued_D2,0.57215,0.6719,2.7388,0.057,0.018
1069,68416,orientation_cued_D0,0.00196,1.0000,0.2066,0.042,0.003
1070,68480,orientation_cued_D4,0.59250,0.7656,2.7356,0.074,0.057
1071,68544,orientation_cued_D2,0.62964,0.5625,3.5470,0.037,0.006
1072,68608,orientation_cued_D0,0.00111,1.0000,0.2246,0.041,0.004
1073,68672,orientation_cued_D4,0.55467,0.7031,3.3498,0.067,0.099
1074,68736,orientation_cued_D2,0.54168,0.7031,2.6188,0.053,0.004
1075,68800,orientation_cued_D0,0.00075,1.0000,0.1001,0.042,0.003
1076,68864,orientation_cued_D2,0.54900,0.7031,2.9845,0.054,0.056
1077,68928,orientation_cued_D4,0.64394,0.5781,2.1622,0.064,0.003
1078,68992,orientation_cued_D0,0.00149,1.0000,0.2327,0.044,0.005
1079,69056,orientation_cued_D2,0.59256,0.6094,2.9541,0.041,0.012
1080,69120,orientation_cued_D4,0.59103,0.5938,2.0064,0.062,0.018
1081,69184,orientation_cued_D0,0.00559,1.0000,1.9455,0.039,0.004
1082,69248,orientation_cued_D2,0.53585,0.7031,2.7120,0.054,0.057
1083,69312,orientation_cued_D4,0.55011,0.7656,2.5577,0.063,0.048
1084,69376,orientation_cued_D0,0.00148,1.0000,0.3058,0.037,0.005
1085,69440,orientation_cued_D2,0.59347,0.6406,2.6463,0.049,0.005
1086,69504,orientation_cued_D0,0.01701,0.9844,6.2298,0.033,0.161
1087,69568,orientation_cued_D4,0.57923,0.6875,2.1042,0.062,0.003
1088,69632,orientation_cued_D2,0.57070,0.7031,2.5466,0.050,0.004
1089,69696,orientation_cued_D0,0.02616,0.9844,6.6330,0.045,0.058
1090,69760,orientation_cued_D2,0.68745,0.6406,3.4887,0.055,0.005
1091,69824,orientation_cued_D4,0.59306,0.6719,2.4136,0.064,0.003
1092,69888,orientation_cued_D0,0.02556,0.9844,6.8510,0.036,0.018
1093,69952,orientation_cued_D2,0.51471,0.7500,4.6962,0.054,0.040
1094,70016,orientation_cued_D4,0.59081,0.6875,2.9049,0.066,0.006
1095,70080,orientation_cued_D0,0.00753,1.0000,2.1182,0.024,0.009
1096,70144,orientation_cued_D2,0.53459,0.7656,4.5434,0.049,0.055
1097,70208,orientation_cued_D4,0.64905,0.5469,2.1866,0.067,0.039
1098,70272,orientation_cued_D0,0.00059,1.0000,0.0862,0.028,0.006
1099,70336,orientation_cued_D2,0.53693,0.7031,2.3811,0.061,0.033
1100,70400,orientation_cued_D0,0.00952,1.0000,3.5198,0.036,0.064
1101,70464,orientation_cued_D4,0.54745,0.6719,2.5891,0.053,0.009
1102,70528,orientation_cued_D2,0.53408,0.7031,3.3383,0.050,0.005
1103,70592,orientation_cued_D0,0.00061,1.0000,0.0985,0.032,0.038
1104,70656,orientation_cued_D2,0.66655,0.5781,3.7651,0.045,0.097
1105,70720,orientation_cued_D4,0.57442,0.7656,1.7659,0.064,0.024
1106,70784,orientation_cued_D0,0.00026,1.0000,0.0264,0.034,0.006
1107,70848,orientation_cued_D2,0.57335,0.6719,2.9222,0.045,0.074
1108,70912,orientation_cued_D0,0.00276,1.0000,1.2165,0.036,0.052
1109,70976,orientation_cued_D4,0.64414,0.7031,3.5722,0.070,0.006
1110,71040,orientation_cued_D2,0.59542,0.7500,3.0720,0.054,0.057
1111,71104,orientation_cued_D0,0.00181,1.0000,0.5940,0.044,0.003
1112,71168,orientation_cued_D4,0.61453,0.6562,2.7326,0.069,0.058
1113,71232,orientation_cued_D2,0.63881,0.5938,6.0504,0.053,0.003
1114,71296,orientation_cued_D0,0.00081,1.0000,0.1787,0.027,0.003
1115,71360,orientation_cued_D2,0.65230,0.5469,3.8233,0.054,0.101
1116,71424,orientation_cued_D4,0.57349,0.5938,3.6089,0.063,0.003
1117,71488,orientation_cued_D0,0.00625,1.0000,3.1854,0.042,0.003
1118,71552,orientation_cued_D0,0.00039,1.0000,0.0526,0.022,0.031
1119,71616,orientation_cued_D2,0.59257,0.5938,1.9228,0.025,0.003
1120,71680,orientation_cued_D4,0.60813,0.7188,3.0470,0.058,0.013
1121,71744,orientation_cued_D0,0.02153,0.9844,6.6611,0.044,0.065
1122,71808,orientation_cued_D2,0.58940,0.6406,2.1823,0.055,0.004
1123,71872,orientation_cued_D4,0.64251,0.5469,3.0081,0.072,0.005
1124,71936,orientation_cued_D0,0.00065,1.0000,0.0771,0.039,0.056
1125,72000,orientation_cued_D2,0.58083,0.6875,2.4791,0.056,0.002
1126,72064,orientation_cued_D4,0.63966,0.5625,4.0294,0.068,0.048
1127,72128,orientation_cued_D0,0.01166,1.0000,3.2206,0.043,0.010
1128,72192,orientation_cued_D2,0.57796,0.6562,2.7532,0.046,0.002
1129,72256,orientation_cued_D4,0.58963,0.6875,2.1297,0.065,0.088
1130,72320,orientation_cued_D0,0.00063,1.0000,0.0833,0.043,0.004
1131,72384,orientation_cued_D2,0.59144,0.7188,4.2073,0.056,0.002
1132,72448,orientation_cued_D0,0.08371,0.9688,12.0131,0.042,0.055
1133,72512,orientation_cued_D4,0.59197,0.6875,3.9807,0.055,0.003
1134,72576,orientation_cued_D2,0.57018,0.7031,2.4657,0.053,0.005
1135,72640,orientation_cued_D0,0.00059,1.0000,0.0581,0.036,0.050
1136,72704,orientation_cued_D4,0.61627,0.6094,2.4097,0.066,0.010
1137,72768,orientation_cued_D2,0.51981,0.7344,2.5185,0.055,0.004
1138,72832,orientation_cued_D0,0.00421,1.0000,1.6945,0.042,0.010
1139,72896,orientation_cued_D2,0.53836,0.6562,3.0031,0.058,0.044
1140,72960,orientation_cued_D4,0.64741,0.5781,3.3210,0.072,0.005
1141,73024,orientation_cued_D0,0.00422,1.0000,1.5021,0.047,0.007
1142,73088,orientation_cued_D2,0.58361,0.6406,3.3119,0.054,0.016
1143,73152,orientation_cued_D4,0.65275,0.5625,5.2426,0.069,0.027
1144,73216,orientation_cued_D0,0.01164,1.0000,2.2022,0.026,0.036
1145,73280,orientation_cued_D2,0.58920,0.6250,3.8327,0.047,0.024
1146,73344,orientation_cued_D4,0.62101,0.7031,4.6972,0.052,0.069
1147,73408,orientation_cued_D0,0.02706,0.9844,7.8497,0.039,0.035
1148,73472,orientation_cued_D2,0.56261,0.6562,3.4330,0.036,0.003
1149,73536,orientation_cued_D4,0.55999,0.7500,2.7684,0.067,0.078
1150,73600,orientation_cued_D0,0.01398,0.9844,4.7366,0.037,0.004
1151,73664,orientation_cued_D2,0.57550,0.7031,3.5310,0.027,0.002
1152,73728,orientation_cued_D4,0.55109,0.6406,2.6433,0.063,0.124
1153,73792,orientation_cued_D2,0.59023,0.6875,4.1431,0.050,0.004
1154,73856,orientation_cued_D0,0.00076,1.0000,0.0938,0.041,0.004
1155,73920,orientation_cued_D0,0.00134,1.0000,0.2850,0.025,0.075
1156,73984,orientation_cued_D2,0.51437,0.7656,3.6111,0.050,0.004
1157,74048,orientation_cued_D4,0.59966,0.6562,4.3880,0.056,0.003
1158,74112,orientation_cued_D2,0.64904,0.5781,5.1502,0.041,0.085
1159,74176,orientation_cued_D4,0.57146,0.7188,3.1968,0.055,0.010
1160,74240,orientation_cued_D0,0.00205,1.0000,0.3084,0.044,0.004
1161,74304,orientation_cued_D2,0.60168,0.6562,4.1428,0.046,0.095
1162,74368,orientation_cued_D0,0.01665,0.9844,4.5733,0.043,0.011
1163,74432,orientation_cued_D4,0.57861,0.7031,3.1005,0.062,0.002
1164,74496,orientation_cued_D2,0.59471,0.6562,4.2924,0.044,0.067
1165,74560,orientation_cued_D0,0.00198,1.0000,0.2208,0.040,0.004
1166,74624,orientation_cued_D4,0.57311,0.7031,2.7602,0.041,0.045
1167,74688,orientation_cued_D0,0.00512,1.0000,1.6490,0.031,0.053
1168,74752,orientation_cued_D2,0.57687,0.7344,3.1137,0.047,0.015
1169,74816,orientation_cued_D4,0.70290,0.5000,4.3768,0.056,0.081
1170,74880,orientation_cued_D0,0.01259,1.0000,5.2803,0.025,0.005
1171,74944,orientation_cued_D2,0.59931,0.6719,4.0153,0.044,0.015
1172,75008,orientation_cued_D4,0.60698,0.6562,3.9563,0.063,0.127
1173,75072,orientation_cued_D0,0.04510,0.9844,10.0953,0.040,0.003
1174,75136,orientation_cued_D2,0.55881,0.7188,3.2654,0.049,0.002
1175,75200,orientation_cued_D0,0.00567,1.0000,2.1002,0.040,0.050
1176,75264,orientation_cued_D4,0.63680,0.6094,2.7105,0.062,0.003
1177,75328,orientation_cued_D2,0.57953,0.6719,3.1202,0.053,0.003
1178,75392,orientation_cued_D0,0.00420,1.0000,0.6656,0.045,0.047
1179,75456,orientation_cued_D2,0.55695,0.7031,2.6330,0.044,0.003
1180,75520,orientation_cued_D4,0.60792,0.6094,1.9758,0.038,0.004
1181,75584,orientation_cued_D0,0.01705,1.0000,4.9361,0.046,0.055
1182,75648,orientation_cued_D2,0.55022,0.7500,3.4821,0.051,0.024
1183,75712,orientation_cued_D4,0.63052,0.6250,2.4768,0.071,0.005
1184,75776,orientation_cued_D0,0.00266,1.0000,0.3055,0.042,0.005
1185,75840,orientation_cued_D2,0.50011,0.8125,3.4817,0.042,0.027
1186,75904,orientation_cued_D4,0.55919,0.7344,5.2623,0.067,0.081
1187,75968,orientation_cued_D0,0.00707,1.0000,2.7680,0.043,0.004
1188,76032,orientation_cued_D2,0.55903,0.6875,2.3677,0.052,0.002
1189,76096,orientation_cued_D0,0.00131,1.0000,0.1258,0.033,0.052
1190,76160,orientation_cued_D4,0.62189,0.6875,7.8927,0.063,0.011
1191,76224,orientation_cued_D2,0.52989,0.7031,2.6705,0.054,0.013
1192,76288,orientation_cued_D0,0.00097,1.0000,0.1494,0.044,0.031
1193,76352,orientation_cued_D4,0.64995,0.5938,3.1387,0.066,0.062
1194,76416,orientation_cued_D2,0.62963,0.6719,3.1420,0.046,0.006
1195,76480,orientation_cued_D0,0.00377,1.0000,0.8280,0.041,0.004
1196,76544,orientation_cued_D2,0.60022,0.6875,3.3140,0.057,0.087
1197,76608,orientation_cued_D4,0.62694,0.6875,3.7379,0.064,0.004
1198,76672,orientation_cued_D0,0.01173,1.0000,2.3042,0.040,0.004
1199,76736,orientation_cued_D2,0.53726,0.7344,3.5926,0.035,0.018
1200,76800,orientation_cued_D0,0.00898,1.0000,2.7134,0.042,0.033
1201,76864,orientation_cued_D4,0.56243,0.7812,1.9154,0.065,0.004
1202,76928,orientation_cued_D2,0.54368,0.6875,2.4651,0.053,0.013
1203,76992,orientation_cued_D0,0.00070,1.0000,0.1082,0.046,0.009
1204,77056,orientation_cued_D4,0.54316,0.7031,2.5049,0.058,0.006
1205,77120,orientation_cued_D2,0.62237,0.6406,4.0995,0.056,0.017
1206,77184,orientation_cued_D0,0.00295,1.0000,1.2044,0.044,0.007
1207,77248,orientation_cued_D4,0.67910,0.6094,4.3009,0.067,0.005
1208,77312,orientation_cued_D2,0.56755,0.6875,2.8605,0.053,0.008
1209,77376,orientation_cued_D0,0.00304,1.0000,1.2148,0.047,0.009
1210,77440,orientation_cued_D4,0.58466,0.7031,2.9665,0.046,0.009
1211,77504,orientation_cued_D2,0.54817,0.7344,3.0398,0.056,0.015
1212,77568,orientation_cued_D0,0.00229,1.0000,0.5096,0.049,0.012
1213,77632,orientation_cued_D4,0.53598,0.7500,2.6327,0.077,0.010
1214,77696,orientation_cued_D2,0.61057,0.6406,3.0874,0.058,0.015
1215,77760,orientation_cued_D0,0.04571,0.9844,11.7750,0.047,0.013
1216,77824,orientation_cued_D2,0.56496,0.7031,2.4272,0.062,0.010
1217,77888,orientation_cued_D4,0.61176,0.6094,3.5908,0.072,0.013
1218,77952,orientation_cued_D0,0.01165,1.0000,4.8149,0.046,0.014
1219,78016,orientation_cued_D2,0.58150,0.6562,3.4238,0.054,0.007
1220,78080,orientation_cued_D4,0.54801,0.6875,2.6269,0.069,0.008
1221,78144,orientation_cued_D0,0.00286,1.0000,0.6732,0.023,0.008
1222,78208,orientation_cued_D2,0.55460,0.6719,3.1030,0.045,0.005
1223,78272,orientation_cued_D4,0.57444,0.6406,2.7433,0.062,0.007
1224,78336,orientation_cued_D0,0.13561,0.9688,10.0474,0.041,0.010
1225,78400,orientation_cued_D2,0.53782,0.7031,2.0761,0.053,0.006
1226,78464,orientation_cued_D4,0.54627,0.7188,2.1490,0.063,0.013
1227,78528,orientation_cued_D0,0.00737,1.0000,1.4320,0.042,0.010
1228,78592,orientation_cued_D2,0.50429,0.7500,2.4785,0.059,0.008
1229,78656,orientation_cued_D0,0.00175,1.0000,0.2119,0.038,0.010
1230,78720,orientation_cued_D4,0.59452,0.6250,3.3270,0.087,0.011
1231,78784,orientation_cued_D2,0.52705,0.7500,2.4794,0.065,0.016
1232,78848,orientation_cued_D0,0.00128,1.0000,0.1406,0.040,0.007
1233,78912,orientation_cued_D4,0.64360,0.6250,3.4724,0.065,0.006
1234,78976,orientation_cued_D2,0.49384,0.7812,2.9885,0.063,0.006
1235,79040,orientation_cued_D0,0.00159,1.0000,0.3155,0.044,0.007
1236,79104,orientation_cued_D2,0.59279,0.7031,3.1919,0.030,0.004
1237,79168,orientation_cued_D4,0.60082,0.7031,4.1551,0.067,0.006
1238,79232,orientation_cued_D0,0.02247,0.9844,4.9300,0.056,0.009
1239,79296,orientation_cued_D2,0.58329,0.6562,2.2713,0.042,0.018
1240,79360,orientation_cued_D0,0.00833,1.0000,3.7166,0.042,0.003
1241,79424,orientation_cued_D4,0.59510,0.6094,2.9658,0.069,0.003
1242,79488,orientation_cued_D2,0.60358,0.6406,2.5643,0.046,0.071
1243,79552,orientation_cued_D0,0.00981,1.0000,2.9227,0.037,0.004
1244,79616,orientation_cued_D4,0.62435,0.6250,4.2266,0.065,0.003
1245,79680,orientation_cued_D2,0.66948,0.6094,3.1539,0.042,0.047
1246,79744,orientation_cued_D0,0.00089,1.0000,0.1154,0.044,0.005
1247,79808,orientation_cued_D4,0.66609,0.5469,2.5506,0.062,0.086
1248,79872,orientation_cued_D2,0.53197,0.7344,1.7470,0.046,0.005
1249,79936,orientation_cued_D0,0.03081,0.9844,4.6444,0.037,0.005
1250,80000,orientation_cued_D4,0.55451,0.7500,2.0061,0.061,0.108
1251,80064,orientation_cued_D2,0.53489,0.7188,2.7739,0.049,0.006
1252,80128,orientation_cued_D0,0.03274,0.9844,7.0572,0.033,0.004
1253,80192,orientation_cued_D0,0.02782,0.9844,5.5102,0.039,0.079
1254,80256,orientation_cued_D2,0.64789,0.6250,3.0671,0.046,0.003
1255,80320,orientation_cued_D4,0.58979,0.7031,3.0289,0.068,0.006
1256,80384,orientation_cued_D0,0.00311,1.0000,1.1907,0.042,0.110
1257,80448,orientation_cued_D2,0.61287,0.6719,2.9494,0.052,0.004
1258,80512,orientation_cued_D4,0.60479,0.6406,2.6835,0.064,0.021
1259,80576,orientation_cued_D0,0.00173,1.0000,0.3719,0.041,0.025
1260,80640,orientation_cued_D2,0.57350,0.7031,3.6513,0.050,0.003
1261,80704,orientation_cued_D4,0.56334,0.7188,2.6232,0.062,0.024
1262,80768,orientation_cued_D0,0.03624,0.9844,7.8183,0.042,0.003
1263,80832,orientation_cued_D2,0.55517,0.7969,2.2439,0.052,0.002
1264,80896,orientation_cued_D4,0.52198,0.7188,2.5196,0.069,0.070
1265,80960,orientation_cued_D0,0.00166,1.0000,0.2554,0.021,0.003
1266,81024,orientation_cued_D2,0.60227,0.6406,2.5415,0.030,0.002
1267,81088,orientation_cued_D4,0.57380,0.6719,1.9474,0.061,0.119
1268,81152,orientation_cued_D0,0.00229,1.0000,0.5897,0.043,0.004
1269,81216,orientation_cued_D2,0.59437,0.6875,2.4230,0.054,0.002
1270,81280,orientation_cued_D2,0.55495,0.6719,3.1908,0.043,0.058
1271,81344,orientation_cued_D4,0.59247,0.7500,3.1630,0.068,0.004
1272,81408,orientation_cued_D0,0.01327,1.0000,3.0216,0.046,0.005
1273,81472,orientation_cued_D2,0.60179,0.6875,2.6336,0.053,0.069
1274,81536,orientation_cued_D0,0.01224,1.0000,3.7921,0.041,0.003
1275,81600,orientation_cued_D4,0.57354,0.7188,3.4010,0.032,0.002
1276,81664,orientation_cued_D2,0.59168,0.6719,3.3129,0.058,0.075
1277,81728,orientation_cued_D0,0.01110,1.0000,3.8319,0.045,0.005
1278,81792,orientation_cued_D4,0.55491,0.7656,3.5262,0.068,0.004
1279,81856,orientation_cued_D2,0.60745,0.6562,3.2080,0.060,0.021
1280,81920,orientation_cued_D0,0.00210,1.0000,0.8181,0.037,0.005
1281,81984,orientation_cued_D4,0.58200,0.7031,2.6919,0.067,0.031
1282,82048,orientation_cued_D2,0.60389,0.5938,3.0037,0.055,0.032
1283,82112,orientation_cued_D0,0.00163,1.0000,0.3415,0.044,0.003
1284,82176,orientation_cued_D4,0.59743,0.6250,2.1099,0.066,0.035
1285,82240,orientation_cued_D2,0.56234,0.6875,3.6049,0.027,0.004
1286,82304,orientation_cued_D0,0.00665,1.0000,1.4446,0.036,0.004
1287,82368,orientation_cued_D4,0.57866,0.6719,1.9656,0.060,0.103
1288,82432,orientation_cued_D0,0.00326,1.0000,0.4205,0.043,0.004
1289,82496,orientation_cued_D2,0.50601,0.7812,3.0622,0.054,0.003
1290,82560,orientation_cued_D0,0.00525,1.0000,1.0435,0.054,0.115
1291,82624,orientation_cued_D4,0.57777,0.7812,2.1912,0.079,0.004
1292,82688,orientation_cued_D2,0.54648,0.7031,2.6497,0.045,0.004
1293,82752,orientation_cued_D0,0.00204,1.0000,0.3083,0.044,0.029
1294,82816,orientation_cued_D2,0.43956,0.7812,2.1483,0.053,0.035
1295,82880,orientation_cued_D4,0.54105,0.7188,2.5310,0.065,0.004
1296,82944,orientation_cued_D0,0.00554,1.0000,1.7816,0.042,0.003
1297,83008,orientation_cued_D2,0.52823,0.6875,2.7653,0.043,0.038
1298,83072,orientation_cued_D4,0.58833,0.6875,2.7266,0.068,0.053
1299,83136,orientation_cued_D0,0.00152,1.0000,0.4833,0.045,0.007
1300,83200,orientation_cued_D2,0.63495,0.6094,4.1581,0.056,0.008
1301,83264,orientation_cued_D0,0.00116,1.0000,0.2080,0.047,0.044
1302,83328,orientation_cued_D4,0.58846,0.6406,2.3359,0.057,0.047
1303,83392,orientation_cued_D2,0.59951,0.6406,2.4835,0.057,0.005
1304,83456,orientation_cued_D0,0.00117,1.0000,0.1380,0.037,0.003
1305,83520,orientation_cued_D2,0.60396,0.6250,4.7540,0.050,0.098
1306,83584,orientation_cued_D0,0.00866,1.0000,1.8549,0.040,0.042
1307,83648,orientation_cued_D4,0.55260,0.7344,2.8983,0.060,0.003
1308,83712,orientation_cued_D2,0.63107,0.6250,3.1218,0.064,0.053
1309,83776,orientation_cued_D0,0.00039,1.0000,0.0253,0.041,0.036
1310,83840,orientation_cued_D4,0.60216,0.6406,2.7143,0.057,0.002
1311,83904,orientation_cued_D2,0.55765,0.6250,2.5470,0.045,0.058
1312,83968,orientation_cued_D0,0.00295,1.0000,0.5741,0.034,0.020
1313,84032,orientation_cued_D4,0.57670,0.6406,2.1106,0.054,0.062
1314,84096,orientation_cued_D2,0.59090,0.7031,2.4366,0.052,0.025
1315,84160,orientation_cued_D0,0.02870,0.9844,6.5461,0.032,0.006
1316,84224,orientation_cued_D4,0.63585,0.6406,2.6379,0.041,0.088
1317,84288,orientation_cued_D2,0.57827,0.6875,3.2951,0.046,0.045
1318,84352,orientation_cued_D0,0.00384,1.0000,0.9208,0.039,0.007
1319,84416,orientation_cued_D4,0.61349,0.6562,2.6100,0.065,0.092
1320,84480,orientation_cued_D0,0.01641,0.9844,6.1817,0.040,0.003
1321,84544,orientation_cued_D2,0.53550,0.7812,1.8628,0.041,0.002
1322,84608,orientation_cued_D0,0.00043,1.0000,0.0751,0.040,0.046
1323,84672,orientation_cued_D4,0.55704,0.7812,2.3536,0.065,0.002
1324,84736,orientation_cued_D2,0.58514,0.6250,3.4285,0.053,0.003
1325,84800,orientation_cued_D0,0.00784,1.0000,2.3523,0.045,0.017
1326,84864,orientation_cued_D2,0.59461,0.6094,3.0399,0.053,0.016
1327,84928,orientation_cued_D4,0.57391,0.7500,2.4605,0.033,0.003
1328,84992,orientation_cued_D0,0.00061,1.0000,0.0735,0.041,0.043
1329,85056,orientation_cued_D2,0.57914,0.7188,2.0203,0.051,0.046
1330,85120,orientation_cued_D4,0.59547,0.6875,2.4697,0.065,0.003
1331,85184,orientation_cued_D0,0.00594,1.0000,1.8936,0.044,0.004
1332,85248,orientation_cued_D2,0.57857,0.7344,2.1208,0.060,0.067
1333,85312,orientation_cued_D4,0.57789,0.6719,2.2412,0.062,0.026
1334,85376,orientation_cued_D0,0.00104,1.0000,0.2923,0.042,0.003
1335,85440,orientation_cued_D2,0.65121,0.7031,2.5577,0.055,0.039
1336,85504,orientation_cued_D4,0.61950,0.6250,3.4343,0.061,0.003
1337,85568,orientation_cued_D0,0.01911,0.9844,4.9788,0.022,0.004
1338,85632,orientation_cued_D2,0.60990,0.7031,3.2417,0.059,0.073
1339,85696,orientation_cued_D0,0.00198,1.0000,0.5030,0.044,0.006
1340,85760,orientation_cued_D4,0.59363,0.7031,2.4194,0.067,0.016
1341,85824,orientation_cued_D0,0.00611,1.0000,1.3831,0.037,0.036
1342,85888,orientation_cued_D2,0.52087,0.7500,3.4063,0.053,0.004
1343,85952,orientation_cued_D0,0.00667,1.0000,1.9777,0.042,0.124
1344,86016,orientation_cued_D4,0.58072,0.7188,2.8247,0.065,0.002
1345,86080,orientation_cued_D2,0.62602,0.6250,2.8184,0.046,0.005
1346,86144,orientation_cued_D0,0.00084,1.0000,0.0974,0.041,0.050
1347,86208,orientation_cued_D2,0.54871,0.6719,2.5287,0.056,0.003
1348,86272,orientation_cued_D4,0.61084,0.6094,3.1808,0.067,0.003
1349,86336,orientation_cued_D0,0.00114,1.0000,0.2428,0.043,0.023
1350,86400,orientation_cued_D2,0.54571,0.6875,2.6173,0.054,0.003
1351,86464,orientation_cued_D4,0.61361,0.6562,2.5535,0.070,0.004
1352,86528,orientation_cued_D0,0.02259,0.9844,5.0016,0.050,0.041
1353,86592,orientation_cued_D2,0.54067,0.7188,2.9502,0.053,0.037
1354,86656,orientation_cued_D4,0.58981,0.6875,3.1066,0.086,0.004
1355,86720,orientation_cued_D0,0.00341,1.0000,0.8547,0.044,0.047
1356,86784,orientation_cued_D2,0.61378,0.6250,3.1945,0.053,0.021
1357,86848,orientation_cued_D4,0.60883,0.7031,3.0751,0.056,0.004
1358,86912,orientation_cued_D0,0.00127,1.0000,0.2576,0.040,0.028
1359,86976,orientation_cued_D2,0.63731,0.7188,3.9158,0.046,0.032
1360,87040,orientation_cued_D4,0.53467,0.7344,3.9088,0.058,0.090
1361,87104,orientation_cued_D0,0.02279,0.9844,6.4141,0.036,0.006
1362,87168,orientation_cued_D2,0.57032,0.7031,4.4720,0.049,0.003
1363,87232,orientation_cued_D4,0.67767,0.5781,3.1955,0.044,0.069
1364,87296,orientation_cued_D2,0.57397,0.6719,2.8484,0.055,0.027
1365,87360,orientation_cued_D0,0.00798,1.0000,3.4297,0.036,0.004
1366,87424,orientation_cued_D4,0.58071,0.6719,3.4590,0.072,0.096
1367,87488,orientation_cued_D0,0.00616,1.0000,2.0348,0.035,0.022
1368,87552,orientation_cued_D2,0.49919,0.7812,2.6772,0.054,0.003
1369,87616,orientation_cued_D2,0.58444,0.7188,2.4531,0.050,0.074
1370,87680,orientation_cued_D4,0.61249,0.6250,2.9150,0.061,0.004
1371,87744,orientation_cued_D0,0.00313,1.0000,1.2291,0.035,0.004
1372,87808,orientation_cued_D2,0.60109,0.6406,2.5243,0.032,0.083
1373,87872,orientation_cued_D0,0.00118,1.0000,0.2670,0.030,0.004
1374,87936,orientation_cued_D4,0.54905,0.7188,2.3737,0.053,0.020
1375,88000,orientation_cued_D0,0.00718,1.0000,1.5921,0.038,0.094
1376,88064,orientation_cued_D2,0.60785,0.7031,3.5247,0.043,0.012
1377,88128,orientation_cued_D4,0.53247,0.7656,2.8611,0.042,0.024
1378,88192,orientation_cued_D0,0.00162,1.0000,0.3439,0.034,0.060
1379,88256,orientation_cued_D2,0.55119,0.6562,2.3930,0.039,0.041
1380,88320,orientation_cued_D4,0.58181,0.6562,3.3347,0.062,0.039
1381,88384,orientation_cued_D0,0.01028,1.0000,2.5262,0.041,0.004
1382,88448,orientation_cued_D2,0.56422,0.6719,2.3559,0.053,0.087
1383,88512,orientation_cued_D0,0.02592,0.9844,7.6929,0.033,0.003
1384,88576,orientation_cued_D4,0.57077,0.7500,3.1187,0.055,0.002
1385,88640,orientation_cued_D2,0.62062,0.7031,3.2562,0.052,0.060
1386,88704,orientation_cued_D0,0.00555,1.0000,1.9632,0.040,0.003
1387,88768,orientation_cued_D4,0.65181,0.6094,4.0164,0.064,0.002
1388,88832,orientation_cued_D2,0.51815,0.7812,2.4675,0.045,0.023
1389,88896,orientation_cued_D0,0.00705,1.0000,2.9965,0.020,0.003
1390,88960,orientation_cued_D4,0.62839,0.6250,2.2087,0.041,0.021
1391,89024,orientation_cued_D0,0.00126,1.0000,0.1817,0.039,0.063
1392,89088,orientation_cued_D2,0.53544,0.6719,4.1118,0.049,0.002
1393,89152,orientation_cued_D4,0.63429,0.6562,2.8555,0.070,0.071
1394,89216,orientation_cued_D0,0.00134,1.0000,0.1515,0.038,0.006
1395,89280,orientation_cued_D2,0.58846,0.6562,4.6094,0.054,0.003
1396,89344,orientation_cued_D0,0.00176,1.0000,0.3370,0.042,0.077
1397,89408,orientation_cued_D4,0.53365,0.7344,2.6283,0.063,0.002
1398,89472,orientation_cued_D2,0.62203,0.7031,3.3119,0.053,0.003
1399,89536,orientation_cued_D0,0.00412,1.0000,0.5675,0.038,0.032
1400,89600,orientation_cued_D4,0.67088,0.5938,3.1229,0.065,0.039
1401,89664,orientation_cued_D2,0.55368,0.6875,2.8900,0.052,0.008
1402,89728,orientation_cued_D0,0.00438,1.0000,0.8214,0.041,0.006
1403,89792,orientation_cued_D4,0.56410,0.7031,2.0715,0.063,0.005
1404,89856,orientation_cued_D2,0.52506,0.7031,3.7428,0.041,0.010
1405,89920,orientation_cued_D0,0.00132,1.0000,0.2041,0.043,0.009
1406,89984,orientation_cued_D4,0.59421,0.6875,2.4696,0.064,0.007
1407,90048,orientation_cued_D2,0.54956,0.6875,3.3585,0.054,0.009
1408,90112,orientation_cued_D0,0.00641,1.0000,2.1108,0.041,0.007
1409,90176,orientation_cued_D2,0.62716,0.6250,4.1273,0.058,0.005
1410,90240,orientation_cued_D4,0.56975,0.6406,2.3793,0.053,0.008
1411,90304,orientation_cued_D0,0.05218,0.9844,6.9073,0.021,0.010
1412,90368,orientation_cued_D2,0.51365,0.7344,3.3552,0.054,0.006
1413,90432,orientation_cued_D0,0.00166,1.0000,0.2089,0.043,0.006
1414,90496,orientation_cued_D4,0.57802,0.6875,2.6258,0.065,0.005
1415,90560,orientation_cued_D2,0.50712,0.8125,2.9898,0.056,0.009
1416,90624,orientation_cued_D0,0.00192,1.0000,0.3819,0.042,0.007
1417,90688,orientation_cued_D4,0.59138,0.6719,3.9293,0.058,0.007
1418,90752,orientation_cued_D2,0.55404,0.5781,2.8186,0.051,0.012
1419,90816,orientation_cued_D0,0.00565,1.0000,1.6638,0.043,0.011
1420,90880,orientation_cued_D4,0.58135,0.7656,2.8055,0.066,0.006
1421,90944,orientation_cued_D2,0.52174,0.7344,2.9995,0.052,0.008
1422,91008,orientation_cued_D0,0.00238,1.0000,0.4364,0.045,0.009
1423,91072,orientation_cued_D4,0.54167,0.7812,2.2880,0.065,0.006
1424,91136,orientation_cued_D0,0.00585,1.0000,1.9133,0.021,0.009
1425,91200,orientation_cued_D2,0.59580,0.6562,2.5113,0.026,0.005
1426,91264,orientation_cued_D4,0.51812,0.7656,3.0024,0.049,0.008
1427,91328,orientation_cued_D2,0.53276,0.7656,2.3872,0.044,0.004
1428,91392,orientation_cued_D0,0.01554,0.9844,3.9672,0.031,0.003
1429,91456,orientation_cued_D2,0.53927,0.7344,2.2704,0.045,0.016
1430,91520,orientation_cued_D4,0.53643,0.7656,4.0757,0.049,0.003
1431,91584,orientation_cued_D0,0.00174,1.0000,0.4745,0.044,0.005
1432,91648,orientation_cued_D2,0.57330,0.7344,2.2936,0.042,0.119
1433,91712,orientation_cued_D0,0.01179,1.0000,3.3454,0.032,0.003
1434,91776,orientation_cued_D4,0.68917,0.5312,4.8413,0.056,0.002
1435,91840,orientation_cued_D2,0.48758,0.7500,2.5094,0.052,0.056
1436,91904,orientation_cued_D4,0.57053,0.7344,2.7263,0.064,0.003
1437,91968,orientation_cued_D0,0.00200,1.0000,0.3705,0.041,0.004
1438,92032,orientation_cued_D2,0.45274,0.8281,3.7772,0.035,0.037
1439,92096,orientation_cued_D0,0.00162,1.0000,0.4299,0.030,0.018
1440,92160,orientation_cued_D4,0.56749,0.6875,1.7315,0.054,0.005
1441,92224,orientation_cued_D2,0.47398,0.7812,2.7383,0.055,0.117
1442,92288,orientation_cued_D0,0.00238,1.0000,0.5305,0.030,0.004
1443,92352,orientation_cued_D4,0.57656,0.5938,3.2674,0.058,0.003
1444,92416,orientation_cued_D2,0.54117,0.7500,2.3735,0.027,0.076
1445,92480,orientation_cued_D0,0.00173,1.0000,0.6447,0.032,0.035
1446,92544,orientation_cued_D4,0.53622,0.7656,2.4046,0.056,0.020
1447,92608,orientation_cued_D2,0.58445,0.6875,5.5968,0.062,0.128
1448,92672,orientation_cued_D0,0.00326,1.0000,0.4300,0.045,0.004
1449,92736,orientation_cued_D4,0.57016,0.7031,3.3451,0.055,0.003
1450,92800,orientation_cued_D2,0.52266,0.7344,3.0935,0.045,0.008
1451,92864,orientation_cued_D0,0.00156,1.0000,0.3489,0.040,0.018
1452,92928,orientation_cued_D4,0.55495,0.7031,4.1835,0.062,0.038
1453,92992,orientation_cued_D0,0.02368,0.9844,9.5192,0.041,0.055
1454,93056,orientation_cued_D2,0.55247,0.7188,4.3225,0.059,0.005
1455,93120,orientation_cued_D4,0.52909,0.7344,3.6103,0.050,0.032
1456,93184,orientation_cued_D0,0.00329,1.0000,0.4619,0.041,0.017
1457,93248,orientation_cued_D2,0.46712,0.7812,3.1191,0.049,0.003
1458,93312,orientation_cued_D4,0.58290,0.7500,4.4740,0.065,0.088
1459,93376,orientation_cued_D0,0.00054,1.0000,0.0761,0.058,0.007
1460,93440,orientation_cued_D2,0.55129,0.7500,4.7765,0.051,0.009
1461,93504,orientation_cued_D0,0.00467,1.0000,1.4020,0.040,0.074
1462,93568,orientation_cued_D4,0.52378,0.7344,1.9564,0.067,0.010
1463,93632,orientation_cued_D2,0.52382,0.7969,2.5985,0.053,0.005
1464,93696,orientation_cued_D0,0.02149,0.9844,3.3868,0.040,0.035
1465,93760,orientation_cued_D4,0.63263,0.7188,3.5009,0.066,0.099
1466,93824,orientation_cued_D2,0.53881,0.6719,3.4526,0.065,0.007
1467,93888,orientation_cued_D0,0.00874,1.0000,2.7079,0.039,0.004
1468,93952,orientation_cued_D0,0.01719,1.0000,2.6555,0.046,0.150
1469,94016,orientation_cued_D2,0.50905,0.6875,4.7114,0.053,0.003
1470,94080,orientation_cued_D4,0.52272,0.7031,2.5225,0.062,0.003
1471,94144,orientation_cued_D0,0.00185,1.0000,0.1881,0.030,0.013
1472,94208,orientation_cued_D2,0.62203,0.7031,2.7021,0.052,0.038
1473,94272,orientation_cued_D4,0.60670,0.6562,3.0489,0.066,0.008
1474,94336,orientation_cued_D0,0.00172,1.0000,0.5014,0.042,0.004
1475,94400,orientation_cued_D2,0.57735,0.7188,2.5525,0.055,0.029
1476,94464,orientation_cued_D4,0.54032,0.7344,2.5907,0.032,0.043
1477,94528,orientation_cued_D0,0.02025,1.0000,5.9989,0.041,0.005
1478,94592,orientation_cued_D2,0.50445,0.7500,2.6676,0.055,0.051
1479,94656,orientation_cued_D0,0.01746,0.9844,4.5113,0.046,0.016
1480,94720,orientation_cued_D4,0.50767,0.7812,3.1633,0.074,0.015
1481,94784,orientation_cued_D2,0.56779,0.6875,3.0001,0.056,0.054
1482,94848,orientation_cued_D0,0.02549,1.0000,4.5093,0.046,0.005
1483,94912,orientation_cued_D4,0.59089,0.6562,3.2883,0.066,0.021
1484,94976,orientation_cued_D0,0.00832,1.0000,1.5870,0.043,0.023
1485,95040,orientation_cued_D2,0.57082,0.6719,2.4821,0.051,0.002
1486,95104,orientation_cued_D4,0.53266,0.7500,2.7067,0.064,0.050
1487,95168,orientation_cued_D0,0.00076,1.0000,0.0941,0.043,0.004
1488,95232,orientation_cued_D2,0.53795,0.6875,3.0751,0.056,0.002
1489,95296,orientation_cued_D4,0.57299,0.6562,2.3252,0.071,0.070
1490,95360,orientation_cued_D0,0.00252,1.0000,0.5922,0.039,0.008
1491,95424,orientation_cued_D2,0.52452,0.7656,3.0943,0.053,0.003
1492,95488,orientation_cued_D0,0.00379,1.0000,1.4403,0.043,0.057
1493,95552,orientation_cued_D2,0.54120,0.6562,4.3298,0.053,0.006
1494,95616,orientation_cued_D4,0.50982,0.7812,2.1140,0.065,0.003
1495,95680,orientation_cued_D0,0.00189,1.0000,0.4169,0.025,0.011
1496,95744,orientation_cued_D2,0.56134,0.6875,3.2044,0.044,0.054
1497,95808,orientation_cued_D4,0.61203,0.7031,2.9339,0.054,0.018
1498,95872,orientation_cued_D0,0.00300,1.0000,0.7173,0.036,0.005
1499,95936,orientation_cued_D2,0.49045,0.8125,3.5716,0.043,0.047
1500,96000,orientation_cued_D4,0.54704,0.7188,2.1718,0.070,0.072
1501,96064,orientation_cued_D0,0.00757,1.0000,1.6010,0.046,0.007
1502,96128,orientation_cued_D2,0.45851,0.8125,3.0681,0.032,0.004
1503,96192,orientation_cued_D0,0.00259,1.0000,0.5687,0.035,0.076
1504,96256,orientation_cued_D4,0.54189,0.7188,2.3642,0.062,0.003
1505,96320,orientation_cued_D0,0.00229,1.0000,0.7913,0.040,0.101
1506,96384,orientation_cued_D2,0.55753,0.6875,2.7404,0.057,0.004
1507,96448,orientation_cued_D4,0.57226,0.6719,2.4881,0.054,0.018
1508,96512,orientation_cued_D0,0.00640,1.0000,1.6163,0.045,0.050
1509,96576,orientation_cued_D2,0.54714,0.7344,4.0833,0.057,0.004
1510,96640,orientation_cued_D4,0.52842,0.7969,3.8369,0.054,0.012
1511,96704,orientation_cued_D0,0.00489,1.0000,1.1644,0.039,0.055
1512,96768,orientation_cued_D2,0.47933,0.7969,2.5715,0.052,0.003
1513,96832,orientation_cued_D4,0.57793,0.7031,2.7747,0.072,0.084
1514,96896,orientation_cued_D0,0.01258,1.0000,3.2439,0.042,0.005
1515,96960,orientation_cued_D2,0.45063,0.7969,2.9026,0.048,0.003
1516,97024,orientation_cued_D4,0.57479,0.7344,2.8029,0.057,0.061
1517,97088,orientation_cued_D0,0.00660,1.0000,1.3009,0.033,0.007
1518,97152,orientation_cued_D2,0.49307,0.7812,2.1472,0.042,0.011
1519,97216,orientation_cued_D0,0.02334,0.9844,6.4961,0.044,0.128
1520,97280,orientation_cued_D4,0.57889,0.6562,3.2877,0.059,0.012
1521,97344,orientation_cued_D2,0.53692,0.7656,3.1580,0.054,0.004
1522,97408,orientation_cued_D0,0.00071,1.0000,0.0564,0.028,0.020
1523,97472,orientation_cued_D4,0.62704,0.6875,3.5988,0.060,0.053
1524,97536,orientation_cued_D2,0.42142,0.8125,3.4052,0.045,0.036
1525,97600,orientation_cued_D0,0.00199,1.0000,0.1499,0.037,0.026
1526,97664,orientation_cued_D4,0.45900,0.8125,2.8379,0.057,0.083
1527,97728,orientation_cued_D2,0.52033,0.7188,4.1116,0.069,0.010
1528,97792,orientation_cued_D0,0.00575,1.0000,1.5962,0.044,0.107
1529,97856,orientation_cued_D4,0.56556,0.6719,2.6803,0.063,0.002
1530,97920,orientation_cued_D2,0.54971,0.7656,2.8964,0.044,0.003
1531,97984,orientation_cued_D0,0.00102,1.0000,0.1092,0.040,0.020
1532,98048,orientation_cued_D2,0.49880,0.7031,2.8006,0.052,0.021
1533,98112,orientation_cued_D4,0.50614,0.7188,2.8415,0.065,0.003
1534,98176,orientation_cued_D0,0.00163,1.0000,0.2990,0.042,0.003
1535,98240,orientation_cued_D2,0.47964,0.7656,3.5056,0.054,0.027
1536,98304,orientation_cued_D4,0.58767,0.6562,3.7562,0.070,0.050
1537,98368,orientation_cued_D0,0.03976,0.9844,10.0949,0.046,0.005
1538,98432,orientation_cued_D2,0.48397,0.7344,2.4607,0.058,0.004
1539,98496,orientation_cued_D0,0.01825,1.0000,4.7766,0.044,0.028
1540,98560,orientation_cued_D4,0.54395,0.7188,2.4812,0.062,0.003
1541,98624,orientation_cued_D2,0.50083,0.7188,4.5750,0.047,0.006
1542,98688,orientation_cued_D0,0.03147,0.9844,8.3413,0.039,0.072
1543,98752,orientation_cued_D4,0.59296,0.6406,3.5064,0.063,0.026
1544,98816,orientation_cued_D2,0.54276,0.6719,3.7873,0.055,0.004
1545,98880,orientation_cued_D0,0.11884,0.9844,8.1258,0.032,0.019
1546,98944,orientation_cued_D4,0.43283,0.8281,2.6980,0.053,0.024
1547,99008,orientation_cued_D2,0.48839,0.8281,2.6878,0.055,0.004
1548,99072,orientation_cued_D0,0.00533,1.0000,1.2181,0.043,0.021
1549,99136,orientation_cued_D2,0.56245,0.6406,3.6328,0.055,0.051
1550,99200,orientation_cued_D4,0.44671,0.8906,4.1145,0.057,0.005
1551,99264,orientation_cued_D0,0.01023,1.0000,2.3951,0.042,0.006
1552,99328,orientation_cued_D2,0.55508,0.7188,2.8071,0.051,0.088
1553,99392,orientation_cued_D4,0.50459,0.7812,2.5036,0.065,0.003
1554,99456,orientation_cued_D0,0.00215,1.0000,0.3005,0.042,0.003
1555,99520,orientation_cued_D2,0.61625,0.7188,5.7627,0.042,0.054
1556,99584,orientation_cued_D0,0.00066,1.0000,0.0810,0.042,0.003
1557,99648,orientation_cued_D4,0.57651,0.6250,3.1758,0.065,0.003
1558,99712,orientation_cued_D0,0.00099,1.0000,0.1145,0.032,0.046
1559,99776,orientation_cued_D2,0.48598,0.7656,3.2741,0.053,0.004
1560,99840,orientation_cued_D4,0.53823,0.6875,3.5679,0.068,0.013
1561,99904,orientation_cued_D0,0.00395,1.0000,0.3671,0.032,0.043
1562,99968,orientation_cued_D2,0.50063,0.7656,2.5135,0.062,0.025
1563,100032,orientation_cued_D4,0.54600,0.7500,3.3720,0.066,0.050
