step,episodes,frames_total,loss,accuracy,gradient_norm,clipped,seconds,task_losses,task_accuracies,cells,diagnostics
1,40,816,0.9216363310813904,0.325,3.122745990753174,1,3.236499071121216,"{""orientation_cued"": 0.868389904499054, ""motion_duration_cued"": 1.4743015766143799, ""krauzlis_cued_motion"": 0.8140572309494019, ""spatial_binding"": 0.7165826559066772, ""image_recognition"": 0.734850287437439}","{""orientation_cued"": 0.375, ""motion_duration_cued"": 0.0, ""krauzlis_cued_motion"": 0.25, ""spatial_binding"": 0.5, ""image_recognition"": 0.5}","{""orientation_cued"": ""orientation_cued_D24"", ""motion_duration_cued"": ""motion_duration_cued_D0"", ""krauzlis_cued_motion"": ""krauzlis_B28"", ""spatial_binding"": ""spatial_binding_D0"", ""image_recognition"": ""image_recognition_N4_H5""}","{""orientation_cued"": {""priority_entropy"": 5.1298980712890625, ""priority_peak"": 0.005917159840464592, ""priority_gradient_norm"": 1.1902761459350586, ""attention_gradient_norm"": 0.08935327082872391}, ""motion_duration_cued"": {""priority_entropy"": 5.1298980712890625, ""priority_peak"": 0.005917159840464592, ""priority_gradient_norm"": 1.6435749530792236, ""attention_gradient_norm"": 0.12051719427108765}, ""krauzlis_cued_motion"": {""priority_entropy"": 5.1298980712890625, ""priority_peak"": 0.005917159840464592, ""priority_gradient_norm"": 1.8618160486221313, ""attention_gradient_norm"": 0.17735004425048828}, ""spatial_binding"": {""priority_entropy"": 5.1298980712890625, ""priority_peak"": 0.005917159840464592, ""priority_gradient_norm"": 1.9859927892684937, ""attention_gradient_norm"": 0.19431465864181519}, ""image_recognition"": {""priority_entropy"": 5.1298980712890625, ""priority_peak"": 0.005917159840464592, ""priority_gradient_norm"": 2.04801607131958, ""attention_gradient_norm"": 0.199716255068779}}"
2,80,1688,0.8310082793235779,0.425,1.6167137622833252,1,2.188314199447632,"{""orientation_cued"": 0.6672089099884033, ""motion_duration_cued"": 1.399460792541504, ""krauzlis_cued_motion"": 0.7096893191337585, ""spatial_binding"": 0.6900348663330078, ""image_recognition"": 0.6886475086212158}","{""orientation_cued"": 0.625, ""motion_duration_cued"": 0.125, ""krauzlis_cued_motion"": 0.375, ""spatial_binding"": 0.5, ""image_recognition"": 0.5}","{""orientation_cued"": ""orientation_cued_D12"", ""motion_duration_cued"": ""motion_duration_cued_D4"", ""krauzlis_cued_motion"": ""krauzlis_B12"", ""spatial_binding"": ""spatial_binding_D12"", ""image_recognition"": ""image_recognition_N24_H4""}","{""orientation_cued"": {}, ""motion_duration_cued"": {}, ""krauzlis_cued_motion"": {}, ""spatial_binding"": {}, ""image_recognition"": {}}"
3,120,2520,0.8388572931289673,0.45,1.2814874649047852,1,2.063791036605835,"{""orientation_cued"": 0.6956073641777039, ""motion_duration_cued"": 1.3514275550842285, ""krauzlis_cued_motion"": 0.7235113382339478, ""spatial_binding"": 0.6919142603874207, ""image_recognition"": 0.7318259477615356}","{""orientation_cued"": 0.5, ""motion_duration_cued"": 0.375, ""krauzlis_cued_motion"": 0.375, ""spatial_binding"": 0.5, ""image_recognition"": 0.5}","{""orientation_cued"": ""orientation_cued_D0"", ""motion_duration_cued"": ""motion_duration_cued_D12"", ""krauzlis_cued_motion"": ""krauzlis_B20"", ""spatial_binding"": ""spatial_binding_D24"", ""image_recognition"": ""image_recognition_N4_H3""}","{""orientation_cued"": {}, ""motion_duration_cued"": {}, ""krauzlis_cued_motion"": {}, ""spatial_binding"": {}, ""image_recognition"": {}}"
4,160,3392,0.8536274075508118,0.425,1.3268059492111206,1,2.14772891998291,"{""orientation_cued"": 0.6903431415557861, ""motion_duration_cued"": 1.4954975843429565, ""krauzlis_cued_motion"": 0.6925594806671143, ""spatial_binding"": 0.6919139623641968, ""image_recognition"": 0.6978228688240051}","{""orientation_cued"": 0.5, ""motion_duration_cued"": 0.125, ""krauzlis_cued_motion"": 0.5, ""spatial_binding"": 0.5, ""image_recognition"": 0.5}","{""orientation_cued"": ""orientation_cued_D4"", ""motion_duration_cued"": ""motion_duration_cued_D24"", ""krauzlis_cued_motion"": ""krauzlis_B28"", ""spatial_binding"": ""spatial_binding_D4"", ""image_recognition"": ""image_recognition_N4_H4""}","{""orientation_cued"": {}, ""motion_duration_cued"": {}, ""krauzlis_cued_motion"": {}, ""spatial_binding"": {}, ""image_recognition"": {}}"
5,200,4272,0.8311463713645935,0.5,1.2376435995101929,1,2.1228713989257812,"{""orientation_cued"": 0.681655764579773, ""motion_duration_cued"": 1.3573904037475586, ""krauzlis_cued_motion"": 0.7185681462287903, ""spatial_binding"": 0.6889955401420593, ""image_recognition"": 0.7091220021247864}","{""orientation_cued"": 0.625, ""motion_duration_cued"": 0.375, ""krauzlis_cued_motion"": 0.375, ""spatial_binding"": 0.625, ""image_recognition"": 0.5}","{""orientation_cued"": ""orientation_cued_D4"", ""motion_duration_cued"": ""motion_duration_cued_D0"", ""krauzlis_cued_motion"": ""krauzlis_B12"", ""spatial_binding"": ""spatial_binding_D24"", ""image_recognition"": ""image_recognition_N24_H5""}","{""orientation_cued"": {}, ""motion_duration_cued"": {}, ""krauzlis_cued_motion"": {}, ""spatial_binding"": {}, ""image_recognition"": {}}"
6,240,5176,0.842510211467743,0.475,1.385444164276123,1,2.119514226913452,"{""orientation_cued"": 0.7366026639938354, ""motion_duration_cued"": 1.452152967453003, ""krauzlis_cued_motion"": 0.6735786199569702, ""spatial_binding"": 0.6959769129753113, ""image_recognition"": 0.6542398929595947}","{""orientation_cued"": 0.375, ""motion_duration_cued"": 0.125, ""krauzlis_cued_motion"": 0.625, ""spatial_binding"": 0.375, ""image_recognition"": 0.875}","{""orientation_cued"": ""orientation_cued_D12"", ""motion_duration_cued"": ""motion_duration_cued_D12"", ""krauzlis_cued_motion"": ""krauzlis_B20"", ""spatial_binding"": ""spatial_binding_D12"", ""image_recognition"": ""image_recognition_N12_H4""}","{""orientation_cued"": {}, ""motion_duration_cued"": {}, ""krauzlis_cued_motion"": {}, ""spatial_binding"": {}, ""image_recognition"": {}}"
7,280,5736,0.8633879780769348,0.35,2.804654598236084,1,1.3332839012145996,"{""orientation_cued"": 0.7334372997283936, ""motion_duration_cued"": 1.4535045623779297, ""krauzlis_cued_motion"": 0.7010043263435364, ""spatial_binding"": 0.6919733881950378, ""image_recognition"": 0.7370203137397766}","{""orientation_cued"": 0.375, ""motion_duration_cued"": 0.125, ""krauzlis_cued_motion"": 0.5, ""spatial_binding"": 0.375, ""image_recognition"": 0.375}","{""orientation_cued"": ""orientation_cued_D0"", ""motion_duration_cued"": ""motion_duration_cued_D4"", ""krauzlis_cued_motion"": ""krauzlis_B20"", ""spatial_binding"": ""spatial_binding_D0"", ""image_recognition"": ""image_recognition_N0_H5""}","{""orientation_cued"": {}, ""motion_duration_cued"": {}, ""krauzlis_cued_motion"": {}, ""spatial_binding"": {}, ""image_recognition"": {}}"
8,320,6840,0.8287017583847046,0.5,0.941817581653595,0,2.610062837600708,"{""orientation_cued"": 0.6838420033454895, ""motion_duration_cued"": 1.3485143184661865, ""krauzlis_cued_motion"": 0.6700632572174072, ""spatial_binding"": 0.6948110461235046, ""image_recognition"": 0.7462781667709351}","{""orientation_cued"": 0.625, ""motion_duration_cued"": 0.375, ""krauzlis_cued_motion"": 0.625, ""spatial_binding"": 0.5, ""image_recognition"": 0.375}","{""orientation_cued"": ""orientation_cued_D24"", ""motion_duration_cued"": ""motion_duration_cued_D24"", ""krauzlis_cued_motion"": ""krauzlis_B28"", ""spatial_binding"": ""spatial_binding_D4"", ""image_recognition"": ""image_recognition_N12_H5""}","{""orientation_cued"": {}, ""motion_duration_cued"": {}, ""krauzlis_cued_motion"": {}, ""spatial_binding"": {}, ""image_recognition"": {}}"
9,360,7576,0.861934244632721,0.475,1.8083207607269287,1,1.7283167839050293,"{""orientation_cued"": 0.7006984353065491, ""motion_duration_cued"": 1.3806285858154297, ""krauzlis_cued_motion"": 0.8099805116653442, ""spatial_binding"": 0.6919499635696411, ""image_recognition"": 0.7264137268066406}","{""orientation_cued"": 0.5, ""motion_duration_cued"": 0.375, ""krauzlis_cued_motion"": 0.125, ""spatial_binding"": 0.875, ""image_recognition"": 0.5}","{""orientation_cued"": ""orientation_cued_D0"", ""motion_duration_cued"": ""motion_duration_cued_D0"", ""krauzlis_cued_motion"": ""krauzlis_B12"", ""spatial_binding"": ""spatial_binding_D12"", ""image_recognition"": ""image_recognition_N24_H3""}","{""orientation_cued"": {}, ""motion_duration_cued"": {}, ""krauzlis_cued_motion"": {}, ""spatial_binding"": {}, ""image_recognition"": {}}"
10,400,8312,0.8294846773147583,0.425,0.9478049278259277,0,1.7415599822998047,"{""orientation_cued"": 0.693061351776123, ""motion_duration_cued"": 1.3927721977233887, ""krauzlis_cued_motion"": 0.7225888967514038, ""spatial_binding"": 0.6966075897216797, ""image_recognition"": 0.6423933506011963}","{""orientation_cued"": 0.5, ""motion_duration_cued"": 0.125, ""krauzlis_cued_motion"": 0.375, ""spatial_binding"": 0.5, ""image_recognition"": 0.625}","{""orientation_cued"": ""orientation_cued_D12"", ""motion_duration_cued"": ""motion_duration_cued_D12"", ""krauzlis_cued_motion"": ""krauzlis_B12"", ""spatial_binding"": ""spatial_binding_D0"", ""image_recognition"": ""image_recognition_N12_H3""}","{""orientation_cued"": {}, ""motion_duration_cued"": {}, ""krauzlis_cued_motion"": {}, ""spatial_binding"": {}, ""image_recognition"": {}}"
11,440,9312,0.8425216317176819,0.45,2.413925886154175,1,2.380166530609131,"{""orientation_cued"": 0.6910672187805176, ""motion_duration_cued"": 1.4333925247192383, ""krauzlis_cued_motion"": 0.7114732265472412, ""spatial_binding"": 0.6972649097442627, ""image_recognition"": 0.6794102787971497}","{""orientation_cued"": 0.625, ""motion_duration_cued"": 0.125, ""krauzlis_cued_motion"": 0.25, ""spatial_binding"": 0.5, ""image_recognition"": 0.75}","{""orientation_cued"": ""orientation_cued_D4"", ""motion_duration_cued"": ""motion_duration_cued_D24"", ""krauzlis_cued_motion"": ""krauzlis_B28"", ""spatial_binding"": ""spatial_binding_D24"", ""image_recognition"": ""image_recognition_N0_H4""}","{""orientation_cued"": {}, ""motion_duration_cued"": {}, ""krauzlis_cued_motion"": {}, ""spatial_binding"": {}, ""image_recognition"": {}}"
12,480,10080,0.7957653284072876,0.5,2.136439323425293,1,1.8449816703796387,"{""orientation_cued"": 0.7035712599754333, ""motion_duration_cued"": 1.3460192680358887, ""krauzlis_cued_motion"": 0.6842660307884216, ""spatial_binding"": 0.6922181248664856, ""image_recognition"": 0.5527519583702087}","{""orientation_cued"": 0.0, ""motion_duration_cued"": 0.375, ""krauzlis_cued_motion"": 0.625, ""spatial_binding"": 0.5, ""image_recognition"": 1.0}","{""orientation_cued"": ""orientation_cued_D24"", ""motion_duration_cued"": ""motion_duration_cued_D4"", ""krauzlis_cued_motion"": ""krauzlis_B20"", ""spatial_binding"": ""spatial_binding_D4"", ""image_recognition"": ""image_recognition_N0_H3""}","{""orientation_cued"": {}, ""motion_duration_cued"": {}, ""krauzlis_cued_motion"": {}, ""spatial_binding"": {}, ""image_recognition"": {}}"
13,520,11248,0.8308731913566589,0.575,1.8303710222244263,1,2.8136966228485107,"{""orientation_cued"": 0.6787631511688232, ""motion_duration_cued"": 1.3601782321929932, ""krauzlis_cued_motion"": 0.6707201600074768, ""spatial_binding"": 0.6963966488838196, ""image_recognition"": 0.7483077645301819}","{""orientation_cued"": 0.875, ""motion_duration_cued"": 0.375, ""krauzlis_cued_motion"": 0.625, ""spatial_binding"": 0.5, ""image_recognition"": 0.5}","{""orientation_cued"": ""orientation_cued_D12"", ""motion_duration_cued"": ""motion_duration_cued_D24"", ""krauzlis_cued_motion"": ""krauzlis_B28"", ""spatial_binding"": ""spatial_binding_D12"", ""image_recognition"": ""image_recognition_N24_H5""}","{""orientation_cued"": {}, ""motion_duration_cued"": {}, ""krauzlis_cued_motion"": {}, ""spatial_binding"": {}, ""image_recognition"": {}}"
14,560,11744,0.8643912196159362,0.4,2.1199679374694824,1,1.200047492980957,"{""orientation_cued"": 0.7459719181060791, ""motion_duration_cued"": 1.4194782972335815, ""krauzlis_cued_motion"": 0.6635696887969971, ""spatial_binding"": 0.7012457251548767, ""image_recognition"": 0.791690468788147}","{""orientation_cued"": 0.125, ""motion_duration_cued"": 0.25, ""krauzlis_cued_motion"": 0.625, ""spatial_binding"": 0.5, ""image_recognition"": 0.5}","{""orientation_cued"": ""orientation_cued_D0"", ""motion_duration_cued"": ""motion_duration_cued_D0"", ""krauzlis_cued_motion"": ""krauzlis_B12"", ""spatial_binding"": ""spatial_binding_D0"", ""image_recognition"": ""image_recognition_N4_H5""}","{""orientation_cued"": {}, ""motion_duration_cued"": {}, ""krauzlis_cued_motion"": {}, ""spatial_binding"": {}, ""image_recognition"": {}}"
15,600,12512,0.8901431083679199,0.35,2.2582106590270996,1,1.8699777126312256,"{""orientation_cued"": 0.7186866998672485, ""motion_duration_cued"": 1.4038714170455933, ""krauzlis_cued_motion"": 0.9029619693756104, ""spatial_binding"": 0.7008557319641113, ""image_recognition"": 0.7243397235870361}","{""orientation_cued"": 0.375, ""motion_duration_cued"": 0.25, ""krauzlis_cued_motion"": 0.125, ""spatial_binding"": 0.5, ""image_recognition"": 0.5}","{""orientation_cued"": ""orientation_cued_D4"", ""motion_duration_cued"": ""motion_duration_cued_D12"", ""krauzlis_cued_motion"": ""krauzlis_B20"", ""spatial_binding"": ""spatial_binding_D4"", ""image_recognition"": ""image_recognition_N12_H3""}","{""orientation_cued"": {}, ""motion_duration_cued"": {}, ""krauzlis_cued_motion"": {}, ""spatial_binding"": {}, ""image_recognition"": {}}"
16,640,13504,0.775640070438385,0.6,1.5877994298934937,1,2.4083757400512695,"{""orientation_cued"": 0.6740980744361877, ""motion_duration_cued"": 1.3708609342575073, ""krauzlis_cued_motion"": 0.7247618436813354, ""spatial_binding"": 0.6935350894927979, ""image_recognition"": 0.4149444103240967}","{""orientation_cued"": 0.625, ""motion_duration_cued"": 0.375, ""krauzlis_cued_motion"": 0.5, ""spatial_binding"": 0.5, ""image_recognition"": 1.0}","{""orientation_cued"": ""orientation_cued_D24"", ""motion_duration_cued"": ""motion_duration_cued_D4"", ""krauzlis_cued_motion"": ""krauzlis_B28"", ""spatial_binding"": ""spatial_binding_D24"", ""image_recognition"": ""image_recognition_N0_H3""}","{""orientation_cued"": {}, ""motion_duration_cued"": {}, ""krauzlis_cued_motion"": {}, ""spatial_binding"": {}, ""image_recognition"": {}}"
17,680,14352,0.8579392433166504,0.45,1.4347646236419678,1,2.036874532699585,"{""orientation_cued"": 0.7262932062149048, ""motion_duration_cued"": 1.398977518081665, ""krauzlis_cued_motion"": 0.6611616611480713, ""spatial_binding"": 0.6922262907028198, ""image_recognition"": 0.811037540435791}","{""orientation_cued"": 0.375, ""motion_duration_cued"": 0.25, ""krauzlis_cued_motion"": 0.625, ""spatial_binding"": 0.5, ""image_recognition"": 0.5}","{""orientation_cued"": ""orientation_cued_D24"", ""motion_duration_cued"": ""motion_duration_cued_D12"", ""krauzlis_cued_motion"": ""krauzlis_B12"", ""spatial_binding"": ""spatial_binding_D0"", ""image_recognition"": ""image_recognition_N12_H5""}","{""orientation_cued"": {}, ""motion_duration_cued"": {}, ""krauzlis_cued_motion"": {}, ""spatial_binding"": {}, ""image_recognition"": {}}"
18,720,15192,0.8823103427886962,0.425,1.58544921875,1,2.0358951091766357,"{""orientation_cued"": 0.6834240555763245, ""motion_duration_cued"": 1.3701252937316895, ""krauzlis_cued_motion"": 0.9204511046409607, ""spatial_binding"": 0.698485255241394, ""image_recognition"": 0.7390660047531128}","{""orientation_cued"": 0.625, ""motion_duration_cued"": 0.375, ""krauzlis_cued_motion"": 0.125, ""spatial_binding"": 0.5, ""image_recognition"": 0.5}","{""orientation_cued"": ""orientation_cued_D0"", ""motion_duration_cued"": ""motion_duration_cued_D4"", ""krauzlis_cued_motion"": ""krauzlis_B20"", ""spatial_binding"": ""spatial_binding_D24"", ""image_recognition"": ""image_recognition_N12_H4""}","{""orientation_cued"": {}, ""motion_duration_cued"": {}, ""krauzlis_cued_motion"": {}, ""spatial_binding"": {}, ""image_recognition"": {}}"
19,760,16280,0.8654131054878235,0.4,1.2622137069702148,1,2.6389989852905273,"{""orientation_cued"": 0.7051820755004883, ""motion_duration_cued"": 1.3662266731262207, ""krauzlis_cued_motion"": 0.7181442975997925, ""spatial_binding"": 0.6973081231117249, ""image_recognition"": 0.8402043581008911}","{""orientation_cued"": 0.375, ""motion_duration_cued"": 0.375, ""krauzlis_cued_motion"": 0.5, ""spatial_binding"": 0.25, ""image_recognition"": 0.5}","{""orientation_cued"": ""orientation_cued_D12"", ""motion_duration_cued"": ""motion_duration_cued_D24"", ""krauzlis_cued_motion"": ""krauzlis_B28"", ""spatial_binding"": ""spatial_binding_D4"", ""image_recognition"": ""image_recognition_N24_H3""}","{""orientation_cued"": {}, ""motion_duration_cued"": {}, ""krauzlis_cued_motion"": {}, ""spatial_binding"": {}, ""image_recognition"": {}}"
20,800,16872,0.7729667842388153,0.525,1.649156928062439,1,1.4275093078613281,"{""orientation_cued"": 0.6970492601394653, ""motion_duration_cued"": 1.423600435256958, ""krauzlis_cued_motion"": 0.6167059540748596, ""spatial_binding"": 0.6968423128128052, ""image_recognition"": 0.4306359589099884}","{""orientation_cued"": 0.25, ""motion_duration_cued"": 0.125, ""krauzlis_cued_motion"": 0.75, ""spatial_binding"": 0.5, ""image_recognition"": 1.0}","{""orientation_cued"": ""orientation_cued_D4"", ""motion_duration_cued"": ""motion_duration_cued_D0"", ""krauzlis_cued_motion"": ""krauzlis_B12"", ""spatial_binding"": ""spatial_binding_D12"", ""image_recognition"": ""image_recognition_N0_H5""}","{""orientation_cued"": {}, ""motion_duration_cued"": {}, ""krauzlis_cued_motion"": {}, ""spatial_binding"": {}, ""image_recognition"": {}}"
21,840,17640,0.8242152214050293,0.525,1.2238541841506958,1,1.8688197135925293,"{""orientation_cued"": 0.6861275434494019, ""motion_duration_cued"": 1.410449743270874, ""krauzlis_cued_motion"": 0.5829572081565857, ""spatial_binding"": 0.6998657584190369, ""image_recognition"": 0.741675853729248}","{""orientation_cued"": 0.625, ""motion_duration_cued"": 0.125, ""krauzlis_cued_motion"": 0.875, ""spatial_binding"": 0.5, ""image_recognition"": 0.5}","{""orientation_cued"": ""orientation_cued_D4"", ""motion_duration_cued"": ""motion_duration_cued_D24"", ""krauzlis_cued_motion"": ""krauzlis_B20"", ""spatial_binding"": ""spatial_binding_D0"", ""image_recognition"": ""image_recognition_N4_H3""}","{""orientation_cued"": {}, ""motion_duration_cued"": {}, ""krauzlis_cued_motion"": {}, ""spatial_binding"": {}, ""image_recognition"": {}}"
22,880,18512,0.8397730588912964,0.45,1.5936614274978638,1,2.11437726020813,"{""orientation_cued"": 0.7151344418525696, ""motion_duration_cued"": 1.4114123582839966, ""krauzlis_cued_motion"": 0.6249326467514038, ""spatial_binding"": 0.7014642357826233, ""image_recognition"": 0.7459216117858887}","{""orientation_cued"": 0.375, ""motion_duration_cued"": 0.125, ""krauzlis_cued_motion"": 0.75, ""spatial_binding"": 0.5, ""image_recognition"": 0.5}","{""orientation_cued"": ""orientation_cued_D0"", ""motion_duration_cued"": ""motion_duration_cued_D4"", ""krauzlis_cued_motion"": ""krauzlis_B12"", ""spatial_binding"": ""spatial_binding_D24"", ""image_recognition"": ""image_recognition_N24_H4""}","{""orientation_cued"": {}, ""motion_duration_cued"": {}, ""krauzlis_cued_motion"": {}, ""spatial_binding"": {}, ""image_recognition"": {}}"
23,920,19384,0.7565762579441071,0.65,1.5778043270111084,1,2.1006553173065186,"{""orientation_cued"": 0.682162344455719, ""motion_duration_cued"": 1.3979644775390625, ""krauzlis_cued_motion"": 0.5796884894371033, ""spatial_binding"": 0.6978684067726135, ""image_recognition"": 0.425197571516037}","{""orientation_cued"": 0.625, ""motion_duration_cued"": 0.25, ""krauzlis_cued_motion"": 0.875, ""spatial_binding"": 0.5, ""image_recognition"": 1.0}","{""orientation_cued"": ""orientation_cued_D24"", ""motion_duration_cued"": ""motion_duration_cued_D0"", ""krauzlis_cued_motion"": ""krauzlis_B28"", ""spatial_binding"": ""spatial_binding_D12"", ""image_recognition"": ""image_recognition_N0_H4""}","{""orientation_cued"": {}, ""motion_duration_cued"": {}, ""krauzlis_cued_motion"": {}, ""spatial_binding"": {}, ""image_recognition"": {}}"
24,960,20160,0.8677510023117065,0.375,1.316424012184143,1,1.8868520259857178,"{""orientation_cued"": 0.7077034115791321, ""motion_duration_cued"": 1.384446620941162, ""krauzlis_cued_motion"": 0.810038149356842, ""spatial_binding"": 0.6919130682945251, ""image_recognition"": 0.7446537613868713}","{""orientation_cued"": 0.375, ""motion_duration_cued"": 0.25, ""krauzlis_cued_motion"": 0.25, ""spatial_binding"": 0.5, ""image_recognition"": 0.5}","{""orientation_cued"": ""orientation_cued_D12"", ""motion_duration_cued"": ""motion_duration_cued_D12"", ""krauzlis_cued_motion"": ""krauzlis_B20"", ""spatial_binding"": ""spatial_binding_D4"", ""image_recognition"": ""image_recognition_N4_H4""}","{""orientation_cued"": {}, ""motion_duration_cued"": {}, ""krauzlis_cued_motion"": {}, ""spatial_binding"": {}, ""image_recognition"": {}}"
25,1000,21088,0.823651123046875,0.475,1.4524084329605103,1,2.227043867111206,"{""orientation_cued"": 0.7216293811798096, ""motion_duration_cued"": 1.3875401020050049, ""krauzlis_cued_motion"": 0.5650179386138916, ""spatial_binding"": 0.6970377564430237, ""image_recognition"": 0.7470304369926453}","{""orientation_cued"": 0.25, ""motion_duration_cued"": 0.25, ""krauzlis_cued_motion"": 0.875, ""spatial_binding"": 0.5, ""image_recognition"": 0.5}","{""orientation_cued"": ""orientation_cued_D4"", ""motion_duration_cued"": ""motion_duration_cued_D12"", ""krauzlis_cued_motion"": ""krauzlis_B20"", ""spatial_binding"": ""spatial_binding_D12"", ""image_recognition"": ""image_recognition_N24_H3""}","{""orientation_cued"": {}, ""motion_duration_cued"": {}, ""krauzlis_cued_motion"": {}, ""spatial_binding"": {}, ""image_recognition"": {}}"
26,1040,21960,0.8344106674194336,0.525,1.1723521947860718,1,2.112905502319336,"{""orientation_cued"": 0.6927761435508728, ""motion_duration_cued"": 1.3957622051239014, ""krauzlis_cued_motion"": 0.6625615954399109, ""spatial_binding"": 0.6934918761253357, ""image_recognition"": 0.7274615168571472}","{""orientation_cued"": 0.625, ""motion_duration_cued"": 0.25, ""krauzlis_cued_motion"": 0.625, ""spatial_binding"": 0.625, ""image_recognition"": 0.5}","{""orientation_cued"": ""orientation_cued_D24"", ""motion_duration_cued"": ""motion_duration_cued_D24"", ""krauzlis_cued_motion"": ""krauzlis_B12"", ""spatial_binding"": ""spatial_binding_D0"", ""image_recognition"": ""image_recognition_N4_H4""}","{""orientation_cued"": {}, ""motion_duration_cued"": {}, ""krauzlis_cued_motion"": {}, ""spatial_binding"": {}, ""image_recognition"": {}}"
27,1080,22928,0.8357102394104003,0.525,1.2740892171859741,1,2.3463540077209473,"{""orientation_cued"": 0.6770707964897156, ""motion_duration_cued"": 1.3970973491668701, ""krauzlis_cued_motion"": 0.7170683741569519, ""spatial_binding"": 0.6929951906204224, ""image_recognition"": 0.694319486618042}","{""orientation_cued"": 0.75, ""motion_duration_cued"": 0.25, ""krauzlis_cued_motion"": 0.5, ""spatial_binding"": 0.625, ""image_recognition"": 0.5}","{""orientation_cued"": ""orientation_cued_D0"", ""motion_duration_cued"": ""motion_duration_cued_D0"", ""krauzlis_cued_motion"": ""krauzlis_B28"", ""spatial_binding"": ""spatial_binding_D24"", ""image_recognition"": ""image_recognition_N24_H4""}","{""orientation_cued"": {}, ""motion_duration_cued"": {}, ""krauzlis_cued_motion"": {}, ""spatial_binding"": {}, ""image_recognition"": {}}"
28,1120,23664,0.7799500167369843,0.5,1.6289398670196533,1,1.769096851348877,"{""orientation_cued"": 0.7046613097190857, ""motion_duration_cued"": 1.3792638778686523, ""krauzlis_cued_motion"": 0.6627343893051147, ""spatial_binding"": 0.695472776889801, ""image_recognition"": 0.45761772990226746}","{""orientation_cued"": 0.25, ""motion_duration_cued"": 0.25, ""krauzlis_cued_motion"": 0.625, ""spatial_binding"": 0.375, ""image_recognition"": 1.0}","{""orientation_cued"": ""orientation_cued_D12"", ""motion_duration_cued"": ""motion_duration_cued_D4"", ""krauzlis_cued_motion"": ""krauzlis_B28"", ""spatial_binding"": ""spatial_binding_D4"", ""image_recognition"": ""image_recognition_N0_H3""}","{""orientation_cued"": {}, ""motion_duration_cued"": {}, ""krauzlis_cued_motion"": {}, ""spatial_binding"": {}, ""image_recognition"": {}}"
29,1160,24312,0.8268018126487732,0.5,0.647747278213501,0,1.5796360969543457,"{""orientation_cued"": 0.6925256848335266, ""motion_duration_cued"": 1.3893307447433472, ""krauzlis_cued_motion"": 0.6042447686195374, ""spatial_binding"": 0.6929405331611633, ""image_recognition"": 0.7549673318862915}","{""orientation_cued"": 0.375, ""motion_duration_cued"": 0.25, ""krauzlis_cued_motion"": 0.75, ""spatial_binding"": 0.625, ""image_recognition"": 0.5}","{""orientation_cued"": ""orientation_cued_D4"", ""motion_duration_cued"": ""motion_duration_cued_D4"", ""krauzlis_cued_motion"": ""krauzlis_B12"", ""spatial_binding"": ""spatial_binding_D4"", ""image_recognition"": ""image_recognition_N12_H4""}","{""orientation_cued"": {}, ""motion_duration_cued"": {}, ""krauzlis_cued_motion"": {}, ""spatial_binding"": {}, ""image_recognition"": {}}"
30,1200,25128,0.8246476173400878,0.475,0.698231041431427,0,1.986504316329956,"{""orientation_cued"": 0.6950908303260803, ""motion_duration_cued"": 1.3914272785186768, ""krauzlis_cued_motion"": 0.6614977717399597, ""spatial_binding"": 0.696160078048706, ""image_recognition"": 0.6790621280670166}","{""orientation_cued"": 0.5, ""motion_duration_cued"": 0.25, ""krauzlis_cued_motion"": 0.625, ""spatial_binding"": 0.5, ""image_recognition"": 0.5}","{""orientation_cued"": ""orientation_cued_D12"", ""motion_duration_cued"": ""motion_duration_cued_D0"", ""krauzlis_cued_motion"": ""krauzlis_B20"", ""spatial_binding"": ""spatial_binding_D0"", ""image_recognition"": ""image_recognition_N24_H5""}","{""orientation_cued"": {}, ""motion_duration_cued"": {}, ""krauzlis_cued_motion"": {}, ""spatial_binding"": {}, ""image_recognition"": {}}"
31,1240,26056,0.8631202340126037,0.4,0.9827693104743958,0,2.2267746925354004,"{""orientation_cued"": 0.7015284895896912, ""motion_duration_cued"": 1.384513020515442, ""krauzlis_cued_motion"": 0.7863904237747192, ""spatial_binding"": 0.7004408836364746, ""image_recognition"": 0.7427283525466919}","{""orientation_cued"": 0.375, ""motion_duration_cued"": 0.375, ""krauzlis_cued_motion"": 0.375, ""spatial_binding"": 0.375, ""image_recognition"": 0.5}","{""orientation_cued"": ""orientation_cued_D24"", ""motion_duration_cued"": ""motion_duration_cued_D12"", ""krauzlis_cued_motion"": ""krauzlis_B12"", ""spatial_binding"": ""spatial_binding_D12"", ""image_recognition"": ""image_recognition_N12_H3""}","{""orientation_cued"": {}, ""motion_duration_cued"": {}, ""krauzlis_cued_motion"": {}, ""spatial_binding"": {}, ""image_recognition"": {}}"
32,1280,27032,0.827316689491272,0.5,1.5082138776779175,1,2.3566157817840576,"{""orientation_cued"": 0.6912556290626526, ""motion_duration_cued"": 1.3949016332626343, ""krauzlis_cued_motion"": 0.8435821533203125, ""spatial_binding"": 0.6930354833602905, ""image_recognition"": 0.51380854845047}","{""orientation_cued"": 0.625, ""motion_duration_cued"": 0.125, ""krauzlis_cued_motion"": 0.25, ""spatial_binding"": 0.5, ""image_recognition"": 1.0}","{""orientation_cued"": ""orientation_cued_D0"", ""motion_duration_cued"": ""motion_duration_cued_D24"", ""krauzlis_cued_motion"": ""krauzlis_B28"", ""spatial_binding"": ""spatial_binding_D24"", ""image_recognition"": ""image_recognition_N0_H5""}","{""orientation_cued"": {}, ""motion_duration_cued"": {}, ""krauzlis_cued_motion"": {}, ""spatial_binding"": {}, ""image_recognition"": {}}"
33,1320,27648,0.8117280602455139,0.575,1.2004872560501099,1,1.4834027290344238,"{""orientation_cued"": 0.6933900117874146, ""motion_duration_cued"": 1.3696320056915283, ""krauzlis_cued_motion"": 0.7736830711364746, ""spatial_binding"": 0.6892909407615662, ""image_recognition"": 0.5326442718505859}","{""orientation_cued"": 0.625, ""motion_duration_cued"": 0.375, ""krauzlis_cued_motion"": 0.375, ""spatial_binding"": 0.5, ""image_recognition"": 1.0}","{""orientation_cued"": ""orientation_cued_D0"", ""motion_duration_cued"": ""motion_duration_cued_D12"", ""krauzlis_cued_motion"": ""krauzlis_B20"", ""spatial_binding"": ""spatial_binding_D0"", ""image_recognition"": ""image_recognition_N0_H4""}","{""orientation_cued"": {}, ""motion_duration_cued"": {}, ""krauzlis_cued_motion"": {}, ""spatial_binding"": {}, ""image_recognition"": {}}"
34,1360,28320,0.8211205482482911,0.475,0.6758944392204285,0,1.629955530166626,"{""orientation_cued"": 0.694136917591095, ""motion_duration_cued"": 1.3932867050170898, ""krauzlis_cued_motion"": 0.6133098006248474, ""spatial_binding"": 0.6929212808609009, ""image_recognition"": 0.711948037147522}","{""orientation_cued"": 0.5, ""motion_duration_cued"": 0.125, ""krauzlis_cued_motion"": 0.75, ""spatial_binding"": 0.5, ""image_recognition"": 0.5}","{""orientation_cued"": ""orientation_cued_D12"", ""motion_duration_cued"": ""motion_duration_cued_D0"", ""krauzlis_cued_motion"": ""krauzlis_B12"", ""spatial_binding"": ""spatial_binding_D12"", ""image_recognition"": ""image_recognition_N4_H3""}","{""orientation_cued"": {}, ""motion_duration_cued"": {}, ""krauzlis_cued_motion"": {}, ""spatial_binding"": {}, ""image_recognition"": {}}"
35,1400,29456,0.8417737245559692,0.4,1.051596760749817,1,2.6816482543945312,"{""orientation_cued"": 0.7001874446868896, ""motion_duration_cued"": 1.4156019687652588, ""krauzlis_cued_motion"": 0.7109200954437256, ""spatial_binding"": 0.6890047788619995, ""image_recognition"": 0.6931543350219727}","{""orientation_cued"": 0.375, ""motion_duration_cued"": 0.125, ""krauzlis_cued_motion"": 0.5, ""spatial_binding"": 0.5, ""image_recognition"": 0.5}","{""orientation_cued"": ""orientation_cued_D24"", ""motion_duration_cued"": ""motion_duration_cued_D24"", ""krauzlis_cued_motion"": ""krauzlis_B20"", ""spatial_binding"": ""spatial_binding_D24"", ""image_recognition"": ""image_recognition_N4_H5""}","{""orientation_cued"": {}, ""motion_duration_cued"": {}, ""krauzlis_cued_motion"": {}, ""spatial_binding"": {}, ""image_recognition"": {}}"
36,1440,30240,0.8372830986976624,0.425,1.1108229160308838,1,1.8367624282836914,"{""orientation_cued"": 0.6915506720542908, ""motion_duration_cued"": 1.3940575122833252, ""krauzlis_cued_motion"": 0.7078632712364197, ""spatial_binding"": 0.69146728515625, ""image_recognition"": 0.7014767527580261}","{""orientation_cued"": 0.5, ""motion_duration_cued"": 0.0, ""krauzlis_cued_motion"": 0.5, ""spatial_binding"": 0.625, ""image_recognition"": 0.5}","{""orientation_cued"": ""orientation_cued_D4"", ""motion_duration_cued"": ""motion_duration_cued_D4"", ""krauzlis_cued_motion"": ""krauzlis_B28"", ""spatial_binding"": ""spatial_binding_D4"", ""image_recognition"": ""image_recognition_N12_H5""}","{""orientation_cued"": {}, ""motion_duration_cued"": {}, ""krauzlis_cued_motion"": {}, ""spatial_binding"": {}, ""image_recognition"": {}}"
37,1480,31216,0.8151570677757263,0.525,0.8596223592758179,0,2.3217294216156006,"{""orientation_cued"": 0.6921829581260681, ""motion_duration_cued"": 1.3932071924209595, ""krauzlis_cued_motion"": 0.5923159718513489, ""spatial_binding"": 0.6912513375282288, ""image_recognition"": 0.7068278789520264}","{""orientation_cued"": 0.5, ""motion_duration_cued"": 0.25, ""krauzlis_cued_motion"": 0.875, ""spatial_binding"": 0.5, ""image_recognition"": 0.5}","{""orientation_cued"": ""orientation_cued_D4"", ""motion_duration_cued"": ""motion_duration_cued_D24"", ""krauzlis_cued_motion"": ""krauzlis_B20"", ""spatial_binding"": ""spatial_binding_D4"", ""image_recognition"": ""image_recognition_N24_H5""}","{""orientation_cued"": {}, ""motion_duration_cued"": {}, ""krauzlis_cued_motion"": {}, ""spatial_binding"": {}, ""image_recognition"": {}}"
38,1520,31992,0.8370028018951416,0.45,0.5866057872772217,0,1.8371543884277344,"{""orientation_cued"": 0.6962292194366455, ""motion_duration_cued"": 1.3902032375335693, ""krauzlis_cued_motion"": 0.7036742568016052, ""spatial_binding"": 0.6980533003807068, ""image_recognition"": 0.6968539953231812}","{""orientation_cued"": 0.5, ""motion_duration_cued"": 0.25, ""krauzlis_cued_motion"": 0.5, ""spatial_binding"": 0.5, ""image_recognition"": 0.5}","{""orientation_cued"": ""orientation_cued_D0"", ""motion_duration_cued"": ""motion_duration_cued_D4"", ""krauzlis_cued_motion"": ""krauzlis_B12"", ""spatial_binding"": ""spatial_binding_D12"", ""image_recognition"": ""image_recognition_N24_H4""}","{""orientation_cued"": {}, ""motion_duration_cued"": {}, ""krauzlis_cued_motion"": {}, ""spatial_binding"": {}, ""image_recognition"": {}}"
39,1560,32704,0.8313730359077454,0.475,0.4859256446361542,0,1.670241117477417,"{""orientation_cued"": 0.6920412182807922, ""motion_duration_cued"": 1.3805367946624756, ""krauzlis_cued_motion"": 0.7027249932289124, ""spatial_binding"": 0.6925113797187805, ""image_recognition"": 0.6890507936477661}","{""orientation_cued"": 0.5, ""motion_duration_cued"": 0.375, ""krauzlis_cued_motion"": 0.5, ""spatial_binding"": 0.5, ""image_recognition"": 0.5}","{""orientation_cued"": ""orientation_cued_D12"", ""motion_duration_cued"": ""motion_duration_cued_D0"", ""krauzlis_cued_motion"": ""krauzlis_B28"", ""spatial_binding"": ""spatial_binding_D0"", ""image_recognition"": ""image_recognition_N4_H4""}","{""orientation_cued"": {}, ""motion_duration_cued"": {}, ""krauzlis_cued_motion"": {}, ""spatial_binding"": {}, ""image_recognition"": {}}"
40,1600,33800,0.8300248503684997,0.475,0.608396589756012,0,2.5802762508392334,"{""orientation_cued"": 0.6964956521987915, ""motion_duration_cued"": 1.3881614208221436, ""krauzlis_cued_motion"": 0.7017222046852112, ""spatial_binding"": 0.6911060214042664, ""image_recognition"": 0.6726389527320862}","{""orientation_cued"": 0.5, ""motion_duration_cued"": 0.25, ""krauzlis_cued_motion"": 0.5, ""spatial_binding"": 0.5, ""image_recognition"": 0.625}","{""orientation_cued"": ""orientation_cued_D24"", ""motion_duration_cued"": ""motion_duration_cued_D12"", ""krauzlis_cued_motion"": ""krauzlis_B20"", ""spatial_binding"": ""spatial_binding_D24"", ""image_recognition"": ""image_recognition_N12_H4""}","{""orientation_cued"": {}, ""motion_duration_cued"": {}, ""krauzlis_cued_motion"": {}, ""spatial_binding"": {}, ""image_recognition"": {}}"
41,1640,34576,0.8090423464775085,0.55,1.2882554531097412,1,1.8781826496124268,"{""orientation_cued"": 0.6906718611717224, ""motion_duration_cued"": 1.3784865140914917, ""krauzlis_cued_motion"": 0.7271260023117065, ""spatial_binding"": 0.6891604661941528, ""image_recognition"": 0.5597668886184692}","{""orientation_cued"": 0.5, ""motion_duration_cued"": 0.375, ""krauzlis_cued_motion"": 0.375, ""spatial_binding"": 0.5, ""image_recognition"": 1.0}","{""orientation_cued"": ""orientation_cued_D0"", ""motion_duration_cued"": ""motion_duration_cued_D12"", ""krauzlis_cued_motion"": ""krauzlis_B28"", ""spatial_binding"": ""spatial_binding_D12"", ""image_recognition"": ""image_recognition_N0_H4""}","{""orientation_cued"": {}, ""motion_duration_cued"": {}, ""krauzlis_cued_motion"": {}, ""spatial_binding"": {}, ""image_recognition"": {}}"
42,1680,35296,0.8366847038269043,0.45,0.7526213526725769,0,1.6940340995788574,"{""orientation_cued"": 0.6933048367500305, ""motion_duration_cued"": 1.393721580505371, ""krauzlis_cued_motion"": 0.6738143563270569, ""spatial_binding"": 0.6939601302146912, ""image_recognition"": 0.7286226153373718}","{""orientation_cued"": 0.5, ""motion_duration_cued"": 0.125, ""krauzlis_cued_motion"": 0.625, ""spatial_binding"": 0.5, ""image_recognition"": 0.5}","{""orientation_cued"": ""orientation_cued_D24"", ""motion_duration_cued"": ""motion_duration_cued_D4"", ""krauzlis_cued_motion"": ""krauzlis_B12"", ""spatial_binding"": ""spatial_binding_D0"", ""image_recognition"": ""image_recognition_N4_H5""}","{""orientation_cued"": {}, ""motion_duration_cued"": {}, ""krauzlis_cued_motion"": {}, ""spatial_binding"": {}, ""image_recognition"": {}}"
43,1720,36080,0.8028063774108887,0.55,1.4022191762924194,1,1.8650712966918945,"{""orientation_cued"": 0.6957088708877563, ""motion_duration_cued"": 1.3817410469055176, ""krauzlis_cued_motion"": 0.6756076812744141, ""spatial_binding"": 0.6963468790054321, ""image_recognition"": 0.5646274089813232}","{""orientation_cued"": 0.375, ""motion_duration_cued"": 0.25, ""krauzlis_cued_motion"": 0.625, ""spatial_binding"": 0.5, ""image_recognition"": 1.0}","{""orientation_cued"": ""orientation_cued_D4"", ""motion_duration_cued"": ""motion_duration_cued_D24"", ""krauzlis_cued_motion"": ""krauzlis_B20"", ""spatial_binding"": ""spatial_binding_D4"", ""image_recognition"": ""image_recognition_N0_H5""}","{""orientation_cued"": {}, ""motion_duration_cued"": {}, ""krauzlis_cued_motion"": {}, ""spatial_binding"": {}, ""image_recognition"": {}}"
44,1760,36912,0.8345020055770874,0.425,0.6497276425361633,0,1.9709627628326416,"{""orientation_cued"": 0.6939160227775574, ""motion_duration_cued"": 1.3882139921188354, ""krauzlis_cued_motion"": 0.6968425512313843, ""spatial_binding"": 0.6963881850242615, ""image_recognition"": 0.6971492767333984}","{""orientation_cued"": 0.5, ""motion_duration_cued"": 0.125, ""krauzlis_cued_motion"": 0.5, ""spatial_binding"": 0.5, ""image_recognition"": 0.5}","{""orientation_cued"": ""orientation_cued_D12"", ""motion_duration_cued"": ""motion_duration_cued_D0"", ""krauzlis_cued_motion"": ""krauzlis_B12"", ""spatial_binding"": ""spatial_binding_D24"", ""image_recognition"": ""image_recognition_N12_H3""}","{""orientation_cued"": {}, ""motion_duration_cued"": {}, ""krauzlis_cued_motion"": {}, ""spatial_binding"": {}, ""image_recognition"": {}}"
45,1800,37808,0.8009839177131652,0.575,1.2789034843444824,1,2.1704938411712646,"{""orientation_cued"": 0.6914830207824707, ""motion_duration_cued"": 1.3864644765853882, ""krauzlis_cued_motion"": 0.7154991626739502, ""spatial_binding"": 0.6882206797599792, ""image_recognition"": 0.5232522487640381}","{""orientation_cued"": 0.625, ""motion_duration_cued"": 0.25, ""krauzlis_cued_motion"": 0.375, ""spatial_binding"": 0.625, ""image_recognition"": 1.0}","{""orientation_cued"": ""orientation_cued_D12"", ""motion_duration_cued"": ""motion_duration_cued_D24"", ""krauzlis_cued_motion"": ""krauzlis_B28"", ""spatial_binding"": ""spatial_binding_D4"", ""image_recognition"": ""image_recognition_N0_H3""}","{""orientation_cued"": {}, ""motion_duration_cued"": {}, ""krauzlis_cued_motion"": {}, ""spatial_binding"": {}, ""image_recognition"": {}}"
46,1840,38608,0.8257657647132873,0.525,0.6898959875106812,0,1.9425952434539795,"{""orientation_cued"": 0.6895317435264587, ""motion_duration_cued"": 1.3867971897125244, ""krauzlis_cued_motion"": 0.6584676504135132, ""spatial_binding"": 0.6962434649467468, ""image_recognition"": 0.6977887749671936}","{""orientation_cued"": 0.625, ""motion_duration_cued"": 0.25, ""krauzlis_cued_motion"": 0.75, ""spatial_binding"": 0.5, ""image_recognition"": 0.5}","{""orientation_cued"": ""orientation_cued_D0"", ""motion_duration_cued"": ""motion_duration_cued_D12"", ""krauzlis_cued_motion"": ""krauzlis_B20"", ""spatial_binding"": ""spatial_binding_D0"", ""image_recognition"": ""image_recognition_N24_H3""}","{""orientation_cued"": {}, ""motion_duration_cued"": {}, ""krauzlis_cued_motion"": {}, ""spatial_binding"": {}, ""image_recognition"": {}}"
47,1880,39712,0.827221155166626,0.55,0.7672940492630005,0,2.6748151779174805,"{""orientation_cued"": 0.6844943761825562, ""motion_duration_cued"": 1.382272481918335, ""krauzlis_cued_motion"": 0.6564429402351379, ""spatial_binding"": 0.700444221496582, ""image_recognition"": 0.7124517560005188}","{""orientation_cued"": 0.625, ""motion_duration_cued"": 0.375, ""krauzlis_cued_motion"": 0.75, ""spatial_binding"": 0.5, ""image_recognition"": 0.5}","{""orientation_cued"": ""orientation_cued_D24"", ""motion_duration_cued"": ""motion_duration_cued_D4"", ""krauzlis_cued_motion"": ""krauzlis_B28"", ""spatial_binding"": ""spatial_binding_D24"", ""image_recognition"": ""image_recognition_N12_H5""}","{""orientation_cued"": {}, ""motion_duration_cued"": {}, ""krauzlis_cued_motion"": {}, ""spatial_binding"": {}, ""image_recognition"": {}}"
48,1920,40320,0.8292394280433655,0.45,0.9340503811836243,0,1.4659028053283691,"{""orientation_cued"": 0.7040458917617798, ""motion_duration_cued"": 1.4005521535873413, ""krauzlis_cued_motion"": 0.6493651270866394, ""spatial_binding"": 0.689654529094696, ""image_recognition"": 0.7025794386863708}","{""orientation_cued"": 0.375, ""motion_duration_cued"": 0.125, ""krauzlis_cued_motion"": 0.75, ""spatial_binding"": 0.5, ""image_recognition"": 0.5}","{""orientation_cued"": ""orientation_cued_D4"", ""motion_duration_cued"": ""motion_duration_cued_D0"", ""krauzlis_cued_motion"": ""krauzlis_B12"", ""spatial_binding"": ""spatial_binding_D12"", ""image_recognition"": ""image_recognition_N4_H3""}","{""orientation_cued"": {}, ""motion_duration_cued"": {}, ""krauzlis_cued_motion"": {}, ""spatial_binding"": {}, ""image_recognition"": {}}"
49,1960,41288,0.8437257051467896,0.425,0.8626601696014404,0,2.3428542613983154,"{""orientation_cued"": 0.7061367630958557, ""motion_duration_cued"": 1.39578115940094, ""krauzlis_cued_motion"": 0.6709604859352112, ""spatial_binding"": 0.6955432295799255, ""image_recognition"": 0.7502068877220154}","{""orientation_cued"": 0.375, ""motion_duration_cued"": 0.125, ""krauzlis_cued_motion"": 0.625, ""spatial_binding"": 0.5, ""image_recognition"": 0.5}","{""orientation_cued"": ""orientation_cued_D4"", ""motion_duration_cued"": ""motion_duration_cued_D24"", ""krauzlis_cued_motion"": ""krauzlis_B12"", ""spatial_binding"": ""spatial_binding_D24"", ""image_recognition"": ""image_recognition_N12_H4""}","{""orientation_cued"": {}, ""motion_duration_cued"": {}, ""krauzlis_cued_motion"": {}, ""spatial_binding"": {}, ""image_recognition"": {}}"
50,2000,42136,0.8372469305992126,0.525,0.7053765654563904,0,2.039323568344116,"{""orientation_cued"": 0.6905904412269592, ""motion_duration_cued"": 1.3738384246826172, ""krauzlis_cued_motion"": 0.668803334236145, ""spatial_binding"": 0.6897268295288086, ""image_recognition"": 0.7632756233215332}","{""orientation_cued"": 0.625, ""motion_duration_cued"": 0.375, ""krauzlis_cued_motion"": 0.625, ""spatial_binding"": 0.5, ""image_recognition"": 0.5}","{""orientation_cued"": ""orientation_cued_D12"", ""motion_duration_cued"": ""motion_duration_cued_D0"", ""krauzlis_cued_motion"": ""krauzlis_B20"", ""spatial_binding"": ""spatial_binding_D4"", ""image_recognition"": ""image_recognition_N24_H5""}","{""orientation_cued"": {}, ""motion_duration_cued"": {}, ""krauzlis_cued_motion"": {}, ""spatial_binding"": {}, ""image_recognition"": {}}"
51,2040,43064,0.8341666460037231,0.4,1.5592422485351562,1,2.2463433742523193,"{""orientation_cued"": 0.7051921486854553, ""motion_duration_cued"": 1.3735039234161377, ""krauzlis_cued_motion"": 0.7041001915931702, ""spatial_binding"": 0.6982715725898743, ""image_recognition"": 0.6897653937339783}","{""orientation_cued"": 0.125, ""motion_duration_cued"": 0.375, ""krauzlis_cued_motion"": 0.5, ""spatial_binding"": 0.5, ""image_recognition"": 0.5}","{""orientation_cued"": ""orientation_cued_D24"", ""motion_duration_cued"": ""motion_duration_cued_D4"", ""krauzlis_cued_motion"": ""krauzlis_B28"", ""spatial_binding"": ""spatial_binding_D12"", ""image_recognition"": ""image_recognition_N4_H3""}","{""orientation_cued"": {}, ""motion_duration_cued"": {}, ""krauzlis_cued_motion"": {}, ""spatial_binding"": {}, ""image_recognition"": {}}"
52,2080,43776,0.847727108001709,0.375,1.5143795013427734,1,1.6978693008422852,"{""orientation_cued"": 0.751121461391449, ""motion_duration_cued"": 1.394919514656067, ""krauzlis_cued_motion"": 0.7054364085197449, ""spatial_binding"": 0.6922768950462341, ""image_recognition"": 0.69488126039505}","{""orientation_cued"": 0.125, ""motion_duration_cued"": 0.125, ""krauzlis_cued_motion"": 0.5, ""spatial_binding"": 0.5, ""image_recognition"": 0.625}","{""orientation_cued"": ""orientation_cued_D0"", ""motion_duration_cued"": ""motion_duration_cued_D12"", ""krauzlis_cued_motion"": ""krauzlis_B28"", ""spatial_binding"": ""spatial_binding_D0"", ""image_recognition"": ""image_recognition_N4_H4""}","{""orientation_cued"": {}, ""motion_duration_cued"": {}, ""krauzlis_cued_motion"": {}, ""spatial_binding"": {}, ""image_recognition"": {}}"
53,2120,44800,0.7898140728473664,0.525,1.2029063701629639,1,2.3925206661224365,"{""orientation_cued"": 0.6887442469596863, ""motion_duration_cued"": 1.394229531288147, ""krauzlis_cued_motion"": 0.7064352035522461, ""spatial_binding"": 0.6934067010879517, ""image_recognition"": 0.46625468134880066}","{""orientation_cued"": 0.5, ""motion_duration_cued"": 0.125, ""krauzlis_cued_motion"": 0.5, ""spatial_binding"": 0.5, ""image_recognition"": 1.0}","{""orientation_cued"": ""orientation_cued_D24"", ""motion_duration_cued"": ""motion_duration_cued_D24"", ""krauzlis_cued_motion"": ""krauzlis_B12"", ""spatial_binding"": ""spatial_binding_D24"", ""image_recognition"": ""image_recognition_N0_H3""}","{""orientation_cued"": {}, ""motion_duration_cued"": {}, ""krauzlis_cued_motion"": {}, ""spatial_binding"": {}, ""image_recognition"": {}}"
54,2160,45632,0.8191004276275635,0.525,0.8387768864631653,0,1.9720892906188965,"{""orientation_cued"": 0.6941814422607422, ""motion_duration_cued"": 1.3684396743774414, ""krauzlis_cued_motion"": 0.623295783996582, ""spatial_binding"": 0.6897459626197815, ""image_recognition"": 0.7198392748832703}","{""orientation_cued"": 0.375, ""motion_duration_cued"": 0.375, ""krauzlis_cued_motion"": 0.75, ""spatial_binding"": 0.625, ""image_recognition"": 0.5}","{""orientation_cued"": ""orientation_cued_D12"", ""motion_duration_cued"": ""motion_duration_cued_D0"", ""krauzlis_cued_motion"": ""krauzlis_B20"", ""spatial_binding"": ""spatial_binding_D4"", ""image_recognition"": ""image_recognition_N24_H3""}","{""orientation_cued"": {}, ""motion_duration_cued"": {}, ""krauzlis_cued_motion"": {}, ""spatial_binding"": {}, ""image_recognition"": {}}"
55,2200,46384,0.8165089845657348,0.475,1.2224161624908447,1,1.783179759979248,"{""orientation_cued"": 0.7198159098625183, ""motion_duration_cued"": 1.4018195867538452, ""krauzlis_cued_motion"": 0.6196321249008179, ""spatial_binding"": 0.6913517713546753, ""image_recognition"": 0.6499255299568176}","{""orientation_cued"": 0.25, ""motion_duration_cued"": 0.125, ""krauzlis_cued_motion"": 0.75, ""spatial_binding"": 0.625, ""image_recognition"": 0.625}","{""orientation_cued"": ""orientation_cued_D0"", ""motion_duration_cued"": ""motion_duration_cued_D4"", ""krauzlis_cued_motion"": ""krauzlis_B28"", ""spatial_binding"": ""spatial_binding_D12"", ""image_recognition"": ""image_recognition_N4_H5""}","{""orientation_cued"": {}, ""motion_duration_cued"": {}, ""krauzlis_cued_motion"": {}, ""spatial_binding"": {}, ""image_recognition"": {}}"
56,2240,47040,0.7714875340461731,0.525,1.8589125871658325,1,1.5374958515167236,"{""orientation_cued"": 0.7034549117088318, ""motion_duration_cued"": 1.392258882522583, ""krauzlis_cued_motion"": 0.5653116106987, ""spatial_binding"": 0.6914716958999634, ""image_recognition"": 0.5049405694007874}","{""orientation_cued"": 0.25, ""motion_duration_cued"": 0.0, ""krauzlis_cued_motion"": 0.875, ""spatial_binding"": 0.5, ""image_recognition"": 1.0}","{""orientation_cued"": ""orientation_cued_D4"", ""motion_duration_cued"": ""motion_duration_cued_D12"", ""krauzlis_cued_motion"": ""krauzlis_B20"", ""spatial_binding"": ""spatial_binding_D0"", ""image_recognition"": ""image_recognition_N0_H5""}","{""orientation_cued"": {}, ""motion_duration_cued"": {}, ""krauzlis_cued_motion"": {}, ""spatial_binding"": {}, ""image_recognition"": {}}"
57,2280,47792,0.8273911714553833,0.575,0.8737841844558716,0,1.7844254970550537,"{""orientation_cued"": 0.6878465414047241, ""motion_duration_cued"": 1.3646265268325806, ""krauzlis_cued_motion"": 0.6626366972923279, ""spatial_binding"": 0.6883860230445862, ""image_recognition"": 0.7334600687026978}","{""orientation_cued"": 0.625, ""motion_duration_cued"": 0.5, ""krauzlis_cued_motion"": 0.625, ""spatial_binding"": 0.625, ""image_recognition"": 0.5}","{""orientation_cued"": ""orientation_cued_D12"", ""motion_duration_cued"": ""motion_duration_cued_D0"", ""krauzlis_cued_motion"": ""krauzlis_B12"", ""spatial_binding"": ""spatial_binding_D12"", ""image_recognition"": ""image_recognition_N12_H5""}","{""orientation_cued"": {}, ""motion_duration_cued"": {}, ""krauzlis_cued_motion"": {}, ""spatial_binding"": {}, ""image_recognition"": {}}"
58,2320,48536,0.826758062839508,0.475,1.4724403619766235,1,1.7514610290527344,"{""orientation_cued"": 0.7062699794769287, ""motion_duration_cued"": 1.4221038818359375, ""krauzlis_cued_motion"": 0.7857973575592041, ""spatial_binding"": 0.6859120726585388, ""image_recognition"": 0.5337070226669312}","{""orientation_cued"": 0.375, ""motion_duration_cued"": 0.0, ""krauzlis_cued_motion"": 0.375, ""spatial_binding"": 0.75, ""image_recognition"": 0.875}","{""orientation_cued"": ""orientation_cued_D24"", ""motion_duration_cued"": ""motion_duration_cued_D4"", ""krauzlis_cued_motion"": ""krauzlis_B20"", ""spatial_binding"": ""spatial_binding_D0"", ""image_recognition"": ""image_recognition_N0_H4""}","{""orientation_cued"": {}, ""motion_duration_cued"": {}, ""krauzlis_cued_motion"": {}, ""spatial_binding"": {}, ""image_recognition"": {}}"
59,2360,49368,0.8219292044639588,0.475,0.6654464602470398,0,1.9666752815246582,"{""orientation_cued"": 0.6943251490592957, ""motion_duration_cued"": 1.3914871215820312, ""krauzlis_cued_motion"": 0.6614761352539062, ""spatial_binding"": 0.6940417885780334, ""image_recognition"": 0.6683158278465271}","{""orientation_cued"": 0.5, ""motion_duration_cued"": 0.125, ""krauzlis_cued_motion"": 0.625, ""spatial_binding"": 0.5, ""image_recognition"": 0.625}","{""orientation_cued"": ""orientation_cued_D0"", ""motion_duration_cued"": ""motion_duration_cued_D12"", ""krauzlis_cued_motion"": ""krauzlis_B12"", ""spatial_binding"": ""spatial_binding_D24"", ""image_recognition"": ""image_recognition_N12_H3""}","{""orientation_cued"": {}, ""motion_duration_cued"": {}, ""krauzlis_cued_motion"": {}, ""spatial_binding"": {}, ""image_recognition"": {}}"
60,2400,50400,0.8500192165374756,0.35,0.6877190470695496,0,2.431994915008545,"{""orientation_cued"": 0.694146990776062, ""motion_duration_cued"": 1.3881971836090088, ""krauzlis_cued_motion"": 0.7305943965911865, ""spatial_binding"": 0.6958060264587402, ""image_recognition"": 0.7413514852523804}","{""orientation_cued"": 0.5, ""motion_duration_cued"": 0.125, ""krauzlis_cued_motion"": 0.5, ""spatial_binding"": 0.125, ""image_recognition"": 0.5}","{""orientation_cued"": ""orientation_cued_D4"", ""motion_duration_cued"": ""motion_duration_cued_D24"", ""krauzlis_cued_motion"": ""krauzlis_B28"", ""spatial_binding"": ""spatial_binding_D4"", ""image_recognition"": ""image_recognition_N24_H4""}","{""orientation_cued"": {}, ""motion_duration_cued"": {}, ""krauzlis_cued_motion"": {}, ""spatial_binding"": {}, ""image_recognition"": {}}"
61,2440,51112,0.8200416803359986,0.525,0.8501587510108948,0,1.668700933456421,"{""orientation_cued"": 0.7145641446113586, ""motion_duration_cued"": 1.3464127779006958, ""krauzlis_cued_motion"": 0.6620645523071289, ""spatial_binding"": 0.6907368898391724, ""image_recognition"": 0.686430037021637}","{""orientation_cued"": 0.375, ""motion_duration_cued"": 0.5, ""krauzlis_cued_motion"": 0.625, ""spatial_binding"": 0.625, ""image_recognition"": 0.5}","{""orientation_cued"": ""orientation_cued_D4"", ""motion_duration_cued"": ""motion_duration_cued_D0"", ""krauzlis_cued_motion"": ""krauzlis_B12"", ""spatial_binding"": ""spatial_binding_D4"", ""image_recognition"": ""image_recognition_N24_H4""}","{""orientation_cued"": {}, ""motion_duration_cued"": {}, ""krauzlis_cued_motion"": {}, ""spatial_binding"": {}, ""image_recognition"": {}}"
62,2480,51976,0.868672502040863,0.375,1.3655766248703003,1,2.0414645671844482,"{""orientation_cued"": 0.6806140542030334, ""motion_duration_cued"": 1.4066435098648071, ""krauzlis_cued_motion"": 0.870841383934021, ""spatial_binding"": 0.6961446404457092, ""image_recognition"": 0.6891189217567444}","{""orientation_cued"": 0.625, ""motion_duration_cued"": 0.0, ""krauzlis_cued_motion"": 0.25, ""spatial_binding"": 0.5, ""image_recognition"": 0.5}","{""orientation_cued"": ""orientation_cued_D12"", ""motion_duration_cued"": ""motion_duration_cued_D12"", ""krauzlis_cued_motion"": ""krauzlis_B28"", ""spatial_binding"": ""spatial_binding_D0"", ""image_recognition"": ""image_recognition_N12_H3""}","{""orientation_cued"": {}, ""motion_duration_cued"": {}, ""krauzlis_cued_motion"": {}, ""spatial_binding"": {}, ""image_recognition"": {}}"
63,2520,52616,0.7728747189044952,0.6,1.3122882843017578,1,1.505504846572876,"{""orientation_cued"": 0.696619987487793, ""motion_duration_cued"": 1.369359016418457, ""krauzlis_cued_motion"": 0.661575436592102, ""spatial_binding"": 0.6914305090904236, ""image_recognition"": 0.44538864493370056}","{""orientation_cued"": 0.5, ""motion_duration_cued"": 0.375, ""krauzlis_cued_motion"": 0.625, ""spatial_binding"": 0.5, ""image_recognition"": 1.0}","{""orientation_cued"": ""orientation_cued_D0"", ""motion_duration_cued"": ""motion_duration_cued_D4"", ""krauzlis_cued_motion"": ""krauzlis_B20"", ""spatial_binding"": ""spatial_binding_D12"", ""image_recognition"": ""image_recognition_N0_H3""}","{""orientation_cued"": {}, ""motion_duration_cued"": {}, ""krauzlis_cued_motion"": {}, ""spatial_binding"": {}, ""image_recognition"": {}}"
64,2560,53736,0.8451742172241211,0.45,0.7021420001983643,0,2.726592540740967,"{""orientation_cued"": 0.6910552382469177, ""motion_duration_cued"": 1.3960392475128174, ""krauzlis_cued_motion"": 0.7247949242591858, ""spatial_binding"": 0.696139931678772, ""image_recognition"": 0.7178417444229126}","{""orientation_cued"": 0.5, ""motion_duration_cued"": 0.125, ""krauzlis_cued_motion"": 0.5, ""spatial_binding"": 0.5, ""image_recognition"": 0.625}","{""orientation_cued"": ""orientation_cued_D24"", ""motion_duration_cued"": ""motion_duration_cued_D24"", ""krauzlis_cued_motion"": ""krauzlis_B20"", ""spatial_binding"": ""spatial_binding_D24"", ""image_recognition"": ""image_recognition_N4_H3""}","{""orientation_cued"": {}, ""motion_duration_cued"": {}, ""krauzlis_cued_motion"": {}, ""spatial_binding"": {}, ""image_recognition"": {}}"
65,2600,54456,0.8308955788612366,0.425,0.6068652272224426,0,1.772247076034546,"{""orientation_cued"": 0.6952322125434875, ""motion_duration_cued"": 1.389890432357788, ""krauzlis_cued_motion"": 0.7209985852241516, ""spatial_binding"": 0.6967171430587769, ""image_recognition"": 0.6516395211219788}","{""orientation_cued"": 0.25, ""motion_duration_cued"": 0.25, ""krauzlis_cued_motion"": 0.5, ""spatial_binding"": 0.5, ""image_recognition"": 0.625}","{""orientation_cued"": ""orientation_cued_D0"", ""motion_duration_cued"": ""motion_duration_cued_D0"", ""krauzlis_cued_motion"": ""krauzlis_B28"", ""spatial_binding"": ""spatial_binding_D12"", ""image_recognition"": ""image_recognition_N4_H5""}","{""orientation_cued"": {}, ""motion_duration_cued"": {}, ""krauzlis_cued_motion"": {}, ""spatial_binding"": {}, ""image_recognition"": {}}"
66,2640,55336,0.8190514206886291,0.475,0.5293532609939575,0,2.2892608642578125,"{""orientation_cued"": 0.6909295916557312, ""motion_duration_cued"": 1.3866841793060303, ""krauzlis_cued_motion"": 0.6622647047042847, ""spatial_binding"": 0.6955233216285706, ""image_recognition"": 0.659855306148529}","{""orientation_cued"": 0.5, ""motion_duration_cued"": 0.25, ""krauzlis_cued_motion"": 0.625, ""spatial_binding"": 0.5, ""image_recognition"": 0.5}","{""orientation_cued"": ""orientation_cued_D24"", ""motion_duration_cued"": ""motion_duration_cued_D12"", ""krauzlis_cued_motion"": ""krauzlis_B12"", ""spatial_binding"": ""spatial_binding_D4"", ""image_recognition"": ""image_recognition_N12_H5""}","{""orientation_cued"": {}, ""motion_duration_cued"": {}, ""krauzlis_cued_motion"": {}, ""spatial_binding"": {}, ""image_recognition"": {}}"
67,2680,56264,0.8270568728446961,0.5,0.6180368661880493,0,2.260399341583252,"{""orientation_cued"": 0.6950010061264038, ""motion_duration_cued"": 1.3802895545959473, ""krauzlis_cued_motion"": 0.6639387011528015, ""spatial_binding"": 0.7001807689666748, ""image_recognition"": 0.6958743333816528}","{""orientation_cued"": 0.5, ""motion_duration_cued"": 0.375, ""krauzlis_cued_motion"": 0.625, ""spatial_binding"": 0.5, ""image_recognition"": 0.5}","{""orientation_cued"": ""orientation_cued_D12"", ""motion_duration_cued"": ""motion_duration_cued_D24"", ""krauzlis_cued_motion"": ""krauzlis_B12"", ""spatial_binding"": ""spatial_binding_D0"", ""image_recognition"": ""image_recognition_N24_H3""}","{""orientation_cued"": {}, ""motion_duration_cued"": {}, ""krauzlis_cued_motion"": {}, ""spatial_binding"": {}, ""image_recognition"": {}}"
68,2720,57040,0.8118571519851685,0.475,1.926729679107666,1,1.947218656539917,"{""orientation_cued"": 0.6974608898162842, ""motion_duration_cued"": 1.3890681266784668, ""krauzlis_cued_motion"": 0.6649095416069031, ""spatial_binding"": 0.6947728991508484, ""image_recognition"": 0.6130743026733398}","{""orientation_cued"": 0.375, ""motion_duration_cued"": 0.25, ""krauzlis_cued_motion"": 0.625, ""spatial_binding"": 0.5, ""image_recognition"": 0.625}","{""orientation_cued"": ""orientation_cued_D4"", ""motion_duration_cued"": ""motion_duration_cued_D4"", ""krauzlis_cued_motion"": ""krauzlis_B20"", ""spatial_binding"": ""spatial_binding_D24"", ""image_recognition"": ""image_recognition_N0_H4""}","{""orientation_cued"": {}, ""motion_duration_cued"": {}, ""krauzlis_cued_motion"": {}, ""spatial_binding"": {}, ""image_recognition"": {}}"
69,2760,57920,0.8175664067268371,0.475,1.7128766775131226,1,2.1795225143432617,"{""orientation_cued"": 0.6969206929206848, ""motion_duration_cued"": 1.3871968984603882, ""krauzlis_cued_motion"": 0.7058393955230713, ""spatial_binding"": 0.6895326375961304, ""image_recognition"": 0.6083424091339111}","{""orientation_cued"": 0.5, ""motion_duration_cued"": 0.125, ""krauzlis_cued_motion"": 0.5, ""spatial_binding"": 0.5, ""image_recognition"": 0.75}","{""orientation_cued"": ""orientation_cued_D12"", ""motion_duration_cued"": ""motion_duration_cued_D0"", ""krauzlis_cued_motion"": ""krauzlis_B28"", ""spatial_binding"": ""spatial_binding_D24"", ""image_recognition"": ""image_recognition_N0_H5""}","{""orientation_cued"": {}, ""motion_duration_cued"": {}, ""krauzlis_cued_motion"": {}, ""spatial_binding"": {}, ""image_recognition"": {}}"
70,2800,58760,0.8651389241218567,0.325,1.0186463594436646,1,2.1330742835998535,"{""orientation_cued"": 0.6934855580329895, ""motion_duration_cued"": 1.4055088758468628, ""krauzlis_cued_motion"": 0.7791446447372437, ""spatial_binding"": 0.6945030689239502, ""image_recognition"": 0.7530524730682373}","{""orientation_cued"": 0.5, ""motion_duration_cued"": 0.0, ""krauzlis_cued_motion"": 0.25, ""spatial_binding"": 0.625, ""image_recognition"": 0.25}","{""orientation_cued"": ""orientation_cued_D24"", ""motion_duration_cued"": ""motion_duration_cued_D4"", ""krauzlis_cued_motion"": ""krauzlis_B28"", ""spatial_binding"": ""spatial_binding_D0"", ""image_recognition"": ""image_recognition_N4_H4""}","{""orientation_cued"": {}, ""motion_duration_cued"": {}, ""krauzlis_cued_motion"": {}, ""spatial_binding"": {}, ""image_recognition"": {}}"
71,2840,59608,0.8259084224700928,0.475,1.1592578887939453,1,2.0080320835113525,"{""orientation_cued"": 0.7337398529052734, ""motion_duration_cued"": 1.375095248222351, ""krauzlis_cued_motion"": 0.6058047413825989, ""spatial_binding"": 0.695503294467926, ""image_recognition"": 0.7193989753723145}","{""orientation_cued"": 0.25, ""motion_duration_cued"": 0.25, ""krauzlis_cued_motion"": 0.875, ""spatial_binding"": 0.5, ""image_recognition"": 0.5}","{""orientation_cued"": ""orientation_cued_D0"", ""motion_duration_cued"": ""motion_duration_cued_D12"", ""krauzlis_cued_motion"": ""krauzlis_B12"", ""spatial_binding"": ""spatial_binding_D12"", ""image_recognition"": ""image_recognition_N24_H5""}","{""orientation_cued"": {}, ""motion_duration_cued"": {}, ""krauzlis_cued_motion"": {}, ""spatial_binding"": {}, ""image_recognition"": {}}"
72,2880,60480,0.8313495635986328,0.525,0.8960040211677551,0,2.048408031463623,"{""orientation_cued"": 0.6818370223045349, ""motion_duration_cued"": 1.407591462135315, ""krauzlis_cued_motion"": 0.699747622013092, ""spatial_binding"": 0.6910427212715149, ""image_recognition"": 0.6765289902687073}","{""orientation_cued"": 0.75, ""motion_duration_cued"": 0.25, ""krauzlis_cued_motion"": 0.5, ""spatial_binding"": 0.5, ""image_recognition"": 0.625}","{""orientation_cued"": ""orientation_cued_D4"", ""motion_duration_cued"": ""motion_duration_cued_D24"", ""krauzlis_cued_motion"": ""krauzlis_B20"", ""spatial_binding"": ""spatial_binding_D4"", ""image_recognition"": ""image_recognition_N12_H4""}","{""orientation_cued"": {}, ""motion_duration_cued"": {}, ""krauzlis_cued_motion"": {}, ""spatial_binding"": {}, ""image_recognition"": {}}"
73,2920,61448,0.8429285287857056,0.425,0.8950056433677673,0,2.295989990234375,"{""orientation_cued"": 0.6920856237411499, ""motion_duration_cued"": 1.3686144351959229, ""krauzlis_cued_motion"": 0.6983702778816223, ""spatial_binding"": 0.6952945590019226, ""image_recognition"": 0.7602777481079102}","{""orientation_cued"": 0.5, ""motion_duration_cued"": 0.25, ""krauzlis_cued_motion"": 0.5, ""spatial_binding"": 0.5, ""image_recognition"": 0.375}","{""orientation_cued"": ""orientation_cued_D12"", ""motion_duration_cued"": ""motion_duration_cued_D12"", ""krauzlis_cued_motion"": ""krauzlis_B28"", ""spatial_binding"": ""spatial_binding_D12"", ""image_recognition"": ""image_recognition_N12_H4""}","{""orientation_cued"": {}, ""motion_duration_cued"": {}, ""krauzlis_cued_motion"": {}, ""spatial_binding"": {}, ""image_recognition"": {}}"
74,2960,62184,0.7904215693473816,0.6,1.9198895692825317,1,1.747286081314087,"{""orientation_cued"": 0.6960834860801697, ""motion_duration_cued"": 1.3869088888168335, ""krauzlis_cued_motion"": 0.6502484083175659, ""spatial_binding"": 0.6946765184402466, ""image_recognition"": 0.5241905450820923}","{""orientation_cued"": 0.5, ""motion_duration_cued"": 0.25, ""krauzlis_cued_motion"": 0.75, ""spatial_binding"": 0.5, ""image_recognition"": 1.0}","{""orientation_cued"": ""orientation_cued_D24"", ""motion_duration_cued"": ""motion_duration_cued_D4"", ""krauzlis_cued_motion"": ""krauzlis_B20"", ""spatial_binding"": ""spatial_binding_D0"", ""image_recognition"": ""image_recognition_N0_H3""}","{""orientation_cued"": {}, ""motion_duration_cued"": {}, ""krauzlis_cued_motion"": {}, ""spatial_binding"": {}, ""image_recognition"": {}}"
75,3000,63016,0.8390623569488526,0.45,0.6962123513221741,0,1.9564039707183838,"{""orientation_cued"": 0.697110116481781, ""motion_duration_cued"": 1.3890265226364136, ""krauzlis_cued_motion"": 0.6973724961280823, ""spatial_binding"": 0.6900428533554077, ""image_recognition"": 0.7217597961425781}","{""orientation_cued"": 0.5, ""motion_duration_cued"": 0.25, ""krauzlis_cued_motion"": 0.5, ""spatial_binding"": 0.5, ""image_recognition"": 0.5}","{""orientation_cued"": ""orientation_cued_D0"", ""motion_duration_cued"": ""motion_duration_cued_D0"", ""krauzlis_cued_motion"": ""krauzlis_B12"", ""spatial_binding"": ""spatial_binding_D24"", ""image_recognition"": ""image_recognition_N24_H3""}","{""orientation_cued"": {}, ""motion_duration_cued"": {}, ""krauzlis_cued_motion"": {}, ""spatial_binding"": {}, ""image_recognition"": {}}"
76,3040,63768,0.8404322624206543,0.425,0.8016857504844666,0,1.8094196319580078,"{""orientation_cued"": 0.6962903141975403, ""motion_duration_cued"": 1.3765850067138672, ""krauzlis_cued_motion"": 0.7383816242218018, ""spatial_binding"": 0.692233145236969, ""image_recognition"": 0.6986712217330933}","{""orientation_cued"": 0.5, ""motion_duration_cued"": 0.375, ""krauzlis_cued_motion"": 0.25, ""spatial_binding"": 0.5, ""image_recognition"": 0.5}","{""orientation_cued"": ""orientation_cued_D4"", ""motion_duration_cued"": ""motion_duration_cued_D24"", ""krauzlis_cued_motion"": ""krauzlis_B12"", ""spatial_binding"": ""spatial_binding_D4"", ""image_recognition"": ""image_recognition_N4_H5""}","{""orientation_cued"": {}, ""motion_duration_cued"": {}, ""krauzlis_cued_motion"": {}, ""spatial_binding"": {}, ""image_recognition"": {}}"
77,3080,64864,0.837838077545166,0.475,0.4288508892059326,0,2.7705886363983154,"{""orientation_cued"": 0.6963797211647034, ""motion_duration_cued"": 1.38504958152771, ""krauzlis_cued_motion"": 0.6947526931762695, ""spatial_binding"": 0.6937902569770813, ""image_recognition"": 0.7192181348800659}","{""orientation_cued"": 0.5, ""motion_duration_cued"": 0.375, ""krauzlis_cued_motion"": 0.5, ""spatial_binding"": 0.5, ""image_recognition"": 0.5}","{""orientation_cued"": ""orientation_cued_D0"", ""motion_duration_cued"": ""motion_duration_cued_D24"", ""krauzlis_cued_motion"": ""krauzlis_B20"", ""spatial_binding"": ""spatial_binding_D24"", ""image_recognition"": ""image_recognition_N24_H4""}","{""orientation_cued"": {}, ""motion_duration_cued"": {}, ""krauzlis_cued_motion"": {}, ""spatial_binding"": {}, ""image_recognition"": {}}"
78,3120,65808,0.8414021968841553,0.4,0.6657769680023193,0,2.386845350265503,"{""orientation_cued"": 0.6945855617523193, ""motion_duration_cued"": 1.3915497064590454, ""krauzlis_cued_motion"": 0.6758291721343994, ""spatial_binding"": 0.6970442533493042, ""image_recognition"": 0.748002290725708}","{""orientation_cued"": 0.5, ""motion_duration_cued"": 0.125, ""krauzlis_cued_motion"": 0.75, ""spatial_binding"": 0.25, ""image_recognition"": 0.375}","{""orientation_cued"": ""orientation_cued_D4"", ""motion_duration_cued"": ""motion_duration_cued_D4"", ""krauzlis_cued_motion"": ""krauzlis_B28"", ""spatial_binding"": ""spatial_binding_D12"", ""image_recognition"": ""image_recognition_N24_H5""}","{""orientation_cued"": {}, ""motion_duration_cued"": {}, ""krauzlis_cued_motion"": {}, ""spatial_binding"": {}, ""image_recognition"": {}}"
79,3160,66672,0.8303533792495728,0.5,1.1412097215652466,1,2.177704334259033,"{""orientation_cued"": 0.6981368660926819, ""motion_duration_cued"": 1.4159444570541382, ""krauzlis_cued_motion"": 0.6804217100143433, ""spatial_binding"": 0.696112871170044, ""image_recognition"": 0.6611509919166565}","{""orientation_cued"": 0.375, ""motion_duration_cued"": 0.25, ""krauzlis_cued_motion"": 0.75, ""spatial_binding"": 0.375, ""image_recognition"": 0.75}","{""orientation_cued"": ""orientation_cued_D24"", ""motion_duration_cued"": ""motion_duration_cued_D12"", ""krauzlis_cued_motion"": ""krauzlis_B12"", ""spatial_binding"": ""spatial_binding_D4"", ""image_recognition"": ""image_recognition_N12_H3""}","{""orientation_cued"": {}, ""motion_duration_cued"": {}, ""krauzlis_cued_motion"": {}, ""spatial_binding"": {}, ""image_recognition"": {}}"
80,3200,67288,0.8215076565742493,0.375,1.6171265840530396,1,1.5270862579345703,"{""orientation_cued"": 0.6959706544876099, ""motion_duration_cued"": 1.4241983890533447, ""krauzlis_cued_motion"": 0.70867520570755, ""spatial_binding"": 0.6915814280509949, ""image_recognition"": 0.5871126055717468}","{""orientation_cued"": 0.25, ""motion_duration_cued"": 0.0, ""krauzlis_cued_motion"": 0.25, ""spatial_binding"": 0.5, ""image_recognition"": 0.875}","{""orientation_cued"": ""orientation_cued_D12"", ""motion_duration_cued"": ""motion_duration_cued_D0"", ""krauzlis_cued_motion"": ""krauzlis_B20"", ""spatial_binding"": ""spatial_binding_D0"", ""image_recognition"": ""image_recognition_N0_H4""}","{""orientation_cued"": {}, ""motion_duration_cued"": {}, ""krauzlis_cued_motion"": {}, ""spatial_binding"": {}, ""image_recognition"": {}}"
81,3240,68072,0.7992365241050721,0.575,1.5380090475082397,1,1.8678216934204102,"{""orientation_cued"": 0.6919679045677185, ""motion_duration_cued"": 1.3730906248092651, ""krauzlis_cued_motion"": 0.6931422352790833, ""spatial_binding"": 0.6947401762008667, ""image_recognition"": 0.5432416796684265}","{""orientation_cued"": 0.5, ""motion_duration_cued"": 0.375, ""krauzlis_cued_motion"": 0.5, ""spatial_binding"": 0.5, ""image_recognition"": 1.0}","{""orientation_cued"": ""orientation_cued_D24"", ""motion_duration_cued"": ""motion_duration_cued_D0"", ""krauzlis_cued_motion"": ""krauzlis_B28"", ""spatial_binding"": ""spatial_binding_D0"", ""image_recognition"": ""image_recognition_N0_H5""}","{""orientation_cued"": {}, ""motion_duration_cued"": {}, ""krauzlis_cued_motion"": {}, ""spatial_binding"": {}, ""image_recognition"": {}}"
82,3280,68944,0.8297119259834289,0.5,0.5331133008003235,0,2.0672972202301025,"{""orientation_cued"": 0.6928079128265381, ""motion_duration_cued"": 1.3722976446151733, ""krauzlis_cued_motion"": 0.6852357387542725, ""spatial_binding"": 0.6935805082321167, ""image_recognition"": 0.7046378254890442}","{""orientation_cued"": 0.5, ""motion_duration_cued"": 0.375, ""krauzlis_cued_motion"": 0.625, ""spatial_binding"": 0.5, ""image_recognition"": 0.5}","{""orientation_cued"": ""orientation_cued_D12"", ""motion_duration_cued"": ""motion_duration_cued_D12"", ""krauzlis_cued_motion"": ""krauzlis_B12"", ""spatial_binding"": ""spatial_binding_D24"", ""image_recognition"": ""image_recognition_N4_H4""}","{""orientation_cued"": {}, ""motion_duration_cued"": {}, ""krauzlis_cued_motion"": {}, ""spatial_binding"": {}, ""image_recognition"": {}}"
83,3320,69712,0.8446935892105103,0.475,0.8972069025039673,0,1.8070733547210693,"{""orientation_cued"": 0.6889962553977966, ""motion_duration_cued"": 1.4205862283706665, ""krauzlis_cued_motion"": 0.6831293702125549, ""spatial_binding"": 0.6899957656860352, ""image_recognition"": 0.740760326385498}","{""orientation_cued"": 0.625, ""motion_duration_cued"": 0.125, ""krauzlis_cued_motion"": 0.625, ""spatial_binding"": 0.625, ""image_recognition"": 0.375}","{""orientation_cued"": ""orientation_cued_D4"", ""motion_duration_cued"": ""motion_duration_cued_D4"", ""krauzlis_cued_motion"": ""krauzlis_B28"", ""spatial_binding"": ""spatial_binding_D12"", ""image_recognition"": ""image_recognition_N4_H3""}","{""orientation_cued"": {}, ""motion_duration_cued"": {}, ""krauzlis_cued_motion"": {}, ""spatial_binding"": {}, ""image_recognition"": {}}"
84,3360,70560,0.8221696734428405,0.525,0.9571000337600708,0,2.007944345474243,"{""orientation_cued"": 0.6980468034744263, ""motion_duration_cued"": 1.3423794507980347, ""krauzlis_cued_motion"": 0.6694095730781555, ""spatial_binding"": 0.6931027770042419, ""image_recognition"": 0.7079097628593445}","{""orientation_cued"": 0.375, ""motion_duration_cued"": 0.5, ""krauzlis_cued_motion"": 0.75, ""spatial_binding"": 0.5, ""image_recognition"": 0.5}","{""orientation_cued"": ""orientation_cued_D0"", ""motion_duration_cued"": ""motion_duration_cued_D24"", ""krauzlis_cued_motion"": ""krauzlis_B20"", ""spatial_binding"": ""spatial_binding_D4"", ""image_recognition"": ""image_recognition_N12_H5""}","{""orientation_cued"": {}, ""motion_duration_cued"": {}, ""krauzlis_cued_motion"": {}, ""spatial_binding"": {}, ""image_recognition"": {}}"
85,3400,71112,0.8272049307823182,0.5,0.824937105178833,0,1.2978577613830566,"{""orientation_cued"": 0.6929870843887329, ""motion_duration_cued"": 1.353764295578003, ""krauzlis_cued_motion"": 0.6781880855560303, ""spatial_binding"": 0.6943730115890503, ""image_recognition"": 0.7167121767997742}","{""orientation_cued"": 0.5, ""motion_duration_cued"": 0.375, ""krauzlis_cued_motion"": 0.625, ""spatial_binding"": 0.5, ""image_recognition"": 0.5}","{""orientation_cued"": ""orientation_cued_D4"", ""motion_duration_cued"": ""motion_duration_cued_D0"", ""krauzlis_cued_motion"": ""krauzlis_B12"", ""spatial_binding"": ""spatial_binding_D4"", ""image_recognition"": ""image_recognition_N4_H4""}","{""orientation_cued"": {}, ""motion_duration_cued"": {}, ""krauzlis_cued_motion"": {}, ""spatial_binding"": {}, ""image_recognition"": {}}"
86,3440,72008,0.8276149749755859,0.475,0.7923662662506104,0,2.1305768489837646,"{""orientation_cued"": 0.6921624541282654, ""motion_duration_cued"": 1.3683714866638184, ""krauzlis_cued_motion"": 0.6962371468544006, ""spatial_binding"": 0.6945237517356873, ""image_recognition"": 0.6867800354957581}","{""orientation_cued"": 0.5, ""motion_duration_cued"": 0.375, ""krauzlis_cued_motion"": 0.5, ""spatial_binding"": 0.5, ""image_recognition"": 0.5}","{""orientation_cued"": ""orientation_cued_D0"", ""motion_duration_cued"": ""motion_duration_cued_D24"", ""krauzlis_cued_motion"": ""krauzlis_B20"", ""spatial_binding"": ""spatial_binding_D12"", ""image_recognition"": ""image_recognition_N12_H3""}","{""orientation_cued"": {}, ""motion_duration_cued"": {}, ""krauzlis_cued_motion"": {}, ""spatial_binding"": {}, ""image_recognition"": {}}"
87,3480,72920,0.8277354836463928,0.525,0.581686794757843,0,2.1586265563964844,"{""orientation_cued"": 0.6837559938430786, ""motion_duration_cued"": 1.3900991678237915, ""krauzlis_cued_motion"": 0.6495835185050964, ""spatial_binding"": 0.6907498240470886, ""image_recognition"": 0.7244889140129089}","{""orientation_cued"": 0.625, ""motion_duration_cued"": 0.25, ""krauzlis_cued_motion"": 0.75, ""spatial_binding"": 0.5, ""image_recognition"": 0.5}","{""orientation_cued"": ""orientation_cued_D12"", ""motion_duration_cued"": ""motion_duration_cued_D4"", ""krauzlis_cued_motion"": ""krauzlis_B28"", ""spatial_binding"": ""spatial_binding_D0"", ""image_recognition"": ""image_recognition_N24_H5""}","{""orientation_cued"": {}, ""motion_duration_cued"": {}, ""krauzlis_cued_motion"": {}, ""spatial_binding"": {}, ""image_recognition"": {}}"
88,3520,73880,0.8474940657615662,0.4,0.7644906044006348,0,2.2496914863586426,"{""orientation_cued"": 0.7076241970062256, ""motion_duration_cued"": 1.3893253803253174, ""krauzlis_cued_motion"": 0.7286795377731323, ""spatial_binding"": 0.6954327821731567, ""image_recognition"": 0.7164084315299988}","{""orientation_cued"": 0.375, ""motion_duration_cued"": 0.25, ""krauzlis_cued_motion"": 0.375, ""spatial_binding"": 0.5, ""image_recognition"": 0.5}","{""orientation_cued"": ""orientation_cued_D24"", ""motion_duration_cued"": ""motion_duration_cued_D12"", ""krauzlis_cued_motion"": ""krauzlis_B12"", ""spatial_binding"": ""spatial_binding_D24"", ""image_recognition"": ""image_recognition_N4_H3""}","{""orientation_cued"": {}, ""motion_duration_cued"": {}, ""krauzlis_cued_motion"": {}, ""spatial_binding"": {}, ""image_recognition"": {}}"
89,3560,74688,0.8520052433013916,0.4,1.0598255395889282,1,1.9131507873535156,"{""orientation_cued"": 0.6859045624732971, ""motion_duration_cued"": 1.4246394634246826, ""krauzlis_cued_motion"": 0.7602415084838867, ""spatial_binding"": 0.6978136897087097, ""image_recognition"": 0.6914269924163818}","{""orientation_cued"": 0.625, ""motion_duration_cued"": 0.125, ""krauzlis_cued_motion"": 0.25, ""spatial_binding"": 0.5, ""image_recognition"": 0.5}","{""orientation_cued"": ""orientation_cued_D0"", ""motion_duration_cued"": ""motion_duration_cued_D24"", ""krauzlis_cued_motion"": ""krauzlis_B20"", ""spatial_binding"": ""spatial_binding_D0"", ""image_recognition"": ""image_recognition_N12_H4""}","{""orientation_cued"": {}, ""motion_duration_cued"": {}, ""krauzlis_cued_motion"": {}, ""spatial_binding"": {}, ""image_recognition"": {}}"
90,3600,75752,0.8368170738220215,0.45,1.0573948621749878,1,2.5710501670837402,"{""orientation_cued"": 0.7052805423736572, ""motion_duration_cued"": 1.418806552886963, ""krauzlis_cued_motion"": 0.6450781226158142, ""spatial_binding"": 0.6939677596092224, ""image_recognition"": 0.7209523916244507}","{""orientation_cued"": 0.375, ""motion_duration_cued"": 0.25, ""krauzlis_cued_motion"": 0.75, ""spatial_binding"": 0.5, ""image_recognition"": 0.375}","{""orientation_cued"": ""orientation_cued_D24"", ""motion_duration_cued"": ""motion_duration_cued_D0"", ""krauzlis_cued_motion"": ""krauzlis_B28"", ""spatial_binding"": ""spatial_binding_D12"", ""image_recognition"": ""image_recognition_N24_H4""}","{""orientation_cued"": {}, ""motion_duration_cued"": {}, ""krauzlis_cued_motion"": {}, ""spatial_binding"": {}, ""image_recognition"": {}}"
91,3640,76504,0.8036824345588685,0.625,1.6023101806640625,1,1.8100883960723877,"{""orientation_cued"": 0.6811428070068359, ""motion_duration_cued"": 1.366255521774292, ""krauzlis_cued_motion"": 0.6722908020019531, ""spatial_binding"": 0.6942964196205139, ""image_recognition"": 0.6044266223907471}","{""orientation_cued"": 0.625, ""motion_duration_cued"": 0.375, ""krauzlis_cued_motion"": 0.625, ""spatial_binding"": 0.5, ""image_recognition"": 1.0}","{""orientation_cued"": ""orientation_cued_D12"", ""motion_duration_cued"": ""motion_duration_cued_D4"", ""krauzlis_cued_motion"": ""krauzlis_B28"", ""spatial_binding"": ""spatial_binding_D4"", ""image_recognition"": ""image_recognition_N0_H5""}","{""orientation_cued"": {}, ""motion_duration_cued"": {}, ""krauzlis_cued_motion"": {}, ""spatial_binding"": {}, ""image_recognition"": {}}"
92,3680,77344,0.8062731504440308,0.55,1.438525915145874,1,2.038424015045166,"{""orientation_cued"": 0.7056466937065125, ""motion_duration_cued"": 1.3731083869934082, ""krauzlis_cued_motion"": 0.6989638209342957, ""spatial_binding"": 0.6924666166305542, ""image_recognition"": 0.5611802339553833}","{""orientation_cued"": 0.375, ""motion_duration_cued"": 0.375, ""krauzlis_cued_motion"": 0.5, ""spatial_binding"": 0.5, ""image_recognition"": 1.0}","{""orientation_cued"": ""orientation_cued_D4"", ""motion_duration_cued"": ""motion_duration_cued_D12"", ""krauzlis_cued_motion"": ""krauzlis_B20"", ""spatial_binding"": ""spatial_binding_D24"", ""image_recognition"": ""image_recognition_N0_H4""}","{""orientation_cued"": {}, ""motion_duration_cued"": {}, ""krauzlis_cued_motion"": {}, ""spatial_binding"": {}, ""image_recognition"": {}}"
93,3720,78112,0.8242959380149841,0.45,0.5562814474105835,0,1.8742165565490723,"{""orientation_cued"": 0.6884550452232361, ""motion_duration_cued"": 1.3997446298599243, ""krauzlis_cued_motion"": 0.6700702905654907, ""spatial_binding"": 0.6938944458961487, ""image_recognition"": 0.6693152785301208}","{""orientation_cued"": 0.625, ""motion_duration_cued"": 0.125, ""krauzlis_cued_motion"": 0.625, ""spatial_binding"": 0.375, ""image_recognition"": 0.5}","{""orientation_cued"": ""orientation_cued_D12"", ""motion_duration_cued"": ""motion_duration_cued_D0"", ""krauzlis_cued_motion"": ""krauzlis_B12"", ""spatial_binding"": ""spatial_binding_D4"", ""image_recognition"": ""image_recognition_N24_H3""}","{""orientation_cued"": {}, ""motion_duration_cued"": {}, ""krauzlis_cued_motion"": {}, ""spatial_binding"": {}, ""image_recognition"": {}}"
94,3760,79024,0.834804093837738,0.425,0.5704020261764526,0,2.1915156841278076,"{""orientation_cued"": 0.7013450860977173, ""motion_duration_cued"": 1.386132001876831, ""krauzlis_cued_motion"": 0.7011677026748657, ""spatial_binding"": 0.6929976344108582, ""image_recognition"": 0.692378044128418}","{""orientation_cued"": 0.375, ""motion_duration_cued"": 0.25, ""krauzlis_cued_motion"": 0.5, ""spatial_binding"": 0.5, ""image_recognition"": 0.5}","{""orientation_cued"": ""orientation_cued_D4"", ""motion_duration_cued"": ""motion_duration_cued_D24"", ""krauzlis_cued_motion"": ""krauzlis_B12"", ""spatial_binding"": ""spatial_binding_D24"", ""image_recognition"": ""image_recognition_N4_H5""}","{""orientation_cued"": {}, ""motion_duration_cued"": {}, ""krauzlis_cued_motion"": {}, ""spatial_binding"": {}, ""image_recognition"": {}}"
95,3800,79632,0.8062218427658081,0.55,1.202343225479126,1,1.4926261901855469,"{""orientation_cued"": 0.6931983232498169, ""motion_duration_cued"": 1.3893649578094482, ""krauzlis_cued_motion"": 0.7350931763648987, ""spatial_binding"": 0.6951932311058044, ""image_recognition"": 0.5182595252990723}","{""orientation_cued"": 0.625, ""motion_duration_cued"": 0.25, ""krauzlis_cued_motion"": 0.375, ""spatial_binding"": 0.5, ""image_recognition"": 1.0}","{""orientation_cued"": ""orientation_cued_D0"", ""motion_duration_cued"": ""motion_duration_cued_D12"", ""krauzlis_cued_motion"": ""krauzlis_B20"", ""spatial_binding"": ""spatial_binding_D0"", ""image_recognition"": ""image_recognition_N0_H3""}","{""orientation_cued"": {}, ""motion_duration_cued"": {}, ""krauzlis_cued_motion"": {}, ""spatial_binding"": {}, ""image_recognition"": {}}"
96,3840,80640,0.8220511317253113,0.55,0.4524681866168976,0,2.4204771518707275,"{""orientation_cued"": 0.6929433345794678, ""motion_duration_cued"": 1.3880374431610107, ""krauzlis_cued_motion"": 0.6347668766975403, ""spatial_binding"": 0.6916874051094055, ""image_recognition"": 0.7028205990791321}","{""orientation_cued"": 0.625, ""motion_duration_cued"": 0.25, ""krauzlis_cued_motion"": 0.75, ""spatial_binding"": 0.625, ""image_recognition"": 0.5}","{""orientation_cued"": ""orientation_cued_D24"", ""motion_duration_cued"": ""motion_duration_cued_D4"", ""krauzlis_cued_motion"": ""krauzlis_B28"", ""spatial_binding"": ""spatial_binding_D12"", ""image_recognition"": ""image_recognition_N12_H5""}","{""orientation_cued"": {}, ""motion_duration_cued"": {}, ""krauzlis_cued_motion"": {}, ""spatial_binding"": {}, ""image_recognition"": {}}"
97,3880,81472,0.830610191822052,0.425,1.1999273300170898,1,2.0184249877929688,"{""orientation_cued"": 0.692731499671936, ""motion_duration_cued"": 1.4344841241836548, ""krauzlis_cued_motion"": 0.6317015886306763, ""spatial_binding"": 0.6950010061264038, ""image_recognition"": 0.6991327404975891}","{""orientation_cued"": 0.5, ""motion_duration_cued"": 0.125, ""krauzlis_cued_motion"": 0.75, ""spatial_binding"": 0.25, ""image_recognition"": 0.5}","{""orientation_cued"": ""orientation_cued_D4"", ""motion_duration_cued"": ""motion_duration_cued_D0"", ""krauzlis_cued_motion"": ""krauzlis_B20"", ""spatial_binding"": ""spatial_binding_D12"", ""image_recognition"": ""image_recognition_N24_H3""}","{""orientation_cued"": {}, ""motion_duration_cued"": {}, ""krauzlis_cued_motion"": {}, ""spatial_binding"": {}, ""image_recognition"": {}}"
98,3920,82504,0.8316996216773986,0.5,0.8489901423454285,0,2.4987881183624268,"{""orientation_cued"": 0.6928942799568176, ""motion_duration_cued"": 1.4356833696365356, ""krauzlis_cued_motion"": 0.626685619354248, ""spatial_binding"": 0.6917022466659546, ""image_recognition"": 0.7115325927734375}","{""orientation_cued"": 0.5, ""motion_duration_cued"": 0.125, ""krauzlis_cued_motion"": 0.75, ""spatial_binding"": 0.625, ""image_recognition"": 0.5}","{""orientation_cued"": ""orientation_cued_D24"", ""motion_duration_cued"": ""motion_duration_cued_D24"", ""krauzlis_cued_motion"": ""krauzlis_B12"", ""spatial_binding"": ""spatial_binding_D0"", ""image_recognition"": ""image_recognition_N24_H4""}","{""orientation_cued"": {}, ""motion_duration_cued"": {}, ""krauzlis_cued_motion"": {}, ""spatial_binding"": {}, ""image_recognition"": {}}"
99,3960,83400,0.7527787625789643,0.6,1.4714486598968506,1,2.182809829711914,"{""orientation_cued"": 0.6959119439125061, ""motion_duration_cued"": 1.3769209384918213, ""krauzlis_cued_motion"": 0.5772180557250977, ""spatial_binding"": 0.6951931118965149, ""image_recognition"": 0.4186497628688812}","{""orientation_cued"": 0.5, ""motion_duration_cued"": 0.25, ""krauzlis_cued_motion"": 0.875, ""spatial_binding"": 0.375, ""image_recognition"": 1.0}","{""orientation_cued"": ""orientation_cued_D12"", ""motion_duration_cued"": ""motion_duration_cued_D4"", ""krauzlis_cued_motion"": ""krauzlis_B28"", ""spatial_binding"": ""spatial_binding_D24"", ""image_recognition"": ""image_recognition_N0_H3""}","{""orientation_cued"": {}, ""motion_duration_cued"": {}, ""krauzlis_cued_motion"": {}, ""spatial_binding"": {}, ""image_recognition"": {}}"
100,4000,83992,0.7942325592041015,0.5,1.2323933839797974,1,1.4330534934997559,"{""orientation_cued"": 0.6938003301620483, ""motion_duration_cued"": 1.3554905652999878, ""krauzlis_cued_motion"": 0.8135404586791992, ""spatial_binding"": 0.6960201859474182, ""image_recognition"": 0.41231125593185425}","{""orientation_cued"": 0.5, ""motion_duration_cued"": 0.375, ""krauzlis_cued_motion"": 0.25, ""spatial_binding"": 0.375, ""image_recognition"": 1.0}","{""orientation_cued"": ""orientation_cued_D0"", ""motion_duration_cued"": ""motion_duration_cued_D12"", ""krauzlis_cued_motion"": ""krauzlis_B12"", ""spatial_binding"": ""spatial_binding_D4"", ""image_recognition"": ""image_recognition_N0_H5""}","{""orientation_cued"": {}, ""motion_duration_cued"": {}, ""krauzlis_cued_motion"": {}, ""spatial_binding"": {}, ""image_recognition"": {}}"
101,4040,84856,0.8379081606864929,0.45,0.6651363968849182,0,2.0953328609466553,"{""orientation_cued"": 0.7010223865509033, ""motion_duration_cued"": 1.3965765237808228, ""krauzlis_cued_motion"": 0.6624326109886169, ""spatial_binding"": 0.69440758228302, ""image_recognition"": 0.7351016998291016}","{""orientation_cued"": 0.375, ""motion_duration_cued"": 0.25, ""krauzlis_cued_motion"": 0.625, ""spatial_binding"": 0.5, ""image_recognition"": 0.5}","{""orientation_cued"": ""orientation_cued_D12"", ""motion_duration_cued"": ""motion_duration_cued_D12"", ""krauzlis_cued_motion"": ""krauzlis_B28"", ""spatial_binding"": ""spatial_binding_D0"", ""image_recognition"": ""image_recognition_N12_H3""}","{""orientation_cued"": {}, ""motion_duration_cued"": {}, ""krauzlis_cued_motion"": {}, ""spatial_binding"": {}, ""image_recognition"": {}}"
102,4080,85784,0.8405577898025512,0.5,0.7146700620651245,0,2.233015775680542,"{""orientation_cued"": 0.6869579553604126, ""motion_duration_cued"": 1.3867501020431519, ""krauzlis_cued_motion"": 0.6617860794067383, ""spatial_binding"": 0.6918289065361023, ""image_recognition"": 0.7754659056663513}","{""orientation_cued"": 0.625, ""motion_duration_cued"": 0.25, ""krauzlis_cued_motion"": 0.625, ""spatial_binding"": 0.5, ""image_recognition"": 0.5}","{""orientation_cued"": ""orientation_cued_D0"", ""motion_duration_cued"": ""motion_duration_cued_D24"", ""krauzlis_cued_motion"": ""krauzlis_B20"", ""spatial_binding"": ""spatial_binding_D24"", ""image_recognition"": ""image_recognition_N4_H3""}","{""orientation_cued"": {}, ""motion_duration_cued"": {}, ""krauzlis_cued_motion"": {}, ""spatial_binding"": {}, ""image_recognition"": {}}"
103,4120,86760,0.8356307864189148,0.475,0.906578779220581,0,2.3684895038604736,"{""orientation_cued"": 0.6967080235481262, ""motion_duration_cued"": 1.367319107055664, ""krauzlis_cued_motion"": 0.661870002746582, ""spatial_binding"": 0.6959477663040161, ""image_recognition"": 0.7563090324401855}","{""orientation_cued"": 0.5, ""motion_duration_cued"": 0.375, ""krauzlis_cued_motion"": 0.625, ""spatial_binding"": 0.375, ""image_recognition"": 0.5}","{""orientation_cued"": ""orientation_cued_D24"", ""motion_duration_cued"": ""motion_duration_cued_D4"", ""krauzlis_cued_motion"": ""krauzlis_B12"", ""spatial_binding"": ""spatial_binding_D12"", ""image_recognition"": ""image_recognition_N24_H5""}","{""orientation_cued"": {}, ""motion_duration_cued"": {}, ""krauzlis_cued_motion"": {}, ""spatial_binding"": {}, ""image_recognition"": {}}"
104,4160,87504,0.8611820816993714,0.35,1.0648505687713623,1,1.8102729320526123,"{""orientation_cued"": 0.6928777694702148, ""motion_duration_cued"": 1.4274420738220215, ""krauzlis_cued_motion"": 0.722771942615509, ""spatial_binding"": 0.6977565884590149, ""image_recognition"": 0.7650620341300964}","{""orientation_cued"": 0.5, ""motion_duration_cued"": 0.125, ""krauzlis_cued_motion"": 0.5, ""spatial_binding"": 0.125, ""image_recognition"": 0.5}","{""orientation_cued"": ""orientation_cued_D4"", ""motion_duration_cued"": ""motion_duration_cued_D0"", ""krauzlis_cued_motion"": ""krauzlis_B28"", ""spatial_binding"": ""spatial_binding_D4"", ""image_recognition"": ""image_recognition_N12_H4""}","{""orientation_cued"": {}, ""motion_duration_cued"": {}, ""krauzlis_cued_motion"": {}, ""spatial_binding"": {}, ""image_recognition"": {}}"
105,4200,88288,0.8547298431396484,0.425,0.9920406937599182,0,1.885981559753418,"{""orientation_cued"": 0.7060218453407288, ""motion_duration_cued"": 1.39080810546875, ""krauzlis_cued_motion"": 0.7219895124435425, ""spatial_binding"": 0.6921823024749756, ""image_recognition"": 0.7626474499702454}","{""orientation_cued"": 0.25, ""motion_duration_cued"": 0.25, ""krauzlis_cued_motion"": 0.5, ""spatial_binding"": 0.625, ""image_recognition"": 0.5}","{""orientation_cued"": ""orientation_cued_D24"", ""motion_duration_cued"": ""motion_duration_cued_D0"", ""krauzlis_cued_motion"": ""krauzlis_B20"", ""spatial_binding"": ""spatial_binding_D4"", ""image_recognition"": ""image_recognition_N4_H5""}","{""orientation_cued"": {}, ""motion_duration_cued"": {}, ""krauzlis_cued_motion"": {}, ""spatial_binding"": {}, ""image_recognition"": {}}"
106,4240,89032,0.8506625294685364,0.425,0.8786619305610657,0,1.818962574005127,"{""orientation_cued"": 0.6941709518432617, ""motion_duration_cued"": 1.387163758277893, ""krauzlis_cued_motion"": 0.7197206020355225, ""spatial_binding"": 0.6908491849899292, ""image_recognition"": 0.7614081501960754}","{""orientation_cued"": 0.25, ""motion_duration_cued"": 0.25, ""krauzlis_cued_motion"": 0.5, ""spatial_binding"": 0.625, ""image_recognition"": 0.5}","{""orientation_cued"": ""orientation_cued_D12"", ""motion_duration_cued"": ""motion_duration_cued_D4"", ""krauzlis_cued_motion"": ""krauzlis_B28"", ""spatial_binding"": ""spatial_binding_D0"", ""image_recognition"": ""image_recognition_N4_H4""}","{""orientation_cued"": {}, ""motion_duration_cued"": {}, ""krauzlis_cued_motion"": {}, ""spatial_binding"": {}, ""image_recognition"": {}}"
107,4280,89784,0.8212960362434387,0.5,0.6526364088058472,0,1.8078444004058838,"{""orientation_cued"": 0.6961394548416138, ""motion_duration_cued"": 1.387497901916504, ""krauzlis_cued_motion"": 0.6085842847824097, ""spatial_binding"": 0.6894449591636658, ""image_recognition"": 0.7248135805130005}","{""orientation_cued"": 0.375, ""motion_duration_cued"": 0.25, ""krauzlis_cued_motion"": 0.75, ""spatial_binding"": 0.625, ""image_recognition"": 0.5}","{""orientation_cued"": ""orientation_cued_D0"", ""motion_duration_cued"": ""motion_duration_cued_D12"", ""krauzlis_cued_motion"": ""krauzlis_B12"", ""spatial_binding"": ""spatial_binding_D12"", ""image_recognition"": ""image_recognition_N12_H5""}","{""orientation_cued"": {}, ""motion_duration_cued"": {}, ""krauzlis_cued_motion"": {}, ""spatial_binding"": {}, ""image_recognition"": {}}"
108,4320,90720,0.7844127058982849,0.525,1.0108894109725952,1,2.2746224403381348,"{""orientation_cued"": 0.6969630718231201, ""motion_duration_cued"": 1.3895894289016724, ""krauzlis_cued_motion"": 0.713858425617218, ""spatial_binding"": 0.6948949694633484, ""image_recognition"": 0.4267576336860657}","{""orientation_cued"": 0.375, ""motion_duration_cued"": 0.25, ""krauzlis_cued_motion"": 0.5, ""spatial_binding"": 0.5, ""image_recognition"": 1.0}","{""orientation_cued"": ""orientation_cued_D4"", ""motion_duration_cued"": ""motion_duration_cued_D24"", ""krauzlis_cued_motion"": ""krauzlis_B20"", ""spatial_binding"": ""spatial_binding_D24"", ""image_recognition"": ""image_recognition_N0_H4""}","{""orientation_cued"": {}, ""motion_duration_cued"": {}, ""krauzlis_cued_motion"": {}, ""spatial_binding"": {}, ""image_recognition"": {}}"
109,4360,91968,0.8539145588874817,0.425,0.769290566444397,0,3.013399600982666,"{""orientation_cued"": 0.6912104487419128, ""motion_duration_cued"": 1.3870538473129272, ""krauzlis_cued_motion"": 0.7614761590957642, ""spatial_binding"": 0.6930418014526367, ""image_recognition"": 0.7367905378341675}","{""orientation_cued"": 0.5, ""motion_duration_cued"": 0.25, ""krauzlis_cued_motion"": 0.375, ""spatial_binding"": 0.5, ""image_recognition"": 0.5}","{""orientation_cued"": ""orientation_cued_D12"", ""motion_duration_cued"": ""motion_duration_cued_D24"", ""krauzlis_cued_motion"": ""krauzlis_B28"", ""spatial_binding"": ""spatial_binding_D24"", ""image_recognition"": ""image_recognition_N24_H3""}","{""orientation_cued"": {}, ""motion_duration_cued"": {}, ""krauzlis_cued_motion"": {}, ""spatial_binding"": {}, ""image_recognition"": {}}"
110,4400,92656,0.78441002368927,0.575,1.329141616821289,1,1.6763105392456055,"{""orientation_cued"": 0.6916556358337402, ""motion_duration_cued"": 1.397460699081421, ""krauzlis_cued_motion"": 0.6642922163009644, ""spatial_binding"": 0.6953940987586975, ""image_recognition"": 0.4732474684715271}","{""orientation_cued"": 0.5, ""motion_duration_cued"": 0.25, ""krauzlis_cued_motion"": 0.625, ""spatial_binding"": 0.5, ""image_recognition"": 1.0}","{""orientation_cued"": ""orientation_cued_D4"", ""motion_duration_cued"": ""motion_duration_cued_D12"", ""krauzlis_cued_motion"": ""krauzlis_B12"", ""spatial_binding"": ""spatial_binding_D12"", ""image_recognition"": ""image_recognition_N0_H5""}","{""orientation_cued"": {}, ""motion_duration_cued"": {}, ""krauzlis_cued_motion"": {}, ""spatial_binding"": {}, ""image_recognition"": {}}"
111,4440,93456,0.8394039630889892,0.475,0.5749214887619019,0,1.9247703552246094,"{""orientation_cued"": 0.692463755607605, ""motion_duration_cued"": 1.386608362197876, ""krauzlis_cued_motion"": 0.7067389488220215, ""spatial_binding"": 0.6900876760482788, ""image_recognition"": 0.721121072769165}","{""orientation_cued"": 0.625, ""motion_duration_cued"": 0.25, ""krauzlis_cued_motion"": 0.5, ""spatial_binding"": 0.5, ""image_recognition"": 0.5}","{""orientation_cued"": ""orientation_cued_D24"", ""motion_duration_cued"": ""motion_duration_cued_D4"", ""krauzlis_cued_motion"": ""krauzlis_B20"", ""spatial_binding"": ""spatial_binding_D4"", ""image_recognition"": ""image_recognition_N4_H3""}","{""orientation_cued"": {}, ""motion_duration_cued"": {}, ""krauzlis_cued_motion"": {}, ""spatial_binding"": {}, ""image_recognition"": {}}"
112,4480,94008,0.8251359701156616,0.5,0.5023771524429321,0,1.3522789478302002,"{""orientation_cued"": 0.6959788799285889, ""motion_duration_cued"": 1.3894400596618652, ""krauzlis_cued_motion"": 0.6287946105003357, ""spatial_binding"": 0.6903579235076904, ""image_recognition"": 0.7211083769798279}","{""orientation_cued"": 0.5, ""motion_duration_cued"": 0.25, ""krauzlis_cued_motion"": 0.75, ""spatial_binding"": 0.5, ""image_recognition"": 0.5}","{""orientation_cued"": ""orientation_cued_D0"", ""motion_duration_cued"": ""motion_duration_cued_D0"", ""krauzlis_cued_motion"": ""krauzlis_B12"", ""spatial_binding"": ""spatial_binding_D0"", ""image_recognition"": ""image_recognition_N12_H4""}","{""orientation_cued"": {}, ""motion_duration_cued"": {}, ""krauzlis_cued_motion"": {}, ""spatial_binding"": {}, ""image_recognition"": {}}"
113,4520,95272,0.8381324172019958,0.4,0.6470083594322205,0,3.0553696155548096,"{""orientation_cued"": 0.697077214717865, ""motion_duration_cued"": 1.391977071762085, ""krauzlis_cued_motion"": 0.7037194967269897, ""spatial_binding"": 0.6916654109954834, ""image_recognition"": 0.7062228918075562}","{""orientation_cued"": 0.375, ""motion_duration_cued"": 0.125, ""krauzlis_cued_motion"": 0.5, ""spatial_binding"": 0.5, ""image_recognition"": 0.5}","{""orientation_cued"": ""orientation_cued_D24"", ""motion_duration_cued"": ""motion_duration_cued_D24"", ""krauzlis_cued_motion"": ""krauzlis_B28"", ""spatial_binding"": ""spatial_binding_D12"", ""image_recognition"": ""image_recognition_N24_H5""}","{""orientation_cued"": {}, ""motion_duration_cued"": {}, ""krauzlis_cued_motion"": {}, ""spatial_binding"": {}, ""image_recognition"": {}}"
114,4560,95976,0.7818647623062134,0.575,1.529251217842102,1,1.705512285232544,"{""orientation_cued"": 0.6938952207565308, ""motion_duration_cued"": 1.392237663269043, ""krauzlis_cued_motion"": 0.6359242796897888, ""spatial_binding"": 0.6920319199562073, ""image_recognition"": 0.49523472785949707}","{""orientation_cued"": 0.5, ""motion_duration_cued"": 0.125, ""krauzlis_cued_motion"": 0.75, ""spatial_binding"": 0.5, ""image_recognition"": 1.0}","{""orientation_cued"": ""orientation_cued_D12"", ""motion_duration_cued"": ""motion_duration_cued_D12"", ""krauzlis_cued_motion"": ""krauzlis_B20"", ""spatial_binding"": ""spatial_binding_D0"", ""image_recognition"": ""image_recognition_N0_H3""}","{""orientation_cued"": {}, ""motion_duration_cued"": {}, ""krauzlis_cued_motion"": {}, ""spatial_binding"": {}, ""image_recognition"": {}}"
115,4600,96688,0.7968617975711823,0.5,1.1764246225357056,1,1.761336088180542,"{""orientation_cued"": 0.6970522999763489, ""motion_duration_cued"": 1.3698720932006836, ""krauzlis_cued_motion"": 0.7343295812606812, ""spatial_binding"": 0.6927348971366882, ""image_recognition"": 0.4903201162815094}","{""orientation_cued"": 0.25, ""motion_duration_cued"": 0.375, ""krauzlis_cued_motion"": 0.375, ""spatial_binding"": 0.5, ""image_recognition"": 1.0}","{""orientation_cued"": ""orientation_cued_D4"", ""motion_duration_cued"": ""motion_duration_cued_D4"", ""krauzlis_cued_motion"": ""krauzlis_B12"", ""spatial_binding"": ""spatial_binding_D24"", ""image_recognition"": ""image_recognition_N0_H4""}","{""orientation_cued"": {}, ""motion_duration_cued"": {}, ""krauzlis_cued_motion"": {}, ""spatial_binding"": {}, ""image_recognition"": {}}"
116,4640,97432,0.8417979121208191,0.45,0.5396137833595276,0,1.7901976108551025,"{""orientation_cued"": 0.690302848815918, ""motion_duration_cued"": 1.4115498065948486, ""krauzlis_cued_motion"": 0.7011514902114868, ""spatial_binding"": 0.6976785063743591, ""image_recognition"": 0.7083069086074829}","{""orientation_cued"": 0.625, ""motion_duration_cued"": 0.25, ""krauzlis_cued_motion"": 0.5, ""spatial_binding"": 0.375, ""image_recognition"": 0.5}","{""orientation_cued"": ""orientation_cued_D0"", ""motion_duration_cued"": ""motion_duration_cued_D0"", ""krauzlis_cued_motion"": ""krauzlis_B20"", ""spatial_binding"": ""spatial_binding_D4"", ""image_recognition"": ""image_recognition_N24_H4""}","{""orientation_cued"": {}, ""motion_duration_cued"": {}, ""krauzlis_cued_motion"": {}, ""spatial_binding"": {}, ""image_recognition"": {}}"
117,4680,98440,0.8351804494857789,0.425,1.0816742181777954,1,2.438613176345825,"{""orientation_cued"": 0.6888633370399475, ""motion_duration_cued"": 1.356078863143921, ""krauzlis_cued_motion"": 0.7321590781211853, ""spatial_binding"": 0.692528486251831, ""image_recognition"": 0.7062724828720093}","{""orientation_cued"": 0.625, ""motion_duration_cued"": 0.25, ""krauzlis_cued_motion"": 0.375, ""spatial_binding"": 0.375, ""image_recognition"": 0.5}","{""orientation_cued"": ""orientation_cued_D24"", ""motion_duration_cued"": ""motion_duration_cued_D4"", ""krauzlis_cued_motion"": ""krauzlis_B28"", ""spatial_binding"": ""spatial_binding_D12"", ""image_recognition"": ""image_recognition_N12_H5""}","{""orientation_cued"": {}, ""motion_duration_cued"": {}, ""krauzlis_cued_motion"": {}, ""spatial_binding"": {}, ""image_recognition"": {}}"
118,4720,99304,0.8315681695938111,0.475,0.8599163293838501,0,2.0943665504455566,"{""orientation_cued"": 0.6982585191726685, ""motion_duration_cued"": 1.3935880661010742, ""krauzlis_cued_motion"": 0.6720395684242249, ""spatial_binding"": 0.6934691071510315, ""image_recognition"": 0.7004855871200562}","{""orientation_cued"": 0.375, ""motion_duration_cued"": 0.25, ""krauzlis_cued_motion"": 0.625, ""spatial_binding"": 0.625, ""image_recognition"": 0.5}","{""orientation_cued"": ""orientation_cued_D4"", ""motion_duration_cued"": ""motion_duration_cued_D12"", ""krauzlis_cued_motion"": ""krauzlis_B12"", ""spatial_binding"": ""spatial_binding_D24"", ""image_recognition"": ""image_recognition_N12_H3""}","{""orientation_cued"": {}, ""motion_duration_cued"": {}, ""krauzlis_cued_motion"": {}, ""spatial_binding"": {}, ""image_recognition"": {}}"
119,4760,100152,0.8342575073242188,0.425,0.4413687288761139,0,2.037114143371582,"{""orientation_cued"": 0.6923209428787231, ""motion_duration_cued"": 1.3907866477966309, ""krauzlis_cued_motion"": 0.6981621384620667, ""spatial_binding"": 0.6978814601898193, ""image_recognition"": 0.6921363472938538}","{""orientation_cued"": 0.5, ""motion_duration_cued"": 0.125, ""krauzlis_cued_motion"": 0.5, ""spatial_binding"": 0.5, ""image_recognition"": 0.5}","{""orientation_cued"": ""orientation_cued_D0"", ""motion_duration_cued"": ""motion_duration_cued_D24"", ""krauzlis_cued_motion"": ""krauzlis_B28"", ""spatial_binding"": ""spatial_binding_D4"", ""image_recognition"": ""image_recognition_N4_H5""}","{""orientation_cued"": {}, ""motion_duration_cued"": {}, ""krauzlis_cued_motion"": {}, ""spatial_binding"": {}, ""image_recognition"": {}}"
120,4800,100800,0.822106945514679,0.5,0.48584944009780884,0,1.586796522140503,"{""orientation_cued"": 0.6923049092292786, ""motion_duration_cued"": 1.3691695928573608, ""krauzlis_cued_motion"": 0.6533276438713074, ""spatial_binding"": 0.693989634513855, ""image_recognition"": 0.701742947101593}","{""orientation_cued"": 0.5, ""motion_duration_cued"": 0.25, ""krauzlis_cued_motion"": 0.75, ""spatial_binding"": 0.5, ""image_recognition"": 0.5}","{""orientation_cued"": ""orientation_cued_D12"", ""motion_duration_cued"": ""motion_duration_cued_D0"", ""krauzlis_cued_motion"": ""krauzlis_B20"", ""spatial_binding"": ""spatial_binding_D0"", ""image_recognition"": ""image_recognition_N4_H4""}","{""orientation_cued"": {}, ""motion_duration_cued"": {}, ""krauzlis_cued_motion"": {}, ""spatial_binding"": {}, ""image_recognition"": {}}"
121,4840,101776,0.8301871657371521,0.475,0.6275187730789185,0,2.3470537662506104,"{""orientation_cued"": 0.6845753788948059, ""motion_duration_cued"": 1.3973950147628784, ""krauzlis_cued_motion"": 0.6544572710990906, ""spatial_binding"": 0.6964203119277954, ""image_recognition"": 0.7180878520011902}","{""orientation_cued"": 0.625, ""motion_duration_cued"": 0.125, ""krauzlis_cued_motion"": 0.75, ""spatial_binding"": 0.5, ""image_recognition"": 0.375}","{""orientation_cued"": ""orientation_cued_D0"", ""motion_duration_cued"": ""motion_duration_cued_D24"", ""krauzlis_cued_motion"": ""krauzlis_B28"", ""spatial_binding"": ""spatial_binding_D12"", ""image_recognition"": ""image_recognition_N12_H5""}","{""orientation_cued"": {}, ""motion_duration_cued"": {}, ""krauzlis_cued_motion"": {}, ""spatial_binding"": {}, ""image_recognition"": {}}"
122,4880,102336,0.8031726956367493,0.45,1.3510195016860962,1,1.375398874282837,"{""orientation_cued"": 0.7002644538879395, ""motion_duration_cued"": 1.378470778465271, ""krauzlis_cued_motion"": 0.6972596049308777, ""spatial_binding"": 0.6955216526985168, ""image_recognition"": 0.5443469882011414}","{""orientation_cued"": 0.375, ""motion_duration_cued"": 0.25, ""krauzlis_cued_motion"": 0.5, ""spatial_binding"": 0.25, ""image_recognition"": 0.875}","{""orientation_cued"": ""orientation_cued_D4"", ""motion_duration_cued"": ""motion_duration_cued_D0"", ""krauzlis_cued_motion"": ""krauzlis_B20"", ""spatial_binding"": ""spatial_binding_D0"", ""image_recognition"": ""image_recognition_N0_H5""}","{""orientation_cued"": {}, ""motion_duration_cued"": {}, ""krauzlis_cued_motion"": {}, ""spatial_binding"": {}, ""image_recognition"": {}}"
123,4920,103248,0.8384672284126282,0.475,0.5152453184127808,0,2.20906138420105,"{""orientation_cued"": 0.7002874612808228, ""motion_duration_cued"": 1.3874692916870117, ""krauzlis_cued_motion"": 0.6979127526283264, ""spatial_binding"": 0.6930347681045532, ""image_recognition"": 0.7136318683624268}","{""orientation_cued"": 0.375, ""motion_duration_cued"": 0.375, ""krauzlis_cued_motion"": 0.5, ""spatial_binding"": 0.625, ""image_recognition"": 0.5}","{""orientation_cued"": ""orientation_cued_D24"", ""motion_duration_cued"": ""motion_duration_cued_D4"", ""krauzlis_cued_motion"": ""krauzlis_B12"", ""spatial_binding"": ""spatial_binding_D4"", ""image_recognition"": ""image_recognition_N24_H5""}","{""orientation_cued"": {}, ""motion_duration_cued"": {}, ""krauzlis_cued_motion"": {}, ""spatial_binding"": {}, ""image_recognition"": {}}"
124,4960,104176,0.8263118743896485,0.625,0.602838397026062,0,2.22939395904541,"{""orientation_cued"": 0.6910701990127563, ""motion_duration_cued"": 1.3770540952682495, ""krauzlis_cued_motion"": 0.6475338339805603, ""spatial_binding"": 0.6872376203536987, ""image_recognition"": 0.7286636233329773}","{""orientation_cued"": 0.625, ""motion_duration_cued"": 0.375, ""krauzlis_cued_motion"": 0.75, ""spatial_binding"": 0.875, ""image_recognition"": 0.5}","{""orientation_cued"": ""orientation_cued_D12"", ""motion_duration_cued"": ""motion_duration_cued_D12"", ""krauzlis_cued_motion"": ""krauzlis_B20"", ""spatial_binding"": ""spatial_binding_D24"", ""image_recognition"": ""image_recognition_N4_H3""}","{""orientation_cued"": {}, ""motion_duration_cued"": {}, ""krauzlis_cued_motion"": {}, ""spatial_binding"": {}, ""image_recognition"": {}}"
125,5000,105136,0.8348835945129395,0.475,0.6325573325157166,0,2.3224937915802,"{""orientation_cued"": 0.6954021453857422, ""motion_duration_cued"": 1.371467113494873, ""krauzlis_cued_motion"": 0.699470043182373, ""spatial_binding"": 0.6959313750267029, ""image_recognition"": 0.7121472954750061}","{""orientation_cued"": 0.5, ""motion_duration_cued"": 0.375, ""krauzlis_cued_motion"": 0.5, ""spatial_binding"": 0.5, ""image_recognition"": 0.5}","{""orientation_cued"": ""orientation_cued_D0"", ""motion_duration_cued"": ""motion_duration_cued_D12"", ""krauzlis_cued_motion"": ""krauzlis_B28"", ""spatial_binding"": ""spatial_binding_D24"", ""image_recognition"": ""image_recognition_N12_H3""}","{""orientation_cued"": {}, ""motion_duration_cued"": {}, ""krauzlis_cued_motion"": {}, ""spatial_binding"": {}, ""image_recognition"": {}}"
126,5040,105712,0.7757272720336914,0.525,1.2998517751693726,1,1.3898849487304688,"{""orientation_cued"": 0.6935664415359497, ""motion_duration_cued"": 1.3859057426452637, ""krauzlis_cued_motion"": 0.670658528804779, ""spatial_binding"": 0.6944704055786133, ""image_recognition"": 0.4340352416038513}","{""orientation_cued"": 0.375, ""motion_duration_cued"": 0.125, ""krauzlis_cued_motion"": 0.625, ""spatial_binding"": 0.5, ""image_recognition"": 1.0}","{""orientation_cued"": ""orientation_cued_D12"", ""motion_duration_cued"": ""motion_duration_cued_D4"", ""krauzlis_cued_motion"": ""krauzlis_B12"", ""spatial_binding"": ""spatial_binding_D0"", ""image_recognition"": ""image_recognition_N0_H3""}","{""orientation_cued"": {}, ""motion_duration_cued"": {}, ""krauzlis_cued_motion"": {}, ""spatial_binding"": {}, ""image_recognition"": {}}"
127,5080,106616,0.7802128732204437,0.575,1.2380131483078003,1,2.2143592834472656,"{""orientation_cued"": 0.6939345002174377, ""motion_duration_cued"": 1.3647778034210205, ""krauzlis_cued_motion"": 0.70164954662323, ""spatial_binding"": 0.6902839541435242, ""image_recognition"": 0.4504185616970062}","{""orientation_cued"": 0.5, ""motion_duration_cued"": 0.375, ""krauzlis_cued_motion"": 0.5, ""spatial_binding"": 0.5, ""image_recognition"": 1.0}","{""orientation_cued"": ""orientation_cued_D4"", ""motion_duration_cued"": ""motion_duration_cued_D24"", ""krauzlis_cued_motion"": ""krauzlis_B28"", ""spatial_binding"": ""spatial_binding_D12"", ""image_recognition"": ""image_recognition_N0_H4""}","{""orientation_cued"": {}, ""motion_duration_cued"": {}, ""krauzlis_cued_motion"": {}, ""spatial_binding"": {}, ""image_recognition"": {}}"
128,5120,107400,0.8136368513107299,0.575,0.7310760617256165,0,1.9091970920562744,"{""orientation_cued"": 0.6921688914299011, ""motion_duration_cued"": 1.3758195638656616, ""krauzlis_cued_motion"": 0.5953549146652222, ""spatial_binding"": 0.6971641778945923, ""image_recognition"": 0.7076767086982727}","{""orientation_cued"": 0.625, ""motion_duration_cued"": 0.375, ""krauzlis_cued_motion"": 0.875, ""spatial_binding"": 0.5, ""image_recognition"": 0.5}","{""orientation_cued"": ""orientation_cued_D24"", ""motion_duration_cued"": ""motion_duration_cued_D0"", ""krauzlis_cued_motion"": ""krauzlis_B20"", ""spatial_binding"": ""spatial_binding_D4"", ""image_recognition"": ""image_recognition_N4_H5""}","{""orientation_cued"": {}, ""motion_duration_cued"": {}, ""krauzlis_cued_motion"": {}, ""spatial_binding"": {}, ""image_recognition"": {}}"
129,5160,108080,0.839668357372284,0.45,0.8823145031929016,0,1.6779613494873047,"{""orientation_cued"": 0.6943119764328003, ""motion_duration_cued"": 1.3987478017807007, ""krauzlis_cued_motion"": 0.6654530763626099, ""spatial_binding"": 0.6918339133262634, ""image_recognition"": 0.7479950189590454}","{""orientation_cued"": 0.5, ""motion_duration_cued"": 0.125, ""krauzlis_cued_motion"": 0.625, ""spatial_binding"": 0.5, ""image_recognition"": 0.5}","{""orientation_cued"": ""orientation_cued_D0"", ""motion_duration_cued"": ""motion_duration_cued_D12"", ""krauzlis_cued_motion"": ""krauzlis_B12"", ""spatial_binding"": ""spatial_binding_D4"", ""image_recognition"": ""image_recognition_N12_H4""}","{""orientation_cued"": {""priority_entropy"": 5.129155158996582, ""priority_peak"": 0.006526930723339319, ""priority_gradient_norm"": 0.031429044902324677, ""attention_gradient_norm"": 0.002824010094627738}, ""motion_duration_cued"": {""priority_entropy"": 5.129230976104736, ""priority_peak"": 0.006370355375111103, ""priority_gradient_norm"": 0.25847625732421875, ""attention_gradient_norm"": 0.01697138510644436}, ""krauzlis_cued_motion"": {""priority_entropy"": 5.129621505737305, ""priority_peak"": 0.006230092607438564, ""priority_gradient_norm"": 0.2584465444087982, ""attention_gradient_norm"": 0.01574859954416752}, ""spatial_binding"": {""priority_entropy"": 5.129786491394043, ""priority_peak"": 0.006146516650915146, ""priority_gradient_norm"": 0.25607696175575256, ""attention_gradient_norm"": 0.014927156269550323}, ""image_recognition"": {""priority_entropy"": 5.1298675537109375, ""priority_peak"": 0.006032481323927641, ""priority_gradient_norm"": 0.4040844142436981, ""attention_gradient_norm"": 0.05788376182317734}}"
130,5200,109144,0.8216651439666748,0.45,0.6516615152359009,0,2.575812578201294,"{""orientation_cued"": 0.6951553225517273, ""motion_duration_cued"": 1.395613431930542, ""krauzlis_cued_motion"": 0.6637389659881592, ""spatial_binding"": 0.6905115246772766, ""image_recognition"": 0.663306474685669}","{""orientation_cued"": 0.375, ""motion_duration_cued"": 0.25, ""krauzlis_cued_motion"": 0.625, ""spatial_binding"": 0.5, ""image_recognition"": 0.5}","{""orientation_cued"": ""orientation_cued_D24"", ""motion_duration_cued"": ""motion_duration_cued_D4"", ""krauzlis_cued_motion"": ""krauzlis_B12"", ""spatial_binding"": ""spatial_binding_D24"", ""image_recognition"": ""image_recognition_N24_H4""}","{""orientation_cued"": {}, ""motion_duration_cued"": {}, ""krauzlis_cued_motion"": {}, ""spatial_binding"": {}, ""image_recognition"": {}}"
131,5240,109976,0.8304837942123413,0.425,0.883413553237915,0,2.0201942920684814,"{""orientation_cued"": 0.6989449262619019, ""motion_duration_cued"": 1.3873674869537354, ""krauzlis_cued_motion"": 0.6628390550613403, ""spatial_binding"": 0.6902022361755371, ""image_recognition"": 0.7130652666091919}","{""orientation_cued"": 0.375, ""motion_duration_cued"": 0.125, ""krauzlis_cued_motion"": 0.625, ""spatial_binding"": 0.5, ""image_recognition"": 0.5}","{""orientation_cued"": ""orientation_cued_D4"", ""motion_duration_cued"": ""motion_duration_cued_D0"", ""krauzlis_cued_motion"": ""krauzlis_B20"", ""spatial_binding"": ""spatial_binding_D12"", ""image_recognition"": ""image_recognition_N24_H3""}","{""orientation_cued"": {}, ""motion_duration_cued"": {}, ""krauzlis_cued_motion"": {}, ""spatial_binding"": {}, ""image_recognition"": {}}"
132,5280,110880,0.8712348341941833,0.4,1.1470106840133667,1,2.170487642288208,"{""orientation_cued"": 0.689187228679657, ""motion_duration_cued"": 1.3619816303253174, ""krauzlis_cued_motion"": 0.8711162209510803, ""spatial_binding"": 0.691464364528656, ""image_recognition"": 0.742424726486206}","{""orientation_cued"": 0.625, ""motion_duration_cued"": 0.25, ""krauzlis_cued_motion"": 0.125, ""spatial_binding"": 0.5, ""image_recognition"": 0.5}","{""orientation_cued"": ""orientation_cued_D12"", ""motion_duration_cued"": ""motion_duration_cued_D24"", ""krauzlis_cued_motion"": ""krauzlis_B28"", ""spatial_binding"": ""spatial_binding_D0"", ""image_recognition"": ""image_recognition_N4_H4""}","{""orientation_cued"": {}, ""motion_duration_cued"": {}, ""krauzlis_cued_motion"": {}, ""spatial_binding"": {}, ""image_recognition"": {}}"
133,5320,111568,0.7710503339767456,0.55,1.4733716249465942,1,1.6772208213806152,"{""orientation_cued"": 0.6972655653953552, ""motion_duration_cued"": 1.3880674839019775, ""krauzlis_cued_motion"": 0.663604199886322, ""spatial_binding"": 0.6913963556289673, ""image_recognition"": 0.41491806507110596}","{""orientation_cued"": 0.375, ""motion_duration_cued"": 0.25, ""krauzlis_cued_motion"": 0.625, ""spatial_binding"": 0.5, ""image_recognition"": 1.0}","{""orientation_cued"": ""orientation_cued_D4"", ""motion_duration_cued"": ""motion_duration_cued_D4"", ""krauzlis_cued_motion"": ""krauzlis_B28"", ""spatial_binding"": ""spatial_binding_D4"", ""image_recognition"": ""image_recognition_N0_H5""}","{""orientation_cued"": {}, ""motion_duration_cued"": {}, ""krauzlis_cued_motion"": {}, ""spatial_binding"": {}, ""image_recognition"": {}}"
134,5360,112512,0.8433485984802246,0.4,0.8478941917419434,0,2.2901558876037598,"{""orientation_cued"": 0.6961240768432617, ""motion_duration_cued"": 1.3917529582977295, ""krauzlis_cued_motion"": 0.7124602794647217, ""spatial_binding"": 0.6919198036193848, ""image_recognition"": 0.7244858741760254}","{""orientation_cued"": 0.375, ""motion_duration_cued"": 0.25, ""krauzlis_cued_motion"": 0.5, ""spatial_binding"": 0.375, ""image_recognition"": 0.5}","{""orientation_cued"": ""orientation_cued_D24"", ""motion_duration_cued"": ""motion_duration_cued_D24"", ""krauzlis_cued_motion"": ""krauzlis_B20"", ""spatial_binding"": ""spatial_binding_D0"", ""image_recognition"": ""image_recognition_N4_H5""}","{""orientation_cued"": {}, ""motion_duration_cued"": {}, ""krauzlis_cued_motion"": {}, ""spatial_binding"": {}, ""image_recognition"": {}}"
135,5400,113184,0.8342732906341552,0.475,0.49245280027389526,0,1.6211862564086914,"{""orientation_cued"": 0.6888664960861206, ""motion_duration_cued"": 1.3889371156692505, ""krauzlis_cued_motion"": 0.6639201641082764, ""spatial_binding"": 0.6947280168533325, ""image_recognition"": 0.7349146604537964}","{""orientation_cued"": 0.625, ""motion_duration_cued"": 0.25, ""krauzlis_cued_motion"": 0.625, ""spatial_binding"": 0.375, ""image_recognition"": 0.5}","{""orientation_cued"": ""orientation_cued_D0"", ""motion_duration_cued"": ""motion_duration_cued_D0"", ""krauzlis_cued_motion"": ""krauzlis_B12"", ""spatial_binding"": ""spatial_binding_D24"", ""image_recognition"": ""image_recognition_N4_H3""}","{""orientation_cued"": {}, ""motion_duration_cued"": {}, ""krauzlis_cued_motion"": {}, ""spatial_binding"": {}, ""image_recognition"": {}}"
136,5440,114192,0.8266622662544251,0.5,0.3881591260433197,0,2.4405999183654785,"{""orientation_cued"": 0.6911492347717285, ""motion_duration_cued"": 1.3880107402801514, ""krauzlis_cued_motion"": 0.6648649573326111, ""spatial_binding"": 0.6938996315002441, ""image_recognition"": 0.6953867673873901}","{""orientation_cued"": 0.625, ""motion_duration_cued"": 0.25, ""krauzlis_cued_motion"": 0.625, ""spatial_binding"": 0.5, ""image_recognition"": 0.5}","{""orientation_cued"": ""orientation_cued_D12"", ""motion_duration_cued"": ""motion_duration_cued_D12"", ""krauzlis_cued_motion"": ""krauzlis_B20"", ""spatial_binding"": ""spatial_binding_D12"", ""image_recognition"": ""image_recognition_N24_H5""}","{""orientation_cued"": {}, ""motion_duration_cued"": {}, ""krauzlis_cued_motion"": {}, ""spatial_binding"": {}, ""image_recognition"": {}}"
137,5480,115184,0.8102770686149597,0.55,0.558607816696167,0,2.403130531311035,"{""orientation_cued"": 0.6930156946182251, ""motion_duration_cued"": 1.3558112382888794, ""krauzlis_cued_motion"": 0.6227275133132935, ""spatial_binding"": 0.6959145069122314, ""image_recognition"": 0.6839163899421692}","{""orientation_cued"": 0.5, ""motion_duration_cued"": 0.375, ""krauzlis_cued_motion"": 0.75, ""spatial_binding"": 0.5, ""image_recognition"": 0.625}","{""orientation_cued"": ""orientation_cued_D24"", ""motion_duration_cued"": ""motion_duration_cued_D0"", ""krauzlis_cued_motion"": ""krauzlis_B28"", ""spatial_binding"": ""spatial_binding_D4"", ""image_recognition"": ""image_recognition_N24_H3""}","{""orientation_cued"": {}, ""motion_duration_cued"": {}, ""krauzlis_cued_motion"": {}, ""spatial_binding"": {}, ""image_recognition"": {}}"
138,5520,115928,0.8390832781791687,0.425,0.5414970517158508,0,1.7927088737487793,"{""orientation_cued"": 0.6956765651702881, ""motion_duration_cued"": 1.3704900741577148, ""krauzlis_cued_motion"": 0.7507627010345459, ""spatial_binding"": 0.6919999122619629, ""image_recognition"": 0.6864871382713318}","{""orientation_cued"": 0.5, ""motion_duration_cued"": 0.375, ""krauzlis_cued_motion"": 0.375, ""spatial_binding"": 0.5, ""image_recognition"": 0.375}","{""orientation_cued"": ""orientation_cued_D12"", ""motion_duration_cued"": ""motion_duration_cued_D12"", ""krauzlis_cued_motion"": ""krauzlis_B12"", ""spatial_binding"": ""spatial_binding_D0"", ""image_recognition"": ""image_recognition_N12_H4""}","{""orientation_cued"": {}, ""motion_duration_cued"": {}, ""krauzlis_cued_motion"": {}, ""spatial_binding"": {}, ""image_recognition"": {}}"
139,5560,116760,0.8328239560127259,0.5,0.8759702444076538,0,2.019191026687622,"{""orientation_cued"": 0.6877557039260864, ""motion_duration_cued"": 1.3764922618865967, ""krauzlis_cued_motion"": 0.7064251899719238, ""spatial_binding"": 0.691439151763916, ""image_recognition"": 0.7020074725151062}","{""orientation_cued"": 0.625, ""motion_duration_cued"": 0.375, ""krauzlis_cued_motion"": 0.5, ""spatial_binding"": 0.5, ""image_recognition"": 0.5}","{""orientation_cued"": ""orientation_cued_D0"", ""motion_duration_cued"": ""motion_duration_cued_D24"", ""krauzlis_cued_motion"": ""krauzlis_B12"", ""spatial_binding"": ""spatial_binding_D12"", ""image_recognition"": ""image_recognition_N12_H3""}","{""orientation_cued"": {}, ""motion_duration_cued"": {}, ""krauzlis_cued_motion"": {}, ""spatial_binding"": {}, ""image_recognition"": {}}"
140,5600,117640,0.8251805782318116,0.525,0.555493175983429,0,2.118961811065674,"{""orientation_cued"": 0.6890918016433716, ""motion_duration_cued"": 1.3723911046981812, ""krauzlis_cued_motion"": 0.7052585482597351, ""spatial_binding"": 0.6938119530677795, ""image_recognition"": 0.6653494834899902}","{""orientation_cued"": 0.625, ""motion_duration_cued"": 0.25, ""krauzlis_cued_motion"": 0.5, ""spatial_binding"": 0.5, ""image_recognition"": 0.75}","{""orientation_cued"": ""orientation_cued_D4"", ""motion_duration_cued"": ""motion_duration_cued_D4"", ""krauzlis_cued_motion"": ""krauzlis_B20"", ""spatial_binding"": ""spatial_binding_D24"", ""image_recognition"": ""image_recognition_N12_H5""}","{""orientation_cued"": {}, ""motion_duration_cued"": {}, ""krauzlis_cued_motion"": {}, ""spatial_binding"": {}, ""image_recognition"": {}}"
141,5640,118416,0.7916984796524048,0.575,1.847779393196106,1,1.9030227661132812,"{""orientation_cued"": 0.6782708764076233, ""motion_duration_cued"": 1.375493049621582, ""krauzlis_cued_motion"": 0.7394269108772278, ""spatial_binding"": 0.6889978647232056, ""image_recognition"": 0.47630369663238525}","{""orientation_cued"": 0.75, ""motion_duration_cued"": 0.25, ""krauzlis_cued_motion"": 0.375, ""spatial_binding"": 0.5, ""image_recognition"": 1.0}","{""orientation_cued"": ""orientation_cued_D12"", ""motion_duration_cued"": ""motion_duration_cued_D12"", ""krauzlis_cued_motion"": ""krauzlis_B28"", ""spatial_binding"": ""spatial_binding_D0"", ""image_recognition"": ""image_recognition_N0_H4""}","{""orientation_cued"": {}, ""motion_duration_cued"": {}, ""krauzlis_cued_motion"": {}, ""spatial_binding"": {}, ""image_recognition"": {}}"
142,5680,119160,0.8367603421211243,0.45,0.9728925824165344,0,1.8122313022613525,"{""orientation_cued"": 0.7210263609886169, ""motion_duration_cued"": 1.3792637586593628, ""krauzlis_cued_motion"": 0.6686524748802185, ""spatial_binding"": 0.696367621421814, ""image_recognition"": 0.7184914946556091}","{""orientation_cued"": 0.25, ""motion_duration_cued"": 0.375, ""krauzlis_cued_motion"": 0.625, ""spatial_binding"": 0.5, ""image_recognition"": 0.5}","{""orientation_cued"": ""orientation_cued_D4"", ""motion_duration_cued"": ""motion_duration_cued_D4"", ""krauzlis_cued_motion"": ""krauzlis_B12"", ""spatial_binding"": ""spatial_binding_D4"", ""image_recognition"": ""image_recognition_N24_H4""}","{""orientation_cued"": {}, ""motion_duration_cued"": {}, ""krauzlis_cued_motion"": {}, ""spatial_binding"": {}, ""image_recognition"": {}}"
143,5720,120120,0.7591282844543457,0.55,2.184429883956909,1,2.303975820541382,"{""orientation_cued"": 0.6963561177253723, ""motion_duration_cued"": 1.4394245147705078, ""krauzlis_cued_motion"": 0.6012148857116699, ""spatial_binding"": 0.6959949135780334, ""image_recognition"": 0.362650990486145}","{""orientation_cued"": 0.25, ""motion_duration_cued"": 0.125, ""krauzlis_cued_motion"": 0.875, ""spatial_binding"": 0.5, ""image_recognition"": 1.0}","{""orientation_cued"": ""orientation_cued_D24"", ""motion_duration_cued"": ""motion_duration_cued_D0"", ""krauzlis_cued_motion"": ""krauzlis_B28"", ""spatial_binding"": ""spatial_binding_D24"", ""image_recognition"": ""image_recognition_N0_H3""}","{""orientation_cued"": {}, ""motion_duration_cued"": {}, ""krauzlis_cued_motion"": {}, ""spatial_binding"": {}, ""image_recognition"": {}}"
144,5760,120960,0.8329053521156311,0.475,0.7227034568786621,0,2.0389366149902344,"{""orientation_cued"": 0.6963962316513062, ""motion_duration_cued"": 1.4126217365264893, ""krauzlis_cued_motion"": 0.6672447919845581, ""spatial_binding"": 0.6934428811073303, ""image_recognition"": 0.6948211193084717}","{""orientation_cued"": 0.5, ""motion_duration_cued"": 0.125, ""krauzlis_cued_motion"": 0.625, ""spatial_binding"": 0.5, ""image_recognition"": 0.625}","{""orientation_cued"": ""orientation_cued_D0"", ""motion_duration_cued"": ""motion_duration_cued_D24"", ""krauzlis_cued_motion"": ""krauzlis_B20"", ""spatial_binding"": ""spatial_binding_D12"", ""image_recognition"": ""image_recognition_N4_H4""}","{""orientation_cued"": {}, ""motion_duration_cued"": {}, ""krauzlis_cued_motion"": {}, ""spatial_binding"": {}, ""image_recognition"": {}}"
145,5800,121904,0.8289477467536926,0.475,0.7874503135681152,0,2.2924602031707764,"{""orientation_cued"": 0.6933813095092773, ""motion_duration_cued"": 1.3611805438995361, ""krauzlis_cued_motion"": 0.7050328850746155, ""spatial_binding"": 0.6932782530784607, ""image_recognition"": 0.6918657422065735}","{""orientation_cued"": 0.5, ""motion_duration_cued"": 0.375, ""krauzlis_cued_motion"": 0.5, ""spatial_binding"": 0.5, ""image_recognition"": 0.5}","{""orientation_cued"": ""orientation_cued_D12"", ""motion_duration_cued"": ""motion_duration_cued_D4"", ""krauzlis_cued_motion"": ""krauzlis_B20"", ""spatial_binding"": ""spatial_binding_D24"", ""image_recognition"": ""image_recognition_N12_H5""}","{""orientation_cued"": {}, ""motion_duration_cued"": {}, ""krauzlis_cued_motion"": {}, ""spatial_binding"": {}, ""image_recognition"": {}}"
146,5840,122672,0.8487353801727295,0.375,0.9310871958732605,0,1.8480265140533447,"{""orientation_cued"": 0.7021102905273438, ""motion_duration_cued"": 1.4401997327804565, ""krauzlis_cued_motion"": 0.7054247856140137, ""spatial_binding"": 0.6951431632041931, ""image_recognition"": 0.7007989287376404}","{""orientation_cued"": 0.375, ""motion_duration_cued"": 0.125, ""krauzlis_cued_motion"": 0.5, ""spatial_binding"": 0.375, ""image_recognition"": 0.5}","{""orientation_cued"": ""orientation_cued_D24"", ""motion_duration_cued"": ""motion_duration_cued_D0"", ""krauzlis_cued_motion"": ""krauzlis_B12"", ""spatial_binding"": ""spatial_binding_D12"", ""image_recognition"": ""image_recognition_N4_H3""}","{""orientation_cued"": {}, ""motion_duration_cued"": {}, ""krauzlis_cued_motion"": {}, ""spatial_binding"": {}, ""image_recognition"": {}}"
147,5880,123424,0.8528986215591431,0.45,1.0908573865890503,1,1.830686092376709,"{""orientation_cued"": 0.6879298686981201, ""motion_duration_cued"": 1.3975186347961426, ""krauzlis_cued_motion"": 0.7439622282981873, ""spatial_binding"": 0.6952458620071411, ""image_recognition"": 0.7398365139961243}","{""orientation_cued"": 0.625, ""motion_duration_cued"": 0.25, ""krauzlis_cued_motion"": 0.375, ""spatial_binding"": 0.5, ""image_recognition"": 0.5}","{""orientation_cued"": ""orientation_cued_D4"", ""motion_duration_cued"": ""motion_duration_cued_D12"", ""krauzlis_cued_motion"": ""krauzlis_B28"", ""spatial_binding"": ""spatial_binding_D0"", ""image_recognition"": ""image_recognition_N4_H5""}","{""orientation_cued"": {}, ""motion_duration_cued"": {}, ""krauzlis_cued_motion"": {}, ""spatial_binding"": {}, ""image_recognition"": {}}"
148,5920,124432,0.8258171319961548,0.425,0.7676382660865784,0,2.45015811920166,"{""orientation_cued"": 0.7179923057556152, ""motion_duration_cued"": 1.3793818950653076, ""krauzlis_cued_motion"": 0.6317251324653625, ""spatial_binding"": 0.6949357390403748, ""image_recognition"": 0.7050505876541138}","{""orientation_cued"": 0.375, ""motion_duration_cued"": 0.25, ""krauzlis_cued_motion"": 0.75, ""spatial_binding"": 0.25, ""image_recognition"": 0.5}","{""orientation_cued"": ""orientation_cued_D0"", ""motion_duration_cued"": ""motion_duration_cued_D24"", ""krauzlis_cued_motion"": ""krauzlis_B28"", ""spatial_binding"": ""spatial_binding_D4"", ""image_recognition"": ""image_recognition_N24_H5""}","{""orientation_cued"": {}, ""motion_duration_cued"": {}, ""krauzlis_cued_motion"": {}, ""spatial_binding"": {}, ""image_recognition"": {}}"
149,5960,125264,0.8487931966781617,0.325,0.6698010563850403,0,2.00795578956604,"{""orientation_cued"": 0.6928466558456421, ""motion_duration_cued"": 1.4190555810928345, ""krauzlis_cued_motion"": 0.702606737613678, ""spatial_binding"": 0.6968485116958618, ""image_recognition"": 0.7326084971427917}","{""orientation_cued"": 0.5, ""motion_duration_cued"": 0.125, ""krauzlis_cued_motion"": 0.5, ""spatial_binding"": 0.125, ""image_recognition"": 0.375}","{""orientation_cued"": ""orientation_cued_D12"", ""motion_duration_cued"": ""motion_duration_cued_D0"", ""krauzlis_cued_motion"": ""krauzlis_B12"", ""spatial_binding"": ""spatial_binding_D12"", ""image_recognition"": ""image_recognition_N24_H3""}","{""orientation_cued"": {}, ""motion_duration_cued"": {}, ""krauzlis_cued_motion"": {}, ""spatial_binding"": {}, ""image_recognition"": {}}"
150,6000,126128,0.8226483702659607,0.5,0.6109641790390015,0,2.0982754230499268,"{""orientation_cued"": 0.6941007971763611, ""motion_duration_cued"": 1.398514986038208, ""krauzlis_cued_motion"": 0.6688218116760254, ""spatial_binding"": 0.6940656900405884, ""image_recognition"": 0.6577385663986206}","{""orientation_cued"": 0.5, ""motion_duration_cued"": 0.25, ""krauzlis_cued_motion"": 0.625, ""spatial_binding"": 0.5, ""image_recognition"": 0.625}","{""orientation_cued"": ""orientation_cued_D4"", ""motion_duration_cued"": ""motion_duration_cued_D24"", ""krauzlis_cued_motion"": ""krauzlis_B20"", ""spatial_binding"": ""spatial_binding_D4"", ""image_recognition"": ""image_recognition_N12_H3""}","{""orientation_cued"": {}, ""motion_duration_cued"": {}, ""krauzlis_cued_motion"": {}, ""spatial_binding"": {}, ""image_recognition"": {}}"
151,6040,126840,0.825943672657013,0.45,0.6723888516426086,0,1.712580919265747,"{""orientation_cued"": 0.7131368517875671, ""motion_duration_cued"": 1.3773157596588135, ""krauzlis_cued_motion"": 0.6382155418395996, ""spatial_binding"": 0.6945387125015259, ""image_recognition"": 0.7065114974975586}","{""orientation_cued"": 0.375, ""motion_duration_cued"": 0.375, ""krauzlis_cued_motion"": 0.75, ""spatial_binding"": 0.25, ""image_recognition"": 0.5}","{""orientation_cued"": ""orientation_cued_D0"", ""motion_duration_cued"": ""motion_duration_cued_D4"", ""krauzlis_cued_motion"": ""krauzlis_B28"", ""spatial_binding"": ""spatial_binding_D0"", ""image_recognition"": ""image_recognition_N12_H4""}","{""orientation_cued"": {}, ""motion_duration_cued"": {}, ""krauzlis_cued_motion"": {}, ""spatial_binding"": {}, ""image_recognition"": {}}"
152,6080,127784,0.7628461718559265,0.575,1.3929638862609863,1,2.285905361175537,"{""orientation_cued"": 0.6900677680969238, ""motion_duration_cued"": 1.3831077814102173, ""krauzlis_cued_motion"": 0.66945481300354, ""spatial_binding"": 0.6914180517196655, ""image_recognition"": 0.3801824450492859}","{""orientation_cued"": 0.625, ""motion_duration_cued"": 0.125, ""krauzlis_cued_motion"": 0.625, ""spatial_binding"": 0.5, ""image_recognition"": 1.0}","{""orientation_cued"": ""orientation_cued_D24"", ""motion_duration_cued"": ""motion_duration_cued_D12"", ""krauzlis_cued_motion"": ""krauzlis_B12"", ""spatial_binding"": ""spatial_binding_D24"", ""image_recognition"": ""image_recognition_N0_H5""}","{""orientation_cued"": {}, ""motion_duration_cued"": {}, ""krauzlis_cued_motion"": {}, ""spatial_binding"": {}, ""image_recognition"": {}}"
153,6120,128464,0.8276755452156067,0.5,0.7881453633308411,0,1.660524606704712,"{""orientation_cued"": 0.692920446395874, ""motion_duration_cued"": 1.3916256427764893, ""krauzlis_cued_motion"": 0.6337160468101501, ""spatial_binding"": 0.6925331950187683, ""image_recognition"": 0.7275823950767517}","{""orientation_cued"": 0.5, ""motion_duration_cued"": 0.25, ""krauzlis_cued_motion"": 0.75, ""spatial_binding"": 0.5, ""image_recognition"": 0.5}","{""orientation_cued"": ""orientation_cued_D0"", ""motion_duration_cued"": ""motion_duration_cued_D12"", ""krauzlis_cued_motion"": ""krauzlis_B20"", ""spatial_binding"": ""spatial_binding_D4"", ""image_recognition"": ""image_recognition_N4_H4""}","{""orientation_cued"": {}, ""motion_duration_cued"": {}, ""krauzlis_cued_motion"": {}, ""spatial_binding"": {}, ""image_recognition"": {}}"
154,6160,129400,0.7514779269695282,0.6,1.3602389097213745,1,2.272744655609131,"{""orientation_cued"": 0.6914336085319519, ""motion_duration_cued"": 1.3964370489120483, ""krauzlis_cued_motion"": 0.6287916302680969, ""spatial_binding"": 0.6938567161560059, ""image_recognition"": 0.34687063097953796}","{""orientation_cued"": 0.5, ""motion_duration_cued"": 0.25, ""krauzlis_cued_motion"": 0.75, ""spatial_binding"": 0.5, ""image_recognition"": 1.0}","{""orientation_cued"": ""orientation_cued_D24"", ""motion_duration_cued"": ""motion_duration_cued_D24"", ""krauzlis_cued_motion"": ""krauzlis_B12"", ""spatial_binding"": ""spatial_binding_D12"", ""image_recognition"": ""image_recognition_N0_H4""}","{""orientation_cued"": {}, ""motion_duration_cued"": {}, ""krauzlis_cued_motion"": {}, ""spatial_binding"": {}, ""image_recognition"": {}}"
155,6200,130264,0.7493934333324432,0.55,0.9277120232582092,0,2.0973711013793945,"{""orientation_cued"": 0.6979884505271912, ""motion_duration_cued"": 1.3881468772888184, ""krauzlis_cued_motion"": 0.6647889614105225, ""spatial_binding"": 0.6949833035469055, ""image_recognition"": 0.3010595738887787}","{""orientation_cued"": 0.375, ""motion_duration_cued"": 0.25, ""krauzlis_cued_motion"": 0.625, ""spatial_binding"": 0.5, ""image_recognition"": 1.0}","{""orientation_cued"": ""orientation_cued_D12"", ""motion_duration_cued"": ""motion_duration_cued_D0"", ""krauzlis_cued_motion"": ""krauzlis_B28"", ""spatial_binding"": ""spatial_binding_D24"", ""image_recognition"": ""image_recognition_N0_H3""}","{""orientation_cued"": {}, ""motion_duration_cued"": {}, ""krauzlis_cued_motion"": {}, ""spatial_binding"": {}, ""image_recognition"": {}}"
156,6240,131040,0.8591664791107178,0.4,0.8354744911193848,0,1.8868165016174316,"{""orientation_cued"": 0.6886749267578125, ""motion_duration_cued"": 1.3871058225631714, ""krauzlis_cued_motion"": 0.762425422668457, ""spatial_binding"": 0.6962997913360596, ""image_recognition"": 0.7613264322280884}","{""orientation_cued"": 0.625, ""motion_duration_cued"": 0.25, ""krauzlis_cued_motion"": 0.375, ""spatial_binding"": 0.5, ""image_recognition"": 0.25}","{""orientation_cued"": ""orientation_cued_D4"", ""motion_duration_cued"": ""motion_duration_cued_D4"", ""krauzlis_cued_motion"": ""krauzlis_B20"", ""spatial_binding"": ""spatial_binding_D0"", ""image_recognition"": ""image_recognition_N24_H4""}","{""orientation_cued"": {}, ""motion_duration_cued"": {}, ""krauzlis_cued_motion"": {}, ""spatial_binding"": {}, ""image_recognition"": {}}"
157,6280,131808,0.8362501859664917,0.475,1.0738043785095215,1,1.8488986492156982,"{""orientation_cued"": 0.6897635459899902, ""motion_duration_cued"": 1.4268248081207275, ""krauzlis_cued_motion"": 0.6616154313087463, ""spatial_binding"": 0.693731963634491, ""image_recognition"": 0.7093151807785034}","{""orientation_cued"": 0.625, ""motion_duration_cued"": 0.125, ""krauzlis_cued_motion"": 0.625, ""spatial_binding"": 0.5, ""image_recognition"": 0.5}","{""orientation_cued"": ""orientation_cued_D0"", ""motion_duration_cued"": ""motion_duration_cued_D24"", ""krauzlis_cued_motion"": ""krauzlis_B12"", ""spatial_binding"": ""spatial_binding_D12"", ""image_recognition"": ""image_recognition_N4_H3""}","{""orientation_cued"": {}, ""motion_duration_cued"": {}, ""krauzlis_cued_motion"": {}, ""spatial_binding"": {}, ""image_recognition"": {}}"
158,6320,132744,0.82586510181427,0.5,0.6694955229759216,0,2.272702932357788,"{""orientation_cued"": 0.7051761746406555, ""motion_duration_cued"": 1.371763825416565, ""krauzlis_cued_motion"": 0.7173040509223938, ""spatial_binding"": 0.6942621469497681, ""image_recognition"": 0.6408193111419678}","{""orientation_cued"": 0.375, ""motion_duration_cued"": 0.375, ""krauzlis_cued_motion"": 0.5, ""spatial_binding"": 0.5, ""image_recognition"": 0.75}","{""orientation_cued"": ""orientation_cued_D12"", ""motion_duration_cued"": ""motion_duration_cued_D12"", ""krauzlis_cued_motion"": ""krauzlis_B20"", ""spatial_binding"": ""spatial_binding_D4"", ""image_recognition"": ""image_recognition_N24_H4""}","{""orientation_cued"": {}, ""motion_duration_cued"": {}, ""krauzlis_cued_motion"": {}, ""spatial_binding"": {}, ""image_recognition"": {}}"
159,6360,133392,0.7572119235992432,0.5,1.1100331544876099,1,1.5614817142486572,"{""orientation_cued"": 0.7060631513595581, ""motion_duration_cued"": 1.3770476579666138, ""krauzlis_cued_motion"": 0.7710515260696411, ""spatial_binding"": 0.6954337954521179, ""image_recognition"": 0.2364634871482849}","{""orientation_cued"": 0.375, ""motion_duration_cued"": 0.5, ""krauzlis_cued_motion"": 0.375, ""spatial_binding"": 0.25, ""image_recognition"": 1.0}","{""orientation_cued"": ""orientation_cued_D4"", ""motion_duration_cued"": ""motion_duration_cued_D4"", ""krauzlis_cued_motion"": ""krauzlis_B28"", ""spatial_binding"": ""spatial_binding_D0"", ""image_recognition"": ""image_recognition_N0_H4""}","{""orientation_cued"": {}, ""motion_duration_cued"": {}, ""krauzlis_cued_motion"": {}, ""spatial_binding"": {}, ""image_recognition"": {}}"
160,6400,134560,0.8483489513397217,0.375,1.019669771194458,1,2.822051525115967,"{""orientation_cued"": 0.6830078363418579, ""motion_duration_cued"": 1.4117528200149536, ""krauzlis_cued_motion"": 0.6629624366760254, ""spatial_binding"": 0.6923774480819702, ""image_recognition"": 0.7916442155838013}","{""orientation_cued"": 0.625, ""motion_duration_cued"": 0.0, ""krauzlis_cued_motion"": 0.625, ""spatial_binding"": 0.5, ""image_recognition"": 0.125}","{""orientation_cued"": ""orientation_cued_D24"", ""motion_duration_cued"": ""motion_duration_cued_D0"", ""krauzlis_cued_motion"": ""krauzlis_B28"", ""spatial_binding"": ""spatial_binding_D24"", ""image_recognition"": ""image_recognition_N24_H5""}","{""orientation_cued"": {}, ""motion_duration_cued"": {}, ""krauzlis_cued_motion"": {}, ""spatial_binding"": {}, ""image_recognition"": {}}"
161,6440,135056,0.752957946062088,0.475,1.4848520755767822,1,1.2215619087219238,"{""orientation_cued"": 0.6986544132232666, ""motion_duration_cued"": 1.3878779411315918, ""krauzlis_cued_motion"": 0.7650274038314819, ""spatial_binding"": 0.6967424750328064, ""image_recognition"": 0.21648749709129333}","{""orientation_cued"": 0.375, ""motion_duration_cued"": 0.375, ""krauzlis_cued_motion"": 0.375, ""spatial_binding"": 0.25, ""image_recognition"": 1.0}","{""orientation_cued"": ""orientation_cued_D0"", ""motion_duration_cued"": ""motion_duration_cued_D0"", ""krauzlis_cued_motion"": ""krauzlis_B12"", ""spatial_binding"": ""spatial_binding_D4"", ""image_recognition"": ""image_recognition_N0_H5""}","{""orientation_cued"": {}, ""motion_duration_cued"": {}, ""krauzlis_cued_motion"": {}, ""spatial_binding"": {}, ""image_recognition"": {}}"
162,6480,136096,0.8240344882011413,0.525,1.2007910013198853,1,2.5144169330596924,"{""orientation_cued"": 0.6848115921020508, ""motion_duration_cued"": 1.3524959087371826, ""krauzlis_cued_motion"": 0.6635255217552185, ""spatial_binding"": 0.6951913833618164, ""image_recognition"": 0.7241480350494385}","{""orientation_cued"": 0.625, ""motion_duration_cued"": 0.375, ""krauzlis_cued_motion"": 0.625, ""spatial_binding"": 0.5, ""image_recognition"": 0.5}","{""orientation_cued"": ""orientation_cued_D24"", ""motion_duration_cued"": ""motion_duration_cued_D12"", ""krauzlis_cued_motion"": ""krauzlis_B20"", ""spatial_binding"": ""spatial_binding_D24"", ""image_recognition"": ""image_recognition_N4_H5""}","{""orientation_cued"": {}, ""motion_duration_cued"": {}, ""krauzlis_cued_motion"": {}, ""spatial_binding"": {}, ""image_recognition"": {}}"
163,6520,136864,0.8302332043647767,0.475,0.7401392459869385,0,1.8774752616882324,"{""orientation_cued"": 0.6937969326972961, ""motion_duration_cued"": 1.3872017860412598, ""krauzlis_cued_motion"": 0.7095174789428711, ""spatial_binding"": 0.6951307058334351, ""image_recognition"": 0.665519118309021}","{""orientation_cued"": 0.5, ""motion_duration_cued"": 0.25, ""krauzlis_cued_motion"": 0.5, ""spatial_binding"": 0.5, ""image_recognition"": 0.625}","{""orientation_cued"": ""orientation_cued_D4"", ""motion_duration_cued"": ""motion_duration_cued_D4"", ""krauzlis_cued_motion"": ""krauzlis_B20"", ""spatial_binding"": ""spatial_binding_D0"", ""image_recognition"": ""image_recognition_N24_H3""}","{""orientation_cued"": {}, ""motion_duration_cued"": {}, ""krauzlis_cued_motion"": {}, ""spatial_binding"": {}, ""image_recognition"": {}}"
164,6560,137928,0.8303840517997741,0.425,0.6878699660301208,0,2.573880910873413,"{""orientation_cued"": 0.698185384273529, ""motion_duration_cued"": 1.4150193929672241, ""krauzlis_cued_motion"": 0.6637320518493652, ""spatial_binding"": 0.6950157880783081, ""image_recognition"": 0.6799676418304443}","{""orientation_cued"": 0.375, ""motion_duration_cued"": 0.125, ""krauzlis_cued_motion"": 0.625, ""spatial_binding"": 0.5, ""image_recognition"": 0.5}","{""orientation_cued"": ""orientation_cued_D12"", ""motion_duration_cued"": ""motion_duration_cued_D24"", ""krauzlis_cued_motion"": ""krauzlis_B28"", ""spatial_binding"": ""spatial_binding_D12"", ""image_recognition"": ""image_recognition_N12_H4""}","{""orientation_cued"": {}, ""motion_duration_cued"": {}, ""krauzlis_cued_motion"": {}, ""spatial_binding"": {}, ""image_recognition"": {}}"
165,6600,138760,0.8123316049575806,0.5,0.6222847104072571,0,1.999790906906128,"{""orientation_cued"": 0.6979880928993225, ""motion_duration_cued"": 1.3721978664398193, ""krauzlis_cued_motion"": 0.6230835914611816, ""spatial_binding"": 0.696678638458252, ""image_recognition"": 0.6717098355293274}","{""orientation_cued"": 0.375, ""motion_duration_cued"": 0.25, ""krauzlis_cued_motion"": 0.75, ""spatial_binding"": 0.5, ""image_recognition"": 0.625}","{""orientation_cued"": ""orientation_cued_D12"", ""motion_duration_cued"": ""motion_duration_cued_D12"", ""krauzlis_cued_motion"": ""krauzlis_B12"", ""spatial_binding"": ""spatial_binding_D12"", ""image_recognition"": ""image_recognition_N12_H3""}","{""orientation_cued"": {}, ""motion_duration_cued"": {}, ""krauzlis_cued_motion"": {}, ""spatial_binding"": {}, ""image_recognition"": {}}"
166,6640,139640,0.8316179871559143,0.5,0.6209616661071777,0,2.1338162422180176,"{""orientation_cued"": 0.6930839419364929, ""motion_duration_cued"": 1.4309711456298828, ""krauzlis_cued_motion"": 0.6652823090553284, ""spatial_binding"": 0.6906330585479736, ""image_recognition"": 0.6781194806098938}","{""orientation_cued"": 0.5, ""motion_duration_cued"": 0.25, ""krauzlis_cued_motion"": 0.625, ""spatial_binding"": 0.5, ""image_recognition"": 0.625}","{""orientation_cued"": ""orientation_cued_D4"", ""motion_duration_cued"": ""motion_duration_cued_D24"", ""krauzlis_cued_motion"": ""krauzlis_B20"", ""spatial_binding"": ""spatial_binding_D4"", ""image_recognition"": ""image_recognition_N12_H5""}","{""orientation_cued"": {}, ""motion_duration_cued"": {}, ""krauzlis_cued_motion"": {}, ""spatial_binding"": {}, ""image_recognition"": {}}"
167,6680,140248,0.7232624977827072,0.6,0.6832342147827148,0,1.4869329929351807,"{""orientation_cued"": 0.6872572898864746, ""motion_duration_cued"": 1.3817193508148193, ""krauzlis_cued_motion"": 0.7090505361557007, ""spatial_binding"": 0.6936821937561035, ""image_recognition"": 0.14460311830043793}","{""orientation_cued"": 0.625, ""motion_duration_cued"": 0.375, ""krauzlis_cued_motion"": 0.5, ""spatial_binding"": 0.5, ""image_recognition"": 1.0}","{""orientation_cued"": ""orientation_cued_D0"", ""motion_duration_cued"": ""motion_duration_cued_D4"", ""krauzlis_cued_motion"": ""krauzlis_B28"", ""spatial_binding"": ""spatial_binding_D0"", ""image_recognition"": ""image_recognition_N0_H3""}","{""orientation_cued"": {}, ""motion_duration_cued"": {}, ""krauzlis_cued_motion"": {}, ""spatial_binding"": {}, ""image_recognition"": {}}"
168,6720,141120,0.8509948015213012,0.4,2.0323705673217773,1,2.1051926612854004,"{""orientation_cued"": 0.7117162346839905, ""motion_duration_cued"": 1.4036898612976074, ""krauzlis_cued_motion"": 0.6179599165916443, ""spatial_binding"": 0.6951862573623657, ""image_recognition"": 0.8264217376708984}","{""orientation_cued"": 0.375, ""motion_duration_cued"": 0.25, ""krauzlis_cued_motion"": 0.75, ""spatial_binding"": 0.125, ""image_recognition"": 0.5}","{""orientation_cued"": ""orientation_cued_D24"", ""motion_duration_cued"": ""motion_duration_cued_D0"", ""krauzlis_cued_motion"": ""krauzlis_B12"", ""spatial_binding"": ""spatial_binding_D24"", ""image_recognition"": ""image_recognition_N4_H4""}","{""orientation_cued"": {}, ""motion_duration_cued"": {}, ""krauzlis_cued_motion"": {}, ""spatial_binding"": {}, ""image_recognition"": {}}"
169,6760,141992,0.8744636654853821,0.35,2.591172456741333,1,2.118147850036621,"{""orientation_cued"": 0.7059414386749268, ""motion_duration_cued"": 1.389401912689209, ""krauzlis_cued_motion"": 0.8034189343452454, ""spatial_binding"": 0.6922211647033691, ""image_recognition"": 0.7813348770141602}","{""orientation_cued"": 0.25, ""motion_duration_cued"": 0.25, ""krauzlis_cued_motion"": 0.25, ""spatial_binding"": 0.5, ""image_recognition"": 0.5}","{""orientation_cued"": ""orientation_cued_D4"", ""motion_duration_cued"": ""motion_duration_cued_D4"", ""krauzlis_cued_motion"": ""krauzlis_B28"", ""spatial_binding"": ""spatial_binding_D24"", ""image_recognition"": ""image_recognition_N4_H4""}","{""orientation_cued"": {}, ""motion_duration_cued"": {}, ""krauzlis_cued_motion"": {}, ""spatial_binding"": {}, ""image_recognition"": {}}"
170,6800,142648,0.7140814661979675,0.625,0.7888654470443726,0,1.5813210010528564,"{""orientation_cued"": 0.6670120358467102, ""motion_duration_cued"": 1.4098256826400757, ""krauzlis_cued_motion"": 0.6646411418914795, ""spatial_binding"": 0.6916625499725342, ""image_recognition"": 0.13726592063903809}","{""orientation_cued"": 0.75, ""motion_duration_cued"": 0.25, ""krauzlis_cued_motion"": 0.625, ""spatial_binding"": 0.5, ""image_recognition"": 1.0}","{""orientation_cued"": ""orientation_cued_D0"", ""motion_duration_cued"": ""motion_duration_cued_D12"", ""krauzlis_cued_motion"": ""krauzlis_B12"", ""spatial_binding"": ""spatial_binding_D12"", ""image_recognition"": ""image_recognition_N0_H5""}","{""orientation_cued"": {}, ""motion_duration_cued"": {}, ""krauzlis_cued_motion"": {}, ""spatial_binding"": {}, ""image_recognition"": {}}"
171,6840,143656,0.8322747707366943,0.475,0.6690003275871277,0,2.43868350982666,"{""orientation_cued"": 0.7015500068664551, ""motion_duration_cued"": 1.4022353887557983, ""krauzlis_cued_motion"": 0.664762020111084, ""spatial_binding"": 0.695227861404419, ""image_recognition"": 0.6975985765457153}","{""orientation_cued"": 0.375, ""motion_duration_cued"": 0.25, ""krauzlis_cued_motion"": 0.625, ""spatial_binding"": 0.5, ""image_recognition"": 0.625}","{""orientation_cued"": ""orientation_cued_D12"", ""motion_duration_cued"": ""motion_duration_cued_D24"", ""krauzlis_cued_motion"": ""krauzlis_B20"", ""spatial_binding"": ""spatial_binding_D0"", ""image_recognition"": ""image_recognition_N24_H5""}","{""orientation_cued"": {}, ""motion_duration_cued"": {}, ""krauzlis_cued_motion"": {}, ""spatial_binding"": {}, ""image_recognition"": {}}"
172,6880,144584,0.8284913778305054,0.475,1.0321112871170044,1,2.249809980392456,"{""orientation_cued"": 0.6741659641265869, ""motion_duration_cued"": 1.4133577346801758, ""krauzlis_cued_motion"": 0.6657823920249939, ""spatial_binding"": 0.6956382989883423, ""image_recognition"": 0.693512499332428}","{""orientation_cued"": 0.625, ""motion_duration_cued"": 0.125, ""krauzlis_cued_motion"": 0.625, ""spatial_binding"": 0.5, ""image_recognition"": 0.5}","{""orientation_cued"": ""orientation_cued_D24"", ""motion_duration_cued"": ""motion_duration_cued_D0"", ""krauzlis_cued_motion"": ""krauzlis_B20"", ""spatial_binding"": ""spatial_binding_D4"", ""image_recognition"": ""image_recognition_N24_H3""}","{""orientation_cued"": {}, ""motion_duration_cued"": {}, ""krauzlis_cued_motion"": {}, ""spatial_binding"": {}, ""image_recognition"": {}}"
173,6920,145480,0.8600326180458069,0.35,2.3020098209381104,1,2.154229164123535,"{""orientation_cued"": 0.7247599363327026, ""motion_duration_cued"": 1.3793349266052246, ""krauzlis_cued_motion"": 0.7941447496414185, ""spatial_binding"": 0.6943372488021851, ""image_recognition"": 0.7075862288475037}","{""orientation_cued"": 0.375, ""motion_duration_cued"": 0.125, ""krauzlis_cued_motion"": 0.25, ""spatial_binding"": 0.5, ""image_recognition"": 0.5}","{""orientation_cued"": ""orientation_cued_D24"", ""motion_duration_cued"": ""motion_duration_cued_D4"", ""krauzlis_cued_motion"": ""krauzlis_B12"", ""spatial_binding"": ""spatial_binding_D24"", ""image_recognition"": ""image_recognition_N4_H3""}","{""orientation_cued"": {}, ""motion_duration_cued"": {}, ""krauzlis_cued_motion"": {}, ""spatial_binding"": {}, ""image_recognition"": {}}"
174,6960,146296,0.824201250076294,0.525,1.163996934890747,1,1.9794597625732422,"{""orientation_cued"": 0.6925621032714844, ""motion_duration_cued"": 1.3934218883514404, ""krauzlis_cued_motion"": 0.6658081412315369, ""spatial_binding"": 0.6944862008094788, ""image_recognition"": 0.6747279167175293}","{""orientation_cued"": 0.625, ""motion_duration_cued"": 0.375, ""krauzlis_cued_motion"": 0.625, ""spatial_binding"": 0.5, ""image_recognition"": 0.5}","{""orientation_cued"": ""orientation_cued_D12"", ""motion_duration_cued"": ""motion_duration_cued_D0"", ""krauzlis_cued_motion"": ""krauzlis_B28"", ""spatial_binding"": ""spatial_binding_D12"", ""image_recognition"": ""image_recognition_N4_H5""}","{""orientation_cued"": {}, ""motion_duration_cued"": {}, ""krauzlis_cued_motion"": {}, ""spatial_binding"": {}, ""image_recognition"": {}}"
175,7000,147200,0.8325629353523254,0.475,0.47111776471138,0,2.2018449306488037,"{""orientation_cued"": 0.6704556941986084, ""motion_duration_cued"": 1.377232313156128, ""krauzlis_cued_motion"": 0.7051864862442017, ""spatial_binding"": 0.6947381496429443, ""image_recognition"": 0.7152020335197449}","{""orientation_cued"": 0.625, ""motion_duration_cued"": 0.375, ""krauzlis_cued_motion"": 0.5, ""spatial_binding"": 0.5, ""image_recognition"": 0.375}","{""orientation_cued"": ""orientation_cued_D0"", ""motion_duration_cued"": ""motion_duration_cued_D24"", ""krauzlis_cued_motion"": ""krauzlis_B28"", ""spatial_binding"": ""spatial_binding_D4"", ""image_recognition"": ""image_recognition_N12_H4""}","{""orientation_cued"": {}, ""motion_duration_cued"": {}, ""krauzlis_cued_motion"": {}, ""spatial_binding"": {}, ""image_recognition"": {}}"
176,7040,147872,0.8191704154014587,0.475,0.6751008033752441,0,1.6180682182312012,"{""orientation_cued"": 0.6964061260223389, ""motion_duration_cued"": 1.3908607959747314, ""krauzlis_cued_motion"": 0.6286489963531494, ""spatial_binding"": 0.6909345388412476, ""image_recognition"": 0.6890016198158264}","{""orientation_cued"": 0.375, ""motion_duration_cued"": 0.125, ""krauzlis_cued_motion"": 0.75, ""spatial_binding"": 0.5, ""image_recognition"": 0.625}","{""orientation_cued"": ""orientation_cued_D4"", ""motion_duration_cued"": ""motion_duration_cued_D12"", ""krauzlis_cued_motion"": ""krauzlis_B12"", ""spatial_binding"": ""spatial_binding_D0"", ""image_recognition"": ""image_recognition_N12_H3""}","{""orientation_cued"": {}, ""motion_duration_cued"": {}, ""krauzlis_cued_motion"": {}, ""spatial_binding"": {}, ""image_recognition"": {}}"
177,7080,149000,0.8343588829040527,0.475,0.6451104283332825,0,2.7240753173828125,"{""orientation_cued"": 0.668712317943573, ""motion_duration_cued"": 1.3763129711151123, ""krauzlis_cued_motion"": 0.741896390914917, ""spatial_binding"": 0.6938395500183105, ""image_recognition"": 0.6910331845283508}","{""orientation_cued"": 0.625, ""motion_duration_cued"": 0.375, ""krauzlis_cued_motion"": 0.375, ""spatial_binding"": 0.5, ""image_recognition"": 0.5}","{""orientation_cued"": ""orientation_cued_D24"", ""motion_duration_cued"": ""motion_duration_cued_D24"", ""krauzlis_cued_motion"": ""krauzlis_B20"", ""spatial_binding"": ""spatial_binding_D4"", ""image_recognition"": ""image_recognition_N24_H4""}","{""orientation_cued"": {}, ""motion_duration_cued"": {}, ""krauzlis_cued_motion"": {}, ""spatial_binding"": {}, ""image_recognition"": {}}"
178,7120,149840,0.7178533837199211,0.55,0.753966212272644,0,2.0418272018432617,"{""orientation_cued"": 0.6907988786697388, ""motion_duration_cued"": 1.389381766319275, ""krauzlis_cued_motion"": 0.7033689618110657, ""spatial_binding"": 0.6920486092567444, ""image_recognition"": 0.11366870254278183}","{""orientation_cued"": 0.5, ""motion_duration_cued"": 0.25, ""krauzlis_cued_motion"": 0.5, ""spatial_binding"": 0.5, ""image_recognition"": 1.0}","{""orientation_cued"": ""orientation_cued_D12"", ""motion_duration_cued"": ""motion_duration_cued_D12"", ""krauzlis_cued_motion"": ""krauzlis_B12"", ""spatial_binding"": ""spatial_binding_D24"", ""image_recognition"": ""image_recognition_N0_H4""}","{""orientation_cued"": {}, ""motion_duration_cued"": {}, ""krauzlis_cued_motion"": {}, ""spatial_binding"": {}, ""image_recognition"": {}}"
179,7160,150592,0.8439390659332275,0.45,1.2378336191177368,1,1.8201038837432861,"{""orientation_cued"": 0.7686461210250854, ""motion_duration_cued"": 1.3526537418365479, ""krauzlis_cued_motion"": 0.700849175453186, ""spatial_binding"": 0.6933318376541138, ""image_recognition"": 0.7042144536972046}","{""orientation_cued"": 0.25, ""motion_duration_cued"": 0.375, ""krauzlis_cued_motion"": 0.5, ""spatial_binding"": 0.5, ""image_recognition"": 0.625}","{""orientation_cued"": ""orientation_cued_D0"", ""motion_duration_cued"": ""motion_duration_cued_D4"", ""krauzlis_cued_motion"": ""krauzlis_B20"", ""spatial_binding"": ""spatial_binding_D12"", ""image_recognition"": ""image_recognition_N12_H5""}","{""orientation_cued"": {}, ""motion_duration_cued"": {}, ""krauzlis_cued_motion"": {}, ""spatial_binding"": {}, ""image_recognition"": {}}"
180,7200,151200,0.7324898600578308,0.475,1.556727647781372,1,1.4908771514892578,"{""orientation_cued"": 0.7282775640487671, ""motion_duration_cued"": 1.4384551048278809, ""krauzlis_cued_motion"": 0.697883665561676, ""spatial_binding"": 0.6936811804771423, ""image_recognition"": 0.10415178537368774}","{""orientation_cued"": 0.25, ""motion_duration_cued"": 0.125, ""krauzlis_cued_motion"": 0.5, ""spatial_binding"": 0.5, ""image_recognition"": 1.0}","{""orientation_cued"": ""orientation_cued_D4"", ""motion_duration_cued"": ""motion_duration_cued_D0"", ""krauzlis_cued_motion"": ""krauzlis_B28"", ""spatial_binding"": ""spatial_binding_D0"", ""image_recognition"": ""image_recognition_N0_H3""}","{""orientation_cued"": {}, ""motion_duration_cued"": {}, ""krauzlis_cued_motion"": {}, ""spatial_binding"": {}, ""image_recognition"": {}}"
181,7240,152400,0.8237070798873901,0.5,0.652601420879364,0,2.910205125808716,"{""orientation_cued"": 0.673468828201294, ""motion_duration_cued"": 1.3615407943725586, ""krauzlis_cued_motion"": 0.6967884302139282, ""spatial_binding"": 0.6955448389053345, ""image_recognition"": 0.6911925077438354}","{""orientation_cued"": 0.625, ""motion_duration_cued"": 0.375, ""krauzlis_cued_motion"": 0.5, ""spatial_binding"": 0.5, ""image_recognition"": 0.5}","{""orientation_cued"": ""orientation_cued_D4"", ""motion_duration_cued"": ""motion_duration_cued_D24"", ""krauzlis_cued_motion"": ""krauzlis_B28"", ""spatial_binding"": ""spatial_binding_D24"", ""image_recognition"": ""image_recognition_N24_H5""}","{""orientation_cued"": {}, ""motion_duration_cued"": {}, ""krauzlis_cued_motion"": {}, ""spatial_binding"": {}, ""image_recognition"": {}}"
182,7280,153112,0.8480415582656861,0.425,1.2132130861282349,1,1.727142333984375,"{""orientation_cued"": 0.7289661169052124, ""motion_duration_cued"": 1.424853801727295, ""krauzlis_cued_motion"": 0.676954448223114, ""spatial_binding"": 0.6969399452209473, ""image_recognition"": 0.7124934792518616}","{""orientation_cued"": 0.375, ""motion_duration_cued"": 0.125, ""krauzlis_cued_motion"": 0.625, ""spatial_binding"": 0.5, ""image_recognition"": 0.5}","{""orientation_cued"": ""orientation_cued_D12"", ""motion_duration_cued"": ""motion_duration_cued_D4"", ""krauzlis_cued_motion"": ""krauzlis_B12"", ""spatial_binding"": ""spatial_binding_D4"", ""image_recognition"": ""image_recognition_N12_H4""}","{""orientation_cued"": {}, ""motion_duration_cued"": {}, ""krauzlis_cued_motion"": {}, ""spatial_binding"": {}, ""image_recognition"": {}}"
183,7320,154200,0.8351935982704163,0.425,0.627469539642334,0,2.6359403133392334,"{""orientation_cued"": 0.7005475163459778, ""motion_duration_cued"": 1.3910682201385498, ""krauzlis_cued_motion"": 0.6955061554908752, ""spatial_binding"": 0.6996710300445557, ""image_recognition"": 0.6891750693321228}","{""orientation_cued"": 0.375, ""motion_duration_cued"": 0.25, ""krauzlis_cued_motion"": 0.5, ""spatial_binding"": 0.5, ""image_recognition"": 0.5}","{""orientation_cued"": ""orientation_cued_D24"", ""motion_duration_cued"": ""motion_duration_cued_D12"", ""krauzlis_cued_motion"": ""krauzlis_B20"", ""spatial_binding"": ""spatial_binding_D12"", ""image_recognition"": ""image_recognition_N24_H3""}","{""orientation_cued"": {}, ""motion_duration_cued"": {}, ""krauzlis_cued_motion"": {}, ""spatial_binding"": {}, ""image_recognition"": {}}"
184,7360,154784,0.7060325935482978,0.625,0.7989050149917603,0,1.4294483661651611,"{""orientation_cued"": 0.6859275102615356, ""motion_duration_cued"": 1.3841341733932495, ""krauzlis_cued_motion"": 0.6634404063224792, ""spatial_binding"": 0.6979990005493164, ""image_recognition"": 0.0986618772149086}","{""orientation_cued"": 0.625, ""motion_duration_cued"": 0.25, ""krauzlis_cued_motion"": 0.75, ""spatial_binding"": 0.5, ""image_recognition"": 1.0}","{""orientation_cued"": ""orientation_cued_D0"", ""motion_duration_cued"": ""motion_duration_cued_D0"", ""krauzlis_cued_motion"": ""krauzlis_B28"", ""spatial_binding"": ""spatial_binding_D0"", ""image_recognition"": ""image_recognition_N0_H4""}","{""orientation_cued"": {}, ""motion_duration_cued"": {}, ""krauzlis_cued_motion"": {}, ""spatial_binding"": {}, ""image_recognition"": {}}"
185,7400,155752,0.8455487847328186,0.375,0.7325344681739807,0,2.3281843662261963,"{""orientation_cued"": 0.7173650860786438, ""motion_duration_cued"": 1.3953282833099365, ""krauzlis_cued_motion"": 0.6953133940696716, ""spatial_binding"": 0.6945750713348389, ""image_recognition"": 0.7251620888710022}","{""orientation_cued"": 0.375, ""motion_duration_cued"": 0.0, ""krauzlis_cued_motion"": 0.5, ""spatial_binding"": 0.5, ""image_recognition"": 0.5}","{""orientation_cued"": ""orientation_cued_D4"", ""motion_duration_cued"": ""motion_duration_cued_D12"", ""krauzlis_cued_motion"": ""krauzlis_B12"", ""spatial_binding"": ""spatial_binding_D24"", ""image_recognition"": ""image_recognition_N24_H4""}","{""orientation_cued"": {}, ""motion_duration_cued"": {}, ""krauzlis_cued_motion"": {}, ""spatial_binding"": {}, ""image_recognition"": {}}"
186,7440,156296,0.6997351422905922,0.575,0.8907361626625061,0,1.3351013660430908,"{""orientation_cued"": 0.7090536952018738, ""motion_duration_cued"": 1.3789368867874146, ""krauzlis_cued_motion"": 0.6345885992050171, ""spatial_binding"": 0.6924867630004883, ""image_recognition"": 0.08360976725816727}","{""orientation_cued"": 0.375, ""motion_duration_cued"": 0.125, ""krauzlis_cued_motion"": 0.875, ""spatial_binding"": 0.5, ""image_recognition"": 1.0}","{""orientation_cued"": ""orientation_cued_D0"", ""motion_duration_cued"": ""motion_duration_cued_D4"", ""krauzlis_cued_motion"": ""krauzlis_B20"", ""spatial_binding"": ""spatial_binding_D0"", ""image_recognition"": ""image_recognition_N0_H3""}","{""orientation_cued"": {}, ""motion_duration_cued"": {}, ""krauzlis_cued_motion"": {}, ""spatial_binding"": {}, ""image_recognition"": {}}"
187,7480,157208,0.7133911415934563,0.55,0.6416643857955933,0,2.1972904205322266,"{""orientation_cued"": 0.7116193175315857, ""motion_duration_cued"": 1.3733645677566528, ""krauzlis_cued_motion"": 0.698248565196991, ""spatial_binding"": 0.6924062967300415, ""image_recognition"": 0.09131696075201035}","{""orientation_cued"": 0.375, ""motion_duration_cued"": 0.375, ""krauzlis_cued_motion"": 0.5, ""spatial_binding"": 0.5, ""image_recognition"": 1.0}","{""orientation_cued"": ""orientation_cued_D12"", ""motion_duration_cued"": ""motion_duration_cued_D24"", ""krauzlis_cued_motion"": ""krauzlis_B20"", ""spatial_binding"": ""spatial_binding_D12"", ""image_recognition"": ""image_recognition_N0_H5""}","{""orientation_cued"": {}, ""motion_duration_cued"": {}, ""krauzlis_cued_motion"": {}, ""spatial_binding"": {}, ""image_recognition"": {}}"
188,7520,158104,0.8390028476715088,0.4,1.1937603950500488,1,2.182048797607422,"{""orientation_cued"": 0.710356593132019, ""motion_duration_cued"": 1.3904222249984741, ""krauzlis_cued_motion"": 0.7015087008476257, ""spatial_binding"": 0.6913215517997742, ""image_recognition"": 0.7014051675796509}","{""orientation_cued"": 0.375, ""motion_duration_cued"": 0.125, ""krauzlis_cued_motion"": 0.5, ""spatial_binding"": 0.5, ""image_recognition"": 0.5}","{""orientation_cued"": ""orientation_cued_D24"", ""motion_duration_cued"": ""motion_duration_cued_D0"", ""krauzlis_cued_motion"": ""krauzlis_B28"", ""spatial_binding"": ""spatial_binding_D4"", ""image_recognition"": ""image_recognition_N12_H3""}","{""orientation_cued"": {}, ""motion_duration_cued"": {}, ""krauzlis_cued_motion"": {}, ""spatial_binding"": {}, ""image_recognition"": {}}"
189,7560,158824,0.8784369707107544,0.325,1.9541016817092896,1,1.763720989227295,"{""orientation_cued"": 0.7169628143310547, ""motion_duration_cued"": 1.4027466773986816, ""krauzlis_cued_motion"": 0.7710634469985962, ""spatial_binding"": 0.6932891607284546, ""image_recognition"": 0.8081227540969849}","{""orientation_cued"": 0.25, ""motion_duration_cued"": 0.125, ""krauzlis_cued_motion"": 0.25, ""spatial_binding"": 0.5, ""image_recognition"": 0.5}","{""orientation_cued"": ""orientation_cued_D24"", ""motion_duration_cued"": ""motion_duration_cued_D4"", ""krauzlis_cued_motion"": ""krauzlis_B12"", ""spatial_binding"": ""spatial_binding_D0"", ""image_recognition"": ""image_recognition_N4_H5""}","{""orientation_cued"": {}, ""motion_duration_cued"": {}, ""krauzlis_cued_motion"": {}, ""spatial_binding"": {}, ""image_recognition"": {}}"
190,7600,159688,0.8526409506797791,0.425,1.7071261405944824,1,2.077249526977539,"{""orientation_cued"": 0.70603346824646, ""motion_duration_cued"": 1.4344756603240967, ""krauzlis_cued_motion"": 0.6374273300170898, ""spatial_binding"": 0.6956369280815125, ""image_recognition"": 0.7896313667297363}","{""orientation_cued"": 0.25, ""motion_duration_cued"": 0.125, ""krauzlis_cued_motion"": 0.75, ""spatial_binding"": 0.5, ""image_recognition"": 0.5}","{""orientation_cued"": ""orientation_cued_D12"", ""motion_duration_cued"": ""motion_duration_cued_D24"", ""krauzlis_cued_motion"": ""krauzlis_B20"", ""spatial_binding"": ""spatial_binding_D4"", ""image_recognition"": ""image_recognition_N4_H3""}","{""orientation_cued"": {}, ""motion_duration_cued"": {}, ""krauzlis_cued_motion"": {}, ""spatial_binding"": {}, ""image_recognition"": {}}"
191,7640,160304,0.8338844776153564,0.4,1.3645644187927246,1,1.5103728771209717,"{""orientation_cued"": 0.696021556854248, ""motion_duration_cued"": 1.38677978515625, ""krauzlis_cued_motion"": 0.7010207176208496, ""spatial_binding"": 0.6941791772842407, ""image_recognition"": 0.6914211511611938}","{""orientation_cued"": 0.25, ""motion_duration_cued"": 0.25, ""krauzlis_cued_motion"": 0.5, ""spatial_binding"": 0.5, ""image_recognition"": 0.5}","{""orientation_cued"": ""orientation_cued_D4"", ""motion_duration_cued"": ""motion_duration_cued_D0"", ""krauzlis_cued_motion"": ""krauzlis_B12"", ""spatial_binding"": ""spatial_binding_D12"", ""image_recognition"": ""image_recognition_N4_H4""}","{""orientation_cued"": {}, ""motion_duration_cued"": {}, ""krauzlis_cued_motion"": {}, ""spatial_binding"": {}, ""image_recognition"": {}}"
192,7680,161280,0.8434984683990479,0.4,0.6035708785057068,0,2.346513271331787,"{""orientation_cued"": 0.6907961964607239, ""motion_duration_cued"": 1.399680733680725, ""krauzlis_cued_motion"": 0.7269082069396973, ""spatial_binding"": 0.6945224404335022, ""image_recognition"": 0.7055847644805908}","{""orientation_cued"": 0.625, ""motion_duration_cued"": 0.125, ""krauzlis_cued_motion"": 0.375, ""spatial_binding"": 0.5, ""image_recognition"": 0.375}","{""orientation_cued"": ""orientation_cued_D0"", ""motion_duration_cued"": ""motion_duration_cued_D12"", ""krauzlis_cued_motion"": ""krauzlis_B28"", ""spatial_binding"": ""spatial_binding_D24"", ""image_recognition"": ""image_recognition_N12_H5""}","{""orientation_cued"": {}, ""motion_duration_cued"": {}, ""krauzlis_cued_motion"": {}, ""spatial_binding"": {}, ""image_recognition"": {}}"
193,7720,162192,0.8366978645324707,0.5,0.8394090533256531,0,2.2136545181274414,"{""orientation_cued"": 0.691501259803772, ""motion_duration_cued"": 1.3940242528915405, ""krauzlis_cued_motion"": 0.6748164892196655, ""spatial_binding"": 0.6936037540435791, ""image_recognition"": 0.7295435667037964}","{""orientation_cued"": 0.625, ""motion_duration_cued"": 0.25, ""krauzlis_cued_motion"": 0.625, ""spatial_binding"": 0.5, ""image_recognition"": 0.5}","{""orientation_cued"": ""orientation_cued_D24"", ""motion_duration_cued"": ""motion_duration_cued_D0"", ""krauzlis_cued_motion"": ""krauzlis_B20"", ""spatial_binding"": ""spatial_binding_D0"", ""image_recognition"": ""image_recognition_N24_H5""}","{""orientation_cued"": {}, ""motion_duration_cued"": {}, ""krauzlis_cued_motion"": {}, ""spatial_binding"": {}, ""image_recognition"": {}}"
194,7760,163120,0.8320432662963867,0.5,0.7987781763076782,0,2.255150079727173,"{""orientation_cued"": 0.6875209808349609, ""motion_duration_cued"": 1.3976854085922241, ""krauzlis_cued_motion"": 0.6765934228897095, ""spatial_binding"": 0.6923686861991882, ""image_recognition"": 0.7060478329658508}","{""orientation_cued"": 0.625, ""motion_duration_cued"": 0.25, ""krauzlis_cued_motion"": 0.625, ""spatial_binding"": 0.5, ""image_recognition"": 0.5}","{""orientation_cued"": ""orientation_cued_D4"", ""motion_duration_cued"": ""motion_duration_cued_D4"", ""krauzlis_cued_motion"": ""krauzlis_B28"", ""spatial_binding"": ""spatial_binding_D24"", ""image_recognition"": ""image_recognition_N12_H3""}","{""orientation_cued"": {}, ""motion_duration_cued"": {}, ""krauzlis_cued_motion"": {}, ""spatial_binding"": {}, ""image_recognition"": {}}"
195,7800,163952,0.7050302684307098,0.6,0.997505247592926,0,2.012507677078247,"{""orientation_cued"": 0.6918168663978577, ""motion_duration_cued"": 1.3683973550796509, ""krauzlis_cued_motion"": 0.6757801175117493, ""spatial_binding"": 0.6931455135345459, ""image_recognition"": 0.09601148962974548}","{""orientation_cued"": 0.5, ""motion_duration_cued"": 0.375, ""krauzlis_cued_motion"": 0.625, ""spatial_binding"": 0.5, ""image_recognition"": 1.0}","{""orientation_cued"": ""orientation_cued_D12"", ""motion_duration_cued"": ""motion_duration_cued_D24"", ""krauzlis_cued_motion"": ""krauzlis_B12"", ""spatial_binding"": ""spatial_binding_D12"", ""image_recognition"": ""image_recognition_N0_H3""}","{""orientation_cued"": {}, ""motion_duration_cued"": {}, ""krauzlis_cued_motion"": {}, ""spatial_binding"": {}, ""image_recognition"": {}}"
196,7840,164560,0.8159550786018371,0.525,0.4899192154407501,0,1.4866657257080078,"{""orientation_cued"": 0.6927334666252136, ""motion_duration_cued"": 1.3676210641860962, ""krauzlis_cued_motion"": 0.6524741649627686, ""spatial_binding"": 0.6924552917480469, ""image_recognition"": 0.6744914054870605}","{""orientation_cued"": 0.5, ""motion_duration_cued"": 0.25, ""krauzlis_cued_motion"": 0.75, ""spatial_binding"": 0.5, ""image_recognition"": 0.625}","{""orientation_cued"": ""orientation_cued_D0"", ""motion_duration_cued"": ""motion_duration_cued_D12"", ""krauzlis_cued_motion"": ""krauzlis_B12"", ""spatial_binding"": ""spatial_binding_D4"", ""image_recognition"": ""image_recognition_N4_H3""}","{""orientation_cued"": {}, ""motion_duration_cued"": {}, ""krauzlis_cued_motion"": {}, ""spatial_binding"": {}, ""image_recognition"": {}}"
197,7880,165432,0.8380301594734192,0.475,0.5204253792762756,0,2.119023323059082,"{""orientation_cued"": 0.6904417276382446, ""motion_duration_cued"": 1.3846668004989624, ""krauzlis_cued_motion"": 0.69849693775177, ""spatial_binding"": 0.6960808634757996, ""image_recognition"": 0.7204644680023193}","{""orientation_cued"": 0.625, ""motion_duration_cued"": 0.25, ""krauzlis_cued_motion"": 0.5, ""spatial_binding"": 0.5, ""image_recognition"": 0.5}","{""orientation_cued"": ""orientation_cued_D0"", ""motion_duration_cued"": ""motion_duration_cued_D0"", ""krauzlis_cued_motion"": ""krauzlis_B28"", ""spatial_binding"": ""spatial_binding_D12"", ""image_recognition"": ""image_recognition_N24_H4""}","{""orientation_cued"": {}, ""motion_duration_cued"": {}, ""krauzlis_cued_motion"": {}, ""spatial_binding"": {}, ""image_recognition"": {}}"
198,7920,166336,0.8301233530044556,0.5,0.5799375772476196,0,2.179255723953247,"{""orientation_cued"": 0.6807894706726074, ""motion_duration_cued"": 1.3839713335037231, ""krauzlis_cued_motion"": 0.670600175857544, ""spatial_binding"": 0.6940531730651855, ""image_recognition"": 0.7212026119232178}","{""orientation_cued"": 0.625, ""motion_duration_cued"": 0.25, ""krauzlis_cued_motion"": 0.625, ""spatial_binding"": 0.5, ""image_recognition"": 0.5}","{""orientation_cued"": ""orientation_cued_D12"", ""motion_duration_cued"": ""motion_duration_cued_D24"", ""krauzlis_cued_motion"": ""krauzlis_B20"", ""spatial_binding"": ""spatial_binding_D0"", ""image_recognition"": ""image_recognition_N12_H4""}","{""orientation_cued"": {}, ""motion_duration_cued"": {}, ""krauzlis_cued_motion"": {}, ""spatial_binding"": {}, ""image_recognition"": {}}"
199,7960,167312,0.8352312088012696,0.425,0.28182777762413025,0,2.36832332611084,"{""orientation_cued"": 0.6960489749908447, ""motion_duration_cued"": 1.3913213014602661, ""krauzlis_cued_motion"": 0.7017452120780945, ""spatial_binding"": 0.6920034289360046, ""image_recognition"": 0.6950371265411377}","{""orientation_cued"": 0.5, ""motion_duration_cued"": 0.25, ""krauzlis_cued_motion"": 0.5, ""spatial_binding"": 0.5, ""image_recognition"": 0.375}","{""orientation_cued"": ""orientation_cued_D24"", ""motion_duration_cued"": ""motion_duration_cued_D4"", ""krauzlis_cued_motion"": ""krauzlis_B12"", ""spatial_binding"": ""spatial_binding_D24"", ""image_recognition"": ""image_recognition_N12_H5""}","{""orientation_cued"": {}, ""motion_duration_cued"": {}, ""krauzlis_cued_motion"": {}, ""spatial_binding"": {}, ""image_recognition"": {}}"
200,8000,167992,0.6995853528380394,0.6,0.6981000900268555,0,1.6616098880767822,"{""orientation_cued"": 0.6967955827713013, ""motion_duration_cued"": 1.3868085145950317, ""krauzlis_cued_motion"": 0.632030725479126, ""spatial_binding"": 0.6936193108558655, ""image_recognition"": 0.08867263048887253}","{""orientation_cued"": 0.5, ""motion_duration_cued"": 0.25, ""krauzlis_cued_motion"": 0.75, ""spatial_binding"": 0.5, ""image_recognition"": 1.0}","{""orientation_cued"": ""orientation_cued_D4"", ""motion_duration_cued"": ""motion_duration_cued_D12"", ""krauzlis_cued_motion"": ""krauzlis_B20"", ""spatial_binding"": ""spatial_binding_D4"", ""image_recognition"": ""image_recognition_N0_H4""}","{""orientation_cued"": {}, ""motion_duration_cued"": {}, ""krauzlis_cued_motion"": {}, ""spatial_binding"": {}, ""image_recognition"": {}}"
201,8040,168840,0.6990643829107285,0.6,0.9293801188468933,0,2.0409090518951416,"{""orientation_cued"": 0.6755131483078003, ""motion_duration_cued"": 1.3937735557556152, ""krauzlis_cued_motion"": 0.6261258721351624, ""spatial_binding"": 0.6950850486755371, ""image_recognition"": 0.10482428967952728}","{""orientation_cued"": 0.625, ""motion_duration_cued"": 0.125, ""krauzlis_cued_motion"": 0.75, ""spatial_binding"": 0.5, ""image_recognition"": 1.0}","{""orientation_cued"": ""orientation_cued_D4"", ""motion_duration_cued"": ""motion_duration_cued_D4"", ""krauzlis_cued_motion"": ""krauzlis_B28"", ""spatial_binding"": ""spatial_binding_D24"", ""image_recognition"": ""image_recognition_N0_H5""}","{""orientation_cued"": {}, ""motion_duration_cued"": {}, ""krauzlis_cued_motion"": {}, ""spatial_binding"": {}, ""image_recognition"": {}}"
202,8080,169584,0.8432905077934265,0.45,0.8705331087112427,0,1.8475220203399658,"{""orientation_cued"": 0.6790854930877686, ""motion_duration_cued"": 1.386637806892395, ""krauzlis_cued_motion"": 0.7550814151763916, ""spatial_binding"": 0.6938414573669434, ""image_recognition"": 0.701806366443634}","{""orientation_cued"": 0.625, ""motion_duration_cued"": 0.25, ""krauzlis_cued_motion"": 0.375, ""spatial_binding"": 0.5, ""image_recognition"": 0.5}","{""orientation_cued"": ""orientation_cued_D0"", ""motion_duration_cued"": ""motion_duration_cued_D12"", ""krauzlis_cued_motion"": ""krauzlis_B20"", ""spatial_binding"": ""spatial_binding_D12"", ""image_recognition"": ""image_recognition_N4_H4""}","{""orientation_cued"": {}, ""motion_duration_cued"": {}, ""krauzlis_cued_motion"": {}, ""spatial_binding"": {}, ""image_recognition"": {}}"
203,8120,170336,0.8468560814857483,0.45,0.9146145582199097,0,2.059321165084839,"{""orientation_cued"": 0.7104079127311707, ""motion_duration_cued"": 1.3782213926315308, ""krauzlis_cued_motion"": 0.7112457156181335, ""spatial_binding"": 0.6920275688171387, ""image_recognition"": 0.7423778176307678}","{""orientation_cued"": 0.375, ""motion_duration_cued"": 0.375, ""krauzlis_cued_motion"": 0.5, ""spatial_binding"": 0.5, ""image_recognition"": 0.5}","{""orientation_cued"": ""orientation_cued_D12"", ""motion_duration_cued"": ""motion_duration_cued_D0"", ""krauzlis_cued_motion"": ""krauzlis_B28"", ""spatial_binding"": ""spatial_binding_D4"", ""image_recognition"": ""image_recognition_N4_H5""}","{""orientation_cued"": {}, ""motion_duration_cued"": {}, ""krauzlis_cued_motion"": {}, ""spatial_binding"": {}, ""image_recognition"": {}}"
204,8160,171360,0.8083831310272217,0.525,0.853356659412384,0,2.622438907623291,"{""orientation_cued"": 0.7387016415596008, ""motion_duration_cued"": 1.3443583250045776, ""krauzlis_cued_motion"": 0.5685180425643921, ""spatial_binding"": 0.6950353384017944, ""image_recognition"": 0.6953023076057434}","{""orientation_cued"": 0.375, ""motion_duration_cued"": 0.375, ""krauzlis_cued_motion"": 0.875, ""spatial_binding"": 0.5, ""image_recognition"": 0.5}","{""orientation_cued"": ""orientation_cued_D24"", ""motion_duration_cued"": ""motion_duration_cued_D24"", ""krauzlis_cued_motion"": ""krauzlis_B12"", ""spatial_binding"": ""spatial_binding_D0"", ""image_recognition"": ""image_recognition_N24_H3""}","{""orientation_cued"": {}, ""motion_duration_cued"": {}, ""krauzlis_cued_motion"": {}, ""spatial_binding"": {}, ""image_recognition"": {}}"
205,8200,172304,0.835809326171875,0.45,0.5944207906723022,0,2.3394672870635986,"{""orientation_cued"": 0.7028210163116455, ""motion_duration_cued"": 1.3876266479492188, ""krauzlis_cued_motion"": 0.7133612632751465, ""spatial_binding"": 0.6929754018783569, ""image_recognition"": 0.6822623014450073}","{""orientation_cued"": 0.5, ""motion_duration_cued"": 0.25, ""krauzlis_cued_motion"": 0.5, ""spatial_binding"": 0.5, ""image_recognition"": 0.5}","{""orientation_cued"": ""orientation_cued_D4"", ""motion_duration_cued"": ""motion_duration_cued_D4"", ""krauzlis_cued_motion"": ""krauzlis_B28"", ""spatial_binding"": ""spatial_binding_D12"", ""image_recognition"": ""image_recognition_N24_H5""}","{""orientation_cued"": {}, ""motion_duration_cued"": {}, ""krauzlis_cued_motion"": {}, ""spatial_binding"": {}, ""image_recognition"": {}}"
206,8240,173088,0.8403094172477722,0.475,0.6199856400489807,0,1.9162535667419434,"{""orientation_cued"": 0.6901936531066895, ""motion_duration_cued"": 1.3765084743499756, ""krauzlis_cued_motion"": 0.7152954936027527, ""spatial_binding"": 0.6928671002388, ""image_recognition"": 0.7266823649406433}","{""orientation_cued"": 0.5, ""motion_duration_cued"": 0.375, ""krauzlis_cued_motion"": 0.5, ""spatial_binding"": 0.5, ""image_recognition"": 0.5}","{""orientation_cued"": ""orientation_cued_D12"", ""motion_duration_cued"": ""motion_duration_cued_D12"", ""krauzlis_cued_motion"": ""krauzlis_B20"", ""spatial_binding"": ""spatial_binding_D4"", ""image_recognition"": ""image_recognition_N4_H5""}","{""orientation_cued"": {}, ""motion_duration_cued"": {}, ""krauzlis_cued_motion"": {}, ""spatial_binding"": {}, ""image_recognition"": {}}"
207,8280,174016,0.8366911053657532,0.45,0.6301218867301941,0,2.287667989730835,"{""orientation_cued"": 0.7034882307052612, ""motion_duration_cued"": 1.3139045238494873, ""krauzlis_cued_motion"": 0.7680288553237915, ""spatial_binding"": 0.6928916573524475, ""image_recognition"": 0.7051422595977783}","{""orientation_cued"": 0.5, ""motion_duration_cued"": 0.375, ""krauzlis_cued_motion"": 0.375, ""spatial_binding"": 0.5, ""image_recognition"": 0.5}","{""orientation_cued"": ""orientation_cued_D0"", ""motion_duration_cued"": ""motion_duration_cued_D24"", ""krauzlis_cued_motion"": ""krauzlis_B12"", ""spatial_binding"": ""spatial_binding_D24"", ""image_recognition"": ""image_recognition_N12_H3""}","{""orientation_cued"": {}, ""motion_duration_cued"": {}, ""krauzlis_cued_motion"": {}, ""spatial_binding"": {}, ""image_recognition"": {}}"
208,8320,174800,0.6996800661087036,0.625,0.9942087531089783,0,1.965040922164917,"{""orientation_cued"": 0.7016669511795044, ""motion_duration_cued"": 1.3709816932678223, ""krauzlis_cued_motion"": 0.6631425619125366, ""spatial_binding"": 0.6961885690689087, ""image_recognition"": 0.0664205551147461}","{""orientation_cued"": 0.5, ""motion_duration_cued"": 0.5, ""krauzlis_cued_motion"": 0.625, ""spatial_binding"": 0.5, ""image_recognition"": 1.0}","{""orientation_cued"": ""orientation_cued_D24"", ""motion_duration_cued"": ""motion_duration_cued_D0"", ""krauzlis_cued_motion"": ""krauzlis_B28"", ""spatial_binding"": ""spatial_binding_D0"", ""image_recognition"": ""image_recognition_N0_H5""}","{""orientation_cued"": {}, ""motion_duration_cued"": {}, ""krauzlis_cued_motion"": {}, ""spatial_binding"": {}, ""image_recognition"": {}}"
209,8360,175648,0.8591954231262207,0.4,0.8383635878562927,0,2.1231844425201416,"{""orientation_cued"": 0.7001296877861023, ""motion_duration_cued"": 1.4762099981307983, ""krauzlis_cued_motion"": 0.7119317650794983, ""spatial_binding"": 0.6947387456893921, ""image_recognition"": 0.7129669189453125}","{""orientation_cued"": 0.375, ""motion_duration_cued"": 0.125, ""krauzlis_cued_motion"": 0.5, ""spatial_binding"": 0.5, ""image_recognition"": 0.5}","{""orientation_cued"": ""orientation_cued_D12"", ""motion_duration_cued"": ""motion_duration_cued_D24"", ""krauzlis_cued_motion"": ""krauzlis_B12"", ""spatial_binding"": ""spatial_binding_D0"", ""image_recognition"": ""image_recognition_N12_H5""}","{""orientation_cued"": {}, ""motion_duration_cued"": {}, ""krauzlis_cued_motion"": {}, ""spatial_binding"": {}, ""image_recognition"": {}}"
210,8400,176384,0.8318615674972534,0.475,0.9893308877944946,0,1.8619577884674072,"{""orientation_cued"": 0.7239236235618591, ""motion_duration_cued"": 1.4089418649673462, ""krauzlis_cued_motion"": 0.618007481098175, ""spatial_binding"": 0.6938116550445557, ""image_recognition"": 0.714623212814331}","{""orientation_cued"": 0.375, ""motion_duration_cued"": 0.25, ""krauzlis_cued_motion"": 0.75, ""spatial_binding"": 0.5, ""image_recognition"": 0.5}","{""orientation_cued"": ""orientation_cued_D0"", ""motion_duration_cued"": ""motion_duration_cued_D0"", ""krauzlis_cued_motion"": ""krauzlis_B20"", ""spatial_binding"": ""spatial_binding_D4"", ""image_recognition"": ""image_recognition_N24_H3""}","{""orientation_cued"": {}, ""motion_duration_cued"": {}, ""krauzlis_cued_motion"": {}, ""spatial_binding"": {}, ""image_recognition"": {}}"
211,8440,177512,0.817341411113739,0.5,0.7521471977233887,0,2.8310811519622803,"{""orientation_cued"": 0.6934157609939575, ""motion_duration_cued"": 1.401131510734558, ""krauzlis_cued_motion"": 0.6174574494361877, ""spatial_binding"": 0.6953592300415039, ""image_recognition"": 0.6793431043624878}","{""orientation_cued"": 0.5, ""motion_duration_cued"": 0.25, ""krauzlis_cued_motion"": 0.75, ""spatial_binding"": 0.5, ""image_recognition"": 0.5}","{""orientation_cued"": ""orientation_cued_D24"", ""motion_duration_cued"": ""motion_duration_cued_D4"", ""krauzlis_cued_motion"": ""krauzlis_B20"", ""spatial_binding"": ""spatial_binding_D24"", ""image_recognition"": ""image_recognition_N24_H4""}","{""orientation_cued"": {}, ""motion_duration_cued"": {}, ""krauzlis_cued_motion"": {}, ""spatial_binding"": {}, ""image_recognition"": {}}"
212,8480,178320,0.7115099862217903,0.55,0.5707291960716248,0,2.001329183578491,"{""orientation_cued"": 0.6984254121780396, ""motion_duration_cued"": 1.3927381038665771, ""krauzlis_cued_motion"": 0.712049126625061, ""spatial_binding"": 0.6929354071617126, ""image_recognition"": 0.06140188127756119}","{""orientation_cued"": 0.5, ""motion_duration_cued"": 0.25, ""krauzlis_cued_motion"": 0.5, ""spatial_binding"": 0.5, ""image_recognition"": 1.0}","{""orientation_cued"": ""orientation_cued_D4"", ""motion_duration_cued"": ""motion_duration_cued_D12"", ""krauzlis_cued_motion"": ""krauzlis_B28"", ""spatial_binding"": ""spatial_binding_D12"", ""image_recognition"": ""image_recognition_N0_H4""}","{""orientation_cued"": {}, ""motion_duration_cued"": {}, ""krauzlis_cued_motion"": {}, ""spatial_binding"": {}, ""image_recognition"": {}}"
213,8520,178928,0.8314395904541015,0.45,1.1185859441757202,1,1.5073578357696533,"{""orientation_cued"": 0.7006416320800781, ""motion_duration_cued"": 1.3845728635787964, ""krauzlis_cued_motion"": 0.7127406597137451, ""spatial_binding"": 0.6962679028511047, ""image_recognition"": 0.6629748940467834}","{""orientation_cued"": 0.125, ""motion_duration_cued"": 0.375, ""krauzlis_cued_motion"": 0.5, ""spatial_binding"": 0.5, ""image_recognition"": 0.75}","{""orientation_cued"": ""orientation_cued_D0"", ""motion_duration_cued"": ""motion_duration_cued_D12"", ""krauzlis_cued_motion"": ""krauzlis_B12"", ""spatial_binding"": ""spatial_binding_D4"", ""image_recognition"": ""image_recognition_N4_H3""}","{""orientation_cued"": {}, ""motion_duration_cued"": {}, ""krauzlis_cued_motion"": {}, ""spatial_binding"": {}, ""image_recognition"": {}}"
214,8560,179824,0.7185230672359466,0.475,1.2024565935134888,1,2.1921026706695557,"{""orientation_cued"": 0.744109570980072, ""motion_duration_cued"": 1.3773114681243896, ""krauzlis_cued_motion"": 0.7130310535430908, ""spatial_binding"": 0.6942565441131592, ""image_recognition"": 0.0639066994190216}","{""orientation_cued"": 0.125, ""motion_duration_cued"": 0.25, ""krauzlis_cued_motion"": 0.5, ""spatial_binding"": 0.5, ""image_recognition"": 1.0}","{""orientation_cued"": ""orientation_cued_D12"", ""motion_duration_cued"": ""motion_duration_cued_D4"", ""krauzlis_cued_motion"": ""krauzlis_B28"", ""spatial_binding"": ""spatial_binding_D24"", ""image_recognition"": ""image_recognition_N0_H3""}","{""orientation_cued"": {}, ""motion_duration_cued"": {}, ""krauzlis_cued_motion"": {}, ""spatial_binding"": {}, ""image_recognition"": {}}"
215,8600,180600,0.8546476125717163,0.375,0.8083199858665466,0,1.940692663192749,"{""orientation_cued"": 0.6978061199188232, ""motion_duration_cued"": 1.3990700244903564, ""krauzlis_cued_motion"": 0.7627614736557007, ""spatial_binding"": 0.6959419250488281, ""image_recognition"": 0.717658519744873}","{""orientation_cued"": 0.5, ""motion_duration_cued"": 0.25, ""krauzlis_cued_motion"": 0.375, ""spatial_binding"": 0.5, ""image_recognition"": 0.25}","{""orientation_cued"": ""orientation_cued_D4"", ""motion_duration_cued"": ""motion_duration_cued_D24"", ""krauzlis_cued_motion"": ""krauzlis_B20"", ""spatial_binding"": ""spatial_binding_D0"", ""image_recognition"": ""image_recognition_N4_H4""}","{""orientation_cued"": {}, ""motion_duration_cued"": {}, ""krauzlis_cued_motion"": {}, ""spatial_binding"": {}, ""image_recognition"": {}}"
216,8640,181440,0.8231510639190673,0.5,0.3899005055427551,0,2.211836576461792,"{""orientation_cued"": 0.696386456489563, ""motion_duration_cued"": 1.3854511976242065, ""krauzlis_cued_motion"": 0.6161465644836426, ""spatial_binding"": 0.6962990760803223, ""image_recognition"": 0.7214720249176025}","{""orientation_cued"": 0.5, ""motion_duration_cued"": 0.25, ""krauzlis_cued_motion"": 0.75, ""spatial_binding"": 0.5, ""image_recognition"": 0.5}","{""orientation_cued"": ""orientation_cued_D24"", ""motion_duration_cued"": ""motion_duration_cued_D0"", ""krauzlis_cued_motion"": ""krauzlis_B12"", ""spatial_binding"": ""spatial_binding_D12"", ""image_recognition"": ""image_recognition_N12_H4""}","{""orientation_cued"": {}, ""motion_duration_cued"": {}, ""krauzlis_cued_motion"": {}, ""spatial_binding"": {}, ""image_recognition"": {}}"
217,8680,182248,0.834275221824646,0.45,0.5158020853996277,0,2.129878520965576,"{""orientation_cued"": 0.713409960269928, ""motion_duration_cued"": 1.3846261501312256, ""krauzlis_cued_motion"": 0.6640523076057434, ""spatial_binding"": 0.6928837299346924, ""image_recognition"": 0.7164039611816406}","{""orientation_cued"": 0.375, ""motion_duration_cued"": 0.25, ""krauzlis_cued_motion"": 0.625, ""spatial_binding"": 0.5, ""image_recognition"": 0.5}","{""orientation_cued"": ""orientation_cued_D12"", ""motion_duration_cued"": ""motion_duration_cued_D4"", ""krauzlis_cued_motion"": ""krauzlis_B12"", ""spatial_binding"": ""spatial_binding_D4"", ""image_recognition"": ""image_recognition_N24_H4""}","{""orientation_cued"": {}, ""motion_duration_cued"": {}, ""krauzlis_cued_motion"": {}, ""spatial_binding"": {}, ""image_recognition"": {}}"
218,8720,183176,0.8343013048171997,0.475,0.3699144721031189,0,2.266218423843384,"{""orientation_cued"": 0.6775205731391907, ""motion_duration_cued"": 1.397304654121399, ""krauzlis_cued_motion"": 0.7091560959815979, ""spatial_binding"": 0.6939900517463684, ""image_recognition"": 0.6935351490974426}","{""orientation_cued"": 0.625, ""motion_duration_cued"": 0.25, ""krauzlis_cued_motion"": 0.5, ""spatial_binding"": 0.5, ""image_recognition"": 0.5}","{""orientation_cued"": ""orientation_cued_D4"", ""motion_duration_cued"": ""motion_duration_cued_D24"", ""krauzlis_cued_motion"": ""krauzlis_B20"", ""spatial_binding"": ""spatial_binding_D12"", ""image_recognition"": ""image_recognition_N12_H3""}","{""orientation_cued"": {}, ""motion_duration_cued"": {}, ""krauzlis_cued_motion"": {}, ""spatial_binding"": {}, ""image_recognition"": {}}"
219,8760,183992,0.8559414505958557,0.425,6.278871536254883,1,1.9755070209503174,"{""orientation_cued"": 0.67494136095047, ""motion_duration_cued"": 1.4062267541885376, ""krauzlis_cued_motion"": 0.7083359360694885, ""spatial_binding"": 0.6934027671813965, ""image_recognition"": 0.796800434589386}","{""orientation_cued"": 0.625, ""motion_duration_cued"": 0.0, ""krauzlis_cued_motion"": 0.5, ""spatial_binding"": 0.5, ""image_recognition"": 0.5}","{""orientation_cued"": ""orientation_cued_D0"", ""motion_duration_cued"": ""motion_duration_cued_D0"", ""krauzlis_cued_motion"": ""krauzlis_B28"", ""spatial_binding"": ""spatial_binding_D24"", ""image_recognition"": ""image_recognition_N4_H5""}","{""orientation_cued"": {}, ""motion_duration_cued"": {}, ""krauzlis_cued_motion"": {}, ""spatial_binding"": {}, ""image_recognition"": {}}"
220,8800,184896,0.8412515878677368,0.45,0.6673942804336548,0,2.170146942138672,"{""orientation_cued"": 0.7138315439224243, ""motion_duration_cued"": 1.3738987445831299, ""krauzlis_cued_motion"": 0.7071418762207031, ""spatial_binding"": 0.6934785842895508, ""image_recognition"": 0.717907190322876}","{""orientation_cued"": 0.375, ""motion_duration_cued"": 0.375, ""krauzlis_cued_motion"": 0.5, ""spatial_binding"": 0.5, ""image_recognition"": 0.5}","{""orientation_cued"": ""orientation_cued_D24"", ""motion_duration_cued"": ""motion_duration_cued_D12"", ""krauzlis_cued_motion"": ""krauzlis_B20"", ""spatial_binding"": ""spatial_binding_D0"", ""image_recognition"": ""image_recognition_N12_H4""}","{""orientation_cued"": {}, ""motion_duration_cued"": {}, ""krauzlis_cued_motion"": {}, ""spatial_binding"": {}, ""image_recognition"": {}}"
221,8840,185664,0.8754370450973511,0.45,6.833377361297607,1,1.8639707565307617,"{""orientation_cued"": 0.7047291398048401, ""motion_duration_cued"": 1.3769166469573975, ""krauzlis_cued_motion"": 0.7046409249305725, ""spatial_binding"": 0.694930374622345, ""image_recognition"": 0.8959681391716003}","{""orientation_cued"": 0.375, ""motion_duration_cued"": 0.375, ""krauzlis_cued_motion"": 0.5, ""spatial_binding"": 0.5, ""image_recognition"": 0.5}","{""orientation_cued"": ""orientation_cued_D12"", ""motion_duration_cued"": ""motion_duration_cued_D0"", ""krauzlis_cued_motion"": ""krauzlis_B12"", ""spatial_binding"": ""spatial_binding_D24"", ""image_recognition"": ""image_recognition_N4_H3""}","{""orientation_cued"": {}, ""motion_duration_cued"": {}, ""krauzlis_cued_motion"": {}, ""spatial_binding"": {}, ""image_recognition"": {}}"
222,8880,186496,0.8276294469833374,0.5,0.6245107650756836,0,2.0386087894439697,"{""orientation_cued"": 0.6879613399505615, ""motion_duration_cued"": 1.3928900957107544, ""krauzlis_cued_motion"": 0.6681054830551147, ""spatial_binding"": 0.6919227838516235, ""image_recognition"": 0.6972675323486328}","{""orientation_cued"": 0.625, ""motion_duration_cued"": 0.125, ""krauzlis_cued_motion"": 0.625, ""spatial_binding"": 0.625, ""image_recognition"": 0.5}","{""orientation_cued"": ""orientation_cued_D4"", ""motion_duration_cued"": ""motion_duration_cued_D4"", ""krauzlis_cued_motion"": ""krauzlis_B28"", ""spatial_binding"": ""spatial_binding_D0"", ""image_recognition"": ""image_recognition_N24_H3""}","{""orientation_cued"": {}, ""motion_duration_cued"": {}, ""krauzlis_cued_motion"": {}, ""spatial_binding"": {}, ""image_recognition"": {}}"
223,8920,187536,0.8250973224639893,0.525,0.7644482851028442,0,2.503420829772949,"{""orientation_cued"": 0.6787709593772888, ""motion_duration_cued"": 1.3854409456253052, ""krauzlis_cued_motion"": 0.6682071685791016, ""spatial_binding"": 0.6929600238800049, ""image_recognition"": 0.7001075148582458}","{""orientation_cued"": 0.75, ""motion_duration_cued"": 0.25, ""krauzlis_cued_motion"": 0.625, ""spatial_binding"": 0.5, ""image_recognition"": 0.5}","{""orientation_cued"": ""orientation_cued_D24"", ""motion_duration_cued"": ""motion_duration_cued_D12"", ""krauzlis_cued_motion"": ""krauzlis_B12"", ""spatial_binding"": ""spatial_binding_D12"", ""image_recognition"": ""image_recognition_N24_H5""}","{""orientation_cued"": {}, ""motion_duration_cued"": {}, ""krauzlis_cued_motion"": {}, ""spatial_binding"": {}, ""image_recognition"": {}}"
224,8960,188288,0.7243442714214325,0.475,0.8835275769233704,0,1.8303108215332031,"{""orientation_cued"": 0.7284854054450989, ""motion_duration_cued"": 1.3973259925842285, ""krauzlis_cued_motion"": 0.7343446016311646, ""spatial_binding"": 0.6945229172706604, ""image_recognition"": 0.06704244017601013}","{""orientation_cued"": 0.25, ""motion_duration_cued"": 0.25, ""krauzlis_cued_motion"": 0.375, ""spatial_binding"": 0.5, ""image_recognition"": 1.0}","{""orientation_cued"": ""orientation_cued_D0"", ""motion_duration_cued"": ""motion_duration_cued_D24"", ""krauzlis_cued_motion"": ""krauzlis_B20"", ""spatial_binding"": ""spatial_binding_D4"", ""image_recognition"": ""image_recognition_N0_H5""}","{""orientation_cued"": {}, ""motion_duration_cued"": {}, ""krauzlis_cued_motion"": {}, ""spatial_binding"": {}, ""image_recognition"": {}}"
225,9000,189192,0.6944805890321731,0.625,0.9458125829696655,0,2.18491792678833,"{""orientation_cued"": 0.6858558654785156, ""motion_duration_cued"": 1.4138082265853882, ""krauzlis_cued_motion"": 0.6111677289009094, ""spatial_binding"": 0.6953575611114502, ""image_recognition"": 0.06621356308460236}","{""orientation_cued"": 0.625, ""motion_duration_cued"": 0.125, ""krauzlis_cued_motion"": 0.875, ""spatial_binding"": 0.5, ""image_recognition"": 1.0}","{""orientation_cued"": ""orientation_cued_D24"", ""motion_duration_cued"": ""motion_duration_cued_D4"", ""krauzlis_cued_motion"": ""krauzlis_B28"", ""spatial_binding"": ""spatial_binding_D12"", ""image_recognition"": ""image_recognition_N0_H4""}","{""orientation_cued"": {}, ""motion_duration_cued"": {}, ""krauzlis_cued_motion"": {}, ""spatial_binding"": {}, ""image_recognition"": {}}"
226,9040,189808,0.8432479977607727,0.45,0.7944682836532593,0,1.4810090065002441,"{""orientation_cued"": 0.6902836561203003, ""motion_duration_cued"": 1.3791930675506592, ""krauzlis_cued_motion"": 0.7634934782981873, ""spatial_binding"": 0.6966714262962341, ""image_recognition"": 0.6865983605384827}","{""orientation_cued"": 0.625, ""motion_duration_cued"": 0.375, ""krauzlis_cued_motion"": 0.25, ""spatial_binding"": 0.5, ""image_recognition"": 0.5}","{""orientation_cued"": ""orientation_cued_D4"", ""motion_duration_cued"": ""motion_duration_cued_D12"", ""krauzlis_cued_motion"": ""krauzlis_B12"", ""spatial_binding"": ""spatial_binding_D0"", ""image_recognition"": ""image_recognition_N4_H4""}","{""orientation_cued"": {}, ""motion_duration_cued"": {}, ""krauzlis_cued_motion"": {}, ""spatial_binding"": {}, ""image_recognition"": {}}"
227,9080,190624,0.8232238173484803,0.475,0.6569280624389648,0,1.9759249687194824,"{""orientation_cued"": 0.6947885751724243, ""motion_duration_cued"": 1.3601617813110352, ""krauzlis_cued_motion"": 0.6711047291755676, ""spatial_binding"": 0.695446252822876, ""image_recognition"": 0.694617748260498}","{""orientation_cued"": 0.5, ""motion_duration_cued"": 0.25, ""krauzlis_cued_motion"": 0.625, ""spatial_binding"": 0.5, ""image_recognition"": 0.5}","{""orientation_cued"": ""orientation_cued_D0"", ""motion_duration_cued"": ""motion_duration_cued_D0"", ""krauzlis_cued_motion"": ""krauzlis_B20"", ""spatial_binding"": ""spatial_binding_D24"", ""image_recognition"": ""image_recognition_N12_H5""}","{""orientation_cued"": {}, ""motion_duration_cued"": {}, ""krauzlis_cued_motion"": {}, ""spatial_binding"": {}, ""image_recognition"": {}}"
228,9120,191520,0.7026518955826759,0.6,0.6771153211593628,0,2.1509594917297363,"{""orientation_cued"": 0.6910200119018555, ""motion_duration_cued"": 1.3639657497406006, ""krauzlis_cued_motion"": 0.6990103721618652, ""spatial_binding"": 0.6993822455406189, ""image_recognition"": 0.059881098568439484}","{""orientation_cued"": 0.5, ""motion_duration_cued"": 0.5, ""krauzlis_cued_motion"": 0.5, ""spatial_binding"": 0.5, ""image_recognition"": 1.0}","{""orientation_cued"": ""orientation_cued_D12"", ""motion_duration_cued"": ""motion_duration_cued_D24"", ""krauzlis_cued_motion"": ""krauzlis_B28"", ""spatial_binding"": ""spatial_binding_D4"", ""image_recognition"": ""image_recognition_N0_H3""}","{""orientation_cued"": {}, ""motion_duration_cued"": {}, ""krauzlis_cued_motion"": {}, ""spatial_binding"": {}, ""image_recognition"": {}}"
229,9160,192352,0.8216760873794555,0.5,0.6604716777801514,0,2.023862838745117,"{""orientation_cued"": 0.7049276828765869, ""motion_duration_cued"": 1.3716932535171509, ""krauzlis_cued_motion"": 0.6475397348403931, ""spatial_binding"": 0.6942379474639893, ""image_recognition"": 0.6899818181991577}","{""orientation_cued"": 0.375, ""motion_duration_cued"": 0.375, ""krauzlis_cued_motion"": 0.75, ""spatial_binding"": 0.5, ""image_recognition"": 0.5}","{""orientation_cued"": ""orientation_cued_D12"", ""motion_duration_cued"": ""motion_duration_cued_D0"", ""krauzlis_cued_motion"": ""krauzlis_B20"", ""spatial_binding"": ""spatial_binding_D24"", ""image_recognition"": ""image_recognition_N4_H3""}","{""orientation_cued"": {}, ""motion_duration_cued"": {}, ""krauzlis_cued_motion"": {}, ""spatial_binding"": {}, ""image_recognition"": {}}"
230,9200,193224,0.6976153045892716,0.575,0.5380855202674866,0,2.108367919921875,"{""orientation_cued"": 0.69947350025177, ""motion_duration_cued"": 1.3842588663101196, ""krauzlis_cued_motion"": 0.6455236077308655, ""spatial_binding"": 0.6978275775909424, ""image_recognition"": 0.06099297106266022}","{""orientation_cued"": 0.375, ""motion_duration_cued"": 0.25, ""krauzlis_cued_motion"": 0.75, ""spatial_binding"": 0.5, ""image_recognition"": 1.0}","{""orientation_cued"": ""orientation_cued_D24"", ""motion_duration_cued"": ""motion_duration_cued_D24"", ""krauzlis_cued_motion"": ""krauzlis_B12"", ""spatial_binding"": ""spatial_binding_D4"", ""image_recognition"": ""image_recognition_N0_H4""}","{""orientation_cued"": {}, ""motion_duration_cued"": {}, ""krauzlis_cued_motion"": {}, ""spatial_binding"": {}, ""image_recognition"": {}}"
231,9240,193968,0.8246096134185791,0.5,0.3475360572338104,0,1.7848446369171143,"{""orientation_cued"": 0.6931968927383423, ""motion_duration_cued"": 1.372560977935791, ""krauzlis_cued_motion"": 0.6715641021728516, ""spatial_binding"": 0.6951268911361694, ""image_recognition"": 0.6905992031097412}","{""orientation_cued"": 0.5, ""motion_duration_cued"": 0.375, ""krauzlis_cued_motion"": 0.625, ""spatial_binding"": 0.5, ""image_recognition"": 0.5}","{""orientation_cued"": ""orientation_cued_D0"", ""motion_duration_cued"": ""motion_duration_cued_D4"", ""krauzlis_cued_motion"": ""krauzlis_B28"", ""spatial_binding"": ""spatial_binding_D12"", ""image_recognition"": ""image_recognition_N4_H4""}","{""orientation_cued"": {}, ""motion_duration_cued"": {}, ""krauzlis_cued_motion"": {}, ""spatial_binding"": {}, ""image_recognition"": {}}"
232,9280,194776,0.8448881506919861,0.35,0.5022981762886047,0,1.9575095176696777,"{""orientation_cued"": 0.6963673830032349, ""motion_duration_cued"": 1.4032223224639893, ""krauzlis_cued_motion"": 0.731829822063446, ""spatial_binding"": 0.6928695440292358, ""image_recognition"": 0.7001516819000244}","{""orientation_cued"": 0.5, ""motion_duration_cued"": 0.125, ""krauzlis_cued_motion"": 0.375, ""spatial_binding"": 0.5, ""image_recognition"": 0.25}","{""orientation_cued"": ""orientation_cued_D4"", ""motion_duration_cued"": ""motion_duration_cued_D12"", ""krauzlis_cued_motion"": ""krauzlis_B28"", ""spatial_binding"": ""spatial_binding_D0"", ""image_recognition"": ""image_recognition_N12_H4""}","{""orientation_cued"": {}, ""motion_duration_cued"": {}, ""krauzlis_cued_motion"": {}, ""spatial_binding"": {}, ""image_recognition"": {}}"
233,9320,195416,0.719460642337799,0.5,1.0425422191619873,1,1.5515339374542236,"{""orientation_cued"": 0.705363392829895, ""motion_duration_cued"": 1.4771733283996582, ""krauzlis_cued_motion"": 0.6690511703491211, ""spatial_binding"": 0.6938533782958984, ""image_recognition"": 0.05186194181442261}","{""orientation_cued"": 0.375, ""motion_duration_cued"": 0.0, ""krauzlis_cued_motion"": 0.625, ""spatial_binding"": 0.5, ""image_recognition"": 1.0}","{""orientation_cued"": ""orientation_cued_D12"", ""motion_duration_cued"": ""motion_duration_cued_D0"", ""krauzlis_cued_motion"": ""krauzlis_B20"", ""spatial_binding"": ""spatial_binding_D4"", ""image_recognition"": ""image_recognition_N0_H3""}","{""orientation_cued"": {}, ""motion_duration_cued"": {}, ""krauzlis_cued_motion"": {}, ""spatial_binding"": {}, ""image_recognition"": {}}"
234,9360,196136,0.8022872328758239,0.625,1.2391713857650757,1,1.7490520477294922,"{""orientation_cued"": 0.6829121112823486, ""motion_duration_cued"": 1.3674851655960083, ""krauzlis_cued_motion"": 0.5705178380012512, ""spatial_binding"": 0.693447470664978, ""image_recognition"": 0.6970735788345337}","{""orientation_cued"": 0.625, ""motion_duration_cued"": 0.5, ""krauzlis_cued_motion"": 1.0, ""spatial_binding"": 0.5, ""image_recognition"": 0.5}","{""orientation_cued"": ""orientation_cued_D4"", ""motion_duration_cued"": ""motion_duration_cued_D12"", ""krauzlis_cued_motion"": ""krauzlis_B12"", ""spatial_binding"": ""spatial_binding_D12"", ""image_recognition"": ""image_recognition_N4_H5""}","{""orientation_cued"": {}, ""motion_duration_cued"": {}, ""krauzlis_cued_motion"": {}, ""spatial_binding"": {}, ""image_recognition"": {}}"
235,9400,197064,0.8344734191894532,0.5,0.670621395111084,0,2.242445230484009,"{""orientation_cued"": 0.6710004210472107, ""motion_duration_cued"": 1.4113764762878418, ""krauzlis_cued_motion"": 0.703956127166748, ""spatial_binding"": 0.6954660415649414, ""image_recognition"": 0.6905680298805237}","{""orientation_cued"": 0.75, ""motion_duration_cued"": 0.125, ""krauzlis_cued_motion"": 0.5, ""spatial_binding"": 0.5, ""image_recognition"": 0.625}","{""orientation_cued"": ""orientation_cued_D0"", ""motion_duration_cued"": ""motion_duration_cued_D4"", ""krauzlis_cued_motion"": ""krauzlis_B20"", ""spatial_binding"": ""spatial_binding_D24"", ""image_recognition"": ""image_recognition_N24_H3""}","{""orientation_cued"": {}, ""motion_duration_cued"": {}, ""krauzlis_cued_motion"": {}, ""spatial_binding"": {}, ""image_recognition"": {}}"
236,9440,198104,0.8508084774017334,0.4,0.8677259087562561,0,2.4965198040008545,"{""orientation_cued"": 0.7214193344116211, ""motion_duration_cued"": 1.3974097967147827, ""krauzlis_cued_motion"": 0.7467426061630249, ""spatial_binding"": 0.6936116218566895, ""image_recognition"": 0.6948590278625488}","{""orientation_cued"": 0.25, ""motion_duration_cued"": 0.25, ""krauzlis_cued_motion"": 0.375, ""spatial_binding"": 0.5, ""image_recognition"": 0.625}","{""orientation_cued"": ""orientation_cued_D24"", ""motion_duration_cued"": ""motion_duration_cued_D24"", ""krauzlis_cued_motion"": ""krauzlis_B12"", ""spatial_binding"": ""spatial_binding_D0"", ""image_recognition"": ""image_recognition_N24_H5""}","{""orientation_cued"": {}, ""motion_duration_cued"": {}, ""krauzlis_cued_motion"": {}, ""spatial_binding"": {}, ""image_recognition"": {}}"
237,9480,199168,0.8163344621658325,0.5,0.5802445411682129,0,2.5740747451782227,"{""orientation_cued"": 0.6943521499633789, ""motion_duration_cued"": 1.333715558052063, ""krauzlis_cued_motion"": 0.665329098701477, ""spatial_binding"": 0.6945105791091919, ""image_recognition"": 0.6937649250030518}","{""orientation_cued"": 0.5, ""motion_duration_cued"": 0.5, ""krauzlis_cued_motion"": 0.625, ""spatial_binding"": 0.5, ""image_recognition"": 0.375}","{""orientation_cued"": ""orientation_cued_D24"", ""motion_duration_cued"": ""motion_duration_cued_D0"", ""krauzlis_cued_motion"": ""krauzlis_B28"", ""spatial_binding"": ""spatial_binding_D12"", ""image_recognition"": ""image_recognition_N24_H4""}","{""orientation_cued"": {}, ""motion_duration_cued"": {}, ""krauzlis_cued_motion"": {}, ""spatial_binding"": {}, ""image_recognition"": {}}"
238,9520,200080,0.8275633215904236,0.475,0.5684597492218018,0,2.208131790161133,"{""orientation_cued"": 0.6934807896614075, ""motion_duration_cued"": 1.3545873165130615, ""krauzlis_cued_motion"": 0.7072175741195679, ""spatial_binding"": 0.6918542385101318, ""image_recognition"": 0.6906766891479492}","{""orientation_cued"": 0.5, ""motion_duration_cued"": 0.375, ""krauzlis_cued_motion"": 0.5, ""spatial_binding"": 0.5, ""image_recognition"": 0.5}","{""orientation_cued"": ""orientation_cued_D12"", ""motion_duration_cued"": ""motion_duration_cued_D24"", ""krauzlis_cued_motion"": ""krauzlis_B20"", ""spatial_binding"": ""spatial_binding_D0"", ""image_recognition"": ""image_recognition_N12_H5""}","{""orientation_cued"": {}, ""motion_duration_cued"": {}, ""krauzlis_cued_motion"": {}, ""spatial_binding"": {}, ""image_recognition"": {}}"
239,9560,200784,0.8157394170761109,0.525,0.35980457067489624,0,1.6906137466430664,"{""orientation_cued"": 0.6898866295814514, ""motion_duration_cued"": 1.3877747058868408, ""krauzlis_cued_motion"": 0.6238373517990112, ""spatial_binding"": 0.6927878260612488, ""image_recognition"": 0.684410572052002}","{""orientation_cued"": 0.5, ""motion_duration_cued"": 0.25, ""krauzlis_cued_motion"": 0.75, ""spatial_binding"": 0.5, ""image_recognition"": 0.625}","{""orientation_cued"": ""orientation_cued_D4"", ""motion_duration_cued"": ""motion_duration_cued_D12"", ""krauzlis_cued_motion"": ""krauzlis_B12"", ""spatial_binding"": ""spatial_binding_D4"", ""image_recognition"": ""image_recognition_N12_H3""}","{""orientation_cued"": {}, ""motion_duration_cued"": {}, ""krauzlis_cued_motion"": {}, ""spatial_binding"": {}, ""image_recognition"": {}}"
240,9600,201600,0.7002973675727844,0.575,0.3671107888221741,0,1.9751663208007812,"{""orientation_cued"": 0.6942216753959656, ""motion_duration_cued"": 1.392825722694397, ""krauzlis_cued_motion"": 0.6645189523696899, ""spatial_binding"": 0.6942610740661621, ""image_recognition"": 0.05565941333770752}","{""orientation_cued"": 0.5, ""motion_duration_cued"": 0.25, ""krauzlis_cued_motion"": 0.625, ""spatial_binding"": 0.5, ""image_recognition"": 1.0}","{""orientation_cued"": ""orientation_cued_D0"", ""motion_duration_cued"": ""motion_duration_cued_D4"", ""krauzlis_cued_motion"": ""krauzlis_B28"", ""spatial_binding"": ""spatial_binding_D24"", ""image_recognition"": ""image_recognition_N0_H5""}","{""orientation_cued"": {}, ""motion_duration_cued"": {}, ""krauzlis_cued_motion"": {}, ""spatial_binding"": {}, ""image_recognition"": {}}"
241,9640,202440,0.841506838798523,0.4,0.8609498739242554,0,2.045973777770996,"{""orientation_cued"": 0.7046023607254028, ""motion_duration_cued"": 1.4102089405059814, ""krauzlis_cued_motion"": 0.708737850189209, ""spatial_binding"": 0.6887497305870056, ""image_recognition"": 0.6952353119850159}","{""orientation_cued"": 0.25, ""motion_duration_cued"": 0.125, ""krauzlis_cued_motion"": 0.5, ""spatial_binding"": 0.625, ""image_recognition"": 0.5}","{""orientation_cued"": ""orientation_cued_D24"", ""motion_duration_cued"": ""motion_duration_cued_D12"", ""krauzlis_cued_motion"": ""krauzlis_B12"", ""spatial_binding"": ""spatial_binding_D0"", ""image_recognition"": ""image_recognition_N12_H4""}","{""orientation_cued"": {}, ""motion_duration_cued"": {}, ""krauzlis_cued_motion"": {}, ""spatial_binding"": {}, ""image_recognition"": {}}"
242,9680,203056,0.8156314849853515,0.5,1.0322577953338623,1,1.5096745491027832,"{""orientation_cued"": 0.7184596657752991, ""motion_duration_cued"": 1.383660912513733, ""krauzlis_cued_motion"": 0.5776460766792297, ""spatial_binding"": 0.6911781430244446, ""image_recognition"": 0.7072126269340515}","{""orientation_cued"": 0.25, ""motion_duration_cued"": 0.375, ""krauzlis_cued_motion"": 0.875, ""spatial_binding"": 0.5, ""image_recognition"": 0.5}","{""orientation_cued"": ""orientation_cued_D4"", ""motion_duration_cued"": ""motion_duration_cued_D0"", ""krauzlis_cued_motion"": ""krauzlis_B20"", ""spatial_binding"": ""spatial_binding_D4"", ""image_recognition"": ""image_recognition_N4_H4""}","{""orientation_cued"": {}, ""motion_duration_cued"": {}, ""krauzlis_cued_motion"": {}, ""spatial_binding"": {}, ""image_recognition"": {}}"
243,9720,204208,0.8243297338485718,0.5,0.26604214310646057,0,2.8907968997955322,"{""orientation_cued"": 0.693027138710022, ""motion_duration_cued"": 1.3777503967285156, ""krauzlis_cued_motion"": 0.6638031601905823, ""spatial_binding"": 0.6933417320251465, ""image_recognition"": 0.6937262415885925}","{""orientation_cued"": 0.5, ""motion_duration_cued"": 0.25, ""krauzlis_cued_motion"": 0.625, ""spatial_binding"": 0.5, ""image_recognition"": 0.625}","{""orientation_cued"": ""orientation_cued_D0"", ""motion_duration_cued"": ""motion_duration_cued_D24"", ""krauzlis_cued_motion"": ""krauzlis_B28"", ""spatial_binding"": ""spatial_binding_D24"", ""image_recognition"": ""image_recognition_N24_H3""}","{""orientation_cued"": {}, ""motion_duration_cued"": {}, ""krauzlis_cued_motion"": {}, ""spatial_binding"": {}, ""image_recognition"": {}}"
244,9760,205008,0.693478950113058,0.6,0.27132877707481384,0,1.9638893604278564,"{""orientation_cued"": 0.6956734657287598, ""motion_duration_cued"": 1.3716037273406982, ""krauzlis_cued_motion"": 0.6626832485198975, ""spatial_binding"": 0.6929372549057007, ""image_recognition"": 0.0444970540702343}","{""orientation_cued"": 0.5, ""motion_duration_cued"": 0.375, ""krauzlis_cued_motion"": 0.625, ""spatial_binding"": 0.5, ""image_recognition"": 1.0}","{""orientation_cued"": ""orientation_cued_D12"", ""motion_duration_cued"": ""motion_duration_cued_D4"", ""krauzlis_cued_motion"": ""krauzlis_B28"", ""spatial_binding"": ""spatial_binding_D12"", ""image_recognition"": ""image_recognition_N0_H3""}","{""orientation_cued"": {}, ""motion_duration_cued"": {}, ""krauzlis_cued_motion"": {}, ""spatial_binding"": {}, ""image_recognition"": {}}"
245,9800,205944,0.8363604784011841,0.425,0.5094318389892578,0,2.216658592224121,"{""orientation_cued"": 0.6943200826644897, ""motion_duration_cued"": 1.3876206874847412, ""krauzlis_cued_motion"": 0.7139438986778259, ""spatial_binding"": 0.6932446956634521, ""image_recognition"": 0.6926730275154114}","{""orientation_cued"": 0.375, ""motion_duration_cued"": 0.125, ""krauzlis_cued_motion"": 0.5, ""spatial_binding"": 0.5, ""image_recognition"": 0.625}","{""orientation_cued"": ""orientation_cued_D0"", ""motion_duration_cued"": ""motion_duration_cued_D4"", ""krauzlis_cued_motion"": ""krauzlis_B20"", ""spatial_binding"": ""spatial_binding_D24"", ""image_recognition"": ""image_recognition_N24_H4""}","{""orientation_cued"": {}, ""motion_duration_cued"": {}, ""krauzlis_cued_motion"": {}, ""spatial_binding"": {}, ""image_recognition"": {}}"
246,9840,206696,0.8440872073173523,0.475,0.57148677110672,0,1.7862350940704346,"{""orientation_cued"": 0.6864311099052429, ""motion_duration_cued"": 1.3835047483444214, ""krauzlis_cued_motion"": 0.7661951780319214, ""spatial_binding"": 0.6932928562164307, ""image_recognition"": 0.6910121440887451}","{""orientation_cued"": 0.625, ""motion_duration_cued"": 0.375, ""krauzlis_cued_motion"": 0.375, ""spatial_binding"": 0.5, ""image_recognition"": 0.5}","{""orientation_cued"": ""orientation_cued_D12"", ""motion_duration_cued"": ""motion_duration_cued_D12"", ""krauzlis_cued_motion"": ""krauzlis_B12"", ""spatial_binding"": ""spatial_binding_D0"", ""image_recognition"": ""image_recognition_N12_H5""}","{""orientation_cued"": {}, ""motion_duration_cued"": {}, ""krauzlis_cued_motion"": {}, ""spatial_binding"": {}, ""image_recognition"": {}}"
247,9880,207448,0.8391751170158386,0.525,1.0220904350280762,1,1.7675259113311768,"{""orientation_cued"": 0.6915528774261475, ""motion_duration_cued"": 1.4126344919204712, ""krauzlis_cued_motion"": 0.7144152522087097, ""spatial_binding"": 0.6959488391876221, ""image_recognition"": 0.6813241243362427}","{""orientation_cued"": 0.75, ""motion_duration_cued"": 0.25, ""krauzlis_cued_motion"": 0.5, ""spatial_binding"": 0.5, ""image_recognition"": 0.625}","{""orientation_cued"": ""orientation_cued_D4"", ""motion_duration_cued"": ""motion_duration_cued_D0"", ""krauzlis_cued_motion"": ""krauzlis_B28"", ""spatial_binding"": ""spatial_binding_D12"", ""image_recognition"": ""image_recognition_N4_H5""}","{""orientation_cued"": {}, ""motion_duration_cued"": {}, ""krauzlis_cued_motion"": {}, ""spatial_binding"": {}, ""image_recognition"": {}}"
248,9920,208408,0.8477308750152588,0.425,2.6135425567626953,1,2.2731335163116455,"{""orientation_cued"": 0.7199607491493225, ""motion_duration_cued"": 1.4518449306488037, ""krauzlis_cued_motion"": 0.613966703414917, ""spatial_binding"": 0.6924239993095398, ""image_recognition"": 0.7604579925537109}","{""orientation_cued"": 0.25, ""motion_duration_cued"": 0.125, ""krauzlis_cued_motion"": 0.75, ""spatial_binding"": 0.5, ""image_recognition"": 0.5}","{""orientation_cued"": ""orientation_cued_D24"", ""motion_duration_cued"": ""motion_duration_cued_D24"", ""krauzlis_cued_motion"": ""krauzlis_B20"", ""spatial_binding"": ""spatial_binding_D4"", ""image_recognition"": ""image_recognition_N4_H3""}","{""orientation_cued"": {}, ""motion_duration_cued"": {}, ""krauzlis_cued_motion"": {}, ""spatial_binding"": {}, ""image_recognition"": {}}"
249,9960,209272,0.8722078800201416,0.275,0.9349254965782166,0,2.0456247329711914,"{""orientation_cued"": 0.6948009729385376, ""motion_duration_cued"": 1.4093022346496582, ""krauzlis_cued_motion"": 0.8561840653419495, ""spatial_binding"": 0.6943911910057068, ""image_recognition"": 0.706360936164856}","{""orientation_cued"": 0.5, ""motion_duration_cued"": 0.125, ""krauzlis_cued_motion"": 0.125, ""spatial_binding"": 0.5, ""image_recognition"": 0.125}","{""orientation_cued"": ""orientation_cued_D12"", ""motion_duration_cued"": ""motion_duration_cued_D4"", ""krauzlis_cued_motion"": ""krauzlis_B12"", ""spatial_binding"": ""spatial_binding_D24"", ""image_recognition"": ""image_recognition_N12_H3""}","{""orientation_cued"": {}, ""motion_duration_cued"": {}, ""krauzlis_cued_motion"": {}, ""spatial_binding"": {}, ""image_recognition"": {}}"
250,10000,209960,0.7087676703929902,0.525,0.7120617628097534,0,1.622812032699585,"{""orientation_cued"": 0.6953929662704468, ""motion_duration_cued"": 1.4018018245697021, ""krauzlis_cued_motion"": 0.7084407210350037, ""spatial_binding"": 0.6930083632469177, ""image_recognition"": 0.04519447684288025}","{""orientation_cued"": 0.5, ""motion_duration_cued"": 0.125, ""krauzlis_cued_motion"": 0.5, ""spatial_binding"": 0.5, ""image_recognition"": 1.0}","{""orientation_cued"": ""orientation_cued_D4"", ""motion_duration_cued"": ""motion_duration_cued_D12"", ""krauzlis_cued_motion"": ""krauzlis_B20"", ""spatial_binding"": ""spatial_binding_D4"", ""image_recognition"": ""image_recognition_N0_H5""}","{""orientation_cued"": {}, ""motion_duration_cued"": {}, ""krauzlis_cued_motion"": {}, ""spatial_binding"": {}, ""image_recognition"": {}}"
251,10040,210904,0.8202972412109375,0.475,0.6189324855804443,0,2.2301528453826904,"{""orientation_cued"": 0.6999622583389282, ""motion_duration_cued"": 1.3924049139022827, ""krauzlis_cued_motion"": 0.6289204359054565, ""spatial_binding"": 0.6916449666023254, ""image_recognition"": 0.6885536313056946}","{""orientation_cued"": 0.375, ""motion_duration_cued"": 0.25, ""krauzlis_cued_motion"": 0.75, ""spatial_binding"": 0.5, ""image_recognition"": 0.5}","{""orientation_cued"": ""orientation_cued_D0"", ""motion_duration_cued"": ""motion_duration_cued_D24"", ""krauzlis_cued_motion"": ""krauzlis_B12"", ""spatial_binding"": ""spatial_binding_D12"", ""image_recognition"": ""image_recognition_N24_H5""}","{""orientation_cued"": {}, ""motion_duration_cued"": {}, ""krauzlis_cued_motion"": {}, ""spatial_binding"": {}, ""image_recognition"": {}}"
252,10080,211680,0.7240380339324475,0.525,0.8438674211502075,0,1.8425312042236328,"{""orientation_cued"": 0.6817262768745422, ""motion_duration_cued"": 1.386888861656189, ""krauzlis_cued_motion"": 0.8084421753883362, ""spatial_binding"": 0.7002536654472351, ""image_recognition"": 0.04287919029593468}","{""orientation_cued"": 0.625, ""motion_duration_cued"": 0.375, ""krauzlis_cued_motion"": 0.125, ""spatial_binding"": 0.5, ""image_recognition"": 1.0}","{""orientation_cued"": ""orientation_cued_D24"", ""motion_duration_cued"": ""motion_duration_cued_D0"", ""krauzlis_cued_motion"": ""krauzlis_B28"", ""spatial_binding"": ""spatial_binding_D0"", ""image_recognition"": ""image_recognition_N0_H4""}","{""orientation_cued"": {}, ""motion_duration_cued"": {}, ""krauzlis_cued_motion"": {}, ""spatial_binding"": {}, ""image_recognition"": {}}"
253,10120,212456,0.7004092298448086,0.575,0.29510077834129333,0,1.8258118629455566,"{""orientation_cued"": 0.678547203540802, ""motion_duration_cued"": 1.387473225593567, ""krauzlis_cued_motion"": 0.700223982334137, ""spatial_binding"": 0.693828821182251, ""image_recognition"": 0.041972916573286057}","{""orientation_cued"": 0.625, ""motion_duration_cued"": 0.25, ""krauzlis_cued_motion"": 0.5, ""spatial_binding"": 0.5, ""image_recognition"": 1.0}","{""orientation_cued"": ""orientation_cued_D12"", ""motion_duration_cued"": ""motion_duration_cued_D4"", ""krauzlis_cued_motion"": ""krauzlis_B12"", ""spatial_binding"": ""spatial_binding_D24"", ""image_recognition"": ""image_recognition_N0_H4""}","{""orientation_cued"": {}, ""motion_duration_cued"": {}, ""krauzlis_cued_motion"": {}, ""spatial_binding"": {}, ""image_recognition"": {}}"
254,10160,213112,0.8256617665290833,0.475,0.5427394509315491,0,1.5726768970489502,"{""orientation_cued"": 0.7097858786582947, ""motion_duration_cued"": 1.3877356052398682, ""krauzlis_cued_motion"": 0.6525037884712219, ""spatial_binding"": 0.6954816579818726, ""image_recognition"": 0.6828019022941589}","{""orientation_cued"": 0.375, ""motion_duration_cued"": 0.125, ""krauzlis_cued_motion"": 0.75, ""spatial_binding"": 0.5, ""image_recognition"": 0.625}","{""orientation_cued"": ""orientation_cued_D4"", ""motion_duration_cued"": ""motion_duration_cued_D0"", ""krauzlis_cued_motion"": ""krauzlis_B28"", ""spatial_binding"": ""spatial_binding_D0"", ""image_recognition"": ""image_recognition_N4_H5""}","{""orientation_cued"": {}, ""motion_duration_cued"": {}, ""krauzlis_cued_motion"": {}, ""spatial_binding"": {}, ""image_recognition"": {}}"
255,10200,214208,0.8354013204574585,0.4,0.611894428730011,0,2.578786611557007,"{""orientation_cued"": 0.7100048065185547, ""motion_duration_cued"": 1.3915379047393799, ""krauzlis_cued_motion"": 0.6774535179138184, ""spatial_binding"": 0.6911197900772095, ""image_recognition"": 0.7068905830383301}","{""orientation_cued"": 0.375, ""motion_duration_cued"": 0.0, ""krauzlis_cued_motion"": 0.625, ""spatial_binding"": 0.5, ""image_recognition"": 0.5}","{""orientation_cued"": ""orientation_cued_D24"", ""motion_duration_cued"": ""motion_duration_cued_D12"", ""krauzlis_cued_motion"": ""krauzlis_B20"", ""spatial_binding"": ""spatial_binding_D12"", ""image_recognition"": ""image_recognition_N24_H4""}","{""orientation_cued"": {}, ""motion_duration_cued"": {}, ""krauzlis_cued_motion"": {}, ""spatial_binding"": {}, ""image_recognition"": {}}"
256,10240,215048,0.8341304421424866,0.35,0.5727260708808899,0,1.9915568828582764,"{""orientation_cued"": 0.6955791711807251, ""motion_duration_cued"": 1.3818111419677734, ""krauzlis_cued_motion"": 0.6949867010116577, ""spatial_binding"": 0.6915709972381592, ""image_recognition"": 0.7067041993141174}","{""orientation_cued"": 0.375, ""motion_duration_cued"": 0.125, ""krauzlis_cued_motion"": 0.5, ""spatial_binding"": 0.5, ""image_recognition"": 0.25}","{""orientation_cued"": ""orientation_cued_D0"", ""motion_duration_cued"": ""motion_duration_cued_D24"", ""krauzlis_cued_motion"": ""krauzlis_B28"", ""spatial_binding"": ""spatial_binding_D4"", ""image_recognition"": ""image_recognition_N4_H4""}","{""orientation_cued"": {}, ""motion_duration_cued"": {}, ""krauzlis_cued_motion"": {}, ""spatial_binding"": {}, ""image_recognition"": {}}"
257,10280,215528,0.708976911753416,0.525,0.6875429153442383,0,1.1824710369110107,"{""orientation_cued"": 0.6954085230827332, ""motion_duration_cued"": 1.4068458080291748, ""krauzlis_cued_motion"": 0.7081410884857178, ""spatial_binding"": 0.6926926970481873, ""image_recognition"": 0.04179644212126732}","{""orientation_cued"": 0.5, ""motion_duration_cued"": 0.25, ""krauzlis_cued_motion"": 0.375, ""spatial_binding"": 0.5, ""image_recognition"": 1.0}","{""orientation_cued"": ""orientation_cued_D4"", ""motion_duration_cued"": ""motion_duration_cued_D0"", ""krauzlis_cued_motion"": ""krauzlis_B12"", ""spatial_binding"": ""spatial_binding_D0"", ""image_recognition"": ""image_recognition_N0_H3""}","{""orientation_cued"": {""priority_entropy"": 5.126483917236328, ""priority_peak"": 0.007329749409109354, ""priority_gradient_norm"": 0.041143748909235, ""attention_gradient_norm"": 0.0026279569137841463}, ""motion_duration_cued"": {""priority_entropy"": 5.12727689743042, ""priority_peak"": 0.0070015257224440575, ""priority_gradient_norm"": 0.42168521881103516, ""attention_gradient_norm"": 0.0362066775560379}, ""krauzlis_cued_motion"": {""priority_entropy"": 5.129188537597656, ""priority_peak"": 0.006407827138900757, ""priority_gradient_norm"": 0.49776196479797363, ""attention_gradient_norm"": 0.042044833302497864}, ""spatial_binding"": {""priority_entropy"": 5.1283063888549805, ""priority_peak"": 0.006721626501530409, ""priority_gradient_norm"": 0.4977796971797943, ""attention_gradient_norm"": 0.044457387179136276}, ""image_recognition"": {""priority_entropy"": 5.123462677001953, ""priority_peak"": 0.007050630636513233, ""priority_gradient_norm"": 0.5043078064918518, ""attention_gradient_norm"": 0.04853830114006996}}"
258,10320,216456,0.8487569093704224,0.5,1.0773855447769165,1,2.1783509254455566,"{""orientation_cued"": 0.6931042075157166, ""motion_duration_cued"": 1.4960269927978516, ""krauzlis_cued_motion"": 0.6725346446037292, ""spatial_binding"": 0.6903502941131592, ""image_recognition"": 0.6917684078216553}","{""orientation_cued"": 0.5, ""motion_duration_cued"": 0.125, ""krauzlis_cued_motion"": 0.75, ""spatial_binding"": 0.75, ""image_recognition"": 0.375}","{""orientation_cued"": ""orientation_cued_D12"", ""motion_duration_cued"": ""motion_duration_cued_D24"", ""krauzlis_cued_motion"": ""krauzlis_B20"", ""spatial_binding"": ""spatial_binding_D12"", ""image_recognition"": ""image_recognition_N4_H3""}","{""orientation_cued"": {}, ""motion_duration_cued"": {}, ""krauzlis_cued_motion"": {}, ""spatial_binding"": {}, ""image_recognition"": {}}"
259,10360,217336,0.8255773544311523,0.5,0.5747000575065613,0,2.0813302993774414,"{""orientation_cued"": 0.6977481245994568, ""motion_duration_cued"": 1.3769880533218384, ""krauzlis_cued_motion"": 0.675237238407135, ""spatial_binding"": 0.691932201385498, ""image_recognition"": 0.6859811544418335}","{""orientation_cued"": 0.375, ""motion_duration_cued"": 0.375, ""krauzlis_cued_motion"": 0.75, ""spatial_binding"": 0.5, ""image_recognition"": 0.5}","{""orientation_cued"": ""orientation_cued_D0"", ""motion_duration_cued"": ""motion_duration_cued_D4"", ""krauzlis_cued_motion"": ""krauzlis_B12"", ""spatial_binding"": ""spatial_binding_D24"", ""image_recognition"": ""image_recognition_N24_H5""}","{""orientation_cued"": {}, ""motion_duration_cued"": {}, ""krauzlis_cued_motion"": {}, ""spatial_binding"": {}, ""image_recognition"": {}}"
260,10400,218328,0.8366801261901855,0.375,0.5048820376396179,0,2.3546881675720215,"{""orientation_cued"": 0.7014852166175842, ""motion_duration_cued"": 1.3924593925476074, ""krauzlis_cued_motion"": 0.7063463926315308, ""spatial_binding"": 0.6955366730690002, ""image_recognition"": 0.6875729560852051}","{""orientation_cued"": 0.375, ""motion_duration_cued"": 0.125, ""krauzlis_cued_motion"": 0.375, ""spatial_binding"": 0.5, ""image_recognition"": 0.5}","{""orientation_cued"": ""orientation_cued_D24"", ""motion_duration_cued"": ""motion_duration_cued_D12"", ""krauzlis_cued_motion"": ""krauzlis_B28"", ""spatial_binding"": ""spatial_binding_D4"", ""image_recognition"": ""image_recognition_N12_H3""}","{""orientation_cued"": {}, ""motion_duration_cued"": {}, ""krauzlis_cued_motion"": {}, ""spatial_binding"": {}, ""image_recognition"": {}}"
261,10440,219080,0.7053058989346027,0.525,0.6440791487693787,0,1.7661526203155518,"{""orientation_cued"": 0.6862473487854004, ""motion_duration_cued"": 1.4017658233642578, ""krauzlis_cued_motion"": 0.694080650806427, ""spatial_binding"": 0.6941554546356201, ""image_recognition"": 0.050280217081308365}","{""orientation_cued"": 0.625, ""motion_duration_cued"": 0.0, ""krauzlis_cued_motion"": 0.5, ""spatial_binding"": 0.5, ""image_recognition"": 1.0}","{""orientation_cued"": ""orientation_cued_D24"", ""motion_duration_cued"": ""motion_duration_cued_D4"", ""krauzlis_cued_motion"": ""krauzlis_B20"", ""spatial_binding"": ""spatial_binding_D0"", ""image_recognition"": ""image_recognition_N0_H5""}","{""orientation_cued"": {}, ""motion_duration_cued"": {}, ""krauzlis_cued_motion"": {}, ""spatial_binding"": {}, ""image_recognition"": {}}"
262,10480,219920,0.8283237218856812,0.55,0.8064821362495422,0,1.9931292533874512,"{""orientation_cued"": 0.6985477805137634, ""motion_duration_cued"": 1.3830609321594238, ""krauzlis_cued_motion"": 0.6595131158828735, ""spatial_binding"": 0.6907011270523071, ""image_recognition"": 0.7097956538200378}","{""orientation_cued"": 0.375, ""motion_duration_cued"": 0.5, ""krauzlis_cued_motion"": 0.875, ""spatial_binding"": 0.5, ""image_recognition"": 0.5}","{""orientation_cued"": ""orientation_cued_D4"", ""motion_duration_cued"": ""motion_duration_cued_D12"", ""krauzlis_cued_motion"": ""krauzlis_B28"", ""spatial_binding"": ""spatial_binding_D4"", ""image_recognition"": ""image_recognition_N12_H4""}","{""orientation_cued"": {}, ""motion_duration_cued"": {}, ""krauzlis_cued_motion"": {}, ""spatial_binding"": {}, ""image_recognition"": {}}"
263,10520,220640,0.8330538868904114,0.45,0.4259907603263855,0,1.6906929016113281,"{""orientation_cued"": 0.6879245638847351, ""motion_duration_cued"": 1.3938217163085938, ""krauzlis_cued_motion"": 0.6804883480072021, ""spatial_binding"": 0.6933013200759888, ""image_recognition"": 0.7097334861755371}","{""orientation_cued"": 0.625, ""motion_duration_cued"": 0.25, ""krauzlis_cued_motion"": 0.625, ""spatial_binding"": 0.375, ""image_recognition"": 0.375}","{""orientation_cued"": ""orientation_cued_D0"", ""motion_duration_cued"": ""motion_duration_cued_D0"", ""krauzlis_cued_motion"": ""krauzlis_B20"", ""spatial_binding"": ""spatial_binding_D12"", ""image_recognition"": ""image_recognition_N12_H5""}","{""orientation_cued"": {}, ""motion_duration_cued"": {}, ""krauzlis_cued_motion"": {}, ""spatial_binding"": {}, ""image_recognition"": {}}"
264,10560,221760,0.8333168745040893,0.475,0.42500561475753784,0,2.6520183086395264,"{""orientation_cued"": 0.6897371411323547, ""motion_duration_cued"": 1.409204125404358, ""krauzlis_cued_motion"": 0.678472638130188, ""spatial_binding"": 0.6944802403450012, ""image_recognition"": 0.6946902275085449}","{""orientation_cued"": 0.625, ""motion_duration_cued"": 0.125, ""krauzlis_cued_motion"": 0.625, ""spatial_binding"": 0.5, ""image_recognition"": 0.5}","{""orientation_cued"": ""orientation_cued_D12"", ""motion_duration_cued"": ""motion_duration_cued_D24"", ""krauzlis_cued_motion"": ""krauzlis_B12"", ""spatial_binding"": ""spatial_binding_D24"", ""image_recognition"": ""image_recognition_N24_H3""}","{""orientation_cued"": {}, ""motion_duration_cued"": {}, ""krauzlis_cued_motion"": {}, ""spatial_binding"": {}, ""image_recognition"": {}}"
265,10600,222688,0.8455762147903443,0.35,0.6568882465362549,0,2.1975419521331787,"{""orientation_cued"": 0.692271888256073, ""motion_duration_cued"": 1.4023182392120361, ""krauzlis_cued_motion"": 0.7405381798744202, ""spatial_binding"": 0.6917915940284729, ""image_recognition"": 0.700961172580719}","{""orientation_cued"": 0.5, ""motion_duration_cued"": 0.125, ""krauzlis_cued_motion"": 0.25, ""spatial_binding"": 0.5, ""image_recognition"": 0.375}","{""orientation_cued"": ""orientation_cued_D24"", ""motion_duration_cued"": ""motion_duration_cued_D4"", ""krauzlis_cued_motion"": ""krauzlis_B20"", ""spatial_binding"": ""spatial_binding_D12"", ""image_recognition"": ""image_recognition_N12_H3""}","{""orientation_cued"": {}, ""motion_duration_cued"": {}, ""krauzlis_cued_motion"": {}, ""spatial_binding"": {}, ""image_recognition"": {}}"
266,10640,223496,0.8419487476348877,0.425,0.6329319477081299,0,1.950906753540039,"{""orientation_cued"": 0.6937990188598633, ""motion_duration_cued"": 1.3856555223464966, ""krauzlis_cued_motion"": 0.7417184710502625, ""spatial_binding"": 0.6926840543746948, ""image_recognition"": 0.6958866715431213}","{""orientation_cued"": 0.5, ""motion_duration_cued"": 0.375, ""krauzlis_cued_motion"": 0.25, ""spatial_binding"": 0.5, ""image_recognition"": 0.5}","{""orientation_cued"": ""orientation_cued_D4"", ""motion_duration_cued"": ""motion_duration_cued_D12"", ""krauzlis_cued_motion"": ""krauzlis_B12"", ""spatial_binding"": ""spatial_binding_D4"", ""image_recognition"": ""image_recognition_N24_H4""}","{""orientation_cued"": {}, ""motion_duration_cued"": {}, ""krauzlis_cued_motion"": {}, ""spatial_binding"": {}, ""image_recognition"": {}}"
267,10680,224312,0.8381564140319824,0.425,0.42963430285453796,0,1.9207916259765625,"{""orientation_cued"": 0.6942889094352722, ""motion_duration_cued"": 1.3917930126190186, ""krauzlis_cued_motion"": 0.71807861328125, ""spatial_binding"": 0.6954687237739563, ""image_recognition"": 0.691152811050415}","{""orientation_cued"": 0.5, ""motion_duration_cued"": 0.25, ""krauzlis_cued_motion"": 0.375, ""spatial_binding"": 0.5, ""image_recognition"": 0.5}","{""orientation_cued"": ""orientation_cued_D0"", ""motion_duration_cued"": ""motion_duration_cued_D24"", ""krauzlis_cued_motion"": ""krauzlis_B28"", ""spatial_binding"": ""spatial_binding_D0"", ""image_recognition"": ""image_recognition_N4_H5""}","{""orientation_cued"": {}, ""motion_duration_cued"": {}, ""krauzlis_cued_motion"": {}, ""spatial_binding"": {}, ""image_recognition"": {}}"
268,10720,225368,0.8245998382568359,0.525,0.3245416283607483,0,2.5038743019104004,"{""orientation_cued"": 0.692980945110321, ""motion_duration_cued"": 1.3734855651855469, ""krauzlis_cued_motion"": 0.6773894429206848, ""spatial_binding"": 0.6928975582122803, ""image_recognition"": 0.6862456798553467}","{""orientation_cued"": 0.5, ""motion_duration_cued"": 0.375, ""krauzlis_cued_motion"": 0.625, ""spatial_binding"": 0.5, ""image_recognition"": 0.625}","{""orientation_cued"": ""orientation_cued_D12"", ""motion_duration_cued"": ""motion_duration_cued_D0"", ""krauzlis_cued_motion"": ""krauzlis_B28"", ""spatial_binding"": ""spatial_binding_D24"", ""image_recognition"": ""image_recognition_N24_H3""}","{""orientation_cued"": {}, ""motion_duration_cued"": {}, ""krauzlis_cued_motion"": {}, ""spatial_binding"": {}, ""image_recognition"": {}}"
269,10760,226312,0.8273118138313293,0.45,0.4423375427722931,0,2.2359559535980225,"{""orientation_cued"": 0.6932774782180786, ""motion_duration_cued"": 1.3877133131027222, ""krauzlis_cued_motion"": 0.6618790030479431, ""spatial_binding"": 0.6935486793518066, ""image_recognition"": 0.7001405954360962}","{""orientation_cued"": 0.5, ""motion_duration_cued"": 0.125, ""krauzlis_cued_motion"": 0.75, ""spatial_binding"": 0.5, ""image_recognition"": 0.375}","{""orientation_cued"": ""orientation_cued_D24"", ""motion_duration_cued"": ""motion_duration_cued_D12"", ""krauzlis_cued_motion"": ""krauzlis_B12"", ""spatial_binding"": ""spatial_binding_D12"", ""image_recognition"": ""image_recognition_N12_H5""}","{""orientation_cued"": {}, ""motion_duration_cued"": {}, ""krauzlis_cued_motion"": {}, ""spatial_binding"": {}, ""image_recognition"": {}}"
270,10800,227216,0.6971910014748574,0.6,0.48001816868782043,0,2.119809150695801,"{""orientation_cued"": 0.6958726048469543, ""motion_duration_cued"": 1.3918170928955078, ""krauzlis_cued_motion"": 0.661648154258728, ""spatial_binding"": 0.694215714931488, ""image_recognition"": 0.04240144044160843}","{""orientation_cued"": 0.5, ""motion_duration_cued"": 0.25, ""krauzlis_cued_motion"": 0.75, ""spatial_binding"": 0.5, ""image_recognition"": 1.0}","{""orientation_cued"": ""orientation_cued_D0"", ""motion_duration_cued"": ""motion_duration_cued_D24"", ""krauzlis_cued_motion"": ""krauzlis_B20"", ""spatial_binding"": ""spatial_binding_D24"", ""image_recognition"": ""image_recognition_N0_H4""}","{""orientation_cued"": {}, ""motion_duration_cued"": {}, ""krauzlis_cued_motion"": {}, ""spatial_binding"": {}, ""image_recognition"": {}}"
271,10840,227800,0.8187541484832763,0.55,0.5105895400047302,0,1.4124369621276855,"{""orientation_cued"": 0.6891660690307617, ""motion_duration_cued"": 1.378167748451233, ""krauzlis_cued_motion"": 0.658498227596283, ""spatial_binding"": 0.6912574172019958, ""image_recognition"": 0.6766812801361084}","{""orientation_cued"": 0.625, ""motion_duration_cued"": 0.375, ""krauzlis_cued_motion"": 0.75, ""spatial_binding"": 0.5, ""image_recognition"": 0.5}","{""orientation_cued"": ""orientation_cued_D4"", ""motion_duration_cued"": ""motion_duration_cued_D0"", ""krauzlis_cued_motion"": ""krauzlis_B20"", ""spatial_binding"": ""spatial_binding_D0"", ""image_recognition"": ""image_recognition_N4_H4""}","{""orientation_cued"": {}, ""motion_duration_cued"": {}, ""krauzlis_cued_motion"": {}, ""spatial_binding"": {}, ""image_recognition"": {}}"
272,10880,228408,0.7001131482422351,0.525,0.4019533693790436,0,1.4311037063598633,"{""orientation_cued"": 0.6944683194160461, ""motion_duration_cued"": 1.397676944732666, ""krauzlis_cued_motion"": 0.6749201416969299, ""spatial_binding"": 0.6951754689216614, ""image_recognition"": 0.03832486644387245}","{""orientation_cued"": 0.375, ""motion_duration_cued"": 0.125, ""krauzlis_cued_motion"": 0.625, ""spatial_binding"": 0.5, ""image_recognition"": 1.0}","{""orientation_cued"": ""orientation_cued_D12"", ""motion_duration_cued"": ""motion_duration_cued_D4"", ""krauzlis_cued_motion"": ""krauzlis_B12"", ""spatial_binding"": ""spatial_binding_D4"", ""image_recognition"": ""image_recognition_N0_H3""}","{""orientation_cued"": {}, ""motion_duration_cued"": {}, ""krauzlis_cued_motion"": {}, ""spatial_binding"": {}, ""image_recognition"": {}}"
273,10920,229408,0.837138295173645,0.45,0.5646752119064331,0,2.3680155277252197,"{""orientation_cued"": 0.6931619644165039, ""motion_duration_cued"": 1.3823282718658447, ""krauzlis_cued_motion"": 0.723864734172821, ""spatial_binding"": 0.6926931142807007, ""image_recognition"": 0.6936433911323547}","{""orientation_cued"": 0.5, ""motion_duration_cued"": 0.5, ""krauzlis_cued_motion"": 0.375, ""spatial_binding"": 0.5, ""image_recognition"": 0.375}","{""orientation_cued"": ""orientation_cued_D12"", ""motion_duration_cued"": ""motion_duration_cued_D24"", ""krauzlis_cued_motion"": ""krauzlis_B28"", ""spatial_binding"": ""spatial_binding_D4"", ""image_recognition"": ""image_recognition_N12_H4""}","{""orientation_cued"": {}, ""motion_duration_cued"": {}, ""krauzlis_cued_motion"": {}, ""spatial_binding"": {}, ""image_recognition"": {}}"
274,10960,230080,0.8202085256576538,0.525,0.7353882193565369,0,1.578693151473999,"{""orientation_cued"": 0.6945735812187195, ""motion_duration_cued"": 1.3880629539489746, ""krauzlis_cued_motion"": 0.6187794804573059, ""spatial_binding"": 0.6937583088874817, ""image_recognition"": 0.7058683037757874}","{""orientation_cued"": 0.5, ""motion_duration_cued"": 0.25, ""krauzlis_cued_motion"": 0.875, ""spatial_binding"": 0.5, ""image_recognition"": 0.5}","{""orientation_cued"": ""orientation_cued_D0"", ""motion_duration_cued"": ""motion_duration_cued_D12"", ""krauzlis_cued_motion"": ""krauzlis_B12"", ""spatial_binding"": ""spatial_binding_D12"", ""image_recognition"": ""image_recognition_N4_H3""}","{""orientation_cued"": {}, ""motion_duration_cued"": {}, ""krauzlis_cued_motion"": {}, ""spatial_binding"": {}, ""image_recognition"": {}}"
275,11000,230640,0.7022816695272922,0.6,0.3735874593257904,0,1.3380818367004395,"{""orientation_cued"": 0.6866392493247986, ""motion_duration_cued"": 1.3888849020004272, ""krauzlis_cued_motion"": 0.7002423405647278, ""spatial_binding"": 0.6910573244094849, ""image_recognition"": 0.04458453133702278}","{""orientation_cued"": 0.625, ""motion_duration_cued"": 0.25, ""krauzlis_cued_motion"": 0.5, ""spatial_binding"": 0.625, ""image_recognition"": 1.0}","{""orientation_cued"": ""orientation_cued_D4"", ""motion_duration_cued"": ""motion_duration_cued_D0"", ""krauzlis_cued_motion"": ""krauzlis_B20"", ""spatial_binding"": ""spatial_binding_D0"", ""image_recognition"": ""image_recognition_N0_H5""}","{""orientation_cued"": {}, ""motion_duration_cued"": {}, ""krauzlis_cued_motion"": {}, ""spatial_binding"": {}, ""image_recognition"": {}}"
276,11040,231840,0.854931914806366,0.35,0.7936291694641113,0,2.856482744216919,"{""orientation_cued"": 0.6942864060401917, ""motion_duration_cued"": 1.387194275856018, ""krauzlis_cued_motion"": 0.8032363653182983, ""spatial_binding"": 0.6930879950523376, ""image_recognition"": 0.6968545317649841}","{""orientation_cued"": 0.375, ""motion_duration_cued"": 0.25, ""krauzlis_cued_motion"": 0.125, ""spatial_binding"": 0.625, ""image_recognition"": 0.375}","{""orientation_cued"": ""orientation_cued_D24"", ""motion_duration_cued"": ""motion_duration_cued_D4"", ""krauzlis_cued_motion"": ""krauzlis_B28"", ""spatial_binding"": ""spatial_binding_D24"", ""image_recognition"": ""image_recognition_N24_H5""}","{""orientation_cued"": {}, ""motion_duration_cued"": {}, ""krauzlis_cued_motion"": {}, ""spatial_binding"": {}, ""image_recognition"": {}}"
277,11080,232840,0.8448334574699402,0.4,0.58644038438797,0,2.501342535018921,"{""orientation_cued"": 0.6940168738365173, ""motion_duration_cued"": 1.4071383476257324, ""krauzlis_cued_motion"": 0.7348709106445312, ""spatial_binding"": 0.6952959299087524, ""image_recognition"": 0.6928452253341675}","{""orientation_cued"": 0.5, ""motion_duration_cued"": 0.0, ""krauzlis_cued_motion"": 0.375, ""spatial_binding"": 0.5, ""image_recognition"": 0.625}","{""orientation_cued"": ""orientation_cued_D12"", ""motion_duration_cued"": ""motion_duration_cued_D4"", ""krauzlis_cued_motion"": ""krauzlis_B28"", ""spatial_binding"": ""spatial_binding_D12"", ""image_recognition"": ""image_recognition_N24_H4""}","{""orientation_cued"": {}, ""motion_duration_cued"": {}, ""krauzlis_cued_motion"": {}, ""spatial_binding"": {}, ""image_recognition"": {}}"
278,11120,233736,0.8406557202339172,0.4,0.603512167930603,0,2.228472948074341,"{""orientation_cued"": 0.6944282054901123, ""motion_duration_cued"": 1.404052495956421, ""krauzlis_cued_motion"": 0.730339765548706, ""spatial_binding"": 0.6915645599365234, ""image_recognition"": 0.6828935742378235}","{""orientation_cued"": 0.5, ""motion_duration_cued"": 0.125, ""krauzlis_cued_motion"": 0.375, ""spatial_binding"": 0.5, ""image_recognition"": 0.5}","{""orientation_cued"": ""orientation_cued_D4"", ""motion_duration_cued"": ""motion_duration_cued_D24"", ""krauzlis_cued_motion"": ""krauzlis_B12"", ""spatial_binding"": ""spatial_binding_D24"", ""image_recognition"": ""image_recognition_N4_H3""}","{""orientation_cued"": {}, ""motion_duration_cued"": {}, ""krauzlis_cued_motion"": {}, ""spatial_binding"": {}, ""image_recognition"": {}}"
279,11160,234328,0.8360974073410035,0.475,0.6221597790718079,0,1.4946866035461426,"{""orientation_cued"": 0.7023003101348877, ""motion_duration_cued"": 1.3796112537384033, ""krauzlis_cued_motion"": 0.6984522342681885, ""spatial_binding"": 0.6928268671035767, ""image_recognition"": 0.7072963714599609}","{""orientation_cued"": 0.375, ""motion_duration_cued"": 0.375, ""krauzlis_cued_motion"": 0.5, ""spatial_binding"": 0.625, ""image_recognition"": 0.5}","{""orientation_cued"": ""orientation_cued_D0"", ""motion_duration_cued"": ""motion_duration_cued_D0"", ""krauzlis_cued_motion"": ""krauzlis_B20"", ""spatial_binding"": ""spatial_binding_D4"", ""image_recognition"": ""image_recognition_N4_H5""}","{""orientation_cued"": {}, ""motion_duration_cued"": {}, ""krauzlis_cued_motion"": {}, ""spatial_binding"": {}, ""image_recognition"": {}}"
280,11200,235144,0.7054611600935459,0.55,0.6193649172782898,0,2.0233709812164307,"{""orientation_cued"": 0.7031185626983643, ""motion_duration_cued"": 1.3710888624191284, ""krauzlis_cued_motion"": 0.7213714122772217, ""spatial_binding"": 0.6946884393692017, ""image_recognition"": 0.03703852370381355}","{""orientation_cued"": 0.375, ""motion_duration_cued"": 0.5, ""krauzlis_cued_motion"": 0.375, ""spatial_binding"": 0.5, ""image_recognition"": 1.0}","{""orientation_cued"": ""orientation_cued_D24"", ""motion_duration_cued"": ""motion_duration_cued_D12"", ""krauzlis_cued_motion"": ""krauzlis_B20"", ""spatial_binding"": ""spatial_binding_D0"", ""image_recognition"": ""image_recognition_N0_H5""}","{""orientation_cued"": {}, ""motion_duration_cued"": {}, ""krauzlis_cued_motion"": {}, ""spatial_binding"": {}, ""image_recognition"": {}}"
281,11240,235928,0.820122766494751,0.6,0.804135262966156,0,2.0035109519958496,"{""orientation_cued"": 0.6855307221412659, ""motion_duration_cued"": 1.3730829954147339, ""krauzlis_cued_motion"": 0.6387295722961426, ""spatial_binding"": 0.6954018473625183, ""image_recognition"": 0.7078686952590942}","{""orientation_cued"": 0.625, ""motion_duration_cued"": 0.5, ""krauzlis_cued_motion"": 0.875, ""spatial_binding"": 0.5, ""image_recognition"": 0.5}","{""orientation_cued"": ""orientation_cued_D24"", ""motion_duration_cued"": ""motion_duration_cued_D0"", ""krauzlis_cued_motion"": ""krauzlis_B12"", ""spatial_binding"": ""spatial_binding_D4"", ""image_recognition"": ""image_recognition_N12_H5""}","{""orientation_cued"": {}, ""motion_duration_cued"": {}, ""krauzlis_cued_motion"": {}, ""spatial_binding"": {}, ""image_recognition"": {}}"
282,11280,236896,0.8244409084320068,0.475,0.7445082664489746,0,2.2966742515563965,"{""orientation_cued"": 0.6968701481819153, ""motion_duration_cued"": 1.3845492601394653, ""krauzlis_cued_motion"": 0.6595450043678284, ""spatial_binding"": 0.6947332620620728, ""image_recognition"": 0.6865068674087524}","{""orientation_cued"": 0.375, ""motion_duration_cued"": 0.25, ""krauzlis_cued_motion"": 0.75, ""spatial_binding"": 0.5, ""image_recognition"": 0.5}","{""orientation_cued"": ""orientation_cued_D0"", ""motion_duration_cued"": ""motion_duration_cued_D24"", ""krauzlis_cued_motion"": ""krauzlis_B28"", ""spatial_binding"": ""spatial_binding_D12"", ""image_recognition"": ""image_recognition_N12_H4""}","{""orientation_cued"": {}, ""motion_duration_cued"": {}, ""krauzlis_cued_motion"": {}, ""spatial_binding"": {}, ""image_recognition"": {}}"
283,11320,237608,0.6896407097578049,0.675,0.5181220769882202,0,1.6739256381988525,"{""orientation_cued"": 0.6914433836936951, ""motion_duration_cued"": 1.3681803941726685, ""krauzlis_cued_motion"": 0.6581258773803711, ""spatial_binding"": 0.6962748169898987, ""image_recognition"": 0.03417907655239105}","{""orientation_cued"": 0.75, ""motion_duration_cued"": 0.375, ""krauzlis_cued_motion"": 0.75, ""spatial_binding"": 0.5, ""image_recognition"": 1.0}","{""orientation_cued"": ""orientation_cued_D4"", ""motion_duration_cued"": ""motion_duration_cued_D12"", ""krauzlis_cued_motion"": ""krauzlis_B28"", ""spatial_binding"": ""spatial_binding_D0"", ""image_recognition"": ""image_recognition_N0_H4""}","{""orientation_cued"": {}, ""motion_duration_cued"": {}, ""krauzlis_cued_motion"": {}, ""spatial_binding"": {}, ""image_recognition"": {}}"
284,11360,238376,0.6870223633944988,0.675,0.6699422001838684,0,1.8252556324005127,"{""orientation_cued"": 0.6920415163040161, ""motion_duration_cued"": 1.3833129405975342, ""krauzlis_cued_motion"": 0.634537935256958, ""spatial_binding"": 0.6918580532073975, ""image_recognition"": 0.033361371606588364}","{""orientation_cued"": 0.625, ""motion_duration_cued"": 0.375, ""krauzlis_cued_motion"": 0.875, ""spatial_binding"": 0.5, ""image_recognition"": 1.0}","{""orientation_cued"": ""orientation_cued_D12"", ""motion_duration_cued"": ""motion_duration_cued_D4"", ""krauzlis_cued_motion"": ""krauzlis_B12"", ""spatial_binding"": ""spatial_binding_D24"", ""image_recognition"": ""image_recognition_N0_H3""}","{""orientation_cued"": {}, ""motion_duration_cued"": {}, ""krauzlis_cued_motion"": {}, ""spatial_binding"": {}, ""image_recognition"": {}}"
285,11400,239048,0.8332293510437012,0.425,0.450584352016449,0,1.5930712223052979,"{""orientation_cued"": 0.6954522728919983, ""motion_duration_cued"": 1.3867720365524292, ""krauzlis_cued_motion"": 0.6984825730323792, ""spatial_binding"": 0.69346022605896, ""image_recognition"": 0.6919796466827393}","{""orientation_cued"": 0.375, ""motion_duration_cued"": 0.25, ""krauzlis_cued_motion"": 0.5, ""spatial_binding"": 0.5, ""image_recognition"": 0.5}","{""orientation_cued"": ""orientation_cued_D0"", ""motion_duration_cued"": ""motion_duration_cued_D4"", ""krauzlis_cued_motion"": ""krauzlis_B20"", ""spatial_binding"": ""spatial_binding_D4"", ""image_recognition"": ""image_recognition_N12_H3""}","{""orientation_cued"": {}, ""motion_duration_cued"": {}, ""krauzlis_cued_motion"": {}, ""spatial_binding"": {}, ""image_recognition"": {}}"
286,11440,239984,0.8234886288642883,0.5,0.4044492542743683,0,2.2144079208374023,"{""orientation_cued"": 0.685696005821228, ""motion_duration_cued"": 1.3840407133102417, ""krauzlis_cued_motion"": 0.6705690622329712, ""spatial_binding"": 0.6931493878364563, ""image_recognition"": 0.6839879751205444}","{""orientation_cued"": 0.625, ""motion_duration_cued"": 0.25, ""krauzlis_cued_motion"": 0.625, ""spatial_binding"": 0.5, ""image_recognition"": 0.5}","{""orientation_cued"": ""orientation_cued_D24"", ""motion_duration_cued"": ""motion_duration_cued_D0"", ""krauzlis_cued_motion"": ""krauzlis_B20"", ""spatial_binding"": ""spatial_binding_D24"", ""image_recognition"": ""image_recognition_N4_H4""}","{""orientation_cued"": {}, ""motion_duration_cued"": {}, ""krauzlis_cued_motion"": {}, ""spatial_binding"": {}, ""image_recognition"": {}}"
287,11480,240864,0.8283536434173584,0.475,0.4086602032184601,0,2.1133956909179688,"{""orientation_cued"": 0.6869609951972961, ""motion_duration_cued"": 1.3940099477767944, ""krauzlis_cued_motion"": 0.6686158776283264, ""spatial_binding"": 0.6940657496452332, ""image_recognition"": 0.6981156468391418}","{""orientation_cued"": 0.625, ""motion_duration_cued"": 0.125, ""krauzlis_cued_motion"": 0.625, ""spatial_binding"": 0.5, ""image_recognition"": 0.5}","{""orientation_cued"": ""orientation_cued_D4"", ""motion_duration_cued"": ""motion_duration_cued_D24"", ""krauzlis_cued_motion"": ""krauzlis_B12"", ""spatial_binding"": ""spatial_binding_D0"", ""image_recognition"": ""image_recognition_N24_H5""}","{""orientation_cued"": {}, ""motion_duration_cued"": {}, ""krauzlis_cued_motion"": {}, ""spatial_binding"": {}, ""image_recognition"": {}}"
288,11520,241920,0.8180048346519471,0.45,0.47885292768478394,0,2.4744255542755127,"{""orientation_cued"": 0.6983901262283325, ""motion_duration_cued"": 1.371705412864685, ""krauzlis_cued_motion"": 0.6303179860115051, ""spatial_binding"": 0.6952652335166931, ""image_recognition"": 0.6943454146385193}","{""orientation_cued"": 0.375, ""motion_duration_cued"": 0.25, ""krauzlis_cued_motion"": 0.75, ""spatial_binding"": 0.5, ""image_recognition"": 0.375}","{""orientation_cued"": ""orientation_cued_D12"", ""motion_duration_cued"": ""motion_duration_cued_D12"", ""krauzlis_cued_motion"": ""krauzlis_B28"", ""spatial_binding"": ""spatial_binding_D12"", ""image_recognition"": ""image_recognition_N24_H3""}","{""orientation_cued"": {}, ""motion_duration_cued"": {}, ""krauzlis_cued_motion"": {}, ""spatial_binding"": {}, ""image_recognition"": {}}"
289,11560,242856,0.840541660785675,0.475,0.5563929080963135,0,2.214287519454956,"{""orientation_cued"": 0.6930140852928162, ""motion_duration_cued"": 1.3674399852752686, ""krauzlis_cued_motion"": 0.747270405292511, ""spatial_binding"": 0.6969816088676453, ""image_recognition"": 0.6980022192001343}","{""orientation_cued"": 0.5, ""motion_duration_cued"": 0.5, ""krauzlis_cued_motion"": 0.375, ""spatial_binding"": 0.5, ""image_recognition"": 0.5}","{""orientation_cued"": ""orientation_cued_D24"", ""motion_duration_cued"": ""motion_duration_cued_D0"", ""krauzlis_cued_motion"": ""krauzlis_B12"", ""spatial_binding"": ""spatial_binding_D24"", ""image_recognition"": ""image_recognition_N12_H4""}","{""orientation_cued"": {}, ""motion_duration_cued"": {}, ""krauzlis_cued_motion"": {}, ""spatial_binding"": {}, ""image_recognition"": {}}"
290,11600,243800,0.8435901045799256,0.375,0.5788385272026062,0,2.235414981842041,"{""orientation_cued"": 0.692847490310669, ""motion_duration_cued"": 1.3751120567321777, ""krauzlis_cued_motion"": 0.7524440288543701, ""spatial_binding"": 0.6931023597717285, ""image_recognition"": 0.7044445872306824}","{""orientation_cued"": 0.5, ""motion_duration_cued"": 0.25, ""krauzlis_cued_motion"": 0.375, ""spatial_binding"": 0.5, ""image_recognition"": 0.25}","{""orientation_cued"": ""orientation_cued_D4"", ""motion_duration_cued"": ""motion_duration_cued_D24"", ""krauzlis_cued_motion"": ""krauzlis_B28"", ""spatial_binding"": ""spatial_binding_D4"", ""image_recognition"": ""image_recognition_N12_H5""}","{""orientation_cued"": {}, ""motion_duration_cued"": {}, ""krauzlis_cued_motion"": {}, ""spatial_binding"": {}, ""image_recognition"": {}}"
291,11640,244640,0.8286455750465394,0.45,0.42032548785209656,0,1.9710488319396973,"{""orientation_cued"": 0.7025027871131897, ""motion_duration_cued"": 1.393416404724121, ""krauzlis_cued_motion"": 0.6641811728477478, ""spatial_binding"": 0.695027232170105, ""image_recognition"": 0.688100278377533}","{""orientation_cued"": 0.375, ""motion_duration_cued"": 0.125, ""krauzlis_cued_motion"": 0.625, ""spatial_binding"": 0.5, ""image_recognition"": 0.625}","{""orientation_cued"": ""orientation_cued_D0"", ""motion_duration_cued"": ""motion_duration_cued_D4"", ""krauzlis_cued_motion"": ""krauzlis_B20"", ""spatial_binding"": ""spatial_binding_D12"", ""image_recognition"": ""image_recognition_N24_H4""}","{""orientation_cued"": {}, ""motion_duration_cued"": {}, ""krauzlis_cued_motion"": {}, ""spatial_binding"": {}, ""image_recognition"": {}}"
292,11680,245448,0.821501362323761,0.45,1.0607621669769287,1,1.9219939708709717,"{""orientation_cued"": 0.6936235427856445, ""motion_duration_cued"": 1.3867449760437012, ""krauzlis_cued_motion"": 0.6183526515960693, ""spatial_binding"": 0.6926427483558655, ""image_recognition"": 0.7161428928375244}","{""orientation_cued"": 0.375, ""motion_duration_cued"": 0.25, ""krauzlis_cued_motion"": 0.75, ""spatial_binding"": 0.375, ""image_recognition"": 0.5}","{""orientation_cued"": ""orientation_cued_D12"", ""motion_duration_cued"": ""motion_duration_cued_D12"", ""krauzlis_cued_motion"": ""krauzlis_B28"", ""spatial_binding"": ""spatial_binding_D0"", ""image_recognition"": ""image_recognition_N4_H4""}","{""orientation_cued"": {}, ""motion_duration_cued"": {}, ""krauzlis_cued_motion"": {}, ""spatial_binding"": {}, ""image_recognition"": {}}"
293,11720,246064,0.6847755238413811,0.575,0.467747300863266,0,1.4697420597076416,"{""orientation_cued"": 0.6994836926460266, ""motion_duration_cued"": 1.3857817649841309, ""krauzlis_cued_motion"": 0.616570234298706, ""spatial_binding"": 0.6900197863578796, ""image_recognition"": 0.0320221409201622}","{""orientation_cued"": 0.375, ""motion_duration_cued"": 0.25, ""krauzlis_cued_motion"": 0.75, ""spatial_binding"": 0.5, ""image_recognition"": 1.0}","{""orientation_cued"": ""orientation_cued_D0"", ""motion_duration_cued"": ""motion_duration_cued_D12"", ""krauzlis_cued_motion"": ""krauzlis_B20"", ""spatial_binding"": ""spatial_binding_D0"", ""image_recognition"": ""image_recognition_N0_H4""}","{""orientation_cued"": {}, ""motion_duration_cued"": {}, ""krauzlis_cued_motion"": {}, ""spatial_binding"": {}, ""image_recognition"": {}}"
294,11760,247024,0.8491148352622986,0.4,0.6788440942764282,0,2.2543885707855225,"{""orientation_cued"": 0.7042635679244995, ""motion_duration_cued"": 1.3816454410552979, ""krauzlis_cued_motion"": 0.7622434496879578, ""spatial_binding"": 0.6937456727027893, ""image_recognition"": 0.7036760449409485}","{""orientation_cued"": 0.375, ""motion_duration_cued"": 0.25, ""krauzlis_cued_motion"": 0.375, ""spatial_binding"": 0.5, ""image_recognition"": 0.5}","{""orientation_cued"": ""orientation_cued_D24"", ""motion_duration_cued"": ""motion_duration_cued_D24"", ""krauzlis_cued_motion"": ""krauzlis_B12"", ""spatial_binding"": ""spatial_binding_D12"", ""image_recognition"": ""image_recognition_N4_H3""}","{""orientation_cued"": {}, ""motion_duration_cued"": {}, ""krauzlis_cued_motion"": {}, ""spatial_binding"": {}, ""image_recognition"": {}}"
295,11800,247664,0.8179545640945435,0.475,0.7190847396850586,0,1.5293216705322266,"{""orientation_cued"": 0.7043682336807251, ""motion_duration_cued"": 1.3882501125335693, ""krauzlis_cued_motion"": 0.6127780675888062, ""spatial_binding"": 0.6927717924118042, ""image_recognition"": 0.6916046142578125}","{""orientation_cued"": 0.25, ""motion_duration_cued"": 0.25, ""krauzlis_cued_motion"": 0.75, ""spatial_binding"": 0.5, ""image_recognition"": 0.625}","{""orientation_cued"": ""orientation_cued_D4"", ""motion_duration_cued"": ""motion_duration_cued_D4"", ""krauzlis_cued_motion"": ""krauzlis_B12"", ""spatial_binding"": ""spatial_binding_D4"", ""image_recognition"": ""image_recognition_N12_H3""}","{""orientation_cued"": {}, ""motion_duration_cued"": {}, ""krauzlis_cued_motion"": {}, ""spatial_binding"": {}, ""image_recognition"": {}}"
296,11840,248736,0.8496898531913757,0.325,0.7095794677734375,0,2.532984733581543,"{""orientation_cued"": 0.6982759237289429, ""motion_duration_cued"": 1.3901641368865967, ""krauzlis_cued_motion"": 0.7658603191375732, ""spatial_binding"": 0.694104015827179, ""image_recognition"": 0.7000448703765869}","{""orientation_cued"": 0.25, ""motion_duration_cued"": 0.25, ""krauzlis_cued_motion"": 0.375, ""spatial_binding"": 0.375, ""image_recognition"": 0.375}","{""orientation_cued"": ""orientation_cued_D12"", ""motion_duration_cued"": ""motion_duration_cued_D0"", ""krauzlis_cued_motion"": ""krauzlis_B28"", ""spatial_binding"": ""spatial_binding_D24"", ""image_recognition"": ""image_recognition_N24_H5""}","{""orientation_cued"": {}, ""motion_duration_cued"": {}, ""krauzlis_cued_motion"": {}, ""spatial_binding"": {}, ""image_recognition"": {}}"
297,11880,249632,0.7072115056216717,0.55,0.49847903847694397,0,2.1066372394561768,"{""orientation_cued"": 0.6792714595794678, ""motion_duration_cued"": 1.3749070167541504, ""krauzlis_cued_motion"": 0.7653833627700806, ""spatial_binding"": 0.6851290464401245, ""image_recognition"": 0.03136664256453514}","{""orientation_cued"": 0.625, ""motion_duration_cued"": 0.25, ""krauzlis_cued_motion"": 0.375, ""spatial_binding"": 0.5, ""image_recognition"": 1.0}","{""orientation_cued"": ""orientation_cued_D24"", ""motion_duration_cued"": ""motion_duration_cued_D24"", ""krauzlis_cued_motion"": ""krauzlis_B20"", ""spatial_binding"": ""spatial_binding_D0"", ""image_recognition"": ""image_recognition_N0_H3""}","{""orientation_cued"": {}, ""motion_duration_cued"": {}, ""krauzlis_cued_motion"": {}, ""spatial_binding"": {}, ""image_recognition"": {}}"
298,11920,250624,0.846940541267395,0.45,0.5619052052497864,0,2.3498570919036865,"{""orientation_cued"": 0.6929354071617126, ""motion_duration_cued"": 1.3996299505233765, ""krauzlis_cued_motion"": 0.7622342109680176, ""spatial_binding"": 0.6936219930648804, ""image_recognition"": 0.686281144618988}","{""orientation_cued"": 0.5, ""motion_duration_cued"": 0.25, ""krauzlis_cued_motion"": 0.375, ""spatial_binding"": 0.5, ""image_recognition"": 0.625}","{""orientation_cued"": ""orientation_cued_D12"", ""motion_duration_cued"": ""motion_duration_cued_D12"", ""krauzlis_cued_motion"": ""krauzlis_B20"", ""spatial_binding"": ""spatial_binding_D12"", ""image_recognition"": ""image_recognition_N24_H3""}","{""orientation_cued"": {}, ""motion_duration_cued"": {}, ""krauzlis_cued_motion"": {}, ""spatial_binding"": {}, ""image_recognition"": {}}"
299,11960,251184,0.8031943440437317,0.525,0.8745861053466797,0,1.3254437446594238,"{""orientation_cued"": 0.6951026916503906, ""motion_duration_cued"": 1.3765748739242554, ""krauzlis_cued_motion"": 0.5244380831718445, ""spatial_binding"": 0.6957393884658813, ""image_recognition"": 0.7241166830062866}","{""orientation_cued"": 0.5, ""motion_duration_cued"": 0.375, ""krauzlis_cued_motion"": 1.0, ""spatial_binding"": 0.5, ""image_recognition"": 0.25}","{""orientation_cued"": ""orientation_cued_D4"", ""motion_duration_cued"": ""motion_duration_cued_D0"", ""krauzlis_cued_motion"": ""krauzlis_B12"", ""spatial_binding"": ""spatial_binding_D4"", ""image_recognition"": ""image_recognition_N4_H5""}","{""orientation_cued"": {}, ""motion_duration_cued"": {}, ""krauzlis_cued_motion"": {}, ""spatial_binding"": {}, ""image_recognition"": {}}"
300,12000,252000,0.6987509988248348,0.55,0.5601970553398132,0,1.9374985694885254,"{""orientation_cued"": 0.6933961510658264, ""motion_duration_cued"": 1.4044208526611328, ""krauzlis_cued_motion"": 0.6636589765548706, ""spatial_binding"": 0.6938832998275757, ""image_recognition"": 0.0383957140147686}","{""orientation_cued"": 0.5, ""motion_duration_cued"": 0.125, ""krauzlis_cued_motion"": 0.625, ""spatial_binding"": 0.5, ""image_recognition"": 1.0}","{""orientation_cued"": ""orientation_cued_D0"", ""motion_duration_cued"": ""motion_duration_cued_D4"", ""krauzlis_cued_motion"": ""krauzlis_B28"", ""spatial_binding"": ""spatial_binding_D24"", ""image_recognition"": ""image_recognition_N0_H5""}","{""orientation_cued"": {}, ""motion_duration_cued"": {}, ""krauzlis_cued_motion"": {}, ""spatial_binding"": {}, ""image_recognition"": {}}"
301,12040,252960,0.8326602935791015,0.45,0.7653814554214478,0,2.2695860862731934,"{""orientation_cued"": 0.6774164438247681, ""motion_duration_cued"": 1.4359501600265503, ""krauzlis_cued_motion"": 0.6634355187416077, ""spatial_binding"": 0.6936279535293579, ""image_recognition"": 0.6928713917732239}","{""orientation_cued"": 0.625, ""motion_duration_cued"": 0.0, ""krauzlis_cued_motion"": 0.625, ""spatial_binding"": 0.5, ""image_recognition"": 0.5}","{""orientation_cued"": ""orientation_cued_D0"", ""motion_duration_cued"": ""motion_duration_cued_D12"", ""krauzlis_cued_motion"": ""krauzlis_B28"", ""spatial_binding"": ""spatial_binding_D12"", ""image_recognition"": ""image_recognition_N24_H3""}","{""orientation_cued"": {}, ""motion_duration_cued"": {}, ""krauzlis_cued_motion"": {}, ""spatial_binding"": {}, ""image_recognition"": {}}"
302,12080,253544,0.7029651090502739,0.575,0.880023181438446,0,1.3752658367156982,"{""orientation_cued"": 0.6912026405334473, ""motion_duration_cued"": 1.4286799430847168, ""krauzlis_cued_motion"": 0.6633347272872925, ""spatial_binding"": 0.6994214057922363, ""image_recognition"": 0.032186828553676605}","{""orientation_cued"": 0.625, ""motion_duration_cued"": 0.125, ""krauzlis_cued_motion"": 0.625, ""spatial_binding"": 0.5, ""image_recognition"": 1.0}","{""orientation_cued"": ""orientation_cued_D4"", ""motion_duration_cued"": ""motion_duration_cued_D4"", ""krauzlis_cued_motion"": ""krauzlis_B20"", ""spatial_binding"": ""spatial_binding_D0"", ""image_recognition"": ""image_recognition_N0_H4""}","{""orientation_cued"": {}, ""motion_duration_cued"": {}, ""krauzlis_cued_motion"": {}, ""spatial_binding"": {}, ""image_recognition"": {}}"
303,12120,254232,0.833682382106781,0.45,0.4074564278125763,0,1.637014627456665,"{""orientation_cued"": 0.7101430296897888, ""motion_duration_cued"": 1.3616344928741455, ""krauzlis_cued_motion"": 0.7119433879852295, ""spatial_binding"": 0.6925778388977051, ""image_recognition"": 0.6921131610870361}","{""orientation_cued"": 0.375, ""motion_duration_cued"": 0.375, ""krauzlis_cued_motion"": 0.5, ""spatial_binding"": 0.5, ""image_recognition"": 0.5}","{""orientation_cued"": ""orientation_cued_D12"", ""motion_duration_cued"": ""motion_duration_cued_D0"", ""krauzlis_cued_motion"": ""krauzlis_B12"", ""spatial_binding"": ""spatial_binding_D4"", ""image_recognition"": ""image_recognition_N12_H5""}","{""orientation_cued"": {}, ""motion_duration_cued"": {}, ""krauzlis_cued_motion"": {}, ""spatial_binding"": {}, ""image_recognition"": {}}"
304,12160,255360,0.8274715423583985,0.45,0.5302207469940186,0,2.66617751121521,"{""orientation_cued"": 0.7153840661048889, ""motion_duration_cued"": 1.3729830980300903, ""krauzlis_cued_motion"": 0.6635029315948486, ""spatial_binding"": 0.6927934288978577, ""image_recognition"": 0.6926941871643066}","{""orientation_cued"": 0.375, ""motion_duration_cued"": 0.25, ""krauzlis_cued_motion"": 0.625, ""spatial_binding"": 0.5, ""image_recognition"": 0.5}","{""orientation_cued"": ""orientation_cued_D24"", ""motion_duration_cued"": ""motion_duration_cued_D24"", ""krauzlis_cued_motion"": ""krauzlis_B20"", ""spatial_binding"": ""spatial_binding_D24"", ""image_recognition"": ""image_recognition_N4_H4""}","{""orientation_cued"": {}, ""motion_duration_cued"": {}, ""krauzlis_cued_motion"": {}, ""spatial_binding"": {}, ""image_recognition"": {}}"
305,12200,255872,0.7168448075652123,0.5,0.5878216624259949,0,1.2061882019042969,"{""orientation_cued"": 0.714934229850769, ""motion_duration_cued"": 1.3834949731826782, ""krauzlis_cued_motion"": 0.7608377933502197, ""spatial_binding"": 0.6952046155929565, ""image_recognition"": 0.029752425849437714}","{""orientation_cued"": 0.375, ""motion_duration_cued"": 0.25, ""krauzlis_cued_motion"": 0.375, ""spatial_binding"": 0.5, ""image_recognition"": 1.0}","{""orientation_cued"": ""orientation_cued_D4"", ""motion_duration_cued"": ""motion_duration_cued_D4"", ""krauzlis_cued_motion"": ""krauzlis_B12"", ""spatial_binding"": ""spatial_binding_D0"", ""image_recognition"": ""image_recognition_N0_H3""}","{""orientation_cued"": {}, ""motion_duration_cued"": {}, ""krauzlis_cued_motion"": {}, ""spatial_binding"": {}, ""image_recognition"": {}}"
306,12240,256840,0.8465829849243164,0.425,0.5568689107894897,0,2.2990145683288574,"{""orientation_cued"": 0.7157915830612183, ""motion_duration_cued"": 1.3754713535308838, ""krauzlis_cued_motion"": 0.7586630582809448, ""spatial_binding"": 0.6933400630950928, ""image_recognition"": 0.6896488666534424}","{""orientation_cued"": 0.375, ""motion_duration_cued"": 0.25, ""krauzlis_cued_motion"": 0.375, ""spatial_binding"": 0.5, ""image_recognition"": 0.625}","{""orientation_cued"": ""orientation_cued_D0"", ""motion_duration_cued"": ""motion_duration_cued_D12"", ""krauzlis_cued_motion"": ""krauzlis_B28"", ""spatial_binding"": ""spatial_binding_D12"", ""image_recognition"": ""image_recognition_N24_H4""}","{""orientation_cued"": {}, ""motion_duration_cued"": {}, ""krauzlis_cued_motion"": {}, ""spatial_binding"": {}, ""image_recognition"": {}}"
307,12280,257992,0.8344852924346924,0.45,0.62774658203125,0,2.717608690261841,"{""orientation_cued"": 0.7094029784202576, ""motion_duration_cued"": 1.400675654411316, ""krauzlis_cued_motion"": 0.6641586422920227, ""spatial_binding"": 0.6941394209861755, ""image_recognition"": 0.7040497660636902}","{""orientation_cued"": 0.375, ""motion_duration_cued"": 0.25, ""krauzlis_cued_motion"": 0.625, ""spatial_binding"": 0.5, ""image_recognition"": 0.5}","{""orientation_cued"": ""orientation_cued_D12"", ""motion_duration_cued"": ""motion_duration_cued_D24"", ""krauzlis_cued_motion"": ""krauzlis_B28"", ""spatial_binding"": ""spatial_binding_D24"", ""image_recognition"": ""image_recognition_N12_H3""}","{""orientation_cued"": {}, ""motion_duration_cued"": {}, ""krauzlis_cued_motion"": {}, ""spatial_binding"": {}, ""image_recognition"": {}}"
308,12320,258776,0.8384309530258178,0.425,0.5296416282653809,0,1.8473536968231201,"{""orientation_cued"": 0.6991671323776245, ""motion_duration_cued"": 1.4043397903442383, ""krauzlis_cued_motion"": 0.7077254056930542, ""spatial_binding"": 0.6939307451248169, ""image_recognition"": 0.6869916915893555}","{""orientation_cued"": 0.375, ""motion_duration_cued"": 0.125, ""krauzlis_cued_motion"": 0.5, ""spatial_binding"": 0.5, ""image_recognition"": 0.625}","{""orientation_cued"": ""orientation_cued_D24"", ""motion_duration_cued"": ""motion_duration_cued_D0"", ""krauzlis_cued_motion"": ""krauzlis_B20"", ""spatial_binding"": ""spatial_binding_D4"", ""image_recognition"": ""image_recognition_N4_H5""}","{""orientation_cued"": {}, ""motion_duration_cued"": {}, ""krauzlis_cued_motion"": {}, ""spatial_binding"": {}, ""image_recognition"": {}}"
309,12360,259808,0.8073242545127869,0.6,0.508300244808197,0,2.446289539337158,"{""orientation_cued"": 0.6833077073097229, ""motion_duration_cued"": 1.3876010179519653, ""krauzlis_cued_motion"": 0.5847238302230835, ""spatial_binding"": 0.6928157210350037, ""image_recognition"": 0.6881729960441589}","{""orientation_cued"": 0.625, ""motion_duration_cued"": 0.25, ""krauzlis_cued_motion"": 0.875, ""spatial_binding"": 0.5, ""image_recognition"": 0.75}","{""orientation_cued"": ""orientation_cued_D12"", ""motion_duration_cued"": ""motion_duration_cued_D24"", ""krauzlis_cued_motion"": ""krauzlis_B12"", ""spatial_binding"": ""spatial_binding_D24"", ""image_recognition"": ""image_recognition_N12_H4""}","{""orientation_cued"": {}, ""motion_duration_cued"": {}, ""krauzlis_cued_motion"": {}, ""spatial_binding"": {}, ""image_recognition"": {}}"
310,12400,260688,0.8216189265251159,0.45,0.4140866696834564,0,2.088594675064087,"{""orientation_cued"": 0.6990750432014465, ""motion_duration_cued"": 1.3876891136169434, ""krauzlis_cued_motion"": 0.6253435015678406, ""spatial_binding"": 0.6937202215194702, ""image_recognition"": 0.7022667527198792}","{""orientation_cued"": 0.375, ""motion_duration_cued"": 0.25, ""krauzlis_cued_motion"": 0.75, ""spatial_binding"": 0.5, ""image_recognition"": 0.375}","{""orientation_cued"": ""orientation_cued_D24"", ""motion_duration_cued"": ""motion_duration_cued_D4"", ""krauzlis_cued_motion"": ""krauzlis_B12"", ""spatial_binding"": ""spatial_binding_D0"", ""image_recognition"": ""image_recognition_N24_H5""}","{""orientation_cued"": {}, ""motion_duration_cued"": {}, ""krauzlis_cued_motion"": {}, ""spatial_binding"": {}, ""image_recognition"": {}}"
311,12440,261312,0.7135027438402176,0.575,1.3300870656967163,1,1.4699726104736328,"{""orientation_cued"": 0.6923031210899353, ""motion_duration_cued"": 1.3966410160064697, ""krauzlis_cued_motion"": 0.7072042226791382, ""spatial_binding"": 0.6937971115112305, ""image_recognition"": 0.07756824791431427}","{""orientation_cued"": 0.625, ""motion_duration_cued"": 0.25, ""krauzlis_cued_motion"": 0.5, ""spatial_binding"": 0.5, ""image_recognition"": 1.0}","{""orientation_cued"": ""orientation_cued_D0"", ""motion_duration_cued"": ""motion_duration_cued_D0"", ""krauzlis_cued_motion"": ""krauzlis_B28"", ""spatial_binding"": ""spatial_binding_D4"", ""image_recognition"": ""image_recognition_N0_H5""}","{""orientation_cued"": {}, ""motion_duration_cued"": {}, ""krauzlis_cued_motion"": {}, ""spatial_binding"": {}, ""image_recognition"": {}}"
312,12480,262080,0.8373416662216187,0.425,0.3090783953666687,0,1.8403003215789795,"{""orientation_cued"": 0.6938069462776184, ""motion_duration_cued"": 1.3983349800109863, ""krauzlis_cued_motion"": 0.70704585313797, ""spatial_binding"": 0.6925590634346008, ""image_recognition"": 0.6949614882469177}","{""orientation_cued"": 0.5, ""motion_duration_cued"": 0.125, ""krauzlis_cued_motion"": 0.5, ""spatial_binding"": 0.5, ""image_recognition"": 0.5}","{""orientation_cued"": ""orientation_cued_D4"", ""motion_duration_cued"": ""motion_duration_cued_D12"", ""krauzlis_cued_motion"": ""krauzlis_B20"", ""spatial_binding"": ""spatial_binding_D12"", ""image_recognition"": ""image_recognition_N4_H3""}","{""orientation_cued"": {}, ""motion_duration_cued"": {}, ""krauzlis_cued_motion"": {}, ""spatial_binding"": {}, ""image_recognition"": {}}"
313,12520,263040,0.8291603446006774,0.375,0.2654806673526764,0,2.359744071960449,"{""orientation_cued"": 0.6929751634597778, ""motion_duration_cued"": 1.3873555660247803, ""krauzlis_cued_motion"": 0.6654014587402344, ""spatial_binding"": 0.6961959600448608, ""image_recognition"": 0.7038735747337341}","{""orientation_cued"": 0.5, ""motion_duration_cued"": 0.125, ""krauzlis_cued_motion"": 0.625, ""spatial_binding"": 0.5, ""image_recognition"": 0.125}","{""orientation_cued"": ""orientation_cued_D24"", ""motion_duration_cued"": ""motion_duration_cued_D12"", ""krauzlis_cued_motion"": ""krauzlis_B28"", ""spatial_binding"": ""spatial_binding_D0"", ""image_recognition"": ""image_recognition_N12_H3""}","{""orientation_cued"": {}, ""motion_duration_cued"": {}, ""krauzlis_cued_motion"": {}, ""spatial_binding"": {}, ""image_recognition"": {}}"
314,12560,263984,0.6971566393971443,0.55,0.4659745991230011,0,2.3610780239105225,"{""orientation_cued"": 0.6944081783294678, ""motion_duration_cued"": 1.38949453830719, ""krauzlis_cued_motion"": 0.665145754814148, ""spatial_binding"": 0.692988395690918, ""image_recognition"": 0.043746329843997955}","{""orientation_cued"": 0.5, ""motion_duration_cued"": 0.125, ""krauzlis_cued_motion"": 0.625, ""spatial_binding"": 0.5, ""image_recognition"": 1.0}","{""orientation_cued"": ""orientation_cued_D4"", ""motion_duration_cued"": ""motion_duration_cued_D24"", ""krauzlis_cued_motion"": ""krauzlis_B20"", ""spatial_binding"": ""spatial_binding_D24"", ""image_recognition"": ""image_recognition_N0_H5""}","{""orientation_cued"": {}, ""motion_duration_cued"": {}, ""krauzlis_cued_motion"": {}, ""spatial_binding"": {}, ""image_recognition"": {}}"
315,12600,264792,0.8330747842788696,0.45,0.5607040524482727,0,2.0891590118408203,"{""orientation_cued"": 0.697195827960968, ""motion_duration_cued"": 1.3671305179595947, ""krauzlis_cued_motion"": 0.7070605754852295, ""spatial_binding"": 0.6936188340187073, ""image_recognition"": 0.7003681659698486}","{""orientation_cued"": 0.375, ""motion_duration_cued"": 0.5, ""krauzlis_cued_motion"": 0.5, ""spatial_binding"": 0.5, ""image_recognition"": 0.375}","{""orientation_cued"": ""orientation_cued_D12"", ""motion_duration_cued"": ""motion_duration_cued_D4"", ""krauzlis_cued_motion"": ""krauzlis_B12"", ""spatial_binding"": ""spatial_binding_D4"", ""image_recognition"": ""image_recognition_N24_H4""}","{""orientation_cued"": {}, ""motion_duration_cued"": {}, ""krauzlis_cued_motion"": {}, ""spatial_binding"": {}, ""image_recognition"": {}}"
316,12640,265576,0.8336052536964417,0.45,0.6732512712478638,0,1.8967828750610352,"{""orientation_cued"": 0.6883018612861633, ""motion_duration_cued"": 1.4247881174087524, ""krauzlis_cued_motion"": 0.665492594242096, ""spatial_binding"": 0.6928403377532959, ""image_recognition"": 0.6966033577919006}","{""orientation_cued"": 0.625, ""motion_duration_cued"": 0.0, ""krauzlis_cued_motion"": 0.625, ""spatial_binding"": 0.5, ""image_recognition"": 0.5}","{""orientation_cued"": ""orientation_cued_D0"", ""motion_duration_cued"": ""motion_duration_cued_D0"", ""krauzlis_cued_motion"": ""krauzlis_B28"", ""spatial_binding"": ""spatial_binding_D12"", ""image_recognition"": ""image_recognition_N12_H5""}","{""orientation_cued"": {}, ""motion_duration_cued"": {}, ""krauzlis_cued_motion"": {}, ""spatial_binding"": {}, ""image_recognition"": {}}"
317,12680,266320,0.7057962462306022,0.5,0.4375028610229492,0,1.8125081062316895,"{""orientation_cued"": 0.6961670517921448, ""motion_duration_cued"": 1.4028586149215698, ""krauzlis_cued_motion"": 0.7068994641304016, ""spatial_binding"": 0.6931299567222595, ""image_recognition"": 0.02992614358663559}","{""orientation_cued"": 0.375, ""motion_duration_cued"": 0.125, ""krauzlis_cued_motion"": 0.5, ""spatial_binding"": 0.5, ""image_recognition"": 1.0}","{""orientation_cued"": ""orientation_cued_D24"", ""motion_duration_cued"": ""motion_duration_cued_D0"", ""krauzlis_cued_motion"": ""krauzlis_B12"", ""spatial_binding"": ""spatial_binding_D12"", ""image_recognition"": ""image_recognition_N0_H4""}","{""orientation_cued"": {}, ""motion_duration_cued"": {}, ""krauzlis_cued_motion"": {}, ""spatial_binding"": {}, ""image_recognition"": {}}"
318,12720,267520,0.8173629522323609,0.5,0.48362478613853455,0,2.9061315059661865,"{""orientation_cued"": 0.690453827381134, ""motion_duration_cued"": 1.4000844955444336, ""krauzlis_cued_motion"": 0.6243214011192322, ""spatial_binding"": 0.6922691464424133, ""image_recognition"": 0.6796858906745911}","{""orientation_cued"": 0.625, ""motion_duration_cued"": 0.125, ""krauzlis_cued_motion"": 0.75, ""spatial_binding"": 0.5, ""image_recognition"": 0.5}","{""orientation_cued"": ""orientation_cued_D12"", ""motion_duration_cued"": ""motion_duration_cued_D24"", ""krauzlis_cued_motion"": ""krauzlis_B20"", ""spatial_binding"": ""spatial_binding_D24"", ""image_recognition"": ""image_recognition_N24_H5""}","{""orientation_cued"": {}, ""motion_duration_cued"": {}, ""krauzlis_cued_motion"": {}, ""spatial_binding"": {}, ""image_recognition"": {}}"
319,12760,268032,0.817221748828888,0.525,0.737915575504303,0,1.2412357330322266,"{""orientation_cued"": 0.6658549308776855, ""motion_duration_cued"": 1.3944802284240723, ""krauzlis_cued_motion"": 0.6242852807044983, ""spatial_binding"": 0.6972631216049194, ""image_recognition"": 0.7042251825332642}","{""orientation_cued"": 0.75, ""motion_duration_cued"": 0.125, ""krauzlis_cued_motion"": 0.75, ""spatial_binding"": 0.5, ""image_recognition"": 0.5}","{""orientation_cued"": ""orientation_cued_D0"", ""motion_duration_cued"": ""motion_duration_cued_D4"", ""krauzlis_cued_motion"": ""krauzlis_B12"", ""spatial_binding"": ""spatial_binding_D0"", ""image_recognition"": ""image_recognition_N4_H3""}","{""orientation_cued"": {}, ""motion_duration_cued"": {}, ""krauzlis_cued_motion"": {}, ""spatial_binding"": {}, ""image_recognition"": {}}"
320,12800,268896,0.8381458520889282,0.4,0.7414305210113525,0,2.1123697757720947,"{""orientation_cued"": 0.7034564018249512, ""motion_duration_cued"": 1.390851378440857, ""krauzlis_cued_motion"": 0.7079925537109375, ""spatial_binding"": 0.6949840784072876, ""image_recognition"": 0.6934448480606079}","{""orientation_cued"": 0.25, ""motion_duration_cued"": 0.25, ""krauzlis_cued_motion"": 0.5, ""spatial_binding"": 0.5, ""image_recognition"": 0.5}","{""orientation_cued"": ""orientation_cued_D4"", ""motion_duration_cued"": ""motion_duration_cued_D12"", ""krauzlis_cued_motion"": ""krauzlis_B20"", ""spatial_binding"": ""spatial_binding_D4"", ""image_recognition"": ""image_recognition_N24_H3""}","{""orientation_cued"": {}, ""motion_duration_cued"": {}, ""krauzlis_cued_motion"": {}, ""spatial_binding"": {}, ""image_recognition"": {}}"
321,12840,269472,0.6886540330946446,0.625,0.31007421016693115,0,1.3933491706848145,"{""orientation_cued"": 0.6720536947250366, ""motion_duration_cued"": 1.380945086479187, ""krauzlis_cued_motion"": 0.6645631790161133, ""spatial_binding"": 0.6965644955635071, ""image_recognition"": 0.02914370968937874}","{""orientation_cued"": 0.625, ""motion_duration_cued"": 0.375, ""krauzlis_cued_motion"": 0.625, ""spatial_binding"": 0.5, ""image_recognition"": 1.0}","{""orientation_cued"": ""orientation_cued_D0"", ""motion_duration_cued"": ""motion_duration_cued_D0"", ""krauzlis_cued_motion"": ""krauzlis_B28"", ""spatial_binding"": ""spatial_binding_D0"", ""image_recognition"": ""image_recognition_N0_H3""}","{""orientation_cued"": {}, ""motion_duration_cued"": {}, ""krauzlis_cued_motion"": {}, ""spatial_binding"": {}, ""image_recognition"": {}}"
322,12880,270504,0.8353808045387268,0.425,0.3558628559112549,0,2.5038108825683594,"{""orientation_cued"": 0.681131899356842, ""motion_duration_cued"": 1.390954613685608, ""krauzlis_cued_motion"": 0.7087815999984741, ""spatial_binding"": 0.6929218173027039, ""image_recognition"": 0.7031140923500061}","{""orientation_cued"": 0.625, ""motion_duration_cued"": 0.125, ""krauzlis_cued_motion"": 0.5, ""spatial_binding"": 0.5, ""image_recognition"": 0.375}","{""orientation_cued"": ""orientation_cued_D24"", ""motion_duration_cued"": ""motion_duration_cued_D12"", ""krauzlis_cued_motion"": ""krauzlis_B12"", ""spatial_binding"": ""spatial_binding_D24"", ""image_recognition"": ""image_recognition_N12_H4""}","{""orientation_cued"": {}, ""motion_duration_cued"": {}, ""krauzlis_cued_motion"": {}, ""spatial_binding"": {}, ""image_recognition"": {}}"
323,12920,271288,0.8245278477668763,0.475,0.28071829676628113,0,1.904134750366211,"{""orientation_cued"": 0.6958339214324951, ""motion_duration_cued"": 1.3861125707626343, ""krauzlis_cued_motion"": 0.6641509532928467, ""spatial_binding"": 0.6928712725639343, ""image_recognition"": 0.6836705207824707}","{""orientation_cued"": 0.5, ""motion_duration_cued"": 0.25, ""krauzlis_cued_motion"": 0.625, ""spatial_binding"": 0.5, ""image_recognition"": 0.5}","{""orientation_cued"": ""orientation_cued_D12"", ""motion_duration_cued"": ""motion_duration_cued_D4"", ""krauzlis_cued_motion"": ""krauzlis_B28"", ""spatial_binding"": ""spatial_binding_D4"", ""image_recognition"": ""image_recognition_N4_H5""}","{""orientation_cued"": {}, ""motion_duration_cued"": {}, ""krauzlis_cued_motion"": {}, ""spatial_binding"": {}, ""image_recognition"": {}}"
324,12960,272160,0.8355570316314698,0.45,0.2971831262111664,0,2.098121404647827,"{""orientation_cued"": 0.6948156356811523, ""motion_duration_cued"": 1.3771851062774658, ""krauzlis_cued_motion"": 0.7086721062660217, ""spatial_binding"": 0.693717360496521, ""image_recognition"": 0.7033949494361877}","{""orientation_cued"": 0.5, ""motion_duration_cued"": 0.375, ""krauzlis_cued_motion"": 0.5, ""spatial_binding"": 0.5, ""image_recognition"": 0.375}","{""orientation_cued"": ""orientation_cued_D4"", ""motion_duration_cued"": ""motion_duration_cued_D24"", ""krauzlis_cued_motion"": ""krauzlis_B20"", ""spatial_binding"": ""spatial_binding_D12"", ""image_recognition"": ""image_recognition_N4_H4""}","{""orientation_cued"": {}, ""motion_duration_cued"": {}, ""krauzlis_cued_motion"": {}, ""spatial_binding"": {}, ""image_recognition"": {}}"
325,13000,273192,0.8420352935791016,0.475,0.7835474610328674,0,2.499349355697632,"{""orientation_cued"": 0.6446461081504822, ""motion_duration_cued"": 1.3799970149993896, ""krauzlis_cued_motion"": 0.7957167625427246, ""spatial_binding"": 0.6931204199790955, ""image_recognition"": 0.6966961622238159}","{""orientation_cued"": 0.75, ""motion_duration_cued"": 0.25, ""krauzlis_cued_motion"": 0.25, ""spatial_binding"": 0.5, ""image_recognition"": 0.625}","{""orientation_cued"": ""orientation_cued_D12"", ""motion_duration_cued"": ""motion_duration_cued_D24"", ""krauzlis_cued_motion"": ""krauzlis_B20"", ""spatial_binding"": ""spatial_binding_D24"", ""image_recognition"": ""image_recognition_N4_H4""}","{""orientation_cued"": {}, ""motion_duration_cued"": {}, ""krauzlis_cued_motion"": {}, ""spatial_binding"": {}, ""image_recognition"": {}}"
326,13040,273656,0.6895358324050903,0.575,0.47144898772239685,0,1.1234445571899414,"{""orientation_cued"": 0.6200496554374695, ""motion_duration_cued"": 1.3949639797210693, ""krauzlis_cued_motion"": 0.7060563564300537, ""spatial_binding"": 0.6954202651977539, ""image_recognition"": 0.031188905239105225}","{""orientation_cued"": 0.75, ""motion_duration_cued"": 0.125, ""krauzlis_cued_motion"": 0.5, ""spatial_binding"": 0.5, ""image_recognition"": 1.0}","{""orientation_cued"": ""orientation_cued_D0"", ""motion_duration_cued"": ""motion_duration_cued_D0"", ""krauzlis_cued_motion"": ""krauzlis_B12"", ""spatial_binding"": ""spatial_binding_D0"", ""image_recognition"": ""image_recognition_N0_H5""}","{""orientation_cued"": {}, ""motion_duration_cued"": {}, ""krauzlis_cued_motion"": {}, ""spatial_binding"": {}, ""image_recognition"": {}}"
327,13080,274680,0.8320308804512024,0.45,0.33110159635543823,0,2.481579303741455,"{""orientation_cued"": 0.7060403227806091, ""motion_duration_cued"": 1.396304965019226, ""krauzlis_cued_motion"": 0.6669896245002747, ""spatial_binding"": 0.6929827332496643, ""image_recognition"": 0.6978367567062378}","{""orientation_cued"": 0.5, ""motion_duration_cued"": 0.125, ""krauzlis_cued_motion"": 0.625, ""spatial_binding"": 0.5, ""image_recognition"": 0.5}","{""orientation_cued"": ""orientation_cued_D24"", ""motion_duration_cued"": ""motion_duration_cued_D4"", ""krauzlis_cued_motion"": ""krauzlis_B28"", ""spatial_binding"": ""spatial_binding_D4"", ""image_recognition"": ""image_recognition_N24_H3""}","{""orientation_cued"": {}, ""motion_duration_cued"": {}, ""krauzlis_cued_motion"": {}, ""spatial_binding"": {}, ""image_recognition"": {}}"
328,13120,275448,0.8266623735427856,0.5,0.33418044447898865,0,1.8697137832641602,"{""orientation_cued"": 0.7009307146072388, ""motion_duration_cued"": 1.3778213262557983, ""krauzlis_cued_motion"": 0.6679553985595703, ""spatial_binding"": 0.6942777633666992, ""image_recognition"": 0.6923266649246216}","{""orientation_cued"": 0.5, ""motion_duration_cued"": 0.375, ""krauzlis_cued_motion"": 0.625, ""spatial_binding"": 0.5, ""image_recognition"": 0.5}","{""orientation_cued"": ""orientation_cued_D4"", ""motion_duration_cued"": ""motion_duration_cued_D12"", ""krauzlis_cued_motion"": ""krauzlis_B20"", ""spatial_binding"": ""spatial_binding_D12"", ""image_recognition"": ""image_recognition_N4_H3""}","{""orientation_cued"": {}, ""motion_duration_cued"": {}, ""krauzlis_cued_motion"": {}, ""spatial_binding"": {}, ""image_recognition"": {}}"
329,13160,276152,0.7224404644221067,0.5,0.8617709875106812,0,1.688908338546753,"{""orientation_cued"": 0.7241414785385132, ""motion_duration_cued"": 1.394687533378601, ""krauzlis_cued_motion"": 0.7693423628807068, ""spatial_binding"": 0.6945691704750061, ""image_recognition"": 0.029461776837706566}","{""orientation_cued"": 0.375, ""motion_duration_cued"": 0.375, ""krauzlis_cued_motion"": 0.25, ""spatial_binding"": 0.5, ""image_recognition"": 1.0}","{""orientation_cued"": ""orientation_cued_D4"", ""motion_duration_cued"": ""motion_duration_cued_D24"", ""krauzlis_cued_motion"": ""krauzlis_B12"", ""spatial_binding"": ""spatial_binding_D4"", ""image_recognition"": ""image_recognition_N0_H3""}","{""orientation_cued"": {}, ""motion_duration_cued"": {}, ""krauzlis_cued_motion"": {}, ""spatial_binding"": {}, ""image_recognition"": {}}"
330,13200,277016,0.8322832465171814,0.45,0.4075199067592621,0,2.0894737243652344,"{""orientation_cued"": 0.6651701331138611, ""motion_duration_cued"": 1.404816746711731, ""krauzlis_cued_motion"": 0.7002354860305786, ""spatial_binding"": 0.6931254863739014, ""image_recognition"": 0.698068380355835}","{""orientation_cued"": 0.625, ""motion_duration_cued"": 0.125, ""krauzlis_cued_motion"": 0.5, ""spatial_binding"": 0.5, ""image_recognition"": 0.5}","{""orientation_cued"": ""orientation_cued_D24"", ""motion_duration_cued"": ""motion_duration_cued_D0"", ""krauzlis_cued_motion"": ""krauzlis_B28"", ""spatial_binding"": ""spatial_binding_D0"", ""image_recognition"": ""image_recognition_N12_H3""}","{""orientation_cued"": {}, ""motion_duration_cued"": {}, ""krauzlis_cued_motion"": {}, ""spatial_binding"": {}, ""image_recognition"": {}}"
331,13240,277952,0.8433326244354248,0.475,0.7171736359596252,0,2.2595584392547607,"{""orientation_cued"": 0.8050729632377625, ""motion_duration_cued"": 1.3832151889801025, ""krauzlis_cued_motion"": 0.6448882818222046, ""spatial_binding"": 0.6932075023651123, ""image_recognition"": 0.6902791857719421}","{""orientation_cued"": 0.375, ""motion_duration_cued"": 0.25, ""krauzlis_cued_motion"": 0.75, ""spatial_binding"": 0.5, ""image_recognition"": 0.5}","{""orientation_cued"": ""orientation_cued_D0"", ""motion_duration_cued"": ""motion_duration_cued_D4"", ""krauzlis_cued_motion"": ""krauzlis_B20"", ""spatial_binding"": ""spatial_binding_D24"", ""image_recognition"": ""image_recognition_N24_H4""}","{""orientation_cued"": {}, ""motion_duration_cued"": {}, ""krauzlis_cued_motion"": {}, ""spatial_binding"": {}, ""image_recognition"": {}}"
332,13280,278896,0.83976970911026,0.45,0.5490017533302307,0,2.25899338722229,"{""orientation_cued"": 0.7529230713844299, ""motion_duration_cued"": 1.38407564163208, ""krauzlis_cued_motion"": 0.6727885603904724, ""spatial_binding"": 0.6932751536369324, ""image_recognition"": 0.6957861185073853}","{""orientation_cued"": 0.375, ""motion_duration_cued"": 0.25, ""krauzlis_cued_motion"": 0.625, ""spatial_binding"": 0.5, ""image_recognition"": 0.5}","{""orientation_cued"": ""orientation_cued_D12"", ""motion_duration_cued"": ""motion_duration_cued_D12"", ""krauzlis_cued_motion"": ""krauzlis_B12"", ""spatial_binding"": ""spatial_binding_D12"", ""image_recognition"": ""image_recognition_N24_H5""}","{""orientation_cued"": {}, ""motion_duration_cued"": {}, ""krauzlis_cued_motion"": {}, ""spatial_binding"": {}, ""image_recognition"": {}}"
333,13320,279904,0.8238773226737977,0.475,0.5268682241439819,0,2.441948890686035,"{""orientation_cued"": 0.6663720607757568, ""motion_duration_cued"": 1.3893617391586304, ""krauzlis_cued_motion"": 0.6729707717895508, ""spatial_binding"": 0.6931814551353455, ""image_recognition"": 0.6975005865097046}","{""orientation_cued"": 0.625, ""motion_duration_cued"": 0.125, ""krauzlis_cued_motion"": 0.625, ""spatial_binding"": 0.5, ""image_recognition"": 0.5}","{""orientation_cued"": ""orientation_cued_D24"", ""motion_duration_cued"": ""motion_duration_cued_D12"", ""krauzlis_cued_motion"": ""krauzlis_B28"", ""spatial_binding"": ""spatial_binding_D4"", ""image_recognition"": ""image_recognition_N12_H5""}","{""orientation_cued"": {}, ""motion_duration_cued"": {}, ""krauzlis_cued_motion"": {}, ""spatial_binding"": {}, ""image_recognition"": {}}"
334,13360,280496,0.8229040622711181,0.525,0.35087254643440247,0,1.4459929466247559,"{""orientation_cued"": 0.6628870964050293, ""motion_duration_cued"": 1.3895800113677979, ""krauzlis_cued_motion"": 0.6728647351264954, ""spatial_binding"": 0.6936987638473511, ""image_recognition"": 0.6954897046089172}","{""orientation_cued"": 0.625, ""motion_duration_cued"": 0.375, ""krauzlis_cued_motion"": 0.625, ""spatial_binding"": 0.5, ""image_recognition"": 0.5}","{""orientation_cued"": ""orientation_cued_D0"", ""motion_duration_cued"": ""motion_duration_cued_D0"", ""krauzlis_cued_motion"": ""krauzlis_B12"", ""spatial_binding"": ""spatial_binding_D12"", ""image_recognition"": ""image_recognition_N4_H5""}","{""orientation_cued"": {}, ""motion_duration_cued"": {}, ""krauzlis_cued_motion"": {}, ""spatial_binding"": {}, ""image_recognition"": {}}"
335,13400,281656,0.835147249698639,0.475,0.2515420615673065,0,2.7816436290740967,"{""orientation_cued"": 0.7021775245666504, ""motion_duration_cued"": 1.3816229104995728, ""krauzlis_cued_motion"": 0.6983705163002014, ""spatial_binding"": 0.6931630373001099, ""image_recognition"": 0.7004022598266602}","{""orientation_cued"": 0.5, ""motion_duration_cued"": 0.375, ""krauzlis_cued_motion"": 0.5, ""spatial_binding"": 0.5, ""image_recognition"": 0.5}","{""orientation_cued"": ""orientation_cued_D12"", ""motion_duration_cued"": ""motion_duration_cued_D24"", ""krauzlis_cued_motion"": ""krauzlis_B28"", ""spatial_binding"": ""spatial_binding_D24"", ""image_recognition"": ""image_recognition_N12_H4""}","{""orientation_cued"": {}, ""motion_duration_cued"": {}, ""krauzlis_cued_motion"": {}, ""spatial_binding"": {}, ""image_recognition"": {}}"
336,13440,282240,0.6950877856463193,0.575,0.2753811478614807,0,1.4244513511657715,"{""orientation_cued"": 0.6884510517120361, ""motion_duration_cued"": 1.3920848369598389, ""krauzlis_cued_motion"": 0.6731245517730713, ""spatial_binding"": 0.6936781406402588, ""image_recognition"": 0.02810034714639187}","{""orientation_cued"": 0.625, ""motion_duration_cued"": 0.125, ""krauzlis_cued_motion"": 0.625, ""spatial_binding"": 0.5, ""image_recognition"": 1.0}","{""orientation_cued"": ""orientation_cued_D4"", ""motion_duration_cued"": ""motion_duration_cued_D4"", ""krauzlis_cued_motion"": ""krauzlis_B20"", ""spatial_binding"": ""spatial_binding_D0"", ""image_recognition"": ""image_recognition_N0_H4""}","{""orientation_cued"": {}, ""motion_duration_cued"": {}, ""krauzlis_cued_motion"": {}, ""spatial_binding"": {}, ""image_recognition"": {}}"
337,13480,283144,0.8432689070701599,0.4,0.6291201710700989,0,2.1842586994171143,"{""orientation_cued"": 0.7276515364646912, ""motion_duration_cued"": 1.402659296989441, ""krauzlis_cued_motion"": 0.6987920999526978, ""spatial_binding"": 0.6932547688484192, ""image_recognition"": 0.6939868330955505}","{""orientation_cued"": 0.5, ""motion_duration_cued"": 0.0, ""krauzlis_cued_motion"": 0.5, ""spatial_binding"": 0.5, ""image_recognition"": 0.5}","{""orientation_cued"": ""orientation_cued_D0"", ""motion_duration_cued"": ""motion_duration_cued_D24"", ""krauzlis_cued_motion"": ""krauzlis_B28"", ""spatial_binding"": ""spatial_binding_D4"", ""image_recognition"": ""image_recognition_N12_H4""}","{""orientation_cued"": {}, ""motion_duration_cued"": {}, ""krauzlis_cued_motion"": {}, ""spatial_binding"": {}, ""image_recognition"": {}}"
338,13520,284024,0.8352027177810669,0.475,0.5422871112823486,0,2.1187567710876465,"{""orientation_cued"": 0.6974508762359619, ""motion_duration_cued"": 1.3936823606491089, ""krauzlis_cued_motion"": 0.6987044811248779, ""spatial_binding"": 0.6940388679504395, ""image_recognition"": 0.6921370029449463}","{""orientation_cued"": 0.5, ""motion_duration_cued"": 0.0, ""krauzlis_cued_motion"": 0.5, ""spatial_binding"": 0.5, ""image_recognition"": 0.875}","{""orientation_cued"": ""orientation_cued_D4"", ""motion_duration_cued"": ""motion_duration_cued_D4"", ""krauzlis_cued_motion"": ""krauzlis_B20"", ""spatial_binding"": ""spatial_binding_D24"", ""image_recognition"": ""image_recognition_N12_H5""}","{""orientation_cued"": {}, ""motion_duration_cued"": {}, ""krauzlis_cued_motion"": {}, ""spatial_binding"": {}, ""image_recognition"": {}}"
339,13560,284856,0.8282066464424134,0.525,0.4751538336277008,0,2.0569353103637695,"{""orientation_cued"": 0.6974937915802002, ""motion_duration_cued"": 1.3869515657424927, ""krauzlis_cued_motion"": 0.6732389330863953, ""spatial_binding"": 0.6869535446166992, ""image_recognition"": 0.6963953971862793}","{""orientation_cued"": 0.5, ""motion_duration_cued"": 0.25, ""krauzlis_cued_motion"": 0.625, ""spatial_binding"": 0.875, ""image_recognition"": 0.375}","{""orientation_cued"": ""orientation_cued_D24"", ""motion_duration_cued"": ""motion_duration_cued_D0"", ""krauzlis_cued_motion"": ""krauzlis_B12"", ""spatial_binding"": ""spatial_binding_D0"", ""image_recognition"": ""image_recognition_N24_H3""}","{""orientation_cued"": {}, ""motion_duration_cued"": {}, ""krauzlis_cued_motion"": {}, ""spatial_binding"": {}, ""image_recognition"": {}}"
340,13600,285856,0.8361149072647095,0.425,0.24784435331821442,0,2.529113531112671,"{""orientation_cued"": 0.696953296661377, ""motion_duration_cued"": 1.390925407409668, ""krauzlis_cued_motion"": 0.6987109184265137, ""spatial_binding"": 0.6937637329101562, ""image_recognition"": 0.7002211809158325}","{""orientation_cued"": 0.5, ""motion_duration_cued"": 0.125, ""krauzlis_cued_motion"": 0.5, ""spatial_binding"": 0.5, ""image_recognition"": 0.5}","{""orientation_cued"": ""orientation_cued_D12"", ""motion_duration_cued"": ""motion_duration_cued_D12"", ""krauzlis_cued_motion"": ""krauzlis_B20"", ""spatial_binding"": ""spatial_binding_D12"", ""image_recognition"": ""image_recognition_N24_H4""}","{""orientation_cued"": {}, ""motion_duration_cued"": {}, ""krauzlis_cued_motion"": {}, ""spatial_binding"": {}, ""image_recognition"": {}}"
341,13640,286768,0.7112017881125212,0.5,0.5104268193244934,0,2.24031662940979,"{""orientation_cued"": 0.6956576108932495, ""motion_duration_cued"": 1.388156771659851, ""krauzlis_cued_motion"": 0.750097393989563, ""spatial_binding"": 0.6948415040969849, ""image_recognition"": 0.02725565992295742}","{""orientation_cued"": 0.5, ""motion_duration_cued"": 0.25, ""krauzlis_cued_motion"": 0.25, ""spatial_binding"": 0.5, ""image_recognition"": 1.0}","{""orientation_cued"": ""orientation_cued_D12"", ""motion_duration_cued"": ""motion_duration_cued_D24"", ""krauzlis_cued_motion"": ""krauzlis_B28"", ""spatial_binding"": ""spatial_binding_D4"", ""image_recognition"": ""image_recognition_N0_H5""}","{""orientation_cued"": {}, ""motion_duration_cued"": {}, ""krauzlis_cued_motion"": {}, ""spatial_binding"": {}, ""image_recognition"": {}}"
342,13680,287344,0.8281483173370361,0.45,0.4202519953250885,0,1.4545867443084717,"{""orientation_cued"": 0.7134090662002563, ""motion_duration_cued"": 1.3910622596740723, ""krauzlis_cued_motion"": 0.6505316495895386, ""spatial_binding"": 0.6955719590187073, ""image_recognition"": 0.6901666522026062}","{""orientation_cued"": 0.5, ""motion_duration_cued"": 0.0, ""krauzlis_cued_motion"": 0.75, ""spatial_binding"": 0.5, ""image_recognition"": 0.5}","{""orientation_cued"": ""orientation_cued_D0"", ""motion_duration_cued"": ""motion_duration_cued_D4"", ""krauzlis_cued_motion"": ""krauzlis_B12"", ""spatial_binding"": ""spatial_binding_D0"", ""image_recognition"": ""image_recognition_N12_H3""}","{""orientation_cued"": {}, ""motion_duration_cued"": {}, ""krauzlis_cued_motion"": {}, ""spatial_binding"": {}, ""image_recognition"": {}}"
343,13720,288144,0.6813574291765689,0.675,0.7208647727966309,0,1.9674880504608154,"{""orientation_cued"": 0.6985909342765808, ""motion_duration_cued"": 1.3844324350357056, ""krauzlis_cued_motion"": 0.6040055155754089, ""spatial_binding"": 0.6938243508338928, ""image_recognition"": 0.02593391016125679}","{""orientation_cued"": 0.5, ""motion_duration_cued"": 0.375, ""krauzlis_cued_motion"": 1.0, ""spatial_binding"": 0.5, ""image_recognition"": 1.0}","{""orientation_cued"": ""orientation_cued_D4"", ""motion_duration_cued"": ""motion_duration_cued_D0"", ""krauzlis_cued_motion"": ""krauzlis_B28"", ""spatial_binding"": ""spatial_binding_D24"", ""image_recognition"": ""image_recognition_N0_H3""}","{""orientation_cued"": {}, ""motion_duration_cued"": {}, ""krauzlis_cued_motion"": {}, ""spatial_binding"": {}, ""image_recognition"": {}}"
344,13760,289016,0.8351538300514221,0.45,0.2971637547016144,0,2.1575589179992676,"{""orientation_cued"": 0.6952856779098511, ""motion_duration_cued"": 1.3861088752746582, ""krauzlis_cued_motion"": 0.6983166337013245, ""spatial_binding"": 0.6939941644668579, ""image_recognition"": 0.702063798904419}","{""orientation_cued"": 0.5, ""motion_duration_cued"": 0.25, ""krauzlis_cued_motion"": 0.5, ""spatial_binding"": 0.5, ""image_recognition"": 0.5}","{""orientation_cued"": ""orientation_cued_D24"", ""motion_duration_cued"": ""motion_duration_cued_D12"", ""krauzlis_cued_motion"": ""krauzlis_B12"", ""spatial_binding"": ""spatial_binding_D12"", ""image_recognition"": ""image_recognition_N4_H4""}","{""orientation_cued"": {}, ""motion_duration_cued"": {}, ""krauzlis_cued_motion"": {}, ""spatial_binding"": {}, ""image_recognition"": {}}"
345,13800,290112,0.6930269859731197,0.525,0.561703085899353,0,2.6684176921844482,"{""orientation_cued"": 0.7051282525062561, ""motion_duration_cued"": 1.3969169855117798, ""krauzlis_cued_motion"": 0.6449260115623474, ""spatial_binding"": 0.6935380101203918, ""image_recognition"": 0.024625670164823532}","{""orientation_cued"": 0.375, ""motion_duration_cued"": 0.0, ""krauzlis_cued_motion"": 0.75, ""spatial_binding"": 0.5, ""image_recognition"": 1.0}","{""orientation_cued"": ""orientation_cued_D24"", ""motion_duration_cued"": ""motion_duration_cued_D24"", ""krauzlis_cued_motion"": ""krauzlis_B20"", ""spatial_binding"": ""spatial_binding_D24"", ""image_recognition"": ""image_recognition_N0_H4""}","{""orientation_cued"": {}, ""motion_duration_cued"": {}, ""krauzlis_cued_motion"": {}, ""spatial_binding"": {}, ""image_recognition"": {}}"
346,13840,290832,0.834699022769928,0.4,0.5323842763900757,0,1.7308762073516846,"{""orientation_cued"": 0.7021450400352478, ""motion_duration_cued"": 1.3869372606277466, ""krauzlis_cued_motion"": 0.7005624771118164, ""spatial_binding"": 0.693028450012207, ""image_recognition"": 0.6908218860626221}","{""orientation_cued"": 0.375, ""motion_duration_cued"": 0.125, ""krauzlis_cued_motion"": 0.5, ""spatial_binding"": 0.5, ""image_recognition"": 0.5}","{""orientation_cued"": ""orientation_cued_D4"", ""motion_duration_cued"": ""motion_duration_cued_D4"", ""krauzlis_cued_motion"": ""krauzlis_B20"", ""spatial_binding"": ""spatial_binding_D12"", ""image_recognition"": ""image_recognition_N4_H5""}","{""orientation_cued"": {}, ""motion_duration_cued"": {}, ""krauzlis_cued_motion"": {}, ""spatial_binding"": {}, ""image_recognition"": {}}"
347,13880,291488,0.8305920600891114,0.475,0.19559362530708313,0,1.5994007587432861,"{""orientation_cued"": 0.7033817172050476, ""motion_duration_cued"": 1.3864467144012451, ""krauzlis_cued_motion"": 0.6692095398902893, ""spatial_binding"": 0.6999507546424866, ""image_recognition"": 0.693971574306488}","{""orientation_cued"": 0.5, ""motion_duration_cued"": 0.25, ""krauzlis_cued_motion"": 0.625, ""spatial_binding"": 0.5, ""image_recognition"": 0.5}","{""orientation_cued"": ""orientation_cued_D0"", ""motion_duration_cued"": ""motion_duration_cued_D0"", ""krauzlis_cued_motion"": ""krauzlis_B12"", ""spatial_binding"": ""spatial_binding_D0"", ""image_recognition"": ""image_recognition_N24_H5""}","{""orientation_cued"": {}, ""motion_duration_cued"": {}, ""krauzlis_cued_motion"": {}, ""spatial_binding"": {}, ""image_recognition"": {}}"
348,13920,292320,0.8201861619949341,0.5,0.28659775853157043,0,2.0195178985595703,"{""orientation_cued"": 0.6931209564208984, ""motion_duration_cued"": 1.3868944644927979, ""krauzlis_cued_motion"": 0.6337681412696838, ""spatial_binding"": 0.6926122903823853, ""image_recognition"": 0.694534957408905}","{""orientation_cued"": 0.5, ""motion_duration_cued"": 0.25, ""krauzlis_cued_motion"": 0.75, ""spatial_binding"": 0.5, ""image_recognition"": 0.5}","{""orientation_cued"": ""orientation_cued_D12"", ""motion_duration_cued"": ""motion_duration_cued_D12"", ""krauzlis_cued_motion"": ""krauzlis_B28"", ""spatial_binding"": ""spatial_binding_D4"", ""image_recognition"": ""image_recognition_N4_H3""}","{""orientation_cued"": {}, ""motion_duration_cued"": {}, ""krauzlis_cued_motion"": {}, ""spatial_binding"": {}, ""image_recognition"": {}}"
349,13960,293200,0.8229745507240296,0.5,0.4924105107784271,0,2.113942861557007,"{""orientation_cued"": 0.6437699794769287, ""motion_duration_cued"": 1.378947377204895, ""krauzlis_cued_motion"": 0.7038043737411499, ""spatial_binding"": 0.6933868527412415, ""image_recognition"": 0.6949641704559326}","{""orientation_cued"": 0.75, ""motion_duration_cued"": 0.25, ""krauzlis_cued_motion"": 0.5, ""spatial_binding"": 0.5, ""image_recognition"": 0.5}","{""orientation_cued"": ""orientation_cued_D0"", ""motion_duration_cued"": ""motion_duration_cued_D4"", ""krauzlis_cued_motion"": ""krauzlis_B12"", ""spatial_binding"": ""spatial_binding_D24"", ""image_recognition"": ""image_recognition_N24_H5""}","{""orientation_cued"": {}, ""motion_duration_cued"": {}, ""krauzlis_cued_motion"": {}, ""spatial_binding"": {}, ""image_recognition"": {}}"
350,14000,294096,0.857576322555542,0.325,0.8378894329071045,0,2.1895177364349365,"{""orientation_cued"": 0.7144589424133301, ""motion_duration_cued"": 1.3970389366149902, ""krauzlis_cued_motion"": 0.7859130501747131, ""spatial_binding"": 0.6956552863121033, ""image_recognition"": 0.6948153972625732}","{""orientation_cued"": 0.25, ""motion_duration_cued"": 0.125, ""krauzlis_cued_motion"": 0.25, ""spatial_binding"": 0.5, ""image_recognition"": 0.5}","{""orientation_cued"": ""orientation_cued_D4"", ""motion_duration_cued"": ""motion_duration_cued_D24"", ""krauzlis_cued_motion"": ""krauzlis_B28"", ""spatial_binding"": ""spatial_binding_D0"", ""image_recognition"": ""image_recognition_N12_H3""}","{""orientation_cued"": {}, ""motion_duration_cued"": {}, ""krauzlis_cued_motion"": {}, ""spatial_binding"": {}, ""image_recognition"": {}}"
351,14040,295000,0.8283854126930237,0.5,0.33666110038757324,0,2.215416669845581,"{""orientation_cued"": 0.6918253898620605, ""motion_duration_cued"": 1.395362377166748, ""krauzlis_cued_motion"": 0.6664634943008423, ""spatial_binding"": 0.6938626170158386, ""image_recognition"": 0.6944131851196289}","{""orientation_cued"": 0.625, ""motion_duration_cued"": 0.25, ""krauzlis_cued_motion"": 0.625, ""spatial_binding"": 0.5, ""image_recognition"": 0.5}","{""orientation_cued"": ""orientation_cued_D24"", ""motion_duration_cued"": ""motion_duration_cued_D0"", ""krauzlis_cued_motion"": ""krauzlis_B20"", ""spatial_binding"": ""spatial_binding_D12"", ""image_recognition"": ""image_recognition_N12_H4""}","{""orientation_cued"": {}, ""motion_duration_cued"": {}, ""krauzlis_cued_motion"": {}, ""spatial_binding"": {}, ""image_recognition"": {}}"
352,14080,295912,0.8252154231071472,0.45,0.3684878647327423,0,2.2590537071228027,"{""orientation_cued"": 0.698017418384552, ""motion_duration_cued"": 1.380265474319458, ""krauzlis_cued_motion"": 0.6663942337036133, ""spatial_binding"": 0.6922582387924194, ""image_recognition"": 0.6891417503356934}","{""orientation_cued"": 0.375, ""motion_duration_cued"": 0.25, ""krauzlis_cued_motion"": 0.625, ""spatial_binding"": 0.5, ""image_recognition"": 0.5}","{""orientation_cued"": ""orientation_cued_D12"", ""motion_duration_cued"": ""motion_duration_cued_D12"", ""krauzlis_cued_motion"": ""krauzlis_B28"", ""spatial_binding"": ""spatial_binding_D4"", ""image_recognition"": ""image_recognition_N12_H5""}","{""orientation_cued"": {}, ""motion_duration_cued"": {}, ""krauzlis_cued_motion"": {}, ""spatial_binding"": {}, ""image_recognition"": {}}"
353,14120,296656,0.8357665300369262,0.45,0.2575932741165161,0,1.838395357131958,"{""orientation_cued"": 0.700046718120575, ""motion_duration_cued"": 1.384387493133545, ""krauzlis_cued_motion"": 0.7055749297142029, ""spatial_binding"": 0.6928238868713379, ""image_recognition"": 0.6959996223449707}","{""orientation_cued"": 0.5, ""motion_duration_cued"": 0.375, ""krauzlis_cued_motion"": 0.5, ""spatial_binding"": 0.5, ""image_recognition"": 0.375}","{""orientation_cued"": ""orientation_cued_D0"", ""motion_duration_cued"": ""motion_duration_cued_D12"", ""krauzlis_cued_motion"": ""krauzlis_B20"", ""spatial_binding"": ""spatial_binding_D12"", ""image_recognition"": ""image_recognition_N4_H4""}","{""orientation_cued"": {}, ""motion_duration_cued"": {}, ""krauzlis_cued_motion"": {}, ""spatial_binding"": {}, ""image_recognition"": {}}"
354,14160,297392,0.8191624522209168,0.475,0.35127565264701843,0,1.8142726421356201,"{""orientation_cued"": 0.693758487701416, ""motion_duration_cued"": 1.3910236358642578, ""krauzlis_cued_motion"": 0.6281300187110901, ""spatial_binding"": 0.6952293515205383, ""image_recognition"": 0.6876707673072815}","{""orientation_cued"": 0.5, ""motion_duration_cued"": 0.125, ""krauzlis_cued_motion"": 0.75, ""spatial_binding"": 0.5, ""image_recognition"": 0.5}","{""orientation_cued"": ""orientation_cued_D12"", ""motion_duration_cued"": ""motion_duration_cued_D0"", ""krauzlis_cued_motion"": ""krauzlis_B12"", ""spatial_binding"": ""spatial_binding_D0"", ""image_recognition"": ""image_recognition_N24_H3""}","{""orientation_cued"": {}, ""motion_duration_cued"": {}, ""krauzlis_cued_motion"": {}, ""spatial_binding"": {}, ""image_recognition"": {}}"
355,14200,298168,0.678210724890232,0.625,0.6528322696685791,0,1.869903326034546,"{""orientation_cued"": 0.7029060125350952, ""motion_duration_cued"": 1.3790370225906372, ""krauzlis_cued_motion"": 0.5867250561714172, ""spatial_binding"": 0.6933920383453369, ""image_recognition"": 0.02899349480867386}","{""orientation_cued"": 0.375, ""motion_duration_cued"": 0.375, ""krauzlis_cued_motion"": 0.875, ""spatial_binding"": 0.5, ""image_recognition"": 1.0}","{""orientation_cued"": ""orientation_cued_D24"", ""motion_duration_cued"": ""motion_duration_cued_D4"", ""krauzlis_cued_motion"": ""krauzlis_B20"", ""spatial_binding"": ""spatial_binding_D4"", ""image_recognition"": ""image_recognition_N0_H4""}","{""orientation_cued"": {}, ""motion_duration_cued"": {}, ""krauzlis_cued_motion"": {}, ""spatial_binding"": {}, ""image_recognition"": {}}"
356,14240,299080,0.8521772742271423,0.45,0.6608757972717285,0,2.181947708129883,"{""orientation_cued"": 0.690191388130188, ""motion_duration_cued"": 1.395625352859497, ""krauzlis_cued_motion"": 0.7926635146141052, ""spatial_binding"": 0.6942440867424011, ""image_recognition"": 0.6881620287895203}","{""orientation_cued"": 0.625, ""motion_duration_cued"": 0.125, ""krauzlis_cued_motion"": 0.25, ""spatial_binding"": 0.5, ""image_recognition"": 0.75}","{""orientation_cued"": ""orientation_cued_D4"", ""motion_duration_cued"": ""motion_duration_cued_D24"", ""krauzlis_cued_motion"": ""krauzlis_B12"", ""spatial_binding"": ""spatial_binding_D24"", ""image_recognition"": ""image_recognition_N4_H5""}","{""orientation_cued"": {}, ""motion_duration_cued"": {}, ""krauzlis_cued_motion"": {}, ""spatial_binding"": {}, ""image_recognition"": {}}"
357,14280,300016,0.8084628582000732,0.5,0.6101676821708679,0,2.204281806945801,"{""orientation_cued"": 0.7007544040679932, ""motion_duration_cued"": 1.377769112586975, ""krauzlis_cued_motion"": 0.5776699781417847, ""spatial_binding"": 0.6931609511375427, ""image_recognition"": 0.6929598450660706}","{""orientation_cued"": 0.375, ""motion_duration_cued"": 0.375, ""krauzlis_cued_motion"": 0.875, ""spatial_binding"": 0.375, ""image_recognition"": 0.5}","{""orientation_cued"": ""orientation_cued_D12"", ""motion_duration_cued"": ""motion_duration_cued_D4"", ""krauzlis_cued_motion"": ""krauzlis_B28"", ""spatial_binding"": ""spatial_binding_D4"", ""image_recognition"": ""image_recognition_N24_H4""}","{""orientation_cued"": {}, ""motion_duration_cued"": {}, ""krauzlis_cued_motion"": {}, ""spatial_binding"": {}, ""image_recognition"": {}}"
358,14320,300720,0.6932536154985428,0.65,0.3497017025947571,0,1.6851425170898438,"{""orientation_cued"": 0.687885046005249, ""motion_duration_cued"": 1.3976300954818726, ""krauzlis_cued_motion"": 0.663898229598999, ""spatial_binding"": 0.6915386319160461, ""image_recognition"": 0.02531607449054718}","{""orientation_cued"": 0.625, ""motion_duration_cued"": 0.125, ""krauzlis_cued_motion"": 0.625, ""spatial_binding"": 0.875, ""image_recognition"": 1.0}","{""orientation_cued"": ""orientation_cued_D24"", ""motion_duration_cued"": ""motion_duration_cued_D0"", ""krauzlis_cued_motion"": ""krauzlis_B20"", ""spatial_binding"": ""spatial_binding_D0"", ""image_recognition"": ""image_recognition_N0_H3""}","{""orientation_cued"": {}, ""motion_duration_cued"": {}, ""krauzlis_cued_motion"": {}, ""spatial_binding"": {}, ""image_recognition"": {}}"
359,14360,301568,0.7087860383093357,0.55,0.8211650848388672,0,2.01251220703125,"{""orientation_cued"": 0.7179045081138611, ""motion_duration_cued"": 1.3795356750488281, ""krauzlis_cued_motion"": 0.7110201716423035, ""spatial_binding"": 0.6931317448616028, ""image_recognition"": 0.042338091880083084}","{""orientation_cued"": 0.375, ""motion_duration_cued"": 0.375, ""krauzlis_cued_motion"": 0.5, ""spatial_binding"": 0.5, ""image_recognition"": 1.0}","{""orientation_cued"": ""orientation_cued_D0"", ""motion_duration_cued"": ""motion_duration_cued_D24"", ""krauzlis_cued_motion"": ""krauzlis_B12"", ""spatial_binding"": ""spatial_binding_D24"", ""image_recognition"": ""image_recognition_N0_H5""}","{""orientation_cued"": {}, ""motion_duration_cued"": {}, ""krauzlis_cued_motion"": {}, ""spatial_binding"": {}, ""image_recognition"": {}}"
360,14400,302400,0.8358328223228455,0.5,0.3838905692100525,0,1.9567372798919678,"{""orientation_cued"": 0.6972975730895996, ""motion_duration_cued"": 1.3956162929534912, ""krauzlis_cued_motion"": 0.7127349376678467, ""spatial_binding"": 0.6921522617340088, ""image_recognition"": 0.681363046169281}","{""orientation_cued"": 0.375, ""motion_duration_cued"": 0.125, ""krauzlis_cued_motion"": 0.5, ""spatial_binding"": 0.75, ""image_recognition"": 0.75}","{""orientation_cued"": ""orientation_cued_D4"", ""motion_duration_cued"": ""motion_duration_cued_D12"", ""krauzlis_cued_motion"": ""krauzlis_B28"", ""spatial_binding"": ""spatial_binding_D12"", ""image_recognition"": ""image_recognition_N4_H3""}","{""orientation_cued"": {}, ""motion_duration_cued"": {}, ""krauzlis_cued_motion"": {}, ""spatial_binding"": {}, ""image_recognition"": {}}"
361,14440,303272,0.8261308073997498,0.475,0.2751392126083374,0,2.1206860542297363,"{""orientation_cued"": 0.6929346919059753, ""motion_duration_cued"": 1.3864578008651733, ""krauzlis_cued_motion"": 0.6631787419319153, ""spatial_binding"": 0.6931484341621399, ""image_recognition"": 0.6949343681335449}","{""orientation_cued"": 0.5, ""motion_duration_cued"": 0.25, ""krauzlis_cued_motion"": 0.625, ""spatial_binding"": 0.5, ""image_recognition"": 0.5}","{""orientation_cued"": ""orientation_cued_D12"", ""motion_duration_cued"": ""motion_duration_cued_D24"", ""krauzlis_cued_motion"": ""krauzlis_B12"", ""spatial_binding"": ""spatial_binding_D4"", ""image_recognition"": ""image_recognition_N12_H4""}","{""orientation_cued"": {}, ""motion_duration_cued"": {}, ""krauzlis_cued_motion"": {}, ""spatial_binding"": {}, ""image_recognition"": {}}"
362,14480,304008,0.8472358226776123,0.425,0.4448778033256531,0,1.7573983669281006,"{""orientation_cued"": 0.6932319402694702, ""motion_duration_cued"": 1.3916939496994019, ""krauzlis_cued_motion"": 0.7628622055053711, ""spatial_binding"": 0.6929394006729126, ""image_recognition"": 0.6954516172409058}","{""orientation_cued"": 0.5, ""motion_duration_cued"": 0.25, ""krauzlis_cued_motion"": 0.375, ""spatial_binding"": 0.5, ""image_recognition"": 0.5}","{""orientation_cued"": ""orientation_cued_D0"", ""motion_duration_cued"": ""motion_duration_cued_D4"", ""krauzlis_cued_motion"": ""krauzlis_B28"", ""spatial_binding"": ""spatial_binding_D12"", ""image_recognition"": ""image_recognition_N4_H3""}","{""orientation_cued"": {}, ""motion_duration_cued"": {}, ""krauzlis_cued_motion"": {}, ""spatial_binding"": {}, ""image_recognition"": {}}"
363,14520,304944,0.8466799855232239,0.4,0.4893105924129486,0,2.374931812286377,"{""orientation_cued"": 0.6885098218917847, ""motion_duration_cued"": 1.3887031078338623, ""krauzlis_cued_motion"": 0.7606850862503052, ""spatial_binding"": 0.6934194564819336, ""image_recognition"": 0.7020824551582336}","{""orientation_cued"": 0.625, ""motion_duration_cued"": 0.125, ""krauzlis_cued_motion"": 0.375, ""spatial_binding"": 0.5, ""image_recognition"": 0.375}","{""orientation_cued"": ""orientation_cued_D24"", ""motion_duration_cued"": ""motion_duration_cued_D0"", ""krauzlis_cued_motion"": ""krauzlis_B20"", ""spatial_binding"": ""spatial_binding_D24"", ""image_recognition"": ""image_recognition_N4_H4""}","{""orientation_cued"": {}, ""motion_duration_cued"": {}, ""krauzlis_cued_motion"": {}, ""spatial_binding"": {}, ""image_recognition"": {}}"
364,14560,305712,0.8266215443611145,0.475,0.35498929023742676,0,1.9506983757019043,"{""orientation_cued"": 0.6979870200157166, ""motion_duration_cued"": 1.3840214014053345, ""krauzlis_cued_motion"": 0.6640784740447998, ""spatial_binding"": 0.6934212446212769, ""image_recognition"": 0.6935995817184448}","{""orientation_cued"": 0.375, ""motion_duration_cued"": 0.375, ""krauzlis_cued_motion"": 0.625, ""spatial_binding"": 0.5, ""image_recognition"": 0.5}","{""orientation_cued"": ""orientation_cued_D4"", ""motion_duration_cued"": ""motion_duration_cued_D12"", ""krauzlis_cued_motion"": ""krauzlis_B12"", ""spatial_binding"": ""spatial_binding_D0"", ""image_recognition"": ""image_recognition_N24_H3""}","{""orientation_cued"": {}, ""motion_duration_cued"": {}, ""krauzlis_cued_motion"": {}, ""spatial_binding"": {}, ""image_recognition"": {}}"
365,14600,306560,0.8284663438796998,0.475,0.2626544237136841,0,2.1577682495117188,"{""orientation_cued"": 0.6944979429244995, ""motion_duration_cued"": 1.3874914646148682, ""krauzlis_cued_motion"": 0.6646515130996704, ""spatial_binding"": 0.6926504373550415, ""image_recognition"": 0.703040361404419}","{""orientation_cued"": 0.5, ""motion_duration_cued"": 0.25, ""krauzlis_cued_motion"": 0.625, ""spatial_binding"": 0.5, ""image_recognition"": 0.5}","{""orientation_cued"": ""orientation_cued_D0"", ""motion_duration_cued"": ""motion_duration_cued_D12"", ""krauzlis_cued_motion"": ""krauzlis_B20"", ""spatial_binding"": ""spatial_binding_D24"", ""image_recognition"": ""image_recognition_N4_H5""}","{""orientation_cued"": {}, ""motion_duration_cued"": {}, ""krauzlis_cued_motion"": {}, ""spatial_binding"": {}, ""image_recognition"": {}}"
366,14640,307456,0.6919127583503724,0.55,0.22917084395885468,0,2.2561657428741455,"{""orientation_cued"": 0.6929184198379517, ""motion_duration_cued"": 1.387080430984497, ""krauzlis_cued_motion"": 0.6647448539733887, ""spatial_binding"": 0.6929946541786194, ""image_recognition"": 0.021825432777404785}","{""orientation_cued"": 0.5, ""motion_duration_cued"": 0.125, ""krauzlis_cued_motion"": 0.625, ""spatial_binding"": 0.5, ""image_recognition"": 1.0}","{""orientation_cued"": ""orientation_cued_D4"", ""motion_duration_cued"": ""motion_duration_cued_D24"", ""krauzlis_cued_motion"": ""krauzlis_B28"", ""spatial_binding"": ""spatial_binding_D12"", ""image_recognition"": ""image_recognition_N0_H3""}","{""orientation_cued"": {}, ""motion_duration_cued"": {}, ""krauzlis_cued_motion"": {}, ""spatial_binding"": {}, ""image_recognition"": {}}"
367,14680,308336,0.8121580600738525,0.5,0.5382683277130127,0,2.15592360496521,"{""orientation_cued"": 0.6930010318756104, ""motion_duration_cued"": 1.3897645473480225, ""krauzlis_cued_motion"": 0.5823082327842712, ""spatial_binding"": 0.6922176480293274, ""image_recognition"": 0.7034988403320312}","{""orientation_cued"": 0.5, ""motion_duration_cued"": 0.125, ""krauzlis_cued_motion"": 0.875, ""spatial_binding"": 0.5, ""image_recognition"": 0.5}","{""orientation_cued"": ""orientation_cued_D24"", ""motion_duration_cued"": ""motion_duration_cued_D4"", ""krauzlis_cued_motion"": ""krauzlis_B12"", ""spatial_binding"": ""spatial_binding_D0"", ""image_recognition"": ""image_recognition_N24_H5""}","{""orientation_cued"": {}, ""motion_duration_cued"": {}, ""krauzlis_cued_motion"": {}, ""spatial_binding"": {}, ""image_recognition"": {}}"
368,14720,309056,0.7085251368582248,0.55,0.42070838809013367,0,1.7982780933380127,"{""orientation_cued"": 0.6931897401809692, ""motion_duration_cued"": 1.384141206741333, ""krauzlis_cued_motion"": 0.7514603734016418, ""spatial_binding"": 0.6920055150985718, ""image_recognition"": 0.021828848868608475}","{""orientation_cued"": 0.5, ""motion_duration_cued"": 0.375, ""krauzlis_cued_motion"": 0.375, ""spatial_binding"": 0.5, ""image_recognition"": 1.0}","{""orientation_cued"": ""orientation_cued_D12"", ""motion_duration_cued"": ""motion_duration_cued_D0"", ""krauzlis_cued_motion"": ""krauzlis_B28"", ""spatial_binding"": ""spatial_binding_D4"", ""image_recognition"": ""image_recognition_N0_H5""}","{""orientation_cued"": {}, ""motion_duration_cued"": {}, ""krauzlis_cued_motion"": {}, ""spatial_binding"": {}, ""image_recognition"": {}}"
369,14760,309968,0.8181289672851563,0.525,0.43683159351348877,0,2.273440361022949,"{""orientation_cued"": 0.6933802366256714, ""motion_duration_cued"": 1.386265754699707, ""krauzlis_cued_motion"": 0.6220831274986267, ""spatial_binding"": 0.6935007572174072, ""image_recognition"": 0.6954149603843689}","{""orientation_cued"": 0.625, ""motion_duration_cued"": 0.25, ""krauzlis_cued_motion"": 0.75, ""spatial_binding"": 0.5, ""image_recognition"": 0.5}","{""orientation_cued"": ""orientation_cued_D0"", ""motion_duration_cued"": ""motion_duration_cued_D12"", ""krauzlis_cued_motion"": ""krauzlis_B20"", ""spatial_binding"": ""spatial_binding_D24"", ""image_recognition"": ""image_recognition_N12_H5""}","{""orientation_cued"": {}, ""motion_duration_cued"": {}, ""krauzlis_cued_motion"": {}, ""spatial_binding"": {}, ""image_recognition"": {}}"
370,14800,311032,0.8608540534973145,0.425,0.774490475654602,0,2.5771522521972656,"{""orientation_cued"": 0.6899716258049011, ""motion_duration_cued"": 1.3926993608474731, ""krauzlis_cued_motion"": 0.8394054174423218, ""spatial_binding"": 0.6922751069068909, ""image_recognition"": 0.6899187564849854}","{""orientation_cued"": 0.625, ""motion_duration_cued"": 0.125, ""krauzlis_cued_motion"": 0.125, ""spatial_binding"": 0.625, ""image_recognition"": 0.625}","{""orientation_cued"": ""orientation_cued_D24"", ""motion_duration_cued"": ""motion_duration_cued_D0"", ""krauzlis_cued_motion"": ""krauzlis_B28"", ""spatial_binding"": ""spatial_binding_D12"", ""image_recognition"": ""image_recognition_N24_H4""}","{""orientation_cued"": {}, ""motion_duration_cued"": {}, ""krauzlis_cued_motion"": {}, ""spatial_binding"": {}, ""image_recognition"": {}}"
371,14840,311896,0.8446538209915161,0.4,0.765704333782196,0,2.086300849914551,"{""orientation_cued"": 0.7038640975952148, ""motion_duration_cued"": 1.3884128332138062, ""krauzlis_cued_motion"": 0.7482479214668274, ""spatial_binding"": 0.6927711963653564, ""image_recognition"": 0.6899730563163757}","{""orientation_cued"": 0.125, ""motion_duration_cued"": 0.25, ""krauzlis_cued_motion"": 0.375, ""spatial_binding"": 0.5, ""image_recognition"": 0.75}","{""orientation_cued"": ""orientation_cued_D4"", ""motion_duration_cued"": ""motion_duration_cued_D24"", ""krauzlis_cued_motion"": ""krauzlis_B20"", ""spatial_binding"": ""spatial_binding_D4"", ""image_recognition"": ""image_recognition_N12_H3""}","{""orientation_cued"": {}, ""motion_duration_cued"": {}, ""krauzlis_cued_motion"": {}, ""spatial_binding"": {}, ""image_recognition"": {}}"
372,14880,312480,0.6846437282860279,0.6,0.7065899968147278,0,1.4519846439361572,"{""orientation_cued"": 0.6925052404403687, ""motion_duration_cued"": 1.3851332664489746, ""krauzlis_cued_motion"": 0.6277779340744019, ""spatial_binding"": 0.6959520578384399, ""image_recognition"": 0.021850142627954483}","{""orientation_cued"": 0.75, ""motion_duration_cued"": 0.25, ""krauzlis_cued_motion"": 0.75, ""spatial_binding"": 0.25, ""image_recognition"": 1.0}","{""orientation_cued"": ""orientation_cued_D12"", ""motion_duration_cued"": ""motion_duration_cued_D4"", ""krauzlis_cued_motion"": ""krauzlis_B12"", ""spatial_binding"": ""spatial_binding_D0"", ""image_recognition"": ""image_recognition_N0_H4""}","{""orientation_cued"": {}, ""motion_duration_cued"": {}, ""krauzlis_cued_motion"": {}, ""spatial_binding"": {}, ""image_recognition"": {}}"
373,14920,313128,0.8346049189567566,0.45,0.45247915387153625,0,1.5656275749206543,"{""orientation_cued"": 0.6862801313400269, ""motion_duration_cued"": 1.3921171426773071, ""krauzlis_cued_motion"": 0.7040109634399414, ""spatial_binding"": 0.6911541223526001, ""image_recognition"": 0.6994622349739075}","{""orientation_cued"": 0.625, ""motion_duration_cued"": 0.25, ""krauzlis_cued_motion"": 0.5, ""spatial_binding"": 0.625, ""image_recognition"": 0.25}","{""orientation_cued"": ""orientation_cued_D0"", ""motion_duration_cued"": ""motion_duration_cued_D0"", ""krauzlis_cued_motion"": ""krauzlis_B12"", ""spatial_binding"": ""spatial_binding_D0"", ""image_recognition"": ""image_recognition_N24_H4""}","{""orientation_cued"": {}, ""motion_duration_cued"": {}, ""krauzlis_cued_motion"": {}, ""spatial_binding"": {}, ""image_recognition"": {}}"
374,14960,313912,0.8429763078689575,0.475,0.5180653929710388,0,1.9247467517852783,"{""orientation_cued"": 0.6905649304389954, ""motion_duration_cued"": 1.3883417844772339, ""krauzlis_cued_motion"": 0.7384055256843567, ""spatial_binding"": 0.6932802796363831, ""image_recognition"": 0.7042890191078186}","{""orientation_cued"": 0.625, ""motion_duration_cued"": 0.375, ""krauzlis_cued_motion"": 0.375, ""spatial_binding"": 0.5, ""image_recognition"": 0.5}","{""orientation_cued"": ""orientation_cued_D12"", ""motion_duration_cued"": ""motion_duration_cued_D4"", ""krauzlis_cued_motion"": ""krauzlis_B20"", ""spatial_binding"": ""spatial_binding_D12"", ""image_recognition"": ""image_recognition_N4_H5""}","{""orientation_cued"": {}, ""motion_duration_cued"": {}, ""krauzlis_cued_motion"": {}, ""spatial_binding"": {}, ""image_recognition"": {}}"
375,15000,315160,0.8166224241256714,0.6,0.5300931930541992,0,3.051668405532837,"{""orientation_cued"": 0.6802783012390137, ""motion_duration_cued"": 1.3818910121917725, ""krauzlis_cued_motion"": 0.6367661356925964, ""spatial_binding"": 0.6916707754135132, ""image_recognition"": 0.6925058960914612}","{""orientation_cued"": 0.75, ""motion_duration_cued"": 0.375, ""krauzlis_cued_motion"": 0.75, ""spatial_binding"": 0.625, ""image_recognition"": 0.5}","{""orientation_cued"": ""orientation_cued_D24"", ""motion_duration_cued"": ""motion_duration_cued_D12"", ""krauzlis_cued_motion"": ""krauzlis_B28"", ""spatial_binding"": ""spatial_binding_D24"", ""image_recognition"": ""image_recognition_N24_H3""}","{""orientation_cued"": {}, ""motion_duration_cued"": {}, ""krauzlis_cued_motion"": {}, ""spatial_binding"": {}, ""image_recognition"": {}}"
376,15040,316096,0.8395784497261047,0.4,0.7251031398773193,0,2.2566962242126465,"{""orientation_cued"": 0.6973646879196167, ""motion_duration_cued"": 1.3943805694580078, ""krauzlis_cued_motion"": 0.7309361696243286, ""spatial_binding"": 0.692549467086792, ""image_recognition"": 0.6826613545417786}","{""orientation_cued"": 0.25, ""motion_duration_cued"": 0.125, ""krauzlis_cued_motion"": 0.375, ""spatial_binding"": 0.5, ""image_recognition"": 0.75}","{""orientation_cued"": ""orientation_cued_D4"", ""motion_duration_cued"": ""motion_duration_cued_D24"", ""krauzlis_cued_motion"": ""krauzlis_B28"", ""spatial_binding"": ""spatial_binding_D4"", ""image_recognition"": ""image_recognition_N12_H4""}","{""orientation_cued"": {}, ""motion_duration_cued"": {}, ""krauzlis_cued_motion"": {}, ""spatial_binding"": {}, ""image_recognition"": {}}"
377,15080,317024,0.6937471598386764,0.575,0.4106694459915161,0,2.2543370723724365,"{""orientation_cued"": 0.708274245262146, ""motion_duration_cued"": 1.3747923374176025, ""krauzlis_cued_motion"": 0.6716263890266418, ""spatial_binding"": 0.6926804780960083, ""image_recognition"": 0.02136234939098358}","{""orientation_cued"": 0.375, ""motion_duration_cued"": 0.375, ""krauzlis_cued_motion"": 0.625, ""spatial_binding"": 0.5, ""image_recognition"": 1.0}","{""orientation_cued"": ""orientation_cued_D12"", ""motion_duration_cued"": ""motion_duration_cued_D24"", ""krauzlis_cued_motion"": ""krauzlis_B12"", ""spatial_binding"": ""spatial_binding_D24"", ""image_recognition"": ""image_recognition_N0_H3""}","{""orientation_cued"": {}, ""motion_duration_cued"": {}, ""krauzlis_cued_motion"": {}, ""spatial_binding"": {}, ""image_recognition"": {}}"
378,15120,317672,0.8427384614944458,0.425,0.9453125596046448,0,1.5871455669403076,"{""orientation_cued"": 0.7217236161231995, ""motion_duration_cued"": 1.3954733610153198, ""krauzlis_cued_motion"": 0.6725580096244812, ""spatial_binding"": 0.6947729587554932, ""image_recognition"": 0.7291643619537354}","{""orientation_cued"": 0.375, ""motion_duration_cued"": 0.125, ""krauzlis_cued_motion"": 0.625, ""spatial_binding"": 0.5, ""image_recognition"": 0.5}","{""orientation_cued"": ""orientation_cued_D0"", ""motion_duration_cued"": ""motion_duration_cued_D0"", ""krauzlis_cued_motion"": ""krauzlis_B20"", ""spatial_binding"": ""spatial_binding_D12"", ""image_recognition"": ""image_recognition_N4_H4""}","{""orientation_cued"": {}, ""motion_duration_cued"": {}, ""krauzlis_cued_motion"": {}, ""spatial_binding"": {}, ""image_recognition"": {}}"
379,15160,318536,0.8337865471839905,0.4,0.700605034828186,0,2.085505247116089,"{""orientation_cued"": 0.7234059572219849, ""motion_duration_cued"": 1.4000930786132812, ""krauzlis_cued_motion"": 0.6729376912117004, ""spatial_binding"": 0.693359911441803, ""image_recognition"": 0.6791360974311829}","{""orientation_cued"": 0.25, ""motion_duration_cued"": 0.125, ""krauzlis_cued_motion"": 0.625, ""spatial_binding"": 0.5, ""image_recognition"": 0.5}","{""orientation_cued"": ""orientation_cued_D24"", ""motion_duration_cued"": ""motion_duration_cued_D12"", ""krauzlis_cued_motion"": ""krauzlis_B20"", ""spatial_binding"": ""spatial_binding_D4"", ""image_recognition"": ""image_recognition_N4_H3""}","{""orientation_cued"": {}, ""motion_duration_cued"": {}, ""krauzlis_cued_motion"": {}, ""spatial_binding"": {}, ""image_recognition"": {}}"
380,15200,319288,0.8215486645698548,0.5,0.7614457607269287,0,1.8400702476501465,"{""orientation_cued"": 0.701409101486206, ""motion_duration_cued"": 1.3767869472503662, ""krauzlis_cued_motion"": 0.6489319801330566, ""spatial_binding"": 0.697181224822998, ""image_recognition"": 0.6834340691566467}","{""orientation_cued"": 0.25, ""motion_duration_cued"": 0.375, ""krauzlis_cued_motion"": 0.75, ""spatial_binding"": 0.5, ""image_recognition"": 0.625}","{""orientation_cued"": ""orientation_cued_D4"", ""motion_duration_cued"": ""motion_duration_cued_D4"", ""krauzlis_cued_motion"": ""krauzlis_B28"", ""spatial_binding"": ""spatial_binding_D0"", ""image_recognition"": ""image_recognition_N12_H5""}","{""orientation_cued"": {}, ""motion_duration_cued"": {}, ""krauzlis_cued_motion"": {}, ""spatial_binding"": {}, ""image_recognition"": {}}"
381,15240,320232,0.7027453824877739,0.55,0.3278867304325104,0,2.3463356494903564,"{""orientation_cued"": 0.6939431428909302, ""motion_duration_cued"": 1.38238525390625, ""krauzlis_cued_motion"": 0.7228305339813232, ""spatial_binding"": 0.6942319869995117, ""image_recognition"": 0.02033599466085434}","{""orientation_cued"": 0.5, ""motion_duration_cued"": 0.375, ""krauzlis_cued_motion"": 0.375, ""spatial_binding"": 0.5, ""image_recognition"": 1.0}","{""orientation_cued"": ""orientation_cued_D12"", ""motion_duration_cued"": ""motion_duration_cued_D24"", ""krauzlis_cued_motion"": ""krauzlis_B12"", ""spatial_binding"": ""spatial_binding_D24"", ""image_recognition"": ""image_recognition_N0_H5""}","{""orientation_cued"": {}, ""motion_duration_cued"": {}, ""krauzlis_cued_motion"": {}, ""spatial_binding"": {}, ""image_recognition"": {}}"
382,15280,320784,0.6956980232149362,0.525,0.26845672726631165,0,1.3505196571350098,"{""orientation_cued"": 0.6992747187614441, ""motion_duration_cued"": 1.391486644744873, ""krauzlis_cued_motion"": 0.6739811301231384, ""spatial_binding"": 0.6934741735458374, ""image_recognition"": 0.020273448899388313}","{""orientation_cued"": 0.5, ""motion_duration_cued"": 0.125, ""krauzlis_cued_motion"": 0.625, ""spatial_binding"": 0.375, ""image_recognition"": 1.0}","{""orientation_cued"": ""orientation_cued_D0"", ""motion_duration_cued"": ""motion_duration_cued_D0"", ""krauzlis_cued_motion"": ""krauzlis_B20"", ""spatial_binding"": ""spatial_binding_D4"", ""image_recognition"": ""image_recognition_N0_H4""}","{""orientation_cued"": {}, ""motion_duration_cued"": {}, ""krauzlis_cued_motion"": {}, ""spatial_binding"": {}, ""image_recognition"": {}}"
383,15320,321504,0.8426984906196594,0.375,0.5035209059715271,0,1.7567648887634277,"{""orientation_cued"": 0.693588137626648, ""motion_duration_cued"": 1.3888626098632812, ""krauzlis_cued_motion"": 0.7447322010993958, ""spatial_binding"": 0.696846604347229, ""image_recognition"": 0.6894629001617432}","{""orientation_cued"": 0.5, ""motion_duration_cued"": 0.25, ""krauzlis_cued_motion"": 0.25, ""spatial_binding"": 0.375, ""image_recognition"": 0.5}","{""orientation_cued"": ""orientation_cued_D4"", ""motion_duration_cued"": ""motion_duration_cued_D4"", ""krauzlis_cued_motion"": ""krauzlis_B12"", ""spatial_binding"": ""spatial_binding_D0"", ""image_recognition"": ""image_recognition_N24_H5""}","{""orientation_cued"": {}, ""motion_duration_cued"": {}, ""krauzlis_cued_motion"": {}, ""spatial_binding"": {}, ""image_recognition"": {}}"
384,15360,322560,0.8286473989486695,0.475,0.274949848651886,0,2.5674097537994385,"{""orientation_cued"": 0.6942070126533508, ""motion_duration_cued"": 1.3841428756713867, ""krauzlis_cued_motion"": 0.6751465797424316, ""spatial_binding"": 0.69321608543396, ""image_recognition"": 0.696524441242218}","{""orientation_cued"": 0.5, ""motion_duration_cued"": 0.25, ""krauzlis_cued_motion"": 0.625, ""spatial_binding"": 0.5, ""image_recognition"": 0.5}","{""orientation_cued"": ""orientation_cued_D24"", ""motion_duration_cued"": ""motion_duration_cued_D12"", ""krauzlis_cued_motion"": ""krauzlis_B28"", ""spatial_binding"": ""spatial_binding_D12"", ""image_recognition"": ""image_recognition_N12_H3""}","{""orientation_cued"": {}, ""motion_duration_cued"": {}, ""krauzlis_cued_motion"": {}, ""spatial_binding"": {}, ""image_recognition"": {}}"
385,15400,323392,0.6973559107631445,0.5,0.5935524702072144,0,2.085418462753296,"{""orientation_cued"": 0.6714726686477661, ""motion_duration_cued"": 1.4036898612976074, ""krauzlis_cued_motion"": 0.6966830492019653, ""spatial_binding"": 0.6961323618888855, ""image_recognition"": 0.0188016127794981}","{""orientation_cued"": 0.75, ""motion_duration_cued"": 0.0, ""krauzlis_cued_motion"": 0.5, ""spatial_binding"": 0.25, ""image_recognition"": 1.0}","{""orientation_cued"": ""orientation_cued_D24"", ""motion_duration_cued"": ""motion_duration_cued_D24"", ""krauzlis_cued_motion"": ""krauzlis_B12"", ""spatial_binding"": ""spatial_binding_D0"", ""image_recognition"": ""image_recognition_N0_H3""}","{""orientation_cued"": {""priority_entropy"": 5.126552581787109, ""priority_peak"": 0.007407069206237793, ""priority_gradient_norm"": 0.3828364312648773, ""attention_gradient_norm"": 0.013954714871942997}, ""motion_duration_cued"": {""priority_entropy"": 5.1261982917785645, ""priority_peak"": 0.007344704121351242, ""priority_gradient_norm"": 0.5685356855392456, ""attention_gradient_norm"": 0.019374093040823936}, ""krauzlis_cued_motion"": {""priority_entropy"": 5.129271507263184, ""priority_peak"": 0.006447943393141031, ""priority_gradient_norm"": 0.570587158203125, ""attention_gradient_norm"": 0.02093459665775299}, ""spatial_binding"": {""priority_entropy"": 5.126508712768555, ""priority_peak"": 0.007108290679752827, ""priority_gradient_norm"": 0.5709675550460815, ""attention_gradient_norm"": 0.021222155541181564}, ""image_recognition"": {""priority_entropy"": 5.087933540344238, ""priority_peak"": 0.008980369195342064, ""priority_gradient_norm"": 0.5722141861915588, ""attention_gradient_norm"": 0.021525321528315544}}"
386,15440,323984,0.6823225095868111,0.7,0.7006778120994568,0,1.461526870727539,"{""orientation_cued"": 0.6618618369102478, ""motion_duration_cued"": 1.3789135217666626, ""krauzlis_cued_motion"": 0.6573772430419922, ""spatial_binding"": 0.6932232975959778, ""image_recognition"": 0.020236648619174957}","{""orientation_cued"": 0.75, ""motion_duration_cued"": 0.5, ""krauzlis_cued_motion"": 0.75, ""spatial_binding"": 0.5, ""image_recognition"": 1.0}","{""orientation_cued"": ""orientation_cued_D0"", ""motion_duration_cued"": ""motion_duration_cued_D4"", ""krauzlis_cued_motion"": ""krauzlis_B20"", ""spatial_binding"": ""spatial_binding_D4"", ""image_recognition"": ""image_recognition_N0_H5""}","{""orientation_cued"": {}, ""motion_duration_cued"": {}, ""krauzlis_cued_motion"": {}, ""spatial_binding"": {}, ""image_recognition"": {}}"
387,15480,324856,0.6971854455769062,0.55,0.37700802087783813,0,2.1687521934509277,"{""orientation_cued"": 0.7103443145751953, ""motion_duration_cued"": 1.3845006227493286, ""krauzlis_cued_motion"": 0.6766788959503174, ""spatial_binding"": 0.69453364610672, ""image_recognition"": 0.019869748502969742}","{""orientation_cued"": 0.375, ""motion_duration_cued"": 0.25, ""krauzlis_cued_motion"": 0.625, ""spatial_binding"": 0.5, ""image_recognition"": 1.0}","{""orientation_cued"": ""orientation_cued_D12"", ""motion_duration_cued"": ""motion_duration_cued_D12"", ""krauzlis_cued_motion"": ""krauzlis_B28"", ""spatial_binding"": ""spatial_binding_D12"", ""image_recognition"": ""image_recognition_N0_H4""}","{""orientation_cued"": {}, ""motion_duration_cued"": {}, ""krauzlis_cued_motion"": {}, ""spatial_binding"": {}, ""image_recognition"": {}}"
388,15520,325576,0.8242051243782044,0.5,0.4379509687423706,0,1.7660455703735352,"{""orientation_cued"": 0.6865620613098145, ""motion_duration_cued"": 1.3867107629776, ""krauzlis_cued_motion"": 0.6562991142272949, ""spatial_binding"": 0.6922674775123596, ""image_recognition"": 0.6991862058639526}","{""orientation_cued"": 0.625, ""motion_duration_cued"": 0.125, ""krauzlis_cued_motion"": 0.75, ""spatial_binding"": 0.5, ""image_recognition"": 0.5}","{""orientation_cued"": ""orientation_cued_D4"", ""motion_duration_cued"": ""motion_duration_cued_D0"", ""krauzlis_cued_motion"": ""krauzlis_B12"", ""spatial_binding"": ""spatial_binding_D24"", ""image_recognition"": ""image_recognition_N4_H5""}","{""orientation_cued"": {}, ""motion_duration_cued"": {}, ""krauzlis_cued_motion"": {}, ""spatial_binding"": {}, ""image_recognition"": {}}"
389,15560,326424,0.8414332032203674,0.4,0.34935668110847473,0,2.0807223320007324,"{""orientation_cued"": 0.7093192934989929, ""motion_duration_cued"": 1.3865529298782349, ""krauzlis_cued_motion"": 0.7189205884933472, ""spatial_binding"": 0.6933624148368835, ""image_recognition"": 0.6990107893943787}","{""orientation_cued"": 0.375, ""motion_duration_cued"": 0.25, ""krauzlis_cued_motion"": 0.375, ""spatial_binding"": 0.5, ""image_recognition"": 0.5}","{""orientation_cued"": ""orientation_cued_D12"", ""motion_duration_cued"": ""motion_duration_cued_D12"", ""krauzlis_cued_motion"": ""krauzlis_B20"", ""spatial_binding"": ""spatial_binding_D4"", ""image_recognition"": ""image_recognition_N12_H5""}","{""orientation_cued"": {}, ""motion_duration_cued"": {}, ""krauzlis_cued_motion"": {}, ""spatial_binding"": {}, ""image_recognition"": {}}"
390,15600,327200,0.8288353562355042,0.525,0.2554958760738373,0,1.893655776977539,"{""orientation_cued"": 0.6871452331542969, ""motion_duration_cued"": 1.3861256837844849, ""krauzlis_cued_motion"": 0.6744071245193481, ""spatial_binding"": 0.6934508681297302, ""image_recognition"": 0.7030478715896606}","{""orientation_cued"": 0.625, ""motion_duration_cued"": 0.375, ""krauzlis_cued_motion"": 0.625, ""spatial_binding"": 0.5, ""image_recognition"": 0.5}","{""orientation_cued"": ""orientation_cued_D4"", ""motion_duration_cued"": ""motion_duration_cued_D4"", ""krauzlis_cued_motion"": ""krauzlis_B28"", ""spatial_binding"": ""spatial_binding_D12"", ""image_recognition"": ""image_recognition_N4_H4""}","{""orientation_cued"": {}, ""motion_duration_cued"": {}, ""krauzlis_cued_motion"": {}, ""spatial_binding"": {}, ""image_recognition"": {}}"
391,15640,327904,0.8376129865646362,0.425,0.4856281280517578,0,1.6999380588531494,"{""orientation_cued"": 0.7235619425773621, ""motion_duration_cued"": 1.3846070766448975, ""krauzlis_cued_motion"": 0.697978675365448, ""spatial_binding"": 0.6910309791564941, ""image_recognition"": 0.6908862590789795}","{""orientation_cued"": 0.375, ""motion_duration_cued"": 0.25, ""krauzlis_cued_motion"": 0.5, ""spatial_binding"": 0.5, ""image_recognition"": 0.5}","{""orientation_cued"": ""orientation_cued_D0"", ""motion_duration_cued"": ""motion_duration_cued_D0"", ""krauzlis_cued_motion"": ""krauzlis_B20"", ""spatial_binding"": ""spatial_binding_D0"", ""image_recognition"": ""image_recognition_N24_H3""}","{""orientation_cued"": {}, ""motion_duration_cued"": {}, ""krauzlis_cued_motion"": {}, ""spatial_binding"": {}, ""image_recognition"": {}}"
392,15680,329256,0.8281129360198974,0.425,0.5303999185562134,0,3.267326593399048,"{""orientation_cued"": 0.7086977958679199, ""motion_duration_cued"": 1.3893213272094727, ""krauzlis_cued_motion"": 0.6483425498008728, ""spatial_binding"": 0.692318320274353, ""image_recognition"": 0.7018846869468689}","{""orientation_cued"": 0.375, ""motion_duration_cued"": 0.125, ""krauzlis_cued_motion"": 0.75, ""spatial_binding"": 0.5, ""image_recognition"": 0.375}","{""orientation_cued"": ""orientation_cued_D24"", ""motion_duration_cued"": ""motion_duration_cued_D24"", ""krauzlis_cued_motion"": ""krauzlis_B28"", ""spatial_binding"": ""spatial_binding_D24"", ""image_recognition"": ""image_recognition_N24_H4""}","{""orientation_cued"": {}, ""motion_duration_cued"": {}, ""krauzlis_cued_motion"": {}, ""spatial_binding"": {}, ""image_recognition"": {}}"
393,15720,329960,0.8367722153663635,0.375,0.7640364170074463,0,1.7399954795837402,"{""orientation_cued"": 0.7122846245765686, ""motion_duration_cued"": 1.3896559476852417, ""krauzlis_cued_motion"": 0.6988905668258667, ""spatial_binding"": 0.6921694278717041, ""image_recognition"": 0.6908605098724365}","{""orientation_cued"": 0.125, ""motion_duration_cued"": 0.125, ""krauzlis_cued_motion"": 0.5, ""spatial_binding"": 0.5, ""image_recognition"": 0.625}","{""orientation_cued"": ""orientation_cued_D4"", ""motion_duration_cued"": ""motion_duration_cued_D0"", ""krauzlis_cued_motion"": ""krauzlis_B12"", ""spatial_binding"": ""spatial_binding_D24"", ""image_recognition"": ""image_recognition_N4_H3""}","{""orientation_cued"": {}, ""motion_duration_cued"": {}, ""krauzlis_cued_motion"": {}, ""spatial_binding"": {}, ""image_recognition"": {}}"
394,15760,330632,0.8475242376327514,0.325,0.9055294990539551,0,1.6621778011322021,"{""orientation_cued"": 0.7658950090408325, ""motion_duration_cued"": 1.3851878643035889, ""krauzlis_cued_motion"": 0.6994956731796265, ""spatial_binding"": 0.6932801008224487, ""image_recognition"": 0.6937625408172607}","{""orientation_cued"": 0.125, ""motion_duration_cued"": 0.25, ""krauzlis_cued_motion"": 0.5, ""spatial_binding"": 0.5, ""image_recognition"": 0.25}","{""orientation_cued"": ""orientation_cued_D0"", ""motion_duration_cued"": ""motion_duration_cued_D4"", ""krauzlis_cued_motion"": ""krauzlis_B20"", ""spatial_binding"": ""spatial_binding_D4"", ""image_recognition"": ""image_recognition_N12_H3""}","{""orientation_cued"": {}, ""motion_duration_cued"": {}, ""krauzlis_cued_motion"": {}, ""spatial_binding"": {}, ""image_recognition"": {}}"
395,15800,331600,0.8231282472610474,0.475,0.4302886426448822,0,2.3663675785064697,"{""orientation_cued"": 0.6932514309883118, ""motion_duration_cued"": 1.3910530805587769, ""krauzlis_cued_motion"": 0.640232264995575, ""spatial_binding"": 0.6927788853645325, ""image_recognition"": 0.6983255743980408}","{""orientation_cued"": 0.5, ""motion_duration_cued"": 0.125, ""krauzlis_cued_motion"": 0.75, ""spatial_binding"": 0.5, ""image_recognition"": 0.5}","{""orientation_cued"": ""orientation_cued_D24"", ""motion_duration_cued"": ""motion_duration_cued_D12"", ""krauzlis_cued_motion"": ""krauzlis_B28"", ""spatial_binding"": ""spatial_binding_D0"", ""image_recognition"": ""image_recognition_N12_H4""}","{""orientation_cued"": {}, ""motion_duration_cued"": {}, ""krauzlis_cued_motion"": {}, ""spatial_binding"": {}, ""image_recognition"": {}}"
396,15840,332640,0.8330430388450623,0.475,0.3307892978191376,0,2.5232911109924316,"{""orientation_cued"": 0.6934629082679749, ""motion_duration_cued"": 1.3850207328796387, ""krauzlis_cued_motion"": 0.7009671330451965, ""spatial_binding"": 0.6934472918510437, ""image_recognition"": 0.6923171281814575}","{""orientation_cued"": 0.5, ""motion_duration_cued"": 0.375, ""krauzlis_cued_motion"": 0.5, ""spatial_binding"": 0.5, ""image_recognition"": 0.5}","{""orientation_cued"": ""orientation_cued_D12"", ""motion_duration_cued"": ""motion_duration_cued_D24"", ""krauzlis_cued_motion"": ""krauzlis_B12"", ""spatial_binding"": ""spatial_binding_D12"", ""image_recognition"": ""image_recognition_N24_H5""}","{""orientation_cued"": {}, ""motion_duration_cued"": {}, ""krauzlis_cued_motion"": {}, ""spatial_binding"": {}, ""image_recognition"": {}}"
397,15880,333216,0.692436458170414,0.55,0.3374454975128174,0,1.3944997787475586,"{""orientation_cued"": 0.6940097808837891, ""motion_duration_cued"": 1.3895004987716675, ""krauzlis_cued_motion"": 0.6688519716262817, ""spatial_binding"": 0.6922167539596558, ""image_recognition"": 0.017603285610675812}","{""orientation_cued"": 0.5, ""motion_duration_cued"": 0.125, ""krauzlis_cued_motion"": 0.625, ""spatial_binding"": 0.5, ""image_recognition"": 1.0}","{""orientation_cued"": ""orientation_cued_D4"", ""motion_duration_cued"": ""motion_duration_cued_D12"", ""krauzlis_cued_motion"": ""krauzlis_B12"", ""spatial_binding"": ""spatial_binding_D0"", ""image_recognition"": ""image_recognition_N0_H3""}","{""orientation_cued"": {}, ""motion_duration_cued"": {}, ""krauzlis_cued_motion"": {}, ""spatial_binding"": {}, ""image_recognition"": {}}"
398,15920,334024,0.6921690568327904,0.6,0.33198636770248413,0,1.9678411483764648,"{""orientation_cued"": 0.6941514015197754, ""motion_duration_cued"": 1.3862998485565186, ""krauzlis_cued_motion"": 0.6677372455596924, ""spatial_binding"": 0.693321704864502, ""image_recognition"": 0.019335083663463593}","{""orientation_cued"": 0.5, ""motion_duration_cued"": 0.375, ""krauzlis_cued_motion"": 0.625, ""spatial_binding"": 0.5, ""image_recognition"": 1.0}","{""orientation_cued"": ""orientation_cued_D0"", ""motion_duration_cued"": ""motion_duration_cued_D24"", ""krauzlis_cued_motion"": ""krauzlis_B20"", ""spatial_binding"": ""spatial_binding_D12"", ""image_recognition"": ""image_recognition_N0_H4""}","{""orientation_cued"": {}, ""motion_duration_cued"": {}, ""krauzlis_cued_motion"": {}, ""spatial_binding"": {}, ""image_recognition"": {}}"
399,15960,335000,0.7081833187490701,0.525,0.5332529544830322,0,2.377119302749634,"{""orientation_cued"": 0.7008241415023804, ""motion_duration_cued"": 1.3806755542755127, ""krauzlis_cued_motion"": 0.7408040761947632, ""spatial_binding"": 0.6939518451690674, ""image_recognition"": 0.024660976603627205}","{""orientation_cued"": 0.375, ""motion_duration_cued"": 0.375, ""krauzlis_cued_motion"": 0.375, ""spatial_binding"": 0.5, ""image_recognition"": 1.0}","{""orientation_cued"": ""orientation_cued_D24"", ""motion_duration_cued"": ""motion_duration_cued_D0"", ""krauzlis_cued_motion"": ""krauzlis_B28"", ""spatial_binding"": ""spatial_binding_D24"", ""image_recognition"": ""image_recognition_N0_H5""}","{""orientation_cued"": {}, ""motion_duration_cued"": {}, ""krauzlis_cued_motion"": {}, ""spatial_binding"": {}, ""image_recognition"": {}}"
400,16000,335816,0.8269150853157043,0.475,0.3521954119205475,0,1.967278242111206,"{""orientation_cued"": 0.6860401630401611, ""motion_duration_cued"": 1.3940414190292358, ""krauzlis_cued_motion"": 0.6671067476272583, ""spatial_binding"": 0.6934902667999268, ""image_recognition"": 0.6938968300819397}","{""orientation_cued"": 0.625, ""motion_duration_cued"": 0.125, ""krauzlis_cued_motion"": 0.625, ""spatial_binding"": 0.5, ""image_recognition"": 0.5}","{""orientation_cued"": ""orientation_cued_D12"", ""motion_duration_cued"": ""motion_duration_cued_D4"", ""krauzlis_cued_motion"": ""krauzlis_B12"", ""spatial_binding"": ""spatial_binding_D4"", ""image_recognition"": ""image_recognition_N24_H5""}","{""orientation_cued"": {}, ""motion_duration_cued"": {}, ""krauzlis_cued_motion"": {}, ""spatial_binding"": {}, ""image_recognition"": {}}"
401,16040,336656,0.8351235628128052,0.45,0.6670634746551514,0,2.049990653991699,"{""orientation_cued"": 0.6746520400047302, ""motion_duration_cued"": 1.398297667503357, ""krauzlis_cued_motion"": 0.7042442560195923, ""spatial_binding"": 0.6936150789260864, ""image_recognition"": 0.70480877161026}","{""orientation_cued"": 0.75, ""motion_duration_cued"": 0.0, ""krauzlis_cued_motion"": 0.5, ""spatial_binding"": 0.5, ""image_recognition"": 0.5}","{""orientation_cued"": ""orientation_cued_D0"", ""motion_duration_cued"": ""motion_duration_cued_D4"", ""krauzlis_cued_motion"": ""krauzlis_B20"", ""spatial_binding"": ""spatial_binding_D24"", ""image_recognition"": ""image_recognition_N12_H4""}","{""orientation_cued"": {}, ""motion_duration_cued"": {}, ""krauzlis_cued_motion"": {}, ""spatial_binding"": {}, ""image_recognition"": {}}"
402,16080,337656,0.8396651029586792,0.45,0.664416491985321,0,2.4423773288726807,"{""orientation_cued"": 0.6712496280670166, ""motion_duration_cued"": 1.3893661499023438, ""krauzlis_cued_motion"": 0.7417629361152649, ""spatial_binding"": 0.7045918107032776, ""image_recognition"": 0.6913549900054932}","{""orientation_cued"": 0.75, ""motion_duration_cued"": 0.125, ""krauzlis_cued_motion"": 0.375, ""spatial_binding"": 0.5, ""image_recognition"": 0.5}","{""orientation_cued"": ""orientation_cued_D4"", ""motion_duration_cued"": ""motion_duration_cued_D24"", ""krauzlis_cued_motion"": ""krauzlis_B28"", ""spatial_binding"": ""spatial_binding_D0"", ""image_recognition"": ""image_recognition_N24_H4""}","{""orientation_cued"": {}, ""motion_duration_cued"": {}, ""krauzlis_cued_motion"": {}, ""spatial_binding"": {}, ""image_recognition"": {}}"
403,16120,338424,0.8107439994812011,0.525,0.6265789866447449,0,1.857269048690796,"{""orientation_cued"": 0.6824254393577576, ""motion_duration_cued"": 1.3876131772994995, ""krauzlis_cued_motion"": 0.5952332615852356, ""spatial_binding"": 0.6928055882453918, ""image_recognition"": 0.6956425309181213}","{""orientation_cued"": 0.625, ""motion_duration_cued"": 0.125, ""krauzlis_cued_motion"": 0.875, ""spatial_binding"": 0.5, ""image_recognition"": 0.5}","{""orientation_cued"": ""orientation_cued_D12"", ""motion_duration_cued"": ""motion_duration_cued_D12"", ""krauzlis_cued_motion"": ""krauzlis_B20"", ""spatial_binding"": ""spatial_binding_D4"", ""image_recognition"": ""image_recognition_N4_H3""}","{""orientation_cued"": {}, ""motion_duration_cued"": {}, ""krauzlis_cued_motion"": {}, ""spatial_binding"": {}, ""image_recognition"": {}}"
404,16160,339384,0.8554769992828369,0.325,0.7155595421791077,0,2.3288161754608154,"{""orientation_cued"": 0.7082105875015259, ""motion_duration_cued"": 1.4030272960662842, ""krauzlis_cued_motion"": 0.778429388999939, ""spatial_binding"": 0.6931062340736389, ""image_recognition"": 0.6946114897727966}","{""orientation_cued"": 0.375, ""motion_duration_cued"": 0.0, ""krauzlis_cued_motion"": 0.25, ""spatial_binding"": 0.5, ""image_recognition"": 0.5}","{""orientation_cued"": ""orientation_cued_D24"", ""motion_duration_cued"": ""motion_duration_cued_D0"", ""krauzlis_cued_motion"": ""krauzlis_B28"", ""spatial_binding"": ""spatial_binding_D12"", ""image_recognition"": ""image_recognition_N12_H3""}","{""orientation_cued"": {}, ""motion_duration_cued"": {}, ""krauzlis_cued_motion"": {}, ""spatial_binding"": {}, ""image_recognition"": {}}"
405,16200,339880,0.8168679594993591,0.525,0.704953134059906,0,1.201080560684204,"{""orientation_cued"": 0.7042568922042847, ""motion_duration_cued"": 1.3949306011199951, ""krauzlis_cued_motion"": 0.5970422625541687, ""spatial_binding"": 0.7003504037857056, ""image_recognition"": 0.6877596378326416}","{""orientation_cued"": 0.5, ""motion_duration_cued"": 0.125, ""krauzlis_cued_motion"": 0.875, ""spatial_binding"": 0.5, ""image_recognition"": 0.625}","{""orientation_cued"": ""orientation_cued_D0"", ""motion_duration_cued"": ""motion_duration_cued_D0"", ""krauzlis_cued_motion"": ""krauzlis_B12"", ""spatial_binding"": ""spatial_binding_D0"", ""image_recognition"": ""image_recognition_N4_H5""}","{""orientation_cued"": {}, ""motion_duration_cued"": {}, ""krauzlis_cued_motion"": {}, ""spatial_binding"": {}, ""image_recognition"": {}}"
406,16240,340904,0.8197195410728455,0.525,0.38572707772254944,0,2.484039545059204,"{""orientation_cued"": 0.6961208581924438, ""motion_duration_cued"": 1.3829137086868286, ""krauzlis_cued_motion"": 0.6310454607009888, ""spatial_binding"": 0.6935602426528931, ""image_recognition"": 0.694957435131073}","{""orientation_cued"": 0.5, ""motion_duration_cued"": 0.375, ""krauzlis_cued_motion"": 0.75, ""spatial_binding"": 0.5, ""image_recognition"": 0.5}","{""orientation_cued"": ""orientation_cued_D12"", ""motion_duration_cued"": ""motion_duration_cued_D4"", ""krauzlis_cued_motion"": ""krauzlis_B20"", ""spatial_binding"": ""spatial_binding_D24"", ""image_recognition"": ""image_recognition_N24_H3""}","{""orientation_cued"": {}, ""motion_duration_cued"": {}, ""krauzlis_cued_motion"": {}, ""spatial_binding"": {}, ""image_recognition"": {}}"
407,16280,341944,0.8237022757530212,0.45,0.4741728603839874,0,2.535505533218384,"{""orientation_cued"": 0.7136993408203125, ""motion_duration_cued"": 1.3868153095245361, ""krauzlis_cued_motion"": 0.6287513375282288, ""spatial_binding"": 0.6938965320587158, ""image_recognition"": 0.695348858833313}","{""orientation_cued"": 0.375, ""motion_duration_cued"": 0.125, ""krauzlis_cued_motion"": 0.75, ""spatial_binding"": 0.5, ""image_recognition"": 0.5}","{""orientation_cued"": ""orientation_cued_D24"", ""motion_duration_cued"": ""motion_duration_cued_D24"", ""krauzlis_cued_motion"": ""krauzlis_B12"", ""spatial_binding"": ""spatial_binding_D12"", ""image_recognition"": ""image_recognition_N12_H5""}","{""orientation_cued"": {}, ""motion_duration_cued"": {}, ""krauzlis_cued_motion"": {}, ""spatial_binding"": {}, ""image_recognition"": {}}"
408,16320,342720,0.8316813468933105,0.45,0.39029067754745483,0,1.9080965518951416,"{""orientation_cued"": 0.6752960085868835, ""motion_duration_cued"": 1.3914437294006348, ""krauzlis_cued_motion"": 0.7061070203781128, ""spatial_binding"": 0.6941383481025696, ""image_recognition"": 0.691421627998352}","{""orientation_cued"": 0.625, ""motion_duration_cued"": 0.125, ""krauzlis_cued_motion"": 0.5, ""spatial_binding"": 0.5, ""image_recognition"": 0.5}","{""orientation_cued"": ""orientation_cued_D4"", ""motion_duration_cued"": ""motion_duration_cued_D12"", ""krauzlis_cued_motion"": ""krauzlis_B28"", ""spatial_binding"": ""spatial_binding_D4"", ""image_recognition"": ""image_recognition_N4_H4""}","{""orientation_cued"": {}, ""motion_duration_cued"": {}, ""krauzlis_cued_motion"": {}, ""spatial_binding"": {}, ""image_recognition"": {}}"
409,16360,343464,0.7137286704033613,0.525,0.5695511698722839,0,1.8030827045440674,"{""orientation_cued"": 0.6776021718978882, ""motion_duration_cued"": 1.3871079683303833, ""krauzlis_cued_motion"": 0.7912313938140869, ""spatial_binding"": 0.6945379972457886, ""image_recognition"": 0.01816382072865963}","{""orientation_cued"": 0.625, ""motion_duration_cued"": 0.25, ""krauzlis_cued_motion"": 0.25, ""spatial_binding"": 0.5, ""image_recognition"": 1.0}","{""orientation_cued"": ""orientation_cued_D24"", ""motion_duration_cued"": ""motion_duration_cued_D4"", ""krauzlis_cued_motion"": ""krauzlis_B20"", ""spatial_binding"": ""spatial_binding_D0"", ""image_recognition"": ""image_recognition_N0_H4""}","{""orientation_cued"": {}, ""motion_duration_cued"": {}, ""krauzlis_cued_motion"": {}, ""spatial_binding"": {}, ""image_recognition"": {}}"
410,16400,344200,0.6857944812625647,0.575,0.27209556102752686,0,1.8001511096954346,"{""orientation_cued"": 0.6629527807235718, ""motion_duration_cued"": 1.3907355070114136, ""krauzlis_cued_motion"": 0.6653504967689514, ""spatial_binding"": 0.6928784847259521, ""image_recognition"": 0.01705513708293438}","{""orientation_cued"": 0.625, ""motion_duration_cued"": 0.125, ""krauzlis_cued_motion"": 0.625, ""spatial_binding"": 0.5, ""image_recognition"": 1.0}","{""orientation_cued"": ""orientation_cued_D0"", ""motion_duration_cued"": ""motion_duration_cued_D12"", ""krauzlis_cued_motion"": ""krauzlis_B12"", ""spatial_binding"": ""spatial_binding_D24"", ""image_recognition"": ""image_recognition_N0_H3""}","{""orientation_cued"": {}, ""motion_duration_cued"": {}, ""krauzlis_cued_motion"": {}, ""spatial_binding"": {}, ""image_recognition"": {}}"
411,16440,345232,0.8236299157142639,0.5,0.3793037533760071,0,2.5033199787139893,"{""orientation_cued"": 0.7223560214042664, ""motion_duration_cued"": 1.3866286277770996, ""krauzlis_cued_motion"": 0.6237518787384033, ""spatial_binding"": 0.6932373046875, ""image_recognition"": 0.6921757459640503}","{""orientation_cued"": 0.375, ""motion_duration_cued"": 0.25, ""krauzlis_cued_motion"": 0.75, ""spatial_binding"": 0.5, ""image_recognition"": 0.625}","{""orientation_cued"": ""orientation_cued_D4"", ""motion_duration_cued"": ""motion_duration_cued_D24"", ""krauzlis_cued_motion"": ""krauzlis_B28"", ""spatial_binding"": ""spatial_binding_D4"", ""image_recognition"": ""image_recognition_N24_H4""}","{""orientation_cued"": {}, ""motion_duration_cued"": {}, ""krauzlis_cued_motion"": {}, ""spatial_binding"": {}, ""image_recognition"": {}}"
412,16480,346112,0.8219183921813965,0.525,0.169465571641922,0,2.1226720809936523,"{""orientation_cued"": 0.6749781966209412, ""motion_duration_cued"": 1.385596752166748, ""krauzlis_cued_motion"": 0.6651601195335388, ""spatial_binding"": 0.6931451559066772, ""image_recognition"": 0.6907117366790771}","{""orientation_cued"": 0.625, ""motion_duration_cued"": 0.375, ""krauzlis_cued_motion"": 0.625, ""spatial_binding"": 0.5, ""image_recognition"": 0.5}","{""orientation_cued"": ""orientation_cued_D12"", ""motion_duration_cued"": ""motion_duration_cued_D0"", ""krauzlis_cued_motion"": ""krauzlis_B28"", ""spatial_binding"": ""spatial_binding_D12"", ""image_recognition"": ""image_recognition_N12_H5""}","{""orientation_cued"": {}, ""motion_duration_cued"": {}, ""krauzlis_cued_motion"": {}, ""spatial_binding"": {}, ""image_recognition"": {}}"
413,16520,346768,0.7105062514543533,0.5,0.4821455478668213,0,1.604846477508545,"{""orientation_cued"": 0.6974486708641052, ""motion_duration_cued"": 1.3884601593017578, ""krauzlis_cued_motion"": 0.7508167028427124, ""spatial_binding"": 0.6932558417320251, ""image_recognition"": 0.022549882531166077}","{""orientation_cued"": 0.5, ""motion_duration_cued"": 0.125, ""krauzlis_cued_motion"": 0.375, ""spatial_binding"": 0.5, ""image_recognition"": 1.0}","{""orientation_cued"": ""orientation_cued_D4"", ""motion_duration_cued"": ""motion_duration_cued_D0"", ""krauzlis_cued_motion"": ""krauzlis_B20"", ""spatial_binding"": ""spatial_binding_D12"", ""image_recognition"": ""image_recognition_N0_H5""}","{""orientation_cued"": {}, ""motion_duration_cued"": {}, ""krauzlis_cued_motion"": {}, ""spatial_binding"": {}, ""image_recognition"": {}}"
414,16560,347552,0.8463763236999512,0.4,0.47330015897750854,0,1.8893840312957764,"{""orientation_cued"": 0.7083844542503357, ""motion_duration_cued"": 1.3879613876342773, ""krauzlis_cued_motion"": 0.7496271729469299, ""spatial_binding"": 0.6929295063018799, ""image_recognition"": 0.692979097366333}","{""orientation_cued"": 0.5, ""motion_duration_cued"": 0.125, ""krauzlis_cued_motion"": 0.375, ""spatial_binding"": 0.5, ""image_recognition"": 0.5}","{""orientation_cued"": ""orientation_cued_D0"", ""motion_duration_cued"": ""motion_duration_cued_D12"", ""krauzlis_cued_motion"": ""krauzlis_B12"", ""spatial_binding"": ""spatial_binding_D24"", ""image_recognition"": ""image_recognition_N4_H5""}","{""orientation_cued"": {}, ""motion_duration_cued"": {}, ""krauzlis_cued_motion"": {}, ""spatial_binding"": {}, ""image_recognition"": {}}"
415,16600,348328,0.8155136704444885,0.55,0.356216698884964,0,1.896371603012085,"{""orientation_cued"": 0.6758716702461243, ""motion_duration_cued"": 1.3851665258407593, ""krauzlis_cued_motion"": 0.6247508525848389, ""spatial_binding"": 0.6925451159477234, ""image_recognition"": 0.6992341876029968}","{""orientation_cued"": 0.625, ""motion_duration_cued"": 0.375, ""krauzlis_cued_motion"": 0.75, ""spatial_binding"": 0.5, ""image_recognition"": 0.5}","{""orientation_cued"": ""orientation_cued_D12"", ""motion_duration_cued"": ""motion_duration_cued_D4"", ""krauzlis_cued_motion"": ""krauzlis_B20"", ""spatial_binding"": ""spatial_binding_D4"", ""image_recognition"": ""image_recognition_N12_H4""}","{""orientation_cued"": {}, ""motion_duration_cued"": {}, ""krauzlis_cued_motion"": {}, ""spatial_binding"": {}, ""image_recognition"": {}}"
416,16640,349328,0.8236412405967712,0.4,0.4229109287261963,0,2.4343292713165283,"{""orientation_cued"": 0.7126960158348083, ""motion_duration_cued"": 1.3842942714691162, ""krauzlis_cued_motion"": 0.6251803636550903, ""spatial_binding"": 0.6921656131744385, ""image_recognition"": 0.7038699388504028}","{""orientation_cued"": 0.375, ""motion_duration_cued"": 0.375, ""krauzlis_cued_motion"": 0.75, ""spatial_binding"": 0.375, ""image_recognition"": 0.125}","{""orientation_cued"": ""orientation_cued_D24"", ""motion_duration_cued"": ""motion_duration_cued_D24"", ""krauzlis_cued_motion"": ""krauzlis_B28"", ""spatial_binding"": ""spatial_binding_D0"", ""image_recognition"": ""image_recognition_N4_H4""}","{""orientation_cued"": {}, ""motion_duration_cued"": {}, ""krauzlis_cued_motion"": {}, ""spatial_binding"": {}, ""image_recognition"": {}}"
417,16680,349968,0.8189189076423645,0.5,0.5140854120254517,0,1.5496230125427246,"{""orientation_cued"": 0.6557935476303101, ""motion_duration_cued"": 1.3887373208999634, ""krauzlis_cued_motion"": 0.6656095385551453, ""spatial_binding"": 0.6926779747009277, ""image_recognition"": 0.6917761564254761}","{""orientation_cued"": 0.75, ""motion_duration_cued"": 0.125, ""krauzlis_cued_motion"": 0.625, ""spatial_binding"": 0.5, ""image_recognition"": 0.5}","{""orientation_cued"": ""orientation_cued_D12"", ""motion_duration_cued"": ""motion_duration_cued_D0"", ""krauzlis_cued_motion"": ""krauzlis_B12"", ""spatial_binding"": ""spatial_binding_D0"", ""image_recognition"": ""image_recognition_N12_H3""}","{""orientation_cued"": {}, ""motion_duration_cued"": {}, ""krauzlis_cued_motion"": {}, ""spatial_binding"": {}, ""image_recognition"": {}}"
418,16720,351056,0.8535948991775513,0.35,0.7275487780570984,0,2.63602352142334,"{""orientation_cued"": 0.7427067756652832, ""motion_duration_cued"": 1.3931118249893188, ""krauzlis_cued_motion"": 0.7493335008621216, ""spatial_binding"": 0.693092942237854, ""image_recognition"": 0.6897294521331787}","{""orientation_cued"": 0.25, ""motion_duration_cued"": 0.125, ""krauzlis_cued_motion"": 0.375, ""spatial_binding"": 0.5, ""image_recognition"": 0.5}","{""orientation_cued"": ""orientation_cued_D4"", ""motion_duration_cued"": ""motion_duration_cued_D12"", ""krauzlis_cued_motion"": ""krauzlis_B28"", ""spatial_binding"": ""spatial_binding_D24"", ""image_recognition"": ""image_recognition_N24_H3""}","{""orientation_cued"": {}, ""motion_duration_cued"": {}, ""krauzlis_cued_motion"": {}, ""spatial_binding"": {}, ""image_recognition"": {}}"
419,16760,351968,0.8180999279022216,0.5,0.2633979916572571,0,2.2255568504333496,"{""orientation_cued"": 0.6951687335968018, ""motion_duration_cued"": 1.3866719007492065, ""krauzlis_cued_motion"": 0.6244181394577026, ""spatial_binding"": 0.6932395696640015, ""image_recognition"": 0.691001296043396}","{""orientation_cued"": 0.5, ""motion_duration_cued"": 0.25, ""krauzlis_cued_motion"": 0.75, ""spatial_binding"": 0.5, ""image_recognition"": 0.5}","{""orientation_cued"": ""orientation_cued_D24"", ""motion_duration_cued"": ""motion_duration_cued_D4"", ""krauzlis_cued_motion"": ""krauzlis_B12"", ""spatial_binding"": ""spatial_binding_D4"", ""image_recognition"": ""image_recognition_N24_H5""}","{""orientation_cued"": {}, ""motion_duration_cued"": {}, ""krauzlis_cued_motion"": {}, ""spatial_binding"": {}, ""image_recognition"": {}}"
420,16800,352800,0.8385134696960449,0.45,0.26616713404655457,0,2.004739761352539,"{""orientation_cued"": 0.7110841274261475, ""motion_duration_cued"": 1.3862355947494507, ""krauzlis_cued_motion"": 0.7070735692977905, ""spatial_binding"": 0.6925945281982422, ""image_recognition"": 0.6955795288085938}","{""orientation_cued"": 0.5, ""motion_duration_cued"": 0.25, ""krauzlis_cued_motion"": 0.5, ""spatial_binding"": 0.5, ""image_recognition"": 0.5}","{""orientation_cued"": ""orientation_cued_D0"", ""motion_duration_cued"": ""motion_duration_cued_D24"", ""krauzlis_cued_motion"": ""krauzlis_B20"", ""spatial_binding"": ""spatial_binding_D12"", ""image_recognition"": ""image_recognition_N4_H3""}","{""orientation_cued"": {}, ""motion_duration_cued"": {}, ""krauzlis_cued_motion"": {}, ""spatial_binding"": {}, ""image_recognition"": {}}"
421,16840,353456,0.691651190444827,0.575,0.2993825078010559,0,1.603891372680664,"{""orientation_cued"": 0.6946729421615601, ""motion_duration_cued"": 1.3833385705947876, ""krauzlis_cued_motion"": 0.6652853488922119, ""spatial_binding"": 0.6933049559593201, ""image_recognition"": 0.02165413461625576}","{""orientation_cued"": 0.5, ""motion_duration_cued"": 0.25, ""krauzlis_cued_motion"": 0.625, ""spatial_binding"": 0.5, ""image_recognition"": 1.0}","{""orientation_cued"": ""orientation_cued_D4"", ""motion_duration_cued"": ""motion_duration_cued_D0"", ""krauzlis_cued_motion"": ""krauzlis_B20"", ""spatial_binding"": ""spatial_binding_D12"", ""image_recognition"": ""image_recognition_N0_H5""}","{""orientation_cued"": {}, ""motion_duration_cued"": {}, ""krauzlis_cued_motion"": {}, ""spatial_binding"": {}, ""image_recognition"": {}}"
422,16880,354328,0.834517240524292,0.425,0.31107839941978455,0,2.1082887649536133,"{""orientation_cued"": 0.6934984922409058, ""motion_duration_cued"": 1.3904352188110352, ""krauzlis_cued_motion"": 0.7073290348052979, ""spatial_binding"": 0.6929721832275391, ""image_recognition"": 0.6883512735366821}","{""orientation_cued"": 0.5, ""motion_duration_cued"": 0.25, ""krauzlis_cued_motion"": 0.5, ""spatial_binding"": 0.375, ""image_recognition"": 0.5}","{""orientation_cued"": ""orientation_cued_D24"", ""motion_duration_cued"": ""motion_duration_cued_D4"", ""krauzlis_cued_motion"": ""krauzlis_B28"", ""spatial_binding"": ""spatial_binding_D4"", ""image_recognition"": ""image_recognition_N4_H4""}","{""orientation_cued"": {}, ""motion_duration_cued"": {}, ""krauzlis_cued_motion"": {}, ""spatial_binding"": {}, ""image_recognition"": {}}"
423,16920,355208,0.8365955233573914,0.475,0.3445948660373688,0,2.14111328125,"{""orientation_cued"": 0.7067592144012451, ""motion_duration_cued"": 1.385741114616394, ""krauzlis_cued_motion"": 0.7066116333007812, ""spatial_binding"": 0.6941337585449219, ""image_recognition"": 0.6897318959236145}","{""orientation_cued"": 0.5, ""motion_duration_cued"": 0.25, ""krauzlis_cued_motion"": 0.5, ""spatial_binding"": 0.5, ""image_recognition"": 0.625}","{""orientation_cued"": ""orientation_cued_D0"", ""motion_duration_cued"": ""motion_duration_cued_D24"", ""krauzlis_cued_motion"": ""krauzlis_B12"", ""spatial_binding"": ""spatial_binding_D24"", ""image_recognition"": ""image_recognition_N4_H5""}","{""orientation_cued"": {}, ""motion_duration_cued"": {}, ""krauzlis_cued_motion"": {}, ""spatial_binding"": {}, ""image_recognition"": {}}"
424,16960,356056,0.8346802353858948,0.425,0.28134673833847046,0,2.0723867416381836,"{""orientation_cued"": 0.6942678093910217, ""motion_duration_cued"": 1.3900247812271118, ""krauzlis_cued_motion"": 0.7060498595237732, ""spatial_binding"": 0.6906552314758301, ""image_recognition"": 0.6924034953117371}","{""orientation_cued"": 0.5, ""motion_duration_cued"": 0.125, ""krauzlis_cued_motion"": 0.5, ""spatial_binding"": 0.5, ""image_recognition"": 0.5}","{""orientation_cued"": ""orientation_cued_D12"", ""motion_duration_cued"": ""motion_duration_cued_D12"", ""krauzlis_cued_motion"": ""krauzlis_B12"", ""spatial_binding"": ""spatial_binding_D0"", ""image_recognition"": ""image_recognition_N24_H5""}","{""orientation_cued"": {}, ""motion_duration_cued"": {}, ""krauzlis_cued_motion"": {}, ""spatial_binding"": {}, ""image_recognition"": {}}"
425,17000,356808,0.8331517457962037,0.475,0.4004986584186554,0,1.8203160762786865,"{""orientation_cued"": 0.6937996745109558, ""motion_duration_cued"": 1.3778276443481445, ""krauzlis_cued_motion"": 0.7056101560592651, ""spatial_binding"": 0.693720281124115, ""image_recognition"": 0.6948009729385376}","{""orientation_cued"": 0.5, ""motion_duration_cued"": 0.5, ""krauzlis_cued_motion"": 0.5, ""spatial_binding"": 0.5, ""image_recognition"": 0.375}","{""orientation_cued"": ""orientation_cued_D4"", ""motion_duration_cued"": ""motion_duration_cued_D0"", ""krauzlis_cued_motion"": ""krauzlis_B20"", ""spatial_binding"": ""spatial_binding_D12"", ""image_recognition"": ""image_recognition_N12_H5""}","{""orientation_cued"": {}, ""motion_duration_cued"": {}, ""krauzlis_cued_motion"": {}, ""spatial_binding"": {}, ""image_recognition"": {}}"
426,17040,357896,0.8362158536911011,0.45,0.40255680680274963,0,2.6366817951202393,"{""orientation_cued"": 0.6931264996528625, ""motion_duration_cued"": 1.4018957614898682, ""krauzlis_cued_motion"": 0.7043952941894531, ""spatial_binding"": 0.693139374256134, ""image_recognition"": 0.6885223388671875}","{""orientation_cued"": 0.5, ""motion_duration_cued"": 0.0, ""krauzlis_cued_motion"": 0.5, ""spatial_binding"": 0.5, ""image_recognition"": 0.75}","{""orientation_cued"": ""orientation_cued_D24"", ""motion_duration_cued"": ""motion_duration_cued_D4"", ""krauzlis_cued_motion"": ""krauzlis_B28"", ""spatial_binding"": ""spatial_binding_D24"", ""image_recognition"": ""image_recognition_N12_H3""}","{""orientation_cued"": {}, ""motion_duration_cued"": {}, ""krauzlis_cued_motion"": {}, ""spatial_binding"": {}, ""image_recognition"": {}}"
427,17080,358640,0.8151873469352722,0.525,0.531524121761322,0,1.8112194538116455,"{""orientation_cued"": 0.702254056930542, ""motion_duration_cued"": 1.3818351030349731, ""krauzlis_cued_motion"": 0.5964910984039307, ""spatial_binding"": 0.695340633392334, ""image_recognition"": 0.7000158429145813}","{""orientation_cued"": 0.5, ""motion_duration_cued"": 0.375, ""krauzlis_cued_motion"": 0.875, ""spatial_binding"": 0.5, ""image_recognition"": 0.375}","{""orientation_cued"": ""orientation_cued_D0"", ""motion_duration_cued"": ""motion_duration_cued_D12"", ""krauzlis_cued_motion"": ""krauzlis_B12"", ""spatial_binding"": ""spatial_binding_D0"", ""image_recognition"": ""image_recognition_N24_H4""}","{""orientation_cued"": {}, ""motion_duration_cued"": {}, ""krauzlis_cued_motion"": {}, ""spatial_binding"": {}, ""image_recognition"": {}}"
428,17120,359568,0.832791554927826,0.475,0.2631855010986328,0,2.239901542663574,"{""orientation_cued"": 0.6936789155006409, ""motion_duration_cued"": 1.3896780014038086, ""krauzlis_cued_motion"": 0.7034870386123657, ""spatial_binding"": 0.6925114989280701, ""image_recognition"": 0.6846023201942444}","{""orientation_cued"": 0.5, ""motion_duration_cued"": 0.125, ""krauzlis_cued_motion"": 0.5, ""spatial_binding"": 0.5, ""image_recognition"": 0.75}","{""orientation_cued"": ""orientation_cued_D12"", ""motion_duration_cued"": ""motion_duration_cued_D24"", ""krauzlis_cued_motion"": ""krauzlis_B28"", ""spatial_binding"": ""spatial_binding_D4"", ""image_recognition"": ""image_recognition_N4_H3""}","{""orientation_cued"": {}, ""motion_duration_cued"": {}, ""krauzlis_cued_motion"": {}, ""spatial_binding"": {}, ""image_recognition"": {}}"
429,17160,360208,0.6872169427573681,0.6,0.4552542567253113,0,1.5706079006195068,"{""orientation_cued"": 0.635231077671051, ""motion_duration_cued"": 1.386677622795105, ""krauzlis_cued_motion"": 0.7035447359085083, ""spatial_binding"": 0.6935278177261353, ""image_recognition"": 0.01710345968604088}","{""orientation_cued"": 0.75, ""motion_duration_cued"": 0.25, ""krauzlis_cued_motion"": 0.5, ""spatial_binding"": 0.5, ""image_recognition"": 1.0}","{""orientation_cued"": ""orientation_cued_D0"", ""motion_duration_cued"": ""motion_duration_cued_D12"", ""krauzlis_cued_motion"": ""krauzlis_B20"", ""spatial_binding"": ""spatial_binding_D4"", ""image_recognition"": ""image_recognition_N0_H3""}","{""orientation_cued"": {}, ""motion_duration_cued"": {}, ""krauzlis_cued_motion"": {}, ""spatial_binding"": {}, ""image_recognition"": {}}"
430,17200,360976,0.8262535572052002,0.575,0.4372105598449707,0,1.8299429416656494,"{""orientation_cued"": 0.690216064453125, ""motion_duration_cued"": 1.3863379955291748, ""krauzlis_cued_motion"": 0.6680933237075806, ""spatial_binding"": 0.6935162544250488, ""image_recognition"": 0.6931041479110718}","{""orientation_cued"": 0.75, ""motion_duration_cued"": 0.25, ""krauzlis_cued_motion"": 0.625, ""spatial_binding"": 0.5, ""image_recognition"": 0.75}","{""orientation_cued"": ""orientation_cued_D12"", ""motion_duration_cued"": ""motion_duration_cued_D4"", ""krauzlis_cued_motion"": ""krauzlis_B12"", ""spatial_binding"": ""spatial_binding_D0"", ""image_recognition"": ""image_recognition_N24_H3""}","{""orientation_cued"": {}, ""motion_duration_cued"": {}, ""krauzlis_cued_motion"": {}, ""spatial_binding"": {}, ""image_recognition"": {}}"
431,17240,361976,0.8196533560752869,0.525,0.40932124853134155,0,2.4225940704345703,"{""orientation_cued"": 0.6909757256507874, ""motion_duration_cued"": 1.3852221965789795, ""krauzlis_cued_motion"": 0.6333123445510864, ""spatial_binding"": 0.6922922730445862, ""image_recognition"": 0.6964642405509949}","{""orientation_cued"": 0.625, ""motion_duration_cued"": 0.25, ""krauzlis_cued_motion"": 0.75, ""spatial_binding"": 0.5, ""image_recognition"": 0.5}","{""orientation_cued"": ""orientation_cued_D24"", ""motion_duration_cued"": ""motion_duration_cued_D0"", ""krauzlis_cued_motion"": ""krauzlis_B20"", ""spatial_binding"": ""spatial_binding_D24"", ""image_recognition"": ""image_recognition_N12_H4""}","{""orientation_cued"": {}, ""motion_duration_cued"": {}, ""krauzlis_cued_motion"": {}, ""spatial_binding"": {}, ""image_recognition"": {}}"
432,17280,362880,0.6979066088795662,0.575,0.322838693857193,0,2.143123149871826,"{""orientation_cued"": 0.6894797086715698, ""motion_duration_cued"": 1.387055516242981, ""krauzlis_cued_motion"": 0.703336775302887, ""spatial_binding"": 0.6935349702835083, ""image_recognition"": 0.016126073896884918}","{""orientation_cued"": 0.625, ""motion_duration_cued"": 0.25, ""krauzlis_cued_motion"": 0.5, ""spatial_binding"": 0.5, ""image_recognition"": 1.0}","{""orientation_cued"": ""orientation_cued_D4"", ""motion_duration_cued"": ""motion_duration_cued_D24"", ""krauzlis_cued_motion"": ""krauzlis_B28"", ""spatial_binding"": ""spatial_binding_D12"", ""image_recognition"": ""image_recognition_N0_H4""}","{""orientation_cued"": {}, ""motion_duration_cued"": {}, ""krauzlis_cued_motion"": {}, ""spatial_binding"": {}, ""image_recognition"": {}}"
433,17320,364000,0.8207115650177002,0.475,0.44057634472846985,0,2.645186424255371,"{""orientation_cued"": 0.6954374313354492, ""motion_duration_cued"": 1.3853342533111572, ""krauzlis_cued_motion"": 0.6313137412071228, ""spatial_binding"": 0.693897008895874, ""image_recognition"": 0.6975753903388977}","{""orientation_cued"": 0.375, ""motion_duration_cued"": 0.25, ""krauzlis_cued_motion"": 0.75, ""spatial_binding"": 0.5, ""image_recognition"": 0.5}","{""orientation_cued"": ""orientation_cued_D24"", ""motion_duration_cued"": ""motion_duration_cued_D24"", ""krauzlis_cued_motion"": ""krauzlis_B12"", ""spatial_binding"": ""spatial_binding_D12"", ""image_recognition"": ""image_recognition_N24_H3""}","{""orientation_cued"": {}, ""motion_duration_cued"": {}, ""krauzlis_cued_motion"": {}, ""spatial_binding"": {}, ""image_recognition"": {}}"
434,17360,364736,0.8363761067390442,0.4,0.40079954266548157,0,1.7276995182037354,"{""orientation_cued"": 0.6659444570541382, ""motion_duration_cued"": 1.388062596321106, ""krauzlis_cued_motion"": 0.7424860000610352, ""spatial_binding"": 0.6937315464019775, ""image_recognition"": 0.6916559338569641}","{""orientation_cued"": 0.625, ""motion_duration_cued"": 0.125, ""krauzlis_cued_motion"": 0.375, ""spatial_binding"": 0.5, ""image_recognition"": 0.375}","{""orientation_cued"": ""orientation_cued_D0"", ""motion_duration_cued"": ""motion_duration_cued_D12"", ""krauzlis_cued_motion"": ""krauzlis_B20"", ""spatial_binding"": ""spatial_binding_D4"", ""image_recognition"": ""image_recognition_N12_H3""}","{""orientation_cued"": {}, ""motion_duration_cued"": {}, ""krauzlis_cued_motion"": {}, ""spatial_binding"": {}, ""image_recognition"": {}}"
435,17400,365392,0.8291663289070129,0.475,0.34341952204704285,0,1.5681214332580566,"{""orientation_cued"": 0.7040970325469971, ""motion_duration_cued"": 1.3852688074111938, ""krauzlis_cued_motion"": 0.6662884950637817, ""spatial_binding"": 0.6912187337875366, ""image_recognition"": 0.6989585757255554}","{""orientation_cued"": 0.375, ""motion_duration_cued"": 0.25, ""krauzlis_cued_motion"": 0.625, ""spatial_binding"": 0.625, ""image_recognition"": 0.5}","{""orientation_cued"": ""orientation_cued_D4"", ""motion_duration_cued"": ""motion_duration_cued_D0"", ""krauzlis_cued_motion"": ""krauzlis_B28"", ""spatial_binding"": ""spatial_binding_D0"", ""image_recognition"": ""image_recognition_N4_H5""}","{""orientation_cued"": {}, ""motion_duration_cued"": {}, ""krauzlis_cued_motion"": {}, ""spatial_binding"": {}, ""image_recognition"": {}}"
436,17440,366264,0.8312659978866577,0.525,0.3099822700023651,0,2.0949480533599854,"{""orientation_cued"": 0.6845512986183167, ""motion_duration_cued"": 1.3880622386932373, ""krauzlis_cued_motion"": 0.7050793170928955, ""spatial_binding"": 0.6924711465835571, ""image_recognition"": 0.686165988445282}","{""orientation_cued"": 0.625, ""motion_duration_cued"": 0.25, ""krauzlis_cued_motion"": 0.5, ""spatial_binding"": 0.625, ""image_recognition"": 0.625}","{""orientation_cued"": ""orientation_cued_D12"", ""motion_duration_cued"": ""motion_duration_cued_D4"", ""krauzlis_cued_motion"": ""krauzlis_B12"", ""spatial_binding"": ""spatial_binding_D24"", ""image_recognition"": ""image_recognition_N12_H4""}","{""orientation_cued"": {}, ""motion_duration_cued"": {}, ""krauzlis_cued_motion"": {}, ""spatial_binding"": {}, ""image_recognition"": {}}"
437,17480,367000,0.6985411604866385,0.575,0.258320689201355,0,1.7911896705627441,"{""orientation_cued"": 0.6943547129631042, ""motion_duration_cued"": 1.3844281435012817, ""krauzlis_cued_motion"": 0.7050303220748901, ""spatial_binding"": 0.6936590671539307, ""image_recognition"": 0.015233556739985943}","{""orientation_cued"": 0.5, ""motion_duration_cued"": 0.375, ""krauzlis_cued_motion"": 0.5, ""spatial_binding"": 0.5, ""image_recognition"": 1.0}","{""orientation_cued"": ""orientation_cued_D4"", ""motion_duration_cued"": ""motion_duration_cued_D4"", ""krauzlis_cued_motion"": ""krauzlis_B28"", ""spatial_binding"": ""spatial_binding_D12"", ""image_recognition"": ""image_recognition_N0_H3""}","{""orientation_cued"": {}, ""motion_duration_cued"": {}, ""krauzlis_cued_motion"": {}, ""spatial_binding"": {}, ""image_recognition"": {}}"
438,17520,368104,0.8401096224784851,0.5,0.3583313524723053,0,2.7443618774414062,"{""orientation_cued"": 0.6937588453292847, ""motion_duration_cued"": 1.3851913213729858, ""krauzlis_cued_motion"": 0.7424076795578003, ""spatial_binding"": 0.6919999122619629, ""image_recognition"": 0.6871903538703918}","{""orientation_cued"": 0.5, ""motion_duration_cued"": 0.25, ""krauzlis_cued_motion"": 0.375, ""spatial_binding"": 0.625, ""image_recognition"": 0.75}","{""orientation_cued"": ""orientation_cued_D24"", ""motion_duration_cued"": ""motion_duration_cued_D24"", ""krauzlis_cued_motion"": ""krauzlis_B20"", ""spatial_binding"": ""spatial_binding_D0"", ""image_recognition"": ""image_recognition_N24_H5""}","{""orientation_cued"": {}, ""motion_duration_cued"": {}, ""krauzlis_cued_motion"": {}, ""spatial_binding"": {}, ""image_recognition"": {}}"
439,17560,368912,0.8358983635902405,0.45,0.40181079506874084,0,1.9694411754608154,"{""orientation_cued"": 0.6653572916984558, ""motion_duration_cued"": 1.3906784057617188, ""krauzlis_cued_motion"": 0.7401133179664612, ""spatial_binding"": 0.6926230192184448, ""image_recognition"": 0.6907197833061218}","{""orientation_cued"": 0.625, ""motion_duration_cued"": 0.125, ""krauzlis_cued_motion"": 0.375, ""spatial_binding"": 0.5, ""image_recognition"": 0.625}","{""orientation_cued"": ""orientation_cued_D0"", ""motion_duration_cued"": ""motion_duration_cued_D0"", ""krauzlis_cued_motion"": ""krauzlis_B28"", ""spatial_binding"": ""spatial_binding_D24"", ""image_recognition"": ""image_recognition_N4_H4""}","{""orientation_cued"": {}, ""motion_duration_cued"": {}, ""krauzlis_cued_motion"": {}, ""spatial_binding"": {}, ""image_recognition"": {}}"
440,17600,369592,0.6896395429968833,0.575,0.2789846956729889,0,1.6951580047607422,"{""orientation_cued"": 0.6812747716903687, ""motion_duration_cued"": 1.3902851343154907, ""krauzlis_cued_motion"": 0.6688641309738159, ""spatial_binding"": 0.6928655505180359, ""image_recognition"": 0.01490812748670578}","{""orientation_cued"": 0.625, ""motion_duration_cued"": 0.125, ""krauzlis_cued_motion"": 0.625, ""spatial_binding"": 0.5, ""image_recognition"": 1.0}","{""orientation_cued"": ""orientation_cued_D12"", ""motion_duration_cued"": ""motion_duration_cued_D12"", ""krauzlis_cued_motion"": ""krauzlis_B12"", ""spatial_binding"": ""spatial_binding_D4"", ""image_recognition"": ""image_recognition_N0_H4""}","{""orientation_cued"": {}, ""motion_duration_cued"": {}, ""krauzlis_cued_motion"": {}, ""spatial_binding"": {}, ""image_recognition"": {}}"
441,17640,370368,0.8193668961524964,0.575,0.4091530740261078,0,1.8595781326293945,"{""orientation_cued"": 0.6940687298774719, ""motion_duration_cued"": 1.3842817544937134, ""krauzlis_cued_motion"": 0.6375802755355835, ""spatial_binding"": 0.693448543548584, ""image_recognition"": 0.6874551773071289}","{""orientation_cued"": 0.5, ""motion_duration_cued"": 0.375, ""krauzlis_cued_motion"": 0.75, ""spatial_binding"": 0.625, ""image_recognition"": 0.625}","{""orientation_cued"": ""orientation_cued_D4"", ""motion_duration_cued"": ""motion_duration_cued_D0"", ""krauzlis_cued_motion"": ""krauzlis_B20"", ""spatial_binding"": ""spatial_binding_D4"", ""image_recognition"": ""image_recognition_N24_H4""}","{""orientation_cued"": {}, ""motion_duration_cued"": {}, ""krauzlis_cued_motion"": {}, ""spatial_binding"": {}, ""image_recognition"": {}}"
442,17680,371280,0.8374251365661621,0.4,0.3819480538368225,0,2.149435520172119,"{""orientation_cued"": 0.7135747075080872, ""motion_duration_cued"": 1.388749599456787, ""krauzlis_cued_motion"": 0.7012323141098022, ""spatial_binding"": 0.6934686899185181, ""image_recognition"": 0.690100371837616}","{""orientation_cued"": 0.5, ""motion_duration_cued"": 0.125, ""krauzlis_cued_motion"": 0.5, ""spatial_binding"": 0.375, ""image_recognition"": 0.5}","{""orientation_cued"": ""orientation_cued_D0"", ""motion_duration_cued"": ""motion_duration_cued_D4"", ""krauzlis_cued_motion"": ""krauzlis_B28"", ""spatial_binding"": ""spatial_binding_D24"", ""image_recognition"": ""image_recognition_N12_H5""}","{""orientation_cued"": {}, ""motion_duration_cued"": {}, ""krauzlis_cued_motion"": {}, ""spatial_binding"": {}, ""image_recognition"": {}}"
443,17720,372192,0.697723637893796,0.55,0.1438114494085312,0,2.172653913497925,"{""orientation_cued"": 0.6951041221618652, ""motion_duration_cued"": 1.3859611749649048, ""krauzlis_cued_motion"": 0.7004498243331909, ""spatial_binding"": 0.6928585171699524, ""image_recognition"": 0.014244550839066505}","{""orientation_cued"": 0.5, ""motion_duration_cued"": 0.25, ""krauzlis_cued_motion"": 0.5, ""spatial_binding"": 0.5, ""image_recognition"": 1.0}","{""orientation_cued"": ""orientation_cued_D12"", ""motion_duration_cued"": ""motion_duration_cued_D24"", ""krauzlis_cued_motion"": ""krauzlis_B20"", ""spatial_binding"": ""spatial_binding_D12"", ""image_recognition"": ""image_recognition_N0_H5""}","{""orientation_cued"": {}, ""motion_duration_cued"": {}, ""krauzlis_cued_motion"": {}, ""spatial_binding"": {}, ""image_recognition"": {}}"
444,17760,372960,0.8174878835678101,0.525,0.5095037817955017,0,1.8235890865325928,"{""orientation_cued"": 0.6939380764961243, ""motion_duration_cued"": 1.3868178129196167, ""krauzlis_cued_motion"": 0.6129031777381897, ""spatial_binding"": 0.6977579593658447, ""image_recognition"": 0.6960223913192749}","{""orientation_cued"": 0.5, ""motion_duration_cued"": 0.25, ""krauzlis_cued_motion"": 0.875, ""spatial_binding"": 0.5, ""image_recognition"": 0.5}","{""orientation_cued"": ""orientation_cued_D24"", ""motion_duration_cued"": ""motion_duration_cued_D12"", ""krauzlis_cued_motion"": ""krauzlis_B12"", ""spatial_binding"": ""spatial_binding_D0"", ""image_recognition"": ""image_recognition_N4_H3""}","{""orientation_cued"": {}, ""motion_duration_cued"": {}, ""krauzlis_cued_motion"": {}, ""spatial_binding"": {}, ""image_recognition"": {}}"
445,17800,373512,0.7096196550875902,0.55,0.6474965214729309,0,1.3035492897033691,"{""orientation_cued"": 0.7538831233978271, ""motion_duration_cued"": 1.3858166933059692, ""krauzlis_cued_motion"": 0.7004615068435669, ""spatial_binding"": 0.6929337382316589, ""image_recognition"": 0.015003213658928871}","{""orientation_cued"": 0.375, ""motion_duration_cued"": 0.375, ""krauzlis_cued_motion"": 0.5, ""spatial_binding"": 0.5, ""image_recognition"": 1.0}","{""orientation_cued"": ""orientation_cued_D0"", ""motion_duration_cued"": ""motion_duration_cued_D4"", ""krauzlis_cued_motion"": ""krauzlis_B20"", ""spatial_binding"": ""spatial_binding_D0"", ""image_recognition"": ""image_recognition_N0_H4""}","{""orientation_cued"": {}, ""motion_duration_cued"": {}, ""krauzlis_cued_motion"": {}, ""spatial_binding"": {}, ""image_recognition"": {}}"
446,17840,374248,0.8366443276405334,0.45,0.41340768337249756,0,1.7328405380249023,"{""orientation_cued"": 0.7127122282981873, ""motion_duration_cued"": 1.3806294202804565, ""krauzlis_cued_motion"": 0.7004783749580383, ""spatial_binding"": 0.6933896541595459, ""image_recognition"": 0.6960119605064392}","{""orientation_cued"": 0.375, ""motion_duration_cued"": 0.375, ""krauzlis_cued_motion"": 0.5, ""spatial_binding"": 0.5, ""image_recognition"": 0.5}","{""orientation_cued"": ""orientation_cued_D4"", ""motion_duration_cued"": ""motion_duration_cued_D24"", ""krauzlis_cued_motion"": ""krauzlis_B12"", ""spatial_binding"": ""spatial_binding_D4"", ""image_recognition"": ""image_recognition_N4_H3""}","{""orientation_cued"": {}, ""motion_duration_cued"": {}, ""krauzlis_cued_motion"": {}, ""spatial_binding"": {}, ""image_recognition"": {}}"
447,17880,375416,0.8400862336158752,0.375,0.594272792339325,0,2.7686219215393066,"{""orientation_cued"": 0.7209194302558899, ""motion_duration_cued"": 1.3918520212173462, ""krauzlis_cued_motion"": 0.700791597366333, ""spatial_binding"": 0.6934217214584351, ""image_recognition"": 0.6934463977813721}","{""orientation_cued"": 0.25, ""motion_duration_cued"": 0.125, ""krauzlis_cued_motion"": 0.5, ""spatial_binding"": 0.5, ""image_recognition"": 0.5}","{""orientation_cued"": ""orientation_cued_D24"", ""motion_duration_cued"": ""motion_duration_cued_D0"", ""krauzlis_cued_motion"": ""krauzlis_B28"", ""spatial_binding"": ""spatial_binding_D24"", ""image_recognition"": ""image_recognition_N24_H5""}","{""orientation_cued"": {}, ""motion_duration_cued"": {}, ""krauzlis_cued_motion"": {}, ""spatial_binding"": {}, ""image_recognition"": {}}"
448,17920,376312,0.8276683926582337,0.525,0.42928943037986755,0,2.1205852031707764,"{""orientation_cued"": 0.6647332310676575, ""motion_duration_cued"": 1.389675498008728, ""krauzlis_cued_motion"": 0.7005653381347656, ""spatial_binding"": 0.6915229558944702, ""image_recognition"": 0.6918449401855469}","{""orientation_cued"": 0.75, ""motion_duration_cued"": 0.25, ""krauzlis_cued_motion"": 0.5, ""spatial_binding"": 0.5, ""image_recognition"": 0.625}","{""orientation_cued"": ""orientation_cued_D12"", ""motion_duration_cued"": ""motion_duration_cued_D12"", ""krauzlis_cued_motion"": ""krauzlis_B20"", ""spatial_binding"": ""spatial_binding_D12"", ""image_recognition"": ""image_recognition_N12_H3""}","{""orientation_cued"": {}, ""motion_duration_cued"": {}, ""krauzlis_cued_motion"": {}, ""spatial_binding"": {}, ""image_recognition"": {}}"
449,17960,377472,0.8249217748641968,0.5,0.6429396867752075,0,2.7406065464019775,"{""orientation_cued"": 0.6793134808540344, ""motion_duration_cued"": 1.3878804445266724, ""krauzlis_cued_motion"": 0.670581579208374, ""spatial_binding"": 0.6928249001502991, ""image_recognition"": 0.694008469581604}","{""orientation_cued"": 0.75, ""motion_duration_cued"": 0.125, ""krauzlis_cued_motion"": 0.625, ""spatial_binding"": 0.5, ""image_recognition"": 0.5}","{""orientation_cued"": ""orientation_cued_D24"", ""motion_duration_cued"": ""motion_duration_cued_D0"", ""krauzlis_cued_motion"": ""krauzlis_B28"", ""spatial_binding"": ""spatial_binding_D24"", ""image_recognition"": ""image_recognition_N24_H4""}","{""orientation_cued"": {}, ""motion_duration_cued"": {}, ""krauzlis_cued_motion"": {}, ""spatial_binding"": {}, ""image_recognition"": {}}"
450,18000,378144,0.8180252552032471,0.475,0.5947589874267578,0,1.585536003112793,"{""orientation_cued"": 0.6453417539596558, ""motion_duration_cued"": 1.3916494846343994, ""krauzlis_cued_motion"": 0.6703697443008423, ""spatial_binding"": 0.6929330229759216, ""image_recognition"": 0.6898322701454163}","{""orientation_cued"": 0.75, ""motion_duration_cued"": 0.0, ""krauzlis_cued_motion"": 0.625, ""spatial_binding"": 0.5, ""image_recognition"": 0.5}","{""orientation_cued"": ""orientation_cued_D0"", ""motion_duration_cued"": ""motion_duration_cued_D4"", ""krauzlis_cued_motion"": ""krauzlis_B12"", ""spatial_binding"": ""spatial_binding_D0"", ""image_recognition"": ""image_recognition_N24_H3""}","{""orientation_cued"": {}, ""motion_duration_cued"": {}, ""krauzlis_cued_motion"": {}, ""spatial_binding"": {}, ""image_recognition"": {}}"
451,18040,378976,0.6783474946394563,0.6,0.6103860139846802,0,1.9758753776550293,"{""orientation_cued"": 0.6792828440666199, ""motion_duration_cued"": 1.3943277597427368, ""krauzlis_cued_motion"": 0.6114025115966797, ""spatial_binding"": 0.6927482485771179, ""image_recognition"": 0.013976109214127064}","{""orientation_cued"": 0.625, ""motion_duration_cued"": 0.0, ""krauzlis_cued_motion"": 0.875, ""spatial_binding"": 0.5, ""image_recognition"": 1.0}","{""orientation_cued"": ""orientation_cued_D4"", ""motion_duration_cued"": ""motion_duration_cued_D24"", ""krauzlis_cued_motion"": ""krauzlis_B20"", ""spatial_binding"": ""spatial_binding_D12"", ""image_recognition"": ""image_recognition_N0_H3""}","{""orientation_cued"": {}, ""motion_duration_cued"": {}, ""krauzlis_cued_motion"": {}, ""spatial_binding"": {}, ""image_recognition"": {}}"
452,18080,379888,0.8219228148460388,0.425,0.6523623466491699,0,2.163313627243042,"{""orientation_cued"": 0.7155284881591797, ""motion_duration_cued"": 1.386157512664795, ""krauzlis_cued_motion"": 0.6064846515655518, ""spatial_binding"": 0.6923598647117615, ""image_recognition"": 0.7090835571289062}","{""orientation_cued"": 0.375, ""motion_duration_cued"": 0.125, ""krauzlis_cued_motion"": 0.875, ""spatial_binding"": 0.5, ""image_recognition"": 0.25}","{""orientation_cued"": ""orientation_cued_D12"", ""motion_duration_cued"": ""motion_duration_cued_D12"", ""krauzlis_cued_motion"": ""krauzlis_B28"", ""spatial_binding"": ""spatial_binding_D4"", ""image_recognition"": ""image_recognition_N12_H5""}","{""orientation_cued"": {}, ""motion_duration_cued"": {}, ""krauzlis_cued_motion"": {}, ""spatial_binding"": {}, ""image_recognition"": {}}"
453,18120,380352,0.6955354169011116,0.575,0.38739848136901855,0,1.0939278602600098,"{""orientation_cued"": 0.6734602451324463, ""motion_duration_cued"": 1.3896982669830322, ""krauzlis_cued_motion"": 0.7032656669616699, ""spatial_binding"": 0.6953145265579224, ""image_recognition"": 0.015938378870487213}","{""orientation_cued"": 0.625, ""motion_duration_cued"": 0.25, ""krauzlis_cued_motion"": 0.5, ""spatial_binding"": 0.5, ""image_recognition"": 1.0}","{""orientation_cued"": ""orientation_cued_D0"", ""motion_duration_cued"": ""motion_duration_cued_D0"", ""krauzlis_cued_motion"": ""krauzlis_B12"", ""spatial_binding"": ""spatial_binding_D0"", ""image_recognition"": ""image_recognition_N0_H5""}","{""orientation_cued"": {}, ""motion_duration_cued"": {}, ""krauzlis_cued_motion"": {}, ""spatial_binding"": {}, ""image_recognition"": {}}"
454,18160,381200,0.8081796169281006,0.55,0.5465344190597534,0,2.019840955734253,"{""orientation_cued"": 0.6770265698432922, ""motion_duration_cued"": 1.3886467218399048, ""krauzlis_cued_motion"": 0.5918200612068176, ""spatial_binding"": 0.694473385810852, ""image_recognition"": 0.6889313459396362}","{""orientation_cued"": 0.625, ""motion_duration_cued"": 0.25, ""krauzlis_cued_motion"": 0.875, ""spatial_binding"": 0.5, ""image_recognition"": 0.5}","{""orientation_cued"": ""orientation_cued_D12"", ""motion_duration_cued"": ""motion_duration_cued_D12"", ""krauzlis_cued_motion"": ""krauzlis_B20"", ""spatial_binding"": ""spatial_binding_D12"", ""image_recognition"": ""image_recognition_N4_H5""}","{""orientation_cued"": {}, ""motion_duration_cued"": {}, ""krauzlis_cued_motion"": {}, ""spatial_binding"": {}, ""image_recognition"": {}}"
455,18200,382008,0.8135851502418519,0.5,0.5451114773750305,0,1.9032151699066162,"{""orientation_cued"": 0.6656628847122192, ""motion_duration_cued"": 1.3858309984207153, ""krauzlis_cued_motion"": 0.6238025426864624, ""spatial_binding"": 0.6941931247711182, ""image_recognition"": 0.6984362006187439}","{""orientation_cued"": 0.75, ""motion_duration_cued"": 0.25, ""krauzlis_cued_motion"": 0.75, ""spatial_binding"": 0.5, ""image_recognition"": 0.25}","{""orientation_cued"": ""orientation_cued_D24"", ""motion_duration_cued"": ""motion_duration_cued_D4"", ""krauzlis_cued_motion"": ""krauzlis_B12"", ""spatial_binding"": ""spatial_binding_D4"", ""image_recognition"": ""image_recognition_N12_H4""}","{""orientation_cued"": {}, ""motion_duration_cued"": {}, ""krauzlis_cued_motion"": {}, ""spatial_binding"": {}, ""image_recognition"": {}}"
456,18240,383040,0.8377721667289734,0.375,0.5578102469444275,0,2.441662311553955,"{""orientation_cued"": 0.741071879863739, ""motion_duration_cued"": 1.3917105197906494, ""krauzlis_cued_motion"": 0.6639379262924194, ""spatial_binding"": 0.6936353445053101, ""image_recognition"": 0.698505163192749}","{""orientation_cued"": 0.25, ""motion_duration_cued"": 0.125, ""krauzlis_cued_motion"": 0.625, ""spatial_binding"": 0.5, ""image_recognition"": 0.375}","{""orientation_cued"": ""orientation_cued_D4"", ""motion_duration_cued"": ""motion_duration_cued_D24"", ""krauzlis_cued_motion"": ""krauzlis_B28"", ""spatial_binding"": ""spatial_binding_D24"", ""image_recognition"": ""image_recognition_N4_H4""}","{""orientation_cued"": {}, ""motion_duration_cued"": {}, ""krauzlis_cued_motion"": {}, ""spatial_binding"": {}, ""image_recognition"": {}}"
457,18280,383776,0.839518141746521,0.5,0.5425480604171753,0,1.7561144828796387,"{""orientation_cued"": 0.6720790863037109, ""motion_duration_cued"": 1.3803839683532715, ""krauzlis_cued_motion"": 0.763690173625946, ""spatial_binding"": 0.6932098865509033, ""image_recognition"": 0.6882275938987732}","{""orientation_cued"": 0.625, ""motion_duration_cued"": 0.5, ""krauzlis_cued_motion"": 0.375, ""spatial_binding"": 0.5, ""image_recognition"": 0.5}","{""orientation_cued"": ""orientation_cued_D0"", ""motion_duration_cued"": ""motion_duration_cued_D4"", ""krauzlis_cued_motion"": ""krauzlis_B20"", ""spatial_binding"": ""spatial_binding_D12"", ""image_recognition"": ""image_recognition_N12_H3""}","{""orientation_cued"": {}, ""motion_duration_cued"": {}, ""krauzlis_cued_motion"": {}, ""spatial_binding"": {}, ""image_recognition"": {}}"
458,18320,384352,0.7198426067829132,0.475,0.6641030311584473,0,1.3569741249084473,"{""orientation_cued"": 0.6738320589065552, ""motion_duration_cued"": 1.3965321779251099, ""krauzlis_cued_motion"": 0.8207087516784668, ""spatial_binding"": 0.6938211917877197, ""image_recognition"": 0.014318853616714478}","{""orientation_cued"": 0.625, ""motion_duration_cued"": 0.0, ""krauzlis_cued_motion"": 0.25, ""spatial_binding"": 0.5, ""image_recognition"": 1.0}","{""orientation_cued"": ""orientation_cued_D12"", ""motion_duration_cued"": ""motion_duration_cued_D0"", ""krauzlis_cued_motion"": ""krauzlis_B12"", ""spatial_binding"": ""spatial_binding_D4"", ""image_recognition"": ""image_recognition_N0_H3""}","{""orientation_cued"": {}, ""motion_duration_cued"": {}, ""krauzlis_cued_motion"": {}, ""spatial_binding"": {}, ""image_recognition"": {}}"
459,18360,385424,0.8551887392997741,0.375,0.6413383483886719,0,2.5332398414611816,"{""orientation_cued"": 0.67668616771698, ""motion_duration_cued"": 1.3929558992385864, ""krauzlis_cued_motion"": 0.8205204606056213, ""spatial_binding"": 0.6903825402259827, ""image_recognition"": 0.6953986287117004}","{""orientation_cued"": 0.625, ""motion_duration_cued"": 0.125, ""krauzlis_cued_motion"": 0.25, ""spatial_binding"": 0.5, ""image_recognition"": 0.375}","{""orientation_cued"": ""orientation_cued_D24"", ""motion_duration_cued"": ""motion_duration_cued_D12"", ""krauzlis_cued_motion"": ""krauzlis_B28"", ""spatial_binding"": ""spatial_binding_D0"", ""image_recognition"": ""image_recognition_N24_H5""}","{""orientation_cued"": {}, ""motion_duration_cued"": {}, ""krauzlis_cued_motion"": {}, ""spatial_binding"": {}, ""image_recognition"": {}}"
460,18400,386320,0.8298796892166138,0.475,0.48679837584495544,0,2.2147316932678223,"{""orientation_cued"": 0.7164634466171265, ""motion_duration_cued"": 1.3846089839935303, ""krauzlis_cued_motion"": 0.662910521030426, ""spatial_binding"": 0.6919206976890564, ""image_recognition"": 0.6934947967529297}","{""orientation_cued"": 0.375, ""motion_duration_cued"": 0.375, ""krauzlis_cued_motion"": 0.625, ""spatial_binding"": 0.5, ""image_recognition"": 0.5}","{""orientation_cued"": ""orientation_cued_D4"", ""motion_duration_cued"": ""motion_duration_cued_D24"", ""krauzlis_cued_motion"": ""krauzlis_B12"", ""spatial_binding"": ""spatial_binding_D24"", ""image_recognition"": ""image_recognition_N4_H3""}","{""orientation_cued"": {}, ""motion_duration_cued"": {}, ""krauzlis_cued_motion"": {}, ""spatial_binding"": {}, ""image_recognition"": {}}"
461,18440,387064,0.8279803633689881,0.5,0.2867409288883209,0,1.8298132419586182,"{""orientation_cued"": 0.703340470790863, ""motion_duration_cued"": 1.3838363885879517, ""krauzlis_cued_motion"": 0.6629860401153564, ""spatial_binding"": 0.6924035549163818, ""image_recognition"": 0.6973353624343872}","{""orientation_cued"": 0.5, ""motion_duration_cued"": 0.375, ""krauzlis_cued_motion"": 0.625, ""spatial_binding"": 0.5, ""image_recognition"": 0.5}","{""orientation_cued"": ""orientation_cued_D0"", ""motion_duration_cued"": ""motion_duration_cued_D12"", ""krauzlis_cued_motion"": ""krauzlis_B28"", ""spatial_binding"": ""spatial_binding_D4"", ""image_recognition"": ""image_recognition_N4_H4""}","{""orientation_cued"": {}, ""motion_duration_cued"": {}, ""krauzlis_cued_motion"": {}, ""spatial_binding"": {}, ""image_recognition"": {}}"
462,18480,387912,0.857473361492157,0.4,0.5689994692802429,0,2.221621513366699,"{""orientation_cued"": 0.6968607902526855, ""motion_duration_cued"": 1.3887619972229004, ""krauzlis_cued_motion"": 0.8060554265975952, ""spatial_binding"": 0.6934406161308289, ""image_recognition"": 0.7022479772567749}","{""orientation_cued"": 0.5, ""motion_duration_cued"": 0.125, ""krauzlis_cued_motion"": 0.25, ""spatial_binding"": 0.5, ""image_recognition"": 0.625}","{""orientation_cued"": ""orientation_cued_D24"", ""motion_duration_cued"": ""motion_duration_cued_D0"", ""krauzlis_cued_motion"": ""krauzlis_B20"", ""spatial_binding"": ""spatial_binding_D12"", ""image_recognition"": ""image_recognition_N4_H5""}","{""orientation_cued"": {}, ""motion_duration_cued"": {}, ""krauzlis_cued_motion"": {}, ""spatial_binding"": {}, ""image_recognition"": {}}"
463,18520,388856,0.6998680856078863,0.55,0.23646089434623718,0,2.439600706100464,"{""orientation_cued"": 0.6963483095169067, ""motion_duration_cued"": 1.3877884149551392, ""krauzlis_cued_motion"": 0.7089271545410156, ""spatial_binding"": 0.6931992173194885, ""image_recognition"": 0.013077331706881523}","{""orientation_cued"": 0.5, ""motion_duration_cued"": 0.25, ""krauzlis_cued_motion"": 0.5, ""spatial_binding"": 0.5, ""image_recognition"": 1.0}","{""orientation_cued"": ""orientation_cued_D4"", ""motion_duration_cued"": ""motion_duration_cued_D24"", ""krauzlis_cued_motion"": ""krauzlis_B20"", ""spatial_binding"": ""spatial_binding_D24"", ""image_recognition"": ""image_recognition_N0_H5""}","{""orientation_cued"": {}, ""motion_duration_cued"": {}, ""krauzlis_cued_motion"": {}, ""spatial_binding"": {}, ""image_recognition"": {}}"
464,18560,389672,0.8282801747322083,0.475,0.2620040476322174,0,2.0738818645477295,"{""orientation_cued"": 0.6955705881118774, ""motion_duration_cued"": 1.3868635892868042, ""krauzlis_cued_motion"": 0.6655243635177612, ""spatial_binding"": 0.6981353163719177, ""image_recognition"": 0.6953070163726807}","{""orientation_cued"": 0.5, ""motion_duration_cued"": 0.25, ""krauzlis_cued_motion"": 0.625, ""spatial_binding"": 0.5, ""image_recognition"": 0.5}","{""orientation_cued"": ""orientation_cued_D12"", ""motion_duration_cued"": ""motion_duration_cued_D4"", ""krauzlis_cued_motion"": ""krauzlis_B28"", ""spatial_binding"": ""spatial_binding_D0"", ""image_recognition"": ""image_recognition_N12_H5""}","{""orientation_cued"": {}, ""motion_duration_cued"": {}, ""krauzlis_cued_motion"": {}, ""spatial_binding"": {}, ""image_recognition"": {}}"
465,18600,390576,0.8035313367843628,0.575,0.6795222163200378,0,2.2611916065216064,"{""orientation_cued"": 0.6659417152404785, ""motion_duration_cued"": 1.3840916156768799, ""krauzlis_cued_motion"": 0.5901772975921631, ""spatial_binding"": 0.6930336952209473, ""image_recognition"": 0.6844123601913452}","{""orientation_cued"": 0.75, ""motion_duration_cued"": 0.25, ""krauzlis_cued_motion"": 0.875, ""spatial_binding"": 0.5, ""image_recognition"": 0.5}","{""orientation_cued"": ""orientation_cued_D4"", ""motion_duration_cued"": ""motion_duration_cued_D24"", ""krauzlis_cued_motion"": ""krauzlis_B12"", ""spatial_binding"": ""spatial_binding_D4"", ""image_recognition"": ""image_recognition_N24_H4""}","{""orientation_cued"": {}, ""motion_duration_cued"": {}, ""krauzlis_cued_motion"": {}, ""spatial_binding"": {}, ""image_recognition"": {}}"
466,18640,391472,0.8487367272377014,0.325,0.6479539275169373,0,2.351994752883911,"{""orientation_cued"": 0.7312591075897217, ""motion_duration_cued"": 1.3866751194000244, ""krauzlis_cued_motion"": 0.7425041198730469, ""spatial_binding"": 0.6951978802680969, ""image_recognition"": 0.6880474090576172}","{""orientation_cued"": 0.25, ""motion_duration_cued"": 0.0, ""krauzlis_cued_motion"": 0.375, ""spatial_binding"": 0.5, ""image_recognition"": 0.5}","{""orientation_cued"": ""orientation_cued_D24"", ""motion_duration_cued"": ""motion_duration_cued_D0"", ""krauzlis_cued_motion"": ""krauzlis_B20"", ""spatial_binding"": ""spatial_binding_D0"", ""image_recognition"": ""image_recognition_N24_H3""}","{""orientation_cued"": {}, ""motion_duration_cued"": {}, ""krauzlis_cued_motion"": {}, ""spatial_binding"": {}, ""image_recognition"": {}}"
467,18680,392344,0.8453041434288024,0.4,0.5116797685623169,0,2.327181100845337,"{""orientation_cued"": 0.7081495523452759, ""motion_duration_cued"": 1.389664649963379, ""krauzlis_cued_motion"": 0.7397654056549072, ""spatial_binding"": 0.6942797303199768, ""image_recognition"": 0.6946613788604736}","{""orientation_cued"": 0.5, ""motion_duration_cued"": 0.125, ""krauzlis_cued_motion"": 0.375, ""spatial_binding"": 0.5, ""image_recognition"": 0.5}","{""orientation_cued"": ""orientation_cued_D0"", ""motion_duration_cued"": ""motion_duration_cued_D12"", ""krauzlis_cued_motion"": ""krauzlis_B28"", ""spatial_binding"": ""spatial_binding_D12"", ""image_recognition"": ""image_recognition_N12_H4""}","{""orientation_cued"": {}, ""motion_duration_cued"": {}, ""krauzlis_cued_motion"": {}, ""spatial_binding"": {}, ""image_recognition"": {}}"
468,18720,393120,0.6920978635549545,0.55,0.3388669490814209,0,2.0098676681518555,"{""orientation_cued"": 0.6952027678489685, ""motion_duration_cued"": 1.3907134532928467, ""krauzlis_cued_motion"": 0.6684325933456421, ""spatial_binding"": 0.6930530667304993, ""image_recognition"": 0.013087436556816101}","{""orientation_cued"": 0.5, ""motion_duration_cued"": 0.125, ""krauzlis_cued_motion"": 0.625, ""spatial_binding"": 0.5, ""image_recognition"": 1.0}","{""orientation_cued"": ""orientation_cued_D12"", ""motion_duration_cued"": ""motion_duration_cued_D4"", ""krauzlis_cued_motion"": ""krauzlis_B12"", ""spatial_binding"": ""spatial_binding_D24"", ""image_recognition"": ""image_recognition_N0_H4""}","{""orientation_cued"": {}, ""motion_duration_cued"": {}, ""krauzlis_cued_motion"": {}, ""spatial_binding"": {}, ""image_recognition"": {}}"
469,18760,393928,0.8328827023506165,0.45,0.3605354428291321,0,1.9425127506256104,"{""orientation_cued"": 0.7071210145950317, ""motion_duration_cued"": 1.385979175567627, ""krauzlis_cued_motion"": 0.7006916999816895, ""spatial_binding"": 0.6929150819778442, ""image_recognition"": 0.6777065396308899}","{""orientation_cued"": 0.375, ""motion_duration_cued"": 0.25, ""krauzlis_cued_motion"": 0.5, ""spatial_binding"": 0.5, ""image_recognition"": 0.625}","{""orientation_cued"": ""orientation_cued_D12"", ""motion_duration_cued"": ""motion_duration_cued_D4"", ""krauzlis_cued_motion"": ""krauzlis_B12"", ""spatial_binding"": ""spatial_binding_D24"", ""image_recognition"": ""image_recognition_N4_H4""}","{""orientation_cued"": {}, ""motion_duration_cued"": {}, ""krauzlis_cued_motion"": {}, ""spatial_binding"": {}, ""image_recognition"": {}}"
470,18800,394992,0.8380980253219604,0.5,0.38191917538642883,0,2.583746910095215,"{""orientation_cued"": 0.6865355372428894, ""motion_duration_cued"": 1.3892674446105957, ""krauzlis_cued_motion"": 0.7298191785812378, ""spatial_binding"": 0.6900515556335449, ""image_recognition"": 0.6948164105415344}","{""orientation_cued"": 0.625, ""motion_duration_cued"": 0.125, ""krauzlis_cued_motion"": 0.375, ""spatial_binding"": 0.75, ""image_recognition"": 0.625}","{""orientation_cued"": ""orientation_cued_D24"", ""motion_duration_cued"": ""motion_duration_cued_D24"", ""krauzlis_cued_motion"": ""krauzlis_B28"", ""spatial_binding"": ""spatial_binding_D0"", ""image_recognition"": ""image_recognition_N12_H4""}","{""orientation_cued"": {}, ""motion_duration_cued"": {}, ""krauzlis_cued_motion"": {}, ""spatial_binding"": {}, ""image_recognition"": {}}"
471,18840,395680,0.8342065453529358,0.425,0.4552348256111145,0,1.6784212589263916,"{""orientation_cued"": 0.6926491260528564, ""motion_duration_cued"": 1.3898534774780273, ""krauzlis_cued_motion"": 0.7255496978759766, ""spatial_binding"": 0.6927060484886169, ""image_recognition"": 0.6702743768692017}","{""orientation_cued"": 0.5, ""motion_duration_cued"": 0.125, ""krauzlis_cued_motion"": 0.375, ""spatial_binding"": 0.5, ""image_recognition"": 0.625}","{""orientation_cued"": ""orientation_cued_D4"", ""motion_duration_cued"": ""motion_duration_cued_D0"", ""krauzlis_cued_motion"": ""krauzlis_B20"", ""spatial_binding"": ""spatial_binding_D12"", ""image_recognition"": ""image_recognition_N4_H5""}","{""orientation_cued"": {}, ""motion_duration_cued"": {}, ""krauzlis_cued_motion"": {}, ""spatial_binding"": {}, ""image_recognition"": {}}"
472,18880,396368,0.827241039276123,0.475,0.498862087726593,0,1.6554803848266602,"{""orientation_cued"": 0.703629732131958, ""motion_duration_cued"": 1.392155408859253, ""krauzlis_cued_motion"": 0.6512395739555359, ""spatial_binding"": 0.6927586197853088, ""image_recognition"": 0.6964218616485596}","{""orientation_cued"": 0.5, ""motion_duration_cued"": 0.0, ""krauzlis_cued_motion"": 0.75, ""spatial_binding"": 0.625, ""image_recognition"": 0.5}","{""orientation_cued"": ""orientation_cued_D0"", ""motion_duration_cued"": ""motion_duration_cued_D12"", ""krauzlis_cued_motion"": ""krauzlis_B12"", ""spatial_binding"": ""spatial_binding_D4"", ""image_recognition"": ""image_recognition_N12_H5""}","{""orientation_cued"": {}, ""motion_duration_cued"": {}, ""krauzlis_cued_motion"": {}, ""spatial_binding"": {}, ""image_recognition"": {}}"
473,18920,397104,0.8455754518508911,0.425,0.733380138874054,0,1.7930467128753662,"{""orientation_cued"": 0.7793670892715454, ""motion_duration_cued"": 1.3794115781784058, ""krauzlis_cued_motion"": 0.6755321621894836, ""spatial_binding"": 0.692854106426239, ""image_recognition"": 0.7007123231887817}","{""orientation_cued"": 0.25, ""motion_duration_cued"": 0.375, ""krauzlis_cued_motion"": 0.625, ""spatial_binding"": 0.5, ""image_recognition"": 0.375}","{""orientation_cued"": ""orientation_cued_D0"", ""motion_duration_cued"": ""motion_duration_cued_D4"", ""krauzlis_cued_motion"": ""krauzlis_B28"", ""spatial_binding"": ""spatial_binding_D12"", ""image_recognition"": ""image_recognition_N4_H3""}","{""orientation_cued"": {}, ""motion_duration_cued"": {}, ""krauzlis_cued_motion"": {}, ""spatial_binding"": {}, ""image_recognition"": {}}"
474,18960,397848,0.6864032980054617,0.55,0.6576415300369263,0,1.7903754711151123,"{""orientation_cued"": 0.6953340768814087, ""motion_duration_cued"": 1.3948287963867188, ""krauzlis_cued_motion"": 0.6354783177375793, ""spatial_binding"": 0.6936163902282715, ""image_recognition"": 0.012758908793330193}","{""orientation_cued"": 0.25, ""motion_duration_cued"": 0.125, ""krauzlis_cued_motion"": 0.875, ""spatial_binding"": 0.5, ""image_recognition"": 1.0}","{""orientation_cued"": ""orientation_cued_D4"", ""motion_duration_cued"": ""motion_duration_cued_D0"", ""krauzlis_cued_motion"": ""krauzlis_B20"", ""spatial_binding"": ""spatial_binding_D24"", ""image_recognition"": ""image_recognition_N0_H4""}","{""orientation_cued"": {}, ""motion_duration_cued"": {}, ""krauzlis_cued_motion"": {}, ""spatial_binding"": {}, ""image_recognition"": {}}"
475,19000,398952,0.8326439738273621,0.4,0.3610745668411255,0,2.6678059101104736,"{""orientation_cued"": 0.6934717297554016, ""motion_duration_cued"": 1.391198992729187, ""krauzlis_cued_motion"": 0.6967929601669312, ""spatial_binding"": 0.6935421824455261, ""image_recognition"": 0.6882140040397644}","{""orientation_cued"": 0.5, ""motion_duration_cued"": 0.0, ""krauzlis_cued_motion"": 0.5, ""spatial_binding"": 0.5, ""image_recognition"": 0.5}","{""orientation_cued"": ""orientation_cued_D24"", ""motion_duration_cued"": ""motion_duration_cued_D12"", ""krauzlis_cued_motion"": ""krauzlis_B28"", ""spatial_binding"": ""spatial_binding_D4"", ""image_recognition"": ""image_recognition_N24_H5""}","{""orientation_cued"": {}, ""motion_duration_cued"": {}, ""krauzlis_cued_motion"": {}, ""spatial_binding"": {}, ""image_recognition"": {}}"
476,19040,399944,0.8372036814689636,0.4,0.38909322023391724,0,2.4035484790802,"{""orientation_cued"": 0.6930282115936279, ""motion_duration_cued"": 1.3870176076889038, ""krauzlis_cued_motion"": 0.6972216963768005, ""spatial_binding"": 0.6957679986953735, ""image_recognition"": 0.7129828929901123}","{""orientation_cued"": 0.5, ""motion_duration_cued"": 0.125, ""krauzlis_cued_motion"": 0.5, ""spatial_binding"": 0.5, ""image_recognition"": 0.375}","{""orientation_cued"": ""orientation_cued_D12"", ""motion_duration_cued"": ""motion_duration_cued_D24"", ""krauzlis_cued_motion"": ""krauzlis_B20"", ""spatial_binding"": ""spatial_binding_D0"", ""image_recognition"": ""image_recognition_N24_H3""}","{""orientation_cued"": {}, ""motion_duration_cued"": {}, ""krauzlis_cued_motion"": {}, ""spatial_binding"": {}, ""image_recognition"": {}}"
477,19080,400600,0.709372972510755,0.5,0.6028356552124023,0,1.591775894165039,"{""orientation_cued"": 0.7132551670074463, ""motion_duration_cued"": 1.3854609727859497, ""krauzlis_cued_motion"": 0.7409645915031433, ""spatial_binding"": 0.6927021741867065, ""image_recognition"": 0.014481957070529461}","{""orientation_cued"": 0.375, ""motion_duration_cued"": 0.375, ""krauzlis_cued_motion"": 0.25, ""spatial_binding"": 0.5, ""image_recognition"": 1.0}","{""orientation_cued"": ""orientation_cued_D0"", ""motion_duration_cued"": ""motion_duration_cued_D12"", ""krauzlis_cued_motion"": ""krauzlis_B12"", ""spatial_binding"": ""spatial_binding_D12"", ""image_recognition"": ""image_recognition_N0_H5""}","{""orientation_cued"": {}, ""motion_duration_cued"": {}, ""krauzlis_cued_motion"": {}, ""spatial_binding"": {}, ""image_recognition"": {}}"
478,19120,401752,0.824388325214386,0.45,0.4883355498313904,0,2.7913174629211426,"{""orientation_cued"": 0.6884380578994751, ""motion_duration_cued"": 1.390783429145813, ""krauzlis_cued_motion"": 0.6551883220672607, ""spatial_binding"": 0.6933048963546753, ""image_recognition"": 0.6942269206047058}","{""orientation_cued"": 0.625, ""motion_duration_cued"": 0.0, ""krauzlis_cued_motion"": 0.75, ""spatial_binding"": 0.5, ""image_recognition"": 0.375}","{""orientation_cued"": ""orientation_cued_D12"", ""motion_duration_cued"": ""motion_duration_cued_D24"", ""krauzlis_cued_motion"": ""krauzlis_B28"", ""spatial_binding"": ""spatial_binding_D24"", ""image_recognition"": ""image_recognition_N12_H3""}","{""orientation_cued"": {}, ""motion_duration_cued"": {}, ""krauzlis_cued_motion"": {}, ""spatial_binding"": {}, ""image_recognition"": {}}"
479,19160,402528,0.8290550589561463,0.475,0.2898339033126831,0,1.8930118083953857,"{""orientation_cued"": 0.687487006187439, ""motion_duration_cued"": 1.388068437576294, ""krauzlis_cued_motion"": 0.696277916431427, ""spatial_binding"": 0.6921824216842651, ""image_recognition"": 0.6812595129013062}","{""orientation_cued"": 0.625, ""motion_duration_cued"": 0.25, ""krauzlis_cued_motion"": 0.5, ""spatial_binding"": 0.5, ""image_recognition"": 0.5}","{""orientation_cued"": ""orientation_cued_D4"", ""motion_duration_cued"": ""motion_duration_cued_D0"", ""krauzlis_cued_motion"": ""krauzlis_B20"", ""spatial_binding"": ""spatial_binding_D4"", ""image_recognition"": ""image_recognition_N24_H4""}","{""orientation_cued"": {}, ""motion_duration_cued"": {}, ""krauzlis_cued_motion"": {}, ""spatial_binding"": {}, ""image_recognition"": {}}"
480,19200,403200,0.6954103257507086,0.55,0.342701256275177,0,1.6196341514587402,"{""orientation_cued"": 0.7038758993148804, ""motion_duration_cued"": 1.3858544826507568, ""krauzlis_cued_motion"": 0.6763781905174255, ""spatial_binding"": 0.6978067755699158, ""image_recognition"": 0.013136280700564384}","{""orientation_cued"": 0.375, ""motion_duration_cued"": 0.25, ""krauzlis_cued_motion"": 0.625, ""spatial_binding"": 0.5, ""image_recognition"": 1.0}","{""orientation_cued"": ""orientation_cued_D24"", ""motion_duration_cued"": ""motion_duration_cued_D4"", ""krauzlis_cued_motion"": ""krauzlis_B12"", ""spatial_binding"": ""spatial_binding_D0"", ""image_recognition"": ""image_recognition_N0_H3""}","{""orientation_cued"": {}, ""motion_duration_cued"": {}, ""krauzlis_cued_motion"": {}, ""spatial_binding"": {}, ""image_recognition"": {}}"
481,19240,404080,0.6874004878103733,0.675,0.5000025033950806,0,2.137265920639038,"{""orientation_cued"": 0.6907787322998047, ""motion_duration_cued"": 1.3788957595825195, ""krauzlis_cued_motion"": 0.6559659242630005, ""spatial_binding"": 0.6925532817840576, ""image_recognition"": 0.018808741122484207}","{""orientation_cued"": 0.625, ""motion_duration_cued"": 0.5, ""krauzlis_cued_motion"": 0.75, ""spatial_binding"": 0.5, ""image_recognition"": 1.0}","{""orientation_cued"": ""orientation_cued_D0"", ""motion_duration_cued"": ""motion_duration_cued_D12"", ""krauzlis_cued_motion"": ""krauzlis_B28"", ""spatial_binding"": ""spatial_binding_D24"", ""image_recognition"": ""image_recognition_N0_H5""}","{""orientation_cued"": {}, ""motion_duration_cued"": {}, ""krauzlis_cued_motion"": {}, ""spatial_binding"": {}, ""image_recognition"": {}}"
482,19280,404856,0.6989391587674618,0.5,0.5126960277557373,0,1.8877699375152588,"{""orientation_cued"": 0.7068123817443848, ""motion_duration_cued"": 1.4034371376037598, ""krauzlis_cued_motion"": 0.6757712364196777, ""spatial_binding"": 0.692481517791748, ""image_recognition"": 0.01619352027773857}","{""orientation_cued"": 0.375, ""motion_duration_cued"": 0.0, ""krauzlis_cued_motion"": 0.625, ""spatial_binding"": 0.5, ""image_recognition"": 1.0}","{""orientation_cued"": ""orientation_cued_D24"", ""motion_duration_cued"": ""motion_duration_cued_D4"", ""krauzlis_cued_motion"": ""krauzlis_B20"", ""spatial_binding"": ""spatial_binding_D4"", ""image_recognition"": ""image_recognition_N0_H4""}","{""orientation_cued"": {}, ""motion_duration_cued"": {}, ""krauzlis_cued_motion"": {}, ""spatial_binding"": {}, ""image_recognition"": {}}"
483,19320,405528,0.6909793799743056,0.575,0.4155122637748718,0,1.6229023933410645,"{""orientation_cued"": 0.6832044124603271, ""motion_duration_cued"": 1.387979507446289, ""krauzlis_cued_motion"": 0.6749550104141235, ""spatial_binding"": 0.6955742835998535, ""image_recognition"": 0.013183685950934887}","{""orientation_cued"": 0.625, ""motion_duration_cued"": 0.125, ""krauzlis_cued_motion"": 0.625, ""spatial_binding"": 0.5, ""image_recognition"": 1.0}","{""orientation_cued"": ""orientation_cued_D4"", ""motion_duration_cued"": ""motion_duration_cued_D24"", ""krauzlis_cued_motion"": ""krauzlis_B12"", ""spatial_binding"": ""spatial_binding_D0"", ""image_recognition"": ""image_recognition_N0_H3""}","{""orientation_cued"": {}, ""motion_duration_cued"": {}, ""krauzlis_cued_motion"": {}, ""spatial_binding"": {}, ""image_recognition"": {}}"
484,19360,406344,0.8265542149543762,0.475,0.6263625025749207,0,1.9924545288085938,"{""orientation_cued"": 0.706839382648468, ""motion_duration_cued"": 1.3874117136001587, ""krauzlis_cued_motion"": 0.6248968839645386, ""spatial_binding"": 0.6928274631500244, ""image_recognition"": 0.7207956314086914}","{""orientation_cued"": 0.375, ""motion_duration_cued"": 0.375, ""krauzlis_cued_motion"": 0.875, ""spatial_binding"": 0.5, ""image_recognition"": 0.25}","{""orientation_cued"": ""orientation_cued_D12"", ""motion_duration_cued"": ""motion_duration_cued_D0"", ""krauzlis_cued_motion"": ""krauzlis_B28"", ""spatial_binding"": ""spatial_binding_D12"", ""image_recognition"": ""image_recognition_N4_H5""}","{""orientation_cued"": {}, ""motion_duration_cued"": {}, ""krauzlis_cued_motion"": {}, ""spatial_binding"": {}, ""image_recognition"": {}}"
485,19400,407176,0.8227402091026306,0.45,0.3713832199573517,0,2.0013558864593506,"{""orientation_cued"": 0.6929455995559692, ""motion_duration_cued"": 1.3893013000488281, ""krauzlis_cued_motion"": 0.6440212726593018, ""spatial_binding"": 0.6926501393318176, ""image_recognition"": 0.6947827339172363}","{""orientation_cued"": 0.5, ""motion_duration_cued"": 0.125, ""krauzlis_cued_motion"": 0.75, ""spatial_binding"": 0.5, ""image_recognition"": 0.375}","{""orientation_cued"": ""orientation_cued_D0"", ""motion_duration_cued"": ""motion_duration_cued_D12"", ""krauzlis_cued_motion"": ""krauzlis_B20"", ""spatial_binding"": ""spatial_binding_D24"", ""image_recognition"": ""image_recognition_N4_H3""}","{""orientation_cued"": {}, ""motion_duration_cued"": {}, ""krauzlis_cued_motion"": {}, ""spatial_binding"": {}, ""image_recognition"": {}}"
486,19440,408136,0.8401795744895935,0.425,0.34526216983795166,0,2.3265726566314697,"{""orientation_cued"": 0.6926240921020508, ""motion_duration_cued"": 1.3847503662109375, ""krauzlis_cued_motion"": 0.7322431802749634, ""spatial_binding"": 0.6920755505561829, ""image_recognition"": 0.699204683303833}","{""orientation_cued"": 0.5, ""motion_duration_cued"": 0.375, ""krauzlis_cued_motion"": 0.375, ""spatial_binding"": 0.5, ""image_recognition"": 0.375}","{""orientation_cued"": ""orientation_cued_D4"", ""motion_duration_cued"": ""motion_duration_cued_D24"", ""krauzlis_cued_motion"": ""krauzlis_B12"", ""spatial_binding"": ""spatial_binding_D12"", ""image_recognition"": ""image_recognition_N24_H3""}","{""orientation_cued"": {}, ""motion_duration_cued"": {}, ""krauzlis_cued_motion"": {}, ""spatial_binding"": {}, ""image_recognition"": {}}"
487,19480,409048,0.8489211082458497,0.45,0.6352362036705017,0,2.2144663333892822,"{""orientation_cued"": 0.6861793994903564, ""motion_duration_cued"": 1.385145664215088, ""krauzlis_cued_motion"": 0.7701881527900696, ""spatial_binding"": 0.693658709526062, ""image_recognition"": 0.7094336152076721}","{""orientation_cued"": 0.625, ""motion_duration_cued"": 0.25, ""krauzlis_cued_motion"": 0.25, ""spatial_binding"": 0.5, ""image_recognition"": 0.625}","{""orientation_cued"": ""orientation_cued_D24"", ""motion_duration_cued"": ""motion_duration_cued_D4"", ""krauzlis_cued_motion"": ""krauzlis_B12"", ""spatial_binding"": ""spatial_binding_D4"", ""image_recognition"": ""image_recognition_N24_H5""}","{""orientation_cued"": {}, ""motion_duration_cued"": {}, ""krauzlis_cued_motion"": {}, ""spatial_binding"": {}, ""image_recognition"": {}}"
488,19520,409920,0.8436644434928894,0.35,0.5482379794120789,0,2.0973782539367676,"{""orientation_cued"": 0.70196932554245, ""motion_duration_cued"": 1.3913702964782715, ""krauzlis_cued_motion"": 0.7367763519287109, ""spatial_binding"": 0.6929594874382019, ""image_recognition"": 0.6952467560768127}","{""orientation_cued"": 0.375, ""motion_duration_cued"": 0.125, ""krauzlis_cued_motion"": 0.375, ""spatial_binding"": 0.5, ""image_recognition"": 0.375}","{""orientation_cued"": ""orientation_cued_D12"", ""motion_duration_cued"": ""motion_duration_cued_D0"", ""krauzlis_cued_motion"": ""krauzlis_B28"", ""spatial_binding"": ""spatial_binding_D0"", ""image_recognition"": ""image_recognition_N24_H4""}","{""orientation_cued"": {}, ""motion_duration_cued"": {}, ""krauzlis_cued_motion"": {}, ""spatial_binding"": {}, ""image_recognition"": {}}"
489,19560,410656,0.8247094273567199,0.5,0.43911656737327576,0,1.7902803421020508,"{""orientation_cued"": 0.678840160369873, ""motion_duration_cued"": 1.3909622430801392, ""krauzlis_cued_motion"": 0.6683112978935242, ""spatial_binding"": 0.695531964302063, ""image_recognition"": 0.6899014711380005}","{""orientation_cued"": 0.75, ""motion_duration_cued"": 0.0, ""krauzlis_cued_motion"": 0.625, ""spatial_binding"": 0.5, ""image_recognition"": 0.625}","{""orientation_cued"": ""orientation_cued_D12"", ""motion_duration_cued"": ""motion_duration_cued_D4"", ""krauzlis_cued_motion"": ""krauzlis_B20"", ""spatial_binding"": ""spatial_binding_D0"", ""image_recognition"": ""image_recognition_N12_H3""}","{""orientation_cued"": {}, ""motion_duration_cued"": {}, ""krauzlis_cued_motion"": {}, ""spatial_binding"": {}, ""image_recognition"": {}}"
490,19600,411368,0.8350747346878051,0.4,0.5031896829605103,0,1.734457015991211,"{""orientation_cued"": 0.7085991501808167, ""motion_duration_cued"": 1.3856571912765503, ""krauzlis_cued_motion"": 0.6687330007553101, ""spatial_binding"": 0.6939902901649475, ""image_recognition"": 0.7183940410614014}","{""orientation_cued"": 0.25, ""motion_duration_cued"": 0.25, ""krauzlis_cued_motion"": 0.625, ""spatial_binding"": 0.5, ""image_recognition"": 0.375}","{""orientation_cued"": ""orientation_cued_D4"", ""motion_duration_cued"": ""motion_duration_cued_D12"", ""krauzlis_cued_motion"": ""krauzlis_B12"", ""spatial_binding"": ""spatial_binding_D4"", ""image_recognition"": ""image_recognition_N12_H4""}","{""orientation_cued"": {}, ""motion_duration_cued"": {}, ""krauzlis_cued_motion"": {}, ""spatial_binding"": {}, ""image_recognition"": {}}"
491,19640,412272,0.8371591329574585,0.375,0.25972965359687805,0,2.1872806549072266,"{""orientation_cued"": 0.6937938928604126, ""motion_duration_cued"": 1.3900096416473389, ""krauzlis_cued_motion"": 0.702224612236023, ""spatial_binding"": 0.6942535638809204, ""image_recognition"": 0.7055139541625977}","{""orientation_cued"": 0.5, ""motion_duration_cued"": 0.125, ""krauzlis_cued_motion"": 0.5, ""spatial_binding"": 0.5, ""image_recognition"": 0.25}","{""orientation_cued"": ""orientation_cued_D0"", ""motion_duration_cued"": ""motion_duration_cued_D24"", ""krauzlis_cued_motion"": ""krauzlis_B28"", ""spatial_binding"": ""spatial_binding_D12"", ""image_recognition"": ""image_recognition_N4_H4""}","{""orientation_cued"": {}, ""motion_duration_cued"": {}, ""krauzlis_cued_motion"": {}, ""spatial_binding"": {}, ""image_recognition"": {}}"
492,19680,413280,0.8261215090751648,0.475,0.224981427192688,0,2.4422004222869873,"{""orientation_cued"": 0.6937432289123535, ""motion_duration_cued"": 1.3852145671844482, ""krauzlis_cued_motion"": 0.6688748598098755, ""spatial_binding"": 0.6929987072944641, ""image_recognition"": 0.6897761821746826}","{""orientation_cued"": 0.5, ""motion_duration_cued"": 0.125, ""krauzlis_cued_motion"": 0.625, ""spatial_binding"": 0.5, ""image_recognition"": 0.625}","{""orientation_cued"": ""orientation_cued_D24"", ""motion_duration_cued"": ""motion_duration_cued_D0"", ""krauzlis_cued_motion"": ""krauzlis_B20"", ""spatial_binding"": ""spatial_binding_D24"", ""image_recognition"": ""image_recognition_N12_H5""}","{""orientation_cued"": {}, ""motion_duration_cued"": {}, ""krauzlis_cued_motion"": {}, ""spatial_binding"": {}, ""image_recognition"": {}}"
493,19720,413952,0.69236498195678,0.625,0.46730872988700867,0,1.6184420585632324,"{""orientation_cued"": 0.6693013906478882, ""motion_duration_cued"": 1.385072112083435, ""krauzlis_cued_motion"": 0.7015804648399353, ""spatial_binding"": 0.6940946578979492, ""image_recognition"": 0.01177628431469202}","{""orientation_cued"": 0.75, ""motion_duration_cued"": 0.375, ""krauzlis_cued_motion"": 0.5, ""spatial_binding"": 0.5, ""image_recognition"": 1.0}","{""orientation_cued"": ""orientation_cued_D0"", ""motion_duration_cued"": ""motion_duration_cued_D0"", ""krauzlis_cued_motion"": ""krauzlis_B28"", ""spatial_binding"": ""spatial_binding_D12"", ""image_recognition"": ""image_recognition_N0_H3""}","{""orientation_cued"": {}, ""motion_duration_cued"": {}, ""krauzlis_cued_motion"": {}, ""spatial_binding"": {}, ""image_recognition"": {}}"
494,19760,414976,0.8298866629600525,0.5,0.48445844650268555,0,2.477803945541382,"{""orientation_cued"": 0.6879559755325317, ""motion_duration_cued"": 1.3910466432571411, ""krauzlis_cued_motion"": 0.6691595315933228, ""spatial_binding"": 0.6936469078063965, ""image_recognition"": 0.7076242566108704}","{""orientation_cued"": 0.75, ""motion_duration_cued"": 0.25, ""krauzlis_cued_motion"": 0.625, ""spatial_binding"": 0.5, ""image_recognition"": 0.375}","{""orientation_cued"": ""orientation_cued_D12"", ""motion_duration_cued"": ""motion_duration_cued_D24"", ""krauzlis_cued_motion"": ""krauzlis_B20"", ""spatial_binding"": ""spatial_binding_D24"", ""image_recognition"": ""image_recognition_N4_H3""}","{""orientation_cued"": {}, ""motion_duration_cued"": {}, ""krauzlis_cued_motion"": {}, ""spatial_binding"": {}, ""image_recognition"": {}}"
495,19800,415784,0.8338796734809876,0.475,0.39574721455574036,0,1.9708044528961182,"{""orientation_cued"": 0.6903456449508667, ""motion_duration_cued"": 1.3833835124969482, ""krauzlis_cued_motion"": 0.7020888328552246, ""spatial_binding"": 0.6927505731582642, ""image_recognition"": 0.700829803943634}","{""orientation_cued"": 0.625, ""motion_duration_cued"": 0.375, ""krauzlis_cued_motion"": 0.5, ""spatial_binding"": 0.5, ""image_recognition"": 0.375}","{""orientation_cued"": ""orientation_cued_D24"", ""motion_duration_cued"": ""motion_duration_cued_D4"", ""krauzlis_cued_motion"": ""krauzlis_B12"", ""spatial_binding"": ""spatial_binding_D4"", ""image_recognition"": ""image_recognition_N12_H4""}","{""orientation_cued"": {}, ""motion_duration_cued"": {}, ""krauzlis_cued_motion"": {}, ""spatial_binding"": {}, ""image_recognition"": {}}"
496,19840,416440,0.6863433707505464,0.55,0.47499457001686096,0,1.582353115081787,"{""orientation_cued"": 0.6954680681228638, ""motion_duration_cued"": 1.3955074548721313, ""krauzlis_cued_motion"": 0.6354668140411377, ""spatial_binding"": 0.6938568949699402, ""image_recognition"": 0.011417621746659279}","{""orientation_cued"": 0.375, ""motion_duration_cued"": 0.25, ""krauzlis_cued_motion"": 0.75, ""spatial_binding"": 0.375, ""image_recognition"": 1.0}","{""orientation_cued"": ""orientation_cued_D4"", ""motion_duration_cued"": ""motion_duration_cued_D12"", ""krauzlis_cued_motion"": ""krauzlis_B20"", ""spatial_binding"": ""spatial_binding_D0"", ""image_recognition"": ""image_recognition_N0_H5""}","{""orientation_cued"": {}, ""motion_duration_cued"": {}, ""krauzlis_cued_motion"": {}, ""spatial_binding"": {}, ""image_recognition"": {}}"
497,19880,417344,0.8321849703788757,0.45,0.33652517199516296,0,2.1949222087860107,"{""orientation_cued"": 0.6890882253646851, ""motion_duration_cued"": 1.3896443843841553, ""krauzlis_cued_motion"": 0.7022359371185303, ""spatial_binding"": 0.6939842104911804, ""image_recognition"": 0.6859720945358276}","{""orientation_cued"": 0.625, ""motion_duration_cued"": 0.125, ""krauzlis_cued_motion"": 0.5, ""spatial_binding"": 0.5, ""image_recognition"": 0.5}","{""orientation_cued"": ""orientation_cued_D24"", ""motion_duration_cued"": ""motion_duration_cued_D4"", ""krauzlis_cued_motion"": ""krauzlis_B12"", ""spatial_binding"": ""spatial_binding_D4"", ""image_recognition"": ""image_recognition_N24_H4""}","{""orientation_cued"": {}, ""motion_duration_cued"": {}, ""krauzlis_cued_motion"": {}, ""spatial_binding"": {}, ""image_recognition"": {}}"
498,19920,418400,0.8223241567611694,0.525,0.2944551408290863,0,2.560370445251465,"{""orientation_cued"": 0.6738079786300659, ""motion_duration_cued"": 1.3809318542480469, ""krauzlis_cued_motion"": 0.668412446975708, ""spatial_binding"": 0.6931794285774231, ""image_recognition"": 0.6952890753746033}","{""orientation_cued"": 0.625, ""motion_duration_cued"": 0.375, ""krauzlis_cued_motion"": 0.625, ""spatial_binding"": 0.5, ""image_recognition"": 0.5}","{""orientation_cued"": ""orientation_cued_D0"", ""motion_duration_cued"": ""motion_duration_cued_D24"", ""krauzlis_cued_motion"": ""krauzlis_B28"", ""spatial_binding"": ""spatial_binding_D24"", ""image_recognition"": ""image_recognition_N12_H3""}","{""orientation_cued"": {}, ""motion_duration_cued"": {}, ""krauzlis_cued_motion"": {}, ""spatial_binding"": {}, ""image_recognition"": {}}"
499,19960,419080,0.8305766820907593,0.4,0.3399363160133362,0,1.6390833854675293,"{""orientation_cued"": 0.7008554935455322, ""motion_duration_cued"": 1.387869954109192, ""krauzlis_cued_motion"": 0.6681018471717834, ""spatial_binding"": 0.6955649256706238, ""image_recognition"": 0.700491189956665}","{""orientation_cued"": 0.375, ""motion_duration_cued"": 0.25, ""krauzlis_cued_motion"": 0.625, ""spatial_binding"": 0.5, ""image_recognition"": 0.25}","{""orientation_cued"": ""orientation_cued_D12"", ""motion_duration_cued"": ""motion_duration_cued_D12"", ""krauzlis_cued_motion"": ""krauzlis_B12"", ""spatial_binding"": ""spatial_binding_D0"", ""image_recognition"": ""image_recognition_N4_H4""}","{""orientation_cued"": {}, ""motion_duration_cued"": {}, ""krauzlis_cued_motion"": {}, ""spatial_binding"": {}, ""image_recognition"": {}}"
500,20000,419976,0.8329021096229553,0.5,0.3313463032245636,0,2.183138847351074,"{""orientation_cued"": 0.6927402019500732, ""motion_duration_cued"": 1.386452555656433, ""krauzlis_cued_motion"": 0.7030236721038818, ""spatial_binding"": 0.6931394338607788, ""image_recognition"": 0.6891546845436096}","{""orientation_cued"": 0.625, ""motion_duration_cued"": 0.25, ""krauzlis_cued_motion"": 0.5, ""spatial_binding"": 0.5, ""image_recognition"": 0.625}","{""orientation_cued"": ""orientation_cued_D4"", ""motion_duration_cued"": ""motion_duration_cued_D0"", ""krauzlis_cued_motion"": ""krauzlis_B28"", ""spatial_binding"": ""spatial_binding_D12"", ""image_recognition"": ""image_recognition_N24_H3""}","{""orientation_cued"": {}, ""motion_duration_cued"": {}, ""krauzlis_cued_motion"": {}, ""spatial_binding"": {}, ""image_recognition"": {}}"
501,20040,421112,0.835413122177124,0.425,0.45973682403564453,0,2.744114637374878,"{""orientation_cued"": 0.6869640946388245, ""motion_duration_cued"": 1.3899554014205933, ""krauzlis_cued_motion"": 0.7032902836799622, ""spatial_binding"": 0.6935653686523438, ""image_recognition"": 0.7032904624938965}","{""orientation_cued"": 0.625, ""motion_duration_cued"": 0.125, ""krauzlis_cued_motion"": 0.5, ""spatial_binding"": 0.5, ""image_recognition"": 0.375}","{""orientation_cued"": ""orientation_cued_D24"", ""motion_duration_cued"": ""motion_duration_cued_D24"", ""krauzlis_cued_motion"": ""krauzlis_B20"", ""spatial_binding"": ""spatial_binding_D4"", ""image_recognition"": ""image_recognition_N24_H5""}","{""orientation_cued"": {}, ""motion_duration_cued"": {}, ""krauzlis_cued_motion"": {}, ""spatial_binding"": {}, ""image_recognition"": {}}"
502,20080,422056,0.818731141090393,0.5,0.5883167386054993,0,2.2872934341430664,"{""orientation_cued"": 0.6971040368080139, ""motion_duration_cued"": 1.3881146907806396, ""krauzlis_cued_motion"": 0.6316853761672974, ""spatial_binding"": 0.6928815841674805, ""image_recognition"": 0.6838700175285339}","{""orientation_cued"": 0.375, ""motion_duration_cued"": 0.0, ""krauzlis_cued_motion"": 0.75, ""spatial_binding"": 0.5, ""image_recognition"": 0.875}","{""orientation_cued"": ""orientation_cued_D4"", ""motion_duration_cued"": ""motion_duration_cued_D12"", ""krauzlis_cued_motion"": ""krauzlis_B20"", ""spatial_binding"": ""spatial_binding_D24"", ""image_recognition"": ""image_recognition_N12_H5""}","{""orientation_cued"": {}, ""motion_duration_cued"": {}, ""krauzlis_cued_motion"": {}, ""spatial_binding"": {}, ""image_recognition"": {}}"
503,20120,422640,0.7117658970877528,0.5,0.8446334600448608,0,1.4079945087432861,"{""orientation_cued"": 0.7997748851776123, ""motion_duration_cued"": 1.3843320608139038, ""krauzlis_cued_motion"": 0.6671208739280701, ""spatial_binding"": 0.6951854825019836, ""image_recognition"": 0.012416183017194271}","{""orientation_cued"": 0.125, ""motion_duration_cued"": 0.25, ""krauzlis_cued_motion"": 0.625, ""spatial_binding"": 0.5, ""image_recognition"": 1.0}","{""orientation_cued"": ""orientation_cued_D0"", ""motion_duration_cued"": ""motion_duration_cued_D0"", ""krauzlis_cued_motion"": ""krauzlis_B28"", ""spatial_binding"": ""spatial_binding_D0"", ""image_recognition"": ""image_recognition_N0_H4""}","{""orientation_cued"": {}, ""motion_duration_cued"": {}, ""krauzlis_cued_motion"": {}, ""spatial_binding"": {}, ""image_recognition"": {}}"
504,20160,423360,0.8494820833206177,0.25,0.707367479801178,0,1.76125168800354,"{""orientation_cued"": 0.7262765169143677, ""motion_duration_cued"": 1.3885351419448853, ""krauzlis_cued_motion"": 0.7421064972877502, ""spatial_binding"": 0.6934844255447388, ""image_recognition"": 0.6970078349113464}","{""orientation_cued"": 0.125, ""motion_duration_cued"": 0.125, ""krauzlis_cued_motion"": 0.375, ""spatial_binding"": 0.375, ""image_recognition"": 0.25}","{""orientation_cued"": ""orientation_cued_D12"", ""motion_duration_cued"": ""motion_duration_cued_D4"", ""krauzlis_cued_motion"": ""krauzlis_B12"", ""spatial_binding"": ""spatial_binding_D12"", ""image_recognition"": ""image_recognition_N4_H5""}","{""orientation_cued"": {}, ""motion_duration_cued"": {}, ""krauzlis_cued_motion"": {}, ""spatial_binding"": {}, ""image_recognition"": {}}"
505,20200,424232,0.701376105286181,0.475,0.49134573340415955,0,2.1040163040161133,"{""orientation_cued"": 0.7113654613494873, ""motion_duration_cued"": 1.3869998455047607, ""krauzlis_cued_motion"": 0.7044866681098938, ""spatial_binding"": 0.6929822564125061, ""image_recognition"": 0.011046295054256916}","{""orientation_cued"": 0.25, ""motion_duration_cued"": 0.125, ""krauzlis_cued_motion"": 0.5, ""spatial_binding"": 0.5, ""image_recognition"": 1.0}","{""orientation_cued"": ""orientation_cued_D12"", ""motion_duration_cued"": ""motion_duration_cued_D0"", ""krauzlis_cued_motion"": ""krauzlis_B28"", ""spatial_binding"": ""spatial_binding_D24"", ""image_recognition"": ""image_recognition_N0_H4""}","{""orientation_cued"": {}, ""motion_duration_cued"": {}, ""krauzlis_cued_motion"": {}, ""spatial_binding"": {}, ""image_recognition"": {}}"
506,20240,424904,0.7057644817978144,0.5,0.6097850799560547,0,1.638174057006836,"{""orientation_cued"": 0.695253312587738, ""motion_duration_cued"": 1.386216640472412, ""krauzlis_cued_motion"": 0.7422419786453247, ""spatial_binding"": 0.6933470368385315, ""image_recognition"": 0.011763440445065498}","{""orientation_cued"": 0.375, ""motion_duration_cued"": 0.25, ""krauzlis_cued_motion"": 0.375, ""spatial_binding"": 0.5, ""image_recognition"": 1.0}","{""orientation_cued"": ""orientation_cued_D4"", ""motion_duration_cued"": ""motion_duration_cued_D4"", ""krauzlis_cued_motion"": ""krauzlis_B20"", ""spatial_binding"": ""spatial_binding_D12"", ""image_recognition"": ""image_recognition_N0_H3""}","{""orientation_cued"": {}, ""motion_duration_cued"": {}, ""krauzlis_cued_motion"": {}, ""spatial_binding"": {}, ""image_recognition"": {}}"
507,20280,425656,0.706125869974494,0.475,0.5250398516654968,0,1.8096222877502441,"{""orientation_cued"": 0.691081166267395, ""motion_duration_cued"": 1.3908716440200806, ""krauzlis_cued_motion"": 0.7387807369232178, ""spatial_binding"": 0.6969318389892578, ""image_recognition"": 0.01296396367251873}","{""orientation_cued"": 0.625, ""motion_duration_cued"": 0.25, ""krauzlis_cued_motion"": 0.375, ""spatial_binding"": 0.125, ""image_recognition"": 1.0}","{""orientation_cued"": ""orientation_cued_D24"", ""motion_duration_cued"": ""motion_duration_cued_D12"", ""krauzlis_cued_motion"": ""krauzlis_B12"", ""spatial_binding"": ""spatial_binding_D0"", ""image_recognition"": ""image_recognition_N0_H5""}","{""orientation_cued"": {}, ""motion_duration_cued"": {}, ""krauzlis_cued_motion"": {}, ""spatial_binding"": {}, ""image_recognition"": {}}"
508,20320,426432,0.8169882535934448,0.55,0.4972003400325775,0,1.8942272663116455,"{""orientation_cued"": 0.6769043207168579, ""motion_duration_cued"": 1.3859609365463257, ""krauzlis_cued_motion"": 0.635416567325592, ""spatial_binding"": 0.6923010945320129, ""image_recognition"": 0.6943583488464355}","{""orientation_cued"": 0.625, ""motion_duration_cued"": 0.25, ""krauzlis_cued_motion"": 0.75, ""spatial_binding"": 0.5, ""image_recognition"": 0.625}","{""orientation_cued"": ""orientation_cued_D0"", ""motion_duration_cued"": ""motion_duration_cued_D24"", ""krauzlis_cued_motion"": ""krauzlis_B20"", ""spatial_binding"": ""spatial_binding_D4"", ""image_recognition"": ""image_recognition_N4_H4""}","{""orientation_cued"": {}, ""motion_duration_cued"": {}, ""krauzlis_cued_motion"": {}, ""spatial_binding"": {}, ""image_recognition"": {}}"
509,20360,427184,0.8295794129371643,0.35,0.34891045093536377,0,1.8106842041015625,"{""orientation_cued"": 0.6950998306274414, ""motion_duration_cued"": 1.3862816095352173, ""krauzlis_cued_motion"": 0.6693547964096069, ""spatial_binding"": 0.6942543387413025, ""image_recognition"": 0.7029064893722534}","{""orientation_cued"": 0.375, ""motion_duration_cued"": 0.25, ""krauzlis_cued_motion"": 0.625, ""spatial_binding"": 0.5, ""image_recognition"": 0.0}","{""orientation_cued"": ""orientation_cued_D24"", ""motion_duration_cued"": ""motion_duration_cued_D0"", ""krauzlis_cued_motion"": ""krauzlis_B12"", ""spatial_binding"": ""spatial_binding_D0"", ""image_recognition"": ""image_recognition_N12_H5""}","{""orientation_cued"": {}, ""motion_duration_cued"": {}, ""krauzlis_cued_motion"": {}, ""spatial_binding"": {}, ""image_recognition"": {}}"
510,20400,427920,0.8258379459381103,0.475,0.44579431414604187,0,1.7908556461334229,"{""orientation_cued"": 0.7135632634162903, ""motion_duration_cued"": 1.38701593875885, ""krauzlis_cued_motion"": 0.637213945388794, ""spatial_binding"": 0.6936718225479126, ""image_recognition"": 0.6977247595787048}","{""orientation_cued"": 0.375, ""motion_duration_cued"": 0.25, ""krauzlis_cued_motion"": 0.75, ""spatial_binding"": 0.5, ""image_recognition"": 0.5}","{""orientation_cued"": ""orientation_cued_D0"", ""motion_duration_cued"": ""motion_duration_cued_D4"", ""krauzlis_cued_motion"": ""krauzlis_B28"", ""spatial_binding"": ""spatial_binding_D12"", ""image_recognition"": ""image_recognition_N4_H3""}","{""orientation_cued"": {}, ""motion_duration_cued"": {}, ""krauzlis_cued_motion"": {}, ""spatial_binding"": {}, ""image_recognition"": {}}"
511,20440,429120,0.8326486825942994,0.5,0.5269433856010437,0,2.8977622985839844,"{""orientation_cued"": 0.6953995227813721, ""motion_duration_cued"": 1.3857613801956177, ""krauzlis_cued_motion"": 0.7016247510910034, ""spatial_binding"": 0.6927663683891296, ""image_recognition"": 0.6876913905143738}","{""orientation_cued"": 0.25, ""motion_duration_cued"": 0.375, ""krauzlis_cued_motion"": 0.5, ""spatial_binding"": 0.5, ""image_recognition"": 0.875}","{""orientation_cued"": ""orientation_cued_D12"", ""motion_duration_cued"": ""motion_duration_cued_D24"", ""krauzlis_cued_motion"": ""krauzlis_B20"", ""spatial_binding"": ""spatial_binding_D24"", ""image_recognition"": ""image_recognition_N24_H5""}","{""orientation_cued"": {}, ""motion_duration_cued"": {}, ""krauzlis_cued_motion"": {}, ""spatial_binding"": {}, ""image_recognition"": {}}"
512,20480,429832,0.834365713596344,0.425,0.5109824538230896,0,1.7248899936676025,"{""orientation_cued"": 0.690972626209259, ""motion_duration_cued"": 1.3890902996063232, ""krauzlis_cued_motion"": 0.7007943391799927, ""spatial_binding"": 0.6928194165229797, ""image_recognition"": 0.6981518864631653}","{""orientation_cued"": 0.75, ""motion_duration_cued"": 0.125, ""krauzlis_cued_motion"": 0.5, ""spatial_binding"": 0.5, ""image_recognition"": 0.25}","{""orientation_cued"": ""orientation_cued_D4"", ""motion_duration_cued"": ""motion_duration_cued_D12"", ""krauzlis_cued_motion"": ""krauzlis_B12"", ""spatial_binding"": ""spatial_binding_D4"", ""image_recognition"": ""image_recognition_N12_H4""}","{""orientation_cued"": {}, ""motion_duration_cued"": {}, ""krauzlis_cued_motion"": {}, ""spatial_binding"": {}, ""image_recognition"": {}}"
513,20520,430704,0.8141398906707764,0.5,0.530513346195221,0,2.138794183731079,"{""orientation_cued"": 0.6938149929046631, ""motion_duration_cued"": 1.3847792148590088, ""krauzlis_cued_motion"": 0.6059429049491882, ""spatial_binding"": 0.6929720640182495, ""image_recognition"": 0.6931902766227722}","{""orientation_cued"": 0.25, ""motion_duration_cued"": 0.375, ""krauzlis_cued_motion"": 0.875, ""spatial_binding"": 0.5, ""image_recognition"": 0.5}","{""orientation_cued"": ""orientation_cued_D12"", ""motion_duration_cued"": ""motion_duration_cued_D0"", ""krauzlis_cued_motion"": ""krauzlis_B28"", ""spatial_binding"": ""spatial_binding_D0"", ""image_recognition"": ""image_recognition_N24_H4""}","{""orientation_cued"": {""priority_entropy"": 5.123842239379883, ""priority_peak"": 0.008035780861973763, ""priority_gradient_norm"": 0.1996268332004547, ""attention_gradient_norm"": 0.003376627806574106}, ""motion_duration_cued"": {""priority_entropy"": 5.125330924987793, ""priority_peak"": 0.007545999251306057, ""priority_gradient_norm"": 0.26694735884666443, ""attention_gradient_norm"": 0.008415286429226398}, ""krauzlis_cued_motion"": {""priority_entropy"": 5.129120826721191, ""priority_peak"": 0.0065323663875460625, ""priority_gradient_norm"": 0.5078040361404419, ""attention_gradient_norm"": 0.015052366070449352}, ""spatial_binding"": {""priority_entropy"": 5.122981548309326, ""priority_peak"": 0.007540546357631683, ""priority_gradient_norm"": 0.509159505367279, ""attention_gradient_norm"": 0.015343522652983665}, ""image_recognition"": {""priority_entropy"": 5.129647731781006, ""priority_peak"": 0.0062266867607831955, ""priority_gradient_norm"": 0.5085868835449219, ""attention_gradient_norm"": 0.014935080893337727}}"
514,20560,431536,0.8397819995880127,0.475,0.38725951313972473,0,2.029230833053589,"{""orientation_cued"": 0.691274881362915, ""motion_duration_cued"": 1.3886497020721436, ""krauzlis_cued_motion"": 0.7348296642303467, ""spatial_binding"": 0.6925262212753296, ""image_recognition"": 0.6916295289993286}","{""orientation_cued"": 0.625, ""motion_duration_cued"": 0.125, ""krauzlis_cued_motion"": 0.375, ""spatial_binding"": 0.5, ""image_recognition"": 0.75}","{""orientation_cued"": ""orientation_cued_D4"", ""motion_duration_cued"": ""motion_duration_cued_D12"", ""krauzlis_cued_motion"": ""krauzlis_B28"", ""spatial_binding"": ""spatial_binding_D4"", ""image_recognition"": ""image_recognition_N12_H3""}","{""orientation_cued"": {}, ""motion_duration_cued"": {}, ""krauzlis_cued_motion"": {}, ""spatial_binding"": {}, ""image_recognition"": {}}"
515,20600,432256,0.82115718126297,0.475,0.4229542016983032,0,1.7334251403808594,"{""orientation_cued"": 0.7018176913261414, ""motion_duration_cued"": 1.3840667009353638, ""krauzlis_cued_motion"": 0.637613832950592, ""spatial_binding"": 0.6918461322784424, ""image_recognition"": 0.6904415488243103}","{""orientation_cued"": 0.375, ""motion_duration_cued"": 0.25, ""krauzlis_cued_motion"": 0.75, ""spatial_binding"": 0.5, ""image_recognition"": 0.5}","{""orientation_cued"": ""orientation_cued_D0"", ""motion_duration_cued"": ""motion_duration_cued_D4"", ""krauzlis_cued_motion"": ""krauzlis_B12"", ""spatial_binding"": ""spatial_binding_D24"", ""image_recognition"": ""image_recognition_N4_H5""}","{""orientation_cued"": {}, ""motion_duration_cued"": {}, ""krauzlis_cued_motion"": {}, ""spatial_binding"": {}, ""image_recognition"": {}}"
516,20640,433440,0.8149265766143798,0.525,0.6103236675262451,0,2.8623876571655273,"{""orientation_cued"": 0.6921600699424744, ""motion_duration_cued"": 1.390480875968933, ""krauzlis_cued_motion"": 0.6005714535713196, ""spatial_binding"": 0.6936058402061462, ""image_recognition"": 0.6978146433830261}","{""orientation_cued"": 0.625, ""motion_duration_cued"": 0.25, ""krauzlis_cued_motion"": 0.875, ""spatial_binding"": 0.5, ""image_recognition"": 0.375}","{""orientation_cued"": ""orientation_cued_D24"", ""motion_duration_cued"": ""motion_duration_cued_D24"", ""krauzlis_cued_motion"": ""krauzlis_B20"", ""spatial_binding"": ""spatial_binding_D12"", ""image_recognition"": ""image_recognition_N24_H3""}","{""orientation_cued"": {}, ""motion_duration_cued"": {}, ""krauzlis_cued_motion"": {}, ""spatial_binding"": {}, ""image_recognition"": {}}"
517,20680,434368,0.8476330161094665,0.425,0.5029029846191406,0,2.254923105239868,"{""orientation_cued"": 0.693061351776123, ""motion_duration_cued"": 1.382926344871521, ""krauzlis_cued_motion"": 0.7764959335327148, ""spatial_binding"": 0.6927834749221802, ""image_recognition"": 0.6928979754447937}","{""orientation_cued"": 0.5, ""motion_duration_cued"": 0.375, ""krauzlis_cued_motion"": 0.25, ""spatial_binding"": 0.5, ""image_recognition"": 0.5}","{""orientation_cued"": ""orientation_cued_D4"", ""motion_duration_cued"": ""motion_duration_cued_D4"", ""krauzlis_cued_motion"": ""krauzlis_B28"", ""spatial_binding"": ""spatial_binding_D12"", ""image_recognition"": ""image_recognition_N24_H3""}","{""orientation_cued"": {}, ""motion_duration_cued"": {}, ""krauzlis_cued_motion"": {}, ""spatial_binding"": {}, ""image_recognition"": {}}"
518,20720,435184,0.8201769232749939,0.5,0.33938249945640564,0,1.9895155429840088,"{""orientation_cued"": 0.6933068037033081, ""motion_duration_cued"": 1.3914614915847778, ""krauzlis_cued_motion"": 0.630208432674408, ""spatial_binding"": 0.6940515637397766, ""image_recognition"": 0.691856324672699}","{""orientation_cued"": 0.5, ""motion_duration_cued"": 0.125, ""krauzlis_cued_motion"": 0.75, ""spatial_binding"": 0.5, ""image_recognition"": 0.625}","{""orientation_cued"": ""orientation_cued_D12"", ""motion_duration_cued"": ""motion_duration_cued_D0"", ""krauzlis_cued_motion"": ""krauzlis_B20"", ""spatial_binding"": ""spatial_binding_D0"", ""image_recognition"": ""image_recognition_N24_H5""}","{""orientation_cued"": {}, ""motion_duration_cued"": {}, ""krauzlis_cued_motion"": {}, ""spatial_binding"": {}, ""image_recognition"": {}}"
519,20760,435864,0.8323583483695984,0.425,0.4998459815979004,0,1.6856305599212646,"{""orientation_cued"": 0.6936516165733337, ""motion_duration_cued"": 1.3815844058990479, ""krauzlis_cued_motion"": 0.7048852443695068, ""spatial_binding"": 0.6924841403961182, ""image_recognition"": 0.6891863346099854}","{""orientation_cued"": 0.25, ""motion_duration_cued"": 0.375, ""krauzlis_cued_motion"": 0.5, ""spatial_binding"": 0.5, ""image_recognition"": 0.5}","{""orientation_cued"": ""orientation_cued_D0"", ""motion_duration_cued"": ""motion_duration_cued_D12"", ""krauzlis_cued_motion"": ""krauzlis_B12"", ""spatial_binding"": ""spatial_binding_D4"", ""image_recognition"": ""image_recognition_N12_H4""}","{""orientation_cued"": {}, ""motion_duration_cued"": {}, ""krauzlis_cued_motion"": {}, ""spatial_binding"": {}, ""image_recognition"": {}}"
520,20800,437056,0.8458853602409363,0.375,0.5823941230773926,0,2.893555164337158,"{""orientation_cued"": 0.6995036005973816, ""motion_duration_cued"": 1.3969078063964844, ""krauzlis_cued_motion"": 0.7461562752723694, ""spatial_binding"": 0.6932526230812073, ""image_recognition"": 0.6936064958572388}","{""orientation_cued"": 0.375, ""motion_duration_cued"": 0.125, ""krauzlis_cued_motion"": 0.375, ""spatial_binding"": 0.5, ""image_recognition"": 0.5}","{""orientation_cued"": ""orientation_cued_D24"", ""motion_duration_cued"": ""motion_duration_cued_D24"", ""krauzlis_cued_motion"": ""krauzlis_B28"", ""spatial_binding"": ""spatial_binding_D24"", ""image_recognition"": ""image_recognition_N4_H4""}","{""orientation_cued"": {}, ""motion_duration_cued"": {}, ""krauzlis_cued_motion"": {}, ""spatial_binding"": {}, ""image_recognition"": {}}"
521,20840,437760,0.8334103107452393,0.475,0.29148295521736145,0,1.720719575881958,"{""orientation_cued"": 0.6865487694740295, ""motion_duration_cued"": 1.3880246877670288, ""krauzlis_cued_motion"": 0.7055237293243408, ""spatial_binding"": 0.6935251355171204, ""image_recognition"": 0.6934292316436768}","{""orientation_cued"": 0.625, ""motion_duration_cued"": 0.125, ""krauzlis_cued_motion"": 0.5, ""spatial_binding"": 0.5, ""image_recognition"": 0.625}","{""orientation_cued"": ""orientation_cued_D4"", ""motion_duration_cued"": ""motion_duration_cued_D4"", ""krauzlis_cued_motion"": ""krauzlis_B20"", ""spatial_binding"": ""spatial_binding_D4"", ""image_recognition"": ""image_recognition_N12_H3""}","{""orientation_cued"": {}, ""motion_duration_cued"": {}, ""krauzlis_cued_motion"": {}, ""spatial_binding"": {}, ""image_recognition"": {}}"
522,20880,438600,0.7069207740947604,0.525,0.4214392602443695,0,2.0193088054656982,"{""orientation_cued"": 0.700968861579895, ""motion_duration_cued"": 1.3856379985809326, ""krauzlis_cued_motion"": 0.7437728643417358, ""spatial_binding"": 0.6932079195976257, ""image_recognition"": 0.01101622637361288}","{""orientation_cued"": 0.375, ""motion_duration_cued"": 0.375, ""krauzlis_cued_motion"": 0.375, ""spatial_binding"": 0.5, ""image_recognition"": 1.0}","{""orientation_cued"": ""orientation_cued_D12"", ""motion_duration_cued"": ""motion_duration_cued_D12"", ""krauzlis_cued_motion"": ""krauzlis_B12"", ""spatial_binding"": ""spatial_binding_D24"", ""image_recognition"": ""image_recognition_N0_H4""}","{""orientation_cued"": {}, ""motion_duration_cued"": {}, ""krauzlis_cued_motion"": {}, ""spatial_binding"": {}, ""image_recognition"": {}}"
523,20920,439416,0.6844571452587843,0.575,0.5743202567100525,0,1.9774720668792725,"{""orientation_cued"": 0.6930346488952637, ""motion_duration_cued"": 1.3893489837646484, ""krauzlis_cued_motion"": 0.6297839879989624, ""spatial_binding"": 0.6939842700958252, ""image_recognition"": 0.016133835539221764}","{""orientation_cued"": 0.625, ""motion_duration_cued"": 0.25, ""krauzlis_cued_motion"": 0.75, ""spatial_binding"": 0.25, ""image_recognition"": 1.0}","{""orientation_cued"": ""orientation_cued_D0"", ""motion_duration_cued"": ""motion_duration_cued_D24"", ""krauzlis_cued_motion"": ""krauzlis_B20"", ""spatial_binding"": ""spatial_binding_D12"", ""image_recognition"": ""image_recognition_N0_H5""}","{""orientation_cued"": {}, ""motion_duration_cued"": {}, ""krauzlis_cued_motion"": {}, ""spatial_binding"": {}, ""image_recognition"": {}}"
524,20960,440216,0.8260566234588623,0.525,0.44563913345336914,0,1.988778829574585,"{""orientation_cued"": 0.6847273111343384, ""motion_duration_cued"": 1.384946346282959, ""krauzlis_cued_motion"": 0.6670476794242859, ""spatial_binding"": 0.6955257058143616, ""image_recognition"": 0.6980360746383667}","{""orientation_cued"": 0.75, ""motion_duration_cued"": 0.25, ""krauzlis_cued_motion"": 0.625, ""spatial_binding"": 0.5, ""image_recognition"": 0.5}","{""orientation_cued"": ""orientation_cued_D24"", ""motion_duration_cued"": ""motion_duration_cued_D0"", ""krauzlis_cued_motion"": ""krauzlis_B28"", ""spatial_binding"": ""spatial_binding_D0"", ""image_recognition"": ""image_recognition_N4_H3""}","{""orientation_cued"": {}, ""motion_duration_cued"": {}, ""krauzlis_cued_motion"": {}, ""spatial_binding"": {}, ""image_recognition"": {}}"
525,21000,440904,0.8251177549362183,0.5,0.30592361092567444,0,1.684593915939331,"{""orientation_cued"": 0.6871576905250549, ""motion_duration_cued"": 1.387171745300293, ""krauzlis_cued_motion"": 0.6675101518630981, ""spatial_binding"": 0.6928842067718506, ""image_recognition"": 0.6908649802207947}","{""orientation_cued"": 0.625, ""motion_duration_cued"": 0.25, ""krauzlis_cued_motion"": 0.625, ""spatial_binding"": 0.5, ""image_recognition"": 0.5}","{""orientation_cued"": ""orientation_cued_D12"", ""motion_duration_cued"": ""motion_duration_cued_D0"", ""krauzlis_cued_motion"": ""krauzlis_B12"", ""spatial_binding"": ""spatial_binding_D12"", ""image_recognition"": ""image_recognition_N4_H5""}","{""orientation_cued"": {}, ""motion_duration_cued"": {}, ""krauzlis_cued_motion"": {}, ""spatial_binding"": {}, ""image_recognition"": {}}"
526,21040,441704,0.7029444206506014,0.55,0.42592287063598633,0,1.9871435165405273,"{""orientation_cued"": 0.6867035627365112, ""motion_duration_cued"": 1.3863734006881714, ""krauzlis_cued_motion"": 0.7401866912841797, ""spatial_binding"": 0.6923736333847046, ""image_recognition"": 0.00908481515944004}","{""orientation_cued"": 0.625, ""motion_duration_cued"": 0.25, ""krauzlis_cued_motion"": 0.375, ""spatial_binding"": 0.5, ""image_recognition"": 1.0}","{""orientation_cued"": ""orientation_cued_D0"", ""motion_duration_cued"": ""motion_duration_cued_D12"", ""krauzlis_cued_motion"": ""krauzlis_B20"", ""spatial_binding"": ""spatial_binding_D24"", ""image_recognition"": ""image_recognition_N0_H3""}","{""orientation_cued"": {}, ""motion_duration_cued"": {}, ""krauzlis_cued_motion"": {}, ""spatial_binding"": {}, ""image_recognition"": {}}"
527,21080,442488,0.8344635486602783,0.45,0.3061167895793915,0,1.92862868309021,"{""orientation_cued"": 0.6934987306594849, ""motion_duration_cued"": 1.3874378204345703, ""krauzlis_cued_motion"": 0.7030928134918213, ""spatial_binding"": 0.693599283695221, ""image_recognition"": 0.6946890950202942}","{""orientation_cued"": 0.5, ""motion_duration_cued"": 0.25, ""krauzlis_cued_motion"": 0.5, ""spatial_binding"": 0.5, ""image_recognition"": 0.5}","{""orientation_cued"": ""orientation_cued_D4"", ""motion_duration_cued"": ""motion_duration_cued_D24"", ""krauzlis_cued_motion"": ""krauzlis_B12"", ""spatial_binding"": ""spatial_binding_D0"", ""image_recognition"": ""image_recognition_N12_H5""}","{""orientation_cued"": {}, ""motion_duration_cued"": {}, ""krauzlis_cued_motion"": {}, ""spatial_binding"": {}, ""image_recognition"": {}}"
528,21120,443520,0.8270204067230225,0.475,0.24393054842948914,0,2.5628395080566406,"{""orientation_cued"": 0.6938562393188477, ""motion_duration_cued"": 1.3887873888015747, ""krauzlis_cued_motion"": 0.6681878566741943, ""spatial_binding"": 0.6935783624649048, ""image_recognition"": 0.6906921863555908}","{""orientation_cued"": 0.5, ""motion_duration_cued"": 0.25, ""krauzlis_cued_motion"": 0.625, ""spatial_binding"": 0.5, ""image_recognition"": 0.5}","{""orientation_cued"": ""orientation_cued_D24"", ""motion_duration_cued"": ""motion_duration_cued_D4"", ""krauzlis_cued_motion"": ""krauzlis_B28"", ""spatial_binding"": ""spatial_binding_D4"", ""image_recognition"": ""image_recognition_N24_H4""}","{""orientation_cued"": {}, ""motion_duration_cued"": {}, ""krauzlis_cued_motion"": {}, ""spatial_binding"": {}, ""image_recognition"": {}}"
529,21160,444368,0.8229310035705566,0.525,0.391019731760025,0,2.1049962043762207,"{""orientation_cued"": 0.6739786267280579, ""motion_duration_cued"": 1.3862043619155884, ""krauzlis_cued_motion"": 0.6685906052589417, ""spatial_binding"": 0.692297637462616, ""image_recognition"": 0.6935837864875793}","{""orientation_cued"": 0.75, ""motion_duration_cued"": 0.25, ""krauzlis_cued_motion"": 0.625, ""spatial_binding"": 0.5, ""image_recognition"": 0.5}","{""orientation_cued"": ""orientation_cued_D24"", ""motion_duration_cued"": ""motion_duration_cued_D0"", ""krauzlis_cued_motion"": ""krauzlis_B28"", ""spatial_binding"": ""spatial_binding_D4"", ""image_recognition"": ""image_recognition_N4_H5""}","{""orientation_cued"": {}, ""motion_duration_cued"": {}, ""krauzlis_cued_motion"": {}, ""spatial_binding"": {}, ""image_recognition"": {}}"
530,21200,445056,0.7086396478116512,0.475,0.5474779605865479,0,1.6690518856048584,"{""orientation_cued"": 0.7194538712501526, ""motion_duration_cued"": 1.3863792419433594, ""krauzlis_cued_motion"": 0.7348024845123291, ""spatial_binding"": 0.693311870098114, ""image_recognition"": 0.009250771254301071}","{""orientation_cued"": 0.25, ""motion_duration_cued"": 0.25, ""krauzlis_cued_motion"": 0.375, ""spatial_binding"": 0.5, ""image_recognition"": 1.0}","{""orientation_cued"": ""orientation_cued_D4"", ""motion_duration_cued"": ""motion_duration_cued_D12"", ""krauzlis_cued_motion"": ""krauzlis_B12"", ""spatial_binding"": ""spatial_binding_D12"", ""image_recognition"": ""image_recognition_N0_H5""}","{""orientation_cued"": {}, ""motion_duration_cued"": {}, ""krauzlis_cued_motion"": {}, ""spatial_binding"": {}, ""image_recognition"": {}}"
531,21240,446144,0.8210716843605042,0.5,0.3393751084804535,0,2.70212459564209,"{""orientation_cued"": 0.6944692134857178, ""motion_duration_cued"": 1.384557843208313, ""krauzlis_cued_motion"": 0.6377383470535278, ""spatial_binding"": 0.693746030330658, ""image_recognition"": 0.6948469877243042}","{""orientation_cued"": 0.5, ""motion_duration_cued"": 0.25, ""krauzlis_cued_motion"": 0.75, ""spatial_binding"": 0.5, ""image_recognition"": 0.5}","{""orientation_cued"": ""orientation_cued_D12"", ""motion_duration_cued"": ""motion_duration_cued_D24"", ""krauzlis_cued_motion"": ""krauzlis_B20"", ""spatial_binding"": ""spatial_binding_D24"", ""image_recognition"": ""image_recognition_N12_H3""}","{""orientation_cued"": {}, ""motion_duration_cued"": {}, ""krauzlis_cued_motion"": {}, ""spatial_binding"": {}, ""image_recognition"": {}}"
532,21280,446736,0.8343466639518737,0.45,0.2736395299434662,0,1.4267032146453857,"{""orientation_cued"": 0.6976760625839233, ""motion_duration_cued"": 1.3907297849655151, ""krauzlis_cued_motion"": 0.700957179069519, ""spatial_binding"": 0.6917619109153748, ""image_recognition"": 0.6906083822250366}","{""orientation_cued"": 0.5, ""motion_duration_cued"": 0.25, ""krauzlis_cued_motion"": 0.5, ""spatial_binding"": 0.5, ""image_recognition"": 0.5}","{""orientation_cued"": ""orientation_cued_D0"", ""motion_duration_cued"": ""motion_duration_cued_D4"", ""krauzlis_cued_motion"": ""krauzlis_B12"", ""spatial_binding"": ""spatial_binding_D0"", ""image_recognition"": ""image_recognition_N12_H5""}","{""orientation_cued"": {}, ""motion_duration_cued"": {}, ""krauzlis_cued_motion"": {}, ""spatial_binding"": {}, ""image_recognition"": {}}"
533,21320,447504,0.833603310585022,0.45,0.25228098034858704,0,1.8241310119628906,"{""orientation_cued"": 0.6942518949508667, ""motion_duration_cued"": 1.3823145627975464, ""krauzlis_cued_motion"": 0.7006697654724121, ""spatial_binding"": 0.6926667094230652, ""image_recognition"": 0.6981136202812195}","{""orientation_cued"": 0.5, ""motion_duration_cued"": 0.25, ""krauzlis_cued_motion"": 0.5, ""spatial_binding"": 0.5, ""image_recognition"": 0.5}","{""orientation_cued"": ""orientation_cued_D4"", ""motion_duration_cued"": ""motion_duration_cued_D4"", ""krauzlis_cued_motion"": ""krauzlis_B28"", ""spatial_binding"": ""spatial_binding_D12"", ""image_recognition"": ""image_recognition_N4_H3""}","{""orientation_cued"": {}, ""motion_duration_cued"": {}, ""krauzlis_cued_motion"": {}, ""spatial_binding"": {}, ""image_recognition"": {}}"
534,21360,448416,0.8283132553100586,0.45,0.26236703991889954,0,2.157721519470215,"{""orientation_cued"": 0.6941675543785095, ""motion_duration_cued"": 1.3909196853637695, ""krauzlis_cued_motion"": 0.6703982949256897, ""spatial_binding"": 0.693536639213562, ""image_recognition"": 0.6925441026687622}","{""orientation_cued"": 0.5, ""motion_duration_cued"": 0.125, ""krauzlis_cued_motion"": 0.625, ""spatial_binding"": 0.5, ""image_recognition"": 0.5}","{""orientation_cued"": ""orientation_cued_D24"", ""motion_duration_cued"": ""motion_duration_cued_D0"", ""krauzlis_cued_motion"": ""krauzlis_B20"", ""spatial_binding"": ""spatial_binding_D0"", ""image_recognition"": ""image_recognition_N24_H5""}","{""orientation_cued"": {}, ""motion_duration_cued"": {}, ""krauzlis_cued_motion"": {}, ""spatial_binding"": {}, ""image_recognition"": {}}"
535,21400,449120,0.6637715125456453,0.65,0.7764400243759155,0,1.65213942527771,"{""orientation_cued"": 0.6458048820495605, ""motion_duration_cued"": 1.3887349367141724, ""krauzlis_cued_motion"": 0.5809282064437866, ""spatial_binding"": 0.6934114098548889, ""image_recognition"": 0.009978127665817738}","{""orientation_cued"": 0.75, ""motion_duration_cued"": 0.0, ""krauzlis_cued_motion"": 1.0, ""spatial_binding"": 0.5, ""image_recognition"": 1.0}","{""orientation_cued"": ""orientation_cued_D0"", ""motion_duration_cued"": ""motion_duration_cued_D12"", ""krauzlis_cued_motion"": ""krauzlis_B28"", ""spatial_binding"": ""spatial_binding_D4"", ""image_recognition"": ""image_recognition_N0_H3""}","{""orientation_cued"": {}, ""motion_duration_cued"": {}, ""krauzlis_cued_motion"": {}, ""spatial_binding"": {}, ""image_recognition"": {}}"
536,21440,450120,0.6857540186494588,0.6,0.5412248373031616,0,2.360471487045288,"{""orientation_cued"": 0.6713873744010925, ""motion_duration_cued"": 1.3864772319793701, ""krauzlis_cued_motion"": 0.6695548892021179, ""spatial_binding"": 0.6933721899986267, ""image_recognition"": 0.00797840766608715}","{""orientation_cued"": 0.75, ""motion_duration_cued"": 0.125, ""krauzlis_cued_motion"": 0.625, ""spatial_binding"": 0.5, ""image_recognition"": 1.0}","{""orientation_cued"": ""orientation_cued_D12"", ""motion_duration_cued"": ""motion_duration_cued_D24"", ""krauzlis_cued_motion"": ""krauzlis_B20"", ""spatial_binding"": ""spatial_binding_D24"", ""image_recognition"": ""image_recognition_N0_H4""}","{""orientation_cued"": {}, ""motion_duration_cued"": {}, ""krauzlis_cued_motion"": {}, ""spatial_binding"": {}, ""image_recognition"": {}}"
537,21480,450864,0.8482916116714477,0.375,0.5804582238197327,0,1.744171142578125,"{""orientation_cued"": 0.7062316536903381, ""motion_duration_cued"": 1.3842628002166748, ""krauzlis_cued_motion"": 0.7680588960647583, ""spatial_binding"": 0.6925187110900879, ""image_recognition"": 0.6903859972953796}","{""orientation_cued"": 0.375, ""motion_duration_cued"": 0.25, ""krauzlis_cued_motion"": 0.25, ""spatial_binding"": 0.5, ""image_recognition"": 0.5}","{""orientation_cued"": ""orientation_cued_D24"", ""motion_duration_cued"": ""motion_duration_cued_D4"", ""krauzlis_cued_motion"": ""krauzlis_B12"", ""spatial_binding"": ""spatial_binding_D4"", ""image_recognition"": ""image_recognition_N4_H4""}","{""orientation_cued"": {}, ""motion_duration_cued"": {}, ""krauzlis_cued_motion"": {}, ""spatial_binding"": {}, ""image_recognition"": {}}"
538,21520,451640,0.8361485958099365,0.45,0.4772874414920807,0,1.8388867378234863,"{""orientation_cued"": 0.7383362054824829, ""motion_duration_cued"": 1.3892749547958374, ""krauzlis_cued_motion"": 0.668363630771637, ""spatial_binding"": 0.6928351521492004, ""image_recognition"": 0.6919330358505249}","{""orientation_cued"": 0.375, ""motion_duration_cued"": 0.25, ""krauzlis_cued_motion"": 0.625, ""spatial_binding"": 0.5, ""image_recognition"": 0.5}","{""orientation_cued"": ""orientation_cued_D0"", ""motion_duration_cued"": ""motion_duration_cued_D0"", ""krauzlis_cued_motion"": ""krauzlis_B28"", ""spatial_binding"": ""spatial_binding_D12"", ""image_recognition"": ""image_recognition_N12_H4""}","{""orientation_cued"": {}, ""motion_duration_cued"": {}, ""krauzlis_cued_motion"": {}, ""spatial_binding"": {}, ""image_recognition"": {}}"
539,21560,452824,0.836547338962555,0.375,0.4001016914844513,0,2.798348903656006,"{""orientation_cued"": 0.7081911563873291, ""motion_duration_cued"": 1.3835434913635254, ""krauzlis_cued_motion"": 0.7023002505302429, ""spatial_binding"": 0.6931155920028687, ""image_recognition"": 0.6955862045288086}","{""orientation_cued"": 0.375, ""motion_duration_cued"": 0.25, ""krauzlis_cued_motion"": 0.5, ""spatial_binding"": 0.5, ""image_recognition"": 0.25}","{""orientation_cued"": ""orientation_cued_D12"", ""motion_duration_cued"": ""motion_duration_cued_D24"", ""krauzlis_cued_motion"": ""krauzlis_B20"", ""spatial_binding"": ""spatial_binding_D24"", ""image_recognition"": ""image_recognition_N24_H3""}","{""orientation_cued"": {}, ""motion_duration_cued"": {}, ""krauzlis_cued_motion"": {}, ""spatial_binding"": {}, ""image_recognition"": {}}"
540,21600,453600,0.8197319269180298,0.45,0.40465986728668213,0,1.8181936740875244,"{""orientation_cued"": 0.6856069564819336, ""motion_duration_cued"": 1.3904304504394531, ""krauzlis_cued_motion"": 0.6349337697029114, ""spatial_binding"": 0.6930598616600037, ""image_recognition"": 0.6946285963058472}","{""orientation_cued"": 0.625, ""motion_duration_cued"": 0.125, ""krauzlis_cued_motion"": 0.75, ""spatial_binding"": 0.5, ""image_recognition"": 0.25}","{""orientation_cued"": ""orientation_cued_D4"", ""motion_duration_cued"": ""motion_duration_cued_D12"", ""krauzlis_cued_motion"": ""krauzlis_B12"", ""spatial_binding"": ""spatial_binding_D0"", ""image_recognition"": ""image_recognition_N24_H4""}","{""orientation_cued"": {}, ""motion_duration_cued"": {}, ""krauzlis_cued_motion"": {}, ""spatial_binding"": {}, ""image_recognition"": {}}"
541,21640,454256,0.6917106486856938,0.575,0.44777724146842957,0,1.5582170486450195,"{""orientation_cued"": 0.6951048374176025, ""motion_duration_cued"": 1.3919929265975952, ""krauzlis_cued_motion"": 0.6680493354797363, ""spatial_binding"": 0.6942567825317383, ""image_recognition"": 0.009149361401796341}","{""orientation_cued"": 0.5, ""motion_duration_cued"": 0.25, ""krauzlis_cued_motion"": 0.625, ""spatial_binding"": 0.5, ""image_recognition"": 1.0}","{""orientation_cued"": ""orientation_cued_D4"", ""motion_duration_cued"": ""motion_duration_cued_D12"", ""krauzlis_cued_motion"": ""krauzlis_B20"", ""spatial_binding"": ""spatial_binding_D0"", ""image_recognition"": ""image_recognition_N0_H5""}","{""orientation_cued"": {}, ""motion_duration_cued"": {}, ""krauzlis_cued_motion"": {}, ""spatial_binding"": {}, ""image_recognition"": {}}"
542,21680,455264,0.8272110462188721,0.5,0.4587566554546356,0,2.377910852432251,"{""orientation_cued"": 0.702350914478302, ""motion_duration_cued"": 1.3884620666503906, ""krauzlis_cued_motion"": 0.6672192811965942, ""spatial_binding"": 0.6933413147926331, ""image_recognition"": 0.6846816539764404}","{""orientation_cued"": 0.5, ""motion_duration_cued"": 0.25, ""krauzlis_cued_motion"": 0.625, ""spatial_binding"": 0.5, ""image_recognition"": 0.625}","{""orientation_cued"": ""orientation_cued_D0"", ""motion_duration_cued"": ""motion_duration_cued_D4"", ""krauzlis_cued_motion"": ""krauzlis_B28"", ""spatial_binding"": ""spatial_binding_D24"", ""image_recognition"": ""image_recognition_N24_H5""}","{""orientation_cued"": {}, ""motion_duration_cued"": {}, ""krauzlis_cued_motion"": {}, ""spatial_binding"": {}, ""image_recognition"": {}}"
543,21720,456144,0.8308380722999573,0.425,0.4942662715911865,0,2.063248872756958,"{""orientation_cued"": 0.7193379402160645, ""motion_duration_cued"": 1.3869041204452515, ""krauzlis_cued_motion"": 0.6667851209640503, ""spatial_binding"": 0.6928693056106567, ""image_recognition"": 0.6882938742637634}","{""orientation_cued"": 0.25, ""motion_duration_cued"": 0.25, ""krauzlis_cued_motion"": 0.625, ""spatial_binding"": 0.5, ""image_recognition"": 0.5}","{""orientation_cued"": ""orientation_cued_D12"", ""motion_duration_cued"": ""motion_duration_cued_D24"", ""krauzlis_cued_motion"": ""krauzlis_B12"", ""spatial_binding"": ""spatial_binding_D4"", ""image_recognition"": ""image_recognition_N12_H5""}","{""orientation_cued"": {}, ""motion_duration_cued"": {}, ""krauzlis_cued_motion"": {}, ""spatial_binding"": {}, ""image_recognition"": {}}"
544,21760,456888,0.693891778588295,0.6,0.4370800256729126,0,1.7661166191101074,"{""orientation_cued"": 0.6763289570808411, ""motion_duration_cued"": 1.3856358528137207, ""krauzlis_cued_motion"": 0.7053380012512207, ""spatial_binding"": 0.6938132643699646, ""image_recognition"": 0.008342817425727844}","{""orientation_cued"": 0.75, ""motion_duration_cued"": 0.25, ""krauzlis_cued_motion"": 0.5, ""spatial_binding"": 0.5, ""image_recognition"": 1.0}","{""orientation_cued"": ""orientation_cued_D24"", ""motion_duration_cued"": ""motion_duration_cued_D0"", ""krauzlis_cued_motion"": ""krauzlis_B12"", ""spatial_binding"": ""spatial_binding_D12"", ""image_recognition"": ""image_recognition_N0_H4""}","{""orientation_cued"": {}, ""motion_duration_cued"": {}, ""krauzlis_cued_motion"": {}, ""spatial_binding"": {}, ""image_recognition"": {}}"
545,21800,457824,0.843276298046112,0.425,0.3543621599674225,0,2.2127647399902344,"{""orientation_cued"": 0.693391740322113, ""motion_duration_cued"": 1.3870418071746826, ""krauzlis_cued_motion"": 0.746621310710907, ""spatial_binding"": 0.6933225393295288, ""image_recognition"": 0.6960040926933289}","{""orientation_cued"": 0.5, ""motion_duration_cued"": 0.25, ""krauzlis_cued_motion"": 0.375, ""spatial_binding"": 0.5, ""image_recognition"": 0.5}","{""orientation_cued"": ""orientation_cued_D4"", ""motion_duration_cued"": ""motion_duration_cued_D4"", ""krauzlis_cued_motion"": ""krauzlis_B28"", ""spatial_binding"": ""spatial_binding_D24"", ""image_recognition"": ""image_recognition_N12_H4""}","{""orientation_cued"": {}, ""motion_duration_cued"": {}, ""krauzlis_cued_motion"": {}, ""spatial_binding"": {}, ""image_recognition"": {}}"
546,21840,458432,0.8360701560974121,0.425,0.28740593791007996,0,1.4333748817443848,"{""orientation_cued"": 0.6993666887283325, ""motion_duration_cued"": 1.3887547254562378, ""krauzlis_cued_motion"": 0.7059179544448853, ""spatial_binding"": 0.6960455179214478, ""image_recognition"": 0.6902658939361572}","{""orientation_cued"": 0.5, ""motion_duration_cued"": 0.125, ""krauzlis_cued_motion"": 0.5, ""spatial_binding"": 0.5, ""image_recognition"": 0.5}","{""orientation_cued"": ""orientation_cued_D0"", ""motion_duration_cued"": ""motion_duration_cued_D0"", ""krauzlis_cued_motion"": ""krauzlis_B20"", ""spatial_binding"": ""spatial_binding_D0"", ""image_recognition"": ""image_recognition_N12_H3""}","{""orientation_cued"": {}, ""motion_duration_cued"": {}, ""krauzlis_cued_motion"": {}, ""spatial_binding"": {}, ""image_recognition"": {}}"
547,21880,459152,0.8439388871192932,0.4,0.43398019671440125,0,1.7110934257507324,"{""orientation_cued"": 0.6939499378204346, ""motion_duration_cued"": 1.3860290050506592, ""krauzlis_cued_motion"": 0.7448111176490784, ""spatial_binding"": 0.69244784116745, ""image_recognition"": 0.702456533908844}","{""orientation_cued"": 0.5, ""motion_duration_cued"": 0.125, ""krauzlis_cued_motion"": 0.375, ""spatial_binding"": 0.5, ""image_recognition"": 0.5}","{""orientation_cued"": ""orientation_cued_D12"", ""motion_duration_cued"": ""motion_duration_cued_D12"", ""krauzlis_cued_motion"": ""krauzlis_B12"", ""spatial_binding"": ""spatial_binding_D4"", ""image_recognition"": ""image_recognition_N4_H5""}","{""orientation_cued"": {}, ""motion_duration_cued"": {}, ""krauzlis_cued_motion"": {}, ""spatial_binding"": {}, ""image_recognition"": {}}"
548,21920,460400,0.8278975129127503,0.45,0.29971712827682495,0,2.943229913711548,"{""orientation_cued"": 0.6937167048454285, ""motion_duration_cued"": 1.3889371156692505, ""krauzlis_cued_motion"": 0.6668357849121094, ""spatial_binding"": 0.6924753785133362, ""image_recognition"": 0.6975225806236267}","{""orientation_cued"": 0.5, ""motion_duration_cued"": 0.125, ""krauzlis_cued_motion"": 0.625, ""spatial_binding"": 0.625, ""image_recognition"": 0.375}","{""orientation_cued"": ""orientation_cued_D24"", ""motion_duration_cued"": ""motion_duration_cued_D24"", ""krauzlis_cued_motion"": ""krauzlis_B28"", ""spatial_binding"": ""spatial_binding_D12"", ""image_recognition"": ""image_recognition_N24_H3""}","{""orientation_cued"": {}, ""motion_duration_cued"": {}, ""krauzlis_cued_motion"": {}, ""spatial_binding"": {}, ""image_recognition"": {}}"
549,21960,461200,0.6885782055556774,0.6,0.27570289373397827,0,1.875471591949463,"{""orientation_cued"": 0.6856493949890137, ""motion_duration_cued"": 1.3881065845489502, ""krauzlis_cued_motion"": 0.6672946810722351, ""spatial_binding"": 0.6934331059455872, ""image_recognition"": 0.008407261222600937}","{""orientation_cued"": 0.625, ""motion_duration_cued"": 0.25, ""krauzlis_cued_motion"": 0.625, ""spatial_binding"": 0.5, ""image_recognition"": 1.0}","{""orientation_cued"": ""orientation_cued_D24"", ""motion_duration_cued"": ""motion_duration_cued_D0"", ""krauzlis_cued_motion"": ""krauzlis_B20"", ""spatial_binding"": ""spatial_binding_D12"", ""image_recognition"": ""image_recognition_N0_H3""}","{""orientation_cued"": {}, ""motion_duration_cued"": {}, ""krauzlis_cued_motion"": {}, ""spatial_binding"": {}, ""image_recognition"": {}}"
550,22000,462104,0.8168209433555603,0.5,0.3507969379425049,0,2.135810136795044,"{""orientation_cued"": 0.6733622550964355, ""motion_duration_cued"": 1.385759711265564, ""krauzlis_cued_motion"": 0.6315150856971741, ""spatial_binding"": 0.693301796913147, ""image_recognition"": 0.700165867805481}","{""orientation_cued"": 0.625, ""motion_duration_cued"": 0.25, ""krauzlis_cued_motion"": 0.75, ""spatial_binding"": 0.5, ""image_recognition"": 0.375}","{""orientation_cued"": ""orientation_cued_D0"", ""motion_duration_cued"": ""motion_duration_cued_D12"", ""krauzlis_cued_motion"": ""krauzlis_B28"", ""spatial_binding"": ""spatial_binding_D24"", ""image_recognition"": ""image_recognition_N4_H4""}","{""orientation_cued"": {}, ""motion_duration_cued"": {}, ""krauzlis_cued_motion"": {}, ""spatial_binding"": {}, ""image_recognition"": {}}"
551,22040,462912,0.832021427154541,0.475,0.41883254051208496,0,1.9166994094848633,"{""orientation_cued"": 0.6860231757164001, ""motion_duration_cued"": 1.3858619928359985, ""krauzlis_cued_motion"": 0.7034826278686523, ""spatial_binding"": 0.6932768225669861, ""image_recognition"": 0.691462516784668}","{""orientation_cued"": 0.625, ""motion_duration_cued"": 0.25, ""krauzlis_cued_motion"": 0.5, ""spatial_binding"": 0.5, ""image_recognition"": 0.5}","{""orientation_cued"": ""orientation_cued_D4"", ""motion_duration_cued"": ""motion_duration_cued_D4"", ""krauzlis_cued_motion"": ""krauzlis_B20"", ""spatial_binding"": ""spatial_binding_D4"", ""image_recognition"": ""image_recognition_N24_H4""}","{""orientation_cued"": {}, ""motion_duration_cued"": {}, ""krauzlis_cued_motion"": {}, ""spatial_binding"": {}, ""image_recognition"": {}}"
552,22080,463680,0.8220237135887146,0.45,0.5034706592559814,0,1.7990620136260986,"{""orientation_cued"": 0.7053427696228027, ""motion_duration_cued"": 1.388831615447998, ""krauzlis_cued_motion"": 0.6323810815811157, ""spatial_binding"": 0.6925418376922607, ""image_recognition"": 0.6910212635993958}","{""orientation_cued"": 0.375, ""motion_duration_cued"": 0.125, ""krauzlis_cued_motion"": 0.75, ""spatial_binding"": 0.5, ""image_recognition"": 0.5}","{""orientation_cued"": ""orientation_cued_D12"", ""motion_duration_cued"": ""motion_duration_cued_D24"", ""krauzlis_cued_motion"": ""krauzlis_B12"", ""spatial_binding"": ""spatial_binding_D0"", ""image_recognition"": ""image_recognition_N4_H3""}","{""orientation_cued"": {}, ""motion_duration_cued"": {}, ""krauzlis_cued_motion"": {}, ""spatial_binding"": {}, ""image_recognition"": {}}"
553,22120,464400,0.8190532326698303,0.525,0.33500853180885315,0,1.7398927211761475,"{""orientation_cued"": 0.6939597129821777, ""motion_duration_cued"": 1.3827449083328247, ""krauzlis_cued_motion"": 0.630678117275238, ""spatial_binding"": 0.6915758848190308, ""image_recognition"": 0.6963075399398804}","{""orientation_cued"": 0.5, ""motion_duration_cued"": 0.375, ""krauzlis_cued_motion"": 0.75, ""spatial_binding"": 0.5, ""image_recognition"": 0.5}","{""orientation_cued"": ""orientation_cued_D4"", ""motion_duration_cued"": ""motion_duration_cued_D0"", ""krauzlis_cued_motion"": ""krauzlis_B28"", ""spatial_binding"": ""spatial_binding_D0"", ""image_recognition"": ""image_recognition_N12_H5""}","{""orientation_cued"": {}, ""motion_duration_cued"": {}, ""krauzlis_cued_motion"": {}, ""spatial_binding"": {}, ""image_recognition"": {}}"
554,22160,465280,0.7051726501435042,0.5,0.371924489736557,0,2.066182851791382,"{""orientation_cued"": 0.6939409375190735, ""motion_duration_cued"": 1.388624906539917, ""krauzlis_cued_motion"": 0.7417795658111572, ""spatial_binding"": 0.6932296752929688, ""image_recognition"": 0.008288165554404259}","{""orientation_cued"": 0.5, ""motion_duration_cued"": 0.125, ""krauzlis_cued_motion"": 0.375, ""spatial_binding"": 0.5, ""image_recognition"": 1.0}","{""orientation_cued"": ""orientation_cued_D24"", ""motion_duration_cued"": ""motion_duration_cued_D24"", ""krauzlis_cued_motion"": ""krauzlis_B12"", ""spatial_binding"": ""spatial_binding_D4"", ""image_recognition"": ""image_recognition_N0_H5""}","{""orientation_cued"": {}, ""motion_duration_cued"": {}, ""krauzlis_cued_motion"": {}, ""spatial_binding"": {}, ""image_recognition"": {}}"
555,22200,466056,0.8344372034072876,0.475,0.23533429205417633,0,1.9340481758117676,"{""orientation_cued"": 0.6942130923271179, ""motion_duration_cued"": 1.389323353767395, ""krauzlis_cued_motion"": 0.7046177387237549, ""spatial_binding"": 0.6932005286216736, ""image_recognition"": 0.6908313035964966}","{""orientation_cued"": 0.5, ""motion_duration_cued"": 0.25, ""krauzlis_cued_motion"": 0.5, ""spatial_binding"": 0.5, ""image_recognition"": 0.625}","{""orientation_cued"": ""orientation_cued_D12"", ""motion_duration_cued"": ""motion_duration_cued_D4"", ""krauzlis_cued_motion"": ""krauzlis_B20"", ""spatial_binding"": ""spatial_binding_D12"", ""image_recognition"": ""image_recognition_N4_H4""}","{""orientation_cued"": {}, ""motion_duration_cued"": {}, ""krauzlis_cued_motion"": {}, ""spatial_binding"": {}, ""image_recognition"": {}}"
556,22240,466952,0.8271403193473816,0.525,0.2512320876121521,0,2.1760308742523193,"{""orientation_cued"": 0.6978967189788818, ""motion_duration_cued"": 1.3865376710891724, ""krauzlis_cued_motion"": 0.6667511463165283, ""spatial_binding"": 0.6938873529434204, ""image_recognition"": 0.690628707408905}","{""orientation_cued"": 0.5, ""motion_duration_cued"": 0.25, ""krauzlis_cued_motion"": 0.625, ""spatial_binding"": 0.5, ""image_recognition"": 0.75}","{""orientation_cued"": ""orientation_cued_D0"", ""motion_duration_cued"": ""motion_duration_cued_D12"", ""krauzlis_cued_motion"": ""krauzlis_B28"", ""spatial_binding"": ""spatial_binding_D24"", ""image_recognition"": ""image_recognition_N4_H3""}","{""orientation_cued"": {}, ""motion_duration_cued"": {}, ""krauzlis_cued_motion"": {}, ""spatial_binding"": {}, ""image_recognition"": {}}"
557,22280,468080,0.8234217882156372,0.55,0.4302849769592285,0,2.8338773250579834,"{""orientation_cued"": 0.6757757067680359, ""motion_duration_cued"": 1.3882622718811035, ""krauzlis_cued_motion"": 0.6668407917022705, ""spatial_binding"": 0.6941660642623901, ""image_recognition"": 0.692064106464386}","{""orientation_cued"": 0.75, ""motion_duration_cued"": 0.25, ""krauzlis_cued_motion"": 0.625, ""spatial_binding"": 0.5, ""image_recognition"": 0.625}","{""orientation_cued"": ""orientation_cued_D24"", ""motion_duration_cued"": ""motion_duration_cued_D24"", ""krauzlis_cued_motion"": ""krauzlis_B12"", ""spatial_binding"": ""spatial_binding_D12"", ""image_recognition"": ""image_recognition_N24_H4""}","{""orientation_cued"": {}, ""motion_duration_cued"": {}, ""krauzlis_cued_motion"": {}, ""spatial_binding"": {}, ""image_recognition"": {}}"
558,22320,469104,0.8302262663841248,0.425,0.4646529257297516,0,2.4674580097198486,"{""orientation_cued"": 0.7124730348587036, ""motion_duration_cued"": 1.3867926597595215, ""krauzlis_cued_motion"": 0.6666120886802673, ""spatial_binding"": 0.6937285661697388, ""image_recognition"": 0.6915249824523926}","{""orientation_cued"": 0.25, ""motion_duration_cued"": 0.25, ""krauzlis_cued_motion"": 0.625, ""spatial_binding"": 0.5, ""image_recognition"": 0.5}","{""orientation_cued"": ""orientation_cued_D4"", ""motion_duration_cued"": ""motion_duration_cued_D12"", ""krauzlis_cued_motion"": ""krauzlis_B20"", ""spatial_binding"": ""spatial_binding_D24"", ""image_recognition"": ""image_recognition_N24_H3""}","{""orientation_cued"": {}, ""motion_duration_cued"": {}, ""krauzlis_cued_motion"": {}, ""spatial_binding"": {}, ""image_recognition"": {}}"
559,22360,469776,0.8272491931915283,0.45,0.32975050806999207,0,1.651275634765625,"{""orientation_cued"": 0.7051581144332886, ""motion_duration_cued"": 1.3835086822509766, ""krauzlis_cued_motion"": 0.6664882898330688, ""spatial_binding"": 0.6901485323905945, ""image_recognition"": 0.6909423470497131}","{""orientation_cued"": 0.375, ""motion_duration_cued"": 0.25, ""krauzlis_cued_motion"": 0.625, ""spatial_binding"": 0.5, ""image_recognition"": 0.5}","{""orientation_cued"": ""orientation_cued_D12"", ""motion_duration_cued"": ""motion_duration_cued_D4"", ""krauzlis_cued_motion"": ""krauzlis_B12"", ""spatial_binding"": ""spatial_binding_D0"", ""image_recognition"": ""image_recognition_N12_H3""}","{""orientation_cued"": {}, ""motion_duration_cued"": {}, ""krauzlis_cued_motion"": {}, ""spatial_binding"": {}, ""image_recognition"": {}}"
560,22400,470384,0.6949502123519778,0.55,0.40759557485580444,0,1.4801852703094482,"{""orientation_cued"": 0.7188223600387573, ""motion_duration_cued"": 1.3906911611557007, ""krauzlis_cued_motion"": 0.6661679744720459, ""spatial_binding"": 0.6914913654327393, ""image_recognition"": 0.007578200660645962}","{""orientation_cued"": 0.375, ""motion_duration_cued"": 0.25, ""krauzlis_cued_motion"": 0.625, ""spatial_binding"": 0.5, ""image_recognition"": 1.0}","{""orientation_cued"": ""orientation_cued_D0"", ""motion_duration_cued"": ""motion_duration_cued_D0"", ""krauzlis_cued_motion"": ""krauzlis_B28"", ""spatial_binding"": ""spatial_binding_D4"", ""image_recognition"": ""image_recognition_N0_H3""}","{""orientation_cued"": {}, ""motion_duration_cued"": {}, ""krauzlis_cued_motion"": {}, ""spatial_binding"": {}, ""image_recognition"": {}}"
561,22440,471008,0.8536806106567383,0.375,0.6721827387809753,0,1.5636720657348633,"{""orientation_cued"": 0.6967053413391113, ""motion_duration_cued"": 1.38602876663208, ""krauzlis_cued_motion"": 0.7871269583702087, ""spatial_binding"": 0.6937459111213684, ""image_recognition"": 0.7047960758209229}","{""orientation_cued"": 0.5, ""motion_duration_cued"": 0.5, ""krauzlis_cued_motion"": 0.25, ""spatial_binding"": 0.5, ""image_recognition"": 0.125}","{""orientation_cued"": ""orientation_cued_D0"", ""motion_duration_cued"": ""motion_duration_cued_D4"", ""krauzlis_cued_motion"": ""krauzlis_B20"", ""spatial_binding"": ""spatial_binding_D4"", ""image_recognition"": ""image_recognition_N4_H5""}","{""orientation_cued"": {}, ""motion_duration_cued"": {}, ""krauzlis_cued_motion"": {}, ""spatial_binding"": {}, ""image_recognition"": {}}"
562,22480,471848,0.8271600365638733,0.45,0.4483543336391449,0,2.093244791030884,"{""orientation_cued"": 0.6933127641677856, ""motion_duration_cued"": 1.391472578048706, ""krauzlis_cued_motion"": 0.6659996509552002, ""spatial_binding"": 0.6961674690246582, ""image_recognition"": 0.6888477206230164}","{""orientation_cued"": 0.5, ""motion_duration_cued"": 0.0, ""krauzlis_cued_motion"": 0.625, ""spatial_binding"": 0.5, ""image_recognition"": 0.625}","{""orientation_cued"": ""orientation_cued_D12"", ""motion_duration_cued"": ""motion_duration_cued_D24"", ""krauzlis_cued_motion"": ""krauzlis_B12"", ""spatial_binding"": ""spatial_binding_D0"", ""image_recognition"": ""image_recognition_N12_H4""}","{""orientation_cued"": {}, ""motion_duration_cued"": {}, ""krauzlis_cued_motion"": {}, ""spatial_binding"": {}, ""image_recognition"": {}}"
563,22520,472720,0.6965954847633838,0.55,0.2560519278049469,0,2.24450421333313,"{""orientation_cued"": 0.6936914324760437, ""motion_duration_cued"": 1.3830326795578003, ""krauzlis_cued_motion"": 0.7049813866615295, ""spatial_binding"": 0.6933624148368835, ""image_recognition"": 0.007909510284662247}","{""orientation_cued"": 0.5, ""motion_duration_cued"": 0.25, ""krauzlis_cued_motion"": 0.5, ""spatial_binding"": 0.5, ""image_recognition"": 1.0}","{""orientation_cued"": ""orientation_cued_D24"", ""motion_duration_cued"": ""motion_duration_cued_D0"", ""krauzlis_cued_motion"": ""krauzlis_B28"", ""spatial_binding"": ""spatial_binding_D12"", ""image_recognition"": ""image_recognition_N0_H4""}","{""orientation_cued"": {}, ""motion_duration_cued"": {}, ""krauzlis_cued_motion"": {}, ""spatial_binding"": {}, ""image_recognition"": {}}"
564,22560,473760,0.8494075298309326,0.4,0.5115227103233337,0,2.5113227367401123,"{""orientation_cued"": 0.6936960816383362, ""motion_duration_cued"": 1.3877545595169067, ""krauzlis_cued_motion"": 0.7811376452445984, ""spatial_binding"": 0.6931968927383423, ""image_recognition"": 0.6912524700164795}","{""orientation_cued"": 0.5, ""motion_duration_cued"": 0.25, ""krauzlis_cued_motion"": 0.25, ""spatial_binding"": 0.5, ""image_recognition"": 0.5}","{""orientation_cued"": ""orientation_cued_D4"", ""motion_duration_cued"": ""motion_duration_cued_D12"", ""krauzlis_cued_motion"": ""krauzlis_B20"", ""spatial_binding"": ""spatial_binding_D24"", ""image_recognition"": ""image_recognition_N24_H5""}","{""orientation_cued"": {}, ""motion_duration_cued"": {}, ""krauzlis_cued_motion"": {}, ""spatial_binding"": {}, ""image_recognition"": {}}"
565,22600,474528,0.8170551300048828,0.475,0.5990945100784302,0,1.8500444889068604,"{""orientation_cued"": 0.7100650668144226, ""motion_duration_cued"": 1.3897290229797363, ""krauzlis_cued_motion"": 0.5958083271980286, ""spatial_binding"": 0.6939122080802917, ""image_recognition"": 0.6957610249519348}","{""orientation_cued"": 0.375, ""motion_duration_cued"": 0.125, ""krauzlis_cued_motion"": 0.875, ""spatial_binding"": 0.5, ""image_recognition"": 0.5}","{""orientation_cued"": ""orientation_cued_D0"", ""motion_duration_cued"": ""motion_duration_cued_D4"", ""krauzlis_cued_motion"": ""krauzlis_B12"", ""spatial_binding"": ""spatial_binding_D12"", ""image_recognition"": ""image_recognition_N24_H3""}","{""orientation_cued"": {}, ""motion_duration_cued"": {}, ""krauzlis_cued_motion"": {}, ""spatial_binding"": {}, ""image_recognition"": {}}"
566,22640,475280,0.8199061274528503,0.475,0.38237452507019043,0,1.8708767890930176,"{""orientation_cued"": 0.6965415477752686, ""motion_duration_cued"": 1.3860392570495605, ""krauzlis_cued_motion"": 0.6318883895874023, ""spatial_binding"": 0.6946544647216797, ""image_recognition"": 0.6904069781303406}","{""orientation_cued"": 0.375, ""motion_duration_cued"": 0.375, ""krauzlis_cued_motion"": 0.75, ""spatial_binding"": 0.5, ""image_recognition"": 0.375}","{""orientation_cued"": ""orientation_cued_D24"", ""motion_duration_cued"": ""motion_duration_cued_D0"", ""krauzlis_cued_motion"": ""krauzlis_B20"", ""spatial_binding"": ""spatial_binding_D0"", ""image_recognition"": ""image_recognition_N4_H5""}","{""orientation_cued"": {}, ""motion_duration_cued"": {}, ""krauzlis_cued_motion"": {}, ""spatial_binding"": {}, ""image_recognition"": {}}"
567,22680,476288,0.6967949736863375,0.55,0.38388627767562866,0,2.705115795135498,"{""orientation_cued"": 0.6950017213821411, ""motion_duration_cued"": 1.383939504623413, ""krauzlis_cued_motion"": 0.7035783529281616, ""spatial_binding"": 0.6931329965591431, ""image_recognition"": 0.008322292938828468}","{""orientation_cued"": 0.375, ""motion_duration_cued"": 0.375, ""krauzlis_cued_motion"": 0.5, ""spatial_binding"": 0.5, ""image_recognition"": 1.0}","{""orientation_cued"": ""orientation_cued_D4"", ""motion_duration_cued"": ""motion_duration_cued_D24"", ""krauzlis_cued_motion"": ""krauzlis_B28"", ""spatial_binding"": ""spatial_binding_D24"", ""image_recognition"": ""image_recognition_N0_H5""}","{""orientation_cued"": {}, ""motion_duration_cued"": {}, ""krauzlis_cued_motion"": {}, ""spatial_binding"": {}, ""image_recognition"": {}}"
568,22720,477000,0.813343608379364,0.475,0.5680066347122192,0,1.8592641353607178,"{""orientation_cued"": 0.6937267780303955, ""motion_duration_cued"": 1.3918291330337524, ""krauzlis_cued_motion"": 0.5953044295310974, ""spatial_binding"": 0.6926078796386719, ""image_recognition"": 0.6932498216629028}","{""orientation_cued"": 0.375, ""motion_duration_cued"": 0.125, ""krauzlis_cued_motion"": 0.875, ""spatial_binding"": 0.5, ""image_recognition"": 0.5}","{""orientation_cued"": ""orientation_cued_D12"", ""motion_duration_cued"": ""motion_duration_cued_D12"", ""krauzlis_cued_motion"": ""krauzlis_B12"", ""spatial_binding"": ""spatial_binding_D4"", ""image_recognition"": ""image_recognition_N4_H4""}","{""orientation_cued"": {}, ""motion_duration_cued"": {}, ""krauzlis_cued_motion"": {}, ""spatial_binding"": {}, ""image_recognition"": {}}"
569,22760,477608,0.7070576548576355,0.5,0.46883898973464966,0,1.5904977321624756,"{""orientation_cued"": 0.6929432153701782, ""motion_duration_cued"": 1.3977150917053223, ""krauzlis_cued_motion"": 0.7420636415481567, ""spatial_binding"": 0.6929530501365662, ""image_recognition"": 0.009613275527954102}","{""orientation_cued"": 0.5, ""motion_duration_cued"": 0.125, ""krauzlis_cued_motion"": 0.375, ""spatial_binding"": 0.5, ""image_recognition"": 1.0}","{""orientation_cued"": ""orientation_cued_D0"", ""motion_duration_cued"": ""motion_duration_cued_D0"", ""krauzlis_cued_motion"": ""krauzlis_B20"", ""spatial_binding"": ""spatial_binding_D12"", ""image_recognition"": ""image_recognition_N0_H3""}","{""orientation_cued"": {}, ""motion_duration_cued"": {}, ""krauzlis_cued_motion"": {}, ""spatial_binding"": {}, ""image_recognition"": {}}"
570,22800,478344,0.8258509874343872,0.45,0.36412936449050903,0,1.8797035217285156,"{""orientation_cued"": 0.6923846006393433, ""motion_duration_cued"": 1.3818801641464233, ""krauzlis_cued_motion"": 0.6667335033416748, ""spatial_binding"": 0.696192741394043, ""image_recognition"": 0.6920639276504517}","{""orientation_cued"": 0.5, ""motion_duration_cued"": 0.375, ""krauzlis_cued_motion"": 0.625, ""spatial_binding"": 0.5, ""image_recognition"": 0.25}","{""orientation_cued"": ""orientation_cued_D4"", ""motion_duration_cued"": ""motion_duration_cued_D4"", ""krauzlis_cued_motion"": ""krauzlis_B28"", ""spatial_binding"": ""spatial_binding_D0"", ""image_recognition"": ""image_recognition_N12_H3""}","{""orientation_cued"": {}, ""motion_duration_cued"": {}, ""krauzlis_cued_motion"": {}, ""spatial_binding"": {}, ""image_recognition"": {}}"
571,22840,479280,0.6965244688093662,0.6,0.291517049074173,0,2.3962342739105225,"{""orientation_cued"": 0.6915705800056458, ""motion_duration_cued"": 1.3850007057189941, ""krauzlis_cued_motion"": 0.7050769329071045, ""spatial_binding"": 0.6928653120994568, ""image_recognition"": 0.008108813315629959}","{""orientation_cued"": 0.625, ""motion_duration_cued"": 0.25, ""krauzlis_cued_motion"": 0.5, ""spatial_binding"": 0.625, ""image_recognition"": 1.0}","{""orientation_cued"": ""orientation_cued_D24"", ""motion_duration_cued"": ""motion_duration_cued_D12"", ""krauzlis_cued_motion"": ""krauzlis_B12"", ""spatial_binding"": ""spatial_binding_D24"", ""image_recognition"": ""image_recognition_N0_H4""}","{""orientation_cued"": {}, ""motion_duration_cued"": {}, ""krauzlis_cued_motion"": {}, ""spatial_binding"": {}, ""image_recognition"": {}}"
572,22880,480384,0.8285341620445251,0.45,0.2951986789703369,0,2.7973334789276123,"{""orientation_cued"": 0.6971631050109863, ""motion_duration_cued"": 1.389248013496399, ""krauzlis_cued_motion"": 0.666450023651123, ""spatial_binding"": 0.6933133006095886, ""image_recognition"": 0.6964963674545288}","{""orientation_cued"": 0.375, ""motion_duration_cued"": 0.25, ""krauzlis_cued_motion"": 0.625, ""spatial_binding"": 0.5, ""image_recognition"": 0.5}","{""orientation_cued"": ""orientation_cued_D12"", ""motion_duration_cued"": ""motion_duration_cued_D24"", ""krauzlis_cued_motion"": ""krauzlis_B28"", ""spatial_binding"": ""spatial_binding_D4"", ""image_recognition"": ""image_recognition_N24_H5""}","{""orientation_cued"": {}, ""motion_duration_cued"": {}, ""krauzlis_cued_motion"": {}, ""spatial_binding"": {}, ""image_recognition"": {}}"
573,22920,480992,0.8196357607841491,0.525,0.3588777780532837,0,1.4936788082122803,"{""orientation_cued"": 0.6916056871414185, ""motion_duration_cued"": 1.3877249956130981, ""krauzlis_cued_motion"": 0.6268251538276672, ""spatial_binding"": 0.6942523121833801, ""image_recognition"": 0.6977706551551819}","{""orientation_cued"": 0.625, ""motion_duration_cued"": 0.25, ""krauzlis_cued_motion"": 0.75, ""spatial_binding"": 0.5, ""image_recognition"": 0.5}","{""orientation_cued"": ""orientation_cued_D0"", ""motion_duration_cued"": ""motion_duration_cued_D4"", ""krauzlis_cued_motion"": ""krauzlis_B20"", ""spatial_binding"": ""spatial_binding_D4"", ""image_recognition"": ""image_recognition_N4_H3""}","{""orientation_cued"": {}, ""motion_duration_cued"": {}, ""krauzlis_cued_motion"": {}, ""spatial_binding"": {}, ""image_recognition"": {}}"
574,22960,481936,0.8359755039215088,0.4,0.3146681487560272,0,2.4990861415863037,"{""orientation_cued"": 0.697666585445404, ""motion_duration_cued"": 1.3846920728683472, ""krauzlis_cued_motion"": 0.7061626315116882, ""spatial_binding"": 0.6932385563850403, ""image_recognition"": 0.6981176733970642}","{""orientation_cued"": 0.375, ""motion_duration_cued"": 0.25, ""krauzlis_cued_motion"": 0.5, ""spatial_binding"": 0.5, ""image_recognition"": 0.375}","{""orientation_cued"": ""orientation_cued_D12"", ""motion_duration_cued"": ""motion_duration_cued_D24"", ""krauzlis_cued_motion"": ""krauzlis_B12"", ""spatial_binding"": ""spatial_binding_D12"", ""image_recognition"": ""image_recognition_N12_H5""}","{""orientation_cued"": {}, ""motion_duration_cued"": {}, ""krauzlis_cued_motion"": {}, ""spatial_binding"": {}, ""image_recognition"": {}}"
575,23000,482744,0.8506854891777038,0.425,0.5095563530921936,0,1.9236218929290771,"{""orientation_cued"": 0.6927744150161743, ""motion_duration_cued"": 1.3870527744293213, ""krauzlis_cued_motion"": 0.7882208824157715, ""spatial_binding"": 0.6952811479568481, ""image_recognition"": 0.690098226070404}","{""orientation_cued"": 0.5, ""motion_duration_cued"": 0.25, ""krauzlis_cued_motion"": 0.25, ""spatial_binding"": 0.5, ""image_recognition"": 0.625}","{""orientation_cued"": ""orientation_cued_D4"", ""motion_duration_cued"": ""motion_duration_cued_D0"", ""krauzlis_cued_motion"": ""krauzlis_B28"", ""spatial_binding"": ""spatial_binding_D0"", ""image_recognition"": ""image_recognition_N24_H4""}","{""orientation_cued"": {}, ""motion_duration_cued"": {}, ""krauzlis_cued_motion"": {}, ""spatial_binding"": {}, ""image_recognition"": {}}"
576,23040,483840,0.83552405834198,0.4,0.2526245415210724,0,2.708076000213623,"{""orientation_cued"": 0.6932840943336487, ""motion_duration_cued"": 1.3900338411331177, ""krauzlis_cued_motion"": 0.7057524919509888, ""spatial_binding"": 0.6928036212921143, ""image_recognition"": 0.6957462430000305}","{""orientation_cued"": 0.5, ""motion_duration_cued"": 0.125, ""krauzlis_cued_motion"": 0.5, ""spatial_binding"": 0.5, ""image_recognition"": 0.375}","{""orientation_cued"": ""orientation_cued_D24"", ""motion_duration_cued"": ""motion_duration_cued_D12"", ""krauzlis_cued_motion"": ""krauzlis_B20"", ""spatial_binding"": ""spatial_binding_D24"", ""image_recognition"": ""image_recognition_N12_H4""}","{""orientation_cued"": {}, ""motion_duration_cued"": {}, ""krauzlis_cued_motion"": {}, ""spatial_binding"": {}, ""image_recognition"": {}}"
577,23080,484736,0.8401847004890441,0.45,0.3353506624698639,0,2.1792266368865967,"{""orientation_cued"": 0.6926883459091187, ""motion_duration_cued"": 1.3849648237228394, ""krauzlis_cued_motion"": 0.7433582544326782, ""spatial_binding"": 0.6925470232963562, ""image_recognition"": 0.6873650550842285}","{""orientation_cued"": 0.5, ""motion_duration_cued"": 0.25, ""krauzlis_cued_motion"": 0.375, ""spatial_binding"": 0.5, ""image_recognition"": 0.625}","{""orientation_cued"": ""orientation_cued_D0"", ""motion_duration_cued"": ""motion_duration_cued_D24"", ""krauzlis_cued_motion"": ""krauzlis_B20"", ""spatial_binding"": ""spatial_binding_D12"", ""image_recognition"": ""image_recognition_N12_H3""}","{""orientation_cued"": {}, ""motion_duration_cued"": {}, ""krauzlis_cued_motion"": {}, ""spatial_binding"": {}, ""image_recognition"": {}}"
578,23120,485608,0.835811460018158,0.375,0.23982484638690948,0,2.2184994220733643,"{""orientation_cued"": 0.6932136416435242, ""motion_duration_cued"": 1.3870058059692383, ""krauzlis_cued_motion"": 0.7036619186401367, ""spatial_binding"": 0.6934629678726196, ""image_recognition"": 0.701712965965271}","{""orientation_cued"": 0.5, ""motion_duration_cued"": 0.25, ""krauzlis_cued_motion"": 0.5, ""spatial_binding"": 0.5, ""image_recognition"": 0.125}","{""orientation_cued"": ""orientation_cued_D12"", ""motion_duration_cued"": ""motion_duration_cued_D4"", ""krauzlis_cued_motion"": ""krauzlis_B12"", ""spatial_binding"": ""spatial_binding_D24"", ""image_recognition"": ""image_recognition_N12_H4""}","{""orientation_cued"": {}, ""motion_duration_cued"": {}, ""krauzlis_cued_motion"": {}, ""spatial_binding"": {}, ""image_recognition"": {}}"
579,23160,486352,0.8321801066398621,0.475,0.40604281425476074,0,1.8695995807647705,"{""orientation_cued"": 0.6899372339248657, ""motion_duration_cued"": 1.3875263929367065, ""krauzlis_cued_motion"": 0.702368974685669, ""spatial_binding"": 0.6937438249588013, ""image_recognition"": 0.6873241066932678}","{""orientation_cued"": 0.625, ""motion_duration_cued"": 0.125, ""krauzlis_cued_motion"": 0.5, ""spatial_binding"": 0.5, ""image_recognition"": 0.625}","{""orientation_cued"": ""orientation_cued_D4"", ""motion_duration_cued"": ""motion_duration_cued_D12"", ""krauzlis_cued_motion"": ""krauzlis_B28"", ""spatial_binding"": ""spatial_binding_D0"", ""image_recognition"": ""image_recognition_N4_H4""}","{""orientation_cued"": {}, ""motion_duration_cued"": {}, ""krauzlis_cued_motion"": {}, ""spatial_binding"": {}, ""image_recognition"": {}}"
580,23200,487216,0.8168888807296752,0.475,0.6280680298805237,0,2.231227159500122,"{""orientation_cued"": 0.6971613168716431, ""motion_duration_cued"": 1.3910725116729736, ""krauzlis_cued_motion"": 0.6081454157829285, ""spatial_binding"": 0.6928445100784302, ""image_recognition"": 0.6952206492424011}","{""orientation_cued"": 0.375, ""motion_duration_cued"": 0.125, ""krauzlis_cued_motion"": 0.875, ""spatial_binding"": 0.5, ""image_recognition"": 0.5}","{""orientation_cued"": ""orientation_cued_D24"", ""motion_duration_cued"": ""motion_duration_cued_D0"", ""krauzlis_cued_motion"": ""krauzlis_B12"", ""spatial_binding"": ""spatial_binding_D4"", ""image_recognition"": ""image_recognition_N24_H3""}","{""orientation_cued"": {}, ""motion_duration_cued"": {}, ""krauzlis_cued_motion"": {}, ""spatial_binding"": {}, ""image_recognition"": {}}"
581,23240,488216,0.6956524007022381,0.525,0.227986678481102,0,2.501523971557617,"{""orientation_cued"": 0.6931368112564087, ""motion_duration_cued"": 1.3872545957565308, ""krauzlis_cued_motion"": 0.7003312110900879, ""spatial_binding"": 0.6924717426300049, ""image_recognition"": 0.005067642778158188}","{""orientation_cued"": 0.5, ""motion_duration_cued"": 0.125, ""krauzlis_cued_motion"": 0.5, ""spatial_binding"": 0.5, ""image_recognition"": 1.0}","{""orientation_cued"": ""orientation_cued_D24"", ""motion_duration_cued"": ""motion_duration_cued_D24"", ""krauzlis_cued_motion"": ""krauzlis_B28"", ""spatial_binding"": ""spatial_binding_D4"", ""image_recognition"": ""image_recognition_N0_H4""}","{""orientation_cued"": {}, ""motion_duration_cued"": {}, ""krauzlis_cued_motion"": {}, ""spatial_binding"": {}, ""image_recognition"": {}}"
582,23280,488904,0.8342605590820312,0.4,0.2402549833059311,0,1.6451733112335205,"{""orientation_cued"": 0.6931574940681458, ""motion_duration_cued"": 1.3904643058776855, ""krauzlis_cued_motion"": 0.699862003326416, ""spatial_binding"": 0.6931270956993103, ""image_recognition"": 0.6946918964385986}","{""orientation_cued"": 0.5, ""motion_duration_cued"": 0.125, ""krauzlis_cued_motion"": 0.5, ""spatial_binding"": 0.5, ""image_recognition"": 0.375}","{""orientation_cued"": ""orientation_cued_D0"", ""motion_duration_cued"": ""motion_duration_cued_D4"", ""krauzlis_cued_motion"": ""krauzlis_B20"", ""spatial_binding"": ""spatial_binding_D12"", ""image_recognition"": ""image_recognition_N4_H5""}","{""orientation_cued"": {}, ""motion_duration_cued"": {}, ""krauzlis_cued_motion"": {}, ""spatial_binding"": {}, ""image_recognition"": {}}"
583,23320,489656,0.8279188394546508,0.5,0.4219045042991638,0,1.7928578853607178,"{""orientation_cued"": 0.6902440786361694, ""motion_duration_cued"": 1.390777587890625, ""krauzlis_cued_motion"": 0.6712661981582642, ""spatial_binding"": 0.6936240792274475, ""image_recognition"": 0.6936822533607483}","{""orientation_cued"": 0.625, ""motion_duration_cued"": 0.125, ""krauzlis_cued_motion"": 0.625, ""spatial_binding"": 0.625, ""image_recognition"": 0.5}","{""orientation_cued"": ""orientation_cued_D4"", ""motion_duration_cued"": ""motion_duration_cued_D0"", ""krauzlis_cued_motion"": ""krauzlis_B20"", ""spatial_binding"": ""spatial_binding_D0"", ""image_recognition"": ""image_recognition_N24_H5""}","{""orientation_cued"": {}, ""motion_duration_cued"": {}, ""krauzlis_cued_motion"": {}, ""spatial_binding"": {}, ""image_recognition"": {}}"
584,23360,490488,0.6917308726347983,0.5,0.42756107449531555,0,1.9508600234985352,"{""orientation_cued"": 0.6963241100311279, ""motion_duration_cued"": 1.3899966478347778, ""krauzlis_cued_motion"": 0.6715200543403625, ""spatial_binding"": 0.6930654048919678, ""image_recognition"": 0.007748146075755358}","{""orientation_cued"": 0.375, ""motion_duration_cued"": 0.0, ""krauzlis_cued_motion"": 0.625, ""spatial_binding"": 0.5, ""image_recognition"": 1.0}","{""orientation_cued"": ""orientation_cued_D12"", ""motion_duration_cued"": ""motion_duration_cued_D12"", ""krauzlis_cued_motion"": ""krauzlis_B12"", ""spatial_binding"": ""spatial_binding_D24"", ""image_recognition"": ""image_recognition_N0_H3""}","{""orientation_cued"": {}, ""motion_duration_cued"": {}, ""krauzlis_cued_motion"": {}, ""spatial_binding"": {}, ""image_recognition"": {}}"
585,23400,491224,0.8384389162063599,0.4,0.3790484368801117,0,1.7487373352050781,"{""orientation_cued"": 0.6952539682388306, ""motion_duration_cued"": 1.3895362615585327, ""krauzlis_cued_motion"": 0.7268847227096558, ""spatial_binding"": 0.6931293606758118, ""image_recognition"": 0.6873902678489685}","{""orientation_cued"": 0.375, ""motion_duration_cued"": 0.25, ""krauzlis_cued_motion"": 0.375, ""spatial_binding"": 0.5, ""image_recognition"": 0.5}","{""orientation_cued"": ""orientation_cued_D12"", ""motion_duration_cued"": ""motion_duration_cued_D4"", ""krauzlis_cued_motion"": ""krauzlis_B28"", ""spatial_binding"": ""spatial_binding_D0"", ""image_recognition"": ""image_recognition_N4_H3""}","{""orientation_cued"": {}, ""motion_duration_cued"": {}, ""krauzlis_cued_motion"": {}, ""spatial_binding"": {}, ""image_recognition"": {}}"
586,23440,491880,0.6786619513295591,0.65,0.5120982527732849,0,1.5450103282928467,"{""orientation_cued"": 0.6906235218048096, ""motion_duration_cued"": 1.3847109079360962, ""krauzlis_cued_motion"": 0.6181250810623169, ""spatial_binding"": 0.6936519145965576, ""image_recognition"": 0.006198331248015165}","{""orientation_cued"": 0.625, ""motion_duration_cued"": 0.25, ""krauzlis_cued_motion"": 0.875, ""spatial_binding"": 0.5, ""image_recognition"": 1.0}","{""orientation_cued"": ""orientation_cued_D0"", ""motion_duration_cued"": ""motion_duration_cued_D12"", ""krauzlis_cued_motion"": ""krauzlis_B20"", ""spatial_binding"": ""spatial_binding_D4"", ""image_recognition"": ""image_recognition_N0_H5""}","{""orientation_cued"": {}, ""motion_duration_cued"": {}, ""krauzlis_cued_motion"": {}, ""spatial_binding"": {}, ""image_recognition"": {}}"
587,23480,493104,0.828019917011261,0.475,0.35407090187072754,0,2.8970863819122314,"{""orientation_cued"": 0.6940767168998718, ""motion_duration_cued"": 1.3849211931228638, ""krauzlis_cued_motion"": 0.671527624130249, ""spatial_binding"": 0.6933010816574097, ""image_recognition"": 0.6962729692459106}","{""orientation_cued"": 0.375, ""motion_duration_cued"": 0.375, ""krauzlis_cued_motion"": 0.625, ""spatial_binding"": 0.5, ""image_recognition"": 0.5}","{""orientation_cued"": ""orientation_cued_D24"", ""motion_duration_cued"": ""motion_duration_cued_D24"", ""krauzlis_cued_motion"": ""krauzlis_B12"", ""spatial_binding"": ""spatial_binding_D24"", ""image_recognition"": ""image_recognition_N24_H4""}","{""orientation_cued"": {}, ""motion_duration_cued"": {}, ""krauzlis_cued_motion"": {}, ""spatial_binding"": {}, ""image_recognition"": {}}"
588,23520,493920,0.8348847985267639,0.4,0.3575454652309418,0,1.935422420501709,"{""orientation_cued"": 0.693268895149231, ""motion_duration_cued"": 1.388323187828064, ""krauzlis_cued_motion"": 0.7000032663345337, ""spatial_binding"": 0.6931047439575195, ""image_recognition"": 0.6997238993644714}","{""orientation_cued"": 0.375, ""motion_duration_cued"": 0.125, ""krauzlis_cued_motion"": 0.5, ""spatial_binding"": 0.5, ""image_recognition"": 0.5}","{""orientation_cued"": ""orientation_cued_D4"", ""motion_duration_cued"": ""motion_duration_cued_D0"", ""krauzlis_cued_motion"": ""krauzlis_B28"", ""spatial_binding"": ""spatial_binding_D12"", ""image_recognition"": ""image_recognition_N12_H5""}","{""orientation_cued"": {}, ""motion_duration_cued"": {}, ""krauzlis_cued_motion"": {}, ""spatial_binding"": {}, ""image_recognition"": {}}"
589,23560,494760,0.8270929455757141,0.525,0.309368371963501,0,1.9893603324890137,"{""orientation_cued"": 0.6911584734916687, ""motion_duration_cued"": 1.384851336479187, ""krauzlis_cued_motion"": 0.6702285408973694, ""spatial_binding"": 0.6934041976928711, ""image_recognition"": 0.6958221793174744}","{""orientation_cued"": 0.625, ""motion_duration_cued"": 0.375, ""krauzlis_cued_motion"": 0.625, ""spatial_binding"": 0.5, ""image_recognition"": 0.5}","{""orientation_cued"": ""orientation_cued_D12"", ""motion_duration_cued"": ""motion_duration_cued_D12"", ""krauzlis_cued_motion"": ""krauzlis_B28"", ""spatial_binding"": ""spatial_binding_D4"", ""image_recognition"": ""image_recognition_N4_H4""}","{""orientation_cued"": {}, ""motion_duration_cued"": {}, ""krauzlis_cued_motion"": {}, ""spatial_binding"": {}, ""image_recognition"": {}}"
590,23600,495640,0.826974630355835,0.5,0.3262748718261719,0,2.0646116733551025,"{""orientation_cued"": 0.6975984573364258, ""motion_duration_cued"": 1.3890578746795654, ""krauzlis_cued_motion"": 0.6702927350997925, ""spatial_binding"": 0.693324863910675, ""image_recognition"": 0.6845992207527161}","{""orientation_cued"": 0.375, ""motion_duration_cued"": 0.125, ""krauzlis_cued_motion"": 0.625, ""spatial_binding"": 0.5, ""image_recognition"": 0.875}","{""orientation_cued"": ""orientation_cued_D24"", ""motion_duration_cued"": ""motion_duration_cued_D4"", ""krauzlis_cued_motion"": ""krauzlis_B20"", ""spatial_binding"": ""spatial_binding_D12"", ""image_recognition"": ""image_recognition_N4_H5""}","{""orientation_cued"": {}, ""motion_duration_cued"": {}, ""krauzlis_cued_motion"": {}, ""spatial_binding"": {}, ""image_recognition"": {}}"
591,23640,496320,0.7051845386624336,0.425,0.6390315294265747,0,1.621654748916626,"{""orientation_cued"": 0.7011775970458984, ""motion_duration_cued"": 1.3924866914749146, ""krauzlis_cued_motion"": 0.7328335046768188, ""spatial_binding"": 0.6929477453231812, ""image_recognition"": 0.006477154791355133}","{""orientation_cued"": 0.25, ""motion_duration_cued"": 0.0, ""krauzlis_cued_motion"": 0.375, ""spatial_binding"": 0.5, ""image_recognition"": 1.0}","{""orientation_cued"": ""orientation_cued_D4"", ""motion_duration_cued"": ""motion_duration_cued_D0"", ""krauzlis_cued_motion"": ""krauzlis_B12"", ""spatial_binding"": ""spatial_binding_D24"", ""image_recognition"": ""image_recognition_N0_H4""}","{""orientation_cued"": {}, ""motion_duration_cued"": {}, ""krauzlis_cued_motion"": {}, ""spatial_binding"": {}, ""image_recognition"": {}}"
592,23680,497136,0.8279329657554626,0.5,0.5826865434646606,0,1.9196991920471191,"{""orientation_cued"": 0.7046188116073608, ""motion_duration_cued"": 1.3829796314239502, ""krauzlis_cued_motion"": 0.6696341037750244, ""spatial_binding"": 0.6908377408981323, ""image_recognition"": 0.6915945410728455}","{""orientation_cued"": 0.25, ""motion_duration_cued"": 0.5, ""krauzlis_cued_motion"": 0.625, ""spatial_binding"": 0.625, ""image_recognition"": 0.5}","{""orientation_cued"": ""orientation_cued_D0"", ""motion_duration_cued"": ""motion_duration_cued_D24"", ""krauzlis_cued_motion"": ""krauzlis_B20"", ""spatial_binding"": ""spatial_binding_D0"", ""image_recognition"": ""image_recognition_N12_H5""}","{""orientation_cued"": {}, ""motion_duration_cued"": {}, ""krauzlis_cued_motion"": {}, ""spatial_binding"": {}, ""image_recognition"": {}}"
593,23720,497952,0.8326969981193543,0.5,0.37011072039604187,0,1.9341800212860107,"{""orientation_cued"": 0.6932442784309387, ""motion_duration_cued"": 1.385746955871582, ""krauzlis_cued_motion"": 0.701137363910675, ""spatial_binding"": 0.6932713389396667, ""image_recognition"": 0.6900850534439087}","{""orientation_cued"": 0.5, ""motion_duration_cued"": 0.25, ""krauzlis_cued_motion"": 0.5, ""spatial_binding"": 0.5, ""image_recognition"": 0.75}","{""orientation_cued"": ""orientation_cued_D4"", ""motion_duration_cued"": ""motion_duration_cued_D4"", ""krauzlis_cued_motion"": ""krauzlis_B12"", ""spatial_binding"": ""spatial_binding_D12"", ""image_recognition"": ""image_recognition_N24_H5""}","{""orientation_cued"": {}, ""motion_duration_cued"": {}, ""krauzlis_cued_motion"": {}, ""spatial_binding"": {}, ""image_recognition"": {}}"
594,23760,498944,0.8206658601760864,0.5,0.4430719017982483,0,2.354928731918335,"{""orientation_cued"": 0.6932609677314758, ""motion_duration_cued"": 1.3922014236450195, ""krauzlis_cued_motion"": 0.6371454000473022, ""spatial_binding"": 0.6926411986351013, ""image_recognition"": 0.6880803108215332}","{""orientation_cued"": 0.5, ""motion_duration_cued"": 0.0, ""krauzlis_cued_motion"": 0.75, ""spatial_binding"": 0.5, ""image_recognition"": 0.75}","{""orientation_cued"": ""orientation_cued_D24"", ""motion_duration_cued"": ""motion_duration_cued_D12"", ""krauzlis_cued_motion"": ""krauzlis_B28"", ""spatial_binding"": ""spatial_binding_D4"", ""image_recognition"": ""image_recognition_N12_H3""}","{""orientation_cued"": {}, ""motion_duration_cued"": {}, ""krauzlis_cued_motion"": {}, ""spatial_binding"": {}, ""image_recognition"": {}}"
595,23800,499752,0.8291789889335632,0.375,0.24107228219509125,0,1.8956091403961182,"{""orientation_cued"": 0.6921625733375549, ""motion_duration_cued"": 1.3907272815704346, ""krauzlis_cued_motion"": 0.668738603591919, ""spatial_binding"": 0.6927279829978943, ""image_recognition"": 0.7015385031700134}","{""orientation_cued"": 0.5, ""motion_duration_cued"": 0.125, ""krauzlis_cued_motion"": 0.625, ""spatial_binding"": 0.5, ""image_recognition"": 0.125}","{""orientation_cued"": ""orientation_cued_D0"", ""motion_duration_cued"": ""motion_duration_cued_D0"", ""krauzlis_cued_motion"": ""krauzlis_B20"", ""spatial_binding"": ""spatial_binding_D24"", ""image_recognition"": ""image_recognition_N12_H4""}","{""orientation_cued"": {}, ""motion_duration_cued"": {}, ""krauzlis_cued_motion"": {}, ""spatial_binding"": {}, ""image_recognition"": {}}"
596,23840,500504,0.6886280703358352,0.6,0.23455365002155304,0,1.7842838764190674,"{""orientation_cued"": 0.6934735178947449, ""motion_duration_cued"": 1.3831045627593994, ""krauzlis_cued_motion"": 0.6684746742248535, ""spatial_binding"": 0.6927534341812134, ""image_recognition"": 0.0053341626189649105}","{""orientation_cued"": 0.5, ""motion_duration_cued"": 0.375, ""krauzlis_cued_motion"": 0.625, ""spatial_binding"": 0.5, ""image_recognition"": 1.0}","{""orientation_cued"": ""orientation_cued_D12"", ""motion_duration_cued"": ""motion_duration_cued_D24"", ""krauzlis_cued_motion"": ""krauzlis_B12"", ""spatial_binding"": ""spatial_binding_D0"", ""image_recognition"": ""image_recognition_N0_H5""}","{""orientation_cued"": {}, ""motion_duration_cued"": {}, ""krauzlis_cued_motion"": {}, ""spatial_binding"": {}, ""image_recognition"": {}}"
597,23880,501432,0.8403417706489563,0.425,0.3624876141548157,0,2.1963675022125244,"{""orientation_cued"": 0.6931151747703552, ""motion_duration_cued"": 1.3875868320465088, ""krauzlis_cued_motion"": 0.7381836175918579, ""spatial_binding"": 0.6930229067802429, ""image_recognition"": 0.6898003220558167}","{""orientation_cued"": 0.5, ""motion_duration_cued"": 0.25, ""krauzlis_cued_motion"": 0.375, ""spatial_binding"": 0.5, ""image_recognition"": 0.5}","{""orientation_cued"": ""orientation_cued_D24"", ""motion_duration_cued"": ""motion_duration_cued_D4"", ""krauzlis_cued_motion"": ""krauzlis_B28"", ""spatial_binding"": ""spatial_binding_D12"", ""image_recognition"": ""image_recognition_N4_H3""}","{""orientation_cued"": {}, ""motion_duration_cued"": {}, ""krauzlis_cued_motion"": {}, ""spatial_binding"": {}, ""image_recognition"": {}}"
598,23920,502104,0.6963817765936255,0.55,0.2754684388637543,0,1.57881760597229,"{""orientation_cued"": 0.692801833152771, ""motion_duration_cued"": 1.386001706123352, ""krauzlis_cued_motion"": 0.702984094619751, ""spatial_binding"": 0.6918228268623352, ""image_recognition"": 0.008298422209918499}","{""orientation_cued"": 0.5, ""motion_duration_cued"": 0.25, ""krauzlis_cued_motion"": 0.5, ""spatial_binding"": 0.5, ""image_recognition"": 1.0}","{""orientation_cued"": ""orientation_cued_D4"", ""motion_duration_cued"": ""motion_duration_cued_D24"", ""krauzlis_cued_motion"": ""krauzlis_B12"", ""spatial_binding"": ""spatial_binding_D0"", ""image_recognition"": ""image_recognition_N0_H3""}","{""orientation_cued"": {}, ""motion_duration_cued"": {}, ""krauzlis_cued_motion"": {}, ""spatial_binding"": {}, ""image_recognition"": {}}"
599,23960,502912,0.8339608907699585,0.425,0.3157951831817627,0,1.9212095737457275,"{""orientation_cued"": 0.6947044730186462, ""motion_duration_cued"": 1.3873381614685059, ""krauzlis_cued_motion"": 0.7031363248825073, ""spatial_binding"": 0.6930393576622009, ""image_recognition"": 0.6915861368179321}","{""orientation_cued"": 0.375, ""motion_duration_cued"": 0.25, ""krauzlis_cued_motion"": 0.5, ""spatial_binding"": 0.5, ""image_recognition"": 0.5}","{""orientation_cued"": ""orientation_cued_D0"", ""motion_duration_cued"": ""motion_duration_cued_D0"", ""krauzlis_cued_motion"": ""krauzlis_B28"", ""spatial_binding"": ""spatial_binding_D4"", ""image_recognition"": ""image_recognition_N24_H4""}","{""orientation_cued"": {}, ""motion_duration_cued"": {}, ""krauzlis_cued_motion"": {}, ""spatial_binding"": {}, ""image_recognition"": {}}"
600,24000,504000,0.820600712299347,0.475,0.37935471534729004,0,2.568521022796631,"{""orientation_cued"": 0.6932464838027954, ""motion_duration_cued"": 1.3878638744354248, ""krauzlis_cued_motion"": 0.6337407827377319, ""spatial_binding"": 0.6939530372619629, ""image_recognition"": 0.6941993832588196}","{""orientation_cued"": 0.5, ""motion_duration_cued"": 0.125, ""krauzlis_cued_motion"": 0.75, ""spatial_binding"": 0.5, ""image_recognition"": 0.5}","{""orientation_cued"": ""orientation_cued_D12"", ""motion_duration_cued"": ""motion_duration_cued_D12"", ""krauzlis_cued_motion"": ""krauzlis_B20"", ""spatial_binding"": ""spatial_binding_D24"", ""image_recognition"": ""image_recognition_N24_H3""}","{""orientation_cued"": {}, ""motion_duration_cued"": {}, ""krauzlis_cued_motion"": {}, ""spatial_binding"": {}, ""image_recognition"": {}}"
601,24040,504744,0.6821287490427494,0.575,0.39913567900657654,0,1.7603099346160889,"{""orientation_cued"": 0.693264901638031, ""motion_duration_cued"": 1.3866651058197021, ""krauzlis_cued_motion"": 0.6333187818527222, ""spatial_binding"": 0.6932627558708191, ""image_recognition"": 0.0041322000324726105}","{""orientation_cued"": 0.5, ""motion_duration_cued"": 0.125, ""krauzlis_cued_motion"": 0.75, ""spatial_binding"": 0.5, ""image_recognition"": 1.0}","{""orientation_cued"": ""orientation_cued_D12"", ""motion_duration_cued"": ""motion_duration_cued_D12"", ""krauzlis_cued_motion"": ""krauzlis_B12"", ""spatial_binding"": ""spatial_binding_D12"", ""image_recognition"": ""image_recognition_N0_H4""}","{""orientation_cued"": {}, ""motion_duration_cued"": {}, ""krauzlis_cued_motion"": {}, ""spatial_binding"": {}, ""image_recognition"": {}}"
602,24080,505320,0.7042568669654429,0.4,0.4199308753013611,0,1.379056692123413,"{""orientation_cued"": 0.6935957670211792, ""motion_duration_cued"": 1.389237880706787, ""krauzlis_cued_motion"": 0.7392385005950928, ""spatial_binding"": 0.6932187080383301, ""image_recognition"": 0.005993478465825319}","{""orientation_cued"": 0.25, ""motion_duration_cued"": 0.0, ""krauzlis_cued_motion"": 0.375, ""spatial_binding"": 0.375, ""image_recognition"": 1.0}","{""orientation_cued"": ""orientation_cued_D4"", ""motion_duration_cued"": ""motion_duration_cued_D4"", ""krauzlis_cued_motion"": ""krauzlis_B20"", ""spatial_binding"": ""spatial_binding_D0"", ""image_recognition"": ""image_recognition_N0_H3""}","{""orientation_cued"": {}, ""motion_duration_cued"": {}, ""krauzlis_cued_motion"": {}, ""spatial_binding"": {}, ""image_recognition"": {}}"
603,24120,506360,0.8337911367416382,0.475,0.3739195466041565,0,2.4391918182373047,"{""orientation_cued"": 0.6932595372200012, ""motion_duration_cued"": 1.38918936252594, ""krauzlis_cued_motion"": 0.703464150428772, ""spatial_binding"": 0.6930846571922302, ""image_recognition"": 0.6899579763412476}","{""orientation_cued"": 0.5, ""motion_duration_cued"": 0.25, ""krauzlis_cued_motion"": 0.5, ""spatial_binding"": 0.5, ""image_recognition"": 0.625}","{""orientation_cued"": ""orientation_cued_D24"", ""motion_duration_cued"": ""motion_duration_cued_D24"", ""krauzlis_cued_motion"": ""krauzlis_B28"", ""spatial_binding"": ""spatial_binding_D4"", ""image_recognition"": ""image_recognition_N4_H5""}","{""orientation_cued"": {}, ""motion_duration_cued"": {}, ""krauzlis_cued_motion"": {}, ""spatial_binding"": {}, ""image_recognition"": {}}"
604,24160,507328,0.8277912974357605,0.475,0.36539456248283386,0,2.2856156826019287,"{""orientation_cued"": 0.6932610869407654, ""motion_duration_cued"": 1.387946605682373, ""krauzlis_cued_motion"": 0.6678347587585449, ""spatial_binding"": 0.6933737993240356, ""image_recognition"": 0.6965402364730835}","{""orientation_cued"": 0.5, ""motion_duration_cued"": 0.125, ""krauzlis_cued_motion"": 0.625, ""spatial_binding"": 0.625, ""image_recognition"": 0.5}","{""orientation_cued"": ""orientation_cued_D0"", ""motion_duration_cued"": ""motion_duration_cued_D0"", ""krauzlis_cued_motion"": ""krauzlis_B28"", ""spatial_binding"": ""spatial_binding_D24"", ""image_recognition"": ""image_recognition_N24_H4""}","{""orientation_cued"": {}, ""motion_duration_cued"": {}, ""krauzlis_cued_motion"": {}, ""spatial_binding"": {}, ""image_recognition"": {}}"
605,24200,507968,0.835170042514801,0.375,0.33687207102775574,0,1.5307080745697021,"{""orientation_cued"": 0.6934442520141602, ""motion_duration_cued"": 1.3867319822311401, ""krauzlis_cued_motion"": 0.7031444907188416, ""spatial_binding"": 0.6923152208328247, ""image_recognition"": 0.7002142667770386}","{""orientation_cued"": 0.25, ""motion_duration_cued"": 0.125, ""krauzlis_cued_motion"": 0.5, ""spatial_binding"": 0.5, ""image_recognition"": 0.5}","{""orientation_cued"": ""orientation_cued_D4"", ""motion_duration_cued"": ""motion_duration_cued_D4"", ""krauzlis_cued_motion"": ""krauzlis_B12"", ""spatial_binding"": ""spatial_binding_D12"", ""image_recognition"": ""image_recognition_N4_H3""}","{""orientation_cued"": {}, ""motion_duration_cued"": {}, ""krauzlis_cued_motion"": {}, ""spatial_binding"": {}, ""image_recognition"": {}}"
606,24240,508784,0.6965442003682256,0.525,0.3215496838092804,0,1.9194645881652832,"{""orientation_cued"": 0.6932477355003357, ""motion_duration_cued"": 1.388122320175171, ""krauzlis_cued_motion"": 0.7030004858970642, ""spatial_binding"": 0.6935799717903137, ""image_recognition"": 0.004770488478243351}","{""orientation_cued"": 0.5, ""motion_duration_cued"": 0.125, ""krauzlis_cued_motion"": 0.5, ""spatial_binding"": 0.5, ""image_recognition"": 1.0}","{""orientation_cued"": ""orientation_cued_D12"", ""motion_duration_cued"": ""motion_duration_cued_D0"", ""krauzlis_cued_motion"": ""krauzlis_B20"", ""spatial_binding"": ""spatial_binding_D24"", ""image_recognition"": ""image_recognition_N0_H5""}","{""orientation_cued"": {}, ""motion_duration_cued"": {}, ""krauzlis_cued_motion"": {}, ""spatial_binding"": {}, ""image_recognition"": {}}"
607,24280,509568,0.8287119269371033,0.45,0.4454866051673889,0,1.8637497425079346,"{""orientation_cued"": 0.694878339767456, ""motion_duration_cued"": 1.3875259160995483, ""krauzlis_cued_motion"": 0.6684162616729736, ""spatial_binding"": 0.693367063999176, ""image_recognition"": 0.6993720531463623}","{""orientation_cued"": 0.375, ""motion_duration_cued"": 0.375, ""krauzlis_cued_motion"": 0.625, ""spatial_binding"": 0.5, ""image_recognition"": 0.375}","{""orientation_cued"": ""orientation_cued_D0"", ""motion_duration_cued"": ""motion_duration_cued_D12"", ""krauzlis_cued_motion"": ""krauzlis_B12"", ""spatial_binding"": ""spatial_binding_D4"", ""image_recognition"": ""image_recognition_N24_H5""}","{""orientation_cued"": {}, ""motion_duration_cued"": {}, ""krauzlis_cued_motion"": {}, ""spatial_binding"": {}, ""image_recognition"": {}}"
608,24320,510656,0.8345901489257812,0.375,0.4471972584724426,0,2.578504800796509,"{""orientation_cued"": 0.6953741908073425, ""motion_duration_cued"": 1.391513466835022, ""krauzlis_cued_motion"": 0.7025260925292969, ""spatial_binding"": 0.6909542679786682, ""image_recognition"": 0.6925827264785767}","{""orientation_cued"": 0.375, ""motion_duration_cued"": 0.125, ""krauzlis_cued_motion"": 0.5, ""spatial_binding"": 0.5, ""image_recognition"": 0.375}","{""orientation_cued"": ""orientation_cued_D24"", ""motion_duration_cued"": ""motion_duration_cued_D24"", ""krauzlis_cued_motion"": ""krauzlis_B20"", ""spatial_binding"": ""spatial_binding_D0"", ""image_recognition"": ""image_recognition_N24_H3""}","{""orientation_cued"": {}, ""motion_duration_cued"": {}, ""krauzlis_cued_motion"": {}, ""spatial_binding"": {}, ""image_recognition"": {}}"
609,24360,511464,0.8273642539978028,0.45,0.23177748918533325,0,1.8972554206848145,"{""orientation_cued"": 0.6917389035224915, ""motion_duration_cued"": 1.3865764141082764, ""krauzlis_cued_motion"": 0.6683265566825867, ""spatial_binding"": 0.6934654116630554, ""image_recognition"": 0.6967139840126038}","{""orientation_cued"": 0.625, ""motion_duration_cued"": 0.25, ""krauzlis_cued_motion"": 0.625, ""spatial_binding"": 0.5, ""image_recognition"": 0.25}","{""orientation_cued"": ""orientation_cued_D12"", ""motion_duration_cued"": ""motion_duration_cued_D0"", ""krauzlis_cued_motion"": ""krauzlis_B28"", ""spatial_binding"": ""spatial_binding_D4"", ""image_recognition"": ""image_recognition_N12_H4""}","{""orientation_cued"": {}, ""motion_duration_cued"": {}, ""krauzlis_cued_motion"": {}, ""spatial_binding"": {}, ""image_recognition"": {}}"
610,24400,512072,0.8399693727493286,0.4,0.3563455045223236,0,1.4822208881378174,"{""orientation_cued"": 0.6937821507453918, ""motion_duration_cued"": 1.3860706090927124, ""krauzlis_cued_motion"": 0.7359470725059509, ""spatial_binding"": 0.6907135248184204, ""image_recognition"": 0.6933335065841675}","{""orientation_cued"": 0.375, ""motion_duration_cued"": 0.25, ""krauzlis_cued_motion"": 0.375, ""spatial_binding"": 0.5, ""image_recognition"": 0.5}","{""orientation_cued"": ""orientation_cued_D4"", ""motion_duration_cued"": ""motion_duration_cued_D4"", ""krauzlis_cued_motion"": ""krauzlis_B12"", ""spatial_binding"": ""spatial_binding_D0"", ""image_recognition"": ""image_recognition_N12_H3""}","{""orientation_cued"": {}, ""motion_duration_cued"": {}, ""krauzlis_cued_motion"": {}, ""spatial_binding"": {}, ""image_recognition"": {}}"
611,24440,513104,0.8263463258743287,0.5,0.3031306862831116,0,2.4823193550109863,"{""orientation_cued"": 0.6921060681343079, ""motion_duration_cued"": 1.388140320777893, ""krauzlis_cued_motion"": 0.6689552664756775, ""spatial_binding"": 0.6942001581192017, ""image_recognition"": 0.688329815864563}","{""orientation_cued"": 0.625, ""motion_duration_cued"": 0.125, ""krauzlis_cued_motion"": 0.625, ""spatial_binding"": 0.5, ""image_recognition"": 0.625}","{""orientation_cued"": ""orientation_cued_D24"", ""motion_duration_cued"": ""motion_duration_cued_D24"", ""krauzlis_cued_motion"": ""krauzlis_B20"", ""spatial_binding"": ""spatial_binding_D12"", ""image_recognition"": ""image_recognition_N4_H4""}","{""orientation_cued"": {}, ""motion_duration_cued"": {}, ""krauzlis_cued_motion"": {}, ""spatial_binding"": {}, ""image_recognition"": {}}"
612,24480,514080,0.821324622631073,0.45,0.40092790126800537,0,2.3951199054718018,"{""orientation_cued"": 0.6961855292320251, ""motion_duration_cued"": 1.387308120727539, ""krauzlis_cued_motion"": 0.6377318501472473, ""spatial_binding"": 0.6930992603302002, ""image_recognition"": 0.6922983527183533}","{""orientation_cued"": 0.375, ""motion_duration_cued"": 0.125, ""krauzlis_cued_motion"": 0.75, ""spatial_binding"": 0.5, ""image_recognition"": 0.5}","{""orientation_cued"": ""orientation_cued_D0"", ""motion_duration_cued"": ""motion_duration_cued_D12"", ""krauzlis_cued_motion"": ""krauzlis_B28"", ""spatial_binding"": ""spatial_binding_D24"", ""image_recognition"": ""image_recognition_N12_H5""}","{""orientation_cued"": {}, ""motion_duration_cued"": {}, ""krauzlis_cued_motion"": {}, ""spatial_binding"": {}, ""image_recognition"": {}}"
613,24520,515048,0.8251885056495667,0.525,0.34820184111595154,0,2.348191261291504,"{""orientation_cued"": 0.6932368278503418, ""motion_duration_cued"": 1.3828779458999634, ""krauzlis_cued_motion"": 0.6692090630531311, ""spatial_binding"": 0.6932349801063538, ""image_recognition"": 0.6873837113380432}","{""orientation_cued"": 0.5, ""motion_duration_cued"": 0.5, ""krauzlis_cued_motion"": 0.625, ""spatial_binding"": 0.5, ""image_recognition"": 0.5}","{""orientation_cued"": ""orientation_cued_D0"", ""motion_duration_cued"": ""motion_duration_cued_D12"", ""krauzlis_cued_motion"": ""krauzlis_B28"", ""spatial_binding"": ""spatial_binding_D12"", ""image_recognition"": ""image_recognition_N24_H4""}","{""orientation_cued"": {}, ""motion_duration_cued"": {}, ""krauzlis_cued_motion"": {}, ""spatial_binding"": {}, ""image_recognition"": {}}"
614,24560,515640,0.6908993799239397,0.525,0.3669508993625641,0,1.4363412857055664,"{""orientation_cued"": 0.6933503150939941, ""motion_duration_cued"": 1.3929091691970825, ""krauzlis_cued_motion"": 0.6692624688148499, ""spatial_binding"": 0.6959526538848877, ""image_recognition"": 0.0030222926288843155}","{""orientation_cued"": 0.5, ""motion_duration_cued"": 0.0, ""krauzlis_cued_motion"": 0.625, ""spatial_binding"": 0.5, ""image_recognition"": 1.0}","{""orientation_cued"": ""orientation_cued_D12"", ""motion_duration_cued"": ""motion_duration_cued_D4"", ""krauzlis_cued_motion"": ""krauzlis_B12"", ""spatial_binding"": ""spatial_binding_D0"", ""image_recognition"": ""image_recognition_N0_H5""}","{""orientation_cued"": {}, ""motion_duration_cued"": {}, ""krauzlis_cued_motion"": {}, ""spatial_binding"": {}, ""image_recognition"": {}}"
615,24600,516488,0.8203150629997253,0.575,0.7634637951850891,0,2.062875270843506,"{""orientation_cued"": 0.6875478029251099, ""motion_duration_cued"": 1.3873519897460938, ""krauzlis_cued_motion"": 0.6352640986442566, ""spatial_binding"": 0.6934636235237122, ""image_recognition"": 0.6979478001594543}","{""orientation_cued"": 0.875, ""motion_duration_cued"": 0.25, ""krauzlis_cued_motion"": 0.75, ""spatial_binding"": 0.5, ""image_recognition"": 0.5}","{""orientation_cued"": ""orientation_cued_D24"", ""motion_duration_cued"": ""motion_duration_cued_D0"", ""krauzlis_cued_motion"": ""krauzlis_B20"", ""spatial_binding"": ""spatial_binding_D4"", ""image_recognition"": ""image_recognition_N12_H5""}","{""orientation_cued"": {}, ""motion_duration_cued"": {}, ""krauzlis_cued_motion"": {}, ""spatial_binding"": {}, ""image_recognition"": {}}"
616,24640,517688,0.8522848725318909,0.3,0.8719829320907593,0,2.8952250480651855,"{""orientation_cued"": 0.706413984298706, ""motion_duration_cued"": 1.3891319036483765, ""krauzlis_cued_motion"": 0.7744137644767761, ""spatial_binding"": 0.6930452585220337, ""image_recognition"": 0.698419451713562}","{""orientation_cued"": 0.125, ""motion_duration_cued"": 0.375, ""krauzlis_cued_motion"": 0.25, ""spatial_binding"": 0.5, ""image_recognition"": 0.25}","{""orientation_cued"": ""orientation_cued_D4"", ""motion_duration_cued"": ""motion_duration_cued_D24"", ""krauzlis_cued_motion"": ""krauzlis_B28"", ""spatial_binding"": ""spatial_binding_D24"", ""image_recognition"": ""image_recognition_N24_H5""}","{""orientation_cued"": {}, ""motion_duration_cued"": {}, ""krauzlis_cued_motion"": {}, ""spatial_binding"": {}, ""image_recognition"": {}}"
617,24680,518592,0.8255321741104126,0.5,0.3125150203704834,0,2.1933112144470215,"{""orientation_cued"": 0.6930436491966248, ""motion_duration_cued"": 1.3845860958099365, ""krauzlis_cued_motion"": 0.6676939725875854, ""spatial_binding"": 0.6934080123901367, ""image_recognition"": 0.6889291405677795}","{""orientation_cued"": 0.375, ""motion_duration_cued"": 0.375, ""krauzlis_cued_motion"": 0.625, ""spatial_binding"": 0.5, ""image_recognition"": 0.625}","{""orientation_cued"": ""orientation_cued_D0"", ""motion_duration_cued"": ""motion_duration_cued_D12"", ""krauzlis_cued_motion"": ""krauzlis_B20"", ""spatial_binding"": ""spatial_binding_D24"", ""image_recognition"": ""image_recognition_N12_H4""}","{""orientation_cued"": {}, ""motion_duration_cued"": {}, ""krauzlis_cued_motion"": {}, ""spatial_binding"": {}, ""image_recognition"": {}}"
618,24720,519304,0.8318366050720215,0.5,0.298493891954422,0,1.7124662399291992,"{""orientation_cued"": 0.6887676119804382, ""motion_duration_cued"": 1.3881736993789673, ""krauzlis_cued_motion"": 0.7029463648796082, ""spatial_binding"": 0.6931605339050293, ""image_recognition"": 0.6861348152160645}","{""orientation_cued"": 0.625, ""motion_duration_cued"": 0.25, ""krauzlis_cued_motion"": 0.5, ""spatial_binding"": 0.5, ""image_recognition"": 0.625}","{""orientation_cued"": ""orientation_cued_D24"", ""motion_duration_cued"": ""motion_duration_cued_D0"", ""krauzlis_cued_motion"": ""krauzlis_B12"", ""spatial_binding"": ""spatial_binding_D4"", ""image_recognition"": ""image_recognition_N4_H4""}","{""orientation_cued"": {}, ""motion_duration_cued"": {}, ""krauzlis_cued_motion"": {}, ""spatial_binding"": {}, ""image_recognition"": {}}"
619,24760,520232,0.8344481945037842,0.5,0.4493277668952942,0,2.310525894165039,"{""orientation_cued"": 0.6934263706207275, ""motion_duration_cued"": 1.3881525993347168, ""krauzlis_cued_motion"": 0.7030227780342102, ""spatial_binding"": 0.6933159828186035, ""image_recognition"": 0.6943232417106628}","{""orientation_cued"": 0.5, ""motion_duration_cued"": 0.375, ""krauzlis_cued_motion"": 0.5, ""spatial_binding"": 0.5, ""image_recognition"": 0.625}","{""orientation_cued"": ""orientation_cued_D4"", ""motion_duration_cued"": ""motion_duration_cued_D4"", ""krauzlis_cued_motion"": ""krauzlis_B28"", ""spatial_binding"": ""spatial_binding_D12"", ""image_recognition"": ""image_recognition_N24_H3""}","{""orientation_cued"": {}, ""motion_duration_cued"": {}, ""krauzlis_cued_motion"": {}, ""spatial_binding"": {}, ""image_recognition"": {}}"
620,24800,520976,0.6831769719719887,0.55,0.4982803761959076,0,1.7998991012573242,"{""orientation_cued"": 0.6929973363876343, ""motion_duration_cued"": 1.3913205862045288, ""krauzlis_cued_motion"": 0.6336030960083008, ""spatial_binding"": 0.6923509240150452, ""image_recognition"": 0.005612917244434357}","{""orientation_cued"": 0.5, ""motion_duration_cued"": 0.0, ""krauzlis_cued_motion"": 0.75, ""spatial_binding"": 0.5, ""image_recognition"": 1.0}","{""orientation_cued"": ""orientation_cued_D12"", ""motion_duration_cued"": ""motion_duration_cued_D24"", ""krauzlis_cued_motion"": ""krauzlis_B12"", ""spatial_binding"": ""spatial_binding_D0"", ""image_recognition"": ""image_recognition_N0_H4""}","{""orientation_cued"": {}, ""motion_duration_cued"": {}, ""krauzlis_cued_motion"": {}, ""spatial_binding"": {}, ""image_recognition"": {}}"
621,24840,521712,0.812079930305481,0.55,0.6140576004981995,0,1.8927597999572754,"{""orientation_cued"": 0.6934475302696228, ""motion_duration_cued"": 1.3818464279174805, ""krauzlis_cued_motion"": 0.5981397032737732, ""spatial_binding"": 0.6963250637054443, ""image_recognition"": 0.690640926361084}","{""orientation_cued"": 0.5, ""motion_duration_cued"": 0.375, ""krauzlis_cued_motion"": 0.875, ""spatial_binding"": 0.5, ""image_recognition"": 0.5}","{""orientation_cued"": ""orientation_cued_D12"", ""motion_duration_cued"": ""motion_duration_cued_D12"", ""krauzlis_cued_motion"": ""krauzlis_B20"", ""spatial_binding"": ""spatial_binding_D0"", ""image_recognition"": ""image_recognition_N4_H3""}","{""orientation_cued"": {}, ""motion_duration_cued"": {}, ""krauzlis_cued_motion"": {}, ""spatial_binding"": {}, ""image_recognition"": {}}"
622,24880,522320,0.8431083798408509,0.375,0.5195757150650024,0,1.519981861114502,"{""orientation_cued"": 0.6930221319198608, ""motion_duration_cued"": 1.396795392036438, ""krauzlis_cued_motion"": 0.740992546081543, ""spatial_binding"": 0.693103015422821, ""image_recognition"": 0.6916288137435913}","{""orientation_cued"": 0.5, ""motion_duration_cued"": 0.0, ""krauzlis_cued_motion"": 0.375, ""spatial_binding"": 0.5, ""image_recognition"": 0.5}","{""orientation_cued"": ""orientation_cued_D0"", ""motion_duration_cued"": ""motion_duration_cued_D4"", ""krauzlis_cued_motion"": ""krauzlis_B12"", ""spatial_binding"": ""spatial_binding_D4"", ""image_recognition"": ""image_recognition_N12_H3""}","{""orientation_cued"": {}, ""motion_duration_cued"": {}, ""krauzlis_cued_motion"": {}, ""spatial_binding"": {}, ""image_recognition"": {}}"
623,24920,523360,0.8395622491836547,0.45,0.3624403476715088,0,2.5265886783599854,"{""orientation_cued"": 0.6934822797775269, ""motion_duration_cued"": 1.3855791091918945, ""krauzlis_cued_motion"": 0.7417594194412231, ""spatial_binding"": 0.6932299137115479, ""image_recognition"": 0.6837605237960815}","{""orientation_cued"": 0.5, ""motion_duration_cued"": 0.375, ""krauzlis_cued_motion"": 0.375, ""spatial_binding"": 0.5, ""image_recognition"": 0.5}","{""orientation_cued"": ""orientation_cued_D24"", ""motion_duration_cued"": ""motion_duration_cued_D24"", ""krauzlis_cued_motion"": ""krauzlis_B20"", ""spatial_binding"": ""spatial_binding_D12"", ""image_recognition"": ""image_recognition_N4_H5""}","{""orientation_cued"": {}, ""motion_duration_cued"": {}, ""krauzlis_cued_motion"": {}, ""spatial_binding"": {}, ""image_recognition"": {}}"
624,24960,524160,0.697235288657248,0.525,0.24665644764900208,0,1.964148998260498,"{""orientation_cued"": 0.6929599046707153, ""motion_duration_cued"": 1.3900706768035889, ""krauzlis_cued_motion"": 0.7040029764175415, ""spatial_binding"": 0.6930609345436096, ""image_recognition"": 0.006081950850784779}","{""orientation_cued"": 0.5, ""motion_duration_cued"": 0.125, ""krauzlis_cued_motion"": 0.5, ""spatial_binding"": 0.5, ""image_recognition"": 1.0}","{""orientation_cued"": ""orientation_cued_D4"", ""motion_duration_cued"": ""motion_duration_cued_D0"", ""krauzlis_cued_motion"": ""krauzlis_B28"", ""spatial_binding"": ""spatial_binding_D24"", ""image_recognition"": ""image_recognition_N0_H3""}","{""orientation_cued"": {}, ""motion_duration_cued"": {}, ""krauzlis_cued_motion"": {}, ""spatial_binding"": {}, ""image_recognition"": {}}"
625,25000,524976,0.6787954498082399,0.6,0.611672580242157,0,1.9916787147521973,"{""orientation_cued"": 0.6747734546661377, ""motion_duration_cued"": 1.390974760055542, ""krauzlis_cued_motion"": 0.6310065984725952, ""spatial_binding"": 0.6938084363937378, ""image_recognition"": 0.003413999453186989}","{""orientation_cued"": 0.75, ""motion_duration_cued"": 0.0, ""krauzlis_cued_motion"": 0.75, ""spatial_binding"": 0.5, ""image_recognition"": 1.0}","{""orientation_cued"": ""orientation_cued_D0"", ""motion_duration_cued"": ""motion_duration_cued_D4"", ""krauzlis_cued_motion"": ""krauzlis_B28"", ""spatial_binding"": ""spatial_binding_D24"", ""image_recognition"": ""image_recognition_N0_H5""}","{""orientation_cued"": {}, ""motion_duration_cued"": {}, ""krauzlis_cued_motion"": {}, ""spatial_binding"": {}, ""image_recognition"": {}}"
626,25040,525720,0.8423618674278259,0.3,0.6312789916992188,0,1.861750602722168,"{""orientation_cued"": 0.6941136121749878, ""motion_duration_cued"": 1.3881008625030518, ""krauzlis_cued_motion"": 0.7395177483558655, ""spatial_binding"": 0.6913205981254578, ""image_recognition"": 0.6987565159797668}","{""orientation_cued"": 0.25, ""motion_duration_cued"": 0.0, ""krauzlis_cued_motion"": 0.375, ""spatial_binding"": 0.5, ""image_recognition"": 0.375}","{""orientation_cued"": ""orientation_cued_D4"", ""motion_duration_cued"": ""motion_duration_cued_D0"", ""krauzlis_cued_motion"": ""krauzlis_B20"", ""spatial_binding"": ""spatial_binding_D0"", ""image_recognition"": ""image_recognition_N24_H4""}","{""orientation_cued"": {}, ""motion_duration_cued"": {}, ""krauzlis_cued_motion"": {}, ""spatial_binding"": {}, ""image_recognition"": {}}"
627,25080,526696,0.824765968322754,0.55,0.2235698401927948,0,2.4333932399749756,"{""orientation_cued"": 0.6886959671974182, ""motion_duration_cued"": 1.385987401008606, ""krauzlis_cued_motion"": 0.6680793762207031, ""spatial_binding"": 0.693263828754425, ""image_recognition"": 0.6878032684326172}","{""orientation_cued"": 0.625, ""motion_duration_cued"": 0.25, ""krauzlis_cued_motion"": 0.625, ""spatial_binding"": 0.75, ""image_recognition"": 0.5}","{""orientation_cued"": ""orientation_cued_D24"", ""motion_duration_cued"": ""motion_duration_cued_D24"", ""krauzlis_cued_motion"": ""krauzlis_B12"", ""spatial_binding"": ""spatial_binding_D12"", ""image_recognition"": ""image_recognition_N4_H5""}","{""orientation_cued"": {}, ""motion_duration_cued"": {}, ""krauzlis_cued_motion"": {}, ""spatial_binding"": {}, ""image_recognition"": {}}"
628,25120,527408,0.8223115086555481,0.475,0.33057907223701477,0,1.8333725929260254,"{""orientation_cued"": 0.6998996734619141, ""motion_duration_cued"": 1.3865679502487183, ""krauzlis_cued_motion"": 0.6334778666496277, ""spatial_binding"": 0.6927633285522461, ""image_recognition"": 0.6988487243652344}","{""orientation_cued"": 0.375, ""motion_duration_cued"": 0.25, ""krauzlis_cued_motion"": 0.75, ""spatial_binding"": 0.625, ""image_recognition"": 0.375}","{""orientation_cued"": ""orientation_cued_D12"", ""motion_duration_cued"": ""motion_duration_cued_D12"", ""krauzlis_cued_motion"": ""krauzlis_B12"", ""spatial_binding"": ""spatial_binding_D4"", ""image_recognition"": ""image_recognition_N4_H4""}","{""orientation_cued"": {}, ""motion_duration_cued"": {}, ""krauzlis_cued_motion"": {}, ""spatial_binding"": {}, ""image_recognition"": {}}"
629,25160,528080,0.7005848055705428,0.5,0.46788743138313293,0,1.5956974029541016,"{""orientation_cued"": 0.7149130702018738, ""motion_duration_cued"": 1.388697862625122, ""krauzlis_cued_motion"": 0.7031413316726685, ""spatial_binding"": 0.690412700176239, ""image_recognition"": 0.005759063176810741}","{""orientation_cued"": 0.375, ""motion_duration_cued"": 0.125, ""krauzlis_cued_motion"": 0.5, ""spatial_binding"": 0.5, ""image_recognition"": 1.0}","{""orientation_cued"": ""orientation_cued_D0"", ""motion_duration_cued"": ""motion_duration_cued_D12"", ""krauzlis_cued_motion"": ""krauzlis_B28"", ""spatial_binding"": ""spatial_binding_D0"", ""image_recognition"": ""image_recognition_N0_H3""}","{""orientation_cued"": {}, ""motion_duration_cued"": {}, ""krauzlis_cued_motion"": {}, ""spatial_binding"": {}, ""image_recognition"": {}}"
630,25200,528792,0.6920598990283906,0.55,0.4167402386665344,0,1.6694941520690918,"{""orientation_cued"": 0.7027608156204224, ""motion_duration_cued"": 1.3908147811889648, ""krauzlis_cued_motion"": 0.6677862405776978, ""spatial_binding"": 0.6933162212371826, ""image_recognition"": 0.005621436517685652}","{""orientation_cued"": 0.375, ""motion_duration_cued"": 0.25, ""krauzlis_cued_motion"": 0.625, ""spatial_binding"": 0.5, ""image_recognition"": 1.0}","{""orientation_cued"": ""orientation_cued_D12"", ""motion_duration_cued"": ""motion_duration_cued_D0"", ""krauzlis_cued_motion"": ""krauzlis_B20"", ""spatial_binding"": ""spatial_binding_D12"", ""image_recognition"": ""image_recognition_N0_H4""}","{""orientation_cued"": {}, ""motion_duration_cued"": {}, ""krauzlis_cued_motion"": {}, ""spatial_binding"": {}, ""image_recognition"": {}}"
631,25240,529760,0.8393994808197022,0.475,0.3800588846206665,0,2.297074556350708,"{""orientation_cued"": 0.6890599131584167, ""motion_duration_cued"": 1.3842347860336304, ""krauzlis_cued_motion"": 0.7387181520462036, ""spatial_binding"": 0.6931976079940796, ""image_recognition"": 0.6917869448661804}","{""orientation_cued"": 0.625, ""motion_duration_cued"": 0.375, ""krauzlis_cued_motion"": 0.375, ""spatial_binding"": 0.5, ""image_recognition"": 0.5}","{""orientation_cued"": ""orientation_cued_D4"", ""motion_duration_cued"": ""motion_duration_cued_D24"", ""krauzlis_cued_motion"": ""krauzlis_B12"", ""spatial_binding"": ""spatial_binding_D24"", ""image_recognition"": ""image_recognition_N12_H4""}","{""orientation_cued"": {}, ""motion_duration_cued"": {}, ""krauzlis_cued_motion"": {}, ""spatial_binding"": {}, ""image_recognition"": {}}"
632,25280,530784,0.8281801700592041,0.475,0.321877121925354,0,2.4269468784332275,"{""orientation_cued"": 0.7035335898399353, ""motion_duration_cued"": 1.3869333267211914, ""krauzlis_cued_motion"": 0.6679946184158325, ""spatial_binding"": 0.6929211616516113, ""image_recognition"": 0.68951815366745}","{""orientation_cued"": 0.375, ""motion_duration_cued"": 0.375, ""krauzlis_cued_motion"": 0.625, ""spatial_binding"": 0.5, ""image_recognition"": 0.5}","{""orientation_cued"": ""orientation_cued_D24"", ""motion_duration_cued"": ""motion_duration_cued_D4"", ""krauzlis_cued_motion"": ""krauzlis_B28"", ""spatial_binding"": ""spatial_binding_D4"", ""image_recognition"": ""image_recognition_N24_H3""}","{""orientation_cued"": {}, ""motion_duration_cued"": {}, ""krauzlis_cued_motion"": {}, ""spatial_binding"": {}, ""image_recognition"": {}}"
633,25320,531504,0.8266615033149719,0.4,0.3971484303474426,0,1.710754632949829,"{""orientation_cued"": 0.697701096534729, ""motion_duration_cued"": 1.3891162872314453, ""krauzlis_cued_motion"": 0.6680524945259094, ""spatial_binding"": 0.6928829550743103, ""image_recognition"": 0.6855546832084656}","{""orientation_cued"": 0.375, ""motion_duration_cued"": 0.0, ""krauzlis_cued_motion"": 0.625, ""spatial_binding"": 0.5, ""image_recognition"": 0.5}","{""orientation_cued"": ""orientation_cued_D4"", ""motion_duration_cued"": ""motion_duration_cued_D4"", ""krauzlis_cued_motion"": ""krauzlis_B20"", ""spatial_binding"": ""spatial_binding_D4"", ""image_recognition"": ""image_recognition_N12_H5""}","{""orientation_cued"": {}, ""motion_duration_cued"": {}, ""krauzlis_cued_motion"": {}, ""spatial_binding"": {}, ""image_recognition"": {}}"
634,25360,532512,0.8201711297035217,0.475,0.45559436082839966,0,2.3770716190338135,"{""orientation_cued"": 0.6857455968856812, ""motion_duration_cued"": 1.3895169496536255, ""krauzlis_cued_motion"": 0.6336722373962402, ""spatial_binding"": 0.6965476274490356, ""image_recognition"": 0.6953732371330261}","{""orientation_cued"": 0.625, ""motion_duration_cued"": 0.125, ""krauzlis_cued_motion"": 0.75, ""spatial_binding"": 0.375, ""image_recognition"": 0.5}","{""orientation_cued"": ""orientation_cued_D12"", ""motion_duration_cued"": ""motion_duration_cued_D24"", ""krauzlis_cued_motion"": ""krauzlis_B20"", ""spatial_binding"": ""spatial_binding_D0"", ""image_recognition"": ""image_recognition_N24_H5""}","{""orientation_cued"": {}, ""motion_duration_cued"": {}, ""krauzlis_cued_motion"": {}, ""spatial_binding"": {}, ""image_recognition"": {}}"
635,25400,533504,0.8388964056968689,0.45,0.34764009714126587,0,2.3579649925231934,"{""orientation_cued"": 0.6931846737861633, ""motion_duration_cued"": 1.3879680633544922, ""krauzlis_cued_motion"": 0.7387688755989075, ""spatial_binding"": 0.6934666037559509, ""image_recognition"": 0.6810938119888306}","{""orientation_cued"": 0.5, ""motion_duration_cued"": 0.25, ""krauzlis_cued_motion"": 0.375, ""spatial_binding"": 0.5, ""image_recognition"": 0.625}","{""orientation_cued"": ""orientation_cued_D24"", ""motion_duration_cued"": ""motion_duration_cued_D12"", ""krauzlis_cued_motion"": ""krauzlis_B28"", ""spatial_binding"": ""spatial_binding_D12"", ""image_recognition"": ""image_recognition_N4_H3""}","{""orientation_cued"": {}, ""motion_duration_cued"": {}, ""krauzlis_cued_motion"": {}, ""spatial_binding"": {}, ""image_recognition"": {}}"
636,25440,534240,0.8289029002189636,0.45,0.23376619815826416,0,1.7241439819335938,"{""orientation_cued"": 0.6962270736694336, ""motion_duration_cued"": 1.3882606029510498, ""krauzlis_cued_motion"": 0.6676863431930542, ""spatial_binding"": 0.693181574344635, ""image_recognition"": 0.6991589069366455}","{""orientation_cued"": 0.5, ""motion_duration_cued"": 0.25, ""krauzlis_cued_motion"": 0.625, ""spatial_binding"": 0.5, ""image_recognition"": 0.375}","{""orientation_cued"": ""orientation_cued_D0"", ""motion_duration_cued"": ""motion_duration_cued_D0"", ""krauzlis_cued_motion"": ""krauzlis_B12"", ""spatial_binding"": ""spatial_binding_D24"", ""image_recognition"": ""image_recognition_N12_H3""}","{""orientation_cued"": {}, ""motion_duration_cued"": {}, ""krauzlis_cued_motion"": {}, ""spatial_binding"": {}, ""image_recognition"": {}}"
637,25480,535296,0.8341130971908569,0.425,0.29466861486434937,0,2.4870970249176025,"{""orientation_cued"": 0.6927886009216309, ""motion_duration_cued"": 1.3891600370407104, ""krauzlis_cued_motion"": 0.7030493021011353, ""spatial_binding"": 0.6936930418014526, ""image_recognition"": 0.6918745040893555}","{""orientation_cued"": 0.5, ""motion_duration_cued"": 0.125, ""krauzlis_cued_motion"": 0.5, ""spatial_binding"": 0.5, ""image_recognition"": 0.5}","{""orientation_cued"": ""orientation_cued_D4"", ""motion_duration_cued"": ""motion_duration_cued_D24"", ""krauzlis_cued_motion"": ""krauzlis_B12"", ""spatial_binding"": ""spatial_binding_D24"", ""image_recognition"": ""image_recognition_N24_H3""}","{""orientation_cued"": {}, ""motion_duration_cued"": {}, ""krauzlis_cued_motion"": {}, ""spatial_binding"": {}, ""image_recognition"": {}}"
638,25520,536128,0.819896399974823,0.475,0.38785967230796814,0,1.968442678451538,"{""orientation_cued"": 0.6931008100509644, ""motion_duration_cued"": 1.3933647871017456, ""krauzlis_cued_motion"": 0.6321309208869934, ""spatial_binding"": 0.6924223899841309, ""image_recognition"": 0.6884630918502808}","{""orientation_cued"": 0.5, ""motion_duration_cued"": 0.125, ""krauzlis_cued_motion"": 0.75, ""spatial_binding"": 0.5, ""image_recognition"": 0.5}","{""orientation_cued"": ""orientation_cued_D24"", ""motion_duration_cued"": ""motion_duration_cued_D0"", ""krauzlis_cued_motion"": ""krauzlis_B28"", ""spatial_binding"": ""spatial_binding_D4"", ""image_recognition"": ""image_recognition_N4_H3""}","{""orientation_cued"": {}, ""motion_duration_cued"": {}, ""krauzlis_cued_motion"": {}, ""spatial_binding"": {}, ""image_recognition"": {}}"
639,25560,536784,0.8399959683418274,0.375,0.33235660195350647,0,1.5373291969299316,"{""orientation_cued"": 0.7130571007728577, ""motion_duration_cued"": 1.3863188028335571, ""krauzlis_cued_motion"": 0.7034469842910767, ""spatial_binding"": 0.6945441961288452, ""image_recognition"": 0.7026127576828003}","{""orientation_cued"": 0.375, ""motion_duration_cued"": 0.25, ""krauzlis_cued_motion"": 0.5, ""spatial_binding"": 0.5, ""image_recognition"": 0.25}","{""orientation_cued"": ""orientation_cued_D0"", ""motion_duration_cued"": ""motion_duration_cued_D4"", ""krauzlis_cued_motion"": ""krauzlis_B20"", ""spatial_binding"": ""spatial_binding_D0"", ""image_recognition"": ""image_recognition_N12_H5""}","{""orientation_cued"": {}, ""motion_duration_cued"": {}, ""krauzlis_cued_motion"": {}, ""spatial_binding"": {}, ""image_recognition"": {}}"
640,25600,537720,0.8499250531196594,0.375,0.5204160213470459,0,2.2059805393218994,"{""orientation_cued"": 0.6996580958366394, ""motion_duration_cued"": 1.3863105773925781, ""krauzlis_cued_motion"": 0.7764557003974915, ""spatial_binding"": 0.6925954222679138, ""image_recognition"": 0.6946054697036743}","{""orientation_cued"": 0.375, ""motion_duration_cued"": 0.25, ""krauzlis_cued_motion"": 0.25, ""spatial_binding"": 0.625, ""image_recognition"": 0.375}","{""orientation_cued"": ""orientation_cued_D12"", ""motion_duration_cued"": ""motion_duration_cued_D12"", ""krauzlis_cued_motion"": ""krauzlis_B12"", ""spatial_binding"": ""spatial_binding_D12"", ""image_recognition"": ""image_recognition_N24_H4""}","{""orientation_cued"": {}, ""motion_duration_cued"": {}, ""krauzlis_cued_motion"": {}, ""spatial_binding"": {}, ""image_recognition"": {}}"
641,25640,538912,0.8484774827957153,0.375,0.5300089716911316,0,2.8682126998901367,"{""orientation_cued"": 0.6934177279472351, ""motion_duration_cued"": 1.3856844902038574, ""krauzlis_cued_motion"": 0.7728272080421448, ""spatial_binding"": 0.6935260891914368, ""image_recognition"": 0.6969318985939026}","{""orientation_cued"": 0.5, ""motion_duration_cued"": 0.25, ""krauzlis_cued_motion"": 0.25, ""spatial_binding"": 0.375, ""image_recognition"": 0.5}","{""orientation_cued"": ""orientation_cued_D24"", ""motion_duration_cued"": ""motion_duration_cued_D24"", ""krauzlis_cued_motion"": ""krauzlis_B28"", ""spatial_binding"": ""spatial_binding_D24"", ""image_recognition"": ""image_recognition_N4_H4""}","{""orientation_cued"": {""priority_entropy"": 5.122374534606934, ""priority_peak"": 0.008242227137088776, ""priority_gradient_norm"": 0.01369713805615902, ""attention_gradient_norm"": 0.0017985188169404864}, ""motion_duration_cued"": {""priority_entropy"": 5.124812126159668, ""priority_peak"": 0.007497122045606375, ""priority_gradient_norm"": 0.1979854702949524, ""attention_gradient_norm"": 0.006874400191009045}, ""krauzlis_cued_motion"": {""priority_entropy"": 5.129094123840332, ""priority_peak"": 0.006541595794260502, ""priority_gradient_norm"": 0.49739977717399597, ""attention_gradient_norm"": 0.0199806597083807}, ""spatial_binding"": {""priority_entropy"": 5.128885269165039, ""priority_peak"": 0.006657934747636318, ""priority_gradient_norm"": 0.4976535439491272, ""attention_gradient_norm"": 0.019182628020644188}, ""image_recognition"": {""priority_entropy"": 5.1278815269470215, ""priority_peak"": 0.007031661923974752, ""priority_gradient_norm"": 0.5008189082145691, ""attention_gradient_norm"": 0.02115251123905182}}"
642,25680,539592,0.8233971476554871,0.475,0.3604845106601715,0,1.6298556327819824,"{""orientation_cued"": 0.6935430765151978, ""motion_duration_cued"": 1.3893076181411743, ""krauzlis_cued_motion"": 0.6376628875732422, ""spatial_binding"": 0.692362904548645, ""image_recognition"": 0.704109251499176}","{""orientation_cued"": 0.5, ""motion_duration_cued"": 0.125, ""krauzlis_cued_motion"": 0.75, ""spatial_binding"": 0.5, ""image_recognition"": 0.5}","{""orientation_cued"": ""orientation_cued_D4"", ""motion_duration_cued"": ""motion_duration_cued_D4"", ""krauzlis_cued_motion"": ""krauzlis_B20"", ""spatial_binding"": ""spatial_binding_D0"", ""image_recognition"": ""image_recognition_N12_H4""}","{""orientation_cued"": {}, ""motion_duration_cued"": {}, ""krauzlis_cued_motion"": {}, ""spatial_binding"": {}, ""image_recognition"": {}}"
643,25720,540424,0.8321668982505799,0.45,0.30343690514564514,0,2.0039331912994385,"{""orientation_cued"": 0.6913379430770874, ""motion_duration_cued"": 1.3895843029022217, ""krauzlis_cued_motion"": 0.7002720832824707, ""spatial_binding"": 0.6929116249084473, ""image_recognition"": 0.6867285370826721}","{""orientation_cued"": 0.625, ""motion_duration_cued"": 0.125, ""krauzlis_cued_motion"": 0.5, ""spatial_binding"": 0.5, ""image_recognition"": 0.5}","{""orientation_cued"": ""orientation_cued_D12"", ""motion_duration_cued"": ""motion_duration_cued_D12"", ""krauzlis_cued_motion"": ""krauzlis_B12"", ""spatial_binding"": ""spatial_binding_D12"", ""image_recognition"": ""image_recognition_N12_H3""}","{""orientation_cued"": {}, ""motion_duration_cued"": {}, ""krauzlis_cued_motion"": {}, ""spatial_binding"": {}, ""image_recognition"": {}}"
644,25760,541040,0.6713330091908574,0.65,0.6675102710723877,0,1.5034096240997314,"{""orientation_cued"": 0.6819087862968445, ""motion_duration_cued"": 1.3862484693527222, ""krauzlis_cued_motion"": 0.585442841053009, ""spatial_binding"": 0.6925895810127258, ""image_recognition"": 0.010475368238985538}","{""orientation_cued"": 0.625, ""motion_duration_cued"": 0.125, ""krauzlis_cued_motion"": 1.0, ""spatial_binding"": 0.5, ""image_recognition"": 1.0}","{""orientation_cued"": ""orientation_cued_D0"", ""motion_duration_cued"": ""motion_duration_cued_D0"", ""krauzlis_cued_motion"": ""krauzlis_B28"", ""spatial_binding"": ""spatial_binding_D4"", ""image_recognition"": ""image_recognition_N0_H4""}","{""orientation_cued"": {}, ""motion_duration_cued"": {}, ""krauzlis_cued_motion"": {}, ""spatial_binding"": {}, ""image_recognition"": {}}"
645,25800,541952,0.834154236316681,0.475,0.5730971693992615,0,2.1896321773529053,"{""orientation_cued"": 0.669413149356842, ""motion_duration_cued"": 1.3909075260162354, ""krauzlis_cued_motion"": 0.728865385055542, ""spatial_binding"": 0.6914518475532532, ""image_recognition"": 0.690133273601532}","{""orientation_cued"": 0.75, ""motion_duration_cued"": 0.25, ""krauzlis_cued_motion"": 0.375, ""spatial_binding"": 0.5, ""image_recognition"": 0.5}","{""orientation_cued"": ""orientation_cued_D0"", ""motion_duration_cued"": ""motion_duration_cued_D24"", ""krauzlis_cued_motion"": ""krauzlis_B20"", ""spatial_binding"": ""spatial_binding_D0"", ""image_recognition"": ""image_recognition_N24_H5""}","{""orientation_cued"": {}, ""motion_duration_cued"": {}, ""krauzlis_cued_motion"": {}, ""spatial_binding"": {}, ""image_recognition"": {}}"
646,25840,542704,0.6771806653123349,0.675,0.6680005788803101,0,1.8306300640106201,"{""orientation_cued"": 0.691352128982544, ""motion_duration_cued"": 1.3847230672836304, ""krauzlis_cued_motion"": 0.6136819124221802, ""spatial_binding"": 0.6923964023590088, ""image_recognition"": 0.0037498155143111944}","{""orientation_cued"": 0.75, ""motion_duration_cued"": 0.25, ""krauzlis_cued_motion"": 0.875, ""spatial_binding"": 0.5, ""image_recognition"": 1.0}","{""orientation_cued"": ""orientation_cued_D12"", ""motion_duration_cued"": ""motion_duration_cued_D12"", ""krauzlis_cued_motion"": ""krauzlis_B12"", ""spatial_binding"": ""spatial_binding_D12"", ""image_recognition"": ""image_recognition_N0_H5""}","{""orientation_cued"": {}, ""motion_duration_cued"": {}, ""krauzlis_cued_motion"": {}, ""spatial_binding"": {}, ""image_recognition"": {}}"
647,25880,543344,0.6893579675816,0.55,0.29757702350616455,0,1.5418095588684082,"{""orientation_cued"": 0.6942412257194519, ""motion_duration_cued"": 1.3849056959152222, ""krauzlis_cued_motion"": 0.6701691150665283, ""spatial_binding"": 0.6928344368934631, ""image_recognition"": 0.004639364313334227}","{""orientation_cued"": 0.375, ""motion_duration_cued"": 0.25, ""krauzlis_cued_motion"": 0.625, ""spatial_binding"": 0.5, ""image_recognition"": 1.0}","{""orientation_cued"": ""orientation_cued_D4"", ""motion_duration_cued"": ""motion_duration_cued_D0"", ""krauzlis_cued_motion"": ""krauzlis_B28"", ""spatial_binding"": ""spatial_binding_D4"", ""image_recognition"": ""image_recognition_N0_H3""}","{""orientation_cued"": {}, ""motion_duration_cued"": {}, ""krauzlis_cued_motion"": {}, ""spatial_binding"": {}, ""image_recognition"": {}}"
648,25920,544320,0.8232346177101135,0.475,0.4070112407207489,0,2.372415781021118,"{""orientation_cued"": 0.697959840297699, ""motion_duration_cued"": 1.3883448839187622, ""krauzlis_cued_motion"": 0.6381574869155884, ""spatial_binding"": 0.693101704120636, ""image_recognition"": 0.6986091732978821}","{""orientation_cued"": 0.375, ""motion_duration_cued"": 0.125, ""krauzlis_cued_motion"": 0.75, ""spatial_binding"": 0.5, ""image_recognition"": 0.625}","{""orientation_cued"": ""orientation_cued_D24"", ""motion_duration_cued"": ""motion_duration_cued_D4"", ""krauzlis_cued_motion"": ""krauzlis_B20"", ""spatial_binding"": ""spatial_binding_D24"", ""image_recognition"": ""image_recognition_N4_H5""}","{""orientation_cued"": {}, ""motion_duration_cued"": {}, ""krauzlis_cued_motion"": {}, ""spatial_binding"": {}, ""image_recognition"": {}}"
649,25960,545088,0.833312475681305,0.425,0.3167421519756317,0,2.0051798820495605,"{""orientation_cued"": 0.694854199886322, ""motion_duration_cued"": 1.3840453624725342, ""krauzlis_cued_motion"": 0.7025249600410461, ""spatial_binding"": 0.6928252577781677, ""image_recognition"": 0.6923125982284546}","{""orientation_cued"": 0.375, ""motion_duration_cued"": 0.25, ""krauzlis_cued_motion"": 0.5, ""spatial_binding"": 0.5, ""image_recognition"": 0.5}","{""orientation_cued"": ""orientation_cued_D4"", ""motion_duration_cued"": ""motion_duration_cued_D0"", ""krauzlis_cued_motion"": ""krauzlis_B20"", ""spatial_binding"": ""spatial_binding_D4"", ""image_recognition"": ""image_recognition_N24_H3""}","{""orientation_cued"": {}, ""motion_duration_cued"": {}, ""krauzlis_cued_motion"": {}, ""spatial_binding"": {}, ""image_recognition"": {}}"
650,26000,545768,0.7079190748278051,0.5,0.4409141540527344,0,1.7600033283233643,"{""orientation_cued"": 0.715732753276825, ""motion_duration_cued"": 1.3896673917770386, ""krauzlis_cued_motion"": 0.7386253476142883, ""spatial_binding"": 0.6923779845237732, ""image_recognition"": 0.0031918969471007586}","{""orientation_cued"": 0.375, ""motion_duration_cued"": 0.125, ""krauzlis_cued_motion"": 0.375, ""spatial_binding"": 0.625, ""image_recognition"": 1.0}","{""orientation_cued"": ""orientation_cued_D0"", ""motion_duration_cued"": ""motion_duration_cued_D4"", ""krauzlis_cued_motion"": ""krauzlis_B12"", ""spatial_binding"": ""spatial_binding_D24"", ""image_recognition"": ""image_recognition_N0_H4""}","{""orientation_cued"": {}, ""motion_duration_cued"": {}, ""krauzlis_cued_motion"": {}, ""spatial_binding"": {}, ""image_recognition"": {}}"
651,26040,546928,0.82052001953125,0.475,0.47307443618774414,0,2.8397574424743652,"{""orientation_cued"": 0.6992309093475342, ""motion_duration_cued"": 1.3847205638885498, ""krauzlis_cued_motion"": 0.6313185095787048, ""spatial_binding"": 0.6933020353317261, ""image_recognition"": 0.6940280795097351}","{""orientation_cued"": 0.375, ""motion_duration_cued"": 0.5, ""krauzlis_cued_motion"": 0.75, ""spatial_binding"": 0.375, ""image_recognition"": 0.375}","{""orientation_cued"": ""orientation_cued_D24"", ""motion_duration_cued"": ""motion_duration_cued_D24"", ""krauzlis_cued_motion"": ""krauzlis_B28"", ""spatial_binding"": ""spatial_binding_D12"", ""image_recognition"": ""image_recognition_N12_H4""}","{""orientation_cued"": {}, ""motion_duration_cued"": {}, ""krauzlis_cued_motion"": {}, ""spatial_binding"": {}, ""image_recognition"": {}}"
652,26080,547664,0.8471011161804199,0.475,0.5920458436012268,0,2.0387144088745117,"{""orientation_cued"": 0.6885229349136353, ""motion_duration_cued"": 1.3918273448944092, ""krauzlis_cued_motion"": 0.7788352966308594, ""spatial_binding"": 0.6886357069015503, ""image_recognition"": 0.6876842975616455}","{""orientation_cued"": 0.625, ""motion_duration_cued"": 0.0, ""krauzlis_cued_motion"": 0.25, ""spatial_binding"": 0.75, ""image_recognition"": 0.75}","{""orientation_cued"": ""orientation_cued_D12"", ""motion_duration_cued"": ""motion_duration_cued_D12"", ""krauzlis_cued_motion"": ""krauzlis_B12"", ""spatial_binding"": ""spatial_binding_D0"", ""image_recognition"": ""image_recognition_N12_H3""}","{""orientation_cued"": {}, ""motion_duration_cued"": {}, ""krauzlis_cued_motion"": {}, ""spatial_binding"": {}, ""image_recognition"": {}}"
653,26120,548504,0.8191142797470092,0.5,0.4454011917114258,0,2.0412802696228027,"{""orientation_cued"": 0.6933748722076416, ""motion_duration_cued"": 1.388693928718567, ""krauzlis_cued_motion"": 0.6298251152038574, ""spatial_binding"": 0.6932367086410522, ""image_recognition"": 0.6904407739639282}","{""orientation_cued"": 0.5, ""motion_duration_cued"": 0.125, ""krauzlis_cued_motion"": 0.75, ""spatial_binding"": 0.5, ""image_recognition"": 0.625}","{""orientation_cued"": ""orientation_cued_D24"", ""motion_duration_cued"": ""motion_duration_cued_D12"", ""krauzlis_cued_motion"": ""krauzlis_B20"", ""spatial_binding"": ""spatial_binding_D0"", ""image_recognition"": ""image_recognition_N4_H4""}","{""orientation_cued"": {}, ""motion_duration_cued"": {}, ""krauzlis_cued_motion"": {}, ""spatial_binding"": {}, ""image_recognition"": {}}"
654,26160,549376,0.8433339834213257,0.375,0.47084730863571167,0,2.291243076324463,"{""orientation_cued"": 0.692790687084198, ""motion_duration_cued"": 1.3901829719543457, ""krauzlis_cued_motion"": 0.7425945997238159, ""spatial_binding"": 0.6923909783363342, ""image_recognition"": 0.6987106800079346}","{""orientation_cued"": 0.5, ""motion_duration_cued"": 0.0, ""krauzlis_cued_motion"": 0.375, ""spatial_binding"": 0.5, ""image_recognition"": 0.5}","{""orientation_cued"": ""orientation_cued_D4"", ""motion_duration_cued"": ""motion_duration_cued_D4"", ""krauzlis_cued_motion"": ""krauzlis_B28"", ""spatial_binding"": ""spatial_binding_D4"", ""image_recognition"": ""image_recognition_N24_H4""}","{""orientation_cued"": {}, ""motion_duration_cued"": {}, ""krauzlis_cued_motion"": {}, ""spatial_binding"": {}, ""image_recognition"": {}}"
655,26200,550032,0.8044664859771729,0.55,0.6468421220779419,0,1.6073861122131348,"{""orientation_cued"": 0.6958733201026917, ""motion_duration_cued"": 1.3824392557144165, ""krauzlis_cued_motion"": 0.5553723573684692, ""spatial_binding"": 0.6929774880409241, ""image_recognition"": 0.6956700086593628}","{""orientation_cued"": 0.5, ""motion_duration_cued"": 0.25, ""krauzlis_cued_motion"": 1.0, ""spatial_binding"": 0.5, ""image_recognition"": 0.5}","{""orientation_cued"": ""orientation_cued_D0"", ""motion_duration_cued"": ""motion_duration_cued_D0"", ""krauzlis_cued_motion"": ""krauzlis_B20"", ""spatial_binding"": ""spatial_binding_D12"", ""image_recognition"": ""image_recognition_N4_H5""}","{""orientation_cued"": {}, ""motion_duration_cued"": {}, ""krauzlis_cued_motion"": {}, ""spatial_binding"": {}, ""image_recognition"": {}}"
656,26240,551072,0.833304762840271,0.5,0.270059198141098,0,2.6177918910980225,"{""orientation_cued"": 0.6929797530174255, ""motion_duration_cued"": 1.385460376739502, ""krauzlis_cued_motion"": 0.7052362561225891, ""spatial_binding"": 0.6935392618179321, ""image_recognition"": 0.6893081665039062}","{""orientation_cued"": 0.5, ""motion_duration_cued"": 0.25, ""krauzlis_cued_motion"": 0.5, ""spatial_binding"": 0.5, ""image_recognition"": 0.75}","{""orientation_cued"": ""orientation_cued_D12"", ""motion_duration_cued"": ""motion_duration_cued_D24"", ""krauzlis_cued_motion"": ""krauzlis_B12"", ""spatial_binding"": ""spatial_binding_D24"", ""image_recognition"": ""image_recognition_N12_H5""}","{""orientation_cued"": {}, ""motion_duration_cued"": {}, ""krauzlis_cued_motion"": {}, ""spatial_binding"": {}, ""image_recognition"": {}}"
657,26280,551984,0.8519546389579773,0.35,0.624876856803894,0,2.293835163116455,"{""orientation_cued"": 0.6961168646812439, ""motion_duration_cued"": 1.389099359512329, ""krauzlis_cued_motion"": 0.7859990000724792, ""spatial_binding"": 0.6946942806243896, ""image_recognition"": 0.6938636898994446}","{""orientation_cued"": 0.375, ""motion_duration_cued"": 0.125, ""krauzlis_cued_motion"": 0.25, ""spatial_binding"": 0.5, ""image_recognition"": 0.5}","{""orientation_cued"": ""orientation_cued_D4"", ""motion_duration_cued"": ""motion_duration_cued_D12"", ""krauzlis_cued_motion"": ""krauzlis_B28"", ""spatial_binding"": ""spatial_binding_D0"", ""image_recognition"": ""image_recognition_N24_H5""}","{""orientation_cued"": {}, ""motion_duration_cued"": {}, ""krauzlis_cued_motion"": {}, ""spatial_binding"": {}, ""image_recognition"": {}}"
658,26320,552832,0.6954623335972429,0.625,0.404865026473999,0,2.133673906326294,"{""orientation_cued"": 0.6877987384796143, ""motion_duration_cued"": 1.3867801427841187, ""krauzlis_cued_motion"": 0.7054804563522339, ""spatial_binding"": 0.6927280426025391, ""image_recognition"": 0.0045242877677083015}","{""orientation_cued"": 0.625, ""motion_duration_cued"": 0.375, ""krauzlis_cued_motion"": 0.5, ""spatial_binding"": 0.625, ""image_recognition"": 1.0}","{""orientation_cued"": ""orientation_cued_D12"", ""motion_duration_cued"": ""motion_duration_cued_D24"", ""krauzlis_cued_motion"": ""krauzlis_B12"", ""spatial_binding"": ""spatial_binding_D12"", ""image_recognition"": ""image_recognition_N0_H5""}","{""orientation_cued"": {}, ""motion_duration_cued"": {}, ""krauzlis_cued_motion"": {}, ""spatial_binding"": {}, ""image_recognition"": {}}"
659,26360,553664,0.8279195547103881,0.475,0.31459200382232666,0,2.1280152797698975,"{""orientation_cued"": 0.6977665424346924, ""motion_duration_cued"": 1.3805304765701294, ""krauzlis_cued_motion"": 0.666706383228302, ""spatial_binding"": 0.6931641697883606, ""image_recognition"": 0.7014302015304565}","{""orientation_cued"": 0.375, ""motion_duration_cued"": 0.375, ""krauzlis_cued_motion"": 0.625, ""spatial_binding"": 0.5, ""image_recognition"": 0.5}","{""orientation_cued"": ""orientation_cued_D24"", ""motion_duration_cued"": ""motion_duration_cued_D0"", ""krauzlis_cued_motion"": ""krauzlis_B28"", ""spatial_binding"": ""spatial_binding_D4"", ""image_recognition"": ""image_recognition_N4_H3""}","{""orientation_cued"": {}, ""motion_duration_cued"": {}, ""krauzlis_cued_motion"": {}, ""spatial_binding"": {}, ""image_recognition"": {}}"
660,26400,554400,0.7009179561398924,0.525,0.3587079346179962,0,1.888960361480713,"{""orientation_cued"": 0.7115061283111572, ""motion_duration_cued"": 1.3909906148910522, ""krauzlis_cued_motion"": 0.7042688131332397, ""spatial_binding"": 0.6932271718978882, ""image_recognition"": 0.004597052466124296}","{""orientation_cued"": 0.375, ""motion_duration_cued"": 0.125, ""krauzlis_cued_motion"": 0.5, ""spatial_binding"": 0.625, ""image_recognition"": 1.0}","{""orientation_cued"": ""orientation_cued_D0"", ""motion_duration_cued"": ""motion_duration_cued_D4"", ""krauzlis_cued_motion"": ""krauzlis_B20"", ""spatial_binding"": ""spatial_binding_D24"", ""image_recognition"": ""image_recognition_N0_H3""}","{""orientation_cued"": {}, ""motion_duration_cued"": {}, ""krauzlis_cued_motion"": {}, ""spatial_binding"": {}, ""image_recognition"": {}}"
661,26440,555336,0.8194838047027588,0.575,0.45766907930374146,0,2.348598003387451,"{""orientation_cued"": 0.6929067969322205, ""motion_duration_cued"": 1.3860883712768555, ""krauzlis_cued_motion"": 0.6307504773139954, ""spatial_binding"": 0.6925626993179321, ""image_recognition"": 0.6951106786727905}","{""orientation_cued"": 0.625, ""motion_duration_cued"": 0.25, ""krauzlis_cued_motion"": 0.75, ""spatial_binding"": 0.625, ""image_recognition"": 0.625}","{""orientation_cued"": ""orientation_cued_D4"", ""motion_duration_cued"": ""motion_duration_cued_D24"", ""krauzlis_cued_motion"": ""krauzlis_B28"", ""spatial_binding"": ""spatial_binding_D4"", ""image_recognition"": ""image_recognition_N12_H4""}","{""orientation_cued"": {}, ""motion_duration_cued"": {}, ""krauzlis_cued_motion"": {}, ""spatial_binding"": {}, ""image_recognition"": {}}"
662,26480,556008,0.8222694516181945,0.525,0.5406785011291504,0,1.706932783126831,"{""orientation_cued"": 0.709703803062439, ""motion_duration_cued"": 1.388026475906372, ""krauzlis_cued_motion"": 0.6315041780471802, ""spatial_binding"": 0.6930252313613892, ""image_recognition"": 0.6890875697135925}","{""orientation_cued"": 0.375, ""motion_duration_cued"": 0.375, ""krauzlis_cued_motion"": 0.75, ""spatial_binding"": 0.5, ""image_recognition"": 0.625}","{""orientation_cued"": ""orientation_cued_D0"", ""motion_duration_cued"": ""motion_duration_cued_D0"", ""krauzlis_cued_motion"": ""krauzlis_B12"", ""spatial_binding"": ""spatial_binding_D24"", ""image_recognition"": ""image_recognition_N4_H3""}","{""orientation_cued"": {}, ""motion_duration_cued"": {}, ""krauzlis_cued_motion"": {}, ""spatial_binding"": {}, ""image_recognition"": {}}"
663,26520,557008,0.8347257852554322,0.425,0.3660171926021576,0,2.5332863330841064,"{""orientation_cued"": 0.6938303112983704, ""motion_duration_cued"": 1.3846347332000732, ""krauzlis_cued_motion"": 0.7040730714797974, ""spatial_binding"": 0.6923899054527283, ""image_recognition"": 0.6987009048461914}","{""orientation_cued"": 0.375, ""motion_duration_cued"": 0.375, ""krauzlis_cued_motion"": 0.5, ""spatial_binding"": 0.5, ""image_recognition"": 0.375}","{""orientation_cued"": ""orientation_cued_D24"", ""motion_duration_cued"": ""motion_duration_cued_D12"", ""krauzlis_cued_motion"": ""krauzlis_B20"", ""spatial_binding"": ""spatial_binding_D0"", ""image_recognition"": ""image_recognition_N24_H4""}","{""orientation_cued"": {}, ""motion_duration_cued"": {}, ""krauzlis_cued_motion"": {}, ""spatial_binding"": {}, ""image_recognition"": {}}"
664,26560,557728,0.821001672744751,0.45,0.4418729841709137,0,1.802821159362793,"{""orientation_cued"": 0.6935150623321533, ""motion_duration_cued"": 1.3907650709152222, ""krauzlis_cued_motion"": 0.6294389963150024, ""spatial_binding"": 0.6933765411376953, ""image_recognition"": 0.6979126930236816}","{""orientation_cued"": 0.375, ""motion_duration_cued"": 0.125, ""krauzlis_cued_motion"": 0.75, ""spatial_binding"": 0.5, ""image_recognition"": 0.5}","{""orientation_cued"": ""orientation_cued_D12"", ""motion_duration_cued"": ""motion_duration_cued_D4"", ""krauzlis_cued_motion"": ""krauzlis_B12"", ""spatial_binding"": ""spatial_binding_D12"", ""image_recognition"": ""image_recognition_N4_H5""}","{""orientation_cued"": {}, ""motion_duration_cued"": {}, ""krauzlis_cued_motion"": {}, ""spatial_binding"": {}, ""image_recognition"": {}}"
665,26600,558728,0.7134020197670907,0.425,0.6241894364356995,0,2.569517135620117,"{""orientation_cued"": 0.6941822171211243, ""motion_duration_cued"": 1.3937875032424927, ""krauzlis_cued_motion"": 0.7829335331916809, ""spatial_binding"": 0.6934584975242615, ""image_recognition"": 0.002648347755894065}","{""orientation_cued"": 0.375, ""motion_duration_cued"": 0.125, ""krauzlis_cued_motion"": 0.25, ""spatial_binding"": 0.375, ""image_recognition"": 1.0}","{""orientation_cued"": ""orientation_cued_D24"", ""motion_duration_cued"": ""motion_duration_cued_D24"", ""krauzlis_cued_motion"": ""krauzlis_B28"", ""spatial_binding"": ""spatial_binding_D4"", ""image_recognition"": ""image_recognition_N0_H4""}","{""orientation_cued"": {}, ""motion_duration_cued"": {}, ""krauzlis_cued_motion"": {}, ""spatial_binding"": {}, ""image_recognition"": {}}"
666,26640,559472,0.8483545660972596,0.375,0.6484279632568359,0,1.883681297302246,"{""orientation_cued"": 0.6937633752822876, ""motion_duration_cued"": 1.3898845911026, ""krauzlis_cued_motion"": 0.7821691632270813, ""spatial_binding"": 0.6934189796447754, ""image_recognition"": 0.6825367212295532}","{""orientation_cued"": 0.375, ""motion_duration_cued"": 0.0, ""krauzlis_cued_motion"": 0.25, ""spatial_binding"": 0.5, ""image_recognition"": 0.75}","{""orientation_cued"": ""orientation_cued_D12"", ""motion_duration_cued"": ""motion_duration_cued_D0"", ""krauzlis_cued_motion"": ""krauzlis_B20"", ""spatial_binding"": ""spatial_binding_D12"", ""image_recognition"": ""image_recognition_N4_H4""}","{""orientation_cued"": {}, ""motion_duration_cued"": {}, ""krauzlis_cued_motion"": {}, ""spatial_binding"": {}, ""image_recognition"": {}}"
667,26680,560048,0.7123077005147934,0.45,0.5812275409698486,0,1.36016845703125,"{""orientation_cued"": 0.6981261968612671, ""motion_duration_cued"": 1.3865103721618652, ""krauzlis_cued_motion"": 0.7765882611274719, ""spatial_binding"": 0.6960286498069763, ""image_recognition"": 0.004285022616386414}","{""orientation_cued"": 0.25, ""motion_duration_cued"": 0.25, ""krauzlis_cued_motion"": 0.25, ""spatial_binding"": 0.5, ""image_recognition"": 1.0}","{""orientation_cued"": ""orientation_cued_D4"", ""motion_duration_cued"": ""motion_duration_cued_D12"", ""krauzlis_cued_motion"": ""krauzlis_B12"", ""spatial_binding"": ""spatial_binding_D0"", ""image_recognition"": ""image_recognition_N0_H3""}","{""orientation_cued"": {}, ""motion_duration_cued"": {}, ""krauzlis_cued_motion"": {}, ""spatial_binding"": {}, ""image_recognition"": {}}"
668,26720,560960,0.8208929419517517,0.55,0.4645565152168274,0,2.1596436500549316,"{""orientation_cued"": 0.6885628700256348, ""motion_duration_cued"": 1.3861128091812134, ""krauzlis_cued_motion"": 0.6356155276298523, ""spatial_binding"": 0.6939115524291992, ""image_recognition"": 0.7002619504928589}","{""orientation_cued"": 0.75, ""motion_duration_cued"": 0.25, ""krauzlis_cued_motion"": 0.75, ""spatial_binding"": 0.5, ""image_recognition"": 0.5}","{""orientation_cued"": ""orientation_cued_D0"", ""motion_duration_cued"": ""motion_duration_cued_D4"", ""krauzlis_cued_motion"": ""krauzlis_B28"", ""spatial_binding"": ""spatial_binding_D24"", ""image_recognition"": ""image_recognition_N12_H5""}","{""orientation_cued"": {}, ""motion_duration_cued"": {}, ""krauzlis_cued_motion"": {}, ""spatial_binding"": {}, ""image_recognition"": {}}"
669,26760,561712,0.6898052272852511,0.525,0.28750479221343994,0,1.7752351760864258,"{""orientation_cued"": 0.6949272751808167, ""motion_duration_cued"": 1.387978434562683, ""krauzlis_cued_motion"": 0.6698419451713562, ""spatial_binding"": 0.6931293606758118, ""image_recognition"": 0.0031491208355873823}","{""orientation_cued"": 0.375, ""motion_duration_cued"": 0.125, ""krauzlis_cued_motion"": 0.625, ""spatial_binding"": 0.5, ""image_recognition"": 1.0}","{""orientation_cued"": ""orientation_cued_D12"", ""motion_duration_cued"": ""motion_duration_cued_D4"", ""krauzlis_cued_motion"": ""krauzlis_B20"", ""spatial_binding"": ""spatial_binding_D12"", ""image_recognition"": ""image_recognition_N0_H5""}","{""orientation_cued"": {}, ""motion_duration_cued"": {}, ""krauzlis_cued_motion"": {}, ""spatial_binding"": {}, ""image_recognition"": {}}"
670,26800,562768,0.8200270771980286,0.5,0.4054192900657654,0,2.495565176010132,"{""orientation_cued"": 0.6918362975120544, ""motion_duration_cued"": 1.3881828784942627, ""krauzlis_cued_motion"": 0.6415415406227112, ""spatial_binding"": 0.6948291063308716, ""image_recognition"": 0.6837455630302429}","{""orientation_cued"": 0.625, ""motion_duration_cued"": 0.125, ""krauzlis_cued_motion"": 0.75, ""spatial_binding"": 0.5, ""image_recognition"": 0.5}","{""orientation_cued"": ""orientation_cued_D24"", ""motion_duration_cued"": ""motion_duration_cued_D24"", ""krauzlis_cued_motion"": ""krauzlis_B28"", ""spatial_binding"": ""spatial_binding_D0"", ""image_recognition"": ""image_recognition_N12_H3""}","{""orientation_cued"": {}, ""motion_duration_cued"": {}, ""krauzlis_cued_motion"": {}, ""spatial_binding"": {}, ""image_recognition"": {}}"
671,26840,563520,0.8382991909980774,0.4,0.33461812138557434,0,1.7853646278381348,"{""orientation_cued"": 0.6918706893920898, ""motion_duration_cued"": 1.3870017528533936, ""krauzlis_cued_motion"": 0.7281190156936646, ""spatial_binding"": 0.693024218082428, ""image_recognition"": 0.691480278968811}","{""orientation_cued"": 0.5, ""motion_duration_cued"": 0.125, ""krauzlis_cued_motion"": 0.375, ""spatial_binding"": 0.5, ""image_recognition"": 0.5}","{""orientation_cued"": ""orientation_cued_D0"", ""motion_duration_cued"": ""motion_duration_cued_D0"", ""krauzlis_cued_motion"": ""krauzlis_B20"", ""spatial_binding"": ""spatial_binding_D4"", ""image_recognition"": ""image_recognition_N24_H5""}","{""orientation_cued"": {}, ""motion_duration_cued"": {}, ""krauzlis_cued_motion"": {}, ""spatial_binding"": {}, ""image_recognition"": {}}"
672,26880,564480,0.8180401682853699,0.5,0.5112953782081604,0,2.2536745071411133,"{""orientation_cued"": 0.6931929588317871, ""motion_duration_cued"": 1.3922231197357178, ""krauzlis_cued_motion"": 0.6173336505889893, ""spatial_binding"": 0.6927286982536316, ""image_recognition"": 0.6947224140167236}","{""orientation_cued"": 0.5, ""motion_duration_cued"": 0.125, ""krauzlis_cued_motion"": 0.875, ""spatial_binding"": 0.5, ""image_recognition"": 0.5}","{""orientation_cued"": ""orientation_cued_D4"", ""motion_duration_cued"": ""motion_duration_cued_D12"", ""krauzlis_cued_motion"": ""krauzlis_B12"", ""spatial_binding"": ""spatial_binding_D24"", ""image_recognition"": ""image_recognition_N24_H3""}","{""orientation_cued"": {}, ""motion_duration_cued"": {}, ""krauzlis_cued_motion"": {}, ""spatial_binding"": {}, ""image_recognition"": {}}"
673,26920,565312,0.8372828006744385,0.45,0.3162432909011841,0,1.974816083908081,"{""orientation_cued"": 0.694613516330719, ""motion_duration_cued"": 1.3837080001831055, ""krauzlis_cued_motion"": 0.7267068028450012, ""spatial_binding"": 0.6926230192184448, ""image_recognition"": 0.6887626647949219}","{""orientation_cued"": 0.5, ""motion_duration_cued"": 0.375, ""krauzlis_cued_motion"": 0.375, ""spatial_binding"": 0.5, ""image_recognition"": 0.5}","{""orientation_cued"": ""orientation_cued_D0"", ""motion_duration_cued"": ""motion_duration_cued_D24"", ""krauzlis_cued_motion"": ""krauzlis_B12"", ""spatial_binding"": ""spatial_binding_D12"", ""image_recognition"": ""image_recognition_N12_H3""}","{""orientation_cued"": {}, ""motion_duration_cued"": {}, ""krauzlis_cued_motion"": {}, ""spatial_binding"": {}, ""image_recognition"": {}}"
674,26960,566056,0.8218046665191651,0.475,0.3612825870513916,0,1.7677557468414307,"{""orientation_cued"": 0.6934212446212769, ""motion_duration_cued"": 1.3886266946792603, ""krauzlis_cued_motion"": 0.6445652842521667, ""spatial_binding"": 0.6917732954025269, ""image_recognition"": 0.6906368136405945}","{""orientation_cued"": 0.5, ""motion_duration_cued"": 0.125, ""krauzlis_cued_motion"": 0.75, ""spatial_binding"": 0.5, ""image_recognition"": 0.5}","{""orientation_cued"": ""orientation_cued_D24"", ""motion_duration_cued"": ""motion_duration_cued_D0"", ""krauzlis_cued_motion"": ""krauzlis_B20"", ""spatial_binding"": ""spatial_binding_D0"", ""image_recognition"": ""image_recognition_N4_H4""}","{""orientation_cued"": {}, ""motion_duration_cued"": {}, ""krauzlis_cued_motion"": {}, ""spatial_binding"": {}, ""image_recognition"": {}}"
675,27000,566808,0.6836060990579427,0.625,0.3278834819793701,0,1.7660622596740723,"{""orientation_cued"": 0.6928117871284485, ""motion_duration_cued"": 1.3827455043792725, ""krauzlis_cued_motion"": 0.6436020731925964, ""spatial_binding"": 0.6934823989868164, ""image_recognition"": 0.005388731602579355}","{""orientation_cued"": 0.5, ""motion_duration_cued"": 0.375, ""krauzlis_cued_motion"": 0.75, ""spatial_binding"": 0.5, ""image_recognition"": 1.0}","{""orientation_cued"": ""orientation_cued_D4"", ""motion_duration_cued"": ""motion_duration_cued_D12"", ""krauzlis_cued_motion"": ""krauzlis_B28"", ""spatial_binding"": ""spatial_binding_D4"", ""image_recognition"": ""image_recognition_N0_H5""}","{""orientation_cued"": {}, ""motion_duration_cued"": {}, ""krauzlis_cued_motion"": {}, ""spatial_binding"": {}, ""image_recognition"": {}}"
676,27040,567608,0.8167843580245971,0.45,0.49424898624420166,0,1.9003069400787354,"{""orientation_cued"": 0.6932318210601807, ""motion_duration_cued"": 1.3890862464904785, ""krauzlis_cued_motion"": 0.6122510433197021, ""spatial_binding"": 0.693169891834259, ""image_recognition"": 0.6961827874183655}","{""orientation_cued"": 0.5, ""motion_duration_cued"": 0.125, ""krauzlis_cued_motion"": 0.875, ""spatial_binding"": 0.375, ""image_recognition"": 0.375}","{""orientation_cued"": ""orientation_cued_D12"", ""motion_duration_cued"": ""motion_duration_cued_D4"", ""krauzlis_cued_motion"": ""krauzlis_B12"", ""spatial_binding"": ""spatial_binding_D24"", ""image_recognition"": ""image_recognition_N4_H3""}","{""orientation_cued"": {}, ""motion_duration_cued"": {}, ""krauzlis_cued_motion"": {}, ""spatial_binding"": {}, ""image_recognition"": {}}"
677,27080,568456,0.8226837396621705,0.45,0.34912997484207153,0,1.9978044033050537,"{""orientation_cued"": 0.6931356191635132, ""motion_duration_cued"": 1.3917713165283203, ""krauzlis_cued_motion"": 0.6370225548744202, ""spatial_binding"": 0.6928977966308594, ""image_recognition"": 0.698591411113739}","{""orientation_cued"": 0.5, ""motion_duration_cued"": 0.125, ""krauzlis_cued_motion"": 0.75, ""spatial_binding"": 0.5, ""image_recognition"": 0.375}","{""orientation_cued"": ""orientation_cued_D4"", ""motion_duration_cued"": ""motion_duration_cued_D24"", ""krauzlis_cued_motion"": ""krauzlis_B28"", ""spatial_binding"": ""spatial_binding_D0"", ""image_recognition"": ""image_recognition_N4_H5""}","{""orientation_cued"": {}, ""motion_duration_cued"": {}, ""krauzlis_cued_motion"": {}, ""spatial_binding"": {}, ""image_recognition"": {}}"
678,27120,569456,0.8339500427246094,0.475,0.2479477971792221,0,2.3626508712768555,"{""orientation_cued"": 0.6936343312263489, ""motion_duration_cued"": 1.3831696510314941, ""krauzlis_cued_motion"": 0.7035328149795532, ""spatial_binding"": 0.6929449439048767, ""image_recognition"": 0.6964684724807739}","{""orientation_cued"": 0.5, ""motion_duration_cued"": 0.375, ""krauzlis_cued_motion"": 0.5, ""spatial_binding"": 0.5, ""image_recognition"": 0.5}","{""orientation_cued"": ""orientation_cued_D24"", ""motion_duration_cued"": ""motion_duration_cued_D12"", ""krauzlis_cued_motion"": ""krauzlis_B20"", ""spatial_binding"": ""spatial_binding_D12"", ""image_recognition"": ""image_recognition_N12_H4""}","{""orientation_cued"": {}, ""motion_duration_cued"": {}, ""krauzlis_cued_motion"": {}, ""spatial_binding"": {}, ""image_recognition"": {}}"
679,27160,570072,0.7032976122573018,0.55,0.37111613154411316,0,1.4671392440795898,"{""orientation_cued"": 0.686789870262146, ""motion_duration_cued"": 1.3885916471481323, ""krauzlis_cued_motion"": 0.7429371476173401, ""spatial_binding"": 0.6937856078147888, ""image_recognition"": 0.0043837884441018105}","{""orientation_cued"": 0.625, ""motion_duration_cued"": 0.25, ""krauzlis_cued_motion"": 0.375, ""spatial_binding"": 0.5, ""image_recognition"": 1.0}","{""orientation_cued"": ""orientation_cued_D12"", ""motion_duration_cued"": ""motion_duration_cued_D4"", ""krauzlis_cued_motion"": ""krauzlis_B12"", ""spatial_binding"": ""spatial_binding_D4"", ""image_recognition"": ""image_recognition_N0_H4""}","{""orientation_cued"": {}, ""motion_duration_cued"": {}, ""krauzlis_cued_motion"": {}, ""spatial_binding"": {}, ""image_recognition"": {}}"
680,27200,571032,0.8258514046669007,0.5,0.2797108292579651,0,2.2494616508483887,"{""orientation_cued"": 0.6919944882392883, ""motion_duration_cued"": 1.3854618072509766, ""krauzlis_cued_motion"": 0.6660388708114624, ""spatial_binding"": 0.6934463977813721, ""image_recognition"": 0.6923154592514038}","{""orientation_cued"": 0.625, ""motion_duration_cued"": 0.25, ""krauzlis_cued_motion"": 0.625, ""spatial_binding"": 0.5, ""image_recognition"": 0.5}","{""orientation_cued"": ""orientation_cued_D0"", ""motion_duration_cued"": ""motion_duration_cued_D0"", ""krauzlis_cued_motion"": ""krauzlis_B28"", ""spatial_binding"": ""spatial_binding_D24"", ""image_recognition"": ""image_recognition_N24_H3""}","{""orientation_cued"": {}, ""motion_duration_cued"": {}, ""krauzlis_cued_motion"": {}, ""spatial_binding"": {}, ""image_recognition"": {}}"
681,27240,571976,0.8122291684150695,0.5,0.5938348174095154,0,2.236644983291626,"{""orientation_cued"": 0.704653799533844, ""motion_duration_cued"": 1.3879826068878174, ""krauzlis_cued_motion"": 0.5828185081481934, ""spatial_binding"": 0.6937912702560425, ""image_recognition"": 0.6918996572494507}","{""orientation_cued"": 0.25, ""motion_duration_cued"": 0.25, ""krauzlis_cued_motion"": 0.875, ""spatial_binding"": 0.5, ""image_recognition"": 0.625}","{""orientation_cued"": ""orientation_cued_D4"", ""motion_duration_cued"": ""motion_duration_cued_D12"", ""krauzlis_cued_motion"": ""krauzlis_B20"", ""spatial_binding"": ""spatial_binding_D24"", ""image_recognition"": ""image_recognition_N12_H5""}","{""orientation_cued"": {}, ""motion_duration_cued"": {}, ""krauzlis_cued_motion"": {}, ""spatial_binding"": {}, ""image_recognition"": {}}"
682,27280,572792,0.8278467297554016,0.425,0.4979546070098877,0,1.9359807968139648,"{""orientation_cued"": 0.7014737129211426, ""motion_duration_cued"": 1.3838980197906494, ""krauzlis_cued_motion"": 0.6645566821098328, ""spatial_binding"": 0.6920520067214966, ""image_recognition"": 0.6972532272338867}","{""orientation_cued"": 0.25, ""motion_duration_cued"": 0.25, ""krauzlis_cued_motion"": 0.625, ""spatial_binding"": 0.5, ""image_recognition"": 0.5}","{""orientation_cued"": ""orientation_cued_D0"", ""motion_duration_cued"": ""motion_duration_cued_D0"", ""krauzlis_cued_motion"": ""krauzlis_B28"", ""spatial_binding"": ""spatial_binding_D4"", ""image_recognition"": ""image_recognition_N24_H5""}","{""orientation_cued"": {}, ""motion_duration_cued"": {}, ""krauzlis_cued_motion"": {}, ""spatial_binding"": {}, ""image_recognition"": {}}"
683,27320,573728,0.837195611000061,0.4,0.4485943615436554,0,2.200295925140381,"{""orientation_cued"": 0.7069656252861023, ""motion_duration_cued"": 1.3862841129302979, ""krauzlis_cued_motion"": 0.7101865410804749, ""spatial_binding"": 0.6931052207946777, ""image_recognition"": 0.6894365549087524}","{""orientation_cued"": 0.25, ""motion_duration_cued"": 0.25, ""krauzlis_cued_motion"": 0.5, ""spatial_binding"": 0.5, ""image_recognition"": 0.5}","{""orientation_cued"": ""orientation_cued_D12"", ""motion_duration_cued"": ""motion_duration_cued_D4"", ""krauzlis_cued_motion"": ""krauzlis_B20"", ""spatial_binding"": ""spatial_binding_D12"", ""image_recognition"": ""image_recognition_N24_H4""}","{""orientation_cued"": {}, ""motion_duration_cued"": {}, ""krauzlis_cued_motion"": {}, ""spatial_binding"": {}, ""image_recognition"": {}}"
684,27360,574560,0.677087065577507,0.65,0.45689064264297485,0,1.9726030826568604,"{""orientation_cued"": 0.6850857138633728, ""motion_duration_cued"": 1.386411428451538, ""krauzlis_cued_motion"": 0.6154573559761047, ""spatial_binding"": 0.6946585774421692, ""image_recognition"": 0.0038222521543502808}","{""orientation_cued"": 0.75, ""motion_duration_cued"": 0.25, ""krauzlis_cued_motion"": 0.75, ""spatial_binding"": 0.5, ""image_recognition"": 1.0}","{""orientation_cued"": ""orientation_cued_D24"", ""motion_duration_cued"": ""motion_duration_cued_D24"", ""krauzlis_cued_motion"": ""krauzlis_B12"", ""spatial_binding"": ""spatial_binding_D0"", ""image_recognition"": ""image_recognition_N0_H3""}","{""orientation_cued"": {}, ""motion_duration_cued"": {}, ""krauzlis_cued_motion"": {}, ""spatial_binding"": {}, ""image_recognition"": {}}"
685,27400,575536,0.8147043347358703,0.55,0.35532358288764954,0,2.31069016456604,"{""orientation_cued"": 0.6891236901283264, ""motion_duration_cued"": 1.3826128244400024, ""krauzlis_cued_motion"": 0.6122864484786987, ""spatial_binding"": 0.693656325340271, ""image_recognition"": 0.6958423852920532}","{""orientation_cued"": 0.625, ""motion_duration_cued"": 0.375, ""krauzlis_cued_motion"": 0.75, ""spatial_binding"": 0.5, ""image_recognition"": 0.5}","{""orientation_cued"": ""orientation_cued_D12"", ""motion_duration_cued"": ""motion_duration_cued_D0"", ""krauzlis_cued_motion"": ""krauzlis_B28"", ""spatial_binding"": ""spatial_binding_D12"", ""image_recognition"": ""image_recognition_N24_H5""}","{""orientation_cued"": {}, ""motion_duration_cued"": {}, ""krauzlis_cued_motion"": {}, ""spatial_binding"": {}, ""image_recognition"": {}}"
686,27440,576152,0.8604482769966125,0.325,0.6187534332275391,0,1.4571382999420166,"{""orientation_cued"": 0.6962716579437256, ""motion_duration_cued"": 1.3900866508483887, ""krauzlis_cued_motion"": 0.823588490486145, ""spatial_binding"": 0.6920465230941772, ""image_recognition"": 0.7002480626106262}","{""orientation_cued"": 0.375, ""motion_duration_cued"": 0.125, ""krauzlis_cued_motion"": 0.25, ""spatial_binding"": 0.5, ""image_recognition"": 0.375}","{""orientation_cued"": ""orientation_cued_D4"", ""motion_duration_cued"": ""motion_duration_cued_D4"", ""krauzlis_cued_motion"": ""krauzlis_B12"", ""spatial_binding"": ""spatial_binding_D0"", ""image_recognition"": ""image_recognition_N12_H4""}","{""orientation_cued"": {}, ""motion_duration_cued"": {}, ""krauzlis_cued_motion"": {}, ""spatial_binding"": {}, ""image_recognition"": {}}"
687,27480,577024,0.8691246390342713,0.375,0.7094433307647705,0,2.063549041748047,"{""orientation_cued"": 0.693576455116272, ""motion_duration_cued"": 1.3862344026565552, ""krauzlis_cued_motion"": 0.8801863193511963, ""spatial_binding"": 0.6921165585517883, ""image_recognition"": 0.6935094594955444}","{""orientation_cued"": 0.5, ""motion_duration_cued"": 0.25, ""krauzlis_cued_motion"": 0.125, ""spatial_binding"": 0.5, ""image_recognition"": 0.5}","{""orientation_cued"": ""orientation_cued_D24"", ""motion_duration_cued"": ""motion_duration_cued_D12"", ""krauzlis_cued_motion"": ""krauzlis_B20"", ""spatial_binding"": ""spatial_binding_D4"", ""image_recognition"": ""image_recognition_N4_H4""}","{""orientation_cued"": {}, ""motion_duration_cued"": {}, ""krauzlis_cued_motion"": {}, ""spatial_binding"": {}, ""image_recognition"": {}}"
688,27520,578048,0.8461732149124146,0.425,0.3920529782772064,0,2.4238805770874023,"{""orientation_cued"": 0.6932544708251953, ""motion_duration_cued"": 1.3873000144958496, ""krauzlis_cued_motion"": 0.767853319644928, ""spatial_binding"": 0.6929262280464172, ""image_recognition"": 0.6895320415496826}","{""orientation_cued"": 0.5, ""motion_duration_cued"": 0.25, ""krauzlis_cued_motion"": 0.375, ""spatial_binding"": 0.5, ""image_recognition"": 0.5}","{""orientation_cued"": ""orientation_cued_D0"", ""motion_duration_cued"": ""motion_duration_cued_D24"", ""krauzlis_cued_motion"": ""krauzlis_B12"", ""spatial_binding"": ""spatial_binding_D24"", ""image_recognition"": ""image_recognition_N24_H3""}","{""orientation_cued"": {}, ""motion_duration_cued"": {}, ""krauzlis_cued_motion"": {}, ""spatial_binding"": {}, ""image_recognition"": {}}"
689,27560,578928,0.6981466121971607,0.55,0.171502947807312,0,2.0624589920043945,"{""orientation_cued"": 0.69366055727005, ""motion_duration_cued"": 1.3864672183990479, ""krauzlis_cued_motion"": 0.7133644223213196, ""spatial_binding"": 0.6931249499320984, ""image_recognition"": 0.004115913063287735}","{""orientation_cued"": 0.5, ""motion_duration_cued"": 0.25, ""krauzlis_cued_motion"": 0.5, ""spatial_binding"": 0.5, ""image_recognition"": 1.0}","{""orientation_cued"": ""orientation_cued_D12"", ""motion_duration_cued"": ""motion_duration_cued_D0"", ""krauzlis_cued_motion"": ""krauzlis_B28"", ""spatial_binding"": ""spatial_binding_D24"", ""image_recognition"": ""image_recognition_N0_H5""}","{""orientation_cued"": {}, ""motion_duration_cued"": {}, ""krauzlis_cued_motion"": {}, ""spatial_binding"": {}, ""image_recognition"": {}}"
690,27600,579776,0.8261994361877442,0.45,0.07630524784326553,0,2.01564884185791,"{""orientation_cued"": 0.6937713027000427, ""motion_duration_cued"": 1.3861184120178223, ""krauzlis_cued_motion"": 0.6641521453857422, ""spatial_binding"": 0.6918850541114807, ""image_recognition"": 0.6950702667236328}","{""orientation_cued"": 0.5, ""motion_duration_cued"": 0.25, ""krauzlis_cued_motion"": 0.625, ""spatial_binding"": 0.5, ""image_recognition"": 0.375}","{""orientation_cued"": ""orientation_cued_D4"", ""motion_duration_cued"": ""motion_duration_cued_D24"", ""krauzlis_cued_motion"": ""krauzlis_B20"", ""spatial_binding"": ""spatial_binding_D0"", ""image_recognition"": ""image_recognition_N12_H5""}","{""orientation_cued"": {}, ""motion_duration_cued"": {}, ""krauzlis_cued_motion"": {}, ""spatial_binding"": {}, ""image_recognition"": {}}"
691,27640,580512,0.8168115973472595,0.525,0.3617601692676544,0,1.728856086730957,"{""orientation_cued"": 0.6930363178253174, ""motion_duration_cued"": 1.384582281112671, ""krauzlis_cued_motion"": 0.619724690914154, ""spatial_binding"": 0.6925258040428162, ""image_recognition"": 0.6941888928413391}","{""orientation_cued"": 0.625, ""motion_duration_cued"": 0.25, ""krauzlis_cued_motion"": 0.75, ""spatial_binding"": 0.5, ""image_recognition"": 0.5}","{""orientation_cued"": ""orientation_cued_D0"", ""motion_duration_cued"": ""motion_duration_cued_D4"", ""krauzlis_cued_motion"": ""krauzlis_B20"", ""spatial_binding"": ""spatial_binding_D12"", ""image_recognition"": ""image_recognition_N12_H3""}","{""orientation_cued"": {}, ""motion_duration_cued"": {}, ""krauzlis_cued_motion"": {}, ""spatial_binding"": {}, ""image_recognition"": {}}"
692,27680,581416,0.7055352730676532,0.55,0.3977750837802887,0,2.1407277584075928,"{""orientation_cued"": 0.6927448511123657, ""motion_duration_cued"": 1.3868027925491333, ""krauzlis_cued_motion"": 0.7511683702468872, ""spatial_binding"": 0.6936166286468506, ""image_recognition"": 0.0033437227830290794}","{""orientation_cued"": 0.625, ""motion_duration_cued"": 0.25, ""krauzlis_cued_motion"": 0.375, ""spatial_binding"": 0.5, ""image_recognition"": 1.0}","{""orientation_cued"": ""orientation_cued_D24"", ""motion_duration_cued"": ""motion_duration_cued_D12"", ""krauzlis_cued_motion"": ""krauzlis_B28"", ""spatial_binding"": ""spatial_binding_D4"", ""image_recognition"": ""image_recognition_N0_H4""}","{""orientation_cued"": {}, ""motion_duration_cued"": {}, ""krauzlis_cued_motion"": {}, ""spatial_binding"": {}, ""image_recognition"": {}}"
693,27720,582192,0.8127034902572632,0.475,0.6208034753799438,0,1.839766025543213,"{""orientation_cued"": 0.6961663365364075, ""motion_duration_cued"": 1.3871577978134155, ""krauzlis_cued_motion"": 0.5838775634765625, ""spatial_binding"": 0.6935518383979797, ""image_recognition"": 0.7027639150619507}","{""orientation_cued"": 0.375, ""motion_duration_cued"": 0.125, ""krauzlis_cued_motion"": 0.875, ""spatial_binding"": 0.5, ""image_recognition"": 0.5}","{""orientation_cued"": ""orientation_cued_D0"", ""motion_duration_cued"": ""motion_duration_cued_D12"", ""krauzlis_cued_motion"": ""krauzlis_B12"", ""spatial_binding"": ""spatial_binding_D4"", ""image_recognition"": ""image_recognition_N24_H4""}","{""orientation_cued"": {}, ""motion_duration_cued"": {}, ""krauzlis_cued_motion"": {}, ""spatial_binding"": {}, ""image_recognition"": {}}"
694,27760,583216,0.8249487161636353,0.45,0.4115915894508362,0,2.4046103954315186,"{""orientation_cued"": 0.6912897229194641, ""motion_duration_cued"": 1.3881981372833252, ""krauzlis_cued_motion"": 0.665621817111969, ""spatial_binding"": 0.693463146686554, ""image_recognition"": 0.686170756816864}","{""orientation_cued"": 0.625, ""motion_duration_cued"": 0.0, ""krauzlis_cued_motion"": 0.625, ""spatial_binding"": 0.5, ""image_recognition"": 0.5}","{""orientation_cued"": ""orientation_cued_D4"", ""motion_duration_cued"": ""motion_duration_cued_D24"", ""krauzlis_cued_motion"": ""krauzlis_B28"", ""spatial_binding"": ""spatial_binding_D24"", ""image_recognition"": ""image_recognition_N4_H3""}","{""orientation_cued"": {}, ""motion_duration_cued"": {}, ""krauzlis_cued_motion"": {}, ""spatial_binding"": {}, ""image_recognition"": {}}"
695,27800,584032,0.8174357533454895,0.475,0.3159942328929901,0,1.9310858249664307,"{""orientation_cued"": 0.6932244300842285, ""motion_duration_cued"": 1.3880428075790405, ""krauzlis_cued_motion"": 0.6252833604812622, ""spatial_binding"": 0.6933528780937195, ""image_recognition"": 0.6872752904891968}","{""orientation_cued"": 0.5, ""motion_duration_cued"": 0.125, ""krauzlis_cued_motion"": 0.75, ""spatial_binding"": 0.5, ""image_recognition"": 0.5}","{""orientation_cued"": ""orientation_cued_D24"", ""motion_duration_cued"": ""motion_duration_cued_D4"", ""krauzlis_cued_motion"": ""krauzlis_B12"", ""spatial_binding"": ""spatial_binding_D12"", ""image_recognition"": ""image_recognition_N4_H5""}","{""orientation_cued"": {}, ""motion_duration_cued"": {}, ""krauzlis_cued_motion"": {}, ""spatial_binding"": {}, ""image_recognition"": {}}"
696,27840,584640,0.7044104794040322,0.55,0.3412124514579773,0,1.4479775428771973,"{""orientation_cued"": 0.6933579444885254, ""motion_duration_cued"": 1.3843867778778076, ""krauzlis_cued_motion"": 0.747164785861969, ""spatial_binding"": 0.6941996812820435, ""image_recognition"": 0.002943207509815693}","{""orientation_cued"": 0.5, ""motion_duration_cued"": 0.375, ""krauzlis_cued_motion"": 0.375, ""spatial_binding"": 0.5, ""image_recognition"": 1.0}","{""orientation_cued"": ""orientation_cued_D12"", ""motion_duration_cued"": ""motion_duration_cued_D0"", ""krauzlis_cued_motion"": ""krauzlis_B20"", ""spatial_binding"": ""spatial_binding_D0"", ""image_recognition"": ""image_recognition_N0_H3""}","{""orientation_cued"": {}, ""motion_duration_cued"": {}, ""krauzlis_cued_motion"": {}, ""spatial_binding"": {}, ""image_recognition"": {}}"
697,27880,585472,0.834844422340393,0.45,0.13872464001178741,0,1.9594576358795166,"{""orientation_cued"": 0.6929089426994324, ""motion_duration_cued"": 1.3862673044204712, ""krauzlis_cued_motion"": 0.7063934206962585, ""spatial_binding"": 0.6933317184448242, ""image_recognition"": 0.695320725440979}","{""orientation_cued"": 0.5, ""motion_duration_cued"": 0.25, ""krauzlis_cued_motion"": 0.5, ""spatial_binding"": 0.5, ""image_recognition"": 0.5}","{""orientation_cued"": ""orientation_cued_D12"", ""motion_duration_cued"": ""motion_duration_cued_D4"", ""krauzlis_cued_motion"": ""krauzlis_B28"", ""spatial_binding"": ""spatial_binding_D4"", ""image_recognition"": ""image_recognition_N12_H3""}","{""orientation_cued"": {}, ""motion_duration_cued"": {}, ""krauzlis_cued_motion"": {}, ""spatial_binding"": {}, ""image_recognition"": {}}"
698,27920,586320,0.848667299747467,0.4,0.45964738726615906,0,2.009533643722534,"{""orientation_cued"": 0.6922979950904846, ""motion_duration_cued"": 1.3862134218215942, ""krauzlis_cued_motion"": 0.7857866883277893, ""spatial_binding"": 0.6931992769241333, ""image_recognition"": 0.6858391165733337}","{""orientation_cued"": 0.5, ""motion_duration_cued"": 0.25, ""krauzlis_cued_motion"": 0.25, ""spatial_binding"": 0.5, ""image_recognition"": 0.5}","{""orientation_cued"": ""orientation_cued_D0"", ""motion_duration_cued"": ""motion_duration_cued_D12"", ""krauzlis_cued_motion"": ""krauzlis_B12"", ""spatial_binding"": ""spatial_binding_D24"", ""image_recognition"": ""image_recognition_N12_H5""}","{""orientation_cued"": {}, ""motion_duration_cued"": {}, ""krauzlis_cued_motion"": {}, ""spatial_binding"": {}, ""image_recognition"": {}}"
699,27960,587512,0.8342924356460572,0.425,0.4500756859779358,0,2.813810348510742,"{""orientation_cued"": 0.6929748058319092, ""motion_duration_cued"": 1.3849366903305054, ""krauzlis_cued_motion"": 0.7042673826217651, ""spatial_binding"": 0.693127453327179, ""image_recognition"": 0.696155846118927}","{""orientation_cued"": 0.375, ""motion_duration_cued"": 0.25, ""krauzlis_cued_motion"": 0.5, ""spatial_binding"": 0.5, ""image_recognition"": 0.5}","{""orientation_cued"": ""orientation_cued_D24"", ""motion_duration_cued"": ""motion_duration_cued_D24"", ""krauzlis_cued_motion"": ""krauzlis_B20"", ""spatial_binding"": ""spatial_binding_D12"", ""image_recognition"": ""image_recognition_N24_H4""}","{""orientation_cued"": {}, ""motion_duration_cued"": {}, ""krauzlis_cued_motion"": {}, ""spatial_binding"": {}, ""image_recognition"": {}}"
700,28000,588096,0.8197030901908875,0.525,0.5045664310455322,0,1.4015791416168213,"{""orientation_cued"": 0.6889702677726746, ""motion_duration_cued"": 1.385478138923645, ""krauzlis_cued_motion"": 0.6320252418518066, ""spatial_binding"": 0.6923999786376953, ""image_recognition"": 0.6996418237686157}","{""orientation_cued"": 0.75, ""motion_duration_cued"": 0.25, ""krauzlis_cued_motion"": 0.75, ""spatial_binding"": 0.375, ""image_recognition"": 0.5}","{""orientation_cued"": ""orientation_cued_D4"", ""motion_duration_cued"": ""motion_duration_cued_D0"", ""krauzlis_cued_motion"": ""krauzlis_B20"", ""spatial_binding"": ""spatial_binding_D0"", ""image_recognition"": ""image_recognition_N4_H4""}","{""orientation_cued"": {}, ""motion_duration_cued"": {}, ""krauzlis_cued_motion"": {}, ""spatial_binding"": {}, ""image_recognition"": {}}"
701,28040,588752,0.837301743030548,0.425,0.26035958528518677,0,1.5995290279388428,"{""orientation_cued"": 0.6934499740600586, ""motion_duration_cued"": 1.3873729705810547, ""krauzlis_cued_motion"": 0.7025521397590637, ""spatial_binding"": 0.6928219795227051, ""image_recognition"": 0.7103116512298584}","{""orientation_cued"": 0.5, ""motion_duration_cued"": 0.125, ""krauzlis_cued_motion"": 0.5, ""spatial_binding"": 0.5, ""image_recognition"": 0.5}","{""orientation_cued"": ""orientation_cued_D0"", ""motion_duration_cued"": ""motion_duration_cued_D0"", ""krauzlis_cued_motion"": ""krauzlis_B28"", ""spatial_binding"": ""spatial_binding_D4"", ""image_recognition"": ""image_recognition_N4_H5""}","{""orientation_cued"": {}, ""motion_duration_cued"": {}, ""krauzlis_cued_motion"": {}, ""spatial_binding"": {}, ""image_recognition"": {}}"
702,28080,589584,0.7028664571233094,0.5,0.32111304998397827,0,1.999830722808838,"{""orientation_cued"": 0.6931391358375549, ""motion_duration_cued"": 1.389849305152893, ""krauzlis_cued_motion"": 0.7345826029777527, ""spatial_binding"": 0.6929389834403992, ""image_recognition"": 0.0038222582079470158}","{""orientation_cued"": 0.5, ""motion_duration_cued"": 0.125, ""krauzlis_cued_motion"": 0.375, ""spatial_binding"": 0.5, ""image_recognition"": 1.0}","{""orientation_cued"": ""orientation_cued_D24"", ""motion_duration_cued"": ""motion_duration_cued_D12"", ""krauzlis_cued_motion"": ""krauzlis_B12"", ""spatial_binding"": ""spatial_binding_D12"", ""image_recognition"": ""image_recognition_N0_H3""}","{""orientation_cued"": {}, ""motion_duration_cued"": {}, ""krauzlis_cued_motion"": {}, ""spatial_binding"": {}, ""image_recognition"": {}}"
703,28120,590672,0.8328258991241455,0.5,0.31148314476013184,0,2.631227731704712,"{""orientation_cued"": 0.6926394701004028, ""motion_duration_cued"": 1.3823902606964111, ""krauzlis_cued_motion"": 0.7006127238273621, ""spatial_binding"": 0.6928092241287231, ""image_recognition"": 0.6956778168678284}","{""orientation_cued"": 0.625, ""motion_duration_cued"": 0.375, ""krauzlis_cued_motion"": 0.5, ""spatial_binding"": 0.5, ""image_recognition"": 0.5}","{""orientation_cued"": ""orientation_cued_D12"", ""motion_duration_cued"": ""motion_duration_cued_D24"", ""krauzlis_cued_motion"": ""krauzlis_B28"", ""spatial_binding"": ""spatial_binding_D24"", ""image_recognition"": ""image_recognition_N4_H3""}","{""orientation_cued"": {}, ""motion_duration_cued"": {}, ""krauzlis_cued_motion"": {}, ""spatial_binding"": {}, ""image_recognition"": {}}"
704,28160,591256,0.6915928872302175,0.525,0.3333372473716736,0,1.4317541122436523,"{""orientation_cued"": 0.699611246585846, ""motion_duration_cued"": 1.3897554874420166, ""krauzlis_cued_motion"": 0.6712565422058105, ""spatial_binding"": 0.6925739645957947, ""image_recognition"": 0.004767195321619511}","{""orientation_cued"": 0.375, ""motion_duration_cued"": 0.125, ""krauzlis_cued_motion"": 0.625, ""spatial_binding"": 0.5, ""image_recognition"": 1.0}","{""orientation_cued"": ""orientation_cued_D4"", ""motion_duration_cued"": ""motion_duration_cued_D4"", ""krauzlis_cued_motion"": ""krauzlis_B20"", ""spatial_binding"": ""spatial_binding_D0"", ""image_recognition"": ""image_recognition_N0_H4""}","{""orientation_cued"": {}, ""motion_duration_cued"": {}, ""krauzlis_cued_motion"": {}, ""spatial_binding"": {}, ""image_recognition"": {}}"
705,28200,592232,0.8236571192741394,0.4,0.5312412977218628,0,2.338435173034668,"{""orientation_cued"": 0.6954383850097656, ""motion_duration_cued"": 1.3957743644714355, ""krauzlis_cued_motion"": 0.6457471251487732, ""spatial_binding"": 0.6933103203773499, ""image_recognition"": 0.6880154013633728}","{""orientation_cued"": 0.375, ""motion_duration_cued"": 0.0, ""krauzlis_cued_motion"": 0.75, ""spatial_binding"": 0.5, ""image_recognition"": 0.375}","{""orientation_cued"": ""orientation_cued_D24"", ""motion_duration_cued"": ""motion_duration_cued_D12"", ""krauzlis_cued_motion"": ""krauzlis_B12"", ""spatial_binding"": ""spatial_binding_D4"", ""image_recognition"": ""image_recognition_N24_H5""}","{""orientation_cued"": {}, ""motion_duration_cued"": {}, ""krauzlis_cued_motion"": {}, ""spatial_binding"": {}, ""image_recognition"": {}}"
706,28240,593048,0.6838100083172322,0.675,0.462766170501709,0,1.9803526401519775,"{""orientation_cued"": 0.6917665600776672, ""motion_duration_cued"": 1.3843598365783691, ""krauzlis_cued_motion"": 0.646216630935669, ""spatial_binding"": 0.6930515766143799, ""image_recognition"": 0.0036554373800754547}","{""orientation_cued"": 0.625, ""motion_duration_cued"": 0.5, ""krauzlis_cued_motion"": 0.75, ""spatial_binding"": 0.5, ""image_recognition"": 1.0}","{""orientation_cued"": ""orientation_cued_D12"", ""motion_duration_cued"": ""motion_duration_cued_D4"", ""krauzlis_cued_motion"": ""krauzlis_B28"", ""spatial_binding"": ""spatial_binding_D12"", ""image_recognition"": ""image_recognition_N0_H5""}","{""orientation_cued"": {}, ""motion_duration_cued"": {}, ""krauzlis_cued_motion"": {}, ""spatial_binding"": {}, ""image_recognition"": {}}"
707,28280,594048,0.8377266764640808,0.5,0.40343841910362244,0,2.4200010299682617,"{""orientation_cued"": 0.6891705393791199, ""motion_duration_cued"": 1.3841357231140137, ""krauzlis_cued_motion"": 0.7259352207183838, ""spatial_binding"": 0.6936874389648438, ""image_recognition"": 0.695704460144043}","{""orientation_cued"": 0.625, ""motion_duration_cued"": 0.25, ""krauzlis_cued_motion"": 0.375, ""spatial_binding"": 0.5, ""image_recognition"": 0.75}","{""orientation_cued"": ""orientation_cued_D0"", ""motion_duration_cued"": ""motion_duration_cued_D24"", ""krauzlis_cued_motion"": ""krauzlis_B20"", ""spatial_binding"": ""spatial_binding_D24"", ""image_recognition"": ""image_recognition_N12_H4""}","{""orientation_cued"": {}, ""motion_duration_cued"": {}, ""krauzlis_cued_motion"": {}, ""spatial_binding"": {}, ""image_recognition"": {}}"
708,28320,594720,0.8286229014396668,0.475,0.33734503388404846,0,1.629448652267456,"{""orientation_cued"": 0.6999473571777344, ""motion_duration_cued"": 1.3871099948883057, ""krauzlis_cued_motion"": 0.67242431640625, ""spatial_binding"": 0.6916571855545044, ""image_recognition"": 0.6919756531715393}","{""orientation_cued"": 0.375, ""motion_duration_cued"": 0.25, ""krauzlis_cued_motion"": 0.625, ""spatial_binding"": 0.5, ""image_recognition"": 0.625}","{""orientation_cued"": ""orientation_cued_D4"", ""motion_duration_cued"": ""motion_duration_cued_D0"", ""krauzlis_cued_motion"": ""krauzlis_B12"", ""spatial_binding"": ""spatial_binding_D0"", ""image_recognition"": ""image_recognition_N24_H3""}","{""orientation_cued"": {}, ""motion_duration_cued"": {}, ""krauzlis_cued_motion"": {}, ""spatial_binding"": {}, ""image_recognition"": {}}"
709,28360,595720,0.827366852760315,0.45,0.22972482442855835,0,2.4756343364715576,"{""orientation_cued"": 0.6932463049888611, ""motion_duration_cued"": 1.3846924304962158, ""krauzlis_cued_motion"": 0.6724646687507629, ""spatial_binding"": 0.6938938498497009, ""image_recognition"": 0.6925370097160339}","{""orientation_cued"": 0.5, ""motion_duration_cued"": 0.25, ""krauzlis_cued_motion"": 0.625, ""spatial_binding"": 0.5, ""image_recognition"": 0.375}","{""orientation_cued"": ""orientation_cued_D12"", ""motion_duration_cued"": ""motion_duration_cued_D4"", ""krauzlis_cued_motion"": ""krauzlis_B28"", ""spatial_binding"": ""spatial_binding_D12"", ""image_recognition"": ""image_recognition_N24_H4""}","{""orientation_cued"": {}, ""motion_duration_cued"": {}, ""krauzlis_cued_motion"": {}, ""spatial_binding"": {}, ""image_recognition"": {}}"
710,28400,596408,0.821599817276001,0.525,0.38163796067237854,0,1.6738388538360596,"{""orientation_cued"": 0.6930660009384155, ""motion_duration_cued"": 1.3891112804412842, ""krauzlis_cued_motion"": 0.6461201906204224, ""spatial_binding"": 0.694082498550415, ""image_recognition"": 0.6856191158294678}","{""orientation_cued"": 0.625, ""motion_duration_cued"": 0.125, ""krauzlis_cued_motion"": 0.75, ""spatial_binding"": 0.5, ""image_recognition"": 0.625}","{""orientation_cued"": ""orientation_cued_D24"", ""motion_duration_cued"": ""motion_duration_cued_D0"", ""krauzlis_cued_motion"": ""krauzlis_B12"", ""spatial_binding"": ""spatial_binding_D0"", ""image_recognition"": ""image_recognition_N4_H5""}","{""orientation_cued"": {}, ""motion_duration_cued"": {}, ""krauzlis_cued_motion"": {}, ""spatial_binding"": {}, ""image_recognition"": {}}"
711,28440,597176,0.6951174213550985,0.55,0.09383181482553482,0,1.876112937927246,"{""orientation_cued"": 0.6938905715942383, ""motion_duration_cued"": 1.3861091136932373, ""krauzlis_cued_motion"": 0.6991720199584961, ""spatial_binding"": 0.6937409043312073, ""image_recognition"": 0.0026744971983134747}","{""orientation_cued"": 0.5, ""motion_duration_cued"": 0.25, ""krauzlis_cued_motion"": 0.5, ""spatial_binding"": 0.5, ""image_recognition"": 1.0}","{""orientation_cued"": ""orientation_cued_D4"", ""motion_duration_cued"": ""motion_duration_cued_D24"", ""krauzlis_cued_motion"": ""krauzlis_B20"", ""spatial_binding"": ""spatial_binding_D4"", ""image_recognition"": ""image_recognition_N0_H3""}","{""orientation_cued"": {}, ""motion_duration_cued"": {}, ""krauzlis_cued_motion"": {}, ""spatial_binding"": {}, ""image_recognition"": {}}"
712,28480,598008,0.8285258054733277,0.45,0.14268936216831207,0,2.031719923019409,"{""orientation_cued"": 0.6920104026794434, ""motion_duration_cued"": 1.3864574432373047, ""krauzlis_cued_motion"": 0.6713660955429077, ""spatial_binding"": 0.692581057548523, ""image_recognition"": 0.7002140283584595}","{""orientation_cued"": 0.5, ""motion_duration_cued"": 0.25, ""krauzlis_cued_motion"": 0.625, ""spatial_binding"": 0.5, ""image_recognition"": 0.375}","{""orientation_cued"": ""orientation_cued_D0"", ""motion_duration_cued"": ""motion_duration_cued_D12"", ""krauzlis_cued_motion"": ""krauzlis_B12"", ""spatial_binding"": ""spatial_binding_D24"", ""image_recognition"": ""image_recognition_N12_H3""}","{""orientation_cued"": {}, ""motion_duration_cued"": {}, ""krauzlis_cued_motion"": {}, ""spatial_binding"": {}, ""image_recognition"": {}}"
713,28520,598536,0.6998006399255245,0.525,0.35784244537353516,0,1.2882282733917236,"{""orientation_cued"": 0.6924249529838562, ""motion_duration_cued"": 1.382217526435852, ""krauzlis_cued_motion"": 0.7299051880836487, ""spatial_binding"": 0.6919929385185242, ""image_recognition"": 0.0024625936057418585}","{""orientation_cued"": 0.5, ""motion_duration_cued"": 0.375, ""krauzlis_cued_motion"": 0.375, ""spatial_binding"": 0.375, ""image_recognition"": 1.0}","{""orientation_cued"": ""orientation_cued_D0"", ""motion_duration_cued"": ""motion_duration_cued_D0"", ""krauzlis_cued_motion"": ""krauzlis_B20"", ""spatial_binding"": ""spatial_binding_D0"", ""image_recognition"": ""image_recognition_N0_H5""}","{""orientation_cued"": {}, ""motion_duration_cued"": {}, ""krauzlis_cued_motion"": {}, ""spatial_binding"": {}, ""image_recognition"": {}}"
714,28560,599640,0.8344295620918274,0.425,0.3054186701774597,0,2.678236484527588,"{""orientation_cued"": 0.6929563283920288, ""motion_duration_cued"": 1.3897900581359863, ""krauzlis_cued_motion"": 0.7002711296081543, ""spatial_binding"": 0.6919762492179871, ""image_recognition"": 0.6971540451049805}","{""orientation_cued"": 0.5, ""motion_duration_cued"": 0.125, ""krauzlis_cued_motion"": 0.5, ""spatial_binding"": 0.5, ""image_recognition"": 0.5}","{""orientation_cued"": ""orientation_cued_D12"", ""motion_duration_cued"": ""motion_duration_cued_D4"", ""krauzlis_cued_motion"": ""krauzlis_B28"", ""spatial_binding"": ""spatial_binding_D24"", ""image_recognition"": ""image_recognition_N24_H5""}","{""orientation_cued"": {}, ""motion_duration_cued"": {}, ""krauzlis_cued_motion"": {}, ""spatial_binding"": {}, ""image_recognition"": {}}"
715,28600,600448,0.8198191523551941,0.525,0.3152235150337219,0,1.9689326286315918,"{""orientation_cued"": 0.6918607354164124, ""motion_duration_cued"": 1.3862783908843994, ""krauzlis_cued_motion"": 0.6409274339675903, ""spatial_binding"": 0.6929434537887573, ""image_recognition"": 0.687085747718811}","{""orientation_cued"": 0.625, ""motion_duration_cued"": 0.25, ""krauzlis_cued_motion"": 0.75, ""spatial_binding"": 0.5, ""image_recognition"": 0.5}","{""orientation_cued"": ""orientation_cued_D4"", ""motion_duration_cued"": ""motion_duration_cued_D24"", ""krauzlis_cued_motion"": ""krauzlis_B12"", ""spatial_binding"": ""spatial_binding_D12"", ""image_recognition"": ""image_recognition_N4_H4""}","{""orientation_cued"": {}, ""motion_duration_cued"": {}, ""krauzlis_cued_motion"": {}, ""spatial_binding"": {}, ""image_recognition"": {}}"
716,28640,601376,0.8324725508689881,0.475,0.219682976603508,0,2.2238452434539795,"{""orientation_cued"": 0.690213143825531, ""motion_duration_cued"": 1.386275053024292, ""krauzlis_cued_motion"": 0.7003952264785767, ""spatial_binding"": 0.6929227113723755, ""image_recognition"": 0.692556619644165}","{""orientation_cued"": 0.625, ""motion_duration_cued"": 0.25, ""krauzlis_cued_motion"": 0.5, ""spatial_binding"": 0.5, ""image_recognition"": 0.5}","{""orientation_cued"": ""orientation_cued_D24"", ""motion_duration_cued"": ""motion_duration_cued_D12"", ""krauzlis_cued_motion"": ""krauzlis_B28"", ""spatial_binding"": ""spatial_binding_D4"", ""image_recognition"": ""image_recognition_N4_H3""}","{""orientation_cued"": {}, ""motion_duration_cued"": {}, ""krauzlis_cued_motion"": {}, ""spatial_binding"": {}, ""image_recognition"": {}}"
717,28680,602288,0.821321964263916,0.525,0.5441303849220276,0,2.207944631576538,"{""orientation_cued"": 0.6896342635154724, ""motion_duration_cued"": 1.3876006603240967, ""krauzlis_cued_motion"": 0.6394621133804321, ""spatial_binding"": 0.6953591704368591, ""image_recognition"": 0.6945536136627197}","{""orientation_cued"": 0.625, ""motion_duration_cued"": 0.25, ""krauzlis_cued_motion"": 0.75, ""spatial_binding"": 0.5, ""image_recognition"": 0.5}","{""orientation_cued"": ""orientation_cued_D24"", ""motion_duration_cued"": ""motion_duration_cued_D12"", ""krauzlis_cued_motion"": ""krauzlis_B20"", ""spatial_binding"": ""spatial_binding_D0"", ""image_recognition"": ""image_recognition_N12_H5""}","{""orientation_cued"": {}, ""motion_duration_cued"": {}, ""krauzlis_cued_motion"": {}, ""spatial_binding"": {}, ""image_recognition"": {}}"
718,28720,603096,0.6959718354046345,0.45,0.474001407623291,0,1.9622437953948975,"{""orientation_cued"": 0.6935185790061951, ""motion_duration_cued"": 1.389682650566101, ""krauzlis_cued_motion"": 0.701384961605072, ""spatial_binding"": 0.6927071809768677, ""image_recognition"": 0.0025658048689365387}","{""orientation_cued"": 0.25, ""motion_duration_cued"": 0.0, ""krauzlis_cued_motion"": 0.5, ""spatial_binding"": 0.5, ""image_recognition"": 1.0}","{""orientation_cued"": ""orientation_cued_D4"", ""motion_duration_cued"": ""motion_duration_cued_D0"", ""krauzlis_cued_motion"": ""krauzlis_B28"", ""spatial_binding"": ""spatial_binding_D24"", ""image_recognition"": ""image_recognition_N0_H4""}","{""orientation_cued"": {}, ""motion_duration_cued"": {}, ""krauzlis_cued_motion"": {}, ""spatial_binding"": {}, ""image_recognition"": {}}"
719,28760,603960,0.826243233680725,0.475,0.3626038134098053,0,2.0731735229492188,"{""orientation_cued"": 0.6885262727737427, ""motion_duration_cued"": 1.3863730430603027, ""krauzlis_cued_motion"": 0.6690347194671631, ""spatial_binding"": 0.6925790309906006, ""image_recognition"": 0.6947031021118164}","{""orientation_cued"": 0.625, ""motion_duration_cued"": 0.125, ""krauzlis_cued_motion"": 0.625, ""spatial_binding"": 0.5, ""image_recognition"": 0.5}","{""orientation_cued"": ""orientation_cued_D12"", ""motion_duration_cued"": ""motion_duration_cued_D4"", ""krauzlis_cued_motion"": ""krauzlis_B12"", ""spatial_binding"": ""spatial_binding_D12"", ""image_recognition"": ""image_recognition_N24_H3""}","{""orientation_cued"": {}, ""motion_duration_cued"": {}, ""krauzlis_cued_motion"": {}, ""spatial_binding"": {}, ""image_recognition"": {}}"
720,28800,604800,0.8478698968887329,0.35,0.566556453704834,0,2.0348944664001465,"{""orientation_cued"": 0.6912639141082764, ""motion_duration_cued"": 1.388997197151184, ""krauzlis_cued_motion"": 0.7695667147636414, ""spatial_binding"": 0.6924567818641663, ""image_recognition"": 0.6970648765563965}","{""orientation_cued"": 0.625, ""motion_duration_cued"": 0.125, ""krauzlis_cued_motion"": 0.25, ""spatial_binding"": 0.5, ""image_recognition"": 0.25}","{""orientation_cued"": ""orientation_cued_D0"", ""motion_duration_cued"": ""motion_duration_cued_D24"", ""krauzlis_cued_motion"": ""krauzlis_B20"", ""spatial_binding"": ""spatial_binding_D4"", ""image_recognition"": ""image_recognition_N12_H4""}","{""orientation_cued"": {}, ""motion_duration_cued"": {}, ""krauzlis_cued_motion"": {}, ""spatial_binding"": {}, ""image_recognition"": {}}"
721,28840,605424,0.6959558350034059,0.475,0.4782610535621643,0,1.5032598972320557,"{""orientation_cued"": 0.6950650215148926, ""motion_duration_cued"": 1.3873176574707031, ""krauzlis_cued_motion"": 0.7020511627197266, ""spatial_binding"": 0.6931819915771484, ""image_recognition"": 0.002163341734558344}","{""orientation_cued"": 0.375, ""motion_duration_cued"": 0.0, ""krauzlis_cued_motion"": 0.5, ""spatial_binding"": 0.5, ""image_recognition"": 1.0}","{""orientation_cued"": ""orientation_cued_D4"", ""motion_duration_cued"": ""motion_duration_cued_D4"", ""krauzlis_cued_motion"": ""krauzlis_B20"", ""spatial_binding"": ""spatial_binding_D4"", ""image_recognition"": ""image_recognition_N0_H5""}","{""orientation_cued"": {}, ""motion_duration_cued"": {}, ""krauzlis_cued_motion"": {}, ""spatial_binding"": {}, ""image_recognition"": {}}"
722,28880,606672,0.8269561529159546,0.5,0.46839237213134766,0,3.0043275356292725,"{""orientation_cued"": 0.6865699291229248, ""motion_duration_cued"": 1.3938274383544922, ""krauzlis_cued_motion"": 0.6693601012229919, ""spatial_binding"": 0.6938250660896301, ""image_recognition"": 0.6911982297897339}","{""orientation_cued"": 0.625, ""motion_duration_cued"": 0.25, ""krauzlis_cued_motion"": 0.625, ""spatial_binding"": 0.5, ""image_recognition"": 0.5}","{""orientation_cued"": ""orientation_cued_D24"", ""motion_duration_cued"": ""motion_duration_cued_D24"", ""krauzlis_cued_motion"": ""krauzlis_B28"", ""spatial_binding"": ""spatial_binding_D12"", ""image_recognition"": ""image_recognition_N24_H3""}","{""orientation_cued"": {}, ""motion_duration_cued"": {}, ""krauzlis_cued_motion"": {}, ""spatial_binding"": {}, ""image_recognition"": {}}"
723,28920,607520,0.8071914553642273,0.5,0.6410343050956726,0,2.092771291732788,"{""orientation_cued"": 0.6935638189315796, ""motion_duration_cued"": 1.387892246246338, ""krauzlis_cued_motion"": 0.575753927230835, ""spatial_binding"": 0.6924523115158081, ""image_recognition"": 0.6862949728965759}","{""orientation_cued"": 0.5, ""motion_duration_cued"": 0.25, ""krauzlis_cued_motion"": 1.0, ""spatial_binding"": 0.5, ""image_recognition"": 0.25}","{""orientation_cued"": ""orientation_cued_D0"", ""motion_duration_cued"": ""motion_duration_cued_D0"", ""krauzlis_cued_motion"": ""krauzlis_B12"", ""spatial_binding"": ""spatial_binding_D24"", ""image_recognition"": ""image_recognition_N24_H5""}","{""orientation_cued"": {}, ""motion_duration_cued"": {}, ""krauzlis_cued_motion"": {}, ""spatial_binding"": {}, ""image_recognition"": {}}"
724,28960,608384,0.8263284206390381,0.525,0.22059421241283417,0,2.069735288619995,"{""orientation_cued"": 0.6929923295974731, ""motion_duration_cued"": 1.3839850425720215, ""krauzlis_cued_motion"": 0.6686643958091736, ""spatial_binding"": 0.6934526562690735, ""image_recognition"": 0.6925476789474487}","{""orientation_cued"": 0.5, ""motion_duration_cued"": 0.375, ""krauzlis_cued_motion"": 0.625, ""spatial_binding"": 0.5, ""image_recognition"": 0.625}","{""orientation_cued"": ""orientation_cued_D12"", ""motion_duration_cued"": ""motion_duration_cued_D12"", ""krauzlis_cued_motion"": ""krauzlis_B28"", ""spatial_binding"": ""spatial_binding_D0"", ""image_recognition"": ""image_recognition_N12_H3""}","{""orientation_cued"": {}, ""motion_duration_cued"": {}, ""krauzlis_cued_motion"": {}, ""spatial_binding"": {}, ""image_recognition"": {}}"
725,29000,609160,0.8497642874717712,0.35,0.48582687973976135,0,1.9824023246765137,"{""orientation_cued"": 0.702409565448761, ""motion_duration_cued"": 1.3863542079925537, ""krauzlis_cued_motion"": 0.7723923325538635, ""spatial_binding"": 0.6927132606506348, ""image_recognition"": 0.6949520707130432}","{""orientation_cued"": 0.375, ""motion_duration_cued"": 0.25, ""krauzlis_cued_motion"": 0.25, ""spatial_binding"": 0.5, ""image_recognition"": 0.375}","{""orientation_cued"": ""orientation_cued_D0"", ""motion_duration_cued"": ""motion_duration_cued_D24"", ""krauzlis_cued_motion"": ""krauzlis_B20"", ""spatial_binding"": ""spatial_binding_D4"", ""image_recognition"": ""image_recognition_N4_H4""}","{""orientation_cued"": {}, ""motion_duration_cued"": {}, ""krauzlis_cued_motion"": {}, ""spatial_binding"": {}, ""image_recognition"": {}}"
726,29040,610192,0.8289055943489074,0.475,0.24923470616340637,0,2.5500223636627197,"{""orientation_cued"": 0.7039146423339844, ""motion_duration_cued"": 1.3864197731018066, ""krauzlis_cued_motion"": 0.6679339408874512, ""spatial_binding"": 0.6930145025253296, ""image_recognition"": 0.6932451128959656}","{""orientation_cued"": 0.375, ""motion_duration_cued"": 0.25, ""krauzlis_cued_motion"": 0.625, ""spatial_binding"": 0.5, ""image_recognition"": 0.625}","{""orientation_cued"": ""orientation_cued_D24"", ""motion_duration_cued"": ""motion_duration_cued_D12"", ""krauzlis_cued_motion"": ""krauzlis_B12"", ""spatial_binding"": ""spatial_binding_D12"", ""image_recognition"": ""image_recognition_N24_H4""}","{""orientation_cued"": {}, ""motion_duration_cued"": {}, ""krauzlis_cued_motion"": {}, ""spatial_binding"": {}, ""image_recognition"": {}}"
727,29080,611192,0.8337628722190857,0.375,0.29138773679733276,0,2.535344123840332,"{""orientation_cued"": 0.6846950054168701, ""motion_duration_cued"": 1.3891072273254395, ""krauzlis_cued_motion"": 0.7031721472740173, ""spatial_binding"": 0.693170964717865, ""image_recognition"": 0.6986690163612366}","{""orientation_cued"": 0.625, ""motion_duration_cued"": 0.125, ""krauzlis_cued_motion"": 0.5, ""spatial_binding"": 0.5, ""image_recognition"": 0.125}","{""orientation_cued"": ""orientation_cued_D12"", ""motion_duration_cued"": ""motion_duration_cued_D4"", ""krauzlis_cued_motion"": ""krauzlis_B28"", ""spatial_binding"": ""spatial_binding_D24"", ""image_recognition"": ""image_recognition_N12_H4""}","{""orientation_cued"": {}, ""motion_duration_cued"": {}, ""krauzlis_cued_motion"": {}, ""spatial_binding"": {}, ""image_recognition"": {}}"
728,29120,611784,0.8258007287979126,0.55,0.3160775899887085,0,1.4826991558074951,"{""orientation_cued"": 0.6964883208274841, ""motion_duration_cued"": 1.3835821151733398, ""krauzlis_cued_motion"": 0.6677541732788086, ""spatial_binding"": 0.6925824284553528, ""image_recognition"": 0.6885966062545776}","{""orientation_cued"": 0.375, ""motion_duration_cued"": 0.25, ""krauzlis_cued_motion"": 0.625, ""spatial_binding"": 0.625, ""image_recognition"": 0.875}","{""orientation_cued"": ""orientation_cued_D4"", ""motion_duration_cued"": ""motion_duration_cued_D0"", ""krauzlis_cued_motion"": ""krauzlis_B12"", ""spatial_binding"": ""spatial_binding_D0"", ""image_recognition"": ""image_recognition_N12_H5""}","{""orientation_cued"": {}, ""motion_duration_cued"": {}, ""krauzlis_cued_motion"": {}, ""spatial_binding"": {}, ""image_recognition"": {}}"
729,29160,612552,0.8391447782516479,0.45,0.3819856643676758,0,1.9292452335357666,"{""orientation_cued"": 0.6846966743469238, ""motion_duration_cued"": 1.3873112201690674, ""krauzlis_cued_motion"": 0.7384573817253113, ""spatial_binding"": 0.6934661269187927, ""image_recognition"": 0.6917924880981445}","{""orientation_cued"": 0.625, ""motion_duration_cued"": 0.25, ""krauzlis_cued_motion"": 0.375, ""spatial_binding"": 0.5, ""image_recognition"": 0.5}","{""orientation_cued"": ""orientation_cued_D12"", ""motion_duration_cued"": ""motion_duration_cued_D4"", ""krauzlis_cued_motion"": ""krauzlis_B20"", ""spatial_binding"": ""spatial_binding_D12"", ""image_recognition"": ""image_recognition_N4_H3""}","{""orientation_cued"": {}, ""motion_duration_cued"": {}, ""krauzlis_cued_motion"": {}, ""spatial_binding"": {}, ""image_recognition"": {}}"
730,29200,613520,0.6840143786743283,0.625,0.3920147120952606,0,2.4254839420318604,"{""orientation_cued"": 0.7038184404373169, ""motion_duration_cued"": 1.3894613981246948, ""krauzlis_cued_motion"": 0.6335501670837402, ""spatial_binding"": 0.6892136931419373, ""image_recognition"": 0.004028194583952427}","{""orientation_cued"": 0.375, ""motion_duration_cued"": 0.125, ""krauzlis_cued_motion"": 0.75, ""spatial_binding"": 0.875, ""image_recognition"": 1.0}","{""orientation_cued"": ""orientation_cued_D24"", ""motion_duration_cued"": ""motion_duration_cued_D24"", ""krauzlis_cued_motion"": ""krauzlis_B28"", ""spatial_binding"": ""spatial_binding_D0"", ""image_recognition"": ""image_recognition_N0_H4""}","{""orientation_cued"": {}, ""motion_duration_cued"": {}, ""krauzlis_cued_motion"": {}, ""spatial_binding"": {}, ""image_recognition"": {}}"
731,29240,614288,0.689661137573421,0.55,0.21342860162258148,0,1.835080862045288,"{""orientation_cued"": 0.6933778524398804, ""motion_duration_cued"": 1.3892587423324585, ""krauzlis_cued_motion"": 0.6683670282363892, ""spatial_binding"": 0.6933785676956177, ""image_recognition"": 0.003923497162759304}","{""orientation_cued"": 0.5, ""motion_duration_cued"": 0.125, ""krauzlis_cued_motion"": 0.625, ""spatial_binding"": 0.5, ""image_recognition"": 1.0}","{""orientation_cued"": ""orientation_cued_D4"", ""motion_duration_cued"": ""motion_duration_cued_D12"", ""krauzlis_cued_motion"": ""krauzlis_B12"", ""spatial_binding"": ""spatial_binding_D24"", ""image_recognition"": ""image_recognition_N0_H3""}","{""orientation_cued"": {}, ""motion_duration_cued"": {}, ""krauzlis_cued_motion"": {}, ""spatial_binding"": {}, ""image_recognition"": {}}"
732,29280,614880,0.8487450361251831,0.35,0.49607551097869873,0,1.3969206809997559,"{""orientation_cued"": 0.6913015246391296, ""motion_duration_cued"": 1.3889918327331543, ""krauzlis_cued_motion"": 0.7730597257614136, ""spatial_binding"": 0.6925310492515564, ""image_recognition"": 0.6978410482406616}","{""orientation_cued"": 0.5, ""motion_duration_cued"": 0.25, ""krauzlis_cued_motion"": 0.25, ""spatial_binding"": 0.5, ""image_recognition"": 0.25}","{""orientation_cued"": ""orientation_cued_D0"", ""motion_duration_cued"": ""motion_duration_cued_D0"", ""krauzlis_cued_motion"": ""krauzlis_B20"", ""spatial_binding"": ""spatial_binding_D4"", ""image_recognition"": ""image_recognition_N4_H5""}","{""orientation_cued"": {}, ""motion_duration_cued"": {}, ""krauzlis_cued_motion"": {}, ""spatial_binding"": {}, ""image_recognition"": {}}"
733,29320,615752,0.6901255973149091,0.55,0.5706993937492371,0,2.0684914588928223,"{""orientation_cued"": 0.7060098648071289, ""motion_duration_cued"": 1.3806283473968506, ""krauzlis_cued_motion"": 0.6684293150901794, ""spatial_binding"": 0.6937625408172607, ""image_recognition"": 0.001797918463125825}","{""orientation_cued"": 0.25, ""motion_duration_cued"": 0.375, ""krauzlis_cued_motion"": 0.625, ""spatial_binding"": 0.5, ""image_recognition"": 1.0}","{""orientation_cued"": ""orientation_cued_D0"", ""motion_duration_cued"": ""motion_duration_cued_D24"", ""krauzlis_cued_motion"": ""krauzlis_B28"", ""spatial_binding"": ""spatial_binding_D12"", ""image_recognition"": ""image_recognition_N0_H4""}","{""orientation_cued"": {}, ""motion_duration_cued"": {}, ""krauzlis_cued_motion"": {}, ""spatial_binding"": {}, ""image_recognition"": {}}"
734,29360,616528,0.8248104333877564,0.425,0.5769903659820557,0,1.850959062576294,"{""orientation_cued"": 0.7063561081886292, ""motion_duration_cued"": 1.3952527046203613, ""krauzlis_cued_motion"": 0.6354726552963257, ""spatial_binding"": 0.6923488974571228, ""image_recognition"": 0.6946218013763428}","{""orientation_cued"": 0.25, ""motion_duration_cued"": 0.125, ""krauzlis_cued_motion"": 0.75, ""spatial_binding"": 0.5, ""image_recognition"": 0.5}","{""orientation_cued"": ""orientation_cued_D12"", ""motion_duration_cued"": ""motion_duration_cued_D12"", ""krauzlis_cued_motion"": ""krauzlis_B20"", ""spatial_binding"": ""spatial_binding_D4"", ""image_recognition"": ""image_recognition_N4_H4""}","{""orientation_cued"": {}, ""motion_duration_cued"": {}, ""krauzlis_cued_motion"": {}, ""spatial_binding"": {}, ""image_recognition"": {}}"
735,29400,617584,0.8419067740440369,0.4,0.3605619966983795,0,2.4805500507354736,"{""orientation_cued"": 0.6987800598144531, ""motion_duration_cued"": 1.3862755298614502, ""krauzlis_cued_motion"": 0.7354762554168701, ""spatial_binding"": 0.6922881007194519, ""image_recognition"": 0.696713924407959}","{""orientation_cued"": 0.375, ""motion_duration_cued"": 0.25, ""krauzlis_cued_motion"": 0.375, ""spatial_binding"": 0.5, ""image_recognition"": 0.5}","{""orientation_cued"": ""orientation_cued_D24"", ""motion_duration_cued"": ""motion_duration_cued_D4"", ""krauzlis_cued_motion"": ""krauzlis_B12"", ""spatial_binding"": ""spatial_binding_D24"", ""image_recognition"": ""image_recognition_N24_H3""}","{""orientation_cued"": {}, ""motion_duration_cued"": {}, ""krauzlis_cued_motion"": {}, ""spatial_binding"": {}, ""image_recognition"": {}}"
736,29440,618160,0.8219565987586975,0.475,0.35561901330947876,0,1.377777338027954,"{""orientation_cued"": 0.6978825330734253, ""motion_duration_cued"": 1.3862324953079224, ""krauzlis_cued_motion"": 0.6363234519958496, ""spatial_binding"": 0.6946831345558167, ""image_recognition"": 0.6946613788604736}","{""orientation_cued"": 0.375, ""motion_duration_cued"": 0.25, ""krauzlis_cued_motion"": 0.75, ""spatial_binding"": 0.5, ""image_recognition"": 0.5}","{""orientation_cued"": ""orientation_cued_D4"", ""motion_duration_cued"": ""motion_duration_cued_D0"", ""krauzlis_cued_motion"": ""krauzlis_B20"", ""spatial_binding"": ""spatial_binding_D0"", ""image_recognition"": ""image_recognition_N4_H3""}","{""orientation_cued"": {}, ""motion_duration_cued"": {}, ""krauzlis_cued_motion"": {}, ""spatial_binding"": {}, ""image_recognition"": {}}"
737,29480,619256,0.8206997275352478,0.4,0.5942980051040649,0,2.608029842376709,"{""orientation_cued"": 0.6938896775245667, ""motion_duration_cued"": 1.3889949321746826, ""krauzlis_cued_motion"": 0.6358323693275452, ""spatial_binding"": 0.6928331851959229, ""image_recognition"": 0.6919484734535217}","{""orientation_cued"": 0.375, ""motion_duration_cued"": 0.0, ""krauzlis_cued_motion"": 0.75, ""spatial_binding"": 0.5, ""image_recognition"": 0.375}","{""orientation_cued"": ""orientation_cued_D24"", ""motion_duration_cued"": ""motion_duration_cued_D4"", ""krauzlis_cued_motion"": ""krauzlis_B28"", ""spatial_binding"": ""spatial_binding_D12"", ""image_recognition"": ""image_recognition_N24_H4""}","{""orientation_cued"": {}, ""motion_duration_cued"": {}, ""krauzlis_cued_motion"": {}, ""spatial_binding"": {}, ""image_recognition"": {}}"
738,29520,620008,0.8558205485343933,0.275,0.7914808392524719,0,1.7773189544677734,"{""orientation_cued"": 0.6953564882278442, ""motion_duration_cued"": 1.3947629928588867, ""krauzlis_cued_motion"": 0.8046436905860901, ""spatial_binding"": 0.690527081489563, ""image_recognition"": 0.6938124895095825}","{""orientation_cued"": 0.375, ""motion_duration_cued"": 0.0, ""krauzlis_cued_motion"": 0.125, ""spatial_binding"": 0.5, ""image_recognition"": 0.375}","{""orientation_cued"": ""orientation_cued_D12"", ""motion_duration_cued"": ""motion_duration_cued_D0"", ""krauzlis_cued_motion"": ""krauzlis_B12"", ""spatial_binding"": ""spatial_binding_D0"", ""image_recognition"": ""image_recognition_N24_H5""}","{""orientation_cued"": {}, ""motion_duration_cued"": {}, ""krauzlis_cued_motion"": {}, ""spatial_binding"": {}, ""image_recognition"": {}}"
739,29560,620760,0.8170827269554138,0.45,0.668168842792511,0,1.8013105392456055,"{""orientation_cued"": 0.7094315886497498, ""motion_duration_cued"": 1.3894134759902954, ""krauzlis_cued_motion"": 0.6028305292129517, ""spatial_binding"": 0.6940956115722656, ""image_recognition"": 0.6896424293518066}","{""orientation_cued"": 0.25, ""motion_duration_cued"": 0.25, ""krauzlis_cued_motion"": 0.875, ""spatial_binding"": 0.5, ""image_recognition"": 0.375}","{""orientation_cued"": ""orientation_cued_D4"", ""motion_duration_cued"": ""motion_duration_cued_D24"", ""krauzlis_cued_motion"": ""krauzlis_B12"", ""spatial_binding"": ""spatial_binding_D4"", ""image_recognition"": ""image_recognition_N4_H5""}","{""orientation_cued"": {}, ""motion_duration_cued"": {}, ""krauzlis_cued_motion"": {}, ""spatial_binding"": {}, ""image_recognition"": {}}"
740,29600,621728,0.8415786504745484,0.4,0.5864538550376892,0,2.295246124267578,"{""orientation_cued"": 0.7051775455474854, ""motion_duration_cued"": 1.3849074840545654, ""krauzlis_cued_motion"": 0.7366181015968323, ""spatial_binding"": 0.6924847364425659, ""image_recognition"": 0.6887053847312927}","{""orientation_cued"": 0.25, ""motion_duration_cued"": 0.25, ""krauzlis_cued_motion"": 0.375, ""spatial_binding"": 0.5, ""image_recognition"": 0.625}","{""orientation_cued"": ""orientation_cued_D0"", ""motion_duration_cued"": ""motion_duration_cued_D12"", ""krauzlis_cued_motion"": ""krauzlis_B28"", ""spatial_binding"": ""spatial_binding_D24"", ""image_recognition"": ""image_recognition_N12_H4""}","{""orientation_cued"": {}, ""motion_duration_cued"": {}, ""krauzlis_cued_motion"": {}, ""spatial_binding"": {}, ""image_recognition"": {}}"
741,29640,622736,0.8263639688491822,0.525,0.34387555718421936,0,2.365555763244629,"{""orientation_cued"": 0.6912728548049927, ""motion_duration_cued"": 1.3835541009902954, ""krauzlis_cued_motion"": 0.6684638261795044, ""spatial_binding"": 0.69154953956604, ""image_recognition"": 0.6969795227050781}","{""orientation_cued"": 0.625, ""motion_duration_cued"": 0.375, ""krauzlis_cued_motion"": 0.625, ""spatial_binding"": 0.625, ""image_recognition"": 0.375}","{""orientation_cued"": ""orientation_cued_D12"", ""motion_duration_cued"": ""motion_duration_cued_D12"", ""krauzlis_cued_motion"": ""krauzlis_B20"", ""spatial_binding"": ""spatial_binding_D24"", ""image_recognition"": ""image_recognition_N12_H5""}","{""orientation_cued"": {}, ""motion_duration_cued"": {}, ""krauzlis_cued_motion"": {}, ""spatial_binding"": {}, ""image_recognition"": {}}"
742,29680,623408,0.8247143387794494,0.55,0.4102190136909485,0,1.6027724742889404,"{""orientation_cued"": 0.6888341903686523, ""motion_duration_cued"": 1.3832519054412842, ""krauzlis_cued_motion"": 0.668624222278595, ""spatial_binding"": 0.6942226886749268, ""image_recognition"": 0.6886386871337891}","{""orientation_cued"": 0.625, ""motion_duration_cued"": 0.375, ""krauzlis_cued_motion"": 0.625, ""spatial_binding"": 0.5, ""image_recognition"": 0.625}","{""orientation_cued"": ""orientation_cued_D0"", ""motion_duration_cued"": ""motion_duration_cued_D0"", ""krauzlis_cued_motion"": ""krauzlis_B28"", ""spatial_binding"": ""spatial_binding_D0"", ""image_recognition"": ""image_recognition_N12_H3""}","{""orientation_cued"": {}, ""motion_duration_cued"": {}, ""krauzlis_cued_motion"": {}, ""spatial_binding"": {}, ""image_recognition"": {}}"
743,29720,624080,0.6809625156689435,0.625,0.3654921054840088,0,1.5817852020263672,"{""orientation_cued"": 0.6869638562202454, ""motion_duration_cued"": 1.3858152627944946, ""krauzlis_cued_motion"": 0.6354844570159912, ""spatial_binding"": 0.6936092376708984, ""image_recognition"": 0.002939764643087983}","{""orientation_cued"": 0.625, ""motion_duration_cued"": 0.25, ""krauzlis_cued_motion"": 0.75, ""spatial_binding"": 0.5, ""image_recognition"": 1.0}","{""orientation_cued"": ""orientation_cued_D4"", ""motion_duration_cued"": ""motion_duration_cued_D4"", ""krauzlis_cued_motion"": ""krauzlis_B20"", ""spatial_binding"": ""spatial_binding_D12"", ""image_recognition"": ""image_recognition_N0_H3""}","{""orientation_cued"": {}, ""motion_duration_cued"": {}, ""krauzlis_cued_motion"": {}, ""spatial_binding"": {}, ""image_recognition"": {}}"
744,29760,624960,0.6963293435517699,0.475,0.37736034393310547,0,2.0880119800567627,"{""orientation_cued"": 0.6971017122268677, ""motion_duration_cued"": 1.3840728998184204, ""krauzlis_cued_motion"": 0.702322244644165, ""spatial_binding"": 0.6945511102676392, ""image_recognition"": 0.003598750801756978}","{""orientation_cued"": 0.375, ""motion_duration_cued"": 0.25, ""krauzlis_cued_motion"": 0.5, ""spatial_binding"": 0.25, ""image_recognition"": 1.0}","{""orientation_cued"": ""orientation_cued_D24"", ""motion_duration_cued"": ""motion_duration_cued_D24"", ""krauzlis_cued_motion"": ""krauzlis_B12"", ""spatial_binding"": ""spatial_binding_D4"", ""image_recognition"": ""image_recognition_N0_H5""}","{""orientation_cued"": {}, ""motion_duration_cued"": {}, ""krauzlis_cued_motion"": {}, ""spatial_binding"": {}, ""image_recognition"": {}}"
745,29800,625936,0.8392575740814209,0.5,0.4089975357055664,0,2.3156750202178955,"{""orientation_cued"": 0.6936251521110535, ""motion_duration_cued"": 1.3831332921981812, ""krauzlis_cued_motion"": 0.7375338673591614, ""spatial_binding"": 0.6936995387077332, ""image_recognition"": 0.6882960200309753}","{""orientation_cued"": 0.5, ""motion_duration_cued"": 0.375, ""krauzlis_cued_motion"": 0.375, ""spatial_binding"": 0.5, ""image_recognition"": 0.75}","{""orientation_cued"": ""orientation_cued_D24"", ""motion_duration_cued"": ""motion_duration_cued_D4"", ""krauzlis_cued_motion"": ""krauzlis_B12"", ""spatial_binding"": ""spatial_binding_D12"", ""image_recognition"": ""image_recognition_N24_H5""}","{""orientation_cued"": {}, ""motion_duration_cued"": {}, ""krauzlis_cued_motion"": {}, ""spatial_binding"": {}, ""image_recognition"": {}}"
746,29840,626720,0.683114561298862,0.55,0.4580897390842438,0,1.8445549011230469,"{""orientation_cued"": 0.6926274299621582, ""motion_duration_cued"": 1.3940032720565796, ""krauzlis_cued_motion"": 0.6335892677307129, ""spatial_binding"": 0.6934328079223633, ""image_recognition"": 0.0019200288224965334}","{""orientation_cued"": 0.5, ""motion_duration_cued"": 0.125, ""krauzlis_cued_motion"": 0.75, ""spatial_binding"": 0.375, ""image_recognition"": 1.0}","{""orientation_cued"": ""orientation_cued_D0"", ""motion_duration_cued"": ""motion_duration_cued_D0"", ""krauzlis_cued_motion"": ""krauzlis_B28"", ""spatial_binding"": ""spatial_binding_D24"", ""image_recognition"": ""image_recognition_N0_H5""}","{""orientation_cued"": {}, ""motion_duration_cued"": {}, ""krauzlis_cued_motion"": {}, ""spatial_binding"": {}, ""image_recognition"": {}}"
747,29880,627488,0.8211240649223328,0.425,0.4240890145301819,0,1.8308289051055908,"{""orientation_cued"": 0.6935800313949585, ""motion_duration_cued"": 1.387190818786621, ""krauzlis_cued_motion"": 0.6329706907272339, ""spatial_binding"": 0.6943771243095398, ""image_recognition"": 0.6975016593933105}","{""orientation_cued"": 0.5, ""motion_duration_cued"": 0.125, ""krauzlis_cued_motion"": 0.75, ""spatial_binding"": 0.375, ""image_recognition"": 0.375}","{""orientation_cued"": ""orientation_cued_D12"", ""motion_duration_cued"": ""motion_duration_cued_D12"", ""krauzlis_cued_motion"": ""krauzlis_B20"", ""spatial_binding"": ""spatial_binding_D4"", ""image_recognition"": ""image_recognition_N4_H3""}","{""orientation_cued"": {}, ""motion_duration_cued"": {}, ""krauzlis_cued_motion"": {}, ""spatial_binding"": {}, ""image_recognition"": {}}"
748,29920,628424,0.8427576541900634,0.35,0.43863579630851746,0,2.2358322143554688,"{""orientation_cued"": 0.6932079792022705, ""motion_duration_cued"": 1.3898288011550903, ""krauzlis_cued_motion"": 0.739643394947052, ""spatial_binding"": 0.6919337511062622, ""image_recognition"": 0.6991743445396423}","{""orientation_cued"": 0.5, ""motion_duration_cued"": 0.0, ""krauzlis_cued_motion"": 0.375, ""spatial_binding"": 0.5, ""image_recognition"": 0.375}","{""orientation_cued"": ""orientation_cued_D4"", ""motion_duration_cued"": ""motion_duration_cued_D24"", ""krauzlis_cued_motion"": ""krauzlis_B20"", ""spatial_binding"": ""spatial_binding_D0"", ""image_recognition"": ""image_recognition_N24_H4""}","{""orientation_cued"": {}, ""motion_duration_cued"": {}, ""krauzlis_cued_motion"": {}, ""spatial_binding"": {}, ""image_recognition"": {}}"
749,29960,629048,0.8342825770378113,0.4,0.47750353813171387,0,1.5269668102264404,"{""orientation_cued"": 0.6965292096138, ""motion_duration_cued"": 1.389540672302246, ""krauzlis_cued_motion"": 0.7037407755851746, ""spatial_binding"": 0.6939014196395874, ""image_recognition"": 0.6877008080482483}","{""orientation_cued"": 0.375, ""motion_duration_cued"": 0.0, ""krauzlis_cued_motion"": 0.5, ""spatial_binding"": 0.5, ""image_recognition"": 0.625}","{""orientation_cued"": ""orientation_cued_D12"", ""motion_duration_cued"": ""motion_duration_cued_D4"", ""krauzlis_cued_motion"": ""krauzlis_B12"", ""spatial_binding"": ""spatial_binding_D0"", ""image_recognition"": ""image_recognition_N4_H5""}","{""orientation_cued"": {}, ""motion_duration_cued"": {}, ""krauzlis_cued_motion"": {}, ""spatial_binding"": {}, ""image_recognition"": {}}"
750,30000,629848,0.8248547077178955,0.575,0.46148160099983215,0,1.9636330604553223,"{""orientation_cued"": 0.6888698935508728, ""motion_duration_cued"": 1.383001685142517, ""krauzlis_cued_motion"": 0.6673871278762817, ""spatial_binding"": 0.6929651498794556, ""image_recognition"": 0.6920496821403503}","{""orientation_cued"": 0.625, ""motion_duration_cued"": 0.5, ""krauzlis_cued_motion"": 0.625, ""spatial_binding"": 0.5, ""image_recognition"": 0.625}","{""orientation_cued"": ""orientation_cued_D4"", ""motion_duration_cued"": ""motion_duration_cued_D0"", ""krauzlis_cued_motion"": ""krauzlis_B28"", ""spatial_binding"": ""spatial_binding_D12"", ""image_recognition"": ""image_recognition_N12_H3""}","{""orientation_cued"": {}, ""motion_duration_cued"": {}, ""krauzlis_cued_motion"": {}, ""spatial_binding"": {}, ""image_recognition"": {}}"
751,30040,631104,0.8262689590454102,0.5,0.22938840091228485,0,2.9675850868225098,"{""orientation_cued"": 0.6928265690803528, ""motion_duration_cued"": 1.3863227367401123, ""krauzlis_cued_motion"": 0.6676262021064758, ""spatial_binding"": 0.6933021545410156, ""image_recognition"": 0.6912671327590942}","{""orientation_cued"": 0.625, ""motion_duration_cued"": 0.25, ""krauzlis_cued_motion"": 0.625, ""spatial_binding"": 0.5, ""image_recognition"": 0.5}","{""orientation_cued"": ""orientation_cued_D24"", ""motion_duration_cued"": ""motion_duration_cued_D24"", ""krauzlis_cued_motion"": ""krauzlis_B28"", ""spatial_binding"": ""spatial_binding_D24"", ""image_recognition"": ""image_recognition_N12_H4""}","{""orientation_cued"": {}, ""motion_duration_cued"": {}, ""krauzlis_cued_motion"": {}, ""spatial_binding"": {}, ""image_recognition"": {}}"
752,30080,631720,0.8257103085517883,0.475,0.22536876797676086,0,1.4574663639068604,"{""orientation_cued"": 0.6880183815956116, ""motion_duration_cued"": 1.3863540887832642, ""krauzlis_cued_motion"": 0.6668295860290527, ""spatial_binding"": 0.6924583911895752, ""image_recognition"": 0.694891095161438}","{""orientation_cued"": 0.625, ""motion_duration_cued"": 0.25, ""krauzlis_cued_motion"": 0.625, ""spatial_binding"": 0.375, ""image_recognition"": 0.5}","{""orientation_cued"": ""orientation_cued_D0"", ""motion_duration_cued"": ""motion_duration_cued_D12"", ""krauzlis_cued_motion"": ""krauzlis_B12"", ""spatial_binding"": ""spatial_binding_D4"", ""image_recognition"": ""image_recognition_N4_H4""}","{""orientation_cued"": {}, ""motion_duration_cued"": {}, ""krauzlis_cued_motion"": {}, ""spatial_binding"": {}, ""image_recognition"": {}}"
753,30120,632504,0.8273302316665649,0.475,0.22791317105293274,0,1.8678390979766846,"{""orientation_cued"": 0.6930546760559082, ""motion_duration_cued"": 1.3862547874450684, ""krauzlis_cued_motion"": 0.6673249006271362, ""spatial_binding"": 0.693561315536499, ""image_recognition"": 0.6964554786682129}","{""orientation_cued"": 0.5, ""motion_duration_cued"": 0.25, ""krauzlis_cued_motion"": 0.625, ""spatial_binding"": 0.375, ""image_recognition"": 0.625}","{""orientation_cued"": ""orientation_cued_D4"", ""motion_duration_cued"": ""motion_duration_cued_D4"", ""krauzlis_cued_motion"": ""krauzlis_B20"", ""spatial_binding"": ""spatial_binding_D12"", ""image_recognition"": ""image_recognition_N12_H5""}","{""orientation_cued"": {}, ""motion_duration_cued"": {}, ""krauzlis_cued_motion"": {}, ""spatial_binding"": {}, ""image_recognition"": {}}"
754,30160,633368,0.6809073887299746,0.675,0.3371756076812744,0,2.030524969100952,"{""orientation_cued"": 0.6933698654174805, ""motion_duration_cued"": 1.386191487312317, ""krauzlis_cued_motion"": 0.628752589225769, ""spatial_binding"": 0.6925228238105774, ""image_recognition"": 0.0037001778837293386}","{""orientation_cued"": 0.5, ""motion_duration_cued"": 0.375, ""krauzlis_cued_motion"": 0.75, ""spatial_binding"": 0.75, ""image_recognition"": 1.0}","{""orientation_cued"": ""orientation_cued_D12"", ""motion_duration_cued"": ""motion_duration_cued_D0"", ""krauzlis_cued_motion"": ""krauzlis_B28"", ""spatial_binding"": ""spatial_binding_D24"", ""image_recognition"": ""image_recognition_N0_H3""}","{""orientation_cued"": {}, ""motion_duration_cued"": {}, ""krauzlis_cued_motion"": {}, ""spatial_binding"": {}, ""image_recognition"": {}}"
755,30200,633952,0.7016295953188092,0.6,0.47944319248199463,0,1.3948400020599365,"{""orientation_cued"": 0.6854428052902222, ""motion_duration_cued"": 1.383743405342102, ""krauzlis_cued_motion"": 0.7441374659538269, ""spatial_binding"": 0.6927416324615479, ""image_recognition"": 0.0020826675463467836}","{""orientation_cued"": 0.625, ""motion_duration_cued"": 0.25, ""krauzlis_cued_motion"": 0.375, ""spatial_binding"": 0.75, ""image_recognition"": 1.0}","{""orientation_cued"": ""orientation_cued_D0"", ""motion_duration_cued"": ""motion_duration_cued_D12"", ""krauzlis_cued_motion"": ""krauzlis_B12"", ""spatial_binding"": ""spatial_binding_D4"", ""image_recognition"": ""image_recognition_N0_H4""}","{""orientation_cued"": {}, ""motion_duration_cued"": {}, ""krauzlis_cued_motion"": {}, ""spatial_binding"": {}, ""image_recognition"": {}}"
756,30240,635040,0.8197179913520813,0.475,0.47792813181877136,0,2.571824312210083,"{""orientation_cued"": 0.6921491026878357, ""motion_duration_cued"": 1.3932979106903076, ""krauzlis_cued_motion"": 0.6262181401252747, ""spatial_binding"": 0.6936795115470886, ""image_recognition"": 0.6932452917098999}","{""orientation_cued"": 0.625, ""motion_duration_cued"": 0.0, ""krauzlis_cued_motion"": 0.75, ""spatial_binding"": 0.5, ""image_recognition"": 0.5}","{""orientation_cued"": ""orientation_cued_D24"", ""motion_duration_cued"": ""motion_duration_cued_D24"", ""krauzlis_cued_motion"": ""krauzlis_B20"", ""spatial_binding"": ""spatial_binding_D0"", ""image_recognition"": ""image_recognition_N24_H3""}","{""orientation_cued"": {}, ""motion_duration_cued"": {}, ""krauzlis_cued_motion"": {}, ""spatial_binding"": {}, ""image_recognition"": {}}"
757,30280,635568,0.6952792445663363,0.525,0.39454978704452515,0,1.2475535869598389,"{""orientation_cued"": 0.6884041428565979, ""motion_duration_cued"": 1.3879848718643188, ""krauzlis_cued_motion"": 0.7066607475280762, ""spatial_binding"": 0.6922763586044312, ""image_recognition"": 0.0010701019782572985}","{""orientation_cued"": 0.625, ""motion_duration_cued"": 0.0, ""krauzlis_cued_motion"": 0.5, ""spatial_binding"": 0.5, ""image_recognition"": 1.0}","{""orientation_cued"": ""orientation_cued_D4"", ""motion_duration_cued"": ""motion_duration_cued_D4"", ""krauzlis_cued_motion"": ""krauzlis_B12"", ""spatial_binding"": ""spatial_binding_D0"", ""image_recognition"": ""image_recognition_N0_H5""}","{""orientation_cued"": {}, ""motion_duration_cued"": {}, ""krauzlis_cued_motion"": {}, ""spatial_binding"": {}, ""image_recognition"": {}}"
758,30320,636504,0.8425438404083252,0.425,0.5172551870346069,0,2.3249385356903076,"{""orientation_cued"": 0.6823067665100098, ""motion_duration_cued"": 1.384587049484253, ""krauzlis_cued_motion"": 0.748609185218811, ""spatial_binding"": 0.6936697959899902, ""image_recognition"": 0.703546404838562}","{""orientation_cued"": 0.625, ""motion_duration_cued"": 0.125, ""krauzlis_cued_motion"": 0.375, ""spatial_binding"": 0.5, ""image_recognition"": 0.5}","{""orientation_cued"": ""orientation_cued_D0"", ""motion_duration_cued"": ""motion_duration_cued_D24"", ""krauzlis_cued_motion"": ""krauzlis_B20"", ""spatial_binding"": ""spatial_binding_D24"", ""image_recognition"": ""image_recognition_N4_H4""}","{""orientation_cued"": {}, ""motion_duration_cued"": {}, ""krauzlis_cued_motion"": {}, ""spatial_binding"": {}, ""image_recognition"": {}}"
759,30360,637496,0.8410417556762695,0.475,0.618158221244812,0,2.384206533432007,"{""orientation_cued"": 0.7004562616348267, ""motion_duration_cued"": 1.3771997690200806, ""krauzlis_cued_motion"": 0.7480993866920471, ""spatial_binding"": 0.6930955648422241, ""image_recognition"": 0.6863577961921692}","{""orientation_cued"": 0.25, ""motion_duration_cued"": 0.5, ""krauzlis_cued_motion"": 0.375, ""spatial_binding"": 0.5, ""image_recognition"": 0.75}","{""orientation_cued"": ""orientation_cued_D24"", ""motion_duration_cued"": ""motion_duration_cued_D0"", ""krauzlis_cued_motion"": ""krauzlis_B28"", ""spatial_binding"": ""spatial_binding_D4"", ""image_recognition"": ""image_recognition_N24_H3""}","{""orientation_cued"": {}, ""motion_duration_cued"": {}, ""krauzlis_cued_motion"": {}, ""spatial_binding"": {}, ""image_recognition"": {}}"
760,30400,638280,0.8168814182281494,0.6,0.5817375779151917,0,1.9905521869659424,"{""orientation_cued"": 0.6873663067817688, ""motion_duration_cued"": 1.3848341703414917, ""krauzlis_cued_motion"": 0.6264918446540833, ""spatial_binding"": 0.6926554441452026, ""image_recognition"": 0.6930593252182007}","{""orientation_cued"": 0.75, ""motion_duration_cued"": 0.375, ""krauzlis_cued_motion"": 0.75, ""spatial_binding"": 0.5, ""image_recognition"": 0.625}","{""orientation_cued"": ""orientation_cued_D12"", ""motion_duration_cued"": ""motion_duration_cued_D12"", ""krauzlis_cued_motion"": ""krauzlis_B12"", ""spatial_binding"": ""spatial_binding_D12"", ""image_recognition"": ""image_recognition_N4_H5""}","{""orientation_cued"": {}, ""motion_duration_cued"": {}, ""krauzlis_cued_motion"": {}, ""spatial_binding"": {}, ""image_recognition"": {}}"
761,30440,639016,0.8501565098762512,0.425,0.6009427905082703,0,1.787442922592163,"{""orientation_cued"": 0.6892964243888855, ""motion_duration_cued"": 1.3855985403060913, ""krauzlis_cued_motion"": 0.7840360403060913, ""spatial_binding"": 0.692263126373291, ""image_recognition"": 0.699588418006897}","{""orientation_cued"": 0.625, ""motion_duration_cued"": 0.375, ""krauzlis_cued_motion"": 0.25, ""spatial_binding"": 0.625, ""image_recognition"": 0.25}","{""orientation_cued"": ""orientation_cued_D4"", ""motion_duration_cued"": ""motion_duration_cued_D12"", ""krauzlis_cued_motion"": ""krauzlis_B28"", ""spatial_binding"": ""spatial_binding_D0"", ""image_recognition"": ""image_recognition_N4_H3""}","{""orientation_cued"": {}, ""motion_duration_cued"": {}, ""krauzlis_cued_motion"": {}, ""spatial_binding"": {}, ""image_recognition"": {}}"
762,30480,640216,0.8286071181297302,0.425,0.3176444470882416,0,3.0265586376190186,"{""orientation_cued"": 0.6988277435302734, ""motion_duration_cued"": 1.3880643844604492, ""krauzlis_cued_motion"": 0.6672463417053223, ""spatial_binding"": 0.6938344240188599, ""image_recognition"": 0.6950626969337463}","{""orientation_cued"": 0.375, ""motion_duration_cued"": 0.125, ""krauzlis_cued_motion"": 0.625, ""spatial_binding"": 0.5, ""image_recognition"": 0.5}","{""orientation_cued"": ""orientation_cued_D24"", ""motion_duration_cued"": ""motion_duration_cued_D24"", ""krauzlis_cued_motion"": ""krauzlis_B20"", ""spatial_binding"": ""spatial_binding_D12"", ""image_recognition"": ""image_recognition_N24_H5""}","{""orientation_cued"": {}, ""motion_duration_cued"": {}, ""krauzlis_cued_motion"": {}, ""spatial_binding"": {}, ""image_recognition"": {}}"
763,30520,641024,0.6714651634451002,0.65,0.505946159362793,0,2.0625088214874268,"{""orientation_cued"": 0.6781468987464905, ""motion_duration_cued"": 1.3867756128311157, ""krauzlis_cued_motion"": 0.5972744822502136, ""spatial_binding"": 0.6937241554260254, ""image_recognition"": 0.0014046679716557264}","{""orientation_cued"": 0.625, ""motion_duration_cued"": 0.25, ""krauzlis_cued_motion"": 0.875, ""spatial_binding"": 0.5, ""image_recognition"": 1.0}","{""orientation_cued"": ""orientation_cued_D0"", ""motion_duration_cued"": ""motion_duration_cued_D4"", ""krauzlis_cued_motion"": ""krauzlis_B28"", ""spatial_binding"": ""spatial_binding_D24"", ""image_recognition"": ""image_recognition_N0_H4""}","{""orientation_cued"": {}, ""motion_duration_cued"": {}, ""krauzlis_cued_motion"": {}, ""spatial_binding"": {}, ""image_recognition"": {}}"
764,30560,641864,0.8390962839126587,0.475,0.37905365228652954,0,2.118509531021118,"{""orientation_cued"": 0.686415433883667, ""motion_duration_cued"": 1.3847393989562988, ""krauzlis_cued_motion"": 0.7388085126876831, ""spatial_binding"": 0.6934786438941956, ""image_recognition"": 0.692039430141449}","{""orientation_cued"": 0.625, ""motion_duration_cued"": 0.25, ""krauzlis_cued_motion"": 0.375, ""spatial_binding"": 0.5, ""image_recognition"": 0.625}","{""orientation_cued"": ""orientation_cued_D12"", ""motion_duration_cued"": ""motion_duration_cued_D0"", ""krauzlis_cued_motion"": ""krauzlis_B20"", ""spatial_binding"": ""spatial_binding_D4"", ""image_recognition"": ""image_recognition_N24_H4""}","{""orientation_cued"": {}, ""motion_duration_cued"": {}, ""krauzlis_cued_motion"": {}, ""spatial_binding"": {}, ""image_recognition"": {}}"
765,30600,642808,0.8416149258613587,0.425,0.44381681084632874,0,2.297766923904419,"{""orientation_cued"": 0.702256977558136, ""motion_duration_cued"": 1.3869893550872803, ""krauzlis_cued_motion"": 0.737718939781189, ""spatial_binding"": 0.6924335360527039, ""image_recognition"": 0.6886758208274841}","{""orientation_cued"": 0.375, ""motion_duration_cued"": 0.125, ""krauzlis_cued_motion"": 0.375, ""spatial_binding"": 0.5, ""image_recognition"": 0.75}","{""orientation_cued"": ""orientation_cued_D12"", ""motion_duration_cued"": ""motion_duration_cued_D24"", ""krauzlis_cued_motion"": ""krauzlis_B12"", ""spatial_binding"": ""spatial_binding_D12"", ""image_recognition"": ""image_recognition_N12_H5""}","{""orientation_cued"": {}, ""motion_duration_cued"": {}, ""krauzlis_cued_motion"": {}, ""spatial_binding"": {}, ""image_recognition"": {}}"
766,30640,643744,0.8195935964584351,0.475,0.4391547739505768,0,2.2707560062408447,"{""orientation_cued"": 0.6847960352897644, ""motion_duration_cued"": 1.388594388961792, ""krauzlis_cued_motion"": 0.6357470750808716, ""spatial_binding"": 0.6941173672676086, ""image_recognition"": 0.6947131156921387}","{""orientation_cued"": 0.625, ""motion_duration_cued"": 0.125, ""krauzlis_cued_motion"": 0.75, ""spatial_binding"": 0.5, ""image_recognition"": 0.375}","{""orientation_cued"": ""orientation_cued_D4"", ""motion_duration_cued"": ""motion_duration_cued_D12"", ""krauzlis_cued_motion"": ""krauzlis_B20"", ""spatial_binding"": ""spatial_binding_D24"", ""image_recognition"": ""image_recognition_N12_H4""}","{""orientation_cued"": {}, ""motion_duration_cued"": {}, ""krauzlis_cued_motion"": {}, ""spatial_binding"": {}, ""image_recognition"": {}}"
767,30680,644352,0.6908336046617478,0.55,0.323708713054657,0,1.4943816661834717,"{""orientation_cued"": 0.6959434151649475, ""motion_duration_cued"": 1.392645239830017, ""krauzlis_cued_motion"": 0.6691073179244995, ""spatial_binding"": 0.6930820345878601, ""image_recognition"": 0.0033900158014148474}","{""orientation_cued"": 0.5, ""motion_duration_cued"": 0.125, ""krauzlis_cued_motion"": 0.625, ""spatial_binding"": 0.5, ""image_recognition"": 1.0}","{""orientation_cued"": ""orientation_cued_D0"", ""motion_duration_cued"": ""motion_duration_cued_D4"", ""krauzlis_cued_motion"": ""krauzlis_B28"", ""spatial_binding"": ""spatial_binding_D0"", ""image_recognition"": ""image_recognition_N0_H3""}","{""orientation_cued"": {}, ""motion_duration_cued"": {}, ""krauzlis_cued_motion"": {}, ""spatial_binding"": {}, ""image_recognition"": {}}"
768,30720,645120,0.8257718443870544,0.525,0.5963991284370422,0,1.8547585010528564,"{""orientation_cued"": 0.6929519176483154, ""motion_duration_cued"": 1.381206750869751, ""krauzlis_cued_motion"": 0.6693108081817627, ""spatial_binding"": 0.6936617493629456, ""image_recognition"": 0.6917279958724976}","{""orientation_cued"": 0.5, ""motion_duration_cued"": 0.375, ""krauzlis_cued_motion"": 0.625, ""spatial_binding"": 0.5, ""image_recognition"": 0.625}","{""orientation_cued"": ""orientation_cued_D24"", ""motion_duration_cued"": ""motion_duration_cued_D0"", ""krauzlis_cued_motion"": ""krauzlis_B12"", ""spatial_binding"": ""spatial_binding_D4"", ""image_recognition"": ""image_recognition_N12_H3""}","{""orientation_cued"": {}, ""motion_duration_cued"": {}, ""krauzlis_cued_motion"": {}, ""spatial_binding"": {}, ""image_recognition"": {}}"
769,30760,646016,0.824535870552063,0.475,0.2875392735004425,0,2.226614236831665,"{""orientation_cued"": 0.6837137937545776, ""motion_duration_cued"": 1.3852410316467285, ""krauzlis_cued_motion"": 0.6690422296524048, ""spatial_binding"": 0.6939727067947388, ""image_recognition"": 0.6907095909118652}","{""orientation_cued"": 0.625, ""motion_duration_cued"": 0.25, ""krauzlis_cued_motion"": 0.625, ""spatial_binding"": 0.375, ""image_recognition"": 0.5}","{""orientation_cued"": ""orientation_cued_D12"", ""motion_duration_cued"": ""motion_duration_cued_D12"", ""krauzlis_cued_motion"": ""krauzlis_B20"", ""spatial_binding"": ""spatial_binding_D0"", ""image_recognition"": ""image_recognition_N24_H3""}","{""orientation_cued"": {""priority_entropy"": 5.120049953460693, ""priority_peak"": 0.008531471714377403, ""priority_gradient_norm"": 0.16200150549411774, ""attention_gradient_norm"": 0.0062567321583628654}, ""motion_duration_cued"": {""priority_entropy"": 5.1232805252075195, ""priority_peak"": 0.007701904978603125, ""priority_gradient_norm"": 0.25434279441833496, ""attention_gradient_norm"": 0.010174836963415146}, ""krauzlis_cued_motion"": {""priority_entropy"": 5.128509521484375, ""priority_peak"": 0.006662634201347828, ""priority_gradient_norm"": 0.2642601728439331, ""attention_gradient_norm"": 0.010250614956021309}, ""spatial_binding"": {""priority_entropy"": 5.120759963989258, ""priority_peak"": 0.007646024227142334, ""priority_gradient_norm"": 0.26495596766471863, ""attention_gradient_norm"": 0.010050682350993156}, ""image_recognition"": {""priority_entropy"": 5.128495216369629, ""priority_peak"": 0.006741390563547611, ""priority_gradient_norm"": 0.2663140594959259, ""attention_gradient_norm"": 0.01149069145321846}}"
770,30800,646736,0.696597468899563,0.55,0.41562607884407043,0,1.7654807567596436,"{""orientation_cued"": 0.7003580927848816, ""motion_duration_cued"": 1.3851194381713867, ""krauzlis_cued_motion"": 0.7019195556640625, ""spatial_binding"": 0.693260133266449, ""image_recognition"": 0.0023301246110349894}","{""orientation_cued"": 0.375, ""motion_duration_cued"": 0.375, ""krauzlis_cued_motion"": 0.5, ""spatial_binding"": 0.5, ""image_recognition"": 1.0}","{""orientation_cued"": ""orientation_cued_D24"", ""motion_duration_cued"": ""motion_duration_cued_D4"", ""krauzlis_cued_motion"": ""krauzlis_B12"", ""spatial_binding"": ""spatial_binding_D4"", ""image_recognition"": ""image_recognition_N0_H5""}","{""orientation_cued"": {}, ""motion_duration_cued"": {}, ""krauzlis_cued_motion"": {}, ""spatial_binding"": {}, ""image_recognition"": {}}"
771,30840,647568,0.8246884703636169,0.475,0.4326366186141968,0,2.006024122238159,"{""orientation_cued"": 0.7072566747665405, ""motion_duration_cued"": 1.387272596359253, ""krauzlis_cued_motion"": 0.6353945732116699, ""spatial_binding"": 0.6929609775543213, ""image_recognition"": 0.7005575299263}","{""orientation_cued"": 0.375, ""motion_duration_cued"": 0.25, ""krauzlis_cued_motion"": 0.75, ""spatial_binding"": 0.5, ""image_recognition"": 0.5}","{""orientation_cued"": ""orientation_cued_D4"", ""motion_duration_cued"": ""motion_duration_cued_D0"", ""krauzlis_cued_motion"": ""krauzlis_B28"", ""spatial_binding"": ""spatial_binding_D24"", ""image_recognition"": ""image_recognition_N4_H3""}","{""orientation_cued"": {}, ""motion_duration_cued"": {}, ""krauzlis_cued_motion"": {}, ""spatial_binding"": {}, ""image_recognition"": {}}"
772,30880,648368,0.695048891287297,0.55,0.31292614340782166,0,1.9488410949707031,"{""orientation_cued"": 0.7238373756408691, ""motion_duration_cued"": 1.3866112232208252, ""krauzlis_cued_motion"": 0.6680760383605957, ""spatial_binding"": 0.6922382116317749, ""image_recognition"": 0.004481607582420111}","{""orientation_cued"": 0.375, ""motion_duration_cued"": 0.25, ""krauzlis_cued_motion"": 0.625, ""spatial_binding"": 0.5, ""image_recognition"": 1.0}","{""orientation_cued"": ""orientation_cued_D0"", ""motion_duration_cued"": ""motion_duration_cued_D24"", ""krauzlis_cued_motion"": ""krauzlis_B20"", ""spatial_binding"": ""spatial_binding_D12"", ""image_recognition"": ""image_recognition_N0_H3""}","{""orientation_cued"": {}, ""motion_duration_cued"": {}, ""krauzlis_cued_motion"": {}, ""spatial_binding"": {}, ""image_recognition"": {}}"
773,30920,648984,0.6776874187868088,0.625,0.34217923879623413,0,1.4988288879394531,"{""orientation_cued"": 0.6740143299102783, ""motion_duration_cued"": 1.3874096870422363, ""krauzlis_cued_motion"": 0.6316226720809937, ""spatial_binding"": 0.6922907829284668, ""image_recognition"": 0.0030996219720691442}","{""orientation_cued"": 0.625, ""motion_duration_cued"": 0.25, ""krauzlis_cued_motion"": 0.75, ""spatial_binding"": 0.5, ""image_recognition"": 1.0}","{""orientation_cued"": ""orientation_cued_D0"", ""motion_duration_cued"": ""motion_duration_cued_D4"", ""krauzlis_cued_motion"": ""krauzlis_B28"", ""spatial_binding"": ""spatial_binding_D0"", ""image_recognition"": ""image_recognition_N0_H4""}","{""orientation_cued"": {}, ""motion_duration_cued"": {}, ""krauzlis_cued_motion"": {}, ""spatial_binding"": {}, ""image_recognition"": {}}"
774,30960,650056,0.8519080281257629,0.325,0.7449486255645752,0,2.624905586242676,"{""orientation_cued"": 0.6975432634353638, ""motion_duration_cued"": 1.3909852504730225, ""krauzlis_cued_motion"": 0.780539870262146, ""spatial_binding"": 0.6918252110481262, ""image_recognition"": 0.6986465454101562}","{""orientation_cued"": 0.375, ""motion_duration_cued"": 0.125, ""krauzlis_cued_motion"": 0.25, ""spatial_binding"": 0.5, ""image_recognition"": 0.375}","{""orientation_cued"": ""orientation_cued_D24"", ""motion_duration_cued"": ""motion_duration_cued_D24"", ""krauzlis_cued_motion"": ""krauzlis_B12"", ""spatial_binding"": ""spatial_binding_D4"", ""image_recognition"": ""image_recognition_N24_H5""}","{""orientation_cued"": {}, ""motion_duration_cued"": {}, ""krauzlis_cued_motion"": {}, ""spatial_binding"": {}, ""image_recognition"": {}}"
775,31000,651056,0.8337831974029541,0.525,0.2396775633096695,0,2.529536485671997,"{""orientation_cued"": 0.6946312785148621, ""motion_duration_cued"": 1.3862788677215576, ""krauzlis_cued_motion"": 0.7045003771781921, ""spatial_binding"": 0.6930252313613892, ""image_recognition"": 0.6904802322387695}","{""orientation_cued"": 0.5, ""motion_duration_cued"": 0.5, ""krauzlis_cued_motion"": 0.5, ""spatial_binding"": 0.5, ""image_recognition"": 0.625}","{""orientation_cued"": ""orientation_cued_D12"", ""motion_duration_cued"": ""motion_duration_cued_D12"", ""krauzlis_cued_motion"": ""krauzlis_B28"", ""spatial_binding"": ""spatial_binding_D24"", ""image_recognition"": ""image_recognition_N4_H4""}","{""orientation_cued"": {}, ""motion_duration_cued"": {}, ""krauzlis_cued_motion"": {}, ""spatial_binding"": {}, ""image_recognition"": {}}"
776,31040,651800,0.8323538064956665,0.525,0.26404649019241333,0,1.7939395904541016,"{""orientation_cued"": 0.6933836936950684, ""motion_duration_cued"": 1.3889929056167603, ""krauzlis_cued_motion"": 0.7041467428207397, ""spatial_binding"": 0.6933068037033081, ""image_recognition"": 0.681938886642456}","{""orientation_cued"": 0.5, ""motion_duration_cued"": 0.25, ""krauzlis_cued_motion"": 0.5, ""spatial_binding"": 0.5, ""image_recognition"": 0.875}","{""orientation_cued"": ""orientation_cued_D4"", ""motion_duration_cued"": ""motion_duration_cued_D0"", ""krauzlis_cued_motion"": ""krauzlis_B20"", ""spatial_binding"": ""spatial_binding_D12"", ""image_recognition"": ""image_recognition_N12_H4""}","{""orientation_cued"": {}, ""motion_duration_cued"": {}, ""krauzlis_cued_motion"": {}, ""spatial_binding"": {}, ""image_recognition"": {}}"
777,31080,652512,0.8252746224403381,0.475,0.23201537132263184,0,1.7674379348754883,"{""orientation_cued"": 0.6945823431015015, ""motion_duration_cued"": 1.3821525573730469, ""krauzlis_cued_motion"": 0.6673164367675781, ""spatial_binding"": 0.6908780336380005, ""image_recognition"": 0.6914437413215637}","{""orientation_cued"": 0.5, ""motion_duration_cued"": 0.25, ""krauzlis_cued_motion"": 0.625, ""spatial_binding"": 0.5, ""image_recognition"": 0.5}","{""orientation_cued"": ""orientation_cued_D4"", ""motion_duration_cued"": ""motion_duration_cued_D0"", ""krauzlis_cued_motion"": ""krauzlis_B12"", ""spatial_binding"": ""spatial_binding_D4"", ""image_recognition"": ""image_recognition_N24_H4""}","{""orientation_cued"": {}, ""motion_duration_cued"": {}, ""krauzlis_cued_motion"": {}, ""spatial_binding"": {}, ""image_recognition"": {}}"
778,31120,653408,0.8323733687400818,0.575,0.23714898526668549,0,2.228311061859131,"{""orientation_cued"": 0.6940134167671204, ""motion_duration_cued"": 1.3867578506469727, ""krauzlis_cued_motion"": 0.7033949494361877, ""spatial_binding"": 0.6910201907157898, ""image_recognition"": 0.6866804361343384}","{""orientation_cued"": 0.5, ""motion_duration_cued"": 0.25, ""krauzlis_cued_motion"": 0.5, ""spatial_binding"": 0.75, ""image_recognition"": 0.875}","{""orientation_cued"": ""orientation_cued_D12"", ""motion_duration_cued"": ""motion_duration_cued_D24"", ""krauzlis_cued_motion"": ""krauzlis_B20"", ""spatial_binding"": ""spatial_binding_D0"", ""image_recognition"": ""image_recognition_N12_H3""}","{""orientation_cued"": {}, ""motion_duration_cued"": {}, ""krauzlis_cued_motion"": {}, ""spatial_binding"": {}, ""image_recognition"": {}}"
779,31160,654032,0.8213483810424804,0.525,0.3854729235172272,0,1.5783841609954834,"{""orientation_cued"": 0.6761265993118286, ""motion_duration_cued"": 1.3875759840011597, ""krauzlis_cued_motion"": 0.6676538586616516, ""spatial_binding"": 0.6935612559318542, ""image_recognition"": 0.6818242073059082}","{""orientation_cued"": 0.625, ""motion_duration_cued"": 0.375, ""krauzlis_cued_motion"": 0.625, ""spatial_binding"": 0.375, ""image_recognition"": 0.625}","{""orientation_cued"": ""orientation_cued_D0"", ""motion_duration_cued"": ""motion_duration_cued_D4"", ""krauzlis_cued_motion"": ""krauzlis_B12"", ""spatial_binding"": ""spatial_binding_D12"", ""image_recognition"": ""image_recognition_N4_H5""}","{""orientation_cued"": {}, ""motion_duration_cued"": {}, ""krauzlis_cued_motion"": {}, ""spatial_binding"": {}, ""image_recognition"": {}}"
780,31200,655200,0.8274311304092408,0.475,0.44310349225997925,0,2.790452241897583,"{""orientation_cued"": 0.688660204410553, ""motion_duration_cued"": 1.3856077194213867, ""krauzlis_cued_motion"": 0.66797935962677, ""spatial_binding"": 0.6938125491142273, ""image_recognition"": 0.7010958194732666}","{""orientation_cued"": 0.625, ""motion_duration_cued"": 0.25, ""krauzlis_cued_motion"": 0.625, ""spatial_binding"": 0.5, ""image_recognition"": 0.375}","{""orientation_cued"": ""orientation_cued_D24"", ""motion_duration_cued"": ""motion_duration_cued_D12"", ""krauzlis_cued_motion"": ""krauzlis_B28"", ""spatial_binding"": ""spatial_binding_D24"", ""image_recognition"": ""image_recognition_N12_H5""}","{""orientation_cued"": {}, ""motion_duration_cued"": {}, ""krauzlis_cued_motion"": {}, ""spatial_binding"": {}, ""image_recognition"": {}}"
781,31240,656096,0.6824475948698818,0.6,0.2648184895515442,0,2.1527421474456787,"{""orientation_cued"": 0.6945087909698486, ""motion_duration_cued"": 1.3864400386810303, ""krauzlis_cued_motion"": 0.6334202289581299, ""spatial_binding"": 0.6940740942955017, ""image_recognition"": 0.0037948214448988438}","{""orientation_cued"": 0.5, ""motion_duration_cued"": 0.25, ""krauzlis_cued_motion"": 0.75, ""spatial_binding"": 0.5, ""image_recognition"": 1.0}","{""orientation_cued"": ""orientation_cued_D4"", ""motion_duration_cued"": ""motion_duration_cued_D12"", ""krauzlis_cued_motion"": ""krauzlis_B28"", ""spatial_binding"": ""spatial_binding_D24"", ""image_recognition"": ""image_recognition_N0_H3""}","{""orientation_cued"": {}, ""motion_duration_cued"": {}, ""krauzlis_cued_motion"": {}, ""spatial_binding"": {}, ""image_recognition"": {}}"
782,31280,656560,0.7039404375012964,0.525,0.29285290837287903,0,1.126023292541504,"{""orientation_cued"": 0.6978512406349182, ""motion_duration_cued"": 1.3865045309066772, ""krauzlis_cued_motion"": 0.7387762069702148, ""spatial_binding"": 0.694284200668335, ""image_recognition"": 0.0022860083263367414}","{""orientation_cued"": 0.5, ""motion_duration_cued"": 0.25, ""krauzlis_cued_motion"": 0.375, ""spatial_binding"": 0.5, ""image_recognition"": 1.0}","{""orientation_cued"": ""orientation_cued_D0"", ""motion_duration_cued"": ""motion_duration_cued_D0"", ""krauzlis_cued_motion"": ""krauzlis_B12"", ""spatial_binding"": ""spatial_binding_D0"", ""image_recognition"": ""image_recognition_N0_H5""}","{""orientation_cued"": {}, ""motion_duration_cued"": {}, ""krauzlis_cued_motion"": {}, ""spatial_binding"": {}, ""image_recognition"": {}}"
783,31320,657528,0.8188121676445007,0.55,0.3410557806491852,0,2.4537513256073,"{""orientation_cued"": 0.6934677362442017, ""motion_duration_cued"": 1.3846149444580078, ""krauzlis_cued_motion"": 0.6328452229499817, ""spatial_binding"": 0.693405270576477, ""image_recognition"": 0.6897276639938354}","{""orientation_cued"": 0.5, ""motion_duration_cued"": 0.375, ""krauzlis_cued_motion"": 0.75, ""spatial_binding"": 0.5, ""image_recognition"": 0.625}","{""orientation_cued"": ""orientation_cued_D24"", ""motion_duration_cued"": ""motion_duration_cued_D4"", ""krauzlis_cued_motion"": ""krauzlis_B20"", ""spatial_binding"": ""spatial_binding_D4"", ""image_recognition"": ""image_recognition_N24_H4""}","{""orientation_cued"": {}, ""motion_duration_cued"": {}, ""krauzlis_cued_motion"": {}, ""spatial_binding"": {}, ""image_recognition"": {}}"
784,31360,658568,0.8402604460716248,0.5,0.3518047630786896,0,2.589834690093994,"{""orientation_cued"": 0.6941974759101868, ""motion_duration_cued"": 1.3827431201934814, ""krauzlis_cued_motion"": 0.7389363050460815, ""spatial_binding"": 0.6934502720832825, ""image_recognition"": 0.6919750571250916}","{""orientation_cued"": 0.5, ""motion_duration_cued"": 0.375, ""krauzlis_cued_motion"": 0.375, ""spatial_binding"": 0.5, ""image_recognition"": 0.75}","{""orientation_cued"": ""orientation_cued_D12"", ""motion_duration_cued"": ""motion_duration_cued_D24"", ""krauzlis_cued_motion"": ""krauzlis_B12"", ""spatial_binding"": ""spatial_binding_D12"", ""image_recognition"": ""image_recognition_N24_H5""}","{""orientation_cued"": {}, ""motion_duration_cued"": {}, ""krauzlis_cued_motion"": {}, ""spatial_binding"": {}, ""image_recognition"": {}}"
785,31400,659152,0.8299715280532837,0.425,0.31333979964256287,0,1.4978477954864502,"{""orientation_cued"": 0.6965570449829102, ""motion_duration_cued"": 1.3953585624694824, ""krauzlis_cued_motion"": 0.667762279510498, ""spatial_binding"": 0.6929125189781189, ""image_recognition"": 0.6972672343254089}","{""orientation_cued"": 0.5, ""motion_duration_cued"": 0.125, ""krauzlis_cued_motion"": 0.625, ""spatial_binding"": 0.5, ""image_recognition"": 0.375}","{""orientation_cued"": ""orientation_cued_D0"", ""motion_duration_cued"": ""motion_duration_cued_D0"", ""krauzlis_cued_motion"": ""krauzlis_B20"", ""spatial_binding"": ""spatial_binding_D4"", ""image_recognition"": ""image_recognition_N4_H4""}","{""orientation_cued"": {}, ""motion_duration_cued"": {}, ""krauzlis_cued_motion"": {}, ""spatial_binding"": {}, ""image_recognition"": {}}"
786,31440,660208,0.8288196921348572,0.45,0.3046611547470093,0,2.643632173538208,"{""orientation_cued"": 0.6944770812988281, ""motion_duration_cued"": 1.3930890560150146, ""krauzlis_cued_motion"": 0.6678458452224731, ""spatial_binding"": 0.6936549544334412, ""image_recognition"": 0.6950315237045288}","{""orientation_cued"": 0.5, ""motion_duration_cued"": 0.125, ""krauzlis_cued_motion"": 0.625, ""spatial_binding"": 0.5, ""image_recognition"": 0.5}","{""orientation_cued"": ""orientation_cued_D12"", ""motion_duration_cued"": ""motion_duration_cued_D12"", ""krauzlis_cued_motion"": ""krauzlis_B28"", ""spatial_binding"": ""spatial_binding_D24"", ""image_recognition"": ""image_recognition_N12_H3""}","{""orientation_cued"": {}, ""motion_duration_cued"": {}, ""krauzlis_cued_motion"": {}, ""spatial_binding"": {}, ""image_recognition"": {}}"
787,31480,661048,0.8299243211746216,0.45,0.39819297194480896,0,2.0326972007751465,"{""orientation_cued"": 0.7086149454116821, ""motion_duration_cued"": 1.3792482614517212, ""krauzlis_cued_motion"": 0.6678821444511414, ""spatial_binding"": 0.6950267553329468, ""image_recognition"": 0.6988494992256165}","{""orientation_cued"": 0.375, ""motion_duration_cued"": 0.375, ""krauzlis_cued_motion"": 0.625, ""spatial_binding"": 0.5, ""image_recognition"": 0.375}","{""orientation_cued"": ""orientation_cued_D4"", ""motion_duration_cued"": ""motion_duration_cued_D24"", ""krauzlis_cued_motion"": ""krauzlis_B20"", ""spatial_binding"": ""spatial_binding_D0"", ""image_recognition"": ""image_recognition_N12_H4""}","{""orientation_cued"": {}, ""motion_duration_cued"": {}, ""krauzlis_cued_motion"": {}, ""spatial_binding"": {}, ""image_recognition"": {}}"
788,31520,661992,0.8328578114509583,0.4,0.3335862159729004,0,2.311661720275879,"{""orientation_cued"": 0.6854056715965271, ""motion_duration_cued"": 1.3876551389694214, ""krauzlis_cued_motion"": 0.7033600807189941, ""spatial_binding"": 0.6926978230476379, ""image_recognition"": 0.6951703429222107}","{""orientation_cued"": 0.625, ""motion_duration_cued"": 0.125, ""krauzlis_cued_motion"": 0.5, ""spatial_binding"": 0.5, ""image_recognition"": 0.25}","{""orientation_cued"": ""orientation_cued_D24"", ""motion_duration_cued"": ""motion_duration_cued_D4"", ""krauzlis_cued_motion"": ""krauzlis_B28"", ""spatial_binding"": ""spatial_binding_D12"", ""image_recognition"": ""image_recognition_N4_H5""}","{""orientation_cued"": {}, ""motion_duration_cued"": {}, ""krauzlis_cued_motion"": {}, ""spatial_binding"": {}, ""image_recognition"": {}}"
789,31560,662952,0.8360582709312439,0.4,0.30911773443222046,0,2.44771671295166,"{""orientation_cued"": 0.6845910549163818, ""motion_duration_cued"": 1.3882176876068115, ""krauzlis_cued_motion"": 0.7033731341362, ""spatial_binding"": 0.6921830773353577, ""image_recognition"": 0.7119264006614685}","{""orientation_cued"": 0.625, ""motion_duration_cued"": 0.125, ""krauzlis_cued_motion"": 0.5, ""spatial_binding"": 0.625, ""image_recognition"": 0.125}","{""orientation_cued"": ""orientation_cued_D12"", ""motion_duration_cued"": ""motion_duration_cued_D4"", ""krauzlis_cued_motion"": ""krauzlis_B12"", ""spatial_binding"": ""spatial_binding_D24"", ""image_recognition"": ""image_recognition_N24_H3""}","{""orientation_cued"": {}, ""motion_duration_cued"": {}, ""krauzlis_cued_motion"": {}, ""spatial_binding"": {}, ""image_recognition"": {}}"
790,31600,663720,0.8269577622413635,0.45,0.32267335057258606,0,1.8931925296783447,"{""orientation_cued"": 0.7030213475227356, ""motion_duration_cued"": 1.3872673511505127, ""krauzlis_cued_motion"": 0.6674596071243286, ""spatial_binding"": 0.6935627460479736, ""image_recognition"": 0.6834777593612671}","{""orientation_cued"": 0.375, ""motion_duration_cued"": 0.25, ""krauzlis_cued_motion"": 0.625, ""spatial_binding"": 0.5, ""image_recognition"": 0.5}","{""orientation_cued"": ""orientation_cued_D24"", ""motion_duration_cued"": ""motion_duration_cued_D0"", ""krauzlis_cued_motion"": ""krauzlis_B12"", ""spatial_binding"": ""spatial_binding_D12"", ""image_recognition"": ""image_recognition_N4_H3""}","{""orientation_cued"": {}, ""motion_duration_cued"": {}, ""krauzlis_cued_motion"": {}, ""spatial_binding"": {}, ""image_recognition"": {}}"
791,31640,664368,0.6854341964004561,0.55,0.570539653301239,0,1.6314995288848877,"{""orientation_cued"": 0.7061896324157715, ""motion_duration_cued"": 1.3917423486709595, ""krauzlis_cued_motion"": 0.6319631934165955, ""spatial_binding"": 0.695579469203949, ""image_recognition"": 0.001696338295005262}","{""orientation_cued"": 0.375, ""motion_duration_cued"": 0.25, ""krauzlis_cued_motion"": 0.75, ""spatial_binding"": 0.375, ""image_recognition"": 1.0}","{""orientation_cued"": ""orientation_cued_D4"", ""motion_duration_cued"": ""motion_duration_cued_D12"", ""krauzlis_cued_motion"": ""krauzlis_B20"", ""spatial_binding"": ""spatial_binding_D0"", ""image_recognition"": ""image_recognition_N0_H4""}","{""orientation_cued"": {}, ""motion_duration_cued"": {}, ""krauzlis_cued_motion"": {}, ""spatial_binding"": {}, ""image_recognition"": {}}"
792,31680,665280,0.8149734735488892,0.5,0.5839897990226746,0,2.2338926792144775,"{""orientation_cued"": 0.7136862874031067, ""motion_duration_cued"": 1.3845430612564087, ""krauzlis_cued_motion"": 0.5925872325897217, ""spatial_binding"": 0.6934992074966431, ""image_recognition"": 0.6905515789985657}","{""orientation_cued"": 0.375, ""motion_duration_cued"": 0.25, ""krauzlis_cued_motion"": 0.875, ""spatial_binding"": 0.375, ""image_recognition"": 0.625}","{""orientation_cued"": ""orientation_cued_D0"", ""motion_duration_cued"": ""motion_duration_cued_D24"", ""krauzlis_cued_motion"": ""krauzlis_B28"", ""spatial_binding"": ""spatial_binding_D4"", ""image_recognition"": ""image_recognition_N12_H5""}","{""orientation_cued"": {}, ""motion_duration_cued"": {}, ""krauzlis_cued_motion"": {}, ""spatial_binding"": {}, ""image_recognition"": {}}"
793,31720,666088,0.8255089402198792,0.5,0.20893166959285736,0,1.9878032207489014,"{""orientation_cued"": 0.693273663520813, ""motion_duration_cued"": 1.3830859661102295, ""krauzlis_cued_motion"": 0.6659621596336365, ""spatial_binding"": 0.691963791847229, ""image_recognition"": 0.6932591199874878}","{""orientation_cued"": 0.5, ""motion_duration_cued"": 0.25, ""krauzlis_cued_motion"": 0.625, ""spatial_binding"": 0.5, ""image_recognition"": 0.625}","{""orientation_cued"": ""orientation_cued_D12"", ""motion_duration_cued"": ""motion_duration_cued_D24"", ""krauzlis_cued_motion"": ""krauzlis_B12"", ""spatial_binding"": ""spatial_binding_D4"", ""image_recognition"": ""image_recognition_N4_H4""}","{""orientation_cued"": {}, ""motion_duration_cued"": {}, ""krauzlis_cued_motion"": {}, ""spatial_binding"": {}, ""image_recognition"": {}}"
794,31760,666744,0.6953066696878523,0.575,0.22527262568473816,0,1.6158275604248047,"{""orientation_cued"": 0.6943774819374084, ""motion_duration_cued"": 1.3800709247589111, ""krauzlis_cued_motion"": 0.7069116830825806, ""spatial_binding"": 0.6937121152877808, ""image_recognition"": 0.001461143372580409}","{""orientation_cued"": 0.5, ""motion_duration_cued"": 0.375, ""krauzlis_cued_motion"": 0.5, ""spatial_binding"": 0.5, ""image_recognition"": 1.0}","{""orientation_cued"": ""orientation_cued_D4"", ""motion_duration_cued"": ""motion_duration_cued_D0"", ""krauzlis_cued_motion"": ""krauzlis_B20"", ""spatial_binding"": ""spatial_binding_D12"", ""image_recognition"": ""image_recognition_N0_H5""}","{""orientation_cued"": {}, ""motion_duration_cued"": {}, ""krauzlis_cued_motion"": {}, ""spatial_binding"": {}, ""image_recognition"": {}}"
795,31800,667616,0.8439010381698608,0.325,0.6948527693748474,0,2.200208902359009,"{""orientation_cued"": 0.7308186292648315, ""motion_duration_cued"": 1.3869059085845947, ""krauzlis_cued_motion"": 0.7080292105674744, ""spatial_binding"": 0.694107711315155, ""image_recognition"": 0.6996437311172485}","{""orientation_cued"": 0.25, ""motion_duration_cued"": 0.125, ""krauzlis_cued_motion"": 0.5, ""spatial_binding"": 0.5, ""image_recognition"": 0.25}","{""orientation_cued"": ""orientation_cued_D0"", ""motion_duration_cued"": ""motion_duration_cued_D12"", ""krauzlis_cued_motion"": ""krauzlis_B28"", ""spatial_binding"": ""spatial_binding_D0"", ""image_recognition"": ""image_recognition_N24_H4""}","{""orientation_cued"": {}, ""motion_duration_cued"": {}, ""krauzlis_cued_motion"": {}, ""spatial_binding"": {}, ""image_recognition"": {}}"
796,31840,668648,0.8187416315078735,0.45,0.6106323599815369,0,2.5830187797546387,"{""orientation_cued"": 0.6987564563751221, ""motion_duration_cued"": 1.3826323747634888, ""krauzlis_cued_motion"": 0.6208509206771851, ""spatial_binding"": 0.6944955587387085, ""image_recognition"": 0.6969728469848633}","{""orientation_cued"": 0.25, ""motion_duration_cued"": 0.25, ""krauzlis_cued_motion"": 0.75, ""spatial_binding"": 0.5, ""image_recognition"": 0.5}","{""orientation_cued"": ""orientation_cued_D24"", ""motion_duration_cued"": ""motion_duration_cued_D4"", ""krauzlis_cued_motion"": ""krauzlis_B20"", ""spatial_binding"": ""spatial_binding_D24"", ""image_recognition"": ""image_recognition_N12_H4""}","{""orientation_cued"": {}, ""motion_duration_cued"": {}, ""krauzlis_cued_motion"": {}, ""spatial_binding"": {}, ""image_recognition"": {}}"
797,31880,669480,0.8414377689361572,0.5,0.3666195273399353,0,2.1914570331573486,"{""orientation_cued"": 0.6930235028266907, ""motion_duration_cued"": 1.3796780109405518, ""krauzlis_cued_motion"": 0.7553740739822388, ""spatial_binding"": 0.6923753023147583, ""image_recognition"": 0.6867379546165466}","{""orientation_cued"": 0.5, ""motion_duration_cued"": 0.375, ""krauzlis_cued_motion"": 0.375, ""spatial_binding"": 0.5, ""image_recognition"": 0.75}","{""orientation_cued"": ""orientation_cued_D12"", ""motion_duration_cued"": ""motion_duration_cued_D0"", ""krauzlis_cued_motion"": ""krauzlis_B12"", ""spatial_binding"": ""spatial_binding_D12"", ""image_recognition"": ""image_recognition_N24_H3""}","{""orientation_cued"": {}, ""motion_duration_cued"": {}, ""krauzlis_cued_motion"": {}, ""spatial_binding"": {}, ""image_recognition"": {}}"
798,31920,670360,0.8556087136268615,0.375,0.5858727693557739,0,2.239051103591919,"{""orientation_cued"": 0.6932785511016846, ""motion_duration_cued"": 1.391537070274353, ""krauzlis_cued_motion"": 0.8023940324783325, ""spatial_binding"": 0.6936033368110657, ""image_recognition"": 0.6972305774688721}","{""orientation_cued"": 0.5, ""motion_duration_cued"": 0.125, ""krauzlis_cued_motion"": 0.25, ""spatial_binding"": 0.5, ""image_recognition"": 0.5}","{""orientation_cued"": ""orientation_cued_D24"", ""motion_duration_cued"": ""motion_duration_cued_D4"", ""krauzlis_cued_motion"": ""krauzlis_B28"", ""spatial_binding"": ""spatial_binding_D4"", ""image_recognition"": ""image_recognition_N4_H5""}","{""orientation_cued"": {}, ""motion_duration_cued"": {}, ""krauzlis_cued_motion"": {}, ""spatial_binding"": {}, ""image_recognition"": {}}"
799,31960,671320,0.8268884062767029,0.5,0.28363147377967834,0,2.332850217819214,"{""orientation_cued"": 0.6961843967437744, ""motion_duration_cued"": 1.3835841417312622, ""krauzlis_cued_motion"": 0.6642403602600098, ""spatial_binding"": 0.6929993033409119, ""image_recognition"": 0.6974338293075562}","{""orientation_cued"": 0.5, ""motion_duration_cued"": 0.25, ""krauzlis_cued_motion"": 0.625, ""spatial_binding"": 0.5, ""image_recognition"": 0.625}","{""orientation_cued"": ""orientation_cued_D0"", ""motion_duration_cued"": ""motion_duration_cued_D12"", ""krauzlis_cued_motion"": ""krauzlis_B28"", ""spatial_binding"": ""spatial_binding_D24"", ""image_recognition"": ""image_recognition_N12_H3""}","{""orientation_cued"": {}, ""motion_duration_cued"": {}, ""krauzlis_cued_motion"": {}, ""spatial_binding"": {}, ""image_recognition"": {}}"
800,32000,672104,0.8440735816955567,0.4,0.3685123920440674,0,1.9051849842071533,"{""orientation_cued"": 0.6930341720581055, ""motion_duration_cued"": 1.3901420831680298, ""krauzlis_cued_motion"": 0.7522268891334534, ""spatial_binding"": 0.6948769092559814, ""image_recognition"": 0.6900878548622131}","{""orientation_cued"": 0.5, ""motion_duration_cued"": 0.0, ""krauzlis_cued_motion"": 0.375, ""spatial_binding"": 0.5, ""image_recognition"": 0.625}","{""orientation_cued"": ""orientation_cued_D4"", ""motion_duration_cued"": ""motion_duration_cued_D24"", ""krauzlis_cued_motion"": ""krauzlis_B12"", ""spatial_binding"": ""spatial_binding_D0"", ""image_recognition"": ""image_recognition_N12_H5""}","{""orientation_cued"": {}, ""motion_duration_cued"": {}, ""krauzlis_cued_motion"": {}, ""spatial_binding"": {}, ""image_recognition"": {}}"
801,32040,673000,0.6851630812976509,0.625,0.4510502815246582,0,3.3122169971466064,"{""orientation_cued"": 0.6933943629264832, ""motion_duration_cued"": 1.3719850778579712, ""krauzlis_cued_motion"": 0.6654529571533203, ""spatial_binding"": 0.69364333152771, ""image_recognition"": 0.0013396770227700472}","{""orientation_cued"": 0.5, ""motion_duration_cued"": 0.5, ""krauzlis_cued_motion"": 0.625, ""spatial_binding"": 0.5, ""image_recognition"": 1.0}","{""orientation_cued"": ""orientation_cued_D12"", ""motion_duration_cued"": ""motion_duration_cued_D24"", ""krauzlis_cued_motion"": ""krauzlis_B20"", ""spatial_binding"": ""spatial_binding_D12"", ""image_recognition"": ""image_recognition_N0_H3""}","{""orientation_cued"": {}, ""motion_duration_cued"": {}, ""krauzlis_cued_motion"": {}, ""spatial_binding"": {}, ""image_recognition"": {}}"
802,32080,673584,0.708518622489646,0.475,0.55716872215271,0,1.4232375621795654,"{""orientation_cued"": 0.6933690905570984, ""motion_duration_cued"": 1.4067796468734741, ""krauzlis_cued_motion"": 0.7465741038322449, ""spatial_binding"": 0.6938113570213318, ""image_recognition"": 0.002058914164081216}","{""orientation_cued"": 0.5, ""motion_duration_cued"": 0.0, ""krauzlis_cued_motion"": 0.375, ""spatial_binding"": 0.5, ""image_recognition"": 1.0}","{""orientation_cued"": ""orientation_cued_D0"", ""motion_duration_cued"": ""motion_duration_cued_D12"", ""krauzlis_cued_motion"": ""krauzlis_B12"", ""spatial_binding"": ""spatial_binding_D4"", ""image_recognition"": ""image_recognition_N0_H4""}","{""orientation_cued"": {}, ""motion_duration_cued"": {}, ""krauzlis_cued_motion"": {}, ""spatial_binding"": {}, ""image_recognition"": {}}"
803,32120,674352,0.8296175837516785,0.425,0.3079357147216797,0,1.8394458293914795,"{""orientation_cued"": 0.6934460997581482, ""motion_duration_cued"": 1.393280267715454, ""krauzlis_cued_motion"": 0.6667534112930298, ""spatial_binding"": 0.6921427845954895, ""image_recognition"": 0.7024653553962708}","{""orientation_cued"": 0.5, ""motion_duration_cued"": 0.125, ""krauzlis_cued_motion"": 0.625, ""spatial_binding"": 0.5, ""image_recognition"": 0.375}","{""orientation_cued"": ""orientation_cued_D24"", ""motion_duration_cued"": ""motion_duration_cued_D4"", ""krauzlis_cued_motion"": ""krauzlis_B20"", ""spatial_binding"": ""spatial_binding_D0"", ""image_recognition"": ""image_recognition_N4_H3""}","{""orientation_cued"": {}, ""motion_duration_cued"": {}, ""krauzlis_cued_motion"": {}, ""spatial_binding"": {}, ""image_recognition"": {}}"
804,32160,675360,0.8254379749298095,0.525,0.2809425890445709,0,2.4312222003936768,"{""orientation_cued"": 0.6930168867111206, ""motion_duration_cued"": 1.3789618015289307, ""krauzlis_cued_motion"": 0.6673354506492615, ""spatial_binding"": 0.6935709118843079, ""image_recognition"": 0.6943048238754272}","{""orientation_cued"": 0.5, ""motion_duration_cued"": 0.375, ""krauzlis_cued_motion"": 0.625, ""spatial_binding"": 0.5, ""image_recognition"": 0.625}","{""orientation_cued"": ""orientation_cued_D4"", ""motion_duration_cued"": ""motion_duration_cued_D0"", ""krauzlis_cued_motion"": ""krauzlis_B28"", ""spatial_binding"": ""spatial_binding_D24"", ""image_recognition"": ""image_recognition_N24_H5""}","{""orientation_cued"": {}, ""motion_duration_cued"": {}, ""krauzlis_cued_motion"": {}, ""spatial_binding"": {}, ""image_recognition"": {}}"
805,32200,676040,0.8298628211021424,0.4,0.143191397190094,0,1.6561243534088135,"{""orientation_cued"": 0.6925574541091919, ""motion_duration_cued"": 1.3868396282196045, ""krauzlis_cued_motion"": 0.6680574417114258, ""spatial_binding"": 0.6935604810714722, ""image_recognition"": 0.7082991003990173}","{""orientation_cued"": 0.5, ""motion_duration_cued"": 0.25, ""krauzlis_cued_motion"": 0.625, ""spatial_binding"": 0.5, ""image_recognition"": 0.125}","{""orientation_cued"": ""orientation_cued_D12"", ""motion_duration_cued"": ""motion_duration_cued_D0"", ""krauzlis_cued_motion"": ""krauzlis_B12"", ""spatial_binding"": ""spatial_binding_D12"", ""image_recognition"": ""image_recognition_N4_H4""}","{""orientation_cued"": {}, ""motion_duration_cued"": {}, ""krauzlis_cued_motion"": {}, ""spatial_binding"": {}, ""image_recognition"": {}}"
806,32240,677032,0.823503029346466,0.55,0.16155266761779785,0,2.3842790126800537,"{""orientation_cued"": 0.6939147710800171, ""motion_duration_cued"": 1.3866699934005737, ""krauzlis_cued_motion"": 0.6683609485626221, ""spatial_binding"": 0.6909893751144409, ""image_recognition"": 0.6775800585746765}","{""orientation_cued"": 0.5, ""motion_duration_cued"": 0.25, ""krauzlis_cued_motion"": 0.625, ""spatial_binding"": 0.5, ""image_recognition"": 0.875}","{""orientation_cued"": ""orientation_cued_D24"", ""motion_duration_cued"": ""motion_duration_cued_D24"", ""krauzlis_cued_motion"": ""krauzlis_B28"", ""spatial_binding"": ""spatial_binding_D0"", ""image_recognition"": ""image_recognition_N4_H3""}","{""orientation_cued"": {}, ""motion_duration_cued"": {}, ""krauzlis_cued_motion"": {}, ""spatial_binding"": {}, ""image_recognition"": {}}"
807,32280,677880,0.8223764538764954,0.6,0.491329550743103,0,2.066141366958618,"{""orientation_cued"": 0.6899678707122803, ""motion_duration_cued"": 1.3846300840377808, ""krauzlis_cued_motion"": 0.6687295436859131, ""spatial_binding"": 0.6934782862663269, ""image_recognition"": 0.6750764846801758}","{""orientation_cued"": 0.75, ""motion_duration_cued"": 0.375, ""krauzlis_cued_motion"": 0.625, ""spatial_binding"": 0.5, ""image_recognition"": 0.75}","{""orientation_cued"": ""orientation_cued_D0"", ""motion_duration_cued"": ""motion_duration_cued_D12"", ""krauzlis_cued_motion"": ""krauzlis_B20"", ""spatial_binding"": ""spatial_binding_D4"", ""image_recognition"": ""image_recognition_N24_H5""}","{""orientation_cued"": {}, ""motion_duration_cued"": {}, ""krauzlis_cued_motion"": {}, ""spatial_binding"": {}, ""image_recognition"": {}}"
808,32320,678696,0.8266988515853881,0.55,0.45876893401145935,0,2.0811684131622314,"{""orientation_cued"": 0.691741406917572, ""motion_duration_cued"": 1.3889896869659424, ""krauzlis_cued_motion"": 0.6687142252922058, ""spatial_binding"": 0.6939136981964111, ""image_recognition"": 0.6901352405548096}","{""orientation_cued"": 0.75, ""motion_duration_cued"": 0.375, ""krauzlis_cued_motion"": 0.625, ""spatial_binding"": 0.5, ""image_recognition"": 0.5}","{""orientation_cued"": ""orientation_cued_D4"", ""motion_duration_cued"": ""motion_duration_cued_D4"", ""krauzlis_cued_motion"": ""krauzlis_B12"", ""spatial_binding"": ""spatial_binding_D24"", ""image_recognition"": ""image_recognition_N12_H5""}","{""orientation_cued"": {}, ""motion_duration_cued"": {}, ""krauzlis_cued_motion"": {}, ""spatial_binding"": {}, ""image_recognition"": {}}"
809,32360,679536,0.8281213521957398,0.5,0.31361111998558044,0,2.1149649620056152,"{""orientation_cued"": 0.6914981007575989, ""motion_duration_cued"": 1.3896653652191162, ""krauzlis_cued_motion"": 0.6689610481262207, ""spatial_binding"": 0.6908783912658691, ""image_recognition"": 0.6996038556098938}","{""orientation_cued"": 0.625, ""motion_duration_cued"": 0.25, ""krauzlis_cued_motion"": 0.625, ""spatial_binding"": 0.5, ""image_recognition"": 0.5}","{""orientation_cued"": ""orientation_cued_D4"", ""motion_duration_cued"": ""motion_duration_cued_D12"", ""krauzlis_cued_motion"": ""krauzlis_B20"", ""spatial_binding"": ""spatial_binding_D0"", ""image_recognition"": ""image_recognition_N24_H4""}","{""orientation_cued"": {}, ""motion_duration_cued"": {}, ""krauzlis_cued_motion"": {}, ""spatial_binding"": {}, ""image_recognition"": {}}"
810,32400,680480,0.8344301462173462,0.45,0.3634558916091919,0,2.3968966007232666,"{""orientation_cued"": 0.7017143368721008, ""motion_duration_cued"": 1.3838669061660767, ""krauzlis_cued_motion"": 0.7019732594490051, ""spatial_binding"": 0.6928678154945374, ""image_recognition"": 0.691728413105011}","{""orientation_cued"": 0.375, ""motion_duration_cued"": 0.25, ""krauzlis_cued_motion"": 0.5, ""spatial_binding"": 0.5, ""image_recognition"": 0.625}","{""orientation_cued"": ""orientation_cued_D12"", ""motion_duration_cued"": ""motion_duration_cued_D24"", ""krauzlis_cued_motion"": ""krauzlis_B28"", ""spatial_binding"": ""spatial_binding_D4"", ""image_recognition"": ""image_recognition_N4_H5""}","{""orientation_cued"": {}, ""motion_duration_cued"": {}, ""krauzlis_cued_motion"": {}, ""spatial_binding"": {}, ""image_recognition"": {}}"
811,32440,681384,0.8315330982208252,0.5,0.14477300643920898,0,2.2079827785491943,"{""orientation_cued"": 0.6941542029380798, ""motion_duration_cued"": 1.3862740993499756, ""krauzlis_cued_motion"": 0.7023938298225403, ""spatial_binding"": 0.6933305859565735, ""image_recognition"": 0.6815127730369568}","{""orientation_cued"": 0.5, ""motion_duration_cued"": 0.25, ""krauzlis_cued_motion"": 0.5, ""spatial_binding"": 0.375, ""image_recognition"": 0.875}","{""orientation_cued"": ""orientation_cued_D0"", ""motion_duration_cued"": ""motion_duration_cued_D4"", ""krauzlis_cued_motion"": ""krauzlis_B28"", ""spatial_binding"": ""spatial_binding_D24"", ""image_recognition"": ""image_recognition_N12_H4""}","{""orientation_cued"": {}, ""motion_duration_cued"": {}, ""krauzlis_cued_motion"": {}, ""spatial_binding"": {}, ""image_recognition"": {}}"
812,32480,682216,0.8313751339912414,0.475,0.13775335252285004,0,2.0139544010162354,"{""orientation_cued"": 0.6939554214477539, ""motion_duration_cued"": 1.3869545459747314, ""krauzlis_cued_motion"": 0.7019863724708557, ""spatial_binding"": 0.6933279037475586, ""image_recognition"": 0.6806514263153076}","{""orientation_cued"": 0.5, ""motion_duration_cued"": 0.25, ""krauzlis_cued_motion"": 0.5, ""spatial_binding"": 0.375, ""image_recognition"": 0.75}","{""orientation_cued"": ""orientation_cued_D24"", ""motion_duration_cued"": ""motion_duration_cued_D0"", ""krauzlis_cued_motion"": ""krauzlis_B12"", ""spatial_binding"": ""spatial_binding_D12"", ""image_recognition"": ""image_recognition_N12_H3""}","{""orientation_cued"": {}, ""motion_duration_cued"": {}, ""krauzlis_cued_motion"": {}, ""spatial_binding"": {}, ""image_recognition"": {}}"
813,32520,683112,0.7073906378820538,0.45,0.5651676654815674,0,2.18404483795166,"{""orientation_cued"": 0.7143411636352539, ""motion_duration_cued"": 1.392926812171936, ""krauzlis_cued_motion"": 0.7341572642326355, ""spatial_binding"": 0.6923525929450989, ""image_recognition"": 0.003175356425344944}","{""orientation_cued"": 0.25, ""motion_duration_cued"": 0.125, ""krauzlis_cued_motion"": 0.375, ""spatial_binding"": 0.5, ""image_recognition"": 1.0}","{""orientation_cued"": ""orientation_cued_D24"", ""motion_duration_cued"": ""motion_duration_cued_D0"", ""krauzlis_cued_motion"": ""krauzlis_B20"", ""spatial_binding"": ""spatial_binding_D24"", ""image_recognition"": ""image_recognition_N0_H3""}","{""orientation_cued"": {}, ""motion_duration_cued"": {}, ""krauzlis_cued_motion"": {}, ""spatial_binding"": {}, ""image_recognition"": {}}"
814,32560,683912,0.8252593159675599,0.475,0.5881772041320801,0,1.9264118671417236,"{""orientation_cued"": 0.7168741226196289, ""motion_duration_cued"": 1.39127516746521, ""krauzlis_cued_motion"": 0.6390260457992554, ""spatial_binding"": 0.6932643055915833, ""image_recognition"": 0.6858569383621216}","{""orientation_cued"": 0.25, ""motion_duration_cued"": 0.125, ""krauzlis_cued_motion"": 0.75, ""spatial_binding"": 0.5, ""image_recognition"": 0.75}","{""orientation_cued"": ""orientation_cued_D0"", ""motion_duration_cued"": ""motion_duration_cued_D12"", ""krauzlis_cued_motion"": ""krauzlis_B20"", ""spatial_binding"": ""spatial_binding_D0"", ""image_recognition"": ""image_recognition_N24_H3""}","{""orientation_cued"": {}, ""motion_duration_cued"": {}, ""krauzlis_cued_motion"": {}, ""spatial_binding"": {}, ""image_recognition"": {}}"
815,32600,684688,0.6776518993079662,0.65,0.5711315274238586,0,1.882904052734375,"{""orientation_cued"": 0.6932985782623291, ""motion_duration_cued"": 1.3857994079589844, ""krauzlis_cued_motion"": 0.6088042855262756, ""spatial_binding"": 0.6924521923065186, ""image_recognition"": 0.007905032485723495}","{""orientation_cued"": 0.5, ""motion_duration_cued"": 0.375, ""krauzlis_cued_motion"": 0.875, ""spatial_binding"": 0.5, ""image_recognition"": 1.0}","{""orientation_cued"": ""orientation_cued_D4"", ""motion_duration_cued"": ""motion_duration_cued_D24"", ""krauzlis_cued_motion"": ""krauzlis_B12"", ""spatial_binding"": ""spatial_binding_D12"", ""image_recognition"": ""image_recognition_N0_H4""}","{""orientation_cued"": {}, ""motion_duration_cued"": {}, ""krauzlis_cued_motion"": {}, ""spatial_binding"": {}, ""image_recognition"": {}}"
816,32640,685440,0.6903897310607136,0.575,0.4188438355922699,0,1.8419592380523682,"{""orientation_cued"": 0.6935861110687256, ""motion_duration_cued"": 1.3900713920593262, ""krauzlis_cued_motion"": 0.6693860292434692, ""spatial_binding"": 0.6922864317893982, ""image_recognition"": 0.0066186911426484585}","{""orientation_cued"": 0.5, ""motion_duration_cued"": 0.25, ""krauzlis_cued_motion"": 0.625, ""spatial_binding"": 0.5, ""image_recognition"": 1.0}","{""orientation_cued"": ""orientation_cued_D12"", ""motion_duration_cued"": ""motion_duration_cued_D4"", ""krauzlis_cued_motion"": ""krauzlis_B28"", ""spatial_binding"": ""spatial_binding_D4"", ""image_recognition"": ""image_recognition_N0_H5""}","{""orientation_cued"": {}, ""motion_duration_cued"": {}, ""krauzlis_cued_motion"": {}, ""spatial_binding"": {}, ""image_recognition"": {}}"
817,32680,686152,0.8332059741020202,0.375,0.4160592555999756,0,1.7207465171813965,"{""orientation_cued"": 0.704098105430603, ""motion_duration_cued"": 1.3926663398742676, ""krauzlis_cued_motion"": 0.6688636541366577, ""spatial_binding"": 0.692812979221344, ""image_recognition"": 0.707588791847229}","{""orientation_cued"": 0.375, ""motion_duration_cued"": 0.125, ""krauzlis_cued_motion"": 0.625, ""spatial_binding"": 0.375, ""image_recognition"": 0.375}","{""orientation_cued"": ""orientation_cued_D0"", ""motion_duration_cued"": ""motion_duration_cued_D4"", ""krauzlis_cued_motion"": ""krauzlis_B28"", ""spatial_binding"": ""spatial_binding_D0"", ""image_recognition"": ""image_recognition_N12_H4""}","{""orientation_cued"": {}, ""motion_duration_cued"": {}, ""krauzlis_cued_motion"": {}, ""spatial_binding"": {}, ""image_recognition"": {}}"
818,32720,687176,0.8310028195381165,0.4,0.4572659432888031,0,2.4887607097625732,"{""orientation_cued"": 0.7004324793815613, ""motion_duration_cued"": 1.3941758871078491, ""krauzlis_cued_motion"": 0.668190062046051, ""spatial_binding"": 0.6925199031829834, ""image_recognition"": 0.6996957659721375}","{""orientation_cued"": 0.375, ""motion_duration_cued"": 0.0, ""krauzlis_cued_motion"": 0.625, ""spatial_binding"": 0.5, ""image_recognition"": 0.5}","{""orientation_cued"": ""orientation_cued_D24"", ""motion_duration_cued"": ""motion_duration_cued_D12"", ""krauzlis_cued_motion"": ""krauzlis_B12"", ""spatial_binding"": ""spatial_binding_D24"", ""image_recognition"": ""image_recognition_N12_H3""}","{""orientation_cued"": {}, ""motion_duration_cued"": {}, ""krauzlis_cued_motion"": {}, ""spatial_binding"": {}, ""image_recognition"": {}}"
819,32760,687768,0.6875617915065959,0.575,0.3336718678474426,0,1.4447286128997803,"{""orientation_cued"": 0.6970183253288269, ""motion_duration_cued"": 1.3794060945510864, ""krauzlis_cued_motion"": 0.6673929691314697, ""spatial_binding"": 0.6921706199645996, ""image_recognition"": 0.001820948556996882}","{""orientation_cued"": 0.375, ""motion_duration_cued"": 0.375, ""krauzlis_cued_motion"": 0.625, ""spatial_binding"": 0.5, ""image_recognition"": 1.0}","{""orientation_cued"": ""orientation_cued_D4"", ""motion_duration_cued"": ""motion_duration_cued_D0"", ""krauzlis_cued_motion"": ""krauzlis_B20"", ""spatial_binding"": ""spatial_binding_D4"", ""image_recognition"": ""image_recognition_N0_H5""}","{""orientation_cued"": {}, ""motion_duration_cued"": {}, ""krauzlis_cued_motion"": {}, ""spatial_binding"": {}, ""image_recognition"": {}}"
820,32800,688800,0.8296161890029907,0.525,0.3352716565132141,0,2.526686191558838,"{""orientation_cued"": 0.688666820526123, ""motion_duration_cued"": 1.383244276046753, ""krauzlis_cued_motion"": 0.7042047381401062, ""spatial_binding"": 0.69380784034729, ""image_recognition"": 0.6781572699546814}","{""orientation_cued"": 0.625, ""motion_duration_cued"": 0.375, ""krauzlis_cued_motion"": 0.5, ""spatial_binding"": 0.5, ""image_recognition"": 0.625}","{""orientation_cued"": ""orientation_cued_D12"", ""motion_duration_cued"": ""motion_duration_cued_D24"", ""krauzlis_cued_motion"": ""krauzlis_B12"", ""spatial_binding"": ""spatial_binding_D12"", ""image_recognition"": ""image_recognition_N24_H4""}","{""orientation_cued"": {}, ""motion_duration_cued"": {}, ""krauzlis_cued_motion"": {}, ""spatial_binding"": {}, ""image_recognition"": {}}"
821,32840,689448,0.7026531273964792,0.575,0.48030486702919006,0,1.6833882331848145,"{""orientation_cued"": 0.6892536282539368, ""motion_duration_cued"": 1.3842980861663818, ""krauzlis_cued_motion"": 0.7438517808914185, ""spatial_binding"": 0.6939249634742737, ""image_recognition"": 0.0019371781963855028}","{""orientation_cued"": 0.75, ""motion_duration_cued"": 0.375, ""krauzlis_cued_motion"": 0.375, ""spatial_binding"": 0.375, ""image_recognition"": 1.0}","{""orientation_cued"": ""orientation_cued_D4"", ""motion_duration_cued"": ""motion_duration_cued_D12"", ""krauzlis_cued_motion"": ""krauzlis_B20"", ""spatial_binding"": ""spatial_binding_D0"", ""image_recognition"": ""image_recognition_N0_H4""}","{""orientation_cued"": {}, ""motion_duration_cued"": {}, ""krauzlis_cued_motion"": {}, ""spatial_binding"": {}, ""image_recognition"": {}}"
822,32880,690360,0.8443864226341248,0.4,0.5416187644004822,0,2.271801233291626,"{""orientation_cued"": 0.7055257558822632, ""motion_duration_cued"": 1.386991024017334, ""krauzlis_cued_motion"": 0.744097113609314, ""spatial_binding"": 0.6933690309524536, ""image_recognition"": 0.691949188709259}","{""orientation_cued"": 0.25, ""motion_duration_cued"": 0.25, ""krauzlis_cued_motion"": 0.375, ""spatial_binding"": 0.5, ""image_recognition"": 0.625}","{""orientation_cued"": ""orientation_cued_D24"", ""motion_duration_cued"": ""motion_duration_cued_D0"", ""krauzlis_cued_motion"": ""krauzlis_B28"", ""spatial_binding"": ""spatial_binding_D4"", ""image_recognition"": ""image_recognition_N12_H5""}","{""orientation_cued"": {}, ""motion_duration_cued"": {}, ""krauzlis_cued_motion"": {}, ""spatial_binding"": {}, ""image_recognition"": {}}"
823,32920,691512,0.8237186908721924,0.525,0.2906617820262909,0,2.9106521606445312,"{""orientation_cued"": 0.68755042552948, ""motion_duration_cued"": 1.3830839395523071, ""krauzlis_cued_motion"": 0.666611909866333, ""spatial_binding"": 0.6925363540649414, ""image_recognition"": 0.6888108253479004}","{""orientation_cued"": 0.625, ""motion_duration_cued"": 0.375, ""krauzlis_cued_motion"": 0.625, ""spatial_binding"": 0.5, ""image_recognition"": 0.5}","{""orientation_cued"": ""orientation_cued_D0"", ""motion_duration_cued"": ""motion_duration_cued_D24"", ""krauzlis_cued_motion"": ""krauzlis_B28"", ""spatial_binding"": ""spatial_binding_D24"", ""image_recognition"": ""image_recognition_N24_H3""}","{""orientation_cued"": {}, ""motion_duration_cued"": {}, ""krauzlis_cued_motion"": {}, ""spatial_binding"": {}, ""image_recognition"": {}}"
824,32960,692456,0.8349234700202942,0.475,0.293987512588501,0,2.420250415802002,"{""orientation_cued"": 0.690245509147644, ""motion_duration_cued"": 1.3889707326889038, ""krauzlis_cued_motion"": 0.7039855718612671, ""spatial_binding"": 0.6935203075408936, ""image_recognition"": 0.6978952288627625}","{""orientation_cued"": 0.625, ""motion_duration_cued"": 0.25, ""krauzlis_cued_motion"": 0.5, ""spatial_binding"": 0.5, ""image_recognition"": 0.5}","{""orientation_cued"": ""orientation_cued_D12"", ""motion_duration_cued"": ""motion_duration_cued_D4"", ""krauzlis_cued_motion"": ""krauzlis_B20"", ""spatial_binding"": ""spatial_binding_D12"", ""image_recognition"": ""image_recognition_N24_H5""}","{""orientation_cued"": {}, ""motion_duration_cued"": {}, ""krauzlis_cued_motion"": {}, ""spatial_binding"": {}, ""image_recognition"": {}}"
825,33000,693272,0.8363491654396057,0.45,0.247883602976799,0,2.0736331939697266,"{""orientation_cued"": 0.6932182312011719, ""motion_duration_cued"": 1.382428765296936, ""krauzlis_cued_motion"": 0.7033926248550415, ""spatial_binding"": 0.6929579973220825, ""image_recognition"": 0.7097482085227966}","{""orientation_cued"": 0.5, ""motion_duration_cued"": 0.375, ""krauzlis_cued_motion"": 0.5, ""spatial_binding"": 0.5, ""image_recognition"": 0.375}","{""orientation_cued"": ""orientation_cued_D24"", ""motion_duration_cued"": ""motion_duration_cued_D4"", ""krauzlis_cued_motion"": ""krauzlis_B12"", ""spatial_binding"": ""spatial_binding_D12"", ""image_recognition"": ""image_recognition_N4_H5""}","{""orientation_cued"": {}, ""motion_duration_cued"": {}, ""krauzlis_cued_motion"": {}, ""spatial_binding"": {}, ""image_recognition"": {}}"
826,33040,693976,0.8295439004898071,0.475,0.27412012219429016,0,1.7356197834014893,"{""orientation_cued"": 0.6941139101982117, ""motion_duration_cued"": 1.3831888437271118, ""krauzlis_cued_motion"": 0.6680635809898376, ""spatial_binding"": 0.6928679943084717, ""image_recognition"": 0.7094851732254028}","{""orientation_cued"": 0.5, ""motion_duration_cued"": 0.25, ""krauzlis_cued_motion"": 0.625, ""spatial_binding"": 0.5, ""image_recognition"": 0.5}","{""orientation_cued"": ""orientation_cued_D0"", ""motion_duration_cued"": ""motion_duration_cued_D24"", ""krauzlis_cued_motion"": ""krauzlis_B12"", ""spatial_binding"": ""spatial_binding_D4"", ""image_recognition"": ""image_recognition_N4_H3""}","{""orientation_cued"": {}, ""motion_duration_cued"": {}, ""krauzlis_cued_motion"": {}, ""spatial_binding"": {}, ""image_recognition"": {}}"
827,33080,694784,0.8233925104141235,0.525,0.3976390063762665,0,2.085491895675659,"{""orientation_cued"": 0.691491961479187, ""motion_duration_cued"": 1.387423038482666, ""krauzlis_cued_motion"": 0.634674072265625, ""spatial_binding"": 0.6950220465660095, ""image_recognition"": 0.7083514332771301}","{""orientation_cued"": 0.625, ""motion_duration_cued"": 0.25, ""krauzlis_cued_motion"": 0.75, ""spatial_binding"": 0.5, ""image_recognition"": 0.5}","{""orientation_cued"": ""orientation_cued_D12"", ""motion_duration_cued"": ""motion_duration_cued_D12"", ""krauzlis_cued_motion"": ""krauzlis_B28"", ""spatial_binding"": ""spatial_binding_D0"", ""image_recognition"": ""image_recognition_N4_H4""}","{""orientation_cued"": {}, ""motion_duration_cued"": {}, ""krauzlis_cued_motion"": {}, ""spatial_binding"": {}, ""image_recognition"": {}}"
828,33120,695520,0.6958222392946481,0.525,0.2995893359184265,0,1.7797725200653076,"{""orientation_cued"": 0.693465530872345, ""motion_duration_cued"": 1.3883326053619385, ""krauzlis_cued_motion"": 0.702373743057251, ""spatial_binding"": 0.6930506229400635, ""image_recognition"": 0.001888694241642952}","{""orientation_cued"": 0.375, ""motion_duration_cued"": 0.25, ""krauzlis_cued_motion"": 0.5, ""spatial_binding"": 0.5, ""image_recognition"": 1.0}","{""orientation_cued"": ""orientation_cued_D4"", ""motion_duration_cued"": ""motion_duration_cued_D0"", ""krauzlis_cued_motion"": ""krauzlis_B20"", ""spatial_binding"": ""spatial_binding_D24"", ""image_recognition"": ""image_recognition_N0_H3""}","{""orientation_cued"": {}, ""motion_duration_cued"": {}, ""krauzlis_cued_motion"": {}, ""spatial_binding"": {}, ""image_recognition"": {}}"
829,33160,696512,0.8155197381973267,0.475,0.46300941705703735,0,2.558485746383667,"{""orientation_cued"": 0.6939139366149902, ""motion_duration_cued"": 1.3863381147384644, ""krauzlis_cued_motion"": 0.600979745388031, ""spatial_binding"": 0.6928250789642334, ""image_recognition"": 0.7035418152809143}","{""orientation_cued"": 0.375, ""motion_duration_cued"": 0.25, ""krauzlis_cued_motion"": 0.875, ""spatial_binding"": 0.5, ""image_recognition"": 0.375}","{""orientation_cued"": ""orientation_cued_D4"", ""motion_duration_cued"": ""motion_duration_cued_D12"", ""krauzlis_cued_motion"": ""krauzlis_B28"", ""spatial_binding"": ""spatial_binding_D12"", ""image_recognition"": ""image_recognition_N24_H3""}","{""orientation_cued"": {}, ""motion_duration_cued"": {}, ""krauzlis_cued_motion"": {}, ""spatial_binding"": {}, ""image_recognition"": {}}"
830,33200,696992,0.8356988668441773,0.4,0.3356463313102722,0,1.2117626667022705,"{""orientation_cued"": 0.7037700414657593, ""motion_duration_cued"": 1.3876144886016846, ""krauzlis_cued_motion"": 0.6683078408241272, ""spatial_binding"": 0.6966091394424438, ""image_recognition"": 0.7221928238868713}","{""orientation_cued"": 0.375, ""motion_duration_cued"": 0.25, ""krauzlis_cued_motion"": 0.625, ""spatial_binding"": 0.5, ""image_recognition"": 0.25}","{""orientation_cued"": ""orientation_cued_D0"", ""motion_duration_cued"": ""motion_duration_cued_D0"", ""krauzlis_cued_motion"": ""krauzlis_B12"", ""spatial_binding"": ""spatial_binding_D0"", ""image_recognition"": ""image_recognition_N4_H3""}","{""orientation_cued"": {}, ""motion_duration_cued"": {}, ""krauzlis_cued_motion"": {}, ""spatial_binding"": {}, ""image_recognition"": {}}"
831,33240,697776,0.8317919254302979,0.5,0.5957106351852417,0,2.0139570236206055,"{""orientation_cued"": 0.6877676844596863, ""motion_duration_cued"": 1.3899112939834595, ""krauzlis_cued_motion"": 0.7035082578659058, ""spatial_binding"": 0.6934515833854675, ""image_recognition"": 0.6843208074569702}","{""orientation_cued"": 0.875, ""motion_duration_cued"": 0.125, ""krauzlis_cued_motion"": 0.5, ""spatial_binding"": 0.5, ""image_recognition"": 0.5}","{""orientation_cued"": ""orientation_cued_D12"", ""motion_duration_cued"": ""motion_duration_cued_D4"", ""krauzlis_cued_motion"": ""krauzlis_B20"", ""spatial_binding"": ""spatial_binding_D4"", ""image_recognition"": ""image_recognition_N12_H5""}","{""orientation_cued"": {}, ""motion_duration_cued"": {}, ""krauzlis_cued_motion"": {}, ""spatial_binding"": {}, ""image_recognition"": {}}"
832,33280,699136,0.8399117469787598,0.35,0.6329435706138611,0,3.3337364196777344,"{""orientation_cued"": 0.7068488001823425, ""motion_duration_cued"": 1.3930131196975708, ""krauzlis_cued_motion"": 0.704511284828186, ""spatial_binding"": 0.693467915058136, ""image_recognition"": 0.7017176151275635}","{""orientation_cued"": 0.125, ""motion_duration_cued"": 0.25, ""krauzlis_cued_motion"": 0.5, ""spatial_binding"": 0.375, ""image_recognition"": 0.5}","{""orientation_cued"": ""orientation_cued_D24"", ""motion_duration_cued"": ""motion_duration_cued_D24"", ""krauzlis_cued_motion"": ""krauzlis_B28"", ""spatial_binding"": ""spatial_binding_D24"", ""image_recognition"": ""image_recognition_N24_H5""}","{""orientation_cued"": {}, ""motion_duration_cued"": {}, ""krauzlis_cued_motion"": {}, ""spatial_binding"": {}, ""image_recognition"": {}}"
833,33320,700072,0.8505625486373901,0.35,0.6083611845970154,0,2.2714996337890625,"{""orientation_cued"": 0.6971954703330994, ""motion_duration_cued"": 1.3942952156066895, ""krauzlis_cued_motion"": 0.7805278301239014, ""spatial_binding"": 0.6934462785720825, ""image_recognition"": 0.687347948551178}","{""orientation_cued"": 0.375, ""motion_duration_cued"": 0.125, ""krauzlis_cued_motion"": 0.25, ""spatial_binding"": 0.5, ""image_recognition"": 0.5}","{""orientation_cued"": ""orientation_cued_D12"", ""motion_duration_cued"": ""motion_duration_cued_D0"", ""krauzlis_cued_motion"": ""krauzlis_B12"", ""spatial_binding"": ""spatial_binding_D24"", ""image_recognition"": ""image_recognition_N24_H4""}","{""orientation_cued"": {}, ""motion_duration_cued"": {}, ""krauzlis_cued_motion"": {}, ""spatial_binding"": {}, ""image_recognition"": {}}"
834,33360,700872,0.8535276293754578,0.35,0.5502644181251526,0,1.9283685684204102,"{""orientation_cued"": 0.6955183744430542, ""motion_duration_cued"": 1.3971747159957886, ""krauzlis_cued_motion"": 0.7771798372268677, ""spatial_binding"": 0.6984090209007263, ""image_recognition"": 0.699356198310852}","{""orientation_cued"": 0.375, ""motion_duration_cued"": 0.125, ""krauzlis_cued_motion"": 0.25, ""spatial_binding"": 0.5, ""image_recognition"": 0.5}","{""orientation_cued"": ""orientation_cued_D0"", ""motion_duration_cued"": ""motion_duration_cued_D24"", ""krauzlis_cued_motion"": ""krauzlis_B20"", ""spatial_binding"": ""spatial_binding_D0"", ""image_recognition"": ""image_recognition_N12_H3""}","{""orientation_cued"": {}, ""motion_duration_cued"": {}, ""krauzlis_cued_motion"": {}, ""spatial_binding"": {}, ""image_recognition"": {}}"
835,33400,701808,0.8332500338554383,0.35,0.3880689740180969,0,2.276120185852051,"{""orientation_cued"": 0.6931129097938538, ""motion_duration_cued"": 1.3972142934799194, ""krauzlis_cued_motion"": 0.668332040309906, ""spatial_binding"": 0.692371666431427, ""image_recognition"": 0.715219259262085}","{""orientation_cued"": 0.5, ""motion_duration_cued"": 0.0, ""krauzlis_cued_motion"": 0.625, ""spatial_binding"": 0.375, ""image_recognition"": 0.25}","{""orientation_cued"": ""orientation_cued_D24"", ""motion_duration_cued"": ""motion_duration_cued_D12"", ""krauzlis_cued_motion"": ""krauzlis_B28"", ""spatial_binding"": ""spatial_binding_D4"", ""image_recognition"": ""image_recognition_N4_H4""}","{""orientation_cued"": {}, ""motion_duration_cued"": {}, ""krauzlis_cued_motion"": {}, ""spatial_binding"": {}, ""image_recognition"": {}}"
836,33440,702480,0.6890857674181461,0.55,0.3541755974292755,0,1.6423022747039795,"{""orientation_cued"": 0.6929187774658203, ""motion_duration_cued"": 1.3892561197280884, ""krauzlis_cued_motion"": 0.6691272258758545, ""spatial_binding"": 0.6926875710487366, ""image_recognition"": 0.0014391429722309113}","{""orientation_cued"": 0.5, ""motion_duration_cued"": 0.125, ""krauzlis_cued_motion"": 0.625, ""spatial_binding"": 0.5, ""image_recognition"": 1.0}","{""orientation_cued"": ""orientation_cued_D4"", ""motion_duration_cued"": ""motion_duration_cued_D4"", ""krauzlis_cued_motion"": ""krauzlis_B20"", ""spatial_binding"": ""spatial_binding_D12"", ""image_recognition"": ""image_recognition_N0_H3""}","{""orientation_cued"": {}, ""motion_duration_cued"": {}, ""krauzlis_cued_motion"": {}, ""spatial_binding"": {}, ""image_recognition"": {}}"
837,33480,703328,0.6958294199081138,0.525,0.3477194607257843,0,2.0398967266082764,"{""orientation_cued"": 0.6934943199157715, ""motion_duration_cued"": 1.3911333084106445, ""krauzlis_cued_motion"": 0.7004320621490479, ""spatial_binding"": 0.6930187344551086, ""image_recognition"": 0.0010686746099963784}","{""orientation_cued"": 0.25, ""motion_duration_cued"": 0.375, ""krauzlis_cued_motion"": 0.5, ""spatial_binding"": 0.5, ""image_recognition"": 1.0}","{""orientation_cued"": ""orientation_cued_D12"", ""motion_duration_cued"": ""motion_duration_cued_D12"", ""krauzlis_cued_motion"": ""krauzlis_B12"", ""spatial_binding"": ""spatial_binding_D24"", ""image_recognition"": ""image_recognition_N0_H5""}","{""orientation_cued"": {}, ""motion_duration_cued"": {}, ""krauzlis_cued_motion"": {}, ""spatial_binding"": {}, ""image_recognition"": {}}"
838,33520,704040,0.8271704196929932,0.475,0.3668290972709656,0,1.736905574798584,"{""orientation_cued"": 0.692220151424408, ""motion_duration_cued"": 1.3909142017364502, ""krauzlis_cued_motion"": 0.670670211315155, ""spatial_binding"": 0.6941642165184021, ""image_recognition"": 0.6878833174705505}","{""orientation_cued"": 0.625, ""motion_duration_cued"": 0.125, ""krauzlis_cued_motion"": 0.625, ""spatial_binding"": 0.5, ""image_recognition"": 0.5}","{""orientation_cued"": ""orientation_cued_D4"", ""motion_duration_cued"": ""motion_duration_cued_D0"", ""krauzlis_cued_motion"": ""krauzlis_B28"", ""spatial_binding"": ""spatial_binding_D0"", ""image_recognition"": ""image_recognition_N12_H4""}","{""orientation_cued"": {}, ""motion_duration_cued"": {}, ""krauzlis_cued_motion"": {}, ""spatial_binding"": {}, ""image_recognition"": {}}"
839,33560,704856,0.8174218773841858,0.5,0.5281239748001099,0,1.9642634391784668,"{""orientation_cued"": 0.6929935812950134, ""motion_duration_cued"": 1.387799620628357, ""krauzlis_cued_motion"": 0.6149098873138428, ""spatial_binding"": 0.6932964324951172, ""image_recognition"": 0.6981098651885986}","{""orientation_cued"": 0.5, ""motion_duration_cued"": 0.125, ""krauzlis_cued_motion"": 0.875, ""spatial_binding"": 0.5, ""image_recognition"": 0.5}","{""orientation_cued"": ""orientation_cued_D24"", ""motion_duration_cued"": ""motion_duration_cued_D4"", ""krauzlis_cued_motion"": ""krauzlis_B20"", ""spatial_binding"": ""spatial_binding_D4"", ""image_recognition"": ""image_recognition_N4_H5""}","{""orientation_cued"": {}, ""motion_duration_cued"": {}, ""krauzlis_cued_motion"": {}, ""spatial_binding"": {}, ""image_recognition"": {}}"
840,33600,705600,0.6911390995141119,0.575,0.2908569574356079,0,1.815824031829834,"{""orientation_cued"": 0.6926077008247375, ""motion_duration_cued"": 1.397399663925171, ""krauzlis_cued_motion"": 0.6708097457885742, ""spatial_binding"": 0.6928816437721252, ""image_recognition"": 0.0019967432599514723}","{""orientation_cued"": 0.625, ""motion_duration_cued"": 0.125, ""krauzlis_cued_motion"": 0.625, ""spatial_binding"": 0.5, ""image_recognition"": 1.0}","{""orientation_cued"": ""orientation_cued_D0"", ""motion_duration_cued"": ""motion_duration_cued_D24"", ""krauzlis_cued_motion"": ""krauzlis_B12"", ""spatial_binding"": ""spatial_binding_D12"", ""image_recognition"": ""image_recognition_N0_H4""}","{""orientation_cued"": {}, ""motion_duration_cued"": {}, ""krauzlis_cued_motion"": {}, ""spatial_binding"": {}, ""image_recognition"": {}}"
841,33640,706464,0.8454117894172668,0.375,0.43121787905693054,0,2.094388008117676,"{""orientation_cued"": 0.6938374042510986, ""motion_duration_cued"": 1.3865865468978882, ""krauzlis_cued_motion"": 0.7593942284584045, ""spatial_binding"": 0.6931782364845276, ""image_recognition"": 0.6940625309944153}","{""orientation_cued"": 0.5, ""motion_duration_cued"": 0.25, ""krauzlis_cued_motion"": 0.25, ""spatial_binding"": 0.375, ""image_recognition"": 0.5}","{""orientation_cued"": ""orientation_cued_D4"", ""motion_duration_cued"": ""motion_duration_cued_D24"", ""krauzlis_cued_motion"": ""krauzlis_B20"", ""spatial_binding"": ""spatial_binding_D12"", ""image_recognition"": ""image_recognition_N4_H3""}","{""orientation_cued"": {}, ""motion_duration_cued"": {}, ""krauzlis_cued_motion"": {}, ""spatial_binding"": {}, ""image_recognition"": {}}"
842,33680,707144,0.8213904023170471,0.525,0.2958728075027466,0,1.642214059829712,"{""orientation_cued"": 0.6933702230453491, ""motion_duration_cued"": 1.3865851163864136, ""krauzlis_cued_motion"": 0.6423166990280151, ""spatial_binding"": 0.6928025484085083, ""image_recognition"": 0.6918774247169495}","{""orientation_cued"": 0.5, ""motion_duration_cued"": 0.25, ""krauzlis_cued_motion"": 0.75, ""spatial_binding"": 0.5, ""image_recognition"": 0.625}","{""orientation_cued"": ""orientation_cued_D12"", ""motion_duration_cued"": ""motion_duration_cued_D12"", ""krauzlis_cued_motion"": ""krauzlis_B12"", ""spatial_binding"": ""spatial_binding_D0"", ""image_recognition"": ""image_recognition_N4_H4""}","{""orientation_cued"": {}, ""motion_duration_cued"": {}, ""krauzlis_cued_motion"": {}, ""spatial_binding"": {}, ""image_recognition"": {}}"
843,33720,708056,0.8386189699172973,0.475,0.6140245795249939,0,2.220567226409912,"{""orientation_cued"": 0.6921464204788208, ""motion_duration_cued"": 1.386601448059082, ""krauzlis_cued_motion"": 0.7292370796203613, ""spatial_binding"": 0.6933258771896362, ""image_recognition"": 0.6917840242385864}","{""orientation_cued"": 0.625, ""motion_duration_cued"": 0.25, ""krauzlis_cued_motion"": 0.375, ""spatial_binding"": 0.5, ""image_recognition"": 0.625}","{""orientation_cued"": ""orientation_cued_D0"", ""motion_duration_cued"": ""motion_duration_cued_D4"", ""krauzlis_cued_motion"": ""krauzlis_B28"", ""spatial_binding"": ""spatial_binding_D24"", ""image_recognition"": ""image_recognition_N12_H5""}","{""orientation_cued"": {}, ""motion_duration_cued"": {}, ""krauzlis_cued_motion"": {}, ""spatial_binding"": {}, ""image_recognition"": {}}"
844,33760,708856,0.6833162135910242,0.675,0.3603127896785736,0,1.9274661540985107,"{""orientation_cued"": 0.6911333799362183, ""motion_duration_cued"": 1.3886516094207764, ""krauzlis_cued_motion"": 0.6422006487846375, ""spatial_binding"": 0.6926318407058716, ""image_recognition"": 0.001963589107617736}","{""orientation_cued"": 0.625, ""motion_duration_cued"": 0.25, ""krauzlis_cued_motion"": 0.75, ""spatial_binding"": 0.75, ""image_recognition"": 1.0}","{""orientation_cued"": ""orientation_cued_D24"", ""motion_duration_cued"": ""motion_duration_cued_D0"", ""krauzlis_cued_motion"": ""krauzlis_B28"", ""spatial_binding"": ""spatial_binding_D4"", ""image_recognition"": ""image_recognition_N0_H3""}","{""orientation_cued"": {}, ""motion_duration_cued"": {}, ""krauzlis_cued_motion"": {}, ""spatial_binding"": {}, ""image_recognition"": {}}"
845,33800,709880,0.8317386031150817,0.45,0.29774972796440125,0,2.479240894317627,"{""orientation_cued"": 0.6960565447807312, ""motion_duration_cued"": 1.3887375593185425, ""krauzlis_cued_motion"": 0.6998875737190247, ""spatial_binding"": 0.6927578449249268, ""image_recognition"": 0.6812534928321838}","{""orientation_cued"": 0.375, ""motion_duration_cued"": 0.25, ""krauzlis_cued_motion"": 0.5, ""spatial_binding"": 0.5, ""image_recognition"": 0.625}","{""orientation_cued"": ""orientation_cued_D12"", ""motion_duration_cued"": ""motion_duration_cued_D24"", ""krauzlis_cued_motion"": ""krauzlis_B12"", ""spatial_binding"": ""spatial_binding_D12"", ""image_recognition"": ""image_recognition_N24_H3""}","{""orientation_cued"": {}, ""motion_duration_cued"": {}, ""krauzlis_cued_motion"": {}, ""spatial_binding"": {}, ""image_recognition"": {}}"
846,33840,710624,0.8447633862495423,0.425,0.5094420313835144,0,1.8107974529266357,"{""orientation_cued"": 0.6910291314125061, ""motion_duration_cued"": 1.385925531387329, ""krauzlis_cued_motion"": 0.7585332989692688, ""spatial_binding"": 0.6956691741943359, ""image_recognition"": 0.6926597952842712}","{""orientation_cued"": 0.625, ""motion_duration_cued"": 0.25, ""krauzlis_cued_motion"": 0.25, ""spatial_binding"": 0.5, ""image_recognition"": 0.5}","{""orientation_cued"": ""orientation_cued_D4"", ""motion_duration_cued"": ""motion_duration_cued_D0"", ""krauzlis_cued_motion"": ""krauzlis_B20"", ""spatial_binding"": ""spatial_binding_D0"", ""image_recognition"": ""image_recognition_N24_H4""}","{""orientation_cued"": {}, ""motion_duration_cued"": {}, ""krauzlis_cued_motion"": {}, ""spatial_binding"": {}, ""image_recognition"": {}}"
847,33880,711280,0.6815927762072533,0.65,0.513786792755127,0,1.5822806358337402,"{""orientation_cued"": 0.6834059953689575, ""motion_duration_cued"": 1.3863306045532227, ""krauzlis_cued_motion"": 0.6438837051391602, ""spatial_binding"": 0.6926195621490479, ""image_recognition"": 0.001724013825878501}","{""orientation_cued"": 0.75, ""motion_duration_cued"": 0.25, ""krauzlis_cued_motion"": 0.75, ""spatial_binding"": 0.5, ""image_recognition"": 1.0}","{""orientation_cued"": ""orientation_cued_D0"", ""motion_duration_cued"": ""motion_duration_cued_D4"", ""krauzlis_cued_motion"": ""krauzlis_B28"", ""spatial_binding"": ""spatial_binding_D4"", ""image_recognition"": ""image_recognition_N0_H5""}","{""orientation_cued"": {}, ""motion_duration_cued"": {}, ""krauzlis_cued_motion"": {}, ""spatial_binding"": {}, ""image_recognition"": {}}"
848,33920,712368,0.8221434235572815,0.525,0.48034054040908813,0,2.631681442260742,"{""orientation_cued"": 0.6911147236824036, ""motion_duration_cued"": 1.3857184648513794, ""krauzlis_cued_motion"": 0.6439639925956726, ""spatial_binding"": 0.6915997862815857, ""image_recognition"": 0.6983201503753662}","{""orientation_cued"": 0.75, ""motion_duration_cued"": 0.375, ""krauzlis_cued_motion"": 0.75, ""spatial_binding"": 0.5, ""image_recognition"": 0.25}","{""orientation_cued"": ""orientation_cued_D24"", ""motion_duration_cued"": ""motion_duration_cued_D12"", ""krauzlis_cued_motion"": ""krauzlis_B20"", ""spatial_binding"": ""spatial_binding_D24"", ""image_recognition"": ""image_recognition_N12_H3""}","{""orientation_cued"": {}, ""motion_duration_cued"": {}, ""krauzlis_cued_motion"": {}, ""spatial_binding"": {}, ""image_recognition"": {}}"
849,33960,712920,0.6983720806194469,0.6,0.48598241806030273,0,1.3466522693634033,"{""orientation_cued"": 0.6881195306777954, ""motion_duration_cued"": 1.3814811706542969, ""krauzlis_cued_motion"": 0.727797269821167, ""spatial_binding"": 0.6930810809135437, ""image_recognition"": 0.0013813510304316878}","{""orientation_cued"": 0.75, ""motion_duration_cued"": 0.375, ""krauzlis_cued_motion"": 0.375, ""spatial_binding"": 0.5, ""image_recognition"": 1.0}","{""orientation_cued"": ""orientation_cued_D12"", ""motion_duration_cued"": ""motion_duration_cued_D0"", ""krauzlis_cued_motion"": ""krauzlis_B12"", ""spatial_binding"": ""spatial_binding_D0"", ""image_recognition"": ""image_recognition_N0_H4""}","{""orientation_cued"": {}, ""motion_duration_cued"": {}, ""krauzlis_cued_motion"": {}, ""spatial_binding"": {}, ""image_recognition"": {}}"
850,34000,714024,0.8237652540206909,0.5,0.5081803798675537,0,2.673048973083496,"{""orientation_cued"": 0.7039474248886108, ""motion_duration_cued"": 1.3835082054138184, ""krauzlis_cued_motion"": 0.6437637805938721, ""spatial_binding"": 0.6940511465072632, ""image_recognition"": 0.6935557126998901}","{""orientation_cued"": 0.25, ""motion_duration_cued"": 0.375, ""krauzlis_cued_motion"": 0.75, ""spatial_binding"": 0.5, ""image_recognition"": 0.625}","{""orientation_cued"": ""orientation_cued_D24"", ""motion_duration_cued"": ""motion_duration_cued_D12"", ""krauzlis_cued_motion"": ""krauzlis_B20"", ""spatial_binding"": ""spatial_binding_D12"", ""image_recognition"": ""image_recognition_N24_H5""}","{""orientation_cued"": {}, ""motion_duration_cued"": {}, ""krauzlis_cued_motion"": {}, ""spatial_binding"": {}, ""image_recognition"": {}}"
851,34040,714744,0.8351032376289368,0.425,0.2419852912425995,0,1.75545072555542,"{""orientation_cued"": 0.6936410069465637, ""motion_duration_cued"": 1.3894948959350586, ""krauzlis_cued_motion"": 0.6991211175918579, ""spatial_binding"": 0.6928189992904663, ""image_recognition"": 0.7004401683807373}","{""orientation_cued"": 0.5, ""motion_duration_cued"": 0.25, ""krauzlis_cued_motion"": 0.5, ""spatial_binding"": 0.5, ""image_recognition"": 0.375}","{""orientation_cued"": ""orientation_cued_D0"", ""motion_duration_cued"": ""motion_duration_cued_D24"", ""krauzlis_cued_motion"": ""krauzlis_B12"", ""spatial_binding"": ""spatial_binding_D4"", ""image_recognition"": ""image_recognition_N4_H5""}","{""orientation_cued"": {}, ""motion_duration_cued"": {}, ""krauzlis_cued_motion"": {}, ""spatial_binding"": {}, ""image_recognition"": {}}"
852,34080,715680,0.8467187881469727,0.325,0.47006988525390625,0,2.2707431316375732,"{""orientation_cued"": 0.6937089562416077, ""motion_duration_cued"": 1.3889425992965698, ""krauzlis_cued_motion"": 0.7571476697921753, ""spatial_binding"": 0.6934853196144104, ""image_recognition"": 0.7003093957901001}","{""orientation_cued"": 0.5, ""motion_duration_cued"": 0.125, ""krauzlis_cued_motion"": 0.25, ""spatial_binding"": 0.5, ""image_recognition"": 0.25}","{""orientation_cued"": ""orientation_cued_D4"", ""motion_duration_cued"": ""motion_duration_cued_D4"", ""krauzlis_cued_motion"": ""krauzlis_B28"", ""spatial_binding"": ""spatial_binding_D24"", ""image_recognition"": ""image_recognition_N12_H4""}","{""orientation_cued"": {}, ""motion_duration_cued"": {}, ""krauzlis_cued_motion"": {}, ""spatial_binding"": {}, ""image_recognition"": {}}"
853,34120,716496,0.8270062446594239,0.5,0.37735629081726074,0,1.960951805114746,"{""orientation_cued"": 0.6950094103813171, ""motion_duration_cued"": 1.3854728937149048, ""krauzlis_cued_motion"": 0.6716660857200623, ""spatial_binding"": 0.6944088339805603, ""image_recognition"": 0.6884739995002747}","{""orientation_cued"": 0.5, ""motion_duration_cued"": 0.25, ""krauzlis_cued_motion"": 0.625, ""spatial_binding"": 0.5, ""image_recognition"": 0.625}","{""orientation_cued"": ""orientation_cued_D0"", ""motion_duration_cued"": ""motion_duration_cued_D12"", ""krauzlis_cued_motion"": ""krauzlis_B20"", ""spatial_binding"": ""spatial_binding_D0"", ""image_recognition"": ""image_recognition_N24_H5""}","{""orientation_cued"": {}, ""motion_duration_cued"": {}, ""krauzlis_cued_motion"": {}, ""spatial_binding"": {}, ""image_recognition"": {}}"
854,34160,717368,0.695515101775527,0.55,0.3723154366016388,0,2.11525821685791,"{""orientation_cued"": 0.6934327483177185, ""motion_duration_cued"": 1.39080810546875, ""krauzlis_cued_motion"": 0.6987337470054626, ""spatial_binding"": 0.6927503943443298, ""image_recognition"": 0.0018505137413740158}","{""orientation_cued"": 0.5, ""motion_duration_cued"": 0.25, ""krauzlis_cued_motion"": 0.5, ""spatial_binding"": 0.5, ""image_recognition"": 1.0}","{""orientation_cued"": ""orientation_cued_D24"", ""motion_duration_cued"": ""motion_duration_cued_D24"", ""krauzlis_cued_motion"": ""krauzlis_B12"", ""spatial_binding"": ""spatial_binding_D4"", ""image_recognition"": ""image_recognition_N0_H4""}","{""orientation_cued"": {}, ""motion_duration_cued"": {}, ""krauzlis_cued_motion"": {}, ""spatial_binding"": {}, ""image_recognition"": {}}"
855,34200,718392,0.8101828217506408,0.55,0.7072505950927734,0,2.4829118251800537,"{""orientation_cued"": 0.6778600215911865, ""motion_duration_cued"": 1.389017105102539, ""krauzlis_cued_motion"": 0.595794141292572, ""spatial_binding"": 0.6937036514282227, ""image_recognition"": 0.6945391893386841}","{""orientation_cued"": 0.75, ""motion_duration_cued"": 0.125, ""krauzlis_cued_motion"": 1.0, ""spatial_binding"": 0.5, ""image_recognition"": 0.375}","{""orientation_cued"": ""orientation_cued_D4"", ""motion_duration_cued"": ""motion_duration_cued_D4"", ""krauzlis_cued_motion"": ""krauzlis_B28"", ""spatial_binding"": ""spatial_binding_D24"", ""image_recognition"": ""image_recognition_N24_H3""}","{""orientation_cued"": {}, ""motion_duration_cued"": {}, ""krauzlis_cued_motion"": {}, ""spatial_binding"": {}, ""image_recognition"": {}}"
856,34240,719080,0.8310255289077759,0.45,0.48480188846588135,0,1.662815809249878,"{""orientation_cued"": 0.7148025035858154, ""motion_duration_cued"": 1.3828697204589844, ""krauzlis_cued_motion"": 0.6722540259361267, ""spatial_binding"": 0.69346022605896, ""image_recognition"": 0.6917411684989929}","{""orientation_cued"": 0.25, ""motion_duration_cued"": 0.375, ""krauzlis_cued_motion"": 0.625, ""spatial_binding"": 0.5, ""image_recognition"": 0.5}","{""orientation_cued"": ""orientation_cued_D12"", ""motion_duration_cued"": ""motion_duration_cued_D0"", ""krauzlis_cued_motion"": ""krauzlis_B12"", ""spatial_binding"": ""spatial_binding_D12"", ""image_recognition"": ""image_recognition_N4_H5""}","{""orientation_cued"": {}, ""motion_duration_cued"": {}, ""krauzlis_cued_motion"": {}, ""spatial_binding"": {}, ""image_recognition"": {}}"
857,34280,719848,0.8384637475013733,0.425,0.37755876779556274,0,1.8800270557403564,"{""orientation_cued"": 0.684235155582428, ""motion_duration_cued"": 1.386173963546753, ""krauzlis_cued_motion"": 0.7280184030532837, ""spatial_binding"": 0.693637490272522, ""image_recognition"": 0.7002537250518799}","{""orientation_cued"": 0.625, ""motion_duration_cued"": 0.25, ""krauzlis_cued_motion"": 0.375, ""spatial_binding"": 0.5, ""image_recognition"": 0.375}","{""orientation_cued"": ""orientation_cued_D4"", ""motion_duration_cued"": ""motion_duration_cued_D4"", ""krauzlis_cued_motion"": ""krauzlis_B28"", ""spatial_binding"": ""spatial_binding_D4"", ""image_recognition"": ""image_recognition_N12_H3""}","{""orientation_cued"": {}, ""motion_duration_cued"": {}, ""krauzlis_cued_motion"": {}, ""spatial_binding"": {}, ""image_recognition"": {}}"
858,34320,720584,0.8259119391441345,0.475,0.32491689920425415,0,1.7723369598388672,"{""orientation_cued"": 0.6829419732093811, ""motion_duration_cued"": 1.389306664466858, ""krauzlis_cued_motion"": 0.6710771322250366, ""spatial_binding"": 0.6932613253593445, ""image_recognition"": 0.6929726004600525}","{""orientation_cued"": 0.625, ""motion_duration_cued"": 0.125, ""krauzlis_cued_motion"": 0.625, ""spatial_binding"": 0.5, ""image_recognition"": 0.5}","{""orientation_cued"": ""orientation_cued_D0"", ""motion_duration_cued"": ""motion_duration_cued_D12"", ""krauzlis_cued_motion"": ""krauzlis_B20"", ""spatial_binding"": ""spatial_binding_D12"", ""image_recognition"": ""image_recognition_N4_H3""}","{""orientation_cued"": {}, ""motion_duration_cued"": {}, ""krauzlis_cued_motion"": {}, ""spatial_binding"": {}, ""image_recognition"": {}}"
859,34360,721848,0.8207503676414489,0.525,0.3454599976539612,0,3.0427582263946533,"{""orientation_cued"": 0.6940672397613525, ""motion_duration_cued"": 1.3844002485275269, ""krauzlis_cued_motion"": 0.6409673690795898, ""spatial_binding"": 0.6931139230728149, ""image_recognition"": 0.6912030577659607}","{""orientation_cued"": 0.5, ""motion_duration_cued"": 0.375, ""krauzlis_cued_motion"": 0.75, ""spatial_binding"": 0.5, ""image_recognition"": 0.5}","{""orientation_cued"": ""orientation_cued_D24"", ""motion_duration_cued"": ""motion_duration_cued_D24"", ""krauzlis_cued_motion"": ""krauzlis_B28"", ""spatial_binding"": ""spatial_binding_D24"", ""image_recognition"": ""image_recognition_N12_H5""}","{""orientation_cued"": {}, ""motion_duration_cued"": {}, ""krauzlis_cued_motion"": {}, ""spatial_binding"": {}, ""image_recognition"": {}}"
860,34400,722408,0.6763530879514292,0.625,0.48704764246940613,0,1.3686838150024414,"{""orientation_cued"": 0.6938730478286743, ""motion_duration_cued"": 1.3850882053375244, ""krauzlis_cued_motion"": 0.6078537702560425, ""spatial_binding"": 0.6937399506568909, ""image_recognition"": 0.0012104656780138612}","{""orientation_cued"": 0.5, ""motion_duration_cued"": 0.25, ""krauzlis_cued_motion"": 0.875, ""spatial_binding"": 0.5, ""image_recognition"": 1.0}","{""orientation_cued"": ""orientation_cued_D12"", ""motion_duration_cued"": ""motion_duration_cued_D0"", ""krauzlis_cued_motion"": ""krauzlis_B12"", ""spatial_binding"": ""spatial_binding_D0"", ""image_recognition"": ""image_recognition_N0_H5""}","{""orientation_cued"": {}, ""motion_duration_cued"": {}, ""krauzlis_cued_motion"": {}, ""spatial_binding"": {}, ""image_recognition"": {}}"
861,34440,723048,0.6976373814977705,0.525,0.8019182085990906,0,1.5390057563781738,"{""orientation_cued"": 0.6681710481643677, ""motion_duration_cued"": 1.3874118328094482, ""krauzlis_cued_motion"": 0.7367414832115173, ""spatial_binding"": 0.6938691735267639, ""image_recognition"": 0.0019933697767555714}","{""orientation_cued"": 0.75, ""motion_duration_cued"": 0.125, ""krauzlis_cued_motion"": 0.375, ""spatial_binding"": 0.375, ""image_recognition"": 1.0}","{""orientation_cued"": ""orientation_cued_D0"", ""motion_duration_cued"": ""motion_duration_cued_D12"", ""krauzlis_cued_motion"": ""krauzlis_B20"", ""spatial_binding"": ""spatial_binding_D4"", ""image_recognition"": ""image_recognition_N0_H3""}","{""orientation_cued"": {}, ""motion_duration_cued"": {}, ""krauzlis_cued_motion"": {}, ""spatial_binding"": {}, ""image_recognition"": {}}"
862,34480,723952,0.8303995013237,0.525,0.509782612323761,0,2.200904369354248,"{""orientation_cued"": 0.67877197265625, ""motion_duration_cued"": 1.3879914283752441, ""krauzlis_cued_motion"": 0.7035147547721863, ""spatial_binding"": 0.69319748878479, ""image_recognition"": 0.6885218620300293}","{""orientation_cued"": 0.75, ""motion_duration_cued"": 0.25, ""krauzlis_cued_motion"": 0.5, ""spatial_binding"": 0.5, ""image_recognition"": 0.625}","{""orientation_cued"": ""orientation_cued_D24"", ""motion_duration_cued"": ""motion_duration_cued_D4"", ""krauzlis_cued_motion"": ""krauzlis_B28"", ""spatial_binding"": ""spatial_binding_D0"", ""image_recognition"": ""image_recognition_N12_H4""}","{""orientation_cued"": {}, ""motion_duration_cued"": {}, ""krauzlis_cued_motion"": {}, ""spatial_binding"": {}, ""image_recognition"": {}}"
863,34520,724728,0.841899824142456,0.4,0.3317722678184509,0,1.8593802452087402,"{""orientation_cued"": 0.694110631942749, ""motion_duration_cued"": 1.3849804401397705, ""krauzlis_cued_motion"": 0.7411152124404907, ""spatial_binding"": 0.6920812129974365, ""image_recognition"": 0.6972116231918335}","{""orientation_cued"": 0.5, ""motion_duration_cued"": 0.375, ""krauzlis_cued_motion"": 0.375, ""spatial_binding"": 0.5, ""image_recognition"": 0.25}","{""orientation_cued"": ""orientation_cued_D4"", ""motion_duration_cued"": ""motion_duration_cued_D0"", ""krauzlis_cued_motion"": ""krauzlis_B20"", ""spatial_binding"": ""spatial_binding_D24"", ""image_recognition"": ""image_recognition_N4_H4""}","{""orientation_cued"": {}, ""motion_duration_cued"": {}, ""krauzlis_cued_motion"": {}, ""spatial_binding"": {}, ""image_recognition"": {}}"
864,34560,725760,0.8247728109359741,0.5,0.2097257822751999,0,2.517881393432617,"{""orientation_cued"": 0.6940688490867615, ""motion_duration_cued"": 1.3841044902801514, ""krauzlis_cued_motion"": 0.6669883131980896, ""spatial_binding"": 0.6935434937477112, ""image_recognition"": 0.685158908367157}","{""orientation_cued"": 0.5, ""motion_duration_cued"": 0.25, ""krauzlis_cued_motion"": 0.625, ""spatial_binding"": 0.5, ""image_recognition"": 0.625}","{""orientation_cued"": ""orientation_cued_D12"", ""motion_duration_cued"": ""motion_duration_cued_D24"", ""krauzlis_cued_motion"": ""krauzlis_B12"", ""spatial_binding"": ""spatial_binding_D12"", ""image_recognition"": ""image_recognition_N24_H4""}","{""orientation_cued"": {}, ""motion_duration_cued"": {}, ""krauzlis_cued_motion"": {}, ""spatial_binding"": {}, ""image_recognition"": {}}"
865,34600,726400,0.8302108883857727,0.525,0.19632157683372498,0,1.553945541381836,"{""orientation_cued"": 0.6767695546150208, ""motion_duration_cued"": 1.386370062828064, ""krauzlis_cued_motion"": 0.7039319276809692, ""spatial_binding"": 0.6957544088363647, ""image_recognition"": 0.6882284879684448}","{""orientation_cued"": 0.625, ""motion_duration_cued"": 0.25, ""krauzlis_cued_motion"": 0.5, ""spatial_binding"": 0.5, ""image_recognition"": 0.75}","{""orientation_cued"": ""orientation_cued_D0"", ""motion_duration_cued"": ""motion_duration_cued_D12"", ""krauzlis_cued_motion"": ""krauzlis_B12"", ""spatial_binding"": ""spatial_binding_D0"", ""image_recognition"": ""image_recognition_N12_H3""}","{""orientation_cued"": {}, ""motion_duration_cued"": {}, ""krauzlis_cued_motion"": {}, ""spatial_binding"": {}, ""image_recognition"": {}}"
866,34640,727200,0.8183324694633484,0.475,0.28640487790107727,0,1.9134464263916016,"{""orientation_cued"": 0.6844350695610046, ""motion_duration_cued"": 1.3863637447357178, ""krauzlis_cued_motion"": 0.6298292875289917, ""spatial_binding"": 0.691675066947937, ""image_recognition"": 0.6993591785430908}","{""orientation_cued"": 0.625, ""motion_duration_cued"": 0.25, ""krauzlis_cued_motion"": 0.75, ""spatial_binding"": 0.5, ""image_recognition"": 0.25}","{""orientation_cued"": ""orientation_cued_D4"", ""motion_duration_cued"": ""motion_duration_cued_D24"", ""krauzlis_cued_motion"": ""krauzlis_B20"", ""spatial_binding"": ""spatial_binding_D4"", ""image_recognition"": ""image_recognition_N4_H3""}","{""orientation_cued"": {}, ""motion_duration_cued"": {}, ""krauzlis_cued_motion"": {}, ""spatial_binding"": {}, ""image_recognition"": {}}"
867,34680,728208,0.8322766661643982,0.475,0.2738272547721863,0,2.4331247806549072,"{""orientation_cued"": 0.6838194727897644, ""motion_duration_cued"": 1.3851498365402222, ""krauzlis_cued_motion"": 0.7046905159950256, ""spatial_binding"": 0.6930893063545227, ""image_recognition"": 0.694634199142456}","{""orientation_cued"": 0.625, ""motion_duration_cued"": 0.375, ""krauzlis_cued_motion"": 0.5, ""spatial_binding"": 0.5, ""image_recognition"": 0.375}","{""orientation_cued"": ""orientation_cued_D12"", ""motion_duration_cued"": ""motion_duration_cued_D4"", ""krauzlis_cued_motion"": ""krauzlis_B28"", ""spatial_binding"": ""spatial_binding_D12"", ""image_recognition"": ""image_recognition_N24_H5""}","{""orientation_cued"": {}, ""motion_duration_cued"": {}, ""krauzlis_cued_motion"": {}, ""spatial_binding"": {}, ""image_recognition"": {}}"
868,34720,729232,0.8296278119087219,0.425,0.31269514560699463,0,2.4725377559661865,"{""orientation_cued"": 0.7052399516105652, ""motion_duration_cued"": 1.3908661603927612, ""krauzlis_cued_motion"": 0.6668627858161926, ""spatial_binding"": 0.6935902237892151, ""image_recognition"": 0.6915799379348755}","{""orientation_cued"": 0.375, ""motion_duration_cued"": 0.125, ""krauzlis_cued_motion"": 0.625, ""spatial_binding"": 0.5, ""image_recognition"": 0.5}","{""orientation_cued"": ""orientation_cued_D24"", ""motion_duration_cued"": ""motion_duration_cued_D0"", ""krauzlis_cued_motion"": ""krauzlis_B12"", ""spatial_binding"": ""spatial_binding_D24"", ""image_recognition"": ""image_recognition_N24_H3""}","{""orientation_cued"": {}, ""motion_duration_cued"": {}, ""krauzlis_cued_motion"": {}, ""spatial_binding"": {}, ""image_recognition"": {}}"
869,34760,730208,0.836679470539093,0.45,0.30784904956817627,0,2.342622995376587,"{""orientation_cued"": 0.7047632932662964, ""motion_duration_cued"": 1.3883875608444214, ""krauzlis_cued_motion"": 0.7049176692962646, ""spatial_binding"": 0.6935166716575623, ""image_recognition"": 0.6918121576309204}","{""orientation_cued"": 0.375, ""motion_duration_cued"": 0.25, ""krauzlis_cued_motion"": 0.5, ""spatial_binding"": 0.5, ""image_recognition"": 0.625}","{""orientation_cued"": ""orientation_cued_D24"", ""motion_duration_cued"": ""motion_duration_cued_D0"", ""krauzlis_cued_motion"": ""krauzlis_B28"", ""spatial_binding"": ""spatial_binding_D12"", ""image_recognition"": ""image_recognition_N12_H5""}","{""orientation_cued"": {}, ""motion_duration_cued"": {}, ""krauzlis_cued_motion"": {}, ""spatial_binding"": {}, ""image_recognition"": {}}"
870,34800,730960,0.710690545826219,0.5,0.4780557453632355,0,1.8304362297058105,"{""orientation_cued"": 0.7273091673851013, ""motion_duration_cued"": 1.3870456218719482, ""krauzlis_cued_motion"": 0.7434065937995911, ""spatial_binding"": 0.6940536499023438, ""image_recognition"": 0.0016376961721107364}","{""orientation_cued"": 0.375, ""motion_duration_cued"": 0.25, ""krauzlis_cued_motion"": 0.375, ""spatial_binding"": 0.5, ""image_recognition"": 1.0}","{""orientation_cued"": ""orientation_cued_D0"", ""motion_duration_cued"": ""motion_duration_cued_D24"", ""krauzlis_cued_motion"": ""krauzlis_B20"", ""spatial_binding"": ""spatial_binding_D4"", ""image_recognition"": ""image_recognition_N0_H5""}","{""orientation_cued"": {}, ""motion_duration_cued"": {}, ""krauzlis_cued_motion"": {}, ""spatial_binding"": {}, ""image_recognition"": {}}"
871,34840,731712,0.8261337637901306,0.425,0.43782714009284973,0,1.8309886455535889,"{""orientation_cued"": 0.6835606694221497, ""motion_duration_cued"": 1.3898348808288574, ""krauzlis_cued_motion"": 0.6668571829795837, ""spatial_binding"": 0.6927189826965332, ""image_recognition"": 0.697697103023529}","{""orientation_cued"": 0.625, ""motion_duration_cued"": 0.0, ""krauzlis_cued_motion"": 0.625, ""spatial_binding"": 0.5, ""image_recognition"": 0.375}","{""orientation_cued"": ""orientation_cued_D4"", ""motion_duration_cued"": ""motion_duration_cued_D4"", ""krauzlis_cued_motion"": ""krauzlis_B12"", ""spatial_binding"": ""spatial_binding_D24"", ""image_recognition"": ""image_recognition_N4_H5""}","{""orientation_cued"": {}, ""motion_duration_cued"": {}, ""krauzlis_cued_motion"": {}, ""spatial_binding"": {}, ""image_recognition"": {}}"
872,34880,732488,0.6999763044761493,0.525,0.4707361161708832,0,1.8681244850158691,"{""orientation_cued"": 0.7066570520401001, ""motion_duration_cued"": 1.3949346542358398, ""krauzlis_cued_motion"": 0.704194962978363, ""spatial_binding"": 0.6924192905426025, ""image_recognition"": 0.0016755625838413835}","{""orientation_cued"": 0.375, ""motion_duration_cued"": 0.25, ""krauzlis_cued_motion"": 0.5, ""spatial_binding"": 0.5, ""image_recognition"": 1.0}","{""orientation_cued"": ""orientation_cued_D12"", ""motion_duration_cued"": ""motion_duration_cued_D12"", ""krauzlis_cued_motion"": ""krauzlis_B28"", ""spatial_binding"": ""spatial_binding_D0"", ""image_recognition"": ""image_recognition_N0_H4""}","{""orientation_cued"": {}, ""motion_duration_cued"": {}, ""krauzlis_cued_motion"": {}, ""spatial_binding"": {}, ""image_recognition"": {}}"
873,34920,733136,0.832568633556366,0.5,0.4262930154800415,0,1.5824298858642578,"{""orientation_cued"": 0.7217749357223511, ""motion_duration_cued"": 1.3861714601516724, ""krauzlis_cued_motion"": 0.667466402053833, ""spatial_binding"": 0.6918126940727234, ""image_recognition"": 0.69561767578125}","{""orientation_cued"": 0.375, ""motion_duration_cued"": 0.25, ""krauzlis_cued_motion"": 0.625, ""spatial_binding"": 0.5, ""image_recognition"": 0.75}","{""orientation_cued"": ""orientation_cued_D0"", ""motion_duration_cued"": ""motion_duration_cued_D4"", ""krauzlis_cued_motion"": ""krauzlis_B20"", ""spatial_binding"": ""spatial_binding_D0"", ""image_recognition"": ""image_recognition_N12_H4""}","{""orientation_cued"": {}, ""motion_duration_cued"": {}, ""krauzlis_cued_motion"": {}, ""spatial_binding"": {}, ""image_recognition"": {}}"
874,34960,733752,0.8305596828460693,0.4,0.3117029368877411,0,1.4749841690063477,"{""orientation_cued"": 0.706773042678833, ""motion_duration_cued"": 1.3905704021453857, ""krauzlis_cued_motion"": 0.667727530002594, ""spatial_binding"": 0.6927871108055115, ""image_recognition"": 0.6949403285980225}","{""orientation_cued"": 0.375, ""motion_duration_cued"": 0.125, ""krauzlis_cued_motion"": 0.625, ""spatial_binding"": 0.5, ""image_recognition"": 0.375}","{""orientation_cued"": ""orientation_cued_D4"", ""motion_duration_cued"": ""motion_duration_cued_D0"", ""krauzlis_cued_motion"": ""krauzlis_B20"", ""spatial_binding"": ""spatial_binding_D4"", ""image_recognition"": ""image_recognition_N4_H4""}","{""orientation_cued"": {}, ""motion_duration_cued"": {}, ""krauzlis_cued_motion"": {}, ""spatial_binding"": {}, ""image_recognition"": {}}"
875,35000,734584,0.6889771366259083,0.575,0.23308229446411133,0,2.0175108909606934,"{""orientation_cued"": 0.6941365003585815, ""motion_duration_cued"": 1.3877733945846558, ""krauzlis_cued_motion"": 0.6678673028945923, ""spatial_binding"": 0.6933173537254333, ""image_recognition"": 0.0017911315662786365}","{""orientation_cued"": 0.5, ""motion_duration_cued"": 0.25, ""krauzlis_cued_motion"": 0.625, ""spatial_binding"": 0.5, ""image_recognition"": 1.0}","{""orientation_cued"": ""orientation_cued_D24"", ""motion_duration_cued"": ""motion_duration_cued_D12"", ""krauzlis_cued_motion"": ""krauzlis_B12"", ""spatial_binding"": ""spatial_binding_D12"", ""image_recognition"": ""image_recognition_N0_H3""}","{""orientation_cued"": {}, ""motion_duration_cued"": {}, ""krauzlis_cued_motion"": {}, ""spatial_binding"": {}, ""image_recognition"": {}}"
876,35040,735840,0.8337686777114868,0.45,0.23237811028957367,0,3.053941488265991,"{""orientation_cued"": 0.694103479385376, ""motion_duration_cued"": 1.3858973979949951, ""krauzlis_cued_motion"": 0.7037155628204346, ""spatial_binding"": 0.6926853656768799, ""image_recognition"": 0.6924415826797485}","{""orientation_cued"": 0.5, ""motion_duration_cued"": 0.25, ""krauzlis_cued_motion"": 0.5, ""spatial_binding"": 0.5, ""image_recognition"": 0.5}","{""orientation_cued"": ""orientation_cued_D12"", ""motion_duration_cued"": ""motion_duration_cued_D24"", ""krauzlis_cued_motion"": ""krauzlis_B28"", ""spatial_binding"": ""spatial_binding_D24"", ""image_recognition"": ""image_recognition_N24_H4""}","{""orientation_cued"": {}, ""motion_duration_cued"": {}, ""krauzlis_cued_motion"": {}, ""spatial_binding"": {}, ""image_recognition"": {}}"
877,35080,736576,0.6979772178921848,0.525,0.26417723298072815,0,1.7848882675170898,"{""orientation_cued"": 0.7032142281532288, ""motion_duration_cued"": 1.3865077495574951, ""krauzlis_cued_motion"": 0.7035123109817505, ""spatial_binding"": 0.6927640438079834, ""image_recognition"": 0.003887756960466504}","{""orientation_cued"": 0.375, ""motion_duration_cued"": 0.25, ""krauzlis_cued_motion"": 0.5, ""spatial_binding"": 0.5, ""image_recognition"": 1.0}","{""orientation_cued"": ""orientation_cued_D12"", ""motion_duration_cued"": ""motion_duration_cued_D0"", ""krauzlis_cued_motion"": ""krauzlis_B12"", ""spatial_binding"": ""spatial_binding_D24"", ""image_recognition"": ""image_recognition_N0_H3""}","{""orientation_cued"": {}, ""motion_duration_cued"": {}, ""krauzlis_cued_motion"": {}, ""spatial_binding"": {}, ""image_recognition"": {}}"
878,35120,737520,0.8538436532020569,0.425,0.9204431772232056,0,2.2849278450012207,"{""orientation_cued"": 0.6858741044998169, ""motion_duration_cued"": 1.3863493204116821, ""krauzlis_cued_motion"": 0.8129859566688538, ""spatial_binding"": 0.6931020021438599, ""image_recognition"": 0.6909068822860718}","{""orientation_cued"": 0.625, ""motion_duration_cued"": 0.25, ""krauzlis_cued_motion"": 0.125, ""spatial_binding"": 0.5, ""image_recognition"": 0.625}","{""orientation_cued"": ""orientation_cued_D4"", ""motion_duration_cued"": ""motion_duration_cued_D24"", ""krauzlis_cued_motion"": ""krauzlis_B28"", ""spatial_binding"": ""spatial_binding_D12"", ""image_recognition"": ""image_recognition_N4_H5""}","{""orientation_cued"": {}, ""motion_duration_cued"": {}, ""krauzlis_cued_motion"": {}, ""spatial_binding"": {}, ""image_recognition"": {}}"
879,35160,738328,0.8264740705490112,0.525,0.09202839434146881,0,1.96242356300354,"{""orientation_cued"": 0.6936563849449158, ""motion_duration_cued"": 1.3859716653823853, ""krauzlis_cued_motion"": 0.6689058542251587, ""spatial_binding"": 0.6928437948226929, ""image_recognition"": 0.6909926533699036}","{""orientation_cued"": 0.5, ""motion_duration_cued"": 0.375, ""krauzlis_cued_motion"": 0.625, ""spatial_binding"": 0.5, ""image_recognition"": 0.625}","{""orientation_cued"": ""orientation_cued_D24"", ""motion_duration_cued"": ""motion_duration_cued_D4"", ""krauzlis_cued_motion"": ""krauzlis_B20"", ""spatial_binding"": ""spatial_binding_D4"", ""image_recognition"": ""image_recognition_N4_H4""}","{""orientation_cued"": {}, ""motion_duration_cued"": {}, ""krauzlis_cued_motion"": {}, ""spatial_binding"": {}, ""image_recognition"": {}}"
880,35200,739136,0.8271244049072266,0.475,0.10475094616413116,0,1.9526312351226807,"{""orientation_cued"": 0.6946334838867188, ""motion_duration_cued"": 1.3863998651504517, ""krauzlis_cued_motion"": 0.6700241565704346, ""spatial_binding"": 0.6924912929534912, ""image_recognition"": 0.6920732259750366}","{""orientation_cued"": 0.5, ""motion_duration_cued"": 0.25, ""krauzlis_cued_motion"": 0.625, ""spatial_binding"": 0.5, ""image_recognition"": 0.5}","{""orientation_cued"": ""orientation_cued_D0"", ""motion_duration_cued"": ""motion_duration_cued_D12"", ""krauzlis_cued_motion"": ""krauzlis_B20"", ""spatial_binding"": ""spatial_binding_D0"", ""image_recognition"": ""image_recognition_N24_H4""}","{""orientation_cued"": {}, ""motion_duration_cued"": {}, ""krauzlis_cued_motion"": {}, ""spatial_binding"": {}, ""image_recognition"": {}}"
881,35240,740032,0.8278742551803588,0.45,0.2246738076210022,0,2.168287754058838,"{""orientation_cued"": 0.6937107443809509, ""motion_duration_cued"": 1.3886046409606934, ""krauzlis_cued_motion"": 0.6703258752822876, ""spatial_binding"": 0.6933774948120117, ""image_recognition"": 0.6933525204658508}","{""orientation_cued"": 0.5, ""motion_duration_cued"": 0.25, ""krauzlis_cued_motion"": 0.625, ""spatial_binding"": 0.5, ""image_recognition"": 0.375}","{""orientation_cued"": ""orientation_cued_D0"", ""motion_duration_cued"": ""motion_duration_cued_D4"", ""krauzlis_cued_motion"": ""krauzlis_B28"", ""spatial_binding"": ""spatial_binding_D12"", ""image_recognition"": ""image_recognition_N24_H3""}","{""orientation_cued"": {}, ""motion_duration_cued"": {}, ""krauzlis_cued_motion"": {}, ""spatial_binding"": {}, ""image_recognition"": {}}"
882,35280,740680,0.688690667762421,0.6,0.22032657265663147,0,1.5615060329437256,"{""orientation_cued"": 0.6932681202888489, ""motion_duration_cued"": 1.3835313320159912, ""krauzlis_cued_motion"": 0.6710225343704224, ""spatial_binding"": 0.6945208311080933, ""image_recognition"": 0.0011105210287496448}","{""orientation_cued"": 0.5, ""motion_duration_cued"": 0.375, ""krauzlis_cued_motion"": 0.625, ""spatial_binding"": 0.5, ""image_recognition"": 1.0}","{""orientation_cued"": ""orientation_cued_D24"", ""motion_duration_cued"": ""motion_duration_cued_D0"", ""krauzlis_cued_motion"": ""krauzlis_B12"", ""spatial_binding"": ""spatial_binding_D0"", ""image_recognition"": ""image_recognition_N0_H4""}","{""orientation_cued"": {}, ""motion_duration_cued"": {}, ""krauzlis_cued_motion"": {}, ""spatial_binding"": {}, ""image_recognition"": {}}"
883,35320,741448,0.8275243878364563,0.475,0.20009931921958923,0,1.8614168167114258,"{""orientation_cued"": 0.6937247514724731, ""motion_duration_cued"": 1.3844587802886963, ""krauzlis_cued_motion"": 0.671216607093811, ""spatial_binding"": 0.6931923031806946, ""image_recognition"": 0.6950294971466064}","{""orientation_cued"": 0.5, ""motion_duration_cued"": 0.25, ""krauzlis_cued_motion"": 0.625, ""spatial_binding"": 0.5, ""image_recognition"": 0.5}","{""orientation_cued"": ""orientation_cued_D4"", ""motion_duration_cued"": ""motion_duration_cued_D12"", ""krauzlis_cued_motion"": ""krauzlis_B20"", ""spatial_binding"": ""spatial_binding_D4"", ""image_recognition"": ""image_recognition_N12_H3""}","{""orientation_cued"": {}, ""motion_duration_cued"": {}, ""krauzlis_cued_motion"": {}, ""spatial_binding"": {}, ""image_recognition"": {}}"
884,35360,742616,0.8215500116348267,0.525,0.37473824620246887,0,2.8243327140808105,"{""orientation_cued"": 0.6932618021965027, ""motion_duration_cued"": 1.3891079425811768, ""krauzlis_cued_motion"": 0.6431984901428223, ""spatial_binding"": 0.6936972141265869, ""image_recognition"": 0.6884846091270447}","{""orientation_cued"": 0.5, ""motion_duration_cued"": 0.25, ""krauzlis_cued_motion"": 0.75, ""spatial_binding"": 0.375, ""image_recognition"": 0.75}","{""orientation_cued"": ""orientation_cued_D12"", ""motion_duration_cued"": ""motion_duration_cued_D24"", ""krauzlis_cued_motion"": ""krauzlis_B28"", ""spatial_binding"": ""spatial_binding_D24"", ""image_recognition"": ""image_recognition_N12_H5""}","{""orientation_cued"": {}, ""motion_duration_cued"": {}, ""krauzlis_cued_motion"": {}, ""spatial_binding"": {}, ""image_recognition"": {}}"
885,35400,743304,0.8394430160522461,0.4,0.5928259491920471,0,1.655329942703247,"{""orientation_cued"": 0.7239170670509338, ""motion_duration_cued"": 1.389444351196289, ""krauzlis_cued_motion"": 0.699830174446106, ""spatial_binding"": 0.6929743885993958, ""image_recognition"": 0.6910490989685059}","{""orientation_cued"": 0.25, ""motion_duration_cued"": 0.25, ""krauzlis_cued_motion"": 0.5, ""spatial_binding"": 0.5, ""image_recognition"": 0.5}","{""orientation_cued"": ""orientation_cued_D0"", ""motion_duration_cued"": ""motion_duration_cued_D0"", ""krauzlis_cued_motion"": ""krauzlis_B12"", ""spatial_binding"": ""spatial_binding_D4"", ""image_recognition"": ""image_recognition_N24_H5""}","{""orientation_cued"": {}, ""motion_duration_cued"": {}, ""krauzlis_cued_motion"": {}, ""spatial_binding"": {}, ""image_recognition"": {}}"
886,35440,744112,0.8240106701850891,0.45,0.5350539088249207,0,1.961876392364502,"{""orientation_cued"": 0.70554119348526, ""motion_duration_cued"": 1.3875617980957031, ""krauzlis_cued_motion"": 0.6417306661605835, ""spatial_binding"": 0.6929117441177368, ""image_recognition"": 0.6923079490661621}","{""orientation_cued"": 0.25, ""motion_duration_cued"": 0.125, ""krauzlis_cued_motion"": 0.75, ""spatial_binding"": 0.5, ""image_recognition"": 0.625}","{""orientation_cued"": ""orientation_cued_D4"", ""motion_duration_cued"": ""motion_duration_cued_D12"", ""krauzlis_cued_motion"": ""krauzlis_B28"", ""spatial_binding"": ""spatial_binding_D0"", ""image_recognition"": ""image_recognition_N12_H4""}","{""orientation_cued"": {}, ""motion_duration_cued"": {}, ""krauzlis_cued_motion"": {}, ""spatial_binding"": {}, ""image_recognition"": {}}"
887,35480,744864,0.6893999362364411,0.575,0.3159179091453552,0,1.837308406829834,"{""orientation_cued"": 0.6962372660636902, ""motion_duration_cued"": 1.3857043981552124, ""krauzlis_cued_motion"": 0.6702468991279602, ""spatial_binding"": 0.6924750208854675, ""image_recognition"": 0.0023360969498753548}","{""orientation_cued"": 0.375, ""motion_duration_cued"": 0.25, ""krauzlis_cued_motion"": 0.625, ""spatial_binding"": 0.625, ""image_recognition"": 1.0}","{""orientation_cued"": ""orientation_cued_D12"", ""motion_duration_cued"": ""motion_duration_cued_D4"", ""krauzlis_cued_motion"": ""krauzlis_B20"", ""spatial_binding"": ""spatial_binding_D12"", ""image_recognition"": ""image_recognition_N0_H5""}","{""orientation_cued"": {}, ""motion_duration_cued"": {}, ""krauzlis_cued_motion"": {}, ""spatial_binding"": {}, ""image_recognition"": {}}"
888,35520,745920,0.8260278940200806,0.425,0.28306034207344055,0,2.545954942703247,"{""orientation_cued"": 0.6933969259262085, ""motion_duration_cued"": 1.3863723278045654, ""krauzlis_cued_motion"": 0.6694116592407227, ""spatial_binding"": 0.6930780410766602, ""image_recognition"": 0.6878805160522461}","{""orientation_cued"": 0.125, ""motion_duration_cued"": 0.125, ""krauzlis_cued_motion"": 0.625, ""spatial_binding"": 0.5, ""image_recognition"": 0.75}","{""orientation_cued"": ""orientation_cued_D24"", ""motion_duration_cued"": ""motion_duration_cued_D24"", ""krauzlis_cued_motion"": ""krauzlis_B12"", ""spatial_binding"": ""spatial_binding_D24"", ""image_recognition"": ""image_recognition_N4_H3""}","{""orientation_cued"": {}, ""motion_duration_cued"": {}, ""krauzlis_cued_motion"": {}, ""spatial_binding"": {}, ""image_recognition"": {}}"
889,35560,746496,0.8452395558357239,0.425,0.5048063397407532,0,1.4146358966827393,"{""orientation_cued"": 0.692180871963501, ""motion_duration_cued"": 1.381514310836792, ""krauzlis_cued_motion"": 0.7688520550727844, ""spatial_binding"": 0.6910325288772583, ""image_recognition"": 0.6926180124282837}","{""orientation_cued"": 0.625, ""motion_duration_cued"": 0.375, ""krauzlis_cued_motion"": 0.25, ""spatial_binding"": 0.5, ""image_recognition"": 0.375}","{""orientation_cued"": ""orientation_cued_D4"", ""motion_duration_cued"": ""motion_duration_cued_D0"", ""krauzlis_cued_motion"": ""krauzlis_B12"", ""spatial_binding"": ""spatial_binding_D0"", ""image_recognition"": ""image_recognition_N12_H3""}","{""orientation_cued"": {}, ""motion_duration_cued"": {}, ""krauzlis_cued_motion"": {}, ""spatial_binding"": {}, ""image_recognition"": {}}"
890,35600,747392,0.680237211054191,0.625,0.361397922039032,0,2.157055616378784,"{""orientation_cued"": 0.6861565709114075, ""motion_duration_cued"": 1.3855395317077637, ""krauzlis_cued_motion"": 0.6353206634521484, ""spatial_binding"": 0.6930795311927795, ""image_recognition"": 0.0010897580068558455}","{""orientation_cued"": 0.625, ""motion_duration_cued"": 0.25, ""krauzlis_cued_motion"": 0.75, ""spatial_binding"": 0.5, ""image_recognition"": 1.0}","{""orientation_cued"": ""orientation_cued_D0"", ""motion_duration_cued"": ""motion_duration_cued_D24"", ""krauzlis_cued_motion"": ""krauzlis_B20"", ""spatial_binding"": ""spatial_binding_D24"", ""image_recognition"": ""image_recognition_N0_H3""}","{""orientation_cued"": {}, ""motion_duration_cued"": {}, ""krauzlis_cued_motion"": {}, ""spatial_binding"": {}, ""image_recognition"": {}}"
891,35640,748264,0.8324622631072998,0.5,0.42296215891838074,0,2.121598720550537,"{""orientation_cued"": 0.6901023387908936, ""motion_duration_cued"": 1.3886250257492065, ""krauzlis_cued_motion"": 0.7022849321365356, ""spatial_binding"": 0.6928423047065735, ""image_recognition"": 0.6884567141532898}","{""orientation_cued"": 0.75, ""motion_duration_cued"": 0.125, ""krauzlis_cued_motion"": 0.5, ""spatial_binding"": 0.5, ""image_recognition"": 0.625}","{""orientation_cued"": ""orientation_cued_D24"", ""motion_duration_cued"": ""motion_duration_cued_D4"", ""krauzlis_cued_motion"": ""krauzlis_B28"", ""spatial_binding"": ""spatial_binding_D4"", ""image_recognition"": ""image_recognition_N4_H4""}","{""orientation_cued"": {}, ""motion_duration_cued"": {}, ""krauzlis_cued_motion"": {}, ""spatial_binding"": {}, ""image_recognition"": {}}"
892,35680,749168,0.837464439868927,0.375,0.5143432021141052,0,2.192910671234131,"{""orientation_cued"": 0.7005027532577515, ""motion_duration_cued"": 1.387625813484192, ""krauzlis_cued_motion"": 0.7027471661567688, ""spatial_binding"": 0.693972110748291, ""image_recognition"": 0.7024743556976318}","{""orientation_cued"": 0.25, ""motion_duration_cued"": 0.25, ""krauzlis_cued_motion"": 0.5, ""spatial_binding"": 0.5, ""image_recognition"": 0.375}","{""orientation_cued"": ""orientation_cued_D12"", ""motion_duration_cued"": ""motion_duration_cued_D12"", ""krauzlis_cued_motion"": ""krauzlis_B20"", ""spatial_binding"": ""spatial_binding_D12"", ""image_recognition"": ""image_recognition_N12_H4""}","{""orientation_cued"": {}, ""motion_duration_cued"": {}, ""krauzlis_cued_motion"": {}, ""spatial_binding"": {}, ""image_recognition"": {}}"
893,35720,749856,0.6964230291545391,0.575,0.5946695804595947,0,1.6492745876312256,"{""orientation_cued"": 0.6838207244873047, ""motion_duration_cued"": 1.3863955736160278, ""krauzlis_cued_motion"": 0.7027357816696167, ""spatial_binding"": 0.6914139986038208, ""image_recognition"": 0.017749067395925522}","{""orientation_cued"": 0.625, ""motion_duration_cued"": 0.25, ""krauzlis_cued_motion"": 0.5, ""spatial_binding"": 0.5, ""image_recognition"": 1.0}","{""orientation_cued"": ""orientation_cued_D0"", ""motion_duration_cued"": ""motion_duration_cued_D12"", ""krauzlis_cued_motion"": ""krauzlis_B28"", ""spatial_binding"": ""spatial_binding_D0"", ""image_recognition"": ""image_recognition_N0_H5""}","{""orientation_cued"": {}, ""motion_duration_cued"": {}, ""krauzlis_cued_motion"": {}, ""spatial_binding"": {}, ""image_recognition"": {}}"
894,35760,751080,0.8371981501579284,0.375,0.26072654128074646,0,2.970128059387207,"{""orientation_cued"": 0.6982468962669373, ""motion_duration_cued"": 1.3862755298614502, ""krauzlis_cued_motion"": 0.7024990320205688, ""spatial_binding"": 0.6928293108940125, ""image_recognition"": 0.7061399817466736}","{""orientation_cued"": 0.375, ""motion_duration_cued"": 0.25, ""krauzlis_cued_motion"": 0.5, ""spatial_binding"": 0.5, ""image_recognition"": 0.25}","{""orientation_cued"": ""orientation_cued_D24"", ""motion_duration_cued"": ""motion_duration_cued_D24"", ""krauzlis_cued_motion"": ""krauzlis_B12"", ""spatial_binding"": ""spatial_binding_D24"", ""image_recognition"": ""image_recognition_N24_H4""}","{""orientation_cued"": {}, ""motion_duration_cued"": {}, ""krauzlis_cued_motion"": {}, ""spatial_binding"": {}, ""image_recognition"": {}}"
895,35800,751800,0.8406032800674439,0.4,0.4164610207080841,0,1.7594823837280273,"{""orientation_cued"": 0.6970504522323608, ""motion_duration_cued"": 1.3878251314163208, ""krauzlis_cued_motion"": 0.7361447215080261, ""spatial_binding"": 0.693531334400177, ""image_recognition"": 0.6884647607803345}","{""orientation_cued"": 0.375, ""motion_duration_cued"": 0.125, ""krauzlis_cued_motion"": 0.375, ""spatial_binding"": 0.5, ""image_recognition"": 0.625}","{""orientation_cued"": ""orientation_cued_D12"", ""motion_duration_cued"": ""motion_duration_cued_D4"", ""krauzlis_cued_motion"": ""krauzlis_B12"", ""spatial_binding"": ""spatial_binding_D4"", ""image_recognition"": ""image_recognition_N12_H5""}","{""orientation_cued"": {}, ""motion_duration_cued"": {}, ""krauzlis_cued_motion"": {}, ""spatial_binding"": {}, ""image_recognition"": {}}"
896,35840,752472,0.811250364780426,0.625,0.5204811096191406,0,1.6185646057128906,"{""orientation_cued"": 0.6928152441978455, ""motion_duration_cued"": 1.385357141494751, ""krauzlis_cued_motion"": 0.6046239733695984, ""spatial_binding"": 0.6933715343475342, ""image_recognition"": 0.6800839304924011}","{""orientation_cued"": 0.5, ""motion_duration_cued"": 0.375, ""krauzlis_cued_motion"": 0.875, ""spatial_binding"": 0.5, ""image_recognition"": 0.875}","{""orientation_cued"": ""orientation_cued_D4"", ""motion_duration_cued"": ""motion_duration_cued_D0"", ""krauzlis_cued_motion"": ""krauzlis_B20"", ""spatial_binding"": ""spatial_binding_D12"", ""image_recognition"": ""image_recognition_N4_H3""}","{""orientation_cued"": {}, ""motion_duration_cued"": {}, ""krauzlis_cued_motion"": {}, ""spatial_binding"": {}, ""image_recognition"": {}}"
897,35880,753576,0.8199203610420227,0.525,0.3649977147579193,0,2.7359135150909424,"{""orientation_cued"": 0.690971851348877, ""motion_duration_cued"": 1.3843498229980469, ""krauzlis_cued_motion"": 0.6364225149154663, ""spatial_binding"": 0.6941196918487549, ""image_recognition"": 0.6937379240989685}","{""orientation_cued"": 0.625, ""motion_duration_cued"": 0.25, ""krauzlis_cued_motion"": 0.75, ""spatial_binding"": 0.5, ""image_recognition"": 0.5}","{""orientation_cued"": ""orientation_cued_D24"", ""motion_duration_cued"": ""motion_duration_cued_D12"", ""krauzlis_cued_motion"": ""krauzlis_B28"", ""spatial_binding"": ""spatial_binding_D24"", ""image_recognition"": ""image_recognition_N4_H5""}","{""orientation_cued"": {""priority_entropy"": 5.117958068847656, ""priority_peak"": 0.008729910477995872, ""priority_gradient_norm"": 0.17490507662296295, ""attention_gradient_norm"": 0.0032736805733293295}, ""motion_duration_cued"": {""priority_entropy"": 5.1233391761779785, ""priority_peak"": 0.007762441877275705, ""priority_gradient_norm"": 0.2481684535741806, ""attention_gradient_norm"": 0.005157281178981066}, ""krauzlis_cued_motion"": {""priority_entropy"": 5.128721714019775, ""priority_peak"": 0.006633453071117401, ""priority_gradient_norm"": 0.3532167375087738, ""attention_gradient_norm"": 0.007756996434181929}, ""spatial_binding"": {""priority_entropy"": 5.1289496421813965, ""priority_peak"": 0.006618008017539978, ""priority_gradient_norm"": 0.3538070023059845, ""attention_gradient_norm"": 0.00783577561378479}, ""image_recognition"": {""priority_entropy"": 5.129000186920166, ""priority_peak"": 0.006513745523989201, ""priority_gradient_norm"": 0.35438936948776245, ""attention_gradient_norm"": 0.00830492377281189}}"
898,35920,754320,0.6890046872431412,0.55,0.3297986090183258,0,1.8209688663482666,"{""orientation_cued"": 0.6959592700004578, ""motion_duration_cued"": 1.386347770690918, ""krauzlis_cued_motion"": 0.6687567830085754, ""spatial_binding"": 0.6920962929725647, ""image_recognition"": 0.0018633195431903005}","{""orientation_cued"": 0.375, ""motion_duration_cued"": 0.25, ""krauzlis_cued_motion"": 0.625, ""spatial_binding"": 0.5, ""image_recognition"": 1.0}","{""orientation_cued"": ""orientation_cued_D12"", ""motion_duration_cued"": ""motion_duration_cued_D4"", ""krauzlis_cued_motion"": ""krauzlis_B20"", ""spatial_binding"": ""spatial_binding_D12"", ""image_recognition"": ""image_recognition_N0_H4""}","{""orientation_cued"": {}, ""motion_duration_cued"": {}, ""krauzlis_cued_motion"": {}, ""spatial_binding"": {}, ""image_recognition"": {}}"
899,35960,755088,0.8271087884902955,0.5,0.2090798169374466,0,1.8462700843811035,"{""orientation_cued"": 0.6958233714103699, ""motion_duration_cued"": 1.3835276365280151, ""krauzlis_cued_motion"": 0.667833149433136, ""spatial_binding"": 0.6933413743972778, ""image_recognition"": 0.6950184106826782}","{""orientation_cued"": 0.5, ""motion_duration_cued"": 0.25, ""krauzlis_cued_motion"": 0.625, ""spatial_binding"": 0.5, ""image_recognition"": 0.625}","{""orientation_cued"": ""orientation_cued_D0"", ""motion_duration_cued"": ""motion_duration_cued_D0"", ""krauzlis_cued_motion"": ""krauzlis_B28"", ""spatial_binding"": ""spatial_binding_D0"", ""image_recognition"": ""image_recognition_N24_H3""}","{""orientation_cued"": {}, ""motion_duration_cued"": {}, ""krauzlis_cued_motion"": {}, ""spatial_binding"": {}, ""image_recognition"": {}}"
900,36000,756000,0.8321596145629883,0.5,0.21497184038162231,0,2.2084033489227295,"{""orientation_cued"": 0.6933033466339111, ""motion_duration_cued"": 1.3863439559936523, ""krauzlis_cued_motion"": 0.7038453221321106, ""spatial_binding"": 0.6928569078445435, ""image_recognition"": 0.6844485402107239}","{""orientation_cued"": 0.5, ""motion_duration_cued"": 0.375, ""krauzlis_cued_motion"": 0.5, ""spatial_binding"": 0.5, ""image_recognition"": 0.625}","{""orientation_cued"": ""orientation_cued_D4"", ""motion_duration_cued"": ""motion_duration_cued_D24"", ""krauzlis_cued_motion"": ""krauzlis_B12"", ""spatial_binding"": ""spatial_binding_D4"", ""image_recognition"": ""image_recognition_N24_H5""}","{""orientation_cued"": {}, ""motion_duration_cued"": {}, ""krauzlis_cued_motion"": {}, ""spatial_binding"": {}, ""image_recognition"": {}}"
901,36040,756808,0.8356128334999084,0.425,0.24240915477275848,0,1.9632329940795898,"{""orientation_cued"": 0.6933799982070923, ""motion_duration_cued"": 1.3887578248977661, ""krauzlis_cued_motion"": 0.7032408118247986, ""spatial_binding"": 0.6940221786499023, ""image_recognition"": 0.6986633539199829}","{""orientation_cued"": 0.5, ""motion_duration_cued"": 0.25, ""krauzlis_cued_motion"": 0.5, ""spatial_binding"": 0.375, ""image_recognition"": 0.5}","{""orientation_cued"": ""orientation_cued_D4"", ""motion_duration_cued"": ""motion_duration_cued_D4"", ""krauzlis_cued_motion"": ""krauzlis_B12"", ""spatial_binding"": ""spatial_binding_D24"", ""image_recognition"": ""image_recognition_N12_H4""}","{""orientation_cued"": {}, ""motion_duration_cued"": {}, ""krauzlis_cued_motion"": {}, ""spatial_binding"": {}, ""image_recognition"": {}}"
902,36080,757872,0.833225405216217,0.425,0.21722671389579773,0,2.5578322410583496,"{""orientation_cued"": 0.6933935880661011, ""motion_duration_cued"": 1.3879320621490479, ""krauzlis_cued_motion"": 0.7034812569618225, ""spatial_binding"": 0.6924892067909241, ""image_recognition"": 0.6888309121131897}","{""orientation_cued"": 0.5, ""motion_duration_cued"": 0.125, ""krauzlis_cued_motion"": 0.5, ""spatial_binding"": 0.5, ""image_recognition"": 0.5}","{""orientation_cued"": ""orientation_cued_D24"", ""motion_duration_cued"": ""motion_duration_cued_D12"", ""krauzlis_cued_motion"": ""krauzlis_B28"", ""spatial_binding"": ""spatial_binding_D0"", ""image_recognition"": ""image_recognition_N24_H4""}","{""orientation_cued"": {}, ""motion_duration_cued"": {}, ""krauzlis_cued_motion"": {}, ""spatial_binding"": {}, ""image_recognition"": {}}"
903,36120,758712,0.8338576197624207,0.425,0.5057964324951172,0,2.0385823249816895,"{""orientation_cued"": 0.694550096988678, ""motion_duration_cued"": 1.385673999786377, ""krauzlis_cued_motion"": 0.7039906978607178, ""spatial_binding"": 0.6935346722602844, ""image_recognition"": 0.6915386319160461}","{""orientation_cued"": 0.5, ""motion_duration_cued"": 0.25, ""krauzlis_cued_motion"": 0.5, ""spatial_binding"": 0.375, ""image_recognition"": 0.5}","{""orientation_cued"": ""orientation_cued_D0"", ""motion_duration_cued"": ""motion_duration_cued_D24"", ""krauzlis_cued_motion"": ""krauzlis_B20"", ""spatial_binding"": ""spatial_binding_D12"", ""image_recognition"": ""image_recognition_N4_H4""}","{""orientation_cued"": {}, ""motion_duration_cued"": {}, ""krauzlis_cued_motion"": {}, ""spatial_binding"": {}, ""image_recognition"": {}}"
904,36160,759560,0.8318386554718018,0.525,0.23666149377822876,0,2.0718188285827637,"{""orientation_cued"": 0.69331294298172, ""motion_duration_cued"": 1.3842206001281738, ""krauzlis_cued_motion"": 0.7043728828430176, ""spatial_binding"": 0.6932412981987, ""image_recognition"": 0.6840455532073975}","{""orientation_cued"": 0.5, ""motion_duration_cued"": 0.375, ""krauzlis_cued_motion"": 0.5, ""spatial_binding"": 0.5, ""image_recognition"": 0.75}","{""orientation_cued"": ""orientation_cued_D12"", ""motion_duration_cued"": ""motion_duration_cued_D0"", ""krauzlis_cued_motion"": ""krauzlis_B20"", ""spatial_binding"": ""spatial_binding_D4"", ""image_recognition"": ""image_recognition_N24_H5""}","{""orientation_cued"": {}, ""motion_duration_cued"": {}, ""krauzlis_cued_motion"": {}, ""spatial_binding"": {}, ""image_recognition"": {}}"
905,36200,760528,0.687187157291919,0.625,0.2673460841178894,0,2.330092668533325,"{""orientation_cued"": 0.6929961442947388, ""motion_duration_cued"": 1.3827309608459473, ""krauzlis_cued_motion"": 0.6675078868865967, ""spatial_binding"": 0.6917258501052856, ""image_recognition"": 0.0009749443270266056}","{""orientation_cued"": 0.5, ""motion_duration_cued"": 0.375, ""krauzlis_cued_motion"": 0.625, ""spatial_binding"": 0.625, ""image_recognition"": 1.0}","{""orientation_cued"": ""orientation_cued_D12"", ""motion_duration_cued"": ""motion_duration_cued_D12"", ""krauzlis_cued_motion"": ""krauzlis_B28"", ""spatial_binding"": ""spatial_binding_D24"", ""image_recognition"": ""image_recognition_N0_H4""}","{""orientation_cued"": {}, ""motion_duration_cued"": {}, ""krauzlis_cued_motion"": {}, ""spatial_binding"": {}, ""image_recognition"": {}}"
906,36240,761216,0.8276781916618348,0.5,0.2799423635005951,0,1.6718366146087646,"{""orientation_cued"": 0.696336567401886, ""motion_duration_cued"": 1.3872947692871094, ""krauzlis_cued_motion"": 0.6675757765769958, ""spatial_binding"": 0.6932744979858398, ""image_recognition"": 0.6939093470573425}","{""orientation_cued"": 0.5, ""motion_duration_cued"": 0.375, ""krauzlis_cued_motion"": 0.625, ""spatial_binding"": 0.5, ""image_recognition"": 0.5}","{""orientation_cued"": ""orientation_cued_D0"", ""motion_duration_cued"": ""motion_duration_cued_D4"", ""krauzlis_cued_motion"": ""krauzlis_B12"", ""spatial_binding"": ""spatial_binding_D12"", ""image_recognition"": ""image_recognition_N12_H5""}","{""orientation_cued"": {}, ""motion_duration_cued"": {}, ""krauzlis_cued_motion"": {}, ""spatial_binding"": {}, ""image_recognition"": {}}"
907,36280,762304,0.8257344365119934,0.475,0.12198937684297562,0,2.6369340419769287,"{""orientation_cued"": 0.693299412727356, ""motion_duration_cued"": 1.3866140842437744, ""krauzlis_cued_motion"": 0.6681588292121887, ""spatial_binding"": 0.6931794285774231, ""image_recognition"": 0.6874204277992249}","{""orientation_cued"": 0.5, ""motion_duration_cued"": 0.25, ""krauzlis_cued_motion"": 0.625, ""spatial_binding"": 0.5, ""image_recognition"": 0.5}","{""orientation_cued"": ""orientation_cued_D24"", ""motion_duration_cued"": ""motion_duration_cued_D24"", ""krauzlis_cued_motion"": ""krauzlis_B28"", ""spatial_binding"": ""spatial_binding_D4"", ""image_recognition"": ""image_recognition_N12_H3""}","{""orientation_cued"": {}, ""motion_duration_cued"": {}, ""krauzlis_cued_motion"": {}, ""spatial_binding"": {}, ""image_recognition"": {}}"
908,36320,762800,0.6959352158010006,0.55,0.11194900423288345,0,1.1928026676177979,"{""orientation_cued"": 0.6932295560836792, ""motion_duration_cued"": 1.3862650394439697, ""krauzlis_cued_motion"": 0.7041112780570984, ""spatial_binding"": 0.6946927309036255, ""image_recognition"": 0.0013774745166301727}","{""orientation_cued"": 0.5, ""motion_duration_cued"": 0.25, ""krauzlis_cued_motion"": 0.5, ""spatial_binding"": 0.5, ""image_recognition"": 1.0}","{""orientation_cued"": ""orientation_cued_D4"", ""motion_duration_cued"": ""motion_duration_cued_D0"", ""krauzlis_cued_motion"": ""krauzlis_B12"", ""spatial_binding"": ""spatial_binding_D0"", ""image_recognition"": ""image_recognition_N0_H5""}","{""orientation_cued"": {}, ""motion_duration_cued"": {}, ""krauzlis_cued_motion"": {}, ""spatial_binding"": {}, ""image_recognition"": {}}"
909,36360,763984,0.8264323949813843,0.475,0.24465897679328918,0,2.8500773906707764,"{""orientation_cued"": 0.692999541759491, ""motion_duration_cued"": 1.3911898136138916, ""krauzlis_cued_motion"": 0.6677505970001221, ""spatial_binding"": 0.6935011744499207, ""image_recognition"": 0.6867208480834961}","{""orientation_cued"": 0.5, ""motion_duration_cued"": 0.125, ""krauzlis_cued_motion"": 0.625, ""spatial_binding"": 0.5, ""image_recognition"": 0.625}","{""orientation_cued"": ""orientation_cued_D24"", ""motion_duration_cued"": ""motion_duration_cued_D24"", ""krauzlis_cued_motion"": ""krauzlis_B20"", ""spatial_binding"": ""spatial_binding_D12"", ""image_recognition"": ""image_recognition_N24_H3""}","{""orientation_cued"": {}, ""motion_duration_cued"": {}, ""krauzlis_cued_motion"": {}, ""spatial_binding"": {}, ""image_recognition"": {}}"
910,36400,764768,0.8186277151107788,0.55,0.3072730004787445,0,1.8996431827545166,"{""orientation_cued"": 0.6959677934646606, ""motion_duration_cued"": 1.384088158607483, ""krauzlis_cued_motion"": 0.6318217515945435, ""spatial_binding"": 0.6928460597991943, ""image_recognition"": 0.6884148120880127}","{""orientation_cued"": 0.5, ""motion_duration_cued"": 0.375, ""krauzlis_cued_motion"": 0.75, ""spatial_binding"": 0.5, ""image_recognition"": 0.625}","{""orientation_cued"": ""orientation_cued_D0"", ""motion_duration_cued"": ""motion_duration_cued_D12"", ""krauzlis_cued_motion"": ""krauzlis_B12"", ""spatial_binding"": ""spatial_binding_D24"", ""image_recognition"": ""image_recognition_N4_H5""}","{""orientation_cued"": {}, ""motion_duration_cued"": {}, ""krauzlis_cued_motion"": {}, ""spatial_binding"": {}, ""image_recognition"": {}}"
911,36440,765408,0.8283889532089234,0.45,0.22523389756679535,0,1.544358253479004,"{""orientation_cued"": 0.6933879256248474, ""motion_duration_cued"": 1.388328194618225, ""krauzlis_cued_motion"": 0.6672489643096924, ""spatial_binding"": 0.6956303715705872, ""image_recognition"": 0.6973493099212646}","{""orientation_cued"": 0.5, ""motion_duration_cued"": 0.25, ""krauzlis_cued_motion"": 0.625, ""spatial_binding"": 0.5, ""image_recognition"": 0.375}","{""orientation_cued"": ""orientation_cued_D12"", ""motion_duration_cued"": ""motion_duration_cued_D0"", ""krauzlis_cued_motion"": ""krauzlis_B20"", ""spatial_binding"": ""spatial_binding_D0"", ""image_recognition"": ""image_recognition_N4_H3""}","{""orientation_cued"": {}, ""motion_duration_cued"": {}, ""krauzlis_cued_motion"": {}, ""spatial_binding"": {}, ""image_recognition"": {}}"
912,36480,766080,0.7035442892694845,0.525,0.3204987645149231,0,1.6386771202087402,"{""orientation_cued"": 0.6937647461891174, ""motion_duration_cued"": 1.387101173400879, ""krauzlis_cued_motion"": 0.7416762709617615, ""spatial_binding"": 0.6938732266426086, ""image_recognition"": 0.0013060291530564427}","{""orientation_cued"": 0.5, ""motion_duration_cued"": 0.25, ""krauzlis_cued_motion"": 0.375, ""spatial_binding"": 0.5, ""image_recognition"": 1.0}","{""orientation_cued"": ""orientation_cued_D4"", ""motion_duration_cued"": ""motion_duration_cued_D4"", ""krauzlis_cued_motion"": ""krauzlis_B28"", ""spatial_binding"": ""spatial_binding_D4"", ""image_recognition"": ""image_recognition_N0_H3""}","{""orientation_cued"": {}, ""motion_duration_cued"": {}, ""krauzlis_cued_motion"": {}, ""spatial_binding"": {}, ""image_recognition"": {}}"
913,36520,766792,0.6807467001955956,0.65,0.29579055309295654,0,1.7026302814483643,"{""orientation_cued"": 0.6945496201515198, ""motion_duration_cued"": 1.3864121437072754, ""krauzlis_cued_motion"": 0.6301603317260742, ""spatial_binding"": 0.6915579438209534, ""image_recognition"": 0.0010534615721553564}","{""orientation_cued"": 0.5, ""motion_duration_cued"": 0.25, ""krauzlis_cued_motion"": 0.75, ""spatial_binding"": 0.75, ""image_recognition"": 1.0}","{""orientation_cued"": ""orientation_cued_D0"", ""motion_duration_cued"": ""motion_duration_cued_D24"", ""krauzlis_cued_motion"": ""krauzlis_B20"", ""spatial_binding"": ""spatial_binding_D0"", ""image_recognition"": ""image_recognition_N0_H4""}","{""orientation_cued"": {}, ""motion_duration_cued"": {}, ""krauzlis_cued_motion"": {}, ""spatial_binding"": {}, ""image_recognition"": {}}"
914,36560,767576,0.8411826610565185,0.425,0.33056581020355225,0,1.9001901149749756,"{""orientation_cued"": 0.6929837465286255, ""motion_duration_cued"": 1.3870434761047363, ""krauzlis_cued_motion"": 0.7429656386375427, ""spatial_binding"": 0.6920997500419617, ""image_recognition"": 0.6908206939697266}","{""orientation_cued"": 0.5, ""motion_duration_cued"": 0.25, ""krauzlis_cued_motion"": 0.375, ""spatial_binding"": 0.5, ""image_recognition"": 0.5}","{""orientation_cued"": ""orientation_cued_D12"", ""motion_duration_cued"": ""motion_duration_cued_D0"", ""krauzlis_cued_motion"": ""krauzlis_B12"", ""spatial_binding"": ""spatial_binding_D24"", ""image_recognition"": ""image_recognition_N4_H5""}","{""orientation_cued"": {}, ""motion_duration_cued"": {}, ""krauzlis_cued_motion"": {}, ""spatial_binding"": {}, ""image_recognition"": {}}"
915,36600,768680,0.8427422165870666,0.45,0.37371861934661865,0,2.6657469272613525,"{""orientation_cued"": 0.6952676773071289, ""motion_duration_cued"": 1.3835474252700806, ""krauzlis_cued_motion"": 0.742223858833313, ""spatial_binding"": 0.6932045221328735, ""image_recognition"": 0.6994675993919373}","{""orientation_cued"": 0.375, ""motion_duration_cued"": 0.375, ""krauzlis_cued_motion"": 0.375, ""spatial_binding"": 0.5, ""image_recognition"": 0.625}","{""orientation_cued"": ""orientation_cued_D24"", ""motion_duration_cued"": ""motion_duration_cued_D12"", ""krauzlis_cued_motion"": ""krauzlis_B28"", ""spatial_binding"": ""spatial_binding_D4"", ""image_recognition"": ""image_recognition_N24_H5""}","{""orientation_cued"": {}, ""motion_duration_cued"": {}, ""krauzlis_cued_motion"": {}, ""spatial_binding"": {}, ""image_recognition"": {}}"
916,36640,769456,0.8380472660064697,0.425,0.38670292496681213,0,1.868699073791504,"{""orientation_cued"": 0.6891924738883972, ""motion_duration_cued"": 1.3881680965423584, ""krauzlis_cued_motion"": 0.7409780621528625, ""spatial_binding"": 0.6929709911346436, ""image_recognition"": 0.6789267063140869}","{""orientation_cued"": 0.625, ""motion_duration_cued"": 0.25, ""krauzlis_cued_motion"": 0.375, ""spatial_binding"": 0.5, ""image_recognition"": 0.375}","{""orientation_cued"": ""orientation_cued_D4"", ""motion_duration_cued"": ""motion_duration_cued_D4"", ""krauzlis_cued_motion"": ""krauzlis_B20"", ""spatial_binding"": ""spatial_binding_D12"", ""image_recognition"": ""image_recognition_N12_H4""}","{""orientation_cued"": {}, ""motion_duration_cued"": {}, ""krauzlis_cued_motion"": {}, ""spatial_binding"": {}, ""image_recognition"": {}}"
917,36680,770552,0.8340280294418335,0.475,0.21494439244270325,0,2.644355535507202,"{""orientation_cued"": 0.6936001777648926, ""motion_duration_cued"": 1.382915735244751, ""krauzlis_cued_motion"": 0.7030525207519531, ""spatial_binding"": 0.6928021311759949, ""image_recognition"": 0.6977695822715759}","{""orientation_cued"": 0.5, ""motion_duration_cued"": 0.375, ""krauzlis_cued_motion"": 0.5, ""spatial_binding"": 0.5, ""image_recognition"": 0.5}","{""orientation_cued"": ""orientation_cued_D24"", ""motion_duration_cued"": ""motion_duration_cued_D12"", ""krauzlis_cued_motion"": ""krauzlis_B28"", ""spatial_binding"": ""spatial_binding_D4"", ""image_recognition"": ""image_recognition_N24_H4""}","{""orientation_cued"": {}, ""motion_duration_cued"": {}, ""krauzlis_cued_motion"": {}, ""spatial_binding"": {}, ""image_recognition"": {}}"
918,36720,771288,0.824327003955841,0.5,0.2321120649576187,0,1.791987657546997,"{""orientation_cued"": 0.6929783821105957, ""motion_duration_cued"": 1.3887355327606201, ""krauzlis_cued_motion"": 0.6690380573272705, ""spatial_binding"": 0.6925658583641052, ""image_recognition"": 0.6783171892166138}","{""orientation_cued"": 0.5, ""motion_duration_cued"": 0.25, ""krauzlis_cued_motion"": 0.625, ""spatial_binding"": 0.5, ""image_recognition"": 0.625}","{""orientation_cued"": ""orientation_cued_D0"", ""motion_duration_cued"": ""motion_duration_cued_D0"", ""krauzlis_cued_motion"": ""krauzlis_B12"", ""spatial_binding"": ""spatial_binding_D24"", ""image_recognition"": ""image_recognition_N12_H3""}","{""orientation_cued"": {}, ""motion_duration_cued"": {}, ""krauzlis_cued_motion"": {}, ""spatial_binding"": {}, ""image_recognition"": {}}"
919,36760,771896,0.8338473200798034,0.425,0.2924131155014038,0,1.4605765342712402,"{""orientation_cued"": 0.6971665024757385, ""motion_duration_cued"": 1.3836673498153687, ""krauzlis_cued_motion"": 0.7007004022598267, ""spatial_binding"": 0.6956047415733337, ""image_recognition"": 0.6920976042747498}","{""orientation_cued"": 0.375, ""motion_duration_cued"": 0.25, ""krauzlis_cued_motion"": 0.5, ""spatial_binding"": 0.5, ""image_recognition"": 0.5}","{""orientation_cued"": ""orientation_cued_D12"", ""motion_duration_cued"": ""motion_duration_cued_D4"", ""krauzlis_cued_motion"": ""krauzlis_B12"", ""spatial_binding"": ""spatial_binding_D0"", ""image_recognition"": ""image_recognition_N4_H3""}","{""orientation_cued"": {}, ""motion_duration_cued"": {}, ""krauzlis_cued_motion"": {}, ""spatial_binding"": {}, ""image_recognition"": {}}"
920,36800,772920,0.8141769409179688,0.6,0.5065110325813293,0,2.4733715057373047,"{""orientation_cued"": 0.6884057521820068, ""motion_duration_cued"": 1.3935068845748901, ""krauzlis_cued_motion"": 0.6116000413894653, ""spatial_binding"": 0.691827654838562, ""image_recognition"": 0.6855443716049194}","{""orientation_cued"": 0.625, ""motion_duration_cued"": 0.125, ""krauzlis_cued_motion"": 0.875, ""spatial_binding"": 0.75, ""image_recognition"": 0.625}","{""orientation_cued"": ""orientation_cued_D4"", ""motion_duration_cued"": ""motion_duration_cued_D24"", ""krauzlis_cued_motion"": ""krauzlis_B20"", ""spatial_binding"": ""spatial_binding_D12"", ""image_recognition"": ""image_recognition_N24_H3""}","{""orientation_cued"": {}, ""motion_duration_cued"": {}, ""krauzlis_cued_motion"": {}, ""spatial_binding"": {}, ""image_recognition"": {}}"
921,36840,773856,0.819760262966156,0.55,0.5266918540000916,0,2.2347373962402344,"{""orientation_cued"": 0.6994761228561401, ""motion_duration_cued"": 1.379368543624878, ""krauzlis_cued_motion"": 0.6411097645759583, ""spatial_binding"": 0.6934787631034851, ""image_recognition"": 0.6853681206703186}","{""orientation_cued"": 0.25, ""motion_duration_cued"": 0.375, ""krauzlis_cued_motion"": 0.75, ""spatial_binding"": 0.625, ""image_recognition"": 0.75}","{""orientation_cued"": ""orientation_cued_D24"", ""motion_duration_cued"": ""motion_duration_cued_D12"", ""krauzlis_cued_motion"": ""krauzlis_B28"", ""spatial_binding"": ""spatial_binding_D4"", ""image_recognition"": ""image_recognition_N4_H4""}","{""orientation_cued"": {}, ""motion_duration_cued"": {}, ""krauzlis_cued_motion"": {}, ""spatial_binding"": {}, ""image_recognition"": {}}"
922,36880,774688,0.7008653117343784,0.6,0.5076133608818054,0,2.015040874481201,"{""orientation_cued"": 0.6904852986335754, ""motion_duration_cued"": 1.3875054121017456, ""krauzlis_cued_motion"": 0.7312675714492798, ""spatial_binding"": 0.6932858824729919, ""image_recognition"": 0.0017823940142989159}","{""orientation_cued"": 0.75, ""motion_duration_cued"": 0.375, ""krauzlis_cued_motion"": 0.375, ""spatial_binding"": 0.5, ""image_recognition"": 1.0}","{""orientation_cued"": ""orientation_cued_D12"", ""motion_duration_cued"": ""motion_duration_cued_D4"", ""krauzlis_cued_motion"": ""krauzlis_B20"", ""spatial_binding"": ""spatial_binding_D24"", ""image_recognition"": ""image_recognition_N0_H3""}","{""orientation_cued"": {}, ""motion_duration_cued"": {}, ""krauzlis_cued_motion"": {}, ""spatial_binding"": {}, ""image_recognition"": {}}"
923,36920,775376,0.8290305495262146,0.475,0.35286852717399597,0,1.677079677581787,"{""orientation_cued"": 0.6936166882514954, ""motion_duration_cued"": 1.3939878940582275, ""krauzlis_cued_motion"": 0.6699181199073792, ""spatial_binding"": 0.6933200359344482, ""image_recognition"": 0.6943100094795227}","{""orientation_cued"": 0.5, ""motion_duration_cued"": 0.125, ""krauzlis_cued_motion"": 0.625, ""spatial_binding"": 0.5, ""image_recognition"": 0.625}","{""orientation_cued"": ""orientation_cued_D4"", ""motion_duration_cued"": ""motion_duration_cued_D0"", ""krauzlis_cued_motion"": ""krauzlis_B12"", ""spatial_binding"": ""spatial_binding_D12"", ""image_recognition"": ""image_recognition_N12_H5""}","{""orientation_cued"": {}, ""motion_duration_cued"": {}, ""krauzlis_cued_motion"": {}, ""spatial_binding"": {}, ""image_recognition"": {}}"
924,36960,776160,0.6952798690297641,0.55,0.3408823311328888,0,1.8770012855529785,"{""orientation_cued"": 0.6922038197517395, ""motion_duration_cued"": 1.3892256021499634, ""krauzlis_cued_motion"": 0.7013028860092163, ""spatial_binding"": 0.6927647590637207, ""image_recognition"": 0.0009022781741805375}","{""orientation_cued"": 0.5, ""motion_duration_cued"": 0.25, ""krauzlis_cued_motion"": 0.5, ""spatial_binding"": 0.5, ""image_recognition"": 1.0}","{""orientation_cued"": ""orientation_cued_D0"", ""motion_duration_cued"": ""motion_duration_cued_D24"", ""krauzlis_cued_motion"": ""krauzlis_B28"", ""spatial_binding"": ""spatial_binding_D0"", ""image_recognition"": ""image_recognition_N0_H5""}","{""orientation_cued"": {}, ""motion_duration_cued"": {}, ""krauzlis_cued_motion"": {}, ""spatial_binding"": {}, ""image_recognition"": {}}"
925,37000,776880,0.6743810380110518,0.675,0.548973798751831,0,1.7517688274383545,"{""orientation_cued"": 0.6866602897644043, ""motion_duration_cued"": 1.3838495016098022, ""krauzlis_cued_motion"": 0.6076964139938354, ""spatial_binding"": 0.6923930644989014, ""image_recognition"": 0.0013059201883152127}","{""orientation_cued"": 0.625, ""motion_duration_cued"": 0.375, ""krauzlis_cued_motion"": 0.875, ""spatial_binding"": 0.5, ""image_recognition"": 1.0}","{""orientation_cued"": ""orientation_cued_D0"", ""motion_duration_cued"": ""motion_duration_cued_D24"", ""krauzlis_cued_motion"": ""krauzlis_B20"", ""spatial_binding"": ""spatial_binding_D0"", ""image_recognition"": ""image_recognition_N0_H5""}","{""orientation_cued"": {}, ""motion_duration_cued"": {}, ""krauzlis_cued_motion"": {}, ""spatial_binding"": {}, ""image_recognition"": {}}"
926,37040,777808,0.836645758152008,0.4,0.36905112862586975,0,2.2183074951171875,"{""orientation_cued"": 0.6929867267608643, ""motion_duration_cued"": 1.393007755279541, ""krauzlis_cued_motion"": 0.7018972039222717, ""spatial_binding"": 0.6938728094100952, ""image_recognition"": 0.7014642953872681}","{""orientation_cued"": 0.625, ""motion_duration_cued"": 0.125, ""krauzlis_cued_motion"": 0.5, ""spatial_binding"": 0.5, ""image_recognition"": 0.25}","{""orientation_cued"": ""orientation_cued_D24"", ""motion_duration_cued"": ""motion_duration_cued_D0"", ""krauzlis_cued_motion"": ""krauzlis_B12"", ""spatial_binding"": ""spatial_binding_D12"", ""image_recognition"": ""image_recognition_N24_H3""}","{""orientation_cued"": {}, ""motion_duration_cued"": {}, ""krauzlis_cued_motion"": {}, ""spatial_binding"": {}, ""image_recognition"": {}}"
927,37080,778808,0.8274030327796936,0.5,0.21654178202152252,0,2.409503221511841,"{""orientation_cued"": 0.6931905150413513, ""motion_duration_cued"": 1.3853787183761597, ""krauzlis_cued_motion"": 0.6687217354774475, ""spatial_binding"": 0.6939396262168884, ""image_recognition"": 0.6957845687866211}","{""orientation_cued"": 0.5, ""motion_duration_cued"": 0.25, ""krauzlis_cued_motion"": 0.625, ""spatial_binding"": 0.5, ""image_recognition"": 0.625}","{""orientation_cued"": ""orientation_cued_D12"", ""motion_duration_cued"": ""motion_duration_cued_D12"", ""krauzlis_cued_motion"": ""krauzlis_B28"", ""spatial_binding"": ""spatial_binding_D24"", ""image_recognition"": ""image_recognition_N4_H4""}","{""orientation_cued"": {}, ""motion_duration_cued"": {}, ""krauzlis_cued_motion"": {}, ""spatial_binding"": {}, ""image_recognition"": {}}"
928,37120,779448,0.8176331877708435,0.5,0.33865779638290405,0,1.5584852695465088,"{""orientation_cued"": 0.6931506395339966, ""motion_duration_cued"": 1.383955717086792, ""krauzlis_cued_motion"": 0.6327528357505798, ""spatial_binding"": 0.6923469305038452, ""image_recognition"": 0.6859598159790039}","{""orientation_cued"": 0.5, ""motion_duration_cued"": 0.375, ""krauzlis_cued_motion"": 0.75, ""spatial_binding"": 0.5, ""image_recognition"": 0.375}","{""orientation_cued"": ""orientation_cued_D4"", ""motion_duration_cued"": ""motion_duration_cued_D4"", ""krauzlis_cued_motion"": ""krauzlis_B12"", ""spatial_binding"": ""spatial_binding_D4"", ""image_recognition"": ""image_recognition_N12_H3""}","{""orientation_cued"": {}, ""motion_duration_cued"": {}, ""krauzlis_cued_motion"": {}, ""spatial_binding"": {}, ""image_recognition"": {}}"
929,37160,780232,0.8356446504592896,0.4,0.2989986836910248,0,1.880723237991333,"{""orientation_cued"": 0.6932259798049927, ""motion_duration_cued"": 1.3873189687728882, ""krauzlis_cued_motion"": 0.7037231922149658, ""spatial_binding"": 0.6929640173912048, ""image_recognition"": 0.7009910941123962}","{""orientation_cued"": 0.5, ""motion_duration_cued"": 0.125, ""krauzlis_cued_motion"": 0.5, ""spatial_binding"": 0.5, ""image_recognition"": 0.375}","{""orientation_cued"": ""orientation_cued_D4"", ""motion_duration_cued"": ""motion_duration_cued_D12"", ""krauzlis_cued_motion"": ""krauzlis_B20"", ""spatial_binding"": ""spatial_binding_D4"", ""image_recognition"": ""image_recognition_N12_H5""}","{""orientation_cued"": {}, ""motion_duration_cued"": {}, ""krauzlis_cued_motion"": {}, ""spatial_binding"": {}, ""image_recognition"": {}}"
930,37200,781224,0.8247514724731445,0.5,0.2994677424430847,0,2.5369985103607178,"{""orientation_cued"": 0.6931974291801453, ""motion_duration_cued"": 1.3857421875, ""krauzlis_cued_motion"": 0.6660755276679993, ""spatial_binding"": 0.6934771537780762, ""image_recognition"": 0.685265064239502}","{""orientation_cued"": 0.5, ""motion_duration_cued"": 0.375, ""krauzlis_cued_motion"": 0.625, ""spatial_binding"": 0.5, ""image_recognition"": 0.5}","{""orientation_cued"": ""orientation_cued_D12"", ""motion_duration_cued"": ""motion_duration_cued_D24"", ""krauzlis_cued_motion"": ""krauzlis_B28"", ""spatial_binding"": ""spatial_binding_D12"", ""image_recognition"": ""image_recognition_N4_H3""}","{""orientation_cued"": {}, ""motion_duration_cued"": {}, ""krauzlis_cued_motion"": {}, ""spatial_binding"": {}, ""image_recognition"": {}}"
931,37240,782128,0.8271614670753479,0.45,0.35638561844825745,0,2.2049217224121094,"{""orientation_cued"": 0.6946374773979187, ""motion_duration_cued"": 1.3970868587493896, ""krauzlis_cued_motion"": 0.665989339351654, ""spatial_binding"": 0.6933218836784363, ""image_recognition"": 0.6847717761993408}","{""orientation_cued"": 0.5, ""motion_duration_cued"": 0.125, ""krauzlis_cued_motion"": 0.625, ""spatial_binding"": 0.5, ""image_recognition"": 0.5}","{""orientation_cued"": ""orientation_cued_D0"", ""motion_duration_cued"": ""motion_duration_cued_D0"", ""krauzlis_cued_motion"": ""krauzlis_B20"", ""spatial_binding"": ""spatial_binding_D24"", ""image_recognition"": ""image_recognition_N24_H4""}","{""orientation_cued"": {}, ""motion_duration_cued"": {}, ""krauzlis_cued_motion"": {}, ""spatial_binding"": {}, ""image_recognition"": {}}"
932,37280,782800,0.6870062069850974,0.55,0.33737489581108093,0,1.7422521114349365,"{""orientation_cued"": 0.6934622526168823, ""motion_duration_cued"": 1.3841195106506348, ""krauzlis_cued_motion"": 0.6648085713386536, ""spatial_binding"": 0.6919318437576294, ""image_recognition"": 0.0007088565616868436}","{""orientation_cued"": 0.375, ""motion_duration_cued"": 0.25, ""krauzlis_cued_motion"": 0.625, ""spatial_binding"": 0.5, ""image_recognition"": 1.0}","{""orientation_cued"": ""orientation_cued_D24"", ""motion_duration_cued"": ""motion_duration_cued_D4"", ""krauzlis_cued_motion"": ""krauzlis_B12"", ""spatial_binding"": ""spatial_binding_D0"", ""image_recognition"": ""image_recognition_N0_H3""}","{""orientation_cued"": {}, ""motion_duration_cued"": {}, ""krauzlis_cued_motion"": {}, ""spatial_binding"": {}, ""image_recognition"": {}}"
933,37320,783608,0.7133539375616238,0.475,0.5595678687095642,0,2.0103232860565186,"{""orientation_cued"": 0.6932204961776733, ""motion_duration_cued"": 1.385270357131958, ""krauzlis_cued_motion"": 0.7941890954971313, ""spatial_binding"": 0.6929871439933777, ""image_recognition"": 0.0011025950079783797}","{""orientation_cued"": 0.375, ""motion_duration_cued"": 0.25, ""krauzlis_cued_motion"": 0.25, ""spatial_binding"": 0.5, ""image_recognition"": 1.0}","{""orientation_cued"": ""orientation_cued_D24"", ""motion_duration_cued"": ""motion_duration_cued_D0"", ""krauzlis_cued_motion"": ""krauzlis_B28"", ""spatial_binding"": ""spatial_binding_D4"", ""image_recognition"": ""image_recognition_N0_H4""}","{""orientation_cued"": {}, ""motion_duration_cued"": {}, ""krauzlis_cued_motion"": {}, ""spatial_binding"": {}, ""image_recognition"": {}}"
934,37360,784360,0.8181478381156921,0.5,0.3732001781463623,0,1.8319833278656006,"{""orientation_cued"": 0.682063102722168, ""motion_duration_cued"": 1.3876703977584839, ""krauzlis_cued_motion"": 0.6220171451568604, ""spatial_binding"": 0.6930437088012695, ""image_recognition"": 0.705944836139679}","{""orientation_cued"": 0.625, ""motion_duration_cued"": 0.25, ""krauzlis_cued_motion"": 0.75, ""spatial_binding"": 0.5, ""image_recognition"": 0.375}","{""orientation_cued"": ""orientation_cued_D0"", ""motion_duration_cued"": ""motion_duration_cued_D4"", ""krauzlis_cued_motion"": ""krauzlis_B28"", ""spatial_binding"": ""spatial_binding_D12"", ""image_recognition"": ""image_recognition_N4_H5""}","{""orientation_cued"": {}, ""motion_duration_cued"": {}, ""krauzlis_cued_motion"": {}, ""spatial_binding"": {}, ""image_recognition"": {}}"
935,37400,785296,0.844679343700409,0.425,0.501079261302948,0,2.3140690326690674,"{""orientation_cued"": 0.7040225267410278, ""motion_duration_cued"": 1.382975459098816, ""krauzlis_cued_motion"": 0.7515112161636353, ""spatial_binding"": 0.6935262084007263, ""image_recognition"": 0.6913613080978394}","{""orientation_cued"": 0.25, ""motion_duration_cued"": 0.375, ""krauzlis_cued_motion"": 0.375, ""spatial_binding"": 0.5, ""image_recognition"": 0.625}","{""orientation_cued"": ""orientation_cued_D4"", ""motion_duration_cued"": ""motion_duration_cued_D12"", ""krauzlis_cued_motion"": ""krauzlis_B20"", ""spatial_binding"": ""spatial_binding_D24"", ""image_recognition"": ""image_recognition_N12_H4""}","{""orientation_cued"": {}, ""motion_duration_cued"": {}, ""krauzlis_cued_motion"": {}, ""spatial_binding"": {}, ""image_recognition"": {}}"
936,37440,786240,0.836488151550293,0.475,0.4468214809894562,0,2.325029134750366,"{""orientation_cued"": 0.688932478427887, ""motion_duration_cued"": 1.3920412063598633, ""krauzlis_cued_motion"": 0.7077631950378418, ""spatial_binding"": 0.6929172277450562, ""image_recognition"": 0.7007866501808167}","{""orientation_cued"": 0.75, ""motion_duration_cued"": 0.125, ""krauzlis_cued_motion"": 0.5, ""spatial_binding"": 0.5, ""image_recognition"": 0.5}","{""orientation_cued"": ""orientation_cued_D12"", ""motion_duration_cued"": ""motion_duration_cued_D24"", ""krauzlis_cued_motion"": ""krauzlis_B12"", ""spatial_binding"": ""spatial_binding_D0"", ""image_recognition"": ""image_recognition_N24_H5""}","{""orientation_cued"": {}, ""motion_duration_cued"": {}, ""krauzlis_cued_motion"": {}, ""spatial_binding"": {}, ""image_recognition"": {}}"
937,37480,787056,0.6812549059279263,0.575,0.4766760468482971,0,1.908200740814209,"{""orientation_cued"": 0.6942223310470581, ""motion_duration_cued"": 1.3940436840057373, ""krauzlis_cued_motion"": 0.6238362193107605, ""spatial_binding"": 0.6919981837272644, ""image_recognition"": 0.0021741115488111973}","{""orientation_cued"": 0.375, ""motion_duration_cued"": 0.125, ""krauzlis_cued_motion"": 0.75, ""spatial_binding"": 0.625, ""image_recognition"": 1.0}","{""orientation_cued"": ""orientation_cued_D24"", ""motion_duration_cued"": ""motion_duration_cued_D12"", ""krauzlis_cued_motion"": ""krauzlis_B20"", ""spatial_binding"": ""spatial_binding_D0"", ""image_recognition"": ""image_recognition_N0_H5""}","{""orientation_cued"": {}, ""motion_duration_cued"": {}, ""krauzlis_cued_motion"": {}, ""spatial_binding"": {}, ""image_recognition"": {}}"
938,37520,788048,0.8294761419296265,0.475,0.4374988079071045,0,2.3296914100646973,"{""orientation_cued"": 0.7088192105293274, ""motion_duration_cued"": 1.383876919746399, ""krauzlis_cued_motion"": 0.6656507253646851, ""spatial_binding"": 0.6927801966667175, ""image_recognition"": 0.6962536573410034}","{""orientation_cued"": 0.375, ""motion_duration_cued"": 0.375, ""krauzlis_cued_motion"": 0.625, ""spatial_binding"": 0.5, ""image_recognition"": 0.5}","{""orientation_cued"": ""orientation_cued_D0"", ""motion_duration_cued"": ""motion_duration_cued_D24"", ""krauzlis_cued_motion"": ""krauzlis_B28"", ""spatial_binding"": ""spatial_binding_D4"", ""image_recognition"": ""image_recognition_N24_H3""}","{""orientation_cued"": {}, ""motion_duration_cued"": {}, ""krauzlis_cued_motion"": {}, ""spatial_binding"": {}, ""image_recognition"": {}}"
939,37560,788880,0.852310061454773,0.4,0.5246493220329285,0,1.9753673076629639,"{""orientation_cued"": 0.6910204291343689, ""motion_duration_cued"": 1.3869447708129883, ""krauzlis_cued_motion"": 0.7917410731315613, ""spatial_binding"": 0.6933026909828186, ""image_recognition"": 0.6985413432121277}","{""orientation_cued"": 0.625, ""motion_duration_cued"": 0.25, ""krauzlis_cued_motion"": 0.25, ""spatial_binding"": 0.5, ""image_recognition"": 0.375}","{""orientation_cued"": ""orientation_cued_D12"", ""motion_duration_cued"": ""motion_duration_cued_D0"", ""krauzlis_cued_motion"": ""krauzlis_B12"", ""spatial_binding"": ""spatial_binding_D24"", ""image_recognition"": ""image_recognition_N12_H3""}","{""orientation_cued"": {}, ""motion_duration_cued"": {}, ""krauzlis_cued_motion"": {}, ""spatial_binding"": {}, ""image_recognition"": {}}"
940,37600,789664,0.8345654249191284,0.45,0.23411506414413452,0,1.8322224617004395,"{""orientation_cued"": 0.6986821293830872, ""motion_duration_cued"": 1.3861932754516602, ""krauzlis_cued_motion"": 0.7062978148460388, ""spatial_binding"": 0.6924363374710083, ""image_recognition"": 0.6892175674438477}","{""orientation_cued"": 0.375, ""motion_duration_cued"": 0.25, ""krauzlis_cued_motion"": 0.5, ""spatial_binding"": 0.5, ""image_recognition"": 0.625}","{""orientation_cued"": ""orientation_cued_D4"", ""motion_duration_cued"": ""motion_duration_cued_D4"", ""krauzlis_cued_motion"": ""krauzlis_B28"", ""spatial_binding"": ""spatial_binding_D12"", ""image_recognition"": ""image_recognition_N4_H5""}","{""orientation_cued"": {}, ""motion_duration_cued"": {}, ""krauzlis_cued_motion"": {}, ""spatial_binding"": {}, ""image_recognition"": {}}"
941,37640,790312,0.6792070214170962,0.625,0.3382320702075958,0,1.549818754196167,"{""orientation_cued"": 0.6889380216598511, ""motion_duration_cued"": 1.3832961320877075, ""krauzlis_cued_motion"": 0.6282867789268494, ""spatial_binding"": 0.6935893297195435, ""image_recognition"": 0.00192484469152987}","{""orientation_cued"": 0.625, ""motion_duration_cued"": 0.25, ""krauzlis_cued_motion"": 0.75, ""spatial_binding"": 0.5, ""image_recognition"": 1.0}","{""orientation_cued"": ""orientation_cued_D12"", ""motion_duration_cued"": ""motion_duration_cued_D0"", ""krauzlis_cued_motion"": ""krauzlis_B12"", ""spatial_binding"": ""spatial_binding_D12"", ""image_recognition"": ""image_recognition_N0_H4""}","{""orientation_cued"": {}, ""motion_duration_cued"": {}, ""krauzlis_cued_motion"": {}, ""spatial_binding"": {}, ""image_recognition"": {}}"
942,37680,791224,0.8122367262840271,0.55,0.49895477294921875,0,2.157287120819092,"{""orientation_cued"": 0.682307779788971, ""motion_duration_cued"": 1.386505365371704, ""krauzlis_cued_motion"": 0.5917972922325134, ""spatial_binding"": 0.6925079226493835, ""image_recognition"": 0.7080652713775635}","{""orientation_cued"": 0.625, ""motion_duration_cued"": 0.25, ""krauzlis_cued_motion"": 0.875, ""spatial_binding"": 0.5, ""image_recognition"": 0.5}","{""orientation_cued"": ""orientation_cued_D0"", ""motion_duration_cued"": ""motion_duration_cued_D12"", ""krauzlis_cued_motion"": ""krauzlis_B20"", ""spatial_binding"": ""spatial_binding_D24"", ""image_recognition"": ""image_recognition_N12_H5""}","{""orientation_cued"": {}, ""motion_duration_cued"": {}, ""krauzlis_cued_motion"": {}, ""spatial_binding"": {}, ""image_recognition"": {}}"
943,37720,792232,0.8394667863845825,0.475,0.38763192296028137,0,2.355656623840332,"{""orientation_cued"": 0.687251627445221, ""motion_duration_cued"": 1.3844614028930664, ""krauzlis_cued_motion"": 0.7438052296638489, ""spatial_binding"": 0.6921231150627136, ""image_recognition"": 0.6896925568580627}","{""orientation_cued"": 0.625, ""motion_duration_cued"": 0.375, ""krauzlis_cued_motion"": 0.375, ""spatial_binding"": 0.5, ""image_recognition"": 0.5}","{""orientation_cued"": ""orientation_cued_D4"", ""motion_duration_cued"": ""motion_duration_cued_D24"", ""krauzlis_cued_motion"": ""krauzlis_B28"", ""spatial_binding"": ""spatial_binding_D0"", ""image_recognition"": ""image_recognition_N24_H5""}","{""orientation_cued"": {}, ""motion_duration_cued"": {}, ""krauzlis_cued_motion"": {}, ""spatial_binding"": {}, ""image_recognition"": {}}"
944,37760,793040,0.814369010925293,0.55,0.40288376808166504,0,1.9136476516723633,"{""orientation_cued"": 0.6982285976409912, ""motion_duration_cued"": 1.3837345838546753, ""krauzlis_cued_motion"": 0.6282197833061218, ""spatial_binding"": 0.6936579942703247, ""image_recognition"": 0.6680040955543518}","{""orientation_cued"": 0.375, ""motion_duration_cued"": 0.25, ""krauzlis_cued_motion"": 0.75, ""spatial_binding"": 0.5, ""image_recognition"": 0.875}","{""orientation_cued"": ""orientation_cued_D24"", ""motion_duration_cued"": ""motion_duration_cued_D4"", ""krauzlis_cued_motion"": ""krauzlis_B20"", ""spatial_binding"": ""spatial_binding_D4"", ""image_recognition"": ""image_recognition_N4_H4""}","{""orientation_cued"": {}, ""motion_duration_cued"": {}, ""krauzlis_cued_motion"": {}, ""spatial_binding"": {}, ""image_recognition"": {}}"
945,37800,794072,0.838009238243103,0.375,0.4709033966064453,0,2.4336555004119873,"{""orientation_cued"": 0.6984816193580627, ""motion_duration_cued"": 1.389196515083313, ""krauzlis_cued_motion"": 0.704108715057373, ""spatial_binding"": 0.692547082901001, ""image_recognition"": 0.7057122588157654}","{""orientation_cued"": 0.375, ""motion_duration_cued"": 0.125, ""krauzlis_cued_motion"": 0.5, ""spatial_binding"": 0.5, ""image_recognition"": 0.375}","{""orientation_cued"": ""orientation_cued_D24"", ""motion_duration_cued"": ""motion_duration_cued_D12"", ""krauzlis_cued_motion"": ""krauzlis_B12"", ""spatial_binding"": ""spatial_binding_D12"", ""image_recognition"": ""image_recognition_N24_H4""}","{""orientation_cued"": {}, ""motion_duration_cued"": {}, ""krauzlis_cued_motion"": {}, ""spatial_binding"": {}, ""image_recognition"": {}}"
946,37840,794904,0.7023294397629798,0.575,0.5502150654792786,0,1.9542169570922852,"{""orientation_cued"": 0.6881500482559204, ""motion_duration_cued"": 1.3848638534545898, ""krauzlis_cued_motion"": 0.7447516918182373, ""spatial_binding"": 0.6928555965423584, ""image_recognition"": 0.0010260087437927723}","{""orientation_cued"": 0.625, ""motion_duration_cued"": 0.375, ""krauzlis_cued_motion"": 0.375, ""spatial_binding"": 0.5, ""image_recognition"": 1.0}","{""orientation_cued"": ""orientation_cued_D12"", ""motion_duration_cued"": ""motion_duration_cued_D24"", ""krauzlis_cued_motion"": ""krauzlis_B20"", ""spatial_binding"": ""spatial_binding_D4"", ""image_recognition"": ""image_recognition_N0_H3""}","{""orientation_cued"": {}, ""motion_duration_cued"": {}, ""krauzlis_cued_motion"": {}, ""spatial_binding"": {}, ""image_recognition"": {}}"
947,37880,795488,0.8570487141609192,0.325,0.7341992855072021,0,1.3943040370941162,"{""orientation_cued"": 0.7190374732017517, ""motion_duration_cued"": 1.3951740264892578, ""krauzlis_cued_motion"": 0.783288300037384, ""spatial_binding"": 0.6942983865737915, ""image_recognition"": 0.6934453845024109}","{""orientation_cued"": 0.25, ""motion_duration_cued"": 0.125, ""krauzlis_cued_motion"": 0.25, ""spatial_binding"": 0.5, ""image_recognition"": 0.5}","{""orientation_cued"": ""orientation_cued_D0"", ""motion_duration_cued"": ""motion_duration_cued_D4"", ""krauzlis_cued_motion"": ""krauzlis_B12"", ""spatial_binding"": ""spatial_binding_D0"", ""image_recognition"": ""image_recognition_N12_H4""}","{""orientation_cued"": {}, ""motion_duration_cued"": {}, ""krauzlis_cued_motion"": {}, ""spatial_binding"": {}, ""image_recognition"": {}}"
948,37920,796320,0.8231536507606506,0.4,0.5739356875419617,0,1.9492380619049072,"{""orientation_cued"": 0.7091690301895142, ""motion_duration_cued"": 1.3751429319381714, ""krauzlis_cued_motion"": 0.6313573122024536, ""spatial_binding"": 0.6937766075134277, ""image_recognition"": 0.7063223719596863}","{""orientation_cued"": 0.25, ""motion_duration_cued"": 0.5, ""krauzlis_cued_motion"": 0.75, ""spatial_binding"": 0.375, ""image_recognition"": 0.125}","{""orientation_cued"": ""orientation_cued_D4"", ""motion_duration_cued"": ""motion_duration_cued_D0"", ""krauzlis_cued_motion"": ""krauzlis_B28"", ""spatial_binding"": ""spatial_binding_D24"", ""image_recognition"": ""image_recognition_N4_H3""}","{""orientation_cued"": {}, ""motion_duration_cued"": {}, ""krauzlis_cued_motion"": {}, ""spatial_binding"": {}, ""image_recognition"": {}}"
949,37960,797088,0.8320106744766236,0.375,0.35480156540870667,0,1.8184175491333008,"{""orientation_cued"": 0.6999742984771729, ""motion_duration_cued"": 1.3925775289535522, ""krauzlis_cued_motion"": 0.6677529811859131, ""spatial_binding"": 0.6944072842597961, ""image_recognition"": 0.7053412795066833}","{""orientation_cued"": 0.375, ""motion_duration_cued"": 0.125, ""krauzlis_cued_motion"": 0.625, ""spatial_binding"": 0.25, ""image_recognition"": 0.5}","{""orientation_cued"": ""orientation_cued_D4"", ""motion_duration_cued"": ""motion_duration_cued_D24"", ""krauzlis_cued_motion"": ""krauzlis_B12"", ""spatial_binding"": ""spatial_binding_D0"", ""image_recognition"": ""image_recognition_N12_H3""}","{""orientation_cued"": {}, ""motion_duration_cued"": {}, ""krauzlis_cued_motion"": {}, ""spatial_binding"": {}, ""image_recognition"": {}}"
950,38000,797832,0.8173338890075683,0.575,0.36995363235473633,0,1.7577836513519287,"{""orientation_cued"": 0.6893035769462585, ""motion_duration_cued"": 1.3964424133300781, ""krauzlis_cued_motion"": 0.6337330341339111, ""spatial_binding"": 0.6929126977920532, ""image_recognition"": 0.6742777228355408}","{""orientation_cued"": 0.625, ""motion_duration_cued"": 0.125, ""krauzlis_cued_motion"": 0.75, ""spatial_binding"": 0.5, ""image_recognition"": 0.875}","{""orientation_cued"": ""orientation_cued_D12"", ""motion_duration_cued"": ""motion_duration_cued_D0"", ""krauzlis_cued_motion"": ""krauzlis_B20"", ""spatial_binding"": ""spatial_binding_D4"", ""image_recognition"": ""image_recognition_N12_H4""}","{""orientation_cued"": {}, ""motion_duration_cued"": {}, ""krauzlis_cued_motion"": {}, ""spatial_binding"": {}, ""image_recognition"": {}}"
951,38040,798776,0.8277458310127258,0.5,0.40433305501937866,0,2.2075741291046143,"{""orientation_cued"": 0.6926649808883667, ""motion_duration_cued"": 1.389548897743225, ""krauzlis_cued_motion"": 0.6675609350204468, ""spatial_binding"": 0.6927899718284607, ""image_recognition"": 0.6961643695831299}","{""orientation_cued"": 0.625, ""motion_duration_cued"": 0.375, ""krauzlis_cued_motion"": 0.625, ""spatial_binding"": 0.5, ""image_recognition"": 0.375}","{""orientation_cued"": ""orientation_cued_D24"", ""motion_duration_cued"": ""motion_duration_cued_D4"", ""krauzlis_cued_motion"": ""krauzlis_B28"", ""spatial_binding"": ""spatial_binding_D12"", ""image_recognition"": ""image_recognition_N4_H5""}","{""orientation_cued"": {}, ""motion_duration_cued"": {}, ""krauzlis_cued_motion"": {}, ""spatial_binding"": {}, ""image_recognition"": {}}"
952,38080,799712,0.8170882821083069,0.55,0.43662387132644653,0,2.2079105377197266,"{""orientation_cued"": 0.6861301064491272, ""motion_duration_cued"": 1.3885016441345215, ""krauzlis_cued_motion"": 0.633550226688385, ""spatial_binding"": 0.6934487819671631, ""image_recognition"": 0.6838106513023376}","{""orientation_cued"": 0.625, ""motion_duration_cued"": 0.125, ""krauzlis_cued_motion"": 0.75, ""spatial_binding"": 0.5, ""image_recognition"": 0.75}","{""orientation_cued"": ""orientation_cued_D0"", ""motion_duration_cued"": ""motion_duration_cued_D12"", ""krauzlis_cued_motion"": ""krauzlis_B12"", ""spatial_binding"": ""spatial_binding_D24"", ""image_recognition"": ""image_recognition_N24_H4""}","{""orientation_cued"": {}, ""motion_duration_cued"": {}, ""krauzlis_cued_motion"": {}, ""spatial_binding"": {}, ""image_recognition"": {}}"
953,38120,800624,0.8420838356018067,0.5,0.5131689310073853,0,2.1701912879943848,"{""orientation_cued"": 0.6898418068885803, ""motion_duration_cued"": 1.396510362625122, ""krauzlis_cued_motion"": 0.7391805648803711, ""spatial_binding"": 0.6914429664611816, ""image_recognition"": 0.6934434771537781}","{""orientation_cued"": 0.625, ""motion_duration_cued"": 0.125, ""krauzlis_cued_motion"": 0.375, ""spatial_binding"": 0.75, ""image_recognition"": 0.625}","{""orientation_cued"": ""orientation_cued_D4"", ""motion_duration_cued"": ""motion_duration_cued_D0"", ""krauzlis_cued_motion"": ""krauzlis_B28"", ""spatial_binding"": ""spatial_binding_D24"", ""image_recognition"": ""image_recognition_N12_H5""}","{""orientation_cued"": {}, ""motion_duration_cued"": {}, ""krauzlis_cued_motion"": {}, ""spatial_binding"": {}, ""image_recognition"": {}}"
954,38160,801616,0.8124642729759216,0.5,0.5939663648605347,0,2.3240175247192383,"{""orientation_cued"": 0.696506142616272, ""motion_duration_cued"": 1.3889614343643188, ""krauzlis_cued_motion"": 0.595810055732727, ""spatial_binding"": 0.6945616006851196, ""image_recognition"": 0.6864821314811707}","{""orientation_cued"": 0.375, ""motion_duration_cued"": 0.125, ""krauzlis_cued_motion"": 0.875, ""spatial_binding"": 0.5, ""image_recognition"": 0.625}","{""orientation_cued"": ""orientation_cued_D12"", ""motion_duration_cued"": ""motion_duration_cued_D12"", ""krauzlis_cued_motion"": ""krauzlis_B20"", ""spatial_binding"": ""spatial_binding_D12"", ""image_recognition"": ""image_recognition_N24_H3""}","{""orientation_cued"": {}, ""motion_duration_cued"": {}, ""krauzlis_cued_motion"": {}, ""spatial_binding"": {}, ""image_recognition"": {}}"
955,38200,802320,0.8444038152694702,0.325,0.5618363618850708,0,1.6701035499572754,"{""orientation_cued"": 0.6930131912231445, ""motion_duration_cued"": 1.395582675933838, ""krauzlis_cued_motion"": 0.7420281767845154, ""spatial_binding"": 0.6926486492156982, ""image_recognition"": 0.698746383190155}","{""orientation_cued"": 0.5, ""motion_duration_cued"": 0.0, ""krauzlis_cued_motion"": 0.375, ""spatial_binding"": 0.5, ""image_recognition"": 0.25}","{""orientation_cued"": ""orientation_cued_D0"", ""motion_duration_cued"": ""motion_duration_cued_D24"", ""krauzlis_cued_motion"": ""krauzlis_B12"", ""spatial_binding"": ""spatial_binding_D4"", ""image_recognition"": ""image_recognition_N4_H3""}","{""orientation_cued"": {}, ""motion_duration_cued"": {}, ""krauzlis_cued_motion"": {}, ""spatial_binding"": {}, ""image_recognition"": {}}"
956,38240,803128,0.6821571296779438,0.65,0.41826575994491577,0,1.9241597652435303,"{""orientation_cued"": 0.6934553384780884, ""motion_duration_cued"": 1.3965439796447754, ""krauzlis_cued_motion"": 0.629142165184021, ""spatial_binding"": 0.6905282735824585, ""image_recognition"": 0.001115891500376165}","{""orientation_cued"": 0.5, ""motion_duration_cued"": 0.125, ""krauzlis_cued_motion"": 0.75, ""spatial_binding"": 0.875, ""image_recognition"": 1.0}","{""orientation_cued"": ""orientation_cued_D24"", ""motion_duration_cued"": ""motion_duration_cued_D4"", ""krauzlis_cued_motion"": ""krauzlis_B28"", ""spatial_binding"": ""spatial_binding_D0"", ""image_recognition"": ""image_recognition_N0_H4""}","{""orientation_cued"": {}, ""motion_duration_cued"": {}, ""krauzlis_cued_motion"": {}, ""spatial_binding"": {}, ""image_recognition"": {}}"
957,38280,803944,0.6947398243239149,0.575,0.2304457128047943,0,1.9083225727081299,"{""orientation_cued"": 0.6932433843612671, ""motion_duration_cued"": 1.3822693824768066, ""krauzlis_cued_motion"": 0.7049793601036072, ""spatial_binding"": 0.6927942633628845, ""image_recognition"": 0.00041273131500929594}","{""orientation_cued"": 0.5, ""motion_duration_cued"": 0.375, ""krauzlis_cued_motion"": 0.5, ""spatial_binding"": 0.5, ""image_recognition"": 1.0}","{""orientation_cued"": ""orientation_cued_D24"", ""motion_duration_cued"": ""motion_duration_cued_D0"", ""krauzlis_cued_motion"": ""krauzlis_B20"", ""spatial_binding"": ""spatial_binding_D12"", ""image_recognition"": ""image_recognition_N0_H5""}","{""orientation_cued"": {}, ""motion_duration_cued"": {}, ""krauzlis_cued_motion"": {}, ""spatial_binding"": {}, ""image_recognition"": {}}"
958,38320,804728,0.8515233874320984,0.325,0.5067793726921082,0,1.8576626777648926,"{""orientation_cued"": 0.6925327777862549, ""motion_duration_cued"": 1.3891476392745972, ""krauzlis_cued_motion"": 0.7846376895904541, ""spatial_binding"": 0.6954637169837952, ""image_recognition"": 0.6958351135253906}","{""orientation_cued"": 0.5, ""motion_duration_cued"": 0.125, ""krauzlis_cued_motion"": 0.25, ""spatial_binding"": 0.375, ""image_recognition"": 0.375}","{""orientation_cued"": ""orientation_cued_D4"", ""motion_duration_cued"": ""motion_duration_cued_D4"", ""krauzlis_cued_motion"": ""krauzlis_B20"", ""spatial_binding"": ""spatial_binding_D0"", ""image_recognition"": ""image_recognition_N24_H5""}","{""orientation_cued"": {}, ""motion_duration_cued"": {}, ""krauzlis_cued_motion"": {}, ""spatial_binding"": {}, ""image_recognition"": {}}"
959,38360,805632,0.8246236681938172,0.525,0.33390742540359497,0,2.161877155303955,"{""orientation_cued"": 0.6916280388832092, ""motion_duration_cued"": 1.3862173557281494, ""krauzlis_cued_motion"": 0.6665332913398743, ""spatial_binding"": 0.6931462287902832, ""image_recognition"": 0.6855934262275696}","{""orientation_cued"": 0.5, ""motion_duration_cued"": 0.25, ""krauzlis_cued_motion"": 0.625, ""spatial_binding"": 0.5, ""image_recognition"": 0.75}","{""orientation_cued"": ""orientation_cued_D0"", ""motion_duration_cued"": ""motion_duration_cued_D12"", ""krauzlis_cued_motion"": ""krauzlis_B28"", ""spatial_binding"": ""spatial_binding_D24"", ""image_recognition"": ""image_recognition_N4_H4""}","{""orientation_cued"": {}, ""motion_duration_cued"": {}, ""krauzlis_cued_motion"": {}, ""spatial_binding"": {}, ""image_recognition"": {}}"
960,38400,806400,0.695829113619402,0.575,0.3289431631565094,0,1.8511402606964111,"{""orientation_cued"": 0.6930667161941528, ""motion_duration_cued"": 1.3853132724761963, ""krauzlis_cued_motion"": 0.704987645149231, ""spatial_binding"": 0.6945213079452515, ""image_recognition"": 0.0012566263321787119}","{""orientation_cued"": 0.5, ""motion_duration_cued"": 0.375, ""krauzlis_cued_motion"": 0.5, ""spatial_binding"": 0.5, ""image_recognition"": 1.0}","{""orientation_cued"": ""orientation_cued_D12"", ""motion_duration_cued"": ""motion_duration_cued_D24"", ""krauzlis_cued_motion"": ""krauzlis_B12"", ""spatial_binding"": ""spatial_binding_D4"", ""image_recognition"": ""image_recognition_N0_H3""}","{""orientation_cued"": {}, ""motion_duration_cued"": {}, ""krauzlis_cued_motion"": {}, ""spatial_binding"": {}, ""image_recognition"": {}}"
961,38440,806920,0.842075514793396,0.45,0.5745304822921753,0,1.2507779598236084,"{""orientation_cued"": 0.699819803237915, ""motion_duration_cued"": 1.3824563026428223, ""krauzlis_cued_motion"": 0.741117537021637, ""spatial_binding"": 0.691989004611969, ""image_recognition"": 0.6949949264526367}","{""orientation_cued"": 0.375, ""motion_duration_cued"": 0.25, ""krauzlis_cued_motion"": 0.375, ""spatial_binding"": 0.5, ""image_recognition"": 0.75}","{""orientation_cued"": ""orientation_cued_D0"", ""motion_duration_cued"": ""motion_duration_cued_D4"", ""krauzlis_cued_motion"": ""krauzlis_B12"", ""spatial_binding"": ""spatial_binding_D0"", ""image_recognition"": ""image_recognition_N4_H4""}","{""orientation_cued"": {}, ""motion_duration_cued"": {}, ""krauzlis_cued_motion"": {}, ""spatial_binding"": {}, ""image_recognition"": {}}"
962,38480,807920,0.8189032316207886,0.525,0.3769804835319519,0,2.4109654426574707,"{""orientation_cued"": 0.6946629285812378, ""motion_duration_cued"": 1.3851652145385742, ""krauzlis_cued_motion"": 0.6326675415039062, ""spatial_binding"": 0.6929160952568054, ""image_recognition"": 0.6891043782234192}","{""orientation_cued"": 0.375, ""motion_duration_cued"": 0.375, ""krauzlis_cued_motion"": 0.75, ""spatial_binding"": 0.625, ""image_recognition"": 0.5}","{""orientation_cued"": ""orientation_cued_D12"", ""motion_duration_cued"": ""motion_duration_cued_D24"", ""krauzlis_cued_motion"": ""krauzlis_B20"", ""spatial_binding"": ""spatial_binding_D12"", ""image_recognition"": ""image_recognition_N12_H4""}","{""orientation_cued"": {}, ""motion_duration_cued"": {}, ""krauzlis_cued_motion"": {}, ""spatial_binding"": {}, ""image_recognition"": {}}"
963,38520,808752,0.8245149850845337,0.5,0.41706883907318115,0,2.0077691078186035,"{""orientation_cued"": 0.6914180517196655, ""motion_duration_cued"": 1.388608694076538, ""krauzlis_cued_motion"": 0.6684635877609253, ""spatial_binding"": 0.6925390958786011, ""image_recognition"": 0.6815454959869385}","{""orientation_cued"": 0.625, ""motion_duration_cued"": 0.25, ""krauzlis_cued_motion"": 0.625, ""spatial_binding"": 0.5, ""image_recognition"": 0.5}","{""orientation_cued"": ""orientation_cued_D4"", ""motion_duration_cued"": ""motion_duration_cued_D12"", ""krauzlis_cued_motion"": ""krauzlis_B28"", ""spatial_binding"": ""spatial_binding_D4"", ""image_recognition"": ""image_recognition_N12_H3""}","{""orientation_cued"": {}, ""motion_duration_cued"": {}, ""krauzlis_cued_motion"": {}, ""spatial_binding"": {}, ""image_recognition"": {}}"
964,38560,809776,0.8216733336448669,0.475,0.499637633562088,0,2.469421148300171,"{""orientation_cued"": 0.6952692270278931, ""motion_duration_cued"": 1.3853473663330078, ""krauzlis_cued_motion"": 0.634843647480011, ""spatial_binding"": 0.691901683807373, ""image_recognition"": 0.7010047435760498}","{""orientation_cued"": 0.375, ""motion_duration_cued"": 0.125, ""krauzlis_cued_motion"": 0.75, ""spatial_binding"": 0.75, ""image_recognition"": 0.375}","{""orientation_cued"": ""orientation_cued_D24"", ""motion_duration_cued"": ""motion_duration_cued_D0"", ""krauzlis_cued_motion"": ""krauzlis_B12"", ""spatial_binding"": ""spatial_binding_D24"", ""image_recognition"": ""image_recognition_N24_H3""}","{""orientation_cued"": {}, ""motion_duration_cued"": {}, ""krauzlis_cued_motion"": {}, ""spatial_binding"": {}, ""image_recognition"": {}}"
965,38600,810488,0.6879838790744544,0.575,0.2901158332824707,0,1.7709193229675293,"{""orientation_cued"": 0.6937462687492371, ""motion_duration_cued"": 1.3838090896606445, ""krauzlis_cued_motion"": 0.6682577133178711, ""spatial_binding"": 0.6929835081100464, ""image_recognition"": 0.0011228155344724655}","{""orientation_cued"": 0.375, ""motion_duration_cued"": 0.375, ""krauzlis_cued_motion"": 0.625, ""spatial_binding"": 0.5, ""image_recognition"": 1.0}","{""orientation_cued"": ""orientation_cued_D12"", ""motion_duration_cued"": ""motion_duration_cued_D0"", ""krauzlis_cued_motion"": ""krauzlis_B28"", ""spatial_binding"": ""spatial_binding_D4"", ""image_recognition"": ""image_recognition_N0_H4""}","{""orientation_cued"": {}, ""motion_duration_cued"": {}, ""krauzlis_cued_motion"": {}, ""spatial_binding"": {}, ""image_recognition"": {}}"
966,38640,811496,0.8328673481941223,0.45,0.3107312321662903,0,2.467982053756714,"{""orientation_cued"": 0.6933350563049316, ""motion_duration_cued"": 1.3873717784881592, ""krauzlis_cued_motion"": 0.702944815158844, ""spatial_binding"": 0.6959297060966492, ""image_recognition"": 0.6847553849220276}","{""orientation_cued"": 0.375, ""motion_duration_cued"": 0.125, ""krauzlis_cued_motion"": 0.5, ""spatial_binding"": 0.5, ""image_recognition"": 0.75}","{""orientation_cued"": ""orientation_cued_D24"", ""motion_duration_cued"": ""motion_duration_cued_D12"", ""krauzlis_cued_motion"": ""krauzlis_B20"", ""spatial_binding"": ""spatial_binding_D0"", ""image_recognition"": ""image_recognition_N24_H5""}","{""orientation_cued"": {}, ""motion_duration_cued"": {}, ""krauzlis_cued_motion"": {}, ""spatial_binding"": {}, ""image_recognition"": {}}"
967,38680,812504,0.7168854172807186,0.5,0.6014813184738159,0,2.5519187450408936,"{""orientation_cued"": 0.6934149861335754, ""motion_duration_cued"": 1.386379361152649, ""krauzlis_cued_motion"": 0.8097035884857178, ""spatial_binding"": 0.6931161880493164, ""image_recognition"": 0.001812962582334876}","{""orientation_cued"": 0.5, ""motion_duration_cued"": 0.25, ""krauzlis_cued_motion"": 0.125, ""spatial_binding"": 0.625, ""image_recognition"": 1.0}","{""orientation_cued"": ""orientation_cued_D4"", ""motion_duration_cued"": ""motion_duration_cued_D24"", ""krauzlis_cued_motion"": ""krauzlis_B28"", ""spatial_binding"": ""spatial_binding_D24"", ""image_recognition"": ""image_recognition_N0_H5""}","{""orientation_cued"": {}, ""motion_duration_cued"": {}, ""krauzlis_cued_motion"": {}, ""spatial_binding"": {}, ""image_recognition"": {}}"
968,38720,813080,0.68816560767591,0.625,0.08764158189296722,0,1.442183017730713,"{""orientation_cued"": 0.6916689872741699, ""motion_duration_cued"": 1.386411428451538, ""krauzlis_cued_motion"": 0.6683821082115173, ""spatial_binding"": 0.6931967735290527, ""image_recognition"": 0.001168740913271904}","{""orientation_cued"": 0.75, ""motion_duration_cued"": 0.25, ""krauzlis_cued_motion"": 0.625, ""spatial_binding"": 0.5, ""image_recognition"": 1.0}","{""orientation_cued"": ""orientation_cued_D0"", ""motion_duration_cued"": ""motion_duration_cued_D4"", ""krauzlis_cued_motion"": ""krauzlis_B12"", ""spatial_binding"": ""spatial_binding_D12"", ""image_recognition"": ""image_recognition_N0_H3""}","{""orientation_cued"": {}, ""motion_duration_cued"": {}, ""krauzlis_cued_motion"": {}, ""spatial_binding"": {}, ""image_recognition"": {}}"
969,38760,813864,0.8421112656593323,0.45,0.582236111164093,0,1.9806864261627197,"{""orientation_cued"": 0.692972719669342, ""motion_duration_cued"": 1.3875149488449097, ""krauzlis_cued_motion"": 0.7014878392219543, ""spatial_binding"": 0.6932926177978516, ""image_recognition"": 0.7352882027626038}","{""orientation_cued"": 0.5, ""motion_duration_cued"": 0.125, ""krauzlis_cued_motion"": 0.5, ""spatial_binding"": 0.625, ""image_recognition"": 0.5}","{""orientation_cued"": ""orientation_cued_D12"", ""motion_duration_cued"": ""motion_duration_cued_D4"", ""krauzlis_cued_motion"": ""krauzlis_B20"", ""spatial_binding"": ""spatial_binding_D12"", ""image_recognition"": ""image_recognition_N4_H5""}","{""orientation_cued"": {}, ""motion_duration_cued"": {}, ""krauzlis_cued_motion"": {}, ""spatial_binding"": {}, ""image_recognition"": {}}"
970,38800,814552,0.8350365638732911,0.375,0.29504120349884033,0,1.7382550239562988,"{""orientation_cued"": 0.6942718625068665, ""motion_duration_cued"": 1.3894855976104736, ""krauzlis_cued_motion"": 0.7009066343307495, ""spatial_binding"": 0.6932896375656128, ""image_recognition"": 0.6972290873527527}","{""orientation_cued"": 0.5, ""motion_duration_cued"": 0.125, ""krauzlis_cued_motion"": 0.5, ""spatial_binding"": 0.5, ""image_recognition"": 0.25}","{""orientation_cued"": ""orientation_cued_D0"", ""motion_duration_cued"": ""motion_duration_cued_D12"", ""krauzlis_cued_motion"": ""krauzlis_B12"", ""spatial_binding"": ""spatial_binding_D4"", ""image_recognition"": ""image_recognition_N12_H5""}","{""orientation_cued"": {}, ""motion_duration_cued"": {}, ""krauzlis_cued_motion"": {}, ""spatial_binding"": {}, ""image_recognition"": {}}"
971,38840,815320,0.8292360782623291,0.425,0.40472596883773804,0,1.9456117153167725,"{""orientation_cued"": 0.6956693530082703, ""motion_duration_cued"": 1.3863695859909058, ""krauzlis_cued_motion"": 0.6710243821144104, ""spatial_binding"": 0.6917105913162231, ""image_recognition"": 0.7014064788818359}","{""orientation_cued"": 0.25, ""motion_duration_cued"": 0.25, ""krauzlis_cued_motion"": 0.625, ""spatial_binding"": 0.5, ""image_recognition"": 0.5}","{""orientation_cued"": ""orientation_cued_D4"", ""motion_duration_cued"": ""motion_duration_cued_D24"", ""krauzlis_cued_motion"": ""krauzlis_B20"", ""spatial_binding"": ""spatial_binding_D0"", ""image_recognition"": ""image_recognition_N4_H3""}","{""orientation_cued"": {}, ""motion_duration_cued"": {}, ""krauzlis_cued_motion"": {}, ""spatial_binding"": {}, ""image_recognition"": {}}"
972,38880,816480,0.8190913677215577,0.425,0.5931760668754578,0,2.9356372356414795,"{""orientation_cued"": 0.6942022442817688, ""motion_duration_cued"": 1.3865541219711304, ""krauzlis_cued_motion"": 0.6156021356582642, ""spatial_binding"": 0.6940462589263916, ""image_recognition"": 0.7050520777702332}","{""orientation_cued"": 0.25, ""motion_duration_cued"": 0.125, ""krauzlis_cued_motion"": 0.875, ""spatial_binding"": 0.5, ""image_recognition"": 0.375}","{""orientation_cued"": ""orientation_cued_D24"", ""motion_duration_cued"": ""motion_duration_cued_D0"", ""krauzlis_cued_motion"": ""krauzlis_B28"", ""spatial_binding"": ""spatial_binding_D24"", ""image_recognition"": ""image_recognition_N24_H4""}","{""orientation_cued"": {}, ""motion_duration_cued"": {}, ""krauzlis_cued_motion"": {}, ""spatial_binding"": {}, ""image_recognition"": {}}"
973,38920,817544,0.8321198463439942,0.4,0.29687926173210144,0,2.664729595184326,"{""orientation_cued"": 0.6935850381851196, ""motion_duration_cued"": 1.3873438835144043, ""krauzlis_cued_motion"": 0.699683427810669, ""spatial_binding"": 0.6937289834022522, ""image_recognition"": 0.6862578988075256}","{""orientation_cued"": 0.375, ""motion_duration_cued"": 0.25, ""krauzlis_cued_motion"": 0.5, ""spatial_binding"": 0.375, ""image_recognition"": 0.5}","{""orientation_cued"": ""orientation_cued_D24"", ""motion_duration_cued"": ""motion_duration_cued_D0"", ""krauzlis_cued_motion"": ""krauzlis_B28"", ""spatial_binding"": ""spatial_binding_D24"", ""image_recognition"": ""image_recognition_N12_H4""}","{""orientation_cued"": {}, ""motion_duration_cued"": {}, ""krauzlis_cued_motion"": {}, ""spatial_binding"": {}, ""image_recognition"": {}}"
974,38960,818200,0.695889348583296,0.525,0.2881665527820587,0,1.659686803817749,"{""orientation_cued"": 0.697658121585846, ""motion_duration_cued"": 1.387402892112732, ""krauzlis_cued_motion"": 0.699710488319397, ""spatial_binding"": 0.6935247778892517, ""image_recognition"": 0.0011504630092531443}","{""orientation_cued"": 0.375, ""motion_duration_cued"": 0.25, ""krauzlis_cued_motion"": 0.5, ""spatial_binding"": 0.5, ""image_recognition"": 1.0}","{""orientation_cued"": ""orientation_cued_D0"", ""motion_duration_cued"": ""motion_duration_cued_D4"", ""krauzlis_cued_motion"": ""krauzlis_B20"", ""spatial_binding"": ""spatial_binding_D12"", ""image_recognition"": ""image_recognition_N0_H5""}","{""orientation_cued"": {}, ""motion_duration_cued"": {}, ""krauzlis_cued_motion"": {}, ""spatial_binding"": {}, ""image_recognition"": {}}"
975,39000,818904,0.6838975278835278,0.6,0.36237019300460815,0,1.7140357494354248,"{""orientation_cued"": 0.6924799680709839, ""motion_duration_cued"": 1.3907146453857422, ""krauzlis_cued_motion"": 0.6426053047180176, ""spatial_binding"": 0.6932117342948914, ""image_recognition"": 0.00047598694800399244}","{""orientation_cued"": 0.625, ""motion_duration_cued"": 0.125, ""krauzlis_cued_motion"": 0.75, ""spatial_binding"": 0.5, ""image_recognition"": 1.0}","{""orientation_cued"": ""orientation_cued_D4"", ""motion_duration_cued"": ""motion_duration_cued_D24"", ""krauzlis_cued_motion"": ""krauzlis_B12"", ""spatial_binding"": ""spatial_binding_D4"", ""image_recognition"": ""image_recognition_N0_H3""}","{""orientation_cued"": {}, ""motion_duration_cued"": {}, ""krauzlis_cued_motion"": {}, ""spatial_binding"": {}, ""image_recognition"": {}}"
976,39040,819552,0.7061652289703488,0.5,0.49329933524131775,0,1.5588352680206299,"{""orientation_cued"": 0.693250298500061, ""motion_duration_cued"": 1.3849513530731201, ""krauzlis_cued_motion"": 0.7584052681922913, ""spatial_binding"": 0.693243145942688, ""image_recognition"": 0.0009760791435837746}","{""orientation_cued"": 0.375, ""motion_duration_cued"": 0.375, ""krauzlis_cued_motion"": 0.25, ""spatial_binding"": 0.5, ""image_recognition"": 1.0}","{""orientation_cued"": ""orientation_cued_D12"", ""motion_duration_cued"": ""motion_duration_cued_D12"", ""krauzlis_cued_motion"": ""krauzlis_B12"", ""spatial_binding"": ""spatial_binding_D0"", ""image_recognition"": ""image_recognition_N0_H4""}","{""orientation_cued"": {}, ""motion_duration_cued"": {}, ""krauzlis_cued_motion"": {}, ""spatial_binding"": {}, ""image_recognition"": {}}"
977,39080,820616,0.8268319010734558,0.55,0.4186646342277527,0,2.574828624725342,"{""orientation_cued"": 0.6926257610321045, ""motion_duration_cued"": 1.3830654621124268, ""krauzlis_cued_motion"": 0.6710268259048462, ""spatial_binding"": 0.693287193775177, ""image_recognition"": 0.6941542625427246}","{""orientation_cued"": 0.75, ""motion_duration_cued"": 0.375, ""krauzlis_cued_motion"": 0.625, ""spatial_binding"": 0.5, ""image_recognition"": 0.5}","{""orientation_cued"": ""orientation_cued_D12"", ""motion_duration_cued"": ""motion_duration_cued_D0"", ""krauzlis_cued_motion"": ""krauzlis_B28"", ""spatial_binding"": ""spatial_binding_D24"", ""image_recognition"": ""image_recognition_N24_H4""}","{""orientation_cued"": {}, ""motion_duration_cued"": {}, ""krauzlis_cued_motion"": {}, ""spatial_binding"": {}, ""image_recognition"": {}}"
978,39120,821496,0.8226047635078431,0.425,0.5040766596794128,0,2.1214520931243896,"{""orientation_cued"": 0.6970489621162415, ""motion_duration_cued"": 1.389448881149292, ""krauzlis_cued_motion"": 0.6428084373474121, ""spatial_binding"": 0.693744421005249, ""image_recognition"": 0.6899731159210205}","{""orientation_cued"": 0.25, ""motion_duration_cued"": 0.125, ""krauzlis_cued_motion"": 0.75, ""spatial_binding"": 0.5, ""image_recognition"": 0.5}","{""orientation_cued"": ""orientation_cued_D24"", ""motion_duration_cued"": ""motion_duration_cued_D4"", ""krauzlis_cued_motion"": ""krauzlis_B20"", ""spatial_binding"": ""spatial_binding_D12"", ""image_recognition"": ""image_recognition_N4_H5""}","{""orientation_cued"": {}, ""motion_duration_cued"": {}, ""krauzlis_cued_motion"": {}, ""spatial_binding"": {}, ""image_recognition"": {}}"
979,39160,822296,0.8284666419029236,0.475,0.22607579827308655,0,1.9422564506530762,"{""orientation_cued"": 0.6929484605789185, ""motion_duration_cued"": 1.3897433280944824, ""krauzlis_cued_motion"": 0.6710484623908997, ""spatial_binding"": 0.6947804093360901, ""image_recognition"": 0.6938125491142273}","{""orientation_cued"": 0.5, ""motion_duration_cued"": 0.25, ""krauzlis_cued_motion"": 0.625, ""spatial_binding"": 0.5, ""image_recognition"": 0.5}","{""orientation_cued"": ""orientation_cued_D0"", ""motion_duration_cued"": ""motion_duration_cued_D24"", ""krauzlis_cued_motion"": ""krauzlis_B20"", ""spatial_binding"": ""spatial_binding_D0"", ""image_recognition"": ""image_recognition_N12_H3""}","{""orientation_cued"": {}, ""motion_duration_cued"": {}, ""krauzlis_cued_motion"": {}, ""spatial_binding"": {}, ""image_recognition"": {}}"
980,39200,823240,0.8259253382682801,0.45,0.20848381519317627,0,2.290656089782715,"{""orientation_cued"": 0.6932028532028198, ""motion_duration_cued"": 1.384159803390503, ""krauzlis_cued_motion"": 0.6705109477043152, ""spatial_binding"": 0.6925534009933472, ""image_recognition"": 0.689199686050415}","{""orientation_cued"": 0.5, ""motion_duration_cued"": 0.25, ""krauzlis_cued_motion"": 0.625, ""spatial_binding"": 0.5, ""image_recognition"": 0.375}","{""orientation_cued"": ""orientation_cued_D4"", ""motion_duration_cued"": ""motion_duration_cued_D12"", ""krauzlis_cued_motion"": ""krauzlis_B28"", ""spatial_binding"": ""spatial_binding_D4"", ""image_recognition"": ""image_recognition_N24_H5""}","{""orientation_cued"": {}, ""motion_duration_cued"": {}, ""krauzlis_cued_motion"": {}, ""spatial_binding"": {}, ""image_recognition"": {}}"
981,39240,824168,0.820166015625,0.575,0.25434210896492004,0,2.256025791168213,"{""orientation_cued"": 0.6930142641067505, ""motion_duration_cued"": 1.3862946033477783, ""krauzlis_cued_motion"": 0.638677179813385, ""spatial_binding"": 0.6935414671897888, ""image_recognition"": 0.6893025636672974}","{""orientation_cued"": 0.75, ""motion_duration_cued"": 0.25, ""krauzlis_cued_motion"": 0.75, ""spatial_binding"": 0.5, ""image_recognition"": 0.625}","{""orientation_cued"": ""orientation_cued_D24"", ""motion_duration_cued"": ""motion_duration_cued_D0"", ""krauzlis_cued_motion"": ""krauzlis_B12"", ""spatial_binding"": ""spatial_binding_D12"", ""image_recognition"": ""image_recognition_N24_H3""}","{""orientation_cued"": {}, ""motion_duration_cued"": {}, ""krauzlis_cued_motion"": {}, ""spatial_binding"": {}, ""image_recognition"": {}}"
982,39280,825144,0.826002836227417,0.475,0.1925821751356125,0,2.3797647953033447,"{""orientation_cued"": 0.6932864189147949, ""motion_duration_cued"": 1.3862258195877075, ""krauzlis_cued_motion"": 0.6688792109489441, ""spatial_binding"": 0.6930367350578308, ""image_recognition"": 0.6885859966278076}","{""orientation_cued"": 0.5, ""motion_duration_cued"": 0.25, ""krauzlis_cued_motion"": 0.625, ""spatial_binding"": 0.5, ""image_recognition"": 0.5}","{""orientation_cued"": ""orientation_cued_D4"", ""motion_duration_cued"": ""motion_duration_cued_D24"", ""krauzlis_cued_motion"": ""krauzlis_B12"", ""spatial_binding"": ""spatial_binding_D24"", ""image_recognition"": ""image_recognition_N12_H5""}","{""orientation_cued"": {}, ""motion_duration_cued"": {}, ""krauzlis_cued_motion"": {}, ""spatial_binding"": {}, ""image_recognition"": {}}"
983,39320,825848,0.8424848794937134,0.425,0.53657066822052,0,1.7178757190704346,"{""orientation_cued"": 0.695163905620575, ""motion_duration_cued"": 1.3810895681381226, ""krauzlis_cued_motion"": 0.7377418279647827, ""spatial_binding"": 0.6932690143585205, ""image_recognition"": 0.7051600813865662}","{""orientation_cued"": 0.375, ""motion_duration_cued"": 0.5, ""krauzlis_cued_motion"": 0.375, ""spatial_binding"": 0.5, ""image_recognition"": 0.375}","{""orientation_cued"": ""orientation_cued_D0"", ""motion_duration_cued"": ""motion_duration_cued_D12"", ""krauzlis_cued_motion"": ""krauzlis_B28"", ""spatial_binding"": ""spatial_binding_D0"", ""image_recognition"": ""image_recognition_N4_H3""}","{""orientation_cued"": {}, ""motion_duration_cued"": {}, ""krauzlis_cued_motion"": {}, ""spatial_binding"": {}, ""image_recognition"": {}}"
984,39360,826560,0.8292694449424743,0.45,0.40573710203170776,0,1.7279300689697266,"{""orientation_cued"": 0.6929082274436951, ""motion_duration_cued"": 1.389783501625061, ""krauzlis_cued_motion"": 0.6676007509231567, ""spatial_binding"": 0.693152666091919, ""image_recognition"": 0.70290207862854}","{""orientation_cued"": 0.5, ""motion_duration_cued"": 0.25, ""krauzlis_cued_motion"": 0.625, ""spatial_binding"": 0.5, ""image_recognition"": 0.375}","{""orientation_cued"": ""orientation_cued_D12"", ""motion_duration_cued"": ""motion_duration_cued_D4"", ""krauzlis_cued_motion"": ""krauzlis_B20"", ""spatial_binding"": ""spatial_binding_D4"", ""image_recognition"": ""image_recognition_N4_H4""}","{""orientation_cued"": {}, ""motion_duration_cued"": {}, ""krauzlis_cued_motion"": {}, ""spatial_binding"": {}, ""image_recognition"": {}}"
985,39400,827144,0.8431828022003174,0.45,0.41354188323020935,0,1.4311017990112305,"{""orientation_cued"": 0.6926833987236023, ""motion_duration_cued"": 1.3854610919952393, ""krauzlis_cued_motion"": 0.7401473522186279, ""spatial_binding"": 0.6927796602249146, ""image_recognition"": 0.7048425078392029}","{""orientation_cued"": 0.625, ""motion_duration_cued"": 0.25, ""krauzlis_cued_motion"": 0.375, ""spatial_binding"": 0.5, ""image_recognition"": 0.5}","{""orientation_cued"": ""orientation_cued_D4"", ""motion_duration_cued"": ""motion_duration_cued_D4"", ""krauzlis_cued_motion"": ""krauzlis_B12"", ""spatial_binding"": ""spatial_binding_D4"", ""image_recognition"": ""image_recognition_N4_H4""}","{""orientation_cued"": {}, ""motion_duration_cued"": {}, ""krauzlis_cued_motion"": {}, ""spatial_binding"": {}, ""image_recognition"": {}}"
986,39440,828144,0.8386291980743408,0.4,0.3304321765899658,0,2.4306142330169678,"{""orientation_cued"": 0.6923675537109375, ""motion_duration_cued"": 1.3923211097717285, ""krauzlis_cued_motion"": 0.7033725380897522, ""spatial_binding"": 0.6938300132751465, ""image_recognition"": 0.7112547755241394}","{""orientation_cued"": 0.625, ""motion_duration_cued"": 0.125, ""krauzlis_cued_motion"": 0.5, ""spatial_binding"": 0.5, ""image_recognition"": 0.25}","{""orientation_cued"": ""orientation_cued_D24"", ""motion_duration_cued"": ""motion_duration_cued_D12"", ""krauzlis_cued_motion"": ""krauzlis_B20"", ""spatial_binding"": ""spatial_binding_D0"", ""image_recognition"": ""image_recognition_N24_H4""}","{""orientation_cued"": {}, ""motion_duration_cued"": {}, ""krauzlis_cued_motion"": {}, ""spatial_binding"": {}, ""image_recognition"": {}}"
987,39480,829120,0.6958162382245063,0.575,1.4623165130615234,1,2.3425726890563965,"{""orientation_cued"": 0.6930647492408752, ""motion_duration_cued"": 1.3826299905776978, ""krauzlis_cued_motion"": 0.667616069316864, ""spatial_binding"": 0.6932223439216614, ""image_recognition"": 0.0425480380654335}","{""orientation_cued"": 0.375, ""motion_duration_cued"": 0.375, ""krauzlis_cued_motion"": 0.625, ""spatial_binding"": 0.5, ""image_recognition"": 1.0}","{""orientation_cued"": ""orientation_cued_D0"", ""motion_duration_cued"": ""motion_duration_cued_D24"", ""krauzlis_cued_motion"": ""krauzlis_B28"", ""spatial_binding"": ""spatial_binding_D24"", ""image_recognition"": ""image_recognition_N0_H5""}","{""orientation_cued"": {}, ""motion_duration_cued"": {}, ""krauzlis_cued_motion"": {}, ""spatial_binding"": {}, ""image_recognition"": {}}"
988,39520,829792,0.8417248845100402,0.45,0.3684597611427307,0,1.6429407596588135,"{""orientation_cued"": 0.6930680871009827, ""motion_duration_cued"": 1.3840961456298828, ""krauzlis_cued_motion"": 0.7385339140892029, ""spatial_binding"": 0.6934782266616821, ""image_recognition"": 0.6994480490684509}","{""orientation_cued"": 0.625, ""motion_duration_cued"": 0.375, ""krauzlis_cued_motion"": 0.375, ""spatial_binding"": 0.5, ""image_recognition"": 0.375}","{""orientation_cued"": ""orientation_cued_D12"", ""motion_duration_cued"": ""motion_duration_cued_D0"", ""krauzlis_cued_motion"": ""krauzlis_B12"", ""spatial_binding"": ""spatial_binding_D12"", ""image_recognition"": ""image_recognition_N4_H3""}","{""orientation_cued"": {}, ""motion_duration_cued"": {}, ""krauzlis_cued_motion"": {}, ""spatial_binding"": {}, ""image_recognition"": {}}"
989,39560,830656,0.8194462418556213,0.475,0.2530972957611084,0,2.0785279273986816,"{""orientation_cued"": 0.693284273147583, ""motion_duration_cued"": 1.386480450630188, ""krauzlis_cued_motion"": 0.6333316564559937, ""spatial_binding"": 0.694301187992096, ""image_recognition"": 0.6898336410522461}","{""orientation_cued"": 0.5, ""motion_duration_cued"": 0.25, ""krauzlis_cued_motion"": 0.75, ""spatial_binding"": 0.25, ""image_recognition"": 0.625}","{""orientation_cued"": ""orientation_cued_D24"", ""motion_duration_cued"": ""motion_duration_cued_D0"", ""krauzlis_cued_motion"": ""krauzlis_B28"", ""spatial_binding"": ""spatial_binding_D0"", ""image_recognition"": ""image_recognition_N12_H3""}","{""orientation_cued"": {}, ""motion_duration_cued"": {}, ""krauzlis_cued_motion"": {}, ""spatial_binding"": {}, ""image_recognition"": {}}"
990,39600,831616,0.8199477434158325,0.55,0.26159825921058655,0,2.325066566467285,"{""orientation_cued"": 0.6928591132164001, ""motion_duration_cued"": 1.3862285614013672, ""krauzlis_cued_motion"": 0.6336526870727539, ""spatial_binding"": 0.6933680772781372, ""image_recognition"": 0.6936302781105042}","{""orientation_cued"": 0.75, ""motion_duration_cued"": 0.25, ""krauzlis_cued_motion"": 0.75, ""spatial_binding"": 0.5, ""image_recognition"": 0.5}","{""orientation_cued"": ""orientation_cued_D4"", ""motion_duration_cued"": ""motion_duration_cued_D24"", ""krauzlis_cued_motion"": ""krauzlis_B20"", ""spatial_binding"": ""spatial_binding_D4"", ""image_recognition"": ""image_recognition_N24_H3""}","{""orientation_cued"": {}, ""motion_duration_cued"": {}, ""krauzlis_cued_motion"": {}, ""spatial_binding"": {}, ""image_recognition"": {}}"
991,39640,832560,0.8488927245140075,0.375,0.5896670818328857,0,2.293670177459717,"{""orientation_cued"": 0.6926212906837463, ""motion_duration_cued"": 1.3868372440338135, ""krauzlis_cued_motion"": 0.7734837532043457, ""spatial_binding"": 0.692777156829834, ""image_recognition"": 0.6987441778182983}","{""orientation_cued"": 0.375, ""motion_duration_cued"": 0.375, ""krauzlis_cued_motion"": 0.25, ""spatial_binding"": 0.5, ""image_recognition"": 0.375}","{""orientation_cued"": ""orientation_cued_D0"", ""motion_duration_cued"": ""motion_duration_cued_D12"", ""krauzlis_cued_motion"": ""krauzlis_B12"", ""spatial_binding"": ""spatial_binding_D24"", ""image_recognition"": ""image_recognition_N24_H5""}","{""orientation_cued"": {}, ""motion_duration_cued"": {}, ""krauzlis_cued_motion"": {}, ""spatial_binding"": {}, ""image_recognition"": {}}"
992,39680,833344,0.8394464731216431,0.425,0.41857874393463135,0,1.8886239528656006,"{""orientation_cued"": 0.6905003190040588, ""motion_duration_cued"": 1.3872075080871582, ""krauzlis_cued_motion"": 0.737269937992096, ""spatial_binding"": 0.6926325559616089, ""image_recognition"": 0.6896220445632935}","{""orientation_cued"": 0.625, ""motion_duration_cued"": 0.125, ""krauzlis_cued_motion"": 0.375, ""spatial_binding"": 0.5, ""image_recognition"": 0.5}","{""orientation_cued"": ""orientation_cued_D12"", ""motion_duration_cued"": ""motion_duration_cued_D4"", ""krauzlis_cued_motion"": ""krauzlis_B20"", ""spatial_binding"": ""spatial_binding_D12"", ""image_recognition"": ""image_recognition_N4_H5""}","{""orientation_cued"": {}, ""motion_duration_cued"": {}, ""krauzlis_cued_motion"": {}, ""spatial_binding"": {}, ""image_recognition"": {}}"
993,39720,834120,0.6768471729010344,0.6,0.4711431860923767,0,1.8799960613250732,"{""orientation_cued"": 0.6969992518424988, ""motion_duration_cued"": 1.3862035274505615, ""krauzlis_cued_motion"": 0.6033616065979004, ""spatial_binding"": 0.695608377456665, ""image_recognition"": 0.0020631011575460434}","{""orientation_cued"": 0.375, ""motion_duration_cued"": 0.25, ""krauzlis_cued_motion"": 0.875, ""spatial_binding"": 0.5, ""image_recognition"": 1.0}","{""orientation_cued"": ""orientation_cued_D12"", ""motion_duration_cued"": ""motion_duration_cued_D12"", ""krauzlis_cued_motion"": ""krauzlis_B28"", ""spatial_binding"": ""spatial_binding_D0"", ""image_recognition"": ""image_recognition_N0_H4""}","{""orientation_cued"": {}, ""motion_duration_cued"": {}, ""krauzlis_cued_motion"": {}, ""spatial_binding"": {}, ""image_recognition"": {}}"
994,39760,834968,0.8198651194572448,0.5,0.3293713331222534,0,2.094313859939575,"{""orientation_cued"": 0.689170241355896, ""motion_duration_cued"": 1.3863366842269897, ""krauzlis_cued_motion"": 0.6366258859634399, ""spatial_binding"": 0.69259113073349, ""image_recognition"": 0.6946016550064087}","{""orientation_cued"": 0.625, ""motion_duration_cued"": 0.25, ""krauzlis_cued_motion"": 0.75, ""spatial_binding"": 0.5, ""image_recognition"": 0.375}","{""orientation_cued"": ""orientation_cued_D24"", ""motion_duration_cued"": ""motion_duration_cued_D0"", ""krauzlis_cued_motion"": ""krauzlis_B12"", ""spatial_binding"": ""spatial_binding_D12"", ""image_recognition"": ""image_recognition_N12_H5""}","{""orientation_cued"": {}, ""motion_duration_cued"": {}, ""krauzlis_cued_motion"": {}, ""spatial_binding"": {}, ""image_recognition"": {}}"
995,39800,835872,0.8335655450820922,0.45,0.11048711091279984,0,2.182164430618286,"{""orientation_cued"": 0.6925119161605835, ""motion_duration_cued"": 1.3868969678878784, ""krauzlis_cued_motion"": 0.7023872137069702, ""spatial_binding"": 0.6931365728378296, ""image_recognition"": 0.6928950548171997}","{""orientation_cued"": 0.5, ""motion_duration_cued"": 0.25, ""krauzlis_cued_motion"": 0.5, ""spatial_binding"": 0.5, ""image_recognition"": 0.5}","{""orientation_cued"": ""orientation_cued_D0"", ""motion_duration_cued"": ""motion_duration_cued_D4"", ""krauzlis_cued_motion"": ""krauzlis_B28"", ""spatial_binding"": ""spatial_binding_D24"", ""image_recognition"": ""image_recognition_N12_H4""}","{""orientation_cued"": {}, ""motion_duration_cued"": {}, ""krauzlis_cued_motion"": {}, ""spatial_binding"": {}, ""image_recognition"": {}}"
996,39840,836640,0.688472029962577,0.575,0.07904131710529327,0,1.867931842803955,"{""orientation_cued"": 0.6931166648864746, ""motion_duration_cued"": 1.3860151767730713, ""krauzlis_cued_motion"": 0.6687915325164795, ""spatial_binding"": 0.6931738257408142, ""image_recognition"": 0.0012629498960450292}","{""orientation_cued"": 0.5, ""motion_duration_cued"": 0.25, ""krauzlis_cued_motion"": 0.625, ""spatial_binding"": 0.5, ""image_recognition"": 1.0}","{""orientation_cued"": ""orientation_cued_D4"", ""motion_duration_cued"": ""motion_duration_cued_D24"", ""krauzlis_cued_motion"": ""krauzlis_B20"", ""spatial_binding"": ""spatial_binding_D4"", ""image_recognition"": ""image_recognition_N0_H3""}","{""orientation_cued"": {}, ""motion_duration_cued"": {}, ""krauzlis_cued_motion"": {}, ""spatial_binding"": {}, ""image_recognition"": {}}"
997,39880,837320,0.8258003830909729,0.45,0.3659447133541107,0,1.6303870677947998,"{""orientation_cued"": 0.6935186386108398, ""motion_duration_cued"": 1.377848505973816, ""krauzlis_cued_motion"": 0.6673232316970825, ""spatial_binding"": 0.6935777068138123, ""image_recognition"": 0.696733832359314}","{""orientation_cued"": 0.5, ""motion_duration_cued"": 0.25, ""krauzlis_cued_motion"": 0.625, ""spatial_binding"": 0.375, ""image_recognition"": 0.5}","{""orientation_cued"": ""orientation_cued_D12"", ""motion_duration_cued"": ""motion_duration_cued_D0"", ""krauzlis_cued_motion"": ""krauzlis_B12"", ""spatial_binding"": ""spatial_binding_D12"", ""image_recognition"": ""image_recognition_N4_H4""}","{""orientation_cued"": {}, ""motion_duration_cued"": {}, ""krauzlis_cued_motion"": {}, ""spatial_binding"": {}, ""image_recognition"": {}}"
998,39920,838056,0.8406988263130188,0.4,0.4299444556236267,0,1.7880992889404297,"{""orientation_cued"": 0.6939873695373535, ""motion_duration_cued"": 1.3891547918319702, ""krauzlis_cued_motion"": 0.738831102848053, ""spatial_binding"": 0.6926758289337158, ""image_recognition"": 0.6888450384140015}","{""orientation_cued"": 0.5, ""motion_duration_cued"": 0.125, ""krauzlis_cued_motion"": 0.375, ""spatial_binding"": 0.375, ""image_recognition"": 0.625}","{""orientation_cued"": ""orientation_cued_D0"", ""motion_duration_cued"": ""motion_duration_cued_D12"", ""krauzlis_cued_motion"": ""krauzlis_B20"", ""spatial_binding"": ""spatial_binding_D4"", ""image_recognition"": ""image_recognition_N12_H3""}","{""orientation_cued"": {}, ""motion_duration_cued"": {}, ""krauzlis_cued_motion"": {}, ""spatial_binding"": {}, ""image_recognition"": {}}"
999,39960,839080,0.8200363278388977,0.5,0.9639261364936829,0,2.5180678367614746,"{""orientation_cued"": 0.6866648197174072, ""motion_duration_cued"": 1.397096872329712, ""krauzlis_cued_motion"": 0.6313135027885437, ""spatial_binding"": 0.6937538385391235, ""image_recognition"": 0.6913526058197021}","{""orientation_cued"": 0.625, ""motion_duration_cued"": 0.125, ""krauzlis_cued_motion"": 0.75, ""spatial_binding"": 0.5, ""image_recognition"": 0.5}","{""orientation_cued"": ""orientation_cued_D24"", ""motion_duration_cued"": ""motion_duration_cued_D4"", ""krauzlis_cued_motion"": ""krauzlis_B28"", ""spatial_binding"": ""spatial_binding_D24"", ""image_recognition"": ""image_recognition_N4_H3""}","{""orientation_cued"": {}, ""motion_duration_cued"": {}, ""krauzlis_cued_motion"": {}, ""spatial_binding"": {}, ""image_recognition"": {}}"
1000,40000,839864,0.8350232481956482,0.375,0.47629567980766296,0,1.8914506435394287,"{""orientation_cued"": 0.6966543197631836, ""motion_duration_cued"": 1.3954302072525024, ""krauzlis_cued_motion"": 0.7043631076812744, ""spatial_binding"": 0.6896145939826965, ""image_recognition"": 0.689054012298584}","{""orientation_cued"": 0.375, ""motion_duration_cued"": 0.0, ""krauzlis_cued_motion"": 0.5, ""spatial_binding"": 0.5, ""image_recognition"": 0.5}","{""orientation_cued"": ""orientation_cued_D4"", ""motion_duration_cued"": ""motion_duration_cued_D24"", ""krauzlis_cued_motion"": ""krauzlis_B12"", ""spatial_binding"": ""spatial_binding_D0"", ""image_recognition"": ""image_recognition_N12_H5""}","{""orientation_cued"": {}, ""motion_duration_cued"": {}, ""krauzlis_cued_motion"": {}, ""spatial_binding"": {}, ""image_recognition"": {}}"
1001,40040,841016,0.7020316385664046,0.525,0.5262104868888855,0,2.811736822128296,"{""orientation_cued"": 0.687397837638855, ""motion_duration_cued"": 1.3862181901931763, ""krauzlis_cued_motion"": 0.7414047718048096, ""spatial_binding"": 0.6941165328025818, ""image_recognition"": 0.001020860392600298}","{""orientation_cued"": 0.625, ""motion_duration_cued"": 0.125, ""krauzlis_cued_motion"": 0.375, ""spatial_binding"": 0.5, ""image_recognition"": 1.0}","{""orientation_cued"": ""orientation_cued_D24"", ""motion_duration_cued"": ""motion_duration_cued_D24"", ""krauzlis_cued_motion"": ""krauzlis_B28"", ""spatial_binding"": ""spatial_binding_D24"", ""image_recognition"": ""image_recognition_N0_H3""}","{""orientation_cued"": {}, ""motion_duration_cued"": {}, ""krauzlis_cued_motion"": {}, ""spatial_binding"": {}, ""image_recognition"": {}}"
1002,40080,841960,0.8399377942085267,0.35,0.4624820053577423,0,2.2874293327331543,"{""orientation_cued"": 0.6997894048690796, ""motion_duration_cued"": 1.4008816480636597, ""krauzlis_cued_motion"": 0.7038249969482422, ""spatial_binding"": 0.6936677098274231, ""image_recognition"": 0.7015252113342285}","{""orientation_cued"": 0.375, ""motion_duration_cued"": 0.0, ""krauzlis_cued_motion"": 0.5, ""spatial_binding"": 0.5, ""image_recognition"": 0.375}","{""orientation_cued"": ""orientation_cued_D12"", ""motion_duration_cued"": ""motion_duration_cued_D4"", ""krauzlis_cued_motion"": ""krauzlis_B20"", ""spatial_binding"": ""spatial_binding_D12"", ""image_recognition"": ""image_recognition_N24_H5""}","{""orientation_cued"": {}, ""motion_duration_cued"": {}, ""krauzlis_cued_motion"": {}, ""spatial_binding"": {}, ""image_recognition"": {}}"
1003,40120,842768,0.8115239620208741,0.525,0.5225217342376709,0,1.9598371982574463,"{""orientation_cued"": 0.6887909173965454, ""motion_duration_cued"": 1.390843391418457, ""krauzlis_cued_motion"": 0.5955254435539246, ""spatial_binding"": 0.69240403175354, ""image_recognition"": 0.6900560259819031}","{""orientation_cued"": 0.625, ""motion_duration_cued"": 0.125, ""krauzlis_cued_motion"": 0.875, ""spatial_binding"": 0.5, ""image_recognition"": 0.5}","{""orientation_cued"": ""orientation_cued_D0"", ""motion_duration_cued"": ""motion_duration_cued_D12"", ""krauzlis_cued_motion"": ""krauzlis_B28"", ""spatial_binding"": ""spatial_binding_D4"", ""image_recognition"": ""image_recognition_N12_H4""}","{""orientation_cued"": {}, ""motion_duration_cued"": {}, ""krauzlis_cued_motion"": {}, ""spatial_binding"": {}, ""image_recognition"": {}}"
1004,40160,843440,0.8124940037727356,0.55,0.6013987064361572,0,1.6151373386383057,"{""orientation_cued"": 0.6950759291648865, ""motion_duration_cued"": 1.3797134160995483, ""krauzlis_cued_motion"": 0.594825029373169, ""spatial_binding"": 0.7000901699066162, ""image_recognition"": 0.692765474319458}","{""orientation_cued"": 0.375, ""motion_duration_cued"": 0.375, ""krauzlis_cued_motion"": 0.875, ""spatial_binding"": 0.5, ""image_recognition"": 0.625}","{""orientation_cued"": ""orientation_cued_D4"", ""motion_duration_cued"": ""motion_duration_cued_D0"", ""krauzlis_cued_motion"": ""krauzlis_B12"", ""spatial_binding"": ""spatial_binding_D0"", ""image_recognition"": ""image_recognition_N24_H3""}","{""orientation_cued"": {}, ""motion_duration_cued"": {}, ""krauzlis_cued_motion"": {}, ""spatial_binding"": {}, ""image_recognition"": {}}"
1005,40200,844088,0.7020460309460759,0.575,0.38444724678993225,0,1.5754303932189941,"{""orientation_cued"": 0.689035177230835, ""motion_duration_cued"": 1.3815394639968872, ""krauzlis_cued_motion"": 0.743903398513794, ""spatial_binding"": 0.6936923265457153, ""image_recognition"": 0.002059788443148136}","{""orientation_cued"": 0.625, ""motion_duration_cued"": 0.375, ""krauzlis_cued_motion"": 0.375, ""spatial_binding"": 0.5, ""image_recognition"": 1.0}","{""orientation_cued"": ""orientation_cued_D12"", ""motion_duration_cued"": ""motion_duration_cued_D4"", ""krauzlis_cued_motion"": ""krauzlis_B20"", ""spatial_binding"": ""spatial_binding_D0"", ""image_recognition"": ""image_recognition_N0_H4""}","{""orientation_cued"": {}, ""motion_duration_cued"": {}, ""krauzlis_cued_motion"": {}, ""spatial_binding"": {}, ""image_recognition"": {}}"
1006,40240,845280,0.8365171194076538,0.4,0.3560201823711395,0,2.8521339893341064,"{""orientation_cued"": 0.7005782723426819, ""motion_duration_cued"": 1.3923929929733276, ""krauzlis_cued_motion"": 0.7055678963661194, ""spatial_binding"": 0.692743718624115, ""image_recognition"": 0.6913027167320251}","{""orientation_cued"": 0.375, ""motion_duration_cued"": 0.125, ""krauzlis_cued_motion"": 0.5, ""spatial_binding"": 0.5, ""image_recognition"": 0.5}","{""orientation_cued"": ""orientation_cued_D24"", ""motion_duration_cued"": ""motion_duration_cued_D24"", ""krauzlis_cued_motion"": ""krauzlis_B20"", ""spatial_binding"": ""spatial_binding_D12"", ""image_recognition"": ""image_recognition_N24_H4""}","{""orientation_cued"": {}, ""motion_duration_cued"": {}, ""krauzlis_cued_motion"": {}, ""spatial_binding"": {}, ""image_recognition"": {}}"
1007,40280,845808,0.6987352450378239,0.55,0.32769641280174255,0,1.2915503978729248,"{""orientation_cued"": 0.692146897315979, ""motion_duration_cued"": 1.4006990194320679, ""krauzlis_cued_motion"": 0.705886960029602, ""spatial_binding"": 0.6929534077644348, ""image_recognition"": 0.001989940647035837}","{""orientation_cued"": 0.625, ""motion_duration_cued"": 0.125, ""krauzlis_cued_motion"": 0.5, ""spatial_binding"": 0.5, ""image_recognition"": 1.0}","{""orientation_cued"": ""orientation_cued_D4"", ""motion_duration_cued"": ""motion_duration_cued_D0"", ""krauzlis_cued_motion"": ""krauzlis_B12"", ""spatial_binding"": ""spatial_binding_D4"", ""image_recognition"": ""image_recognition_N0_H5""}","{""orientation_cued"": {}, ""motion_duration_cued"": {}, ""krauzlis_cued_motion"": {}, ""spatial_binding"": {}, ""image_recognition"": {}}"
1008,40320,846720,0.815739119052887,0.45,2.0820400714874268,1,2.2006354331970215,"{""orientation_cued"": 0.7031296491622925, ""motion_duration_cued"": 1.3868416547775269, ""krauzlis_cued_motion"": 0.6657658815383911, ""spatial_binding"": 0.6919373273849487, ""image_recognition"": 0.6310210824012756}","{""orientation_cued"": 0.375, ""motion_duration_cued"": 0.125, ""krauzlis_cued_motion"": 0.625, ""spatial_binding"": 0.5, ""image_recognition"": 0.625}","{""orientation_cued"": ""orientation_cued_D0"", ""motion_duration_cued"": ""motion_duration_cued_D12"", ""krauzlis_cued_motion"": ""krauzlis_B28"", ""spatial_binding"": ""spatial_binding_D24"", ""image_recognition"": ""image_recognition_N4_H5""}","{""orientation_cued"": {}, ""motion_duration_cued"": {}, ""krauzlis_cued_motion"": {}, ""spatial_binding"": {}, ""image_recognition"": {}}"
1009,40360,847496,0.6866988412104547,0.6,0.7396667003631592,0,1.8907885551452637,"{""orientation_cued"": 0.692193865776062, ""motion_duration_cued"": 1.3781331777572632, ""krauzlis_cued_motion"": 0.6657874584197998, ""spatial_binding"": 0.6947075128555298, ""image_recognition"": 0.0026721912436187267}","{""orientation_cued"": 0.625, ""motion_duration_cued"": 0.25, ""krauzlis_cued_motion"": 0.625, ""spatial_binding"": 0.5, ""image_recognition"": 1.0}","{""orientation_cued"": ""orientation_cued_D12"", ""motion_duration_cued"": ""motion_duration_cued_D12"", ""krauzlis_cued_motion"": ""krauzlis_B28"", ""spatial_binding"": ""spatial_binding_D0"", ""image_recognition"": ""image_recognition_N0_H4""}","{""orientation_cued"": {}, ""motion_duration_cued"": {}, ""krauzlis_cued_motion"": {}, ""spatial_binding"": {}, ""image_recognition"": {}}"
1010,40400,848136,0.7047487620264292,0.5,0.484199196100235,0,1.5608408451080322,"{""orientation_cued"": 0.7076247334480286, ""motion_duration_cued"": 1.4137521982192993, ""krauzlis_cued_motion"": 0.7063652873039246, ""spatial_binding"": 0.6939426064491272, ""image_recognition"": 0.002058984711766243}","{""orientation_cued"": 0.375, ""motion_duration_cued"": 0.125, ""krauzlis_cued_motion"": 0.5, ""spatial_binding"": 0.5, ""image_recognition"": 1.0}","{""orientation_cued"": ""orientation_cued_D0"", ""motion_duration_cued"": ""motion_duration_cued_D0"", ""krauzlis_cued_motion"": ""krauzlis_B12"", ""spatial_binding"": ""spatial_binding_D24"", ""image_recognition"": ""image_recognition_N0_H3""}","{""orientation_cued"": {}, ""motion_duration_cued"": {}, ""krauzlis_cued_motion"": {}, ""spatial_binding"": {}, ""image_recognition"": {}}"
1011,40440,849256,1.0418636441230773,0.4,107.6888656616211,1,2.6871495246887207,"{""orientation_cued"": 0.7072691321372986, ""motion_duration_cued"": 1.3924940824508667, ""krauzlis_cued_motion"": 0.7061415910720825, ""spatial_binding"": 0.6914374828338623, ""image_recognition"": 1.7119759321212769}","{""orientation_cued"": 0.375, ""motion_duration_cued"": 0.125, ""krauzlis_cued_motion"": 0.5, ""spatial_binding"": 0.5, ""image_recognition"": 0.5}","{""orientation_cued"": ""orientation_cued_D24"", ""motion_duration_cued"": ""motion_duration_cued_D24"", ""krauzlis_cued_motion"": ""krauzlis_B20"", ""spatial_binding"": ""spatial_binding_D4"", ""image_recognition"": ""image_recognition_N24_H3""}","{""orientation_cued"": {}, ""motion_duration_cued"": {}, ""krauzlis_cued_motion"": {}, ""spatial_binding"": {}, ""image_recognition"": {}}"
1012,40480,850104,1.1724791169166564,0.5,111.40839385986328,1,2.0612106323242188,"{""orientation_cued"": 0.6837347745895386, ""motion_duration_cued"": 1.3780103921890259, ""krauzlis_cued_motion"": 0.7060104608535767, ""spatial_binding"": 0.6979090571403503, ""image_recognition"": 2.396730899810791}","{""orientation_cued"": 0.625, ""motion_duration_cued"": 0.375, ""krauzlis_cued_motion"": 0.5, ""spatial_binding"": 0.5, ""image_recognition"": 0.5}","{""orientation_cued"": ""orientation_cued_D4"", ""motion_duration_cued"": ""motion_duration_cued_D4"", ""krauzlis_cued_motion"": ""krauzlis_B28"", ""spatial_binding"": ""spatial_binding_D12"", ""image_recognition"": ""image_recognition_N12_H5""}","{""orientation_cued"": {}, ""motion_duration_cued"": {}, ""krauzlis_cued_motion"": {}, ""spatial_binding"": {}, ""image_recognition"": {}}"
1013,40520,851096,0.8939833164215087,0.475,23.54857063293457,1,2.4051496982574463,"{""orientation_cued"": 0.6931519508361816, ""motion_duration_cued"": 1.3876343965530396, ""krauzlis_cued_motion"": 0.6655998826026917, ""spatial_binding"": 0.6939782500267029, ""image_recognition"": 1.0295521020889282}","{""orientation_cued"": 0.5, ""motion_duration_cued"": 0.25, ""krauzlis_cued_motion"": 0.625, ""spatial_binding"": 0.5, ""image_recognition"": 0.5}","{""orientation_cued"": ""orientation_cued_D24"", ""motion_duration_cued"": ""motion_duration_cued_D12"", ""krauzlis_cued_motion"": ""krauzlis_B20"", ""spatial_binding"": ""spatial_binding_D12"", ""image_recognition"": ""image_recognition_N12_H3""}","{""orientation_cued"": {}, ""motion_duration_cued"": {}, ""krauzlis_cued_motion"": {}, ""spatial_binding"": {}, ""image_recognition"": {}}"
1014,40560,851816,0.8429480910301208,0.45,0.3615184724330902,0,1.7366132736206055,"{""orientation_cued"": 0.6934077739715576, ""motion_duration_cued"": 1.386492133140564, ""krauzlis_cued_motion"": 0.7462751269340515, ""spatial_binding"": 0.6950586438179016, ""image_recognition"": 0.6935067772865295}","{""orientation_cued"": 0.5, ""motion_duration_cued"": 0.25, ""krauzlis_cued_motion"": 0.375, ""spatial_binding"": 0.5, ""image_recognition"": 0.625}","{""orientation_cued"": ""orientation_cued_D0"", ""motion_duration_cued"": ""motion_duration_cued_D4"", ""krauzlis_cued_motion"": ""krauzlis_B12"", ""spatial_binding"": ""spatial_binding_D4"", ""image_recognition"": ""image_recognition_N24_H5""}","{""orientation_cued"": {}, ""motion_duration_cued"": {}, ""krauzlis_cued_motion"": {}, ""spatial_binding"": {}, ""image_recognition"": {}}"
1015,40600,852312,0.7050028597470372,0.475,0.433502733707428,0,1.218125581741333,"{""orientation_cued"": 0.7005415558815002, ""motion_duration_cued"": 1.389220118522644, ""krauzlis_cued_motion"": 0.742729127407074, ""spatial_binding"": 0.690656840801239, ""image_recognition"": 0.0018666561227291822}","{""orientation_cued"": 0.375, ""motion_duration_cued"": 0.125, ""krauzlis_cued_motion"": 0.375, ""spatial_binding"": 0.5, ""image_recognition"": 1.0}","{""orientation_cued"": ""orientation_cued_D4"", ""motion_duration_cued"": ""motion_duration_cued_D0"", ""krauzlis_cued_motion"": ""krauzlis_B12"", ""spatial_binding"": ""spatial_binding_D0"", ""image_recognition"": ""image_recognition_N0_H5""}","{""orientation_cued"": {}, ""motion_duration_cued"": {}, ""krauzlis_cued_motion"": {}, ""spatial_binding"": {}, ""image_recognition"": {}}"
1016,40640,853504,0.8424144625663758,0.4,0.441643089056015,0,2.8790531158447266,"{""orientation_cued"": 0.6929630637168884, ""motion_duration_cued"": 1.3920000791549683, ""krauzlis_cued_motion"": 0.7390411496162415, ""spatial_binding"": 0.6930018663406372, ""image_recognition"": 0.6950661540031433}","{""orientation_cued"": 0.5, ""motion_duration_cued"": 0.125, ""krauzlis_cued_motion"": 0.375, ""spatial_binding"": 0.5, ""image_recognition"": 0.5}","{""orientation_cued"": ""orientation_cued_D12"", ""motion_duration_cued"": ""motion_duration_cued_D24"", ""krauzlis_cued_motion"": ""krauzlis_B20"", ""spatial_binding"": ""spatial_binding_D24"", ""image_recognition"": ""image_recognition_N24_H4""}","{""orientation_cued"": {}, ""motion_duration_cued"": {}, ""krauzlis_cued_motion"": {}, ""spatial_binding"": {}, ""image_recognition"": {}}"
1017,40680,854352,0.8260672926902771,0.5,0.29345938563346863,0,2.036252975463867,"{""orientation_cued"": 0.6911768317222595, ""motion_duration_cued"": 1.3823384046554565, ""krauzlis_cued_motion"": 0.6689391732215881, ""spatial_binding"": 0.6928450465202332, ""image_recognition"": 0.6950370073318481}","{""orientation_cued"": 0.625, ""motion_duration_cued"": 0.25, ""krauzlis_cued_motion"": 0.625, ""spatial_binding"": 0.5, ""image_recognition"": 0.5}","{""orientation_cued"": ""orientation_cued_D12"", ""motion_duration_cued"": ""motion_duration_cued_D4"", ""krauzlis_cued_motion"": ""krauzlis_B28"", ""spatial_binding"": ""spatial_binding_D12"", ""image_recognition"": ""image_recognition_N4_H5""}","{""orientation_cued"": {}, ""motion_duration_cued"": {}, ""krauzlis_cued_motion"": {}, ""spatial_binding"": {}, ""image_recognition"": {}}"
1018,40720,855352,0.8359111070632934,0.4,0.7015616297721863,0,2.4174091815948486,"{""orientation_cued"": 0.6973562240600586, ""motion_duration_cued"": 1.3923660516738892, ""krauzlis_cued_motion"": 0.7006216645240784, ""spatial_binding"": 0.6942727565765381, ""image_recognition"": 0.6949388384819031}","{""orientation_cued"": 0.375, ""motion_duration_cued"": 0.25, ""krauzlis_cued_motion"": 0.5, ""spatial_binding"": 0.375, ""image_recognition"": 0.5}","{""orientation_cued"": ""orientation_cued_D24"", ""motion_duration_cued"": ""motion_duration_cued_D24"", ""krauzlis_cued_motion"": ""krauzlis_B28"", ""spatial_binding"": ""spatial_binding_D0"", ""image_recognition"": ""image_recognition_N4_H4""}","{""orientation_cued"": {}, ""motion_duration_cued"": {}, ""krauzlis_cued_motion"": {}, ""spatial_binding"": {}, ""image_recognition"": {}}"
1019,40760,856256,0.8274042248725891,0.45,0.4639626145362854,0,2.220747470855713,"{""orientation_cued"": 0.6930446624755859, ""motion_duration_cued"": 1.3939225673675537, ""krauzlis_cued_motion"": 0.6710260510444641, ""spatial_binding"": 0.6935110092163086, ""image_recognition"": 0.6855168342590332}","{""orientation_cued"": 0.5, ""motion_duration_cued"": 0.125, ""krauzlis_cued_motion"": 0.625, ""spatial_binding"": 0.5, ""image_recognition"": 0.5}","{""orientation_cued"": ""orientation_cued_D0"", ""motion_duration_cued"": ""motion_duration_cued_D12"", ""krauzlis_cued_motion"": ""krauzlis_B20"", ""spatial_binding"": ""spatial_binding_D24"", ""image_recognition"": ""image_recognition_N12_H4""}","{""orientation_cued"": {}, ""motion_duration_cued"": {}, ""krauzlis_cued_motion"": {}, ""spatial_binding"": {}, ""image_recognition"": {}}"
1020,40800,856800,0.8365238666534424,0.425,0.3060332238674164,0,1.3339805603027344,"{""orientation_cued"": 0.6931797862052917, ""motion_duration_cued"": 1.3819198608398438, ""krauzlis_cued_motion"": 0.7251591086387634, ""spatial_binding"": 0.6923527717590332, ""image_recognition"": 0.6900078058242798}","{""orientation_cued"": 0.5, ""motion_duration_cued"": 0.25, ""krauzlis_cued_motion"": 0.375, ""spatial_binding"": 0.5, ""image_recognition"": 0.5}","{""orientation_cued"": ""orientation_cued_D4"", ""motion_duration_cued"": ""motion_duration_cued_D0"", ""krauzlis_cued_motion"": ""krauzlis_B12"", ""spatial_binding"": ""spatial_binding_D4"", ""image_recognition"": ""image_recognition_N4_H3""}","{""orientation_cued"": {}, ""motion_duration_cued"": {}, ""krauzlis_cued_motion"": {}, ""spatial_binding"": {}, ""image_recognition"": {}}"
1021,40840,857920,0.8191107511520386,0.475,0.5004393458366394,0,2.7107203006744385,"{""orientation_cued"": 0.6949129700660706, ""motion_duration_cued"": 1.3893506526947021, ""krauzlis_cued_motion"": 0.6247028708457947, ""spatial_binding"": 0.692673921585083, ""image_recognition"": 0.6939133405685425}","{""orientation_cued"": 0.375, ""motion_duration_cued"": 0.125, ""krauzlis_cued_motion"": 0.875, ""spatial_binding"": 0.5, ""image_recognition"": 0.5}","{""orientation_cued"": ""orientation_cued_D24"", ""motion_duration_cued"": ""motion_duration_cued_D4"", ""krauzlis_cued_motion"": ""krauzlis_B20"", ""spatial_binding"": ""spatial_binding_D24"", ""image_recognition"": ""image_recognition_N24_H3""}","{""orientation_cued"": {}, ""motion_duration_cued"": {}, ""krauzlis_cued_motion"": {}, ""spatial_binding"": {}, ""image_recognition"": {}}"
1022,40880,858784,0.8236245036125183,0.5,0.42036953568458557,0,2.0906131267547607,"{""orientation_cued"": 0.6994814276695251, ""motion_duration_cued"": 1.3876738548278809, ""krauzlis_cued_motion"": 0.6498062014579773, ""spatial_binding"": 0.6932096481323242, ""image_recognition"": 0.687951385974884}","{""orientation_cued"": 0.375, ""motion_duration_cued"": 0.125, ""krauzlis_cued_motion"": 0.75, ""spatial_binding"": 0.5, ""image_recognition"": 0.75}","{""orientation_cued"": ""orientation_cued_D0"", ""motion_duration_cued"": ""motion_duration_cued_D12"", ""krauzlis_cued_motion"": ""krauzlis_B28"", ""spatial_binding"": ""spatial_binding_D12"", ""image_recognition"": ""image_recognition_N12_H3""}","{""orientation_cued"": {}, ""motion_duration_cued"": {}, ""krauzlis_cued_motion"": {}, ""spatial_binding"": {}, ""image_recognition"": {}}"
1023,40920,859568,0.6948537795105949,0.475,0.4139828085899353,0,1.879424810409546,"{""orientation_cued"": 0.6942563056945801, ""motion_duration_cued"": 1.3887001276016235, ""krauzlis_cued_motion"": 0.6979295611381531, ""spatial_binding"": 0.6925795674324036, ""image_recognition"": 0.0008033356862142682}","{""orientation_cued"": 0.25, ""motion_duration_cued"": 0.125, ""krauzlis_cued_motion"": 0.5, ""spatial_binding"": 0.5, ""image_recognition"": 1.0}","{""orientation_cued"": ""orientation_cued_D12"", ""motion_duration_cued"": ""motion_duration_cued_D24"", ""krauzlis_cued_motion"": ""krauzlis_B12"", ""spatial_binding"": ""spatial_binding_D4"", ""image_recognition"": ""image_recognition_N0_H5""}","{""orientation_cued"": {}, ""motion_duration_cued"": {}, ""krauzlis_cued_motion"": {}, ""spatial_binding"": {}, ""image_recognition"": {}}"
1024,40960,860120,0.68456475592684,0.65,0.4795021414756775,0,1.35091233253479,"{""orientation_cued"": 0.6889513731002808, ""motion_duration_cued"": 1.390832781791687, ""krauzlis_cued_motion"": 0.648058295249939, ""spatial_binding"": 0.6938258409500122, ""image_recognition"": 0.0011554885422810912}","{""orientation_cued"": 0.75, ""motion_duration_cued"": 0.25, ""krauzlis_cued_motion"": 0.75, ""spatial_binding"": 0.5, ""image_recognition"": 1.0}","{""orientation_cued"": ""orientation_cued_D4"", ""motion_duration_cued"": ""motion_duration_cued_D0"", ""krauzlis_cued_motion"": ""krauzlis_B20"", ""spatial_binding"": ""spatial_binding_D0"", ""image_recognition"": ""image_recognition_N0_H4""}","{""orientation_cued"": {}, ""motion_duration_cued"": {}, ""krauzlis_cued_motion"": {}, ""spatial_binding"": {}, ""image_recognition"": {}}"
1025,41000,860992,0.8234961152076721,0.45,0.38357996940612793,0,2.142674446105957,"{""orientation_cued"": 0.6943811178207397, ""motion_duration_cued"": 1.3834469318389893, ""krauzlis_cued_motion"": 0.6465885639190674, ""spatial_binding"": 0.6929969787597656, ""image_recognition"": 0.7000669836997986}","{""orientation_cued"": 0.375, ""motion_duration_cued"": 0.25, ""krauzlis_cued_motion"": 0.75, ""spatial_binding"": 0.5, ""image_recognition"": 0.375}","{""orientation_cued"": ""orientation_cued_D12"", ""motion_duration_cued"": ""motion_duration_cued_D24"", ""krauzlis_cued_motion"": ""krauzlis_B12"", ""spatial_binding"": ""spatial_binding_D4"", ""image_recognition"": ""image_recognition_N12_H4""}","{""orientation_cued"": {""priority_entropy"": 5.114943504333496, ""priority_peak"": 0.009012052789330482, ""priority_gradient_norm"": 0.17967480421066284, ""attention_gradient_norm"": 0.007526852656155825}, ""motion_duration_cued"": {""priority_entropy"": 5.121224403381348, ""priority_peak"": 0.00805235281586647, ""priority_gradient_norm"": 0.2547435462474823, ""attention_gradient_norm"": 0.015642747282981873}, ""krauzlis_cued_motion"": {""priority_entropy"": 5.128345012664795, ""priority_peak"": 0.0066770524717867374, ""priority_gradient_norm"": 0.35685673356056213, ""attention_gradient_norm"": 0.015653299167752266}, ""spatial_binding"": {""priority_entropy"": 5.12819766998291, ""priority_peak"": 0.0068362122401595116, ""priority_gradient_norm"": 0.3571743071079254, ""attention_gradient_norm"": 0.01599859446287155}, ""image_recognition"": {""priority_entropy"": 5.1288862228393555, ""priority_peak"": 0.006581781432032585, ""priority_gradient_norm"": 0.3579905033111572, ""attention_gradient_norm"": 0.017290960997343063}}"
1026,41040,861856,0.8291378378868103,0.45,0.30530068278312683,0,2.0969126224517822,"{""orientation_cued"": 0.6969150304794312, ""motion_duration_cued"": 1.3924928903579712, ""krauzlis_cued_motion"": 0.6715375781059265, ""spatial_binding"": 0.6931281089782715, ""image_recognition"": 0.6916155815124512}","{""orientation_cued"": 0.375, ""motion_duration_cued"": 0.125, ""krauzlis_cued_motion"": 0.625, ""spatial_binding"": 0.625, ""image_recognition"": 0.5}","{""orientation_cued"": ""orientation_cued_D4"", ""motion_duration_cued"": ""motion_duration_cued_D4"", ""krauzlis_cued_motion"": ""krauzlis_B28"", ""spatial_binding"": ""spatial_binding_D24"", ""image_recognition"": ""image_recognition_N4_H3""}","{""orientation_cued"": {}, ""motion_duration_cued"": {}, ""krauzlis_cued_motion"": {}, ""spatial_binding"": {}, ""image_recognition"": {}}"
1027,41080,862608,0.8147202968597412,0.525,0.5734469890594482,0,1.9590036869049072,"{""orientation_cued"": 0.6953597068786621, ""motion_duration_cued"": 1.3798165321350098, ""krauzlis_cued_motion"": 0.6102907657623291, ""spatial_binding"": 0.6929250955581665, ""image_recognition"": 0.6952093839645386}","{""orientation_cued"": 0.375, ""motion_duration_cued"": 0.375, ""krauzlis_cued_motion"": 0.875, ""spatial_binding"": 0.5, ""image_recognition"": 0.5}","{""orientation_cued"": ""orientation_cued_D0"", ""motion_duration_cued"": ""motion_duration_cued_D0"", ""krauzlis_cued_motion"": ""krauzlis_B12"", ""spatial_binding"": ""spatial_binding_D12"", ""image_recognition"": ""image_recognition_N24_H5""}","{""orientation_cued"": {}, ""motion_duration_cued"": {}, ""krauzlis_cued_motion"": {}, ""spatial_binding"": {}, ""image_recognition"": {}}"
1028,41120,863520,0.8351800918579102,0.425,0.30116426944732666,0,2.2019214630126953,"{""orientation_cued"": 0.6952692270278931, ""motion_duration_cued"": 1.39193856716156, ""krauzlis_cued_motion"": 0.7019064426422119, ""spatial_binding"": 0.694028913974762, ""image_recognition"": 0.6927573084831238}","{""orientation_cued"": 0.375, ""motion_duration_cued"": 0.25, ""krauzlis_cued_motion"": 0.5, ""spatial_binding"": 0.5, ""image_recognition"": 0.5}","{""orientation_cued"": ""orientation_cued_D24"", ""motion_duration_cued"": ""motion_duration_cued_D12"", ""krauzlis_cued_motion"": ""krauzlis_B20"", ""spatial_binding"": ""spatial_binding_D0"", ""image_recognition"": ""image_recognition_N12_H5""}","{""orientation_cued"": {}, ""motion_duration_cued"": {}, ""krauzlis_cued_motion"": {}, ""spatial_binding"": {}, ""image_recognition"": {}}"
1029,41160,864528,0.8278251528739929,0.425,0.2721378803253174,0,2.5483994483947754,"{""orientation_cued"": 0.6943670511245728, ""motion_duration_cued"": 1.3858758211135864, ""krauzlis_cued_motion"": 0.6671574711799622, ""spatial_binding"": 0.6936281323432922, ""image_recognition"": 0.698097288608551}","{""orientation_cued"": 0.375, ""motion_duration_cued"": 0.25, ""krauzlis_cued_motion"": 0.625, ""spatial_binding"": 0.5, ""image_recognition"": 0.375}","{""orientation_cued"": ""orientation_cued_D0"", ""motion_duration_cued"": ""motion_duration_cued_D24"", ""krauzlis_cued_motion"": ""krauzlis_B28"", ""spatial_binding"": ""spatial_binding_D24"", ""image_recognition"": ""image_recognition_N4_H5""}","{""orientation_cued"": {}, ""motion_duration_cued"": {}, ""krauzlis_cued_motion"": {}, ""spatial_binding"": {}, ""image_recognition"": {}}"
1030,41200,865104,0.7116723797982558,0.5,0.4911724925041199,0,1.4483957290649414,"{""orientation_cued"": 0.6954001784324646, ""motion_duration_cued"": 1.3858882188796997, ""krauzlis_cued_motion"": 0.7819256782531738, ""spatial_binding"": 0.6945056915283203, ""image_recognition"": 0.0006421318976208568}","{""orientation_cued"": 0.375, ""motion_duration_cued"": 0.375, ""krauzlis_cued_motion"": 0.25, ""spatial_binding"": 0.5, ""image_recognition"": 1.0}","{""orientation_cued"": ""orientation_cued_D4"", ""motion_duration_cued"": ""motion_duration_cued_D4"", ""krauzlis_cued_motion"": ""krauzlis_B20"", ""spatial_binding"": ""spatial_binding_D0"", ""image_recognition"": ""image_recognition_N0_H3""}","{""orientation_cued"": {}, ""motion_duration_cued"": {}, ""krauzlis_cued_motion"": {}, ""spatial_binding"": {}, ""image_recognition"": {}}"
1031,41240,865880,0.8262707114219665,0.525,0.4322817027568817,0,1.9785325527191162,"{""orientation_cued"": 0.6914370656013489, ""motion_duration_cued"": 1.3862903118133545, ""krauzlis_cued_motion"": 0.6661872863769531, ""spatial_binding"": 0.6928633451461792, ""image_recognition"": 0.6945755481719971}","{""orientation_cued"": 0.75, ""motion_duration_cued"": 0.25, ""krauzlis_cued_motion"": 0.625, ""spatial_binding"": 0.5, ""image_recognition"": 0.5}","{""orientation_cued"": ""orientation_cued_D12"", ""motion_duration_cued"": ""motion_duration_cued_D0"", ""krauzlis_cued_motion"": ""krauzlis_B12"", ""spatial_binding"": ""spatial_binding_D4"", ""image_recognition"": ""image_recognition_N24_H4""}","{""orientation_cued"": {}, ""motion_duration_cued"": {}, ""krauzlis_cued_motion"": {}, ""spatial_binding"": {}, ""image_recognition"": {}}"
1032,41280,866880,0.8198988199234009,0.45,0.46261635422706604,0,2.4472615718841553,"{""orientation_cued"": 0.6998423337936401, ""motion_duration_cued"": 1.3844796419143677, ""krauzlis_cued_motion"": 0.6251873970031738, ""spatial_binding"": 0.6929600238800049, ""image_recognition"": 0.6970247030258179}","{""orientation_cued"": 0.25, ""motion_duration_cued"": 0.25, ""krauzlis_cued_motion"": 0.75, ""spatial_binding"": 0.5, ""image_recognition"": 0.5}","{""orientation_cued"": ""orientation_cued_D24"", ""motion_duration_cued"": ""motion_duration_cued_D12"", ""krauzlis_cued_motion"": ""krauzlis_B28"", ""spatial_binding"": ""spatial_binding_D12"", ""image_recognition"": ""image_recognition_N4_H4""}","{""orientation_cued"": {}, ""motion_duration_cued"": {}, ""krauzlis_cued_motion"": {}, ""spatial_binding"": {}, ""image_recognition"": {}}"
1033,41320,867968,0.8443842887878418,0.425,0.3469260036945343,0,2.6443276405334473,"{""orientation_cued"": 0.6934577822685242, ""motion_duration_cued"": 1.3846104145050049, ""krauzlis_cued_motion"": 0.7493141889572144, ""spatial_binding"": 0.6935206055641174, ""image_recognition"": 0.7010184526443481}","{""orientation_cued"": 0.5, ""motion_duration_cued"": 0.25, ""krauzlis_cued_motion"": 0.375, ""spatial_binding"": 0.5, ""image_recognition"": 0.5}","{""orientation_cued"": ""orientation_cued_D12"", ""motion_duration_cued"": ""motion_duration_cued_D24"", ""krauzlis_cued_motion"": ""krauzlis_B28"", ""spatial_binding"": ""spatial_binding_D4"", ""image_recognition"": ""image_recognition_N24_H3""}","{""orientation_cued"": {}, ""motion_duration_cued"": {}, ""krauzlis_cued_motion"": {}, ""spatial_binding"": {}, ""image_recognition"": {}}"
1034,41360,868592,0.8348738551139832,0.45,0.24247872829437256,0,1.4666531085968018,"{""orientation_cued"": 0.6927881836891174, ""motion_duration_cued"": 1.391114592552185, ""krauzlis_cued_motion"": 0.7075379490852356, ""spatial_binding"": 0.6911238431930542, ""image_recognition"": 0.6918047070503235}","{""orientation_cued"": 0.625, ""motion_duration_cued"": 0.125, ""krauzlis_cued_motion"": 0.5, ""spatial_binding"": 0.5, ""image_recognition"": 0.5}","{""orientation_cued"": ""orientation_cued_D4"", ""motion_duration_cued"": ""motion_duration_cued_D4"", ""krauzlis_cued_motion"": ""krauzlis_B12"", ""spatial_binding"": ""spatial_binding_D0"", ""image_recognition"": ""image_recognition_N12_H5""}","{""orientation_cued"": {}, ""motion_duration_cued"": {}, ""krauzlis_cued_motion"": {}, ""spatial_binding"": {}, ""image_recognition"": {}}"
1035,41400,869296,0.6804926432669163,0.55,0.47603580355644226,0,1.681830883026123,"{""orientation_cued"": 0.7044064998626709, ""motion_duration_cued"": 1.381076455116272, ""krauzlis_cued_motion"": 0.6227613091468811, ""spatial_binding"": 0.6934893131256104, ""image_recognition"": 0.000729639083147049}","{""orientation_cued"": 0.25, ""motion_duration_cued"": 0.375, ""krauzlis_cued_motion"": 0.75, ""spatial_binding"": 0.375, ""image_recognition"": 1.0}","{""orientation_cued"": ""orientation_cued_D0"", ""motion_duration_cued"": ""motion_duration_cued_D0"", ""krauzlis_cued_motion"": ""krauzlis_B20"", ""spatial_binding"": ""spatial_binding_D24"", ""image_recognition"": ""image_recognition_N0_H3""}","{""orientation_cued"": {}, ""motion_duration_cued"": {}, ""krauzlis_cued_motion"": {}, ""spatial_binding"": {}, ""image_recognition"": {}}"
1036,41440,870168,0.8357936024665833,0.475,0.4448016881942749,0,2.031428337097168,"{""orientation_cued"": 0.69181889295578, ""motion_duration_cued"": 1.3898074626922607, ""krauzlis_cued_motion"": 0.7082468271255493, ""spatial_binding"": 0.6938169598579407, ""image_recognition"": 0.6952778697013855}","{""orientation_cued"": 0.75, ""motion_duration_cued"": 0.125, ""krauzlis_cued_motion"": 0.5, ""spatial_binding"": 0.5, ""image_recognition"": 0.5}","{""orientation_cued"": ""orientation_cued_D24"", ""motion_duration_cued"": ""motion_duration_cued_D12"", ""krauzlis_cued_motion"": ""krauzlis_B12"", ""spatial_binding"": ""spatial_binding_D12"", ""image_recognition"": ""image_recognition_N4_H4""}","{""orientation_cued"": {}, ""motion_duration_cued"": {}, ""krauzlis_cued_motion"": {}, ""spatial_binding"": {}, ""image_recognition"": {}}"
1037,41480,870824,0.6974146842490881,0.525,0.33891063928604126,0,1.5586583614349365,"{""orientation_cued"": 0.6937876343727112, ""motion_duration_cued"": 1.3860005140304565, ""krauzlis_cued_motion"": 0.7084534168243408, ""spatial_binding"": 0.6951046586036682, ""image_recognition"": 0.003727197414264083}","{""orientation_cued"": 0.375, ""motion_duration_cued"": 0.25, ""krauzlis_cued_motion"": 0.5, ""spatial_binding"": 0.5, ""image_recognition"": 1.0}","{""orientation_cued"": ""orientation_cued_D12"", ""motion_duration_cued"": ""motion_duration_cued_D4"", ""krauzlis_cued_motion"": ""krauzlis_B20"", ""spatial_binding"": ""spatial_binding_D0"", ""image_recognition"": ""image_recognition_N0_H5""}","{""orientation_cued"": {}, ""motion_duration_cued"": {}, ""krauzlis_cued_motion"": {}, ""spatial_binding"": {}, ""image_recognition"": {}}"
1038,41520,871592,0.8340810656547546,0.45,0.31013327836990356,0,1.8026478290557861,"{""orientation_cued"": 0.6954342126846313, ""motion_duration_cued"": 1.3895753622055054, ""krauzlis_cued_motion"": 0.7075347304344177, ""spatial_binding"": 0.6939774751663208, ""image_recognition"": 0.683883547782898}","{""orientation_cued"": 0.375, ""motion_duration_cued"": 0.125, ""krauzlis_cued_motion"": 0.5, ""spatial_binding"": 0.5, ""image_recognition"": 0.75}","{""orientation_cued"": ""orientation_cued_D4"", ""motion_duration_cued"": ""motion_duration_cued_D12"", ""krauzlis_cued_motion"": ""krauzlis_B28"", ""spatial_binding"": ""spatial_binding_D4"", ""image_recognition"": ""image_recognition_N4_H3""}","{""orientation_cued"": {}, ""motion_duration_cued"": {}, ""krauzlis_cued_motion"": {}, ""spatial_binding"": {}, ""image_recognition"": {}}"
1039,41560,872488,0.8462204098701477,0.3,0.4894035756587982,0,2.114107847213745,"{""orientation_cued"": 0.6939484477043152, ""motion_duration_cued"": 1.3887383937835693, ""krauzlis_cued_motion"": 0.7493756413459778, ""spatial_binding"": 0.6935341954231262, ""image_recognition"": 0.70550537109375}","{""orientation_cued"": 0.25, ""motion_duration_cued"": 0.25, ""krauzlis_cued_motion"": 0.375, ""spatial_binding"": 0.5, ""image_recognition"": 0.125}","{""orientation_cued"": ""orientation_cued_D24"", ""motion_duration_cued"": ""motion_duration_cued_D0"", ""krauzlis_cued_motion"": ""krauzlis_B20"", ""spatial_binding"": ""spatial_binding_D12"", ""image_recognition"": ""image_recognition_N12_H3""}","{""orientation_cued"": {}, ""motion_duration_cued"": {}, ""krauzlis_cued_motion"": {}, ""spatial_binding"": {}, ""image_recognition"": {}}"
1040,41600,873528,0.8262923240661622,0.4,0.6078444123268127,0,2.4655323028564453,"{""orientation_cued"": 0.696474552154541, ""motion_duration_cued"": 1.3882147073745728, ""krauzlis_cued_motion"": 0.666018009185791, ""spatial_binding"": 0.6933879256248474, ""image_recognition"": 0.6873664259910583}","{""orientation_cued"": 0.25, ""motion_duration_cued"": 0.125, ""krauzlis_cued_motion"": 0.625, ""spatial_binding"": 0.5, ""image_recognition"": 0.5}","{""orientation_cued"": ""orientation_cued_D0"", ""motion_duration_cued"": ""motion_duration_cued_D24"", ""krauzlis_cued_motion"": ""krauzlis_B12"", ""spatial_binding"": ""spatial_binding_D24"", ""image_recognition"": ""image_recognition_N24_H5""}","{""orientation_cued"": {}, ""motion_duration_cued"": {}, ""krauzlis_cued_motion"": {}, ""spatial_binding"": {}, ""image_recognition"": {}}"
1041,41640,874528,0.8195382356643677,0.45,0.4519304037094116,0,2.362067222595215,"{""orientation_cued"": 0.6944679617881775, ""motion_duration_cued"": 1.384362816810608, ""krauzlis_cued_motion"": 0.6267244219779968, ""spatial_binding"": 0.6925466656684875, ""image_recognition"": 0.6995893120765686}","{""orientation_cued"": 0.25, ""motion_duration_cued"": 0.375, ""krauzlis_cued_motion"": 0.75, ""spatial_binding"": 0.5, ""image_recognition"": 0.375}","{""orientation_cued"": ""orientation_cued_D24"", ""motion_duration_cued"": ""motion_duration_cued_D0"", ""krauzlis_cued_motion"": ""krauzlis_B28"", ""spatial_binding"": ""spatial_binding_D4"", ""image_recognition"": ""image_recognition_N24_H4""}","{""orientation_cued"": {}, ""motion_duration_cued"": {}, ""krauzlis_cued_motion"": {}, ""spatial_binding"": {}, ""image_recognition"": {}}"
1042,41680,875144,0.8441315054893493,0.35,0.4753737449645996,0,1.4489386081695557,"{""orientation_cued"": 0.6986055374145508, ""motion_duration_cued"": 1.38822340965271, ""krauzlis_cued_motion"": 0.7447327971458435, ""spatial_binding"": 0.694209635257721, ""image_recognition"": 0.6948861479759216}","{""orientation_cued"": 0.25, ""motion_duration_cued"": 0.125, ""krauzlis_cued_motion"": 0.375, ""spatial_binding"": 0.5, ""image_recognition"": 0.5}","{""orientation_cued"": ""orientation_cued_D4"", ""motion_duration_cued"": ""motion_duration_cued_D4"", ""krauzlis_cued_motion"": ""krauzlis_B12"", ""spatial_binding"": ""spatial_binding_D0"", ""image_recognition"": ""image_recognition_N12_H4""}","{""orientation_cued"": {}, ""motion_duration_cued"": {}, ""krauzlis_cued_motion"": {}, ""spatial_binding"": {}, ""image_recognition"": {}}"
1043,41720,875992,0.8349198937416077,0.45,0.2960386276245117,0,2.0059802532196045,"{""orientation_cued"": 0.6978517174720764, ""motion_duration_cued"": 1.3859180212020874, ""krauzlis_cued_motion"": 0.7048423290252686, ""spatial_binding"": 0.6939753293991089, ""image_recognition"": 0.6920120716094971}","{""orientation_cued"": 0.375, ""motion_duration_cued"": 0.25, ""krauzlis_cued_motion"": 0.5, ""spatial_binding"": 0.5, ""image_recognition"": 0.625}","{""orientation_cued"": ""orientation_cued_D0"", ""motion_duration_cued"": ""motion_duration_cued_D12"", ""krauzlis_cued_motion"": ""krauzlis_B20"", ""spatial_binding"": ""spatial_binding_D24"", ""image_recognition"": ""image_recognition_N4_H5""}","{""orientation_cued"": {}, ""motion_duration_cued"": {}, ""krauzlis_cued_motion"": {}, ""spatial_binding"": {}, ""image_recognition"": {}}"
1044,41760,876960,0.6885810088133439,0.55,0.26077863574028015,0,2.269268751144409,"{""orientation_cued"": 0.6934279799461365, ""motion_duration_cued"": 1.387001395225525, ""krauzlis_cued_motion"": 0.667252779006958, ""spatial_binding"": 0.6940744519233704, ""image_recognition"": 0.0011484379647299647}","{""orientation_cued"": 0.375, ""motion_duration_cued"": 0.25, ""krauzlis_cued_motion"": 0.625, ""spatial_binding"": 0.5, ""image_recognition"": 1.0}","{""orientation_cued"": ""orientation_cued_D12"", ""motion_duration_cued"": ""motion_duration_cued_D24"", ""krauzlis_cued_motion"": ""krauzlis_B28"", ""spatial_binding"": ""spatial_binding_D12"", ""image_recognition"": ""image_recognition_N0_H4""}","{""orientation_cued"": {}, ""motion_duration_cued"": {}, ""krauzlis_cued_motion"": {}, ""spatial_binding"": {}, ""image_recognition"": {}}"
1045,41800,877776,0.8358733773231506,0.4,0.34419310092926025,0,1.9307610988616943,"{""orientation_cued"": 0.6929840445518494, ""motion_duration_cued"": 1.3900158405303955, ""krauzlis_cued_motion"": 0.7036406397819519, ""spatial_binding"": 0.6935598254203796, ""image_recognition"": 0.6991665363311768}","{""orientation_cued"": 0.5, ""motion_duration_cued"": 0.125, ""krauzlis_cued_motion"": 0.5, ""spatial_binding"": 0.5, ""image_recognition"": 0.375}","{""orientation_cued"": ""orientation_cued_D12"", ""motion_duration_cued"": ""motion_duration_cued_D0"", ""krauzlis_cued_motion"": ""krauzlis_B20"", ""spatial_binding"": ""spatial_binding_D12"", ""image_recognition"": ""image_recognition_N12_H5""}","{""orientation_cued"": {}, ""motion_duration_cued"": {}, ""krauzlis_cued_motion"": {}, ""spatial_binding"": {}, ""image_recognition"": {}}"
1046,41840,878584,0.688648127077613,0.6,0.33112776279449463,0,1.9137279987335205,"{""orientation_cued"": 0.6935755014419556, ""motion_duration_cued"": 1.3871749639511108, ""krauzlis_cued_motion"": 0.6679600477218628, ""spatial_binding"": 0.6936816573143005, ""image_recognition"": 0.0008484649588353932}","{""orientation_cued"": 0.5, ""motion_duration_cued"": 0.375, ""krauzlis_cued_motion"": 0.625, ""spatial_binding"": 0.5, ""image_recognition"": 1.0}","{""orientation_cued"": ""orientation_cued_D0"", ""motion_duration_cued"": ""motion_duration_cued_D4"", ""krauzlis_cued_motion"": ""krauzlis_B28"", ""spatial_binding"": ""spatial_binding_D24"", ""image_recognition"": ""image_recognition_N0_H4""}","{""orientation_cued"": {}, ""motion_duration_cued"": {}, ""krauzlis_cued_motion"": {}, ""spatial_binding"": {}, ""image_recognition"": {}}"
1047,41880,879448,0.8283336520195007,0.45,0.36202767491340637,0,2.0308282375335693,"{""orientation_cued"": 0.6925183534622192, ""motion_duration_cued"": 1.3915162086486816, ""krauzlis_cued_motion"": 0.6681219339370728, ""spatial_binding"": 0.6916998028755188, ""image_recognition"": 0.6978119611740112}","{""orientation_cued"": 0.625, ""motion_duration_cued"": 0.125, ""krauzlis_cued_motion"": 0.625, ""spatial_binding"": 0.5, ""image_recognition"": 0.375}","{""orientation_cued"": ""orientation_cued_D4"", ""motion_duration_cued"": ""motion_duration_cued_D24"", ""krauzlis_cued_motion"": ""krauzlis_B12"", ""spatial_binding"": ""spatial_binding_D0"", ""image_recognition"": ""image_recognition_N24_H3""}","{""orientation_cued"": {}, ""motion_duration_cued"": {}, ""krauzlis_cued_motion"": {}, ""spatial_binding"": {}, ""image_recognition"": {}}"
1048,41920,880384,0.8199864149093627,0.55,0.5603798031806946,0,2.2485625743865967,"{""orientation_cued"": 0.6929128170013428, ""motion_duration_cued"": 1.384641408920288, ""krauzlis_cued_motion"": 0.6343481540679932, ""spatial_binding"": 0.693722665309906, ""image_recognition"": 0.6943070292472839}","{""orientation_cued"": 0.625, ""motion_duration_cued"": 0.375, ""krauzlis_cued_motion"": 0.75, ""spatial_binding"": 0.5, ""image_recognition"": 0.5}","{""orientation_cued"": ""orientation_cued_D24"", ""motion_duration_cued"": ""motion_duration_cued_D12"", ""krauzlis_cued_motion"": ""krauzlis_B20"", ""spatial_binding"": ""spatial_binding_D4"", ""image_recognition"": ""image_recognition_N12_H4""}","{""orientation_cued"": {}, ""motion_duration_cued"": {}, ""krauzlis_cued_motion"": {}, ""spatial_binding"": {}, ""image_recognition"": {}}"
1049,41960,881096,0.838423752784729,0.5,0.4426668882369995,0,1.7299118041992188,"{""orientation_cued"": 0.691485583782196, ""motion_duration_cued"": 1.3807730674743652, ""krauzlis_cued_motion"": 0.7368291020393372, ""spatial_binding"": 0.6932665109634399, ""image_recognition"": 0.6897644996643066}","{""orientation_cued"": 0.625, ""motion_duration_cued"": 0.375, ""krauzlis_cued_motion"": 0.375, ""spatial_binding"": 0.5, ""image_recognition"": 0.625}","{""orientation_cued"": ""orientation_cued_D12"", ""motion_duration_cued"": ""motion_duration_cued_D0"", ""krauzlis_cued_motion"": ""krauzlis_B28"", ""spatial_binding"": ""spatial_binding_D0"", ""image_recognition"": ""image_recognition_N4_H4""}","{""orientation_cued"": {}, ""motion_duration_cued"": {}, ""krauzlis_cued_motion"": {}, ""spatial_binding"": {}, ""image_recognition"": {}}"
1050,42000,881976,0.8193343162536622,0.525,0.42422065138816833,0,2.1127145290374756,"{""orientation_cued"": 0.6913007497787476, ""motion_duration_cued"": 1.3862659931182861, ""krauzlis_cued_motion"": 0.6341208219528198, ""spatial_binding"": 0.6927552819252014, ""image_recognition"": 0.6922287344932556}","{""orientation_cued"": 0.625, ""motion_duration_cued"": 0.125, ""krauzlis_cued_motion"": 0.75, ""spatial_binding"": 0.625, ""image_recognition"": 0.5}","{""orientation_cued"": ""orientation_cued_D0"", ""motion_duration_cued"": ""motion_duration_cued_D24"", ""krauzlis_cued_motion"": ""krauzlis_B12"", ""spatial_binding"": ""spatial_binding_D24"", ""image_recognition"": ""image_recognition_N4_H5""}","{""orientation_cued"": {}, ""motion_duration_cued"": {}, ""krauzlis_cued_motion"": {}, ""spatial_binding"": {}, ""image_recognition"": {}}"
1051,42040,882808,0.6821816404932178,0.525,0.4435276389122009,0,2.014312982559204,"{""orientation_cued"": 0.6957674622535706, ""motion_duration_cued"": 1.3886574506759644, ""krauzlis_cued_motion"": 0.6333641409873962, ""spatial_binding"": 0.6923699378967285, ""image_recognition"": 0.0007492106524296105}","{""orientation_cued"": 0.375, ""motion_duration_cued"": 0.0, ""krauzlis_cued_motion"": 0.75, ""spatial_binding"": 0.5, ""image_recognition"": 1.0}","{""orientation_cued"": ""orientation_cued_D24"", ""motion_duration_cued"": ""motion_duration_cued_D12"", ""krauzlis_cued_motion"": ""krauzlis_B20"", ""spatial_binding"": ""spatial_binding_D4"", ""image_recognition"": ""image_recognition_N0_H3""}","{""orientation_cued"": {}, ""motion_duration_cued"": {}, ""krauzlis_cued_motion"": {}, ""spatial_binding"": {}, ""image_recognition"": {}}"
1052,42080,883640,0.8272288322448731,0.45,0.35983675718307495,0,2.0098674297332764,"{""orientation_cued"": 0.6935967803001404, ""motion_duration_cued"": 1.3875584602355957, ""krauzlis_cued_motion"": 0.667840838432312, ""spatial_binding"": 0.6934404373168945, ""image_recognition"": 0.6937076449394226}","{""orientation_cued"": 0.5, ""motion_duration_cued"": 0.125, ""krauzlis_cued_motion"": 0.625, ""spatial_binding"": 0.5, ""image_recognition"": 0.5}","{""orientation_cued"": ""orientation_cued_D4"", ""motion_duration_cued"": ""motion_duration_cued_D4"", ""krauzlis_cued_motion"": ""krauzlis_B28"", ""spatial_binding"": ""spatial_binding_D12"", ""image_recognition"": ""image_recognition_N12_H3""}","{""orientation_cued"": {}, ""motion_duration_cued"": {}, ""krauzlis_cued_motion"": {}, ""spatial_binding"": {}, ""image_recognition"": {}}"
1053,42120,884416,0.8192063808441162,0.475,0.5112705826759338,0,1.8527648448944092,"{""orientation_cued"": 0.6991713643074036, ""motion_duration_cued"": 1.3788388967514038, ""krauzlis_cued_motion"": 0.630454957485199, ""spatial_binding"": 0.6943668723106384, ""image_recognition"": 0.6931998133659363}","{""orientation_cued"": 0.25, ""motion_duration_cued"": 0.375, ""krauzlis_cued_motion"": 0.75, ""spatial_binding"": 0.5, ""image_recognition"": 0.5}","{""orientation_cued"": ""orientation_cued_D12"", ""motion_duration_cued"": ""motion_duration_cued_D0"", ""krauzlis_cued_motion"": ""krauzlis_B12"", ""spatial_binding"": ""spatial_binding_D4"", ""image_recognition"": ""image_recognition_N24_H4""}","{""orientation_cued"": {}, ""motion_duration_cued"": {}, ""krauzlis_cued_motion"": {}, ""spatial_binding"": {}, ""image_recognition"": {}}"
1054,42160,885040,0.6997928094118834,0.475,0.6041581630706787,0,1.5179004669189453,"{""orientation_cued"": 0.7035999298095703, ""motion_duration_cued"": 1.388588547706604, ""krauzlis_cued_motion"": 0.705001711845398, ""spatial_binding"": 0.693303108215332, ""image_recognition"": 0.008470749482512474}","{""orientation_cued"": 0.25, ""motion_duration_cued"": 0.125, ""krauzlis_cued_motion"": 0.5, ""spatial_binding"": 0.5, ""image_recognition"": 1.0}","{""orientation_cued"": ""orientation_cued_D0"", ""motion_duration_cued"": ""motion_duration_cued_D12"", ""krauzlis_cued_motion"": ""krauzlis_B20"", ""spatial_binding"": ""spatial_binding_D0"", ""image_recognition"": ""image_recognition_N0_H5""}","{""orientation_cued"": {}, ""motion_duration_cued"": {}, ""krauzlis_cued_motion"": {}, ""spatial_binding"": {}, ""image_recognition"": {}}"
1055,42200,886272,0.8340321540832519,0.45,0.2293420284986496,0,2.953481912612915,"{""orientation_cued"": 0.692047655582428, ""motion_duration_cued"": 1.385208010673523, ""krauzlis_cued_motion"": 0.7053940296173096, ""spatial_binding"": 0.6920081973075867, ""image_recognition"": 0.6955028772354126}","{""orientation_cued"": 0.5, ""motion_duration_cued"": 0.375, ""krauzlis_cued_motion"": 0.5, ""spatial_binding"": 0.5, ""image_recognition"": 0.375}","{""orientation_cued"": ""orientation_cued_D24"", ""motion_duration_cued"": ""motion_duration_cued_D24"", ""krauzlis_cued_motion"": ""krauzlis_B12"", ""spatial_binding"": ""spatial_binding_D24"", ""image_recognition"": ""image_recognition_N24_H5""}","{""orientation_cued"": {}, ""motion_duration_cued"": {}, ""krauzlis_cued_motion"": {}, ""spatial_binding"": {}, ""image_recognition"": {}}"
1056,42240,887040,0.8267629981040955,0.5,0.2014005184173584,0,1.8586859703063965,"{""orientation_cued"": 0.6939451098442078, ""motion_duration_cued"": 1.3908791542053223, ""krauzlis_cued_motion"": 0.6656090617179871, ""spatial_binding"": 0.6925044655799866, ""image_recognition"": 0.6908771991729736}","{""orientation_cued"": 0.5, ""motion_duration_cued"": 0.125, ""krauzlis_cued_motion"": 0.625, ""spatial_binding"": 0.5, ""image_recognition"": 0.75}","{""orientation_cued"": ""orientation_cued_D4"", ""motion_duration_cued"": ""motion_duration_cued_D4"", ""krauzlis_cued_motion"": ""krauzlis_B28"", ""spatial_binding"": ""spatial_binding_D12"", ""image_recognition"": ""image_recognition_N4_H3""}","{""orientation_cued"": {}, ""motion_duration_cued"": {}, ""krauzlis_cued_motion"": {}, ""spatial_binding"": {}, ""image_recognition"": {}}"
1057,42280,888000,0.8249431014060974,0.475,0.2891979217529297,0,2.3194289207458496,"{""orientation_cued"": 0.6900700926780701, ""motion_duration_cued"": 1.3830108642578125, ""krauzlis_cued_motion"": 0.6653155088424683, ""spatial_binding"": 0.6941037178039551, ""image_recognition"": 0.6922153234481812}","{""orientation_cued"": 0.625, ""motion_duration_cued"": 0.25, ""krauzlis_cued_motion"": 0.625, ""spatial_binding"": 0.5, ""image_recognition"": 0.375}","{""orientation_cued"": ""orientation_cued_D12"", ""motion_duration_cued"": ""motion_duration_cued_D0"", ""krauzlis_cued_motion"": ""krauzlis_B28"", ""spatial_binding"": ""spatial_binding_D24"", ""image_recognition"": ""image_recognition_N12_H3""}","{""orientation_cued"": {}, ""motion_duration_cued"": {}, ""krauzlis_cued_motion"": {}, ""spatial_binding"": {}, ""image_recognition"": {}}"
1058,42320,888936,0.8613532900810241,0.35,0.7036464214324951,0,2.243542432785034,"{""orientation_cued"": 0.6980738043785095, ""motion_duration_cued"": 1.3877640962600708, ""krauzlis_cued_motion"": 0.8356227278709412, ""spatial_binding"": 0.6921417713165283, ""image_recognition"": 0.693164050579071}","{""orientation_cued"": 0.375, ""motion_duration_cued"": 0.25, ""krauzlis_cued_motion"": 0.125, ""spatial_binding"": 0.5, ""image_recognition"": 0.5}","{""orientation_cued"": ""orientation_cued_D24"", ""motion_duration_cued"": ""motion_duration_cued_D12"", ""krauzlis_cued_motion"": ""krauzlis_B12"", ""spatial_binding"": ""spatial_binding_D0"", ""image_recognition"": ""image_recognition_N24_H4""}","{""orientation_cued"": {}, ""motion_duration_cued"": {}, ""krauzlis_cued_motion"": {}, ""spatial_binding"": {}, ""image_recognition"": {}}"
1059,42360,889944,0.8173579812049866,0.55,0.3950195908546448,0,2.4313976764678955,"{""orientation_cued"": 0.6936368942260742, ""motion_duration_cued"": 1.3819522857666016, ""krauzlis_cued_motion"": 0.6236469149589539, ""spatial_binding"": 0.6928607225418091, ""image_recognition"": 0.6946930885314941}","{""orientation_cued"": 0.5, ""motion_duration_cued"": 0.5, ""krauzlis_cued_motion"": 0.75, ""spatial_binding"": 0.5, ""image_recognition"": 0.5}","{""orientation_cued"": ""orientation_cued_D0"", ""motion_duration_cued"": ""motion_duration_cued_D24"", ""krauzlis_cued_motion"": ""krauzlis_B20"", ""spatial_binding"": ""spatial_binding_D12"", ""image_recognition"": ""image_recognition_N24_H5""}","{""orientation_cued"": {}, ""motion_duration_cued"": {}, ""krauzlis_cued_motion"": {}, ""spatial_binding"": {}, ""image_recognition"": {}}"
1060,42400,890680,0.8340749859809875,0.425,0.35540100932121277,0,1.7856476306915283,"{""orientation_cued"": 0.6932083368301392, ""motion_duration_cued"": 1.3913322687149048, ""krauzlis_cued_motion"": 0.7068700790405273, ""spatial_binding"": 0.6926730275154114, ""image_recognition"": 0.6862912178039551}","{""orientation_cued"": 0.5, ""motion_duration_cued"": 0.0, ""krauzlis_cued_motion"": 0.5, ""spatial_binding"": 0.5, ""image_recognition"": 0.625}","{""orientation_cued"": ""orientation_cued_D4"", ""motion_duration_cued"": ""motion_duration_cued_D4"", ""krauzlis_cued_motion"": ""krauzlis_B12"", ""spatial_binding"": ""spatial_binding_D4"", ""image_recognition"": ""image_recognition_N24_H3""}","{""orientation_cued"": {}, ""motion_duration_cued"": {}, ""krauzlis_cued_motion"": {}, ""spatial_binding"": {}, ""image_recognition"": {}}"
1061,42440,891360,0.8260928273200989,0.55,0.26119643449783325,0,1.6327788829803467,"{""orientation_cued"": 0.6899592876434326, ""motion_duration_cued"": 1.3917200565338135, ""krauzlis_cued_motion"": 0.665956974029541, ""spatial_binding"": 0.6928857564926147, ""image_recognition"": 0.6899420619010925}","{""orientation_cued"": 0.625, ""motion_duration_cued"": 0.25, ""krauzlis_cued_motion"": 0.625, ""spatial_binding"": 0.5, ""image_recognition"": 0.75}","{""orientation_cued"": ""orientation_cued_D12"", ""motion_duration_cued"": ""motion_duration_cued_D0"", ""krauzlis_cued_motion"": ""krauzlis_B20"", ""spatial_binding"": ""spatial_binding_D4"", ""image_recognition"": ""image_recognition_N4_H4""}","{""orientation_cued"": {}, ""motion_duration_cued"": {}, ""krauzlis_cued_motion"": {}, ""spatial_binding"": {}, ""image_recognition"": {}}"
1062,42480,892072,0.8412240982055664,0.425,0.37969398498535156,0,1.7522151470184326,"{""orientation_cued"": 0.6943659782409668, ""motion_duration_cued"": 1.385507345199585, ""krauzlis_cued_motion"": 0.7466604709625244, ""spatial_binding"": 0.6925789713859558, ""image_recognition"": 0.6870077252388}","{""orientation_cued"": 0.375, ""motion_duration_cued"": 0.25, ""krauzlis_cued_motion"": 0.375, ""spatial_binding"": 0.5, ""image_recognition"": 0.625}","{""orientation_cued"": ""orientation_cued_D0"", ""motion_duration_cued"": ""motion_duration_cued_D4"", ""krauzlis_cued_motion"": ""krauzlis_B28"", ""spatial_binding"": ""spatial_binding_D0"", ""image_recognition"": ""image_recognition_N12_H4""}","{""orientation_cued"": {}, ""motion_duration_cued"": {}, ""krauzlis_cued_motion"": {}, ""spatial_binding"": {}, ""image_recognition"": {}}"
1063,42520,893112,0.8283146977424621,0.4,0.45356249809265137,0,2.530282497406006,"{""orientation_cued"": 0.6994043588638306, ""motion_duration_cued"": 1.384209394454956, ""krauzlis_cued_motion"": 0.6668135523796082, ""spatial_binding"": 0.6935999393463135, ""image_recognition"": 0.6975462436676025}","{""orientation_cued"": 0.25, ""motion_duration_cued"": 0.25, ""krauzlis_cued_motion"": 0.625, ""spatial_binding"": 0.5, ""image_recognition"": 0.375}","{""orientation_cued"": ""orientation_cued_D24"", ""motion_duration_cued"": ""motion_duration_cued_D24"", ""krauzlis_cued_motion"": ""krauzlis_B12"", ""spatial_binding"": ""spatial_binding_D12"", ""image_recognition"": ""image_recognition_N12_H5""}","{""orientation_cued"": {}, ""motion_duration_cued"": {}, ""krauzlis_cued_motion"": {}, ""spatial_binding"": {}, ""image_recognition"": {}}"
1064,42560,894008,0.7040915424819104,0.5,0.471486896276474,0,2.1309664249420166,"{""orientation_cued"": 0.6930015683174133, ""motion_duration_cued"": 1.388999342918396, ""krauzlis_cued_motion"": 0.7427735328674316, ""spatial_binding"": 0.6947116851806641, ""image_recognition"": 0.0009715831256471574}","{""orientation_cued"": 0.5, ""motion_duration_cued"": 0.125, ""krauzlis_cued_motion"": 0.375, ""spatial_binding"": 0.5, ""image_recognition"": 1.0}","{""orientation_cued"": ""orientation_cued_D4"", ""motion_duration_cued"": ""motion_duration_cued_D12"", ""krauzlis_cued_motion"": ""krauzlis_B28"", ""spatial_binding"": ""spatial_binding_D24"", ""image_recognition"": ""image_recognition_N0_H3""}","{""orientation_cued"": {}, ""motion_duration_cued"": {}, ""krauzlis_cued_motion"": {}, ""spatial_binding"": {}, ""image_recognition"": {}}"
1065,42600,894696,0.6885199732147157,0.6,0.09519491344690323,0,1.681079387664795,"{""orientation_cued"": 0.6931794285774231, ""motion_duration_cued"": 1.3865103721618652, ""krauzlis_cued_motion"": 0.6672691106796265, ""spatial_binding"": 0.6946296095848083, ""image_recognition"": 0.0010113450698554516}","{""orientation_cued"": 0.625, ""motion_duration_cued"": 0.25, ""krauzlis_cued_motion"": 0.625, ""spatial_binding"": 0.5, ""image_recognition"": 1.0}","{""orientation_cued"": ""orientation_cued_D4"", ""motion_duration_cued"": ""motion_duration_cued_D4"", ""krauzlis_cued_motion"": ""krauzlis_B20"", ""spatial_binding"": ""spatial_binding_D12"", ""image_recognition"": ""image_recognition_N0_H5""}","{""orientation_cued"": {}, ""motion_duration_cued"": {}, ""krauzlis_cued_motion"": {}, ""spatial_binding"": {}, ""image_recognition"": {}}"
1066,42640,895504,0.6812476065941155,0.6,0.24198561906814575,0,1.9680655002593994,"{""orientation_cued"": 0.6929391622543335, ""motion_duration_cued"": 1.3861699104309082, ""krauzlis_cued_motion"": 0.6331099271774292, ""spatial_binding"": 0.6931613683700562, ""image_recognition"": 0.0008576647378504276}","{""orientation_cued"": 0.5, ""motion_duration_cued"": 0.25, ""krauzlis_cued_motion"": 0.75, ""spatial_binding"": 0.5, ""image_recognition"": 1.0}","{""orientation_cued"": ""orientation_cued_D12"", ""motion_duration_cued"": ""motion_duration_cued_D0"", ""krauzlis_cued_motion"": ""krauzlis_B20"", ""spatial_binding"": ""spatial_binding_D24"", ""image_recognition"": ""image_recognition_N0_H4""}","{""orientation_cued"": {}, ""motion_duration_cued"": {}, ""krauzlis_cued_motion"": {}, ""spatial_binding"": {}, ""image_recognition"": {}}"
1067,42680,896240,0.8212711453437805,0.475,0.48068976402282715,0,1.7923431396484375,"{""orientation_cued"": 0.6886973977088928, ""motion_duration_cued"": 1.3988001346588135, ""krauzlis_cued_motion"": 0.6335558295249939, ""spatial_binding"": 0.69328773021698, ""image_recognition"": 0.6920146346092224}","{""orientation_cued"": 0.625, ""motion_duration_cued"": 0.0, ""krauzlis_cued_motion"": 0.75, ""spatial_binding"": 0.5, ""image_recognition"": 0.5}","{""orientation_cued"": ""orientation_cued_D0"", ""motion_duration_cued"": ""motion_duration_cued_D12"", ""krauzlis_cued_motion"": ""krauzlis_B28"", ""spatial_binding"": ""spatial_binding_D4"", ""image_recognition"": ""image_recognition_N4_H3""}","{""orientation_cued"": {}, ""motion_duration_cued"": {}, ""krauzlis_cued_motion"": {}, ""spatial_binding"": {}, ""image_recognition"": {}}"
1068,42720,897120,0.8243079423904419,0.575,0.39586472511291504,0,2.1465537548065186,"{""orientation_cued"": 0.6934338212013245, ""motion_duration_cued"": 1.3758394718170166, ""krauzlis_cued_motion"": 0.6682205200195312, ""spatial_binding"": 0.6961498856544495, ""image_recognition"": 0.6878960132598877}","{""orientation_cued"": 0.375, ""motion_duration_cued"": 0.5, ""krauzlis_cued_motion"": 0.625, ""spatial_binding"": 0.5, ""image_recognition"": 0.875}","{""orientation_cued"": ""orientation_cued_D24"", ""motion_duration_cued"": ""motion_duration_cued_D24"", ""krauzlis_cued_motion"": ""krauzlis_B12"", ""spatial_binding"": ""spatial_binding_D0"", ""image_recognition"": ""image_recognition_N4_H5""}","{""orientation_cued"": {}, ""motion_duration_cued"": {}, ""krauzlis_cued_motion"": {}, ""spatial_binding"": {}, ""image_recognition"": {}}"
1069,42760,898184,0.8333094000816346,0.425,0.13227605819702148,0,2.568286180496216,"{""orientation_cued"": 0.6925975680351257, ""motion_duration_cued"": 1.3863461017608643, ""krauzlis_cued_motion"": 0.702873945236206, ""spatial_binding"": 0.6935626268386841, ""image_recognition"": 0.6911667585372925}","{""orientation_cued"": 0.5, ""motion_duration_cued"": 0.125, ""krauzlis_cued_motion"": 0.5, ""spatial_binding"": 0.5, ""image_recognition"": 0.5}","{""orientation_cued"": ""orientation_cued_D24"", ""motion_duration_cued"": ""motion_duration_cued_D4"", ""krauzlis_cued_motion"": ""krauzlis_B12"", ""spatial_binding"": ""spatial_binding_D24"", ""image_recognition"": ""image_recognition_N24_H4""}","{""orientation_cued"": {}, ""motion_duration_cued"": {}, ""krauzlis_cued_motion"": {}, ""spatial_binding"": {}, ""image_recognition"": {}}"
1070,42800,899088,0.8343915581703186,0.4,0.10597778856754303,0,2.199936628341675,"{""orientation_cued"": 0.6929301023483276, ""motion_duration_cued"": 1.3865057229995728, ""krauzlis_cued_motion"": 0.7036393880844116, ""spatial_binding"": 0.6934880614280701, ""image_recognition"": 0.6953945159912109}","{""orientation_cued"": 0.5, ""motion_duration_cued"": 0.25, ""krauzlis_cued_motion"": 0.5, ""spatial_binding"": 0.5, ""image_recognition"": 0.25}","{""orientation_cued"": ""orientation_cued_D4"", ""motion_duration_cued"": ""motion_duration_cued_D24"", ""krauzlis_cued_motion"": ""krauzlis_B28"", ""spatial_binding"": ""spatial_binding_D0"", ""image_recognition"": ""image_recognition_N12_H4""}","{""orientation_cued"": {}, ""motion_duration_cued"": {}, ""krauzlis_cued_motion"": {}, ""spatial_binding"": {}, ""image_recognition"": {}}"
1071,42840,899808,0.8494584202766419,0.35,0.48450082540512085,0,1.7546496391296387,"{""orientation_cued"": 0.6936895847320557, ""motion_duration_cued"": 1.3917272090911865, ""krauzlis_cued_motion"": 0.7752912044525146, ""spatial_binding"": 0.6936025023460388, ""image_recognition"": 0.6929816007614136}","{""orientation_cued"": 0.5, ""motion_duration_cued"": 0.125, ""krauzlis_cued_motion"": 0.25, ""spatial_binding"": 0.5, ""image_recognition"": 0.375}","{""orientation_cued"": ""orientation_cued_D0"", ""motion_duration_cued"": ""motion_duration_cued_D0"", ""krauzlis_cued_motion"": ""krauzlis_B20"", ""spatial_binding"": ""spatial_binding_D12"", ""image_recognition"": ""image_recognition_N12_H5""}","{""orientation_cued"": {}, ""motion_duration_cued"": {}, ""krauzlis_cued_motion"": {}, ""spatial_binding"": {}, ""image_recognition"": {}}"
1072,42880,900816,0.828196108341217,0.45,0.214957594871521,0,2.419578790664673,"{""orientation_cued"": 0.6931148767471313, ""motion_duration_cued"": 1.3915867805480957, ""krauzlis_cued_motion"": 0.6681780219078064, ""spatial_binding"": 0.6936341524124146, ""image_recognition"": 0.6944667100906372}","{""orientation_cued"": 0.5, ""motion_duration_cued"": 0.125, ""krauzlis_cued_motion"": 0.625, ""spatial_binding"": 0.5, ""image_recognition"": 0.5}","{""orientation_cued"": ""orientation_cued_D12"", ""motion_duration_cued"": ""motion_duration_cued_D12"", ""krauzlis_cued_motion"": ""krauzlis_B28"", ""spatial_binding"": ""spatial_binding_D4"", ""image_recognition"": ""image_recognition_N24_H5""}","{""orientation_cued"": {}, ""motion_duration_cued"": {}, ""krauzlis_cued_motion"": {}, ""spatial_binding"": {}, ""image_recognition"": {}}"
1073,42920,901656,0.7016170182498171,0.525,0.390155166387558,0,2.0355348587036133,"{""orientation_cued"": 0.691950798034668, ""motion_duration_cued"": 1.386259913444519, ""krauzlis_cued_motion"": 0.734893798828125, ""spatial_binding"": 0.6939601302146912, ""image_recognition"": 0.001020450727082789}","{""orientation_cued"": 0.625, ""motion_duration_cued"": 0.25, ""krauzlis_cued_motion"": 0.375, ""spatial_binding"": 0.375, ""image_recognition"": 1.0}","{""orientation_cued"": ""orientation_cued_D24"", ""motion_duration_cued"": ""motion_duration_cued_D4"", ""krauzlis_cued_motion"": ""krauzlis_B20"", ""spatial_binding"": ""spatial_binding_D12"", ""image_recognition"": ""image_recognition_N0_H4""}","{""orientation_cued"": {}, ""motion_duration_cued"": {}, ""krauzlis_cued_motion"": {}, ""spatial_binding"": {}, ""image_recognition"": {}}"
1074,42960,902424,0.8211622595787048,0.55,0.468261182308197,0,1.8704755306243896,"{""orientation_cued"": 0.69317626953125, ""motion_duration_cued"": 1.3858565092086792, ""krauzlis_cued_motion"": 0.6389899849891663, ""spatial_binding"": 0.6922858953475952, ""image_recognition"": 0.6955026388168335}","{""orientation_cued"": 0.625, ""motion_duration_cued"": 0.375, ""krauzlis_cued_motion"": 0.75, ""spatial_binding"": 0.5, ""image_recognition"": 0.5}","{""orientation_cued"": ""orientation_cued_D12"", ""motion_duration_cued"": ""motion_duration_cued_D0"", ""krauzlis_cued_motion"": ""krauzlis_B12"", ""spatial_binding"": ""spatial_binding_D24"", ""image_recognition"": ""image_recognition_N4_H3""}","{""orientation_cued"": {}, ""motion_duration_cued"": {}, ""krauzlis_cued_motion"": {}, ""spatial_binding"": {}, ""image_recognition"": {}}"
1075,43000,903320,0.8217320799827575,0.45,0.33050858974456787,0,2.152796983718872,"{""orientation_cued"": 0.6932454705238342, ""motion_duration_cued"": 1.3924815654754639, ""krauzlis_cued_motion"": 0.6398912072181702, ""spatial_binding"": 0.6933173537254333, ""image_recognition"": 0.6897248029708862}","{""orientation_cued"": 0.375, ""motion_duration_cued"": 0.125, ""krauzlis_cued_motion"": 0.75, ""spatial_binding"": 0.5, ""image_recognition"": 0.5}","{""orientation_cued"": ""orientation_cued_D4"", ""motion_duration_cued"": ""motion_duration_cued_D12"", ""krauzlis_cued_motion"": ""krauzlis_B28"", ""spatial_binding"": ""spatial_binding_D0"", ""image_recognition"": ""image_recognition_N24_H3""}","{""orientation_cued"": {}, ""motion_duration_cued"": {}, ""krauzlis_cued_motion"": {}, ""spatial_binding"": {}, ""image_recognition"": {}}"
1076,43040,904096,0.8306224465370178,0.5,0.21143923699855804,0,1.8905246257781982,"{""orientation_cued"": 0.6941027045249939, ""motion_duration_cued"": 1.3795280456542969, ""krauzlis_cued_motion"": 0.7006210684776306, ""spatial_binding"": 0.6924079656600952, ""image_recognition"": 0.6864524483680725}","{""orientation_cued"": 0.5, ""motion_duration_cued"": 0.375, ""krauzlis_cued_motion"": 0.5, ""spatial_binding"": 0.5, ""image_recognition"": 0.625}","{""orientation_cued"": ""orientation_cued_D0"", ""motion_duration_cued"": ""motion_duration_cued_D24"", ""krauzlis_cued_motion"": ""krauzlis_B20"", ""spatial_binding"": ""spatial_binding_D4"", ""image_recognition"": ""image_recognition_N4_H4""}","{""orientation_cued"": {}, ""motion_duration_cued"": {}, ""krauzlis_cued_motion"": {}, ""spatial_binding"": {}, ""image_recognition"": {}}"
1077,43080,904848,0.6894724512705579,0.6,0.4738460183143616,0,1.8289337158203125,"{""orientation_cued"": 0.6892963647842407, ""motion_duration_cued"": 1.3939228057861328, ""krauzlis_cued_motion"": 0.6702933311462402, ""spatial_binding"": 0.6926876306533813, ""image_recognition"": 0.0011621239827945828}","{""orientation_cued"": 0.75, ""motion_duration_cued"": 0.125, ""krauzlis_cued_motion"": 0.625, ""spatial_binding"": 0.5, ""image_recognition"": 1.0}","{""orientation_cued"": ""orientation_cued_D24"", ""motion_duration_cued"": ""motion_duration_cued_D12"", ""krauzlis_cued_motion"": ""krauzlis_B12"", ""spatial_binding"": ""spatial_binding_D0"", ""image_recognition"": ""image_recognition_N0_H5""}","{""orientation_cued"": {}, ""motion_duration_cued"": {}, ""krauzlis_cued_motion"": {}, ""spatial_binding"": {}, ""image_recognition"": {}}"
1078,43120,905648,0.8328521490097046,0.45,0.5487818717956543,0,1.9257986545562744,"{""orientation_cued"": 0.7148523926734924, ""motion_duration_cued"": 1.3909132480621338, ""krauzlis_cued_motion"": 0.669865608215332, ""spatial_binding"": 0.6926041841506958, ""image_recognition"": 0.6960253119468689}","{""orientation_cued"": 0.25, ""motion_duration_cued"": 0.25, ""krauzlis_cued_motion"": 0.625, ""spatial_binding"": 0.625, ""image_recognition"": 0.5}","{""orientation_cued"": ""orientation_cued_D0"", ""motion_duration_cued"": ""motion_duration_cued_D4"", ""krauzlis_cued_motion"": ""krauzlis_B28"", ""spatial_binding"": ""spatial_binding_D12"", ""image_recognition"": ""image_recognition_N12_H3""}","{""orientation_cued"": {}, ""motion_duration_cued"": {}, ""krauzlis_cued_motion"": {}, ""spatial_binding"": {}, ""image_recognition"": {}}"
1079,43160,906288,0.6828141109086573,0.6,0.3189099431037903,0,1.5679600238800049,"{""orientation_cued"": 0.6933524012565613, ""motion_duration_cued"": 1.3866076469421387, ""krauzlis_cued_motion"": 0.6381803154945374, ""spatial_binding"": 0.6949251890182495, ""image_recognition"": 0.0010050018317997456}","{""orientation_cued"": 0.5, ""motion_duration_cued"": 0.25, ""krauzlis_cued_motion"": 0.75, ""spatial_binding"": 0.5, ""image_recognition"": 1.0}","{""orientation_cued"": ""orientation_cued_D12"", ""motion_duration_cued"": ""motion_duration_cued_D0"", ""krauzlis_cued_motion"": ""krauzlis_B20"", ""spatial_binding"": ""spatial_binding_D4"", ""image_recognition"": ""image_recognition_N0_H3""}","{""orientation_cued"": {}, ""motion_duration_cued"": {}, ""krauzlis_cued_motion"": {}, ""spatial_binding"": {}, ""image_recognition"": {}}"
1080,43200,907200,0.8528722643852233,0.35,0.626220166683197,0,2.2015037536621094,"{""orientation_cued"": 0.6940967440605164, ""motion_duration_cued"": 1.3868026733398438, ""krauzlis_cued_motion"": 0.7993822693824768, ""spatial_binding"": 0.6927438378334045, ""image_recognition"": 0.6913357973098755}","{""orientation_cued"": 0.375, ""motion_duration_cued"": 0.25, ""krauzlis_cued_motion"": 0.125, ""spatial_binding"": 0.5, ""image_recognition"": 0.5}","{""orientation_cued"": ""orientation_cued_D4"", ""motion_duration_cued"": ""motion_duration_cued_D24"", ""krauzlis_cued_motion"": ""krauzlis_B12"", ""spatial_binding"": ""spatial_binding_D24"", ""image_recognition"": ""image_recognition_N4_H5""}","{""orientation_cued"": {}, ""motion_duration_cued"": {}, ""krauzlis_cued_motion"": {}, ""spatial_binding"": {}, ""image_recognition"": {}}"
1081,43240,907808,0.6824832655955106,0.575,0.34059610962867737,0,1.4963250160217285,"{""orientation_cued"": 0.692454993724823, ""motion_duration_cued"": 1.388455867767334, ""krauzlis_cued_motion"": 0.6379789113998413, ""spatial_binding"": 0.6925026178359985, ""image_recognition"": 0.0010239372495561838}","{""orientation_cued"": 0.5, ""motion_duration_cued"": 0.125, ""krauzlis_cued_motion"": 0.75, ""spatial_binding"": 0.5, ""image_recognition"": 1.0}","{""orientation_cued"": ""orientation_cued_D4"", ""motion_duration_cued"": ""motion_duration_cued_D0"", ""krauzlis_cued_motion"": ""krauzlis_B28"", ""spatial_binding"": ""spatial_binding_D0"", ""image_recognition"": ""image_recognition_N0_H3""}","{""orientation_cued"": {}, ""motion_duration_cued"": {}, ""krauzlis_cued_motion"": {}, ""spatial_binding"": {}, ""image_recognition"": {}}"
1082,43280,908656,0.6952629799139686,0.525,0.26113414764404297,0,2.0422093868255615,"{""orientation_cued"": 0.6931009292602539, ""motion_duration_cued"": 1.3886995315551758, ""krauzlis_cued_motion"": 0.7009571194648743, ""spatial_binding"": 0.6929842233657837, ""image_recognition"": 0.0005730959237553179}","{""orientation_cued"": 0.5, ""motion_duration_cued"": 0.125, ""krauzlis_cued_motion"": 0.5, ""spatial_binding"": 0.5, ""image_recognition"": 1.0}","{""orientation_cued"": ""orientation_cued_D24"", ""motion_duration_cued"": ""motion_duration_cued_D4"", ""krauzlis_cued_motion"": ""krauzlis_B20"", ""spatial_binding"": ""spatial_binding_D12"", ""image_recognition"": ""image_recognition_N0_H5""}","{""orientation_cued"": {}, ""motion_duration_cued"": {}, ""krauzlis_cued_motion"": {}, ""spatial_binding"": {}, ""image_recognition"": {}}"
1083,43320,909368,0.8373938798904419,0.425,0.32880765199661255,0,1.7464542388916016,"{""orientation_cued"": 0.6931854486465454, ""motion_duration_cued"": 1.3769038915634155, ""krauzlis_cued_motion"": 0.7318727970123291, ""spatial_binding"": 0.6941628456115723, ""image_recognition"": 0.6908444166183472}","{""orientation_cued"": 0.5, ""motion_duration_cued"": 0.375, ""krauzlis_cued_motion"": 0.375, ""spatial_binding"": 0.5, ""image_recognition"": 0.375}","{""orientation_cued"": ""orientation_cued_D0"", ""motion_duration_cued"": ""motion_duration_cued_D24"", ""krauzlis_cued_motion"": ""krauzlis_B12"", ""spatial_binding"": ""spatial_binding_D4"", ""image_recognition"": ""image_recognition_N4_H4""}","{""orientation_cued"": {}, ""motion_duration_cued"": {}, ""krauzlis_cued_motion"": {}, ""spatial_binding"": {}, ""image_recognition"": {}}"
1084,43360,910392,0.8264671802520752,0.475,0.23351062834262848,0,2.486299514770508,"{""orientation_cued"": 0.693580687046051, ""motion_duration_cued"": 1.3911641836166382, ""krauzlis_cued_motion"": 0.6702964305877686, ""spatial_binding"": 0.6947601437568665, ""image_recognition"": 0.6825344562530518}","{""orientation_cued"": 0.375, ""motion_duration_cued"": 0.125, ""krauzlis_cued_motion"": 0.625, ""spatial_binding"": 0.5, ""image_recognition"": 0.75}","{""orientation_cued"": ""orientation_cued_D12"", ""motion_duration_cued"": ""motion_duration_cued_D12"", ""krauzlis_cued_motion"": ""krauzlis_B12"", ""spatial_binding"": ""spatial_binding_D24"", ""image_recognition"": ""image_recognition_N24_H3""}","{""orientation_cued"": {}, ""motion_duration_cued"": {}, ""krauzlis_cued_motion"": {}, ""spatial_binding"": {}, ""image_recognition"": {}}"
1085,43400,911296,0.8310219883918762,0.475,0.22702860832214355,0,2.1803231239318848,"{""orientation_cued"": 0.6932755708694458, ""motion_duration_cued"": 1.3888527154922485, ""krauzlis_cued_motion"": 0.6998262405395508, ""spatial_binding"": 0.6934750080108643, ""image_recognition"": 0.6796804070472717}","{""orientation_cued"": 0.5, ""motion_duration_cued"": 0.125, ""krauzlis_cued_motion"": 0.5, ""spatial_binding"": 0.5, ""image_recognition"": 0.75}","{""orientation_cued"": ""orientation_cued_D12"", ""motion_duration_cued"": ""motion_duration_cued_D12"", ""krauzlis_cued_motion"": ""krauzlis_B20"", ""spatial_binding"": ""spatial_binding_D12"", ""image_recognition"": ""image_recognition_N12_H4""}","{""orientation_cued"": {}, ""motion_duration_cued"": {}, ""krauzlis_cued_motion"": {}, ""spatial_binding"": {}, ""image_recognition"": {}}"
1086,43440,912160,0.8162040710449219,0.5,0.4528568983078003,0,2.0977470874786377,"{""orientation_cued"": 0.6937318444252014, ""motion_duration_cued"": 1.381398320198059, ""krauzlis_cued_motion"": 0.6140491962432861, ""spatial_binding"": 0.6927788257598877, ""image_recognition"": 0.699062168598175}","{""orientation_cued"": 0.5, ""motion_duration_cued"": 0.375, ""krauzlis_cued_motion"": 0.875, ""spatial_binding"": 0.5, ""image_recognition"": 0.25}","{""orientation_cued"": ""orientation_cued_D0"", ""motion_duration_cued"": ""motion_duration_cued_D24"", ""krauzlis_cued_motion"": ""krauzlis_B28"", ""spatial_binding"": ""spatial_binding_D0"", ""image_recognition"": ""image_recognition_N12_H3""}","{""orientation_cued"": {}, ""motion_duration_cued"": {}, ""krauzlis_cued_motion"": {}, ""spatial_binding"": {}, ""image_recognition"": {}}"
1087,43480,912976,0.8233750939369202,0.5,0.2987232506275177,0,1.9849493503570557,"{""orientation_cued"": 0.6947934627532959, ""motion_duration_cued"": 1.3856821060180664, ""krauzlis_cued_motion"": 0.6704776287078857, ""spatial_binding"": 0.6928491592407227, ""image_recognition"": 0.6730731129646301}","{""orientation_cued"": 0.375, ""motion_duration_cued"": 0.25, ""krauzlis_cued_motion"": 0.625, ""spatial_binding"": 0.5, ""image_recognition"": 0.75}","{""orientation_cued"": ""orientation_cued_D4"", ""motion_duration_cued"": ""motion_duration_cued_D4"", ""krauzlis_cued_motion"": ""krauzlis_B20"", ""spatial_binding"": ""spatial_binding_D4"", ""image_recognition"": ""image_recognition_N24_H5""}","{""orientation_cued"": {}, ""motion_duration_cued"": {}, ""krauzlis_cued_motion"": {}, ""spatial_binding"": {}, ""image_recognition"": {}}"
1088,43520,913840,0.8393210053443909,0.325,0.3592472970485687,0,2.079369306564331,"{""orientation_cued"": 0.6964532136917114, ""motion_duration_cued"": 1.3862212896347046, ""krauzlis_cued_motion"": 0.7292491793632507, ""spatial_binding"": 0.696379542350769, ""image_recognition"": 0.6883018016815186}","{""orientation_cued"": 0.375, ""motion_duration_cued"": 0.125, ""krauzlis_cued_motion"": 0.375, ""spatial_binding"": 0.25, ""image_recognition"": 0.5}","{""orientation_cued"": ""orientation_cued_D24"", ""motion_duration_cued"": ""motion_duration_cued_D0"", ""krauzlis_cued_motion"": ""krauzlis_B12"", ""spatial_binding"": ""spatial_binding_D24"", ""image_recognition"": ""image_recognition_N4_H3""}","{""orientation_cued"": {}, ""motion_duration_cued"": {}, ""krauzlis_cued_motion"": {}, ""spatial_binding"": {}, ""image_recognition"": {}}"
1089,43560,914656,0.8355870962142944,0.35,0.46290335059165955,0,1.9865975379943848,"{""orientation_cued"": 0.6949743628501892, ""motion_duration_cued"": 1.3922213315963745, ""krauzlis_cued_motion"": 0.7000512480735779, ""spatial_binding"": 0.6933570504188538, ""image_recognition"": 0.6973314881324768}","{""orientation_cued"": 0.375, ""motion_duration_cued"": 0.0, ""krauzlis_cued_motion"": 0.5, ""spatial_binding"": 0.5, ""image_recognition"": 0.375}","{""orientation_cued"": ""orientation_cued_D4"", ""motion_duration_cued"": ""motion_duration_cued_D0"", ""krauzlis_cued_motion"": ""krauzlis_B28"", ""spatial_binding"": ""spatial_binding_D12"", ""image_recognition"": ""image_recognition_N12_H5""}","{""orientation_cued"": {}, ""motion_duration_cued"": {}, ""krauzlis_cued_motion"": {}, ""spatial_binding"": {}, ""image_recognition"": {}}"
1090,43600,915912,0.8411526322364807,0.4,0.5042563080787659,0,3.0361580848693848,"{""orientation_cued"": 0.6943036317825317, ""motion_duration_cued"": 1.426689863204956, ""krauzlis_cued_motion"": 0.6999427676200867, ""spatial_binding"": 0.6899834871292114, ""image_recognition"": 0.6948434114456177}","{""orientation_cued"": 0.25, ""motion_duration_cued"": 0.0, ""krauzlis_cued_motion"": 0.5, ""spatial_binding"": 0.75, ""image_recognition"": 0.5}","{""orientation_cued"": ""orientation_cued_D12"", ""motion_duration_cued"": ""motion_duration_cued_D24"", ""krauzlis_cued_motion"": ""krauzlis_B28"", ""spatial_binding"": ""spatial_binding_D24"", ""image_recognition"": ""image_recognition_N24_H4""}","{""orientation_cued"": {}, ""motion_duration_cued"": {}, ""krauzlis_cued_motion"": {}, ""spatial_binding"": {}, ""image_recognition"": {}}"
1091,43640,916656,0.6868690803297796,0.65,0.3229679465293884,0,1.790733814239502,"{""orientation_cued"": 0.6922450661659241, ""motion_duration_cued"": 1.3775880336761475, ""krauzlis_cued_motion"": 0.6711845397949219, ""spatial_binding"": 0.6928524971008301, ""image_recognition"": 0.00047526491107419133}","{""orientation_cued"": 0.75, ""motion_duration_cued"": 0.375, ""krauzlis_cued_motion"": 0.625, ""spatial_binding"": 0.5, ""image_recognition"": 1.0}","{""orientation_cued"": ""orientation_cued_D24"", ""motion_duration_cued"": ""motion_duration_cued_D12"", ""krauzlis_cued_motion"": ""krauzlis_B12"", ""spatial_binding"": ""spatial_binding_D0"", ""image_recognition"": ""image_recognition_N0_H4""}","{""orientation_cued"": {}, ""motion_duration_cued"": {}, ""krauzlis_cued_motion"": {}, ""spatial_binding"": {}, ""image_recognition"": {}}"
1092,43680,917280,0.8322131514549256,0.4,0.32772332429885864,0,1.5245628356933594,"{""orientation_cued"": 0.6944257616996765, ""motion_duration_cued"": 1.3907877206802368, ""krauzlis_cued_motion"": 0.6994811296463013, ""spatial_binding"": 0.6931354999542236, ""image_recognition"": 0.6832356452941895}","{""orientation_cued"": 0.375, ""motion_duration_cued"": 0.125, ""krauzlis_cued_motion"": 0.5, ""spatial_binding"": 0.5, ""image_recognition"": 0.5}","{""orientation_cued"": ""orientation_cued_D0"", ""motion_duration_cued"": ""motion_duration_cued_D4"", ""krauzlis_cued_motion"": ""krauzlis_B20"", ""spatial_binding"": ""spatial_binding_D4"", ""image_recognition"": ""image_recognition_N4_H5""}","{""orientation_cued"": {}, ""motion_duration_cued"": {}, ""krauzlis_cued_motion"": {}, ""spatial_binding"": {}, ""image_recognition"": {}}"
1093,43720,918088,0.8353715538978577,0.4,0.2104657143354416,0,1.972519874572754,"{""orientation_cued"": 0.694110095500946, ""motion_duration_cued"": 1.3885698318481445, ""krauzlis_cued_motion"": 0.6996829509735107, ""spatial_binding"": 0.6934201717376709, ""image_recognition"": 0.7010747194290161}","{""orientation_cued"": 0.5, ""motion_duration_cued"": 0.125, ""krauzlis_cued_motion"": 0.5, ""spatial_binding"": 0.375, ""image_recognition"": 0.5}","{""orientation_cued"": ""orientation_cued_D24"", ""motion_duration_cued"": ""motion_duration_cued_D4"", ""krauzlis_cued_motion"": ""krauzlis_B12"", ""spatial_binding"": ""spatial_binding_D4"", ""image_recognition"": ""image_recognition_N12_H4""}","{""orientation_cued"": {}, ""motion_duration_cued"": {}, ""krauzlis_cued_motion"": {}, ""spatial_binding"": {}, ""image_recognition"": {}}"
1094,43760,918864,0.8194700479507446,0.55,0.31154903769493103,0,1.8631110191345215,"{""orientation_cued"": 0.6930191516876221, ""motion_duration_cued"": 1.3753643035888672, ""krauzlis_cued_motion"": 0.644110918045044, ""spatial_binding"": 0.6941646933555603, ""image_recognition"": 0.6906911730766296}","{""orientation_cued"": 0.5, ""motion_duration_cued"": 0.375, ""krauzlis_cued_motion"": 0.75, ""spatial_binding"": 0.5, ""image_recognition"": 0.625}","{""orientation_cued"": ""orientation_cued_D4"", ""motion_duration_cued"": ""motion_duration_cued_D24"", ""krauzlis_cued_motion"": ""krauzlis_B20"", ""spatial_binding"": ""spatial_binding_D0"", ""image_recognition"": ""image_recognition_N4_H4""}","{""orientation_cued"": {}, ""motion_duration_cued"": {}, ""krauzlis_cued_motion"": {}, ""spatial_binding"": {}, ""image_recognition"": {}}"
1095,43800,919744,0.6895402916008606,0.6,0.43160268664360046,0,2.130683660507202,"{""orientation_cued"": 0.6916847229003906, ""motion_duration_cued"": 1.390221118927002, ""krauzlis_cued_motion"": 0.671216607093811, ""spatial_binding"": 0.6938740015029907, ""image_recognition"": 0.0007050075801089406}","{""orientation_cued"": 0.75, ""motion_duration_cued"": 0.125, ""krauzlis_cued_motion"": 0.625, ""spatial_binding"": 0.5, ""image_recognition"": 1.0}","{""orientation_cued"": ""orientation_cued_D12"", ""motion_duration_cued"": ""motion_duration_cued_D12"", ""krauzlis_cued_motion"": ""krauzlis_B28"", ""spatial_binding"": ""spatial_binding_D12"", ""image_recognition"": ""image_recognition_N0_H5""}","{""orientation_cued"": {}, ""motion_duration_cued"": {}, ""krauzlis_cued_motion"": {}, ""spatial_binding"": {}, ""image_recognition"": {}}"
1096,43840,920648,0.8219625949859619,0.5,0.49372628331184387,0,2.1644132137298584,"{""orientation_cued"": 0.7044349312782288, ""motion_duration_cued"": 1.3890544176101685, ""krauzlis_cued_motion"": 0.6416411995887756, ""spatial_binding"": 0.6926393508911133, ""image_recognition"": 0.6820430755615234}","{""orientation_cued"": 0.25, ""motion_duration_cued"": 0.25, ""krauzlis_cued_motion"": 0.75, ""spatial_binding"": 0.625, ""image_recognition"": 0.625}","{""orientation_cued"": ""orientation_cued_D0"", ""motion_duration_cued"": ""motion_duration_cued_D0"", ""krauzlis_cued_motion"": ""krauzlis_B20"", ""spatial_binding"": ""spatial_binding_D24"", ""image_recognition"": ""image_recognition_N24_H4""}","{""orientation_cued"": {}, ""motion_duration_cued"": {}, ""krauzlis_cued_motion"": {}, ""spatial_binding"": {}, ""image_recognition"": {}}"
1097,43880,921672,0.8261908769607544,0.475,0.22217778861522675,0,2.4851648807525635,"{""orientation_cued"": 0.6933284997940063, ""motion_duration_cued"": 1.3907803297042847, ""krauzlis_cued_motion"": 0.670271635055542, ""spatial_binding"": 0.6940858960151672, ""image_recognition"": 0.6824880242347717}","{""orientation_cued"": 0.5, ""motion_duration_cued"": 0.125, ""krauzlis_cued_motion"": 0.625, ""spatial_binding"": 0.5, ""image_recognition"": 0.625}","{""orientation_cued"": ""orientation_cued_D4"", ""motion_duration_cued"": ""motion_duration_cued_D24"", ""krauzlis_cued_motion"": ""krauzlis_B28"", ""spatial_binding"": ""spatial_binding_D4"", ""image_recognition"": ""image_recognition_N24_H3""}","{""orientation_cued"": {}, ""motion_duration_cued"": {}, ""krauzlis_cued_motion"": {}, ""spatial_binding"": {}, ""image_recognition"": {}}"
1098,43920,922392,0.8297065377235413,0.475,0.2094545215368271,0,1.7500154972076416,"{""orientation_cued"": 0.6932039260864258, ""motion_duration_cued"": 1.388953685760498, ""krauzlis_cued_motion"": 0.6692712306976318, ""spatial_binding"": 0.6927114725112915, ""image_recognition"": 0.7043923735618591}","{""orientation_cued"": 0.5, ""motion_duration_cued"": 0.375, ""krauzlis_cued_motion"": 0.625, ""spatial_binding"": 0.5, ""image_recognition"": 0.375}","{""orientation_cued"": ""orientation_cued_D12"", ""motion_duration_cued"": ""motion_duration_cued_D4"", ""krauzlis_cued_motion"": ""krauzlis_B12"", ""spatial_binding"": ""spatial_binding_D12"", ""image_recognition"": ""image_recognition_N4_H5""}","{""orientation_cued"": {}, ""motion_duration_cued"": {}, ""krauzlis_cued_motion"": {}, ""spatial_binding"": {}, ""image_recognition"": {}}"
1099,43960,923008,0.6879944553016685,0.575,0.18287701904773712,0,1.4849135875701904,"{""orientation_cued"": 0.6923333406448364, ""motion_duration_cued"": 1.3856967687606812, ""krauzlis_cued_motion"": 0.6680762767791748, ""spatial_binding"": 0.6938169002532959, ""image_recognition"": 4.899007035419345e-05}","{""orientation_cued"": 0.5, ""motion_duration_cued"": 0.375, ""krauzlis_cued_motion"": 0.625, ""spatial_binding"": 0.375, ""image_recognition"": 1.0}","{""orientation_cued"": ""orientation_cued_D0"", ""motion_duration_cued"": ""motion_duration_cued_D12"", ""krauzlis_cued_motion"": ""krauzlis_B20"", ""spatial_binding"": ""spatial_binding_D0"", ""image_recognition"": ""image_recognition_N0_H4""}","{""orientation_cued"": {}, ""motion_duration_cued"": {}, ""krauzlis_cued_motion"": {}, ""spatial_binding"": {}, ""image_recognition"": {}}"
1100,44000,923840,0.702115765993949,0.55,0.30814656615257263,0,2.015252113342285,"{""orientation_cued"": 0.6939954161643982, ""motion_duration_cued"": 1.3856850862503052, ""krauzlis_cued_motion"": 0.7390773892402649, ""spatial_binding"": 0.691267728805542, ""image_recognition"": 0.0005532095092348754}","{""orientation_cued"": 0.5, ""motion_duration_cued"": 0.375, ""krauzlis_cued_motion"": 0.375, ""spatial_binding"": 0.5, ""image_recognition"": 1.0}","{""orientation_cued"": ""orientation_cued_D24"", ""motion_duration_cued"": ""motion_duration_cued_D0"", ""krauzlis_cued_motion"": ""krauzlis_B12"", ""spatial_binding"": ""spatial_binding_D24"", ""image_recognition"": ""image_recognition_N0_H3""}","{""orientation_cued"": {}, ""motion_duration_cued"": {}, ""krauzlis_cued_motion"": {}, ""spatial_binding"": {}, ""image_recognition"": {}}"
1101,44040,924624,0.8381950736045838,0.45,0.4553642272949219,0,1.8862230777740479,"{""orientation_cued"": 0.6906556487083435, ""motion_duration_cued"": 1.3861582279205322, ""krauzlis_cued_motion"": 0.740616500377655, ""spatial_binding"": 0.6940916776657104, ""image_recognition"": 0.6794533133506775}","{""orientation_cued"": 0.625, ""motion_duration_cued"": 0.125, ""krauzlis_cued_motion"": 0.375, ""spatial_binding"": 0.25, ""image_recognition"": 0.875}","{""orientation_cued"": ""orientation_cued_D12"", ""motion_duration_cued"": ""motion_duration_cued_D0"", ""krauzlis_cued_motion"": ""krauzlis_B28"", ""spatial_binding"": ""spatial_binding_D0"", ""image_recognition"": ""image_recognition_N12_H5""}","{""orientation_cued"": {}, ""motion_duration_cued"": {}, ""krauzlis_cued_motion"": {}, ""spatial_binding"": {}, ""image_recognition"": {}}"
1102,44080,925568,0.8258909940719604,0.375,0.4566492736339569,0,2.234131336212158,"{""orientation_cued"": 0.6954140663146973, ""motion_duration_cued"": 1.3906967639923096, ""krauzlis_cued_motion"": 0.63070148229599, ""spatial_binding"": 0.6933012008666992, ""image_recognition"": 0.7193414568901062}","{""orientation_cued"": 0.375, ""motion_duration_cued"": 0.0, ""krauzlis_cued_motion"": 0.75, ""spatial_binding"": 0.5, ""image_recognition"": 0.25}","{""orientation_cued"": ""orientation_cued_D4"", ""motion_duration_cued"": ""motion_duration_cued_D12"", ""krauzlis_cued_motion"": ""krauzlis_B28"", ""spatial_binding"": ""spatial_binding_D4"", ""image_recognition"": ""image_recognition_N24_H5""}","{""orientation_cued"": {}, ""motion_duration_cued"": {}, ""krauzlis_cued_motion"": {}, ""spatial_binding"": {}, ""image_recognition"": {}}"
1103,44120,926624,0.8346444129943847,0.425,0.2426684945821762,0,2.522174596786499,"{""orientation_cued"": 0.693297803401947, ""motion_duration_cued"": 1.3894274234771729, ""krauzlis_cued_motion"": 0.704045832157135, ""spatial_binding"": 0.6914694905281067, ""image_recognition"": 0.6949815154075623}","{""orientation_cued"": 0.5, ""motion_duration_cued"": 0.125, ""krauzlis_cued_motion"": 0.5, ""spatial_binding"": 0.5, ""image_recognition"": 0.5}","{""orientation_cued"": ""orientation_cued_D24"", ""motion_duration_cued"": ""motion_duration_cued_D24"", ""krauzlis_cued_motion"": ""krauzlis_B12"", ""spatial_binding"": ""spatial_binding_D24"", ""image_recognition"": ""image_recognition_N4_H3""}","{""orientation_cued"": {}, ""motion_duration_cued"": {}, ""krauzlis_cued_motion"": {}, ""spatial_binding"": {}, ""image_recognition"": {}}"
1104,44160,927360,0.8364217519760132,0.4,0.23365095257759094,0,1.7904393672943115,"{""orientation_cued"": 0.6924712061882019, ""motion_duration_cued"": 1.3904238939285278, ""krauzlis_cued_motion"": 0.704383373260498, ""spatial_binding"": 0.6944727897644043, ""image_recognition"": 0.7003574967384338}","{""orientation_cued"": 0.5, ""motion_duration_cued"": 0.125, ""krauzlis_cued_motion"": 0.5, ""spatial_binding"": 0.5, ""image_recognition"": 0.375}","{""orientation_cued"": ""orientation_cued_D0"", ""motion_duration_cued"": ""motion_duration_cued_D4"", ""krauzlis_cued_motion"": ""krauzlis_B20"", ""spatial_binding"": ""spatial_binding_D12"", ""image_recognition"": ""image_recognition_N12_H3""}","{""orientation_cued"": {}, ""motion_duration_cued"": {}, ""krauzlis_cued_motion"": {}, ""spatial_binding"": {}, ""image_recognition"": {}}"
1105,44200,928224,0.6735772817861289,0.625,0.5747628808021545,0,2.064513921737671,"{""orientation_cued"": 0.6942159533500671, ""motion_duration_cued"": 1.3869750499725342, ""krauzlis_cued_motion"": 0.5928002595901489, ""spatial_binding"": 0.693331778049469, ""image_recognition"": 0.0005633679684251547}","{""orientation_cued"": 0.5, ""motion_duration_cued"": 0.25, ""krauzlis_cued_motion"": 0.875, ""spatial_binding"": 0.5, ""image_recognition"": 1.0}","{""orientation_cued"": ""orientation_cued_D12"", ""motion_duration_cued"": ""motion_duration_cued_D24"", ""krauzlis_cued_motion"": ""krauzlis_B28"", ""spatial_binding"": ""spatial_binding_D0"", ""image_recognition"": ""image_recognition_N0_H3""}","{""orientation_cued"": {}, ""motion_duration_cued"": {}, ""krauzlis_cued_motion"": {}, ""spatial_binding"": {}, ""image_recognition"": {}}"
1106,44240,928896,0.8387738108634949,0.4,0.40577957034111023,0,1.6305787563323975,"{""orientation_cued"": 0.6929888129234314, ""motion_duration_cued"": 1.4028995037078857, ""krauzlis_cued_motion"": 0.7045004367828369, ""spatial_binding"": 0.6930872201919556, ""image_recognition"": 0.7003930807113647}","{""orientation_cued"": 0.5, ""motion_duration_cued"": 0.0, ""krauzlis_cued_motion"": 0.5, ""spatial_binding"": 0.5, ""image_recognition"": 0.5}","{""orientation_cued"": ""orientation_cued_D0"", ""motion_duration_cued"": ""motion_duration_cued_D0"", ""krauzlis_cued_motion"": ""krauzlis_B12"", ""spatial_binding"": ""spatial_binding_D4"", ""image_recognition"": ""image_recognition_N24_H3""}","{""orientation_cued"": {}, ""motion_duration_cued"": {}, ""krauzlis_cued_motion"": {}, ""spatial_binding"": {}, ""image_recognition"": {}}"
1107,44280,929664,0.8200600385665894,0.525,0.34144237637519836,0,1.848606824874878,"{""orientation_cued"": 0.6931584477424622, ""motion_duration_cued"": 1.3895134925842285, ""krauzlis_cued_motion"": 0.666111946105957, ""spatial_binding"": 0.6942120790481567, ""image_recognition"": 0.6573042273521423}","{""orientation_cued"": 0.5, ""motion_duration_cued"": 0.125, ""krauzlis_cued_motion"": 0.625, ""spatial_binding"": 0.5, ""image_recognition"": 0.875}","{""orientation_cued"": ""orientation_cued_D4"", ""motion_duration_cued"": ""motion_duration_cued_D12"", ""krauzlis_cued_motion"": ""krauzlis_B20"", ""spatial_binding"": ""spatial_binding_D12"", ""image_recognition"": ""image_recognition_N4_H3""}","{""orientation_cued"": {}, ""motion_duration_cued"": {}, ""krauzlis_cued_motion"": {}, ""spatial_binding"": {}, ""image_recognition"": {}}"
1108,44320,930624,0.8410187602043152,0.425,0.4097212255001068,0,2.329434633255005,"{""orientation_cued"": 0.6997986435890198, ""motion_duration_cued"": 1.3851498365402222, ""krauzlis_cued_motion"": 0.7459592819213867, ""spatial_binding"": 0.6964194178581238, ""image_recognition"": 0.6777666211128235}","{""orientation_cued"": 0.375, ""motion_duration_cued"": 0.375, ""krauzlis_cued_motion"": 0.375, ""spatial_binding"": 0.25, ""image_recognition"": 0.75}","{""orientation_cued"": ""orientation_cued_D24"", ""motion_duration_cued"": ""motion_duration_cued_D4"", ""krauzlis_cued_motion"": ""krauzlis_B12"", ""spatial_binding"": ""spatial_binding_D24"", ""image_recognition"": ""image_recognition_N12_H3""}","{""orientation_cued"": {}, ""motion_duration_cued"": {}, ""krauzlis_cued_motion"": {}, ""spatial_binding"": {}, ""image_recognition"": {}}"
1109,44360,931464,0.8247522950172425,0.525,0.2026001513004303,0,2.0301272869110107,"{""orientation_cued"": 0.6921684741973877, ""motion_duration_cued"": 1.3864336013793945, ""krauzlis_cued_motion"": 0.6658443212509155, ""spatial_binding"": 0.6934363842010498, ""image_recognition"": 0.6858786940574646}","{""orientation_cued"": 0.625, ""motion_duration_cued"": 0.25, ""krauzlis_cued_motion"": 0.625, ""spatial_binding"": 0.625, ""image_recognition"": 0.5}","{""orientation_cued"": ""orientation_cued_D12"", ""motion_duration_cued"": ""motion_duration_cued_D24"", ""krauzlis_cued_motion"": ""krauzlis_B20"", ""spatial_binding"": ""spatial_binding_D0"", ""image_recognition"": ""image_recognition_N4_H4""}","{""orientation_cued"": {}, ""motion_duration_cued"": {}, ""krauzlis_cued_motion"": {}, ""spatial_binding"": {}, ""image_recognition"": {}}"
1110,44400,932312,0.8409824252128602,0.4,0.35317063331604004,0,2.0517399311065674,"{""orientation_cued"": 0.6919985413551331, ""motion_duration_cued"": 1.3865211009979248, ""krauzlis_cued_motion"": 0.7464118003845215, ""spatial_binding"": 0.6943949460983276, ""image_recognition"": 0.6855857372283936}","{""orientation_cued"": 0.625, ""motion_duration_cued"": 0.25, ""krauzlis_cued_motion"": 0.375, ""spatial_binding"": 0.25, ""image_recognition"": 0.5}","{""orientation_cued"": ""orientation_cued_D0"", ""motion_duration_cued"": ""motion_duration_cued_D4"", ""krauzlis_cued_motion"": ""krauzlis_B28"", ""spatial_binding"": ""spatial_binding_D24"", ""image_recognition"": ""image_recognition_N4_H5""}","{""orientation_cued"": {}, ""motion_duration_cued"": {}, ""krauzlis_cued_motion"": {}, ""spatial_binding"": {}, ""image_recognition"": {}}"
1111,44440,933416,0.8324902176856994,0.4,0.3981685936450958,0,2.6590662002563477,"{""orientation_cued"": 0.7020360827445984, ""motion_duration_cued"": 1.386184811592102, ""krauzlis_cued_motion"": 0.6662167310714722, ""spatial_binding"": 0.6936929821968079, ""image_recognition"": 0.7143204808235168}","{""orientation_cued"": 0.25, ""motion_duration_cued"": 0.25, ""krauzlis_cued_motion"": 0.625, ""spatial_binding"": 0.5, ""image_recognition"": 0.375}","{""orientation_cued"": ""orientation_cued_D24"", ""motion_duration_cued"": ""motion_duration_cued_D12"", ""krauzlis_cued_motion"": ""krauzlis_B28"", ""spatial_binding"": ""spatial_binding_D4"", ""image_recognition"": ""image_recognition_N24_H5""}","{""orientation_cued"": {}, ""motion_duration_cued"": {}, ""krauzlis_cued_motion"": {}, ""spatial_binding"": {}, ""image_recognition"": {}}"
1112,44480,934192,0.8297150015830994,0.4,0.374330997467041,0,1.883129358291626,"{""orientation_cued"": 0.6976633667945862, ""motion_duration_cued"": 1.3866876363754272, ""krauzlis_cued_motion"": 0.6663833260536194, ""spatial_binding"": 0.6925047039985657, ""image_recognition"": 0.7053359746932983}","{""orientation_cued"": 0.25, ""motion_duration_cued"": 0.25, ""krauzlis_cued_motion"": 0.625, ""spatial_binding"": 0.5, ""image_recognition"": 0.375}","{""orientation_cued"": ""orientation_cued_D4"", ""motion_duration_cued"": ""motion_duration_cued_D0"", ""krauzlis_cued_motion"": ""krauzlis_B12"", ""spatial_binding"": ""spatial_binding_D12"", ""image_recognition"": ""image_recognition_N24_H4""}","{""orientation_cued"": {}, ""motion_duration_cued"": {}, ""krauzlis_cued_motion"": {}, ""spatial_binding"": {}, ""image_recognition"": {}}"
1113,44520,934936,0.6737838781788014,0.65,0.5852282643318176,0,1.7854585647583008,"{""orientation_cued"": 0.7001696825027466, ""motion_duration_cued"": 1.3857003450393677, ""krauzlis_cued_motion"": 0.5905051231384277, ""spatial_binding"": 0.6918113231658936, ""image_recognition"": 0.0007329170475713909}","{""orientation_cued"": 0.375, ""motion_duration_cued"": 0.5, ""krauzlis_cued_motion"": 0.875, ""spatial_binding"": 0.5, ""image_recognition"": 1.0}","{""orientation_cued"": ""orientation_cued_D0"", ""motion_duration_cued"": ""motion_duration_cued_D4"", ""krauzlis_cued_motion"": ""krauzlis_B20"", ""spatial_binding"": ""spatial_binding_D24"", ""image_recognition"": ""image_recognition_N0_H4""}","{""orientation_cued"": {}, ""motion_duration_cued"": {}, ""krauzlis_cued_motion"": {}, ""spatial_binding"": {}, ""image_recognition"": {}}"
1114,44560,935680,0.8482219457626343,0.4,0.6202841997146606,0,1.8065056800842285,"{""orientation_cued"": 0.6934596300125122, ""motion_duration_cued"": 1.3893628120422363, ""krauzlis_cued_motion"": 0.7834147810935974, ""spatial_binding"": 0.6931939125061035, ""image_recognition"": 0.6816785931587219}","{""orientation_cued"": 0.5, ""motion_duration_cued"": 0.0, ""krauzlis_cued_motion"": 0.25, ""spatial_binding"": 0.5, ""image_recognition"": 0.75}","{""orientation_cued"": ""orientation_cued_D12"", ""motion_duration_cued"": ""motion_duration_cued_D0"", ""krauzlis_cued_motion"": ""krauzlis_B12"", ""spatial_binding"": ""spatial_binding_D12"", ""image_recognition"": ""image_recognition_N12_H4""}","{""orientation_cued"": {}, ""motion_duration_cued"": {}, ""krauzlis_cued_motion"": {}, ""spatial_binding"": {}, ""image_recognition"": {}}"
1115,44600,936592,0.6792398713907459,0.625,0.32660111784935,0,2.2167410850524902,"{""orientation_cued"": 0.6918147802352905, ""motion_duration_cued"": 1.3838711977005005, ""krauzlis_cued_motion"": 0.6277256011962891, ""spatial_binding"": 0.6925477385520935, ""image_recognition"": 0.0002400392695562914}","{""orientation_cued"": 0.625, ""motion_duration_cued"": 0.25, ""krauzlis_cued_motion"": 0.75, ""spatial_binding"": 0.5, ""image_recognition"": 1.0}","{""orientation_cued"": ""orientation_cued_D24"", ""motion_duration_cued"": ""motion_duration_cued_D12"", ""krauzlis_cued_motion"": ""krauzlis_B28"", ""spatial_binding"": ""spatial_binding_D4"", ""image_recognition"": ""image_recognition_N0_H5""}","{""orientation_cued"": {}, ""motion_duration_cued"": {}, ""krauzlis_cued_motion"": {}, ""spatial_binding"": {}, ""image_recognition"": {}}"
1116,44640,937440,0.8235044479370117,0.5,0.2929150462150574,0,2.0766847133636475,"{""orientation_cued"": 0.6945716738700867, ""motion_duration_cued"": 1.394436240196228, ""krauzlis_cued_motion"": 0.6664177179336548, ""spatial_binding"": 0.6926882266998291, ""image_recognition"": 0.66940838098526}","{""orientation_cued"": 0.375, ""motion_duration_cued"": 0.25, ""krauzlis_cued_motion"": 0.625, ""spatial_binding"": 0.5, ""image_recognition"": 0.75}","{""orientation_cued"": ""orientation_cued_D4"", ""motion_duration_cued"": ""motion_duration_cued_D24"", ""krauzlis_cued_motion"": ""krauzlis_B20"", ""spatial_binding"": ""spatial_binding_D0"", ""image_recognition"": ""image_recognition_N12_H5""}","{""orientation_cued"": {}, ""motion_duration_cued"": {}, ""krauzlis_cued_motion"": {}, ""spatial_binding"": {}, ""image_recognition"": {}}"
1117,44680,938208,0.8266977787017822,0.45,0.36314135789871216,0,1.8814525604248047,"{""orientation_cued"": 0.6839795112609863, ""motion_duration_cued"": 1.384042739868164, ""krauzlis_cued_motion"": 0.6660640239715576, ""spatial_binding"": 0.6936594843864441, ""image_recognition"": 0.705743134021759}","{""orientation_cued"": 0.625, ""motion_duration_cued"": 0.125, ""krauzlis_cued_motion"": 0.625, ""spatial_binding"": 0.5, ""image_recognition"": 0.375}","{""orientation_cued"": ""orientation_cued_D0"", ""motion_duration_cued"": ""motion_duration_cued_D12"", ""krauzlis_cued_motion"": ""krauzlis_B28"", ""spatial_binding"": ""spatial_binding_D0"", ""image_recognition"": ""image_recognition_N12_H3""}","{""orientation_cued"": {}, ""motion_duration_cued"": {}, ""krauzlis_cued_motion"": {}, ""spatial_binding"": {}, ""image_recognition"": {}}"
1118,44720,938928,0.714127577887848,0.425,0.573940098285675,0,1.7285542488098145,"{""orientation_cued"": 0.7002838850021362, ""motion_duration_cued"": 1.391148567199707, ""krauzlis_cued_motion"": 0.7856528162956238, ""spatial_binding"": 0.6922246813774109, ""image_recognition"": 0.0013279395643621683}","{""orientation_cued"": 0.375, ""motion_duration_cued"": 0.0, ""krauzlis_cued_motion"": 0.25, ""spatial_binding"": 0.5, ""image_recognition"": 1.0}","{""orientation_cued"": ""orientation_cued_D24"", ""motion_duration_cued"": ""motion_duration_cued_D4"", ""krauzlis_cued_motion"": ""krauzlis_B12"", ""spatial_binding"": ""spatial_binding_D4"", ""image_recognition"": ""image_recognition_N0_H5""}","{""orientation_cued"": {}, ""motion_duration_cued"": {}, ""krauzlis_cued_motion"": {}, ""spatial_binding"": {}, ""image_recognition"": {}}"
1119,44760,939672,0.6888964701676741,0.575,0.3199194371700287,0,1.807988166809082,"{""orientation_cued"": 0.6940051913261414, ""motion_duration_cued"": 1.3881733417510986, ""krauzlis_cued_motion"": 0.6663843393325806, ""spatial_binding"": 0.6943015456199646, ""image_recognition"": 0.001617932808585465}","{""orientation_cued"": 0.5, ""motion_duration_cued"": 0.25, ""krauzlis_cued_motion"": 0.625, ""spatial_binding"": 0.5, ""image_recognition"": 1.0}","{""orientation_cued"": ""orientation_cued_D4"", ""motion_duration_cued"": ""motion_duration_cued_D0"", ""krauzlis_cued_motion"": ""krauzlis_B20"", ""spatial_binding"": ""spatial_binding_D24"", ""image_recognition"": ""image_recognition_N0_H4""}","{""orientation_cued"": {}, ""motion_duration_cued"": {}, ""krauzlis_cued_motion"": {}, ""spatial_binding"": {}, ""image_recognition"": {}}"
1120,44800,940616,0.8211695551872253,0.475,0.38687875866889954,0,2.2939510345458984,"{""orientation_cued"": 0.6933832168579102, ""motion_duration_cued"": 1.392343521118164, ""krauzlis_cued_motion"": 0.6661950349807739, ""spatial_binding"": 0.6940511465072632, ""image_recognition"": 0.6598748564720154}","{""orientation_cued"": 0.5, ""motion_duration_cued"": 0.25, ""krauzlis_cued_motion"": 0.625, ""spatial_binding"": 0.375, ""image_recognition"": 0.625}","{""orientation_cued"": ""orientation_cued_D12"", ""motion_duration_cued"": ""motion_duration_cued_D24"", ""krauzlis_cued_motion"": ""krauzlis_B12"", ""spatial_binding"": ""spatial_binding_D12"", ""image_recognition"": ""image_recognition_N12_H5""}","{""orientation_cued"": {}, ""motion_duration_cued"": {}, ""krauzlis_cued_motion"": {}, ""spatial_binding"": {}, ""image_recognition"": {}}"
1121,44840,941288,0.7048915241030045,0.55,0.3578880727291107,0,1.6126766204833984,"{""orientation_cued"": 0.7040537595748901, ""motion_duration_cued"": 1.3835777044296265, ""krauzlis_cued_motion"": 0.7433129549026489, ""spatial_binding"": 0.6927478313446045, ""image_recognition"": 0.0007653702632524073}","{""orientation_cued"": 0.375, ""motion_duration_cued"": 0.375, ""krauzlis_cued_motion"": 0.375, ""spatial_binding"": 0.625, ""image_recognition"": 1.0}","{""orientation_cued"": ""orientation_cued_D0"", ""motion_duration_cued"": ""motion_duration_cued_D0"", ""krauzlis_cued_motion"": ""krauzlis_B28"", ""spatial_binding"": ""spatial_binding_D12"", ""image_recognition"": ""image_recognition_N0_H3""}","{""orientation_cued"": {}, ""motion_duration_cued"": {}, ""krauzlis_cued_motion"": {}, ""spatial_binding"": {}, ""image_recognition"": {}}"
