update,episodes,cell,loss,accuracy,grad_norm,seconds,wait_seconds
1,64,orientation_ring_D0,0.69315,0.5000,0.0412,1.240,2.867
2,128,orientation_ring_D0,0.69316,0.5000,0.0443,0.120,0.004
3,192,orientation_ring_D0,0.69310,0.5156,0.0353,0.080,0.008
4,256,orientation_ring_D0,0.69309,0.5156,0.0403,0.061,0.007
5,320,orientation_ring_D0,0.69325,0.4688,0.0335,0.060,0.009
6,384,orientation_ring_D0,0.69299,0.5781,0.0387,0.058,0.009
7,448,orientation_ring_D0,0.69320,0.4375,0.0431,0.118,0.010
8,512,orientation_ring_D0,0.69287,0.5625,0.0412,0.129,0.002
9,576,orientation_ring_D0,0.69320,0.5000,0.0358,0.063,0.138
10,640,orientation_ring_D0,0.69342,0.4844,0.0431,0.128,0.002
11,704,orientation_ring_D0,0.69367,0.4062,0.0485,0.063,0.259
12,768,orientation_ring_D0,0.69330,0.5000,0.0373,0.119,0.003
13,832,orientation_ring_D0,0.69265,0.5781,0.0459,0.061,0.303
14,896,orientation_ring_D0,0.69307,0.4688,0.0355,0.124,0.002
15,960,orientation_ring_D0,0.69365,0.4375,0.0495,0.071,0.284
16,1024,orientation_ring_D0,0.69339,0.4062,0.0389,0.161,0.002
17,1088,orientation_ring_D0,0.69310,0.5000,0.0363,0.075,0.277
18,1152,orientation_ring_D0,0.69377,0.4531,0.0449,0.122,0.005
19,1216,orientation_ring_D0,0.69385,0.5000,0.0486,0.110,0.307
20,1280,orientation_ring_D0,0.69289,0.5469,0.0389,0.156,0.003
21,1344,orientation_ring_D0,0.69316,0.4688,0.0309,0.080,0.204
22,1408,orientation_ring_D0,0.69310,0.5312,0.0375,0.126,0.005
23,1472,orientation_ring_D0,0.69275,0.5781,0.0339,0.113,0.279
24,1536,orientation_ring_D0,0.69349,0.5000,0.0387,0.162,0.003
25,1600,orientation_ring_D0,0.69297,0.5000,0.0338,0.081,0.214
26,1664,orientation_ring_D0,0.69316,0.4844,0.0282,0.123,0.003
27,1728,orientation_ring_D0,0.69277,0.5000,0.0404,0.075,0.281
28,1792,orientation_ring_D0,0.69315,0.4844,0.0288,0.136,0.002
29,1856,orientation_ring_D0,0.69285,0.5000,0.0415,0.132,0.289
30,1920,orientation_ring_D0,0.69288,0.5469,0.0305,0.126,0.002
31,1984,orientation_ring_D0,0.69305,0.5156,0.0400,0.140,0.248
32,2048,orientation_ring_D0,0.69347,0.5312,0.0375,0.108,0.002
33,2112,orientation_ring_D0,0.69259,0.5938,0.0371,0.132,0.247
34,2176,orientation_ring_D0,0.69274,0.5156,0.0521,0.111,0.003
35,2240,orientation_ring_D0,0.69265,0.5312,0.0451,0.131,0.220
36,2304,orientation_ring_D0,0.69401,0.4531,0.0491,0.080,0.002
37,2368,orientation_ring_D0,0.69332,0.4688,0.0434,0.179,0.279
38,2432,orientation_ring_D0,0.69331,0.4531,0.0474,0.062,0.003
39,2496,orientation_ring_D0,0.69373,0.5000,0.0509,0.169,0.237
40,2560,orientation_ring_D0,0.69477,0.4375,0.0651,0.063,0.003
41,2624,orientation_ring_D0,0.69252,0.5312,0.0428,0.120,0.260
42,2688,orientation_ring_D0,0.69338,0.5312,0.0377,0.065,0.003
43,2752,orientation_ring_D0,0.69230,0.6406,0.0434,0.113,0.298
44,2816,orientation_ring_D0,0.69321,0.4531,0.0370,0.062,0.003
45,2880,orientation_ring_D0,0.69240,0.5000,0.0461,0.130,0.269
46,2944,orientation_ring_D0,0.69309,0.5000,0.0457,0.072,0.004
47,3008,orientation_ring_D0,0.69350,0.4688,0.0378,0.105,0.282
48,3072,orientation_ring_D0,0.69276,0.5625,0.0400,0.064,0.002
49,3136,orientation_ring_D0,0.69288,0.4844,0.0538,0.063,0.303
50,3200,orientation_ring_D0,0.69393,0.4688,0.0591,0.064,0.041
51,3264,orientation_ring_D0,0.69416,0.4688,0.0489,0.061,0.357
52,3328,orientation_ring_D0,0.69351,0.4688,0.0414,0.062,0.015
53,3392,orientation_ring_D0,0.69247,0.5000,0.0573,0.067,0.329
54,3456,orientation_ring_D0,0.69309,0.5000,0.0459,0.062,0.073
55,3520,orientation_ring_D0,0.69188,0.6250,0.0537,0.067,0.322
56,3584,orientation_ring_D0,0.69287,0.5781,0.0471,0.064,0.053
57,3648,orientation_ring_D0,0.69279,0.5469,0.0429,0.071,0.347
58,3712,orientation_ring_D0,0.69268,0.5625,0.0418,0.069,0.062
59,3776,orientation_ring_D0,0.69266,0.5000,0.0615,0.121,0.340
60,3840,orientation_ring_D0,0.69241,0.5156,0.0725,0.123,0.004
61,3904,orientation_ring_D0,0.69279,0.5625,0.0856,0.124,0.293
62,3968,orientation_ring_D0,0.69316,0.5000,0.0805,0.125,0.003
63,4032,orientation_ring_D0,0.69317,0.5000,0.0713,0.069,0.306
64,4096,orientation_ring_D0,0.69535,0.4219,0.0819,0.109,0.010
65,4160,orientation_ring_D0,0.69336,0.4844,0.0682,0.066,0.288
66,4224,orientation_ring_D0,0.69373,0.5000,0.1258,0.123,0.003
67,4288,orientation_ring_D0,0.69569,0.5000,0.1819,0.063,0.278
68,4352,orientation_ring_D0,0.69175,0.5469,0.0863,0.127,0.036
69,4416,orientation_ring_D0,0.69142,0.4844,0.1271,0.066,0.266
70,4480,orientation_ring_D0,0.69354,0.5156,0.1151,0.069,0.059
71,4544,orientation_ring_D0,0.69398,0.5000,0.0851,0.080,0.313
72,4608,orientation_ring_D0,0.69354,0.5156,0.1301,0.095,0.031
73,4672,orientation_ring_D0,0.69249,0.5625,0.0512,0.109,0.279
74,4736,orientation_ring_D0,0.69317,0.5000,0.0977,0.147,0.004
75,4800,orientation_ring_D0,0.69255,0.5469,0.0636,0.164,0.230
76,4864,orientation_ring_D0,0.69518,0.4844,0.1060,0.182,0.004
77,4928,orientation_ring_D0,0.69371,0.5000,0.0793,0.064,0.353
78,4992,orientation_ring_D0,0.69142,0.5625,0.0877,0.063,0.016
79,5056,orientation_ring_D0,0.69281,0.4844,0.0646,0.137,0.442
80,5120,orientation_ring_D0,0.69359,0.4375,0.0452,0.117,0.002
81,5184,orientation_ring_D0,0.69421,0.4219,0.0687,0.108,0.242
82,5248,orientation_ring_D0,0.69273,0.5469,0.0383,0.069,0.003
83,5312,orientation_ring_D0,0.69321,0.5156,0.0560,0.076,0.358
84,5376,orientation_ring_D0,0.69357,0.5469,0.0424,0.075,0.003
85,5440,orientation_ring_D0,0.69243,0.5781,0.0400,0.065,0.406
86,5504,orientation_ring_D0,0.69300,0.5469,0.0503,0.124,0.003
87,5568,orientation_ring_D0,0.69304,0.5469,0.0344,0.078,0.305
88,5632,orientation_ring_D0,0.69277,0.4688,0.0404,0.114,0.003
89,5696,orientation_ring_D0,0.69395,0.4531,0.0535,0.063,0.277
90,5760,orientation_ring_D0,0.69177,0.5938,0.0603,0.134,0.003
91,5824,orientation_ring_D0,0.69275,0.4531,0.0424,0.072,0.257
92,5888,orientation_ring_D0,0.69389,0.4844,0.0468,0.130,0.003
93,5952,orientation_ring_D0,0.69280,0.5000,0.0407,0.110,0.273
94,6016,orientation_ring_D0,0.69097,0.5938,0.0887,0.111,0.004
95,6080,orientation_ring_D0,0.69453,0.4219,0.0601,0.079,0.248
96,6144,orientation_ring_D0,0.69326,0.4844,0.0381,0.116,0.002
97,6208,orientation_ring_D0,0.69293,0.5469,0.0413,0.089,0.276
98,6272,orientation_ring_D0,0.69429,0.5469,0.0661,0.119,0.003
99,6336,orientation_ring_D0,0.68958,0.6562,0.1180,0.103,0.291
100,6400,orientation_ring_D0,0.69244,0.5312,0.0574,0.117,0.002
101,6464,orientation_ring_D0,0.69442,0.4375,0.0674,0.137,0.314
102,6528,orientation_ring_D0,0.69086,0.5781,0.1013,0.066,0.002
103,6592,orientation_ring_D0,0.69228,0.4844,0.0682,0.091,0.300
104,6656,orientation_ring_D0,0.69239,0.4688,0.1018,0.063,0.002
105,6720,orientation_ring_D0,0.69047,0.5156,0.1320,0.077,0.303
106,6784,orientation_ring_D0,0.68970,0.5781,0.1284,0.062,0.003
107,6848,orientation_ring_D0,0.69148,0.5156,0.1093,0.061,0.313
108,6912,orientation_ring_D0,0.69409,0.5156,0.1439,0.065,0.002
109,6976,orientation_ring_D0,0.69245,0.5156,0.1400,0.059,0.319
110,7040,orientation_ring_D0,0.69528,0.4688,0.1808,0.062,0.003
111,7104,orientation_ring_D0,0.68159,0.5938,0.3312,0.064,0.356
112,7168,orientation_ring_D0,0.69940,0.5156,0.3891,0.062,0.003
113,7232,orientation_ring_D0,0.69246,0.4844,0.1758,0.065,0.341
114,7296,orientation_ring_D0,0.69848,0.5000,0.2939,0.064,0.003
115,7360,orientation_ring_D0,0.69472,0.4531,0.1661,0.062,0.357
116,7424,orientation_ring_D0,0.69491,0.5312,0.2277,0.061,0.002
117,7488,orientation_ring_D0,0.68927,0.5625,0.1431,0.075,0.334
118,7552,orientation_ring_D0,0.69605,0.5156,0.2543,0.064,0.002
119,7616,orientation_ring_D0,0.69190,0.5469,0.1138,0.062,0.328
120,7680,orientation_ring_D0,0.69989,0.3750,0.2007,0.061,0.002
121,7744,orientation_ring_D0,0.69379,0.4844,0.1809,0.065,0.325
122,7808,orientation_ring_D0,0.69285,0.5469,0.0590,0.062,0.002
123,7872,orientation_ring_D0,0.69435,0.4688,0.0930,0.061,0.345
124,7936,orientation_ring_D0,0.69152,0.5312,0.1245,0.061,0.001
125,8000,orientation_ring_D0,0.69230,0.5000,0.0846,0.067,0.354
126,8064,orientation_ring_D0,0.69391,0.5000,0.0472,0.067,0.003
127,8128,orientation_ring_D0,0.69259,0.5156,0.1253,0.063,0.374
128,8192,orientation_ring_D0,0.69232,0.5000,0.1328,0.065,0.004
129,8256,orientation_ring_D0,0.69302,0.5000,0.0563,0.060,0.412
130,8320,orientation_ring_D0,0.69315,0.5000,0.0481,0.064,0.003
131,8384,orientation_ring_D0,0.69422,0.5000,0.1063,0.064,0.336
132,8448,orientation_ring_D0,0.69376,0.5000,0.1024,0.062,0.002
133,8512,orientation_ring_D0,0.69208,0.5156,0.0632,0.056,0.304
134,8576,orientation_ring_D0,0.69317,0.4844,0.0470,0.063,0.004
135,8640,orientation_ring_D0,0.69317,0.5312,0.0751,0.067,0.362
136,8704,orientation_ring_D0,0.69392,0.5156,0.0733,0.064,0.002
137,8768,orientation_ring_D0,0.69221,0.5625,0.0574,0.062,0.344
138,8832,orientation_ring_D0,0.69293,0.5156,0.0298,0.059,0.003
139,8896,orientation_ring_D0,0.69317,0.5000,0.0450,0.065,0.325
140,8960,orientation_ring_D0,0.69483,0.4531,0.0938,0.059,0.004
141,9024,orientation_ring_D0,0.69245,0.5312,0.0456,0.065,0.329
142,9088,orientation_ring_D0,0.69349,0.4688,0.0295,0.064,0.002
143,9152,orientation_ring_D0,0.69257,0.5312,0.0388,0.063,0.362
144,9216,orientation_ring_D0,0.69371,0.5625,0.0443,0.061,0.002
145,9280,orientation_ring_D0,0.69213,0.5312,0.0647,0.067,0.318
146,9344,orientation_ring_D0,0.69282,0.5156,0.0378,0.060,0.008
147,9408,orientation_ring_D0,0.69338,0.4531,0.0239,0.063,0.345
148,9472,orientation_ring_D0,0.69262,0.5312,0.0381,0.064,0.029
149,9536,orientation_ring_D0,0.69505,0.4219,0.1001,0.063,0.606
150,9600,orientation_ring_D0,0.69276,0.5000,0.0409,0.135,0.186
151,9664,orientation_ring_D0,0.69250,0.5938,0.0399,0.116,0.460
152,9728,orientation_ring_D0,0.69212,0.5938,0.0581,0.075,0.003
153,9792,orientation_ring_D0,0.69318,0.5312,0.0362,0.115,0.280
154,9856,orientation_ring_D0,0.69335,0.5312,0.0411,0.093,0.003
155,9920,orientation_ring_D0,0.69365,0.4219,0.0341,0.132,0.279
156,9984,orientation_ring_D0,0.69397,0.4375,0.0458,0.067,0.002
157,10048,orientation_ring_D0,0.69339,0.5469,0.0373,0.127,0.279
158,10112,orientation_ring_D0,0.69385,0.3906,0.0528,0.065,0.002
159,10176,orientation_ring_D0,0.69286,0.5000,0.0308,0.147,0.261
160,10240,orientation_ring_D0,0.69366,0.4375,0.0333,0.063,0.002
161,10304,orientation_ring_D0,0.69216,0.5312,0.0574,0.121,0.281
162,10368,orientation_ring_D0,0.69371,0.4844,0.0384,0.068,0.006
163,10432,orientation_ring_D0,0.69375,0.4844,0.0367,0.128,0.321
164,10496,orientation_ring_D0,0.69224,0.5781,0.0502,0.068,0.004
165,10560,orientation_ring_D0,0.69342,0.4219,0.0278,0.083,0.287
166,10624,orientation_ring_D0,0.69253,0.5938,0.0377,0.065,0.002
167,10688,orientation_ring_D0,0.69266,0.5312,0.0290,0.058,0.326
168,10752,orientation_ring_D0,0.69355,0.4375,0.0272,0.064,0.002
169,10816,orientation_ring_D0,0.69452,0.3281,0.0755,0.065,0.330
170,10880,orientation_ring_D0,0.69389,0.4531,0.0444,0.065,0.003
171,10944,orientation_ring_D0,0.69297,0.5156,0.0239,0.065,0.330
172,11008,orientation_ring_D0,0.69340,0.4531,0.0201,0.083,0.003
173,11072,orientation_ring_D0,0.69280,0.6094,0.0269,0.124,0.356
174,11136,orientation_ring_D0,0.69366,0.4844,0.0350,0.145,0.002
175,11200,orientation_ring_D0,0.69285,0.5781,0.0243,0.266,0.422
176,11264,orientation_ring_D0,0.69334,0.4219,0.0224,0.065,0.248
177,11328,orientation_ring_D0,0.69323,0.4531,0.0123,0.066,0.438
178,11392,orientation_ring_D0,0.69277,0.5625,0.0321,0.069,0.138
179,11456,orientation_ring_D0,0.69325,0.5469,0.0140,0.066,0.338
180,11520,orientation_ring_D0,0.69322,0.5000,0.0151,0.067,0.088
181,11584,orientation_ring_D0,0.69297,0.5156,0.0151,0.063,0.355
182,11648,orientation_ring_D0,0.69310,0.5000,0.0112,0.079,0.065
183,11712,orientation_ring_D0,0.69311,0.5312,0.0114,0.065,0.335
184,11776,orientation_ring_D0,0.69291,0.6250,0.0264,0.106,0.035
185,11840,orientation_ring_D0,0.69302,0.5469,0.0146,0.069,0.256
186,11904,orientation_ring_D0,0.69325,0.5156,0.0140,0.110,0.049
187,11968,orientation_ring_D0,0.69329,0.5000,0.0164,0.064,0.284
188,12032,orientation_ring_D0,0.69322,0.5156,0.0115,0.075,0.008
189,12096,orientation_ring_D0,0.69349,0.4844,0.0420,0.083,0.341
190,12160,orientation_ring_D0,0.69316,0.5000,0.0123,0.124,0.003
191,12224,orientation_ring_D0,0.69334,0.3750,0.0211,0.066,0.284
192,12288,orientation_ring_D0,0.69326,0.4688,0.0144,0.142,0.002
193,12352,orientation_ring_D0,0.69315,0.4375,0.0142,0.068,0.241
194,12416,orientation_ring_D0,0.69326,0.4219,0.0275,0.164,0.004
195,12480,orientation_ring_D0,0.69308,0.4531,0.0134,0.073,0.248
196,12544,orientation_ring_D0,0.69321,0.5469,0.0084,0.170,0.011
197,12608,orientation_ring_D0,0.69296,0.5781,0.0408,0.064,0.249
198,12672,orientation_ring_D0,0.69334,0.4219,0.0370,0.157,0.033
199,12736,orientation_ring_D0,0.69310,0.4688,0.0161,0.064,0.207
200,12800,orientation_ring_D0,0.69309,0.5000,0.0117,0.176,0.071
201,12864,orientation_ring_D0,0.69298,0.5469,0.0404,0.073,0.009
202,12928,orientation_ring_D0,0.69308,0.4844,0.0158,0.149,0.012
203,12992,orientation_ring_D0,0.69312,0.5000,0.0228,0.116,0.007
204,13056,orientation_ring_D0,0.69313,0.5000,0.0182,0.066,0.009
205,13120,orientation_ring_D0,0.69299,0.5938,0.0237,0.069,0.007
206,13184,orientation_ring_D0,0.69313,0.5469,0.0152,0.080,0.010
207,13248,orientation_ring_D0,0.69304,0.5781,0.0139,0.132,0.010
208,13312,orientation_ring_D0,0.69332,0.4062,0.0251,0.154,0.012
209,13376,orientation_ring_D0,0.69308,0.5469,0.0178,0.071,0.009
210,13440,orientation_ring_D0,0.69321,0.4375,0.0234,0.067,0.008
211,13504,orientation_ring_D0,0.69314,0.4844,0.0115,0.068,0.009
212,13568,orientation_ring_D0,0.69313,0.5156,0.0113,0.104,0.010
213,13632,orientation_ring_D0,0.69302,0.5625,0.0133,0.187,0.011
214,13696,orientation_ring_D0,0.69296,0.5000,0.0144,0.090,0.003
215,13760,orientation_ring_D0,0.69302,0.5781,0.0240,0.131,0.214
216,13824,orientation_ring_D0,0.69309,0.5000,0.0214,0.131,0.003
217,13888,orientation_ring_D0,0.69291,0.6250,0.0314,0.129,0.283
218,13952,orientation_ring_D0,0.69320,0.5000,0.0205,0.132,0.003
219,14016,orientation_ring_D0,0.69314,0.4531,0.0157,0.137,0.276
220,14080,orientation_ring_D0,0.69288,0.5469,0.0378,0.078,0.001
221,14144,orientation_ring_D0,0.69340,0.4375,0.0304,0.151,0.264
222,14208,orientation_ring_D0,0.69288,0.6250,0.0173,0.117,0.004
223,14272,orientation_ring_D0,0.69325,0.4531,0.0140,0.131,0.224
224,14336,orientation_ring_D0,0.69292,0.6094,0.0248,0.069,0.003
225,14400,orientation_ring_D0,0.69337,0.4219,0.0196,0.127,0.253
226,14464,orientation_ring_D0,0.69272,0.6094,0.0235,0.077,0.003
227,14528,orientation_ring_D0,0.69290,0.5469,0.0199,0.134,0.260
228,14592,orientation_ring_D0,0.69341,0.5625,0.0207,0.080,0.003
229,14656,orientation_ring_D0,0.69314,0.5156,0.0353,0.124,0.275
230,14720,orientation_ring_D0,0.69297,0.5312,0.0266,0.072,0.003
231,14784,orientation_ring_D0,0.69317,0.4531,0.0147,0.125,0.275
232,14848,orientation_ring_D0,0.69310,0.5000,0.0145,0.068,0.002
233,14912,orientation_ring_D0,0.69285,0.5156,0.0382,0.106,0.288
234,14976,orientation_ring_D0,0.69330,0.4219,0.0181,0.062,0.002
235,15040,orientation_ring_D0,0.69309,0.4219,0.0334,0.096,0.299
236,15104,orientation_ring_D0,0.69259,0.5781,0.0275,0.063,0.003
237,15168,orientation_ring_D0,0.69288,0.5625,0.0228,0.097,0.306
238,15232,orientation_ring_D0,0.69304,0.4531,0.0240,0.064,0.003
239,15296,orientation_ring_D0,0.69289,0.5469,0.0301,0.111,0.321
240,15360,orientation_ring_D0,0.69266,0.5625,0.0426,0.060,0.003
241,15424,orientation_ring_D0,0.69315,0.5469,0.0523,0.080,0.285
242,15488,orientation_ring_D0,0.69296,0.4531,0.0290,0.061,0.002
243,15552,orientation_ring_D0,0.69259,0.5000,0.0314,0.072,0.321
244,15616,orientation_ring_D0,0.69301,0.4219,0.0295,0.059,0.002
245,15680,orientation_ring_D0,0.69236,0.5938,0.0424,0.151,0.299
246,15744,orientation_ring_D0,0.69335,0.5312,0.0505,0.062,0.004
247,15808,orientation_ring_D0,0.69223,0.5312,0.0531,0.179,0.259
248,15872,orientation_ring_D0,0.69139,0.6406,0.0684,0.062,0.003
249,15936,orientation_ring_D0,0.69293,0.5312,0.0581,0.171,0.216
250,16000,orientation_ring_D0,0.69480,0.4531,0.0690,0.058,0.002
251,16064,orientation_ring_D0,0.69489,0.4844,0.0720,0.161,0.235
252,16128,orientation_ring_D0,0.69333,0.5000,0.0520,0.062,0.003
253,16192,orientation_ring_D0,0.69338,0.4844,0.0498,0.125,0.253
254,16256,orientation_ring_D0,0.69097,0.6250,0.0771,0.072,0.004
255,16320,orientation_ring_D0,0.69250,0.4688,0.0518,0.133,0.267
256,16384,orientation_ring_D0,0.69402,0.4688,0.0682,0.070,0.026
257,16448,orientation_ring_D0,0.69145,0.5312,0.0809,0.151,0.274
258,16512,orientation_ring_D0,0.69344,0.4531,0.1079,0.060,0.003
259,16576,orientation_ring_D0,0.69354,0.5312,0.0646,0.117,0.261
260,16640,orientation_ring_D0,0.69437,0.5000,0.0765,0.068,0.005
261,16704,orientation_ring_D0,0.69194,0.5000,0.1317,0.098,0.288
262,16768,orientation_ring_D0,0.69232,0.4375,0.1152,0.063,0.029
263,16832,orientation_ring_D0,0.69257,0.5625,0.1466,0.074,0.269
264,16896,orientation_ring_D0,0.69293,0.5312,0.0984,0.062,0.059
265,16960,orientation_ring_D0,0.69142,0.4375,0.1394,0.063,0.291
266,17024,orientation_ring_D0,0.68967,0.4688,0.1322,0.062,0.051
267,17088,orientation_ring_D0,0.68893,0.5469,0.1655,0.064,0.285
268,17152,orientation_ring_D0,0.69180,0.5000,0.1002,0.061,0.041
269,17216,orientation_ring_D0,0.69504,0.5156,0.1910,0.062,0.299
270,17280,orientation_ring_D0,0.69104,0.5312,0.1489,0.061,0.062
271,17344,orientation_ring_D0,0.69788,0.4844,0.2554,0.062,0.382
272,17408,orientation_ring_D0,0.68959,0.5625,0.1484,0.062,0.148
273,17472,orientation_ring_D0,0.69048,0.5156,0.1884,0.062,0.387
274,17536,orientation_ring_D0,0.68863,0.5000,0.4006,0.060,0.035
275,17600,orientation_ring_D0,0.70426,0.4375,0.3940,0.073,0.288
276,17664,orientation_ring_D0,0.70188,0.4531,0.3573,0.064,0.032
277,17728,orientation_ring_D0,0.68915,0.5156,0.1795,0.064,0.318
278,17792,orientation_ring_D0,0.69225,0.5156,0.2011,0.064,0.032
279,17856,orientation_ring_D0,0.69445,0.5156,0.1615,0.060,0.311
280,17920,orientation_ring_D0,0.69284,0.5000,0.1462,0.063,0.030
281,17984,orientation_ring_D0,0.69221,0.5312,0.1444,0.064,0.304
282,18048,orientation_ring_D0,0.69621,0.4531,0.1198,0.066,0.068
283,18112,orientation_ring_D0,0.69259,0.5000,0.0933,0.064,0.248
284,18176,orientation_ring_D0,0.68888,0.5625,0.1569,0.069,0.069
285,18240,orientation_ring_D0,0.69389,0.4688,0.0882,0.061,0.243
286,18304,orientation_ring_D0,0.69461,0.5312,0.0833,0.071,0.107
287,18368,orientation_ring_D0,0.69218,0.5000,0.0875,0.065,0.234
288,18432,orientation_ring_D0,0.69073,0.6094,0.1167,0.097,0.094
289,18496,orientation_ring_D0,0.69325,0.4531,0.0741,0.063,0.214
290,18560,orientation_ring_D0,0.69517,0.4531,0.0937,0.137,0.097
291,18624,orientation_ring_D0,0.69317,0.5000,0.0788,0.063,0.183
292,18688,orientation_ring_D0,0.69400,0.4844,0.1063,0.153,0.081
293,18752,orientation_ring_D0,0.69256,0.5625,0.0628,0.061,0.198
294,18816,orientation_ring_D0,0.69200,0.4844,0.0718,0.130,0.091
295,18880,orientation_ring_D0,0.69350,0.4688,0.0623,0.067,0.204
296,18944,orientation_ring_D0,0.69024,0.5781,0.1208,0.132,0.064
297,19008,orientation_ring_D0,0.69507,0.4688,0.0889,0.087,0.216
298,19072,orientation_ring_D0,0.69341,0.5156,0.0690,0.142,0.026
299,19136,orientation_ring_D0,0.69087,0.5625,0.1031,0.101,0.255
300,19200,orientation_ring_D0,0.69288,0.5312,0.0612,0.147,0.019
301,19264,orientation_ring_D0,0.68892,0.5781,0.1484,0.140,0.256
302,19328,orientation_ring_D0,0.69008,0.5625,0.1106,0.128,0.002
303,19392,orientation_ring_D0,0.68988,0.6094,0.1284,0.135,0.236
304,19456,orientation_ring_D0,0.69185,0.6250,0.0935,0.076,0.002
305,19520,orientation_ring_D0,0.68935,0.5781,0.1383,0.155,0.272
306,19584,orientation_ring_D0,0.68779,0.5781,0.1830,0.063,0.002
307,19648,orientation_ring_D0,0.68397,0.6250,0.2270,0.116,0.245
308,19712,orientation_ring_D0,0.67537,0.6406,0.3677,0.078,0.003
309,19776,orientation_ring_D0,0.68568,0.5312,0.2352,0.111,0.289
310,19840,orientation_ring_D0,0.66497,0.6250,0.5874,0.064,0.002
311,19904,orientation_ring_D0,0.69069,0.5781,0.8593,0.119,0.294
312,19968,orientation_ring_D0,0.65370,0.6250,0.7697,0.062,0.002
313,20032,orientation_ring_D0,0.68820,0.5469,0.6310,0.113,0.270
314,20096,orientation_ring_D0,0.66023,0.6250,0.9808,0.071,0.002
315,20160,orientation_ring_D0,0.70370,0.5312,2.2044,0.142,0.279
316,20224,orientation_ring_D0,0.66172,0.5938,2.6130,0.067,0.002
317,20288,orientation_ring_D0,0.69163,0.5938,0.7813,0.072,0.307
318,20352,orientation_ring_D0,0.69552,0.5312,1.7449,0.063,0.002
319,20416,orientation_ring_D0,0.64208,0.6562,0.7491,0.073,0.337
320,20480,orientation_ring_D0,0.67478,0.5469,0.9044,0.061,0.002
321,20544,orientation_ring_D0,0.62545,0.6875,1.1684,0.059,0.323
322,20608,orientation_ring_D0,0.63371,0.6406,1.0997,0.064,0.002
323,20672,orientation_ring_D0,0.65442,0.5938,1.3068,0.064,0.344
324,20736,orientation_ring_D0,0.58893,0.7344,1.2254,0.061,0.003
325,20800,orientation_ring_D0,0.59908,0.7188,1.4153,0.061,0.334
326,20864,orientation_ring_D0,0.55309,0.7344,1.9051,0.062,0.003
327,20928,orientation_ring_D0,0.60949,0.6719,4.4441,0.059,0.342
328,20992,orientation_ring_D0,0.55855,0.6562,3.4156,0.063,0.002
329,21056,orientation_ring_D0,0.62171,0.6250,5.2951,0.065,0.373
330,21120,orientation_ring_D0,0.54968,0.7344,5.7628,0.070,0.002
331,21184,orientation_ring_D0,0.54721,0.7500,3.1038,0.067,0.405
332,21248,orientation_ring_D0,0.47371,0.7344,4.0422,0.062,0.002
333,21312,orientation_ring_D0,0.48461,0.7500,5.1485,0.062,0.408
334,21376,orientation_ring_D0,0.46316,0.8281,3.1615,0.062,0.002
335,21440,orientation_ring_D0,0.50912,0.7031,7.6600,0.061,0.342
336,21504,orientation_ring_D0,0.46282,0.8281,3.2749,0.066,0.001
337,21568,orientation_ring_D0,0.58045,0.7344,7.4047,0.070,0.324
338,21632,orientation_ring_D0,0.40180,0.8750,2.6043,0.064,0.004
339,21696,orientation_ring_D0,0.34300,0.8594,3.4357,0.065,0.333
340,21760,orientation_ring_D0,0.34546,0.8438,4.0931,0.063,0.003
341,21824,orientation_ring_D0,0.27960,0.9219,2.6440,0.070,0.481
342,21888,orientation_ring_D0,0.22134,0.9531,3.8493,0.067,0.032
343,21952,orientation_ring_D0,0.29496,0.9062,4.7022,0.062,0.480
344,22016,orientation_ring_D0,0.26195,0.9062,8.0710,0.063,0.018
345,22080,orientation_ring_D0,0.17188,0.9375,4.0887,0.066,0.424
346,22144,orientation_ring_D0,0.27255,0.9062,11.4687,0.065,0.006
347,22208,orientation_ring_D0,0.14963,0.9688,3.1754,0.060,0.351
348,22272,orientation_ring_D0,0.19720,0.9219,5.6165,0.062,0.003
349,22336,orientation_ring_D0,0.16256,0.9531,4.5509,0.064,0.401
350,22400,orientation_ring_D0,0.20345,0.9375,4.7944,0.066,0.001
351,22464,orientation_ring_D0,0.10622,0.9688,4.8973,0.062,0.336
352,22528,orientation_ring_D0,0.14773,0.9688,4.4534,0.065,0.015
353,22592,orientation_ring_D0,0.11078,0.9688,4.1129,0.076,0.316
354,22656,orientation_ring_D0,0.08242,0.9688,4.7572,0.077,0.026
355,22720,orientation_ring_D0,0.09643,0.9844,4.9371,0.065,0.328
356,22784,orientation_ring_D0,0.22774,0.9062,8.3141,0.064,0.019
357,22848,orientation_ring_D0,0.11978,0.9688,4.7726,0.061,0.321
358,22912,orientation_ring_D0,0.08013,0.9688,5.1123,0.070,0.031
359,22976,orientation_ring_D0,0.09645,0.9688,5.9831,0.070,0.299
360,23040,orientation_ring_D0,0.09091,0.9688,4.8231,0.081,0.040
361,23104,orientation_ring_D0,0.03680,1.0000,3.1185,0.060,0.259
362,23168,orientation_ring_D0,0.14442,0.9531,10.7982,0.079,0.068
363,23232,orientation_ring_D0,0.09584,0.9844,3.4528,0.061,0.277
364,23296,orientation_ring_D0,0.12297,0.9531,10.3210,0.127,0.088
365,23360,orientation_ring_D0,0.08785,0.9688,7.3248,0.061,0.194
366,23424,orientation_ring_D0,0.25281,0.9219,8.7555,0.137,0.075
367,23488,orientation_ring_D0,0.04186,0.9844,2.7992,0.061,0.219
368,23552,orientation_ring_D0,0.08004,0.9531,6.9884,0.168,0.072
369,23616,orientation_ring_D0,0.15705,0.9375,6.9045,0.062,0.175
370,23680,orientation_ring_D0,0.26840,0.8906,10.2765,0.159,0.063
371,23744,orientation_ring_D0,0.12779,0.9531,7.2925,0.064,0.471
372,23808,orientation_ring_D0,0.14638,0.9375,5.5517,0.112,0.232
373,23872,orientation_ring_D0,0.07579,0.9688,5.3761,0.063,0.172
374,23936,orientation_ring_D0,0.11039,0.9531,9.3920,0.108,0.103
375,24000,orientation_ring_D0,0.14611,0.9375,6.3834,0.066,0.197
376,24064,orientation_ring_D0,0.04879,1.0000,6.4185,0.124,0.094
377,24128,orientation_ring_D0,0.06485,0.9688,3.5606,0.065,0.159
378,24192,orientation_ring_D0,0.15092,0.9531,9.7375,0.151,0.110
379,24256,orientation_ring_D0,0.14297,0.9531,8.0148,0.068,0.202
380,24320,orientation_ring_D0,0.04885,0.9844,2.7556,0.133,0.056
381,24384,orientation_ring_D0,0.06528,0.9688,5.1237,0.081,0.228
382,24448,orientation_ring_D0,0.17667,0.9375,8.7711,0.141,0.058
383,24512,orientation_ring_D0,0.04185,1.0000,3.2881,0.113,0.223
384,24576,orientation_ring_D0,0.02683,1.0000,1.2391,0.152,0.010
385,24640,orientation_ring_D0,0.05952,0.9844,4.6677,0.173,0.238
386,24704,orientation_ring_D0,0.10298,0.9375,5.6128,0.152,0.002
387,24768,orientation_ring_D0,0.07875,0.9531,4.7055,0.139,0.167
388,24832,orientation_ring_D0,0.09764,0.9688,4.9558,0.136,0.002
389,24896,orientation_ring_D0,0.08607,0.9688,6.1398,0.173,0.258
390,24960,orientation_ring_D0,0.04282,1.0000,2.7125,0.172,0.002
391,25024,orientation_ring_D0,0.05862,0.9844,3.4969,0.149,0.164
392,25088,orientation_ring_D0,0.09666,0.9688,5.3746,0.105,0.002
393,25152,orientation_ring_D0,0.02513,1.0000,2.4801,0.120,0.249
394,25216,orientation_ring_D0,0.05388,0.9844,3.1372,0.075,0.003
395,25280,orientation_ring_D0,0.04112,0.9844,3.4602,0.112,0.280
396,25344,orientation_ring_D0,0.11945,0.9688,4.2061,0.072,0.002
397,25408,orientation_ring_D0,0.01357,1.0000,1.2528,0.069,0.323
398,25472,orientation_ring_D0,0.01081,1.0000,0.5099,0.063,0.002
399,25536,orientation_ring_D0,0.02302,0.9844,3.0829,0.061,0.330
400,25600,orientation_ring_D0,0.01386,1.0000,1.4526,0.063,0.003
401,25664,orientation_ring_D0,0.00989,1.0000,0.9359,0.185,0.008
402,25728,orientation_ring_D0,0.01524,1.0000,2.3682,0.070,0.011
403,25792,orientation_ring_D0,0.01880,1.0000,1.9038,0.062,0.009
404,25856,orientation_ring_D0,0.03698,0.9844,3.7266,0.067,0.008
405,25920,orientation_ring_D0,0.00820,1.0000,0.5582,0.163,0.011
406,25984,orientation_ring_D0,0.00800,1.0000,0.4147,0.154,0.008
407,26048,orientation_ring_D0,0.00791,1.0000,0.6112,0.064,0.009
408,26112,orientation_ring_D0,0.00777,1.0000,0.4840,0.066,0.008
409,26176,orientation_ring_D0,0.00852,1.0000,1.0842,0.138,0.010
410,26240,orientation_ring_D0,0.00591,1.0000,0.4448,0.164,0.008
411,26304,orientation_ring_D0,0.00434,1.0000,0.2866,0.077,0.009
412,26368,orientation_ring_D0,0.02917,0.9844,4.6095,0.068,0.008
413,26432,orientation_ring_D0,0.00491,1.0000,0.8300,0.065,0.006
414,26496,orientation_ring_D0,0.03383,0.9844,6.2041,0.082,0.004
415,26560,orientation_ring_D0,0.04848,0.9844,6.0131,0.061,0.164
416,26624,orientation_ring_D0,0.00473,1.0000,0.5191,0.064,0.043
417,26688,orientation_ring_D0,0.01427,1.0000,3.4550,0.062,0.284
418,26752,orientation_ring_D0,0.00455,1.0000,0.2951,0.067,0.064
419,26816,orientation_ring_D0,0.00569,1.0000,0.7320,0.063,0.277
420,26880,orientation_ring_D0,0.02488,0.9844,4.3612,0.069,0.070
421,26944,orientation_ring_D0,0.00932,1.0000,1.8587,0.067,0.271
422,27008,orientation_ring_D0,0.00609,1.0000,0.9900,0.065,0.056
423,27072,orientation_ring_D0,0.02336,1.0000,4.2950,0.065,0.282
424,27136,orientation_ring_D0,0.00278,1.0000,0.1260,0.080,0.061
425,27200,orientation_ring_D0,0.00502,1.0000,1.0879,0.073,0.253
426,27264,orientation_ring_D0,0.01800,0.9844,4.4563,0.113,0.040
427,27328,orientation_ring_D0,0.00244,1.0000,0.1456,0.063,0.260
428,27392,orientation_ring_D0,0.00870,1.0000,3.4044,0.138,0.032
429,27456,orientation_ring_D0,0.00530,1.0000,0.8713,0.072,0.240
430,27520,orientation_ring_D0,0.01143,1.0000,2.6743,0.111,0.030
431,27584,orientation_ring_D0,0.00250,1.0000,0.1964,0.063,0.285
432,27648,orientation_ring_D0,0.00230,1.0000,0.1652,0.121,0.002
433,27712,orientation_ring_D0,0.03644,0.9844,7.8630,0.061,0.272
434,27776,orientation_ring_D0,0.00148,1.0000,0.0263,0.113,0.050
435,27840,orientation_ring_D0,0.04115,0.9844,4.8336,0.060,0.240
436,27904,orientation_ring_D0,0.01407,1.0000,3.0197,0.107,0.056
437,27968,orientation_ring_D0,0.01113,1.0000,2.6011,0.063,0.219
438,28032,orientation_ring_D0,0.00340,1.0000,0.2626,0.096,0.069
439,28096,orientation_ring_D0,0.01116,1.0000,3.0227,0.069,0.252
440,28160,orientation_ring_D0,0.00519,1.0000,0.7659,0.062,0.062
441,28224,orientation_ring_D0,0.01537,1.0000,3.2240,0.067,0.292
442,28288,orientation_ring_D0,0.01470,0.9844,4.8705,0.068,0.080
443,28352,orientation_ring_D0,0.00664,1.0000,1.5507,0.111,0.258
444,28416,orientation_ring_D0,0.00221,1.0000,0.0933,0.091,0.048
445,28480,orientation_ring_D0,0.03049,0.9688,6.3020,0.118,0.210
446,28544,orientation_ring_D0,0.00237,1.0000,0.1145,0.132,0.066
447,28608,orientation_ring_D0,0.00258,1.0000,0.2627,0.092,0.155
448,28672,orientation_ring_D0,0.06837,0.9844,4.4792,0.118,0.111
449,28736,orientation_ring_D0,0.01074,1.0000,3.5032,0.112,0.161
450,28800,orientation_ring_D0,0.00150,1.0000,0.0345,0.060,0.103
451,28864,orientation_ring_D0,0.00397,1.0000,0.4929,0.139,0.217
452,28928,orientation_ring_D0,0.00263,1.0000,0.2054,0.077,0.039
453,28992,orientation_ring_D0,0.00192,1.0000,0.0634,0.119,0.213
454,29056,orientation_ring_D0,0.00264,1.0000,0.2825,0.097,0.036
455,29120,orientation_ring_D0,0.12319,0.9531,11.6706,0.086,0.266
456,29184,orientation_ring_D0,0.00205,1.0000,0.1043,0.064,0.107
457,29248,orientation_ring_D0,0.00408,1.0000,0.7195,0.066,0.337
458,29312,orientation_ring_D0,0.00503,1.0000,0.7578,0.065,0.097
459,29376,orientation_ring_D0,0.00793,1.0000,1.4813,0.155,0.463
460,29440,orientation_ring_D0,0.00963,1.0000,2.0698,0.065,0.004
461,29504,orientation_ring_D0,0.02607,0.9844,5.9743,0.150,0.273
462,29568,orientation_ring_D0,0.00454,1.0000,1.1085,0.070,0.003
463,29632,orientation_ring_D0,0.00319,1.0000,0.2790,0.110,0.340
464,29696,orientation_ring_D0,0.00642,1.0000,0.9533,0.070,0.026
465,29760,orientation_ring_D0,0.00218,1.0000,0.1551,0.065,0.320
466,29824,orientation_ring_D0,0.00647,1.0000,0.7748,0.061,0.026
467,29888,orientation_ring_D0,0.00557,1.0000,0.8785,0.065,0.327
468,29952,orientation_ring_D0,0.08204,0.9688,9.7853,0.063,0.028
469,30016,orientation_ring_D0,0.04747,0.9844,6.8326,0.064,0.552
470,30080,orientation_ring_D0,0.00233,1.0000,0.2030,0.066,0.149
471,30144,orientation_ring_D0,0.03971,0.9844,8.5154,0.066,0.703
472,30208,orientation_ring_D0,0.00316,1.0000,0.4609,0.081,0.003
473,30272,orientation_ring_D0,0.03199,0.9844,7.5623,0.066,0.416
474,30336,orientation_ring_D0,0.15610,0.9688,10.1551,0.064,0.003
475,30400,orientation_ring_D0,0.00191,1.0000,0.0797,0.069,0.370
476,30464,orientation_ring_D0,0.00218,1.0000,0.1970,0.075,0.002
477,30528,orientation_ring_D0,0.02363,0.9844,5.1120,0.066,0.358
478,30592,orientation_ring_D0,0.06300,0.9844,4.9808,0.062,0.003
479,30656,orientation_ring_D0,0.04136,0.9844,3.2843,0.063,0.334
480,30720,orientation_ring_D0,0.08572,0.9688,7.4222,0.064,0.003
481,30784,orientation_ring_D0,0.04841,0.9688,4.9818,0.061,0.326
482,30848,orientation_ring_D0,0.02358,0.9844,2.9752,0.058,0.002
483,30912,orientation_ring_D0,0.02628,1.0000,2.7739,0.062,0.374
484,30976,orientation_ring_D0,0.01397,1.0000,1.3365,0.065,0.003
485,31040,orientation_ring_D0,0.01991,1.0000,1.6885,0.071,0.326
486,31104,orientation_ring_D0,0.03896,0.9844,3.4209,0.064,0.002
487,31168,orientation_ring_D0,0.00581,1.0000,0.4563,0.061,0.331
488,31232,orientation_ring_D0,0.08564,0.9844,5.8542,0.069,0.003
489,31296,orientation_ring_D0,0.00875,1.0000,1.1328,0.065,0.311
490,31360,orientation_ring_D0,0.06490,0.9844,2.9694,0.068,0.001
491,31424,orientation_ring_D0,0.01226,1.0000,2.5069,0.073,0.317
492,31488,orientation_ring_D0,0.00512,1.0000,0.5697,0.063,0.004
493,31552,orientation_ring_D0,0.01580,1.0000,2.6143,0.071,0.347
494,31616,orientation_ring_D0,0.07234,0.9688,7.1481,0.111,0.003
495,31680,orientation_ring_D0,0.01580,1.0000,2.2343,0.066,0.284
496,31744,orientation_ring_D0,0.01788,1.0000,3.1071,0.118,0.005
497,31808,orientation_ring_D0,0.02487,1.0000,4.5733,0.062,0.270
498,31872,orientation_ring_D0,0.00485,1.0000,0.3936,0.124,0.050
499,31936,orientation_ring_D0,0.00956,1.0000,1.8763,0.099,0.241
500,32000,orientation_ring_D0,0.00839,1.0000,0.9343,0.129,0.027
501,32064,orientation_ring_D0,0.00322,1.0000,0.3104,0.119,0.290
502,32128,orientation_ring_D0,0.00489,1.0000,0.5437,0.110,0.003
503,32192,orientation_ring_D0,0.00420,1.0000,0.3214,0.159,0.249
504,32256,orientation_ring_D0,0.01727,1.0000,2.8821,0.107,0.006
505,32320,orientation_ring_D0,0.05979,0.9688,8.6539,0.128,0.216
506,32384,orientation_ring_D0,0.00184,1.0000,0.0734,0.070,0.002
507,32448,orientation_ring_D0,0.00349,1.0000,0.6787,0.117,0.268
508,32512,orientation_ring_D0,0.01165,1.0000,3.4491,0.075,0.003
509,32576,orientation_ring_D0,0.01510,1.0000,3.6506,0.110,0.278
510,32640,orientation_ring_D0,0.05405,0.9844,4.7381,0.060,0.002
511,32704,orientation_ring_D0,0.00274,1.0000,0.5542,0.108,0.321
512,32768,orientation_ring_D0,0.00216,1.0000,0.2582,0.061,0.003
513,32832,orientation_ring_D0,0.00145,1.0000,0.0985,0.062,0.309
514,32896,orientation_ring_D0,0.00223,1.0000,0.2485,0.063,0.002
515,32960,orientation_ring_D0,0.00105,1.0000,0.0221,0.063,0.329
516,33024,orientation_ring_D0,0.02687,0.9844,7.4924,0.063,0.002
517,33088,orientation_ring_D0,0.00422,1.0000,1.1634,0.060,0.373
518,33152,orientation_ring_D0,0.00173,1.0000,0.2108,0.064,0.002
519,33216,orientation_ring_D0,0.00159,1.0000,0.1290,0.061,0.330
520,33280,orientation_ring_D0,0.00170,1.0000,0.2719,0.061,0.003
521,33344,orientation_ring_D0,0.00093,1.0000,0.0259,0.062,0.343
522,33408,orientation_ring_D0,0.00394,1.0000,1.4134,0.062,0.003
523,33472,orientation_ring_D0,0.02417,0.9844,5.1230,0.063,0.367
524,33536,orientation_ring_D0,0.00124,1.0000,0.1122,0.063,0.003
525,33600,orientation_ring_D0,0.00575,1.0000,2.2905,0.064,0.365
526,33664,orientation_ring_D0,0.00465,1.0000,1.2750,0.063,0.003
527,33728,orientation_ring_D0,0.00291,1.0000,0.4989,0.063,0.346
528,33792,orientation_ring_D0,0.00205,1.0000,0.4272,0.064,0.003
529,33856,orientation_ring_D0,0.01286,1.0000,4.0712,0.065,0.313
530,33920,orientation_ring_D0,0.00255,1.0000,0.4763,0.064,0.003
531,33984,orientation_ring_D0,0.03455,0.9844,5.8705,0.073,0.320
532,34048,orientation_ring_D0,0.00150,1.0000,0.1606,0.067,0.002
533,34112,orientation_ring_D0,0.00110,1.0000,0.0496,0.069,0.316
534,34176,orientation_ring_D0,0.00452,1.0000,1.3985,0.067,0.009
535,34240,orientation_ring_D0,0.00454,1.0000,1.4639,0.062,0.348
536,34304,orientation_ring_D0,0.00185,1.0000,0.2233,0.065,0.038
537,34368,orientation_ring_D0,0.00111,1.0000,0.0427,0.077,0.320
538,34432,orientation_ring_D0,0.00788,1.0000,3.4444,0.065,0.052
539,34496,orientation_ring_D0,0.01265,1.0000,3.7769,0.063,0.300
540,34560,orientation_ring_D0,0.00179,1.0000,0.2909,0.065,0.064
541,34624,orientation_ring_D0,0.00153,1.0000,0.2207,0.069,0.307
542,34688,orientation_ring_D0,0.00237,1.0000,0.7670,0.063,0.041
543,34752,orientation_ring_D0,0.00081,1.0000,0.0351,0.113,0.375
544,34816,orientation_ring_D0,0.00101,1.0000,0.0624,0.110,0.012
545,34880,orientation_ring_D0,0.00128,1.0000,0.1887,0.132,0.300
546,34944,orientation_ring_D0,0.00166,1.0000,0.3276,0.118,0.003
547,35008,orientation_ring_D0,0.00080,1.0000,0.0197,0.113,0.304
548,35072,orientation_ring_D0,0.00253,1.0000,0.8070,0.137,0.040
549,35136,orientation_ring_D0,0.00079,1.0000,0.0328,0.068,0.236
550,35200,orientation_ring_D0,0.04883,0.9844,8.4321,0.121,0.046
551,35264,orientation_ring_D0,0.00066,1.0000,0.0125,0.064,0.213
552,35328,orientation_ring_D0,0.00224,1.0000,0.7020,0.062,0.067
553,35392,orientation_ring_D0,0.00082,1.0000,0.0524,0.072,0.250
554,35456,orientation_ring_D0,0.02159,0.9844,9.4651,0.065,0.105
555,35520,orientation_ring_D0,0.05789,0.9844,8.1326,0.071,0.265
556,35584,orientation_ring_D0,0.00078,1.0000,0.0269,0.061,0.054
557,35648,orientation_ring_D0,0.00170,1.0000,0.4012,0.112,0.275
558,35712,orientation_ring_D0,0.00243,1.0000,0.7322,0.062,0.042
559,35776,orientation_ring_D0,0.00095,1.0000,0.0487,0.171,0.260
560,35840,orientation_ring_D0,0.00195,1.0000,0.2506,0.062,0.007
561,35904,orientation_ring_D0,0.00814,1.0000,2.8158,0.102,0.264
562,35968,orientation_ring_D0,0.14625,0.9531,13.6314,0.062,0.055
563,36032,orientation_ring_D0,0.00183,1.0000,0.3203,0.060,0.280
564,36096,orientation_ring_D0,0.00235,1.0000,0.3205,0.063,0.061
565,36160,orientation_ring_D0,0.00198,1.0000,0.2782,0.074,0.300
566,36224,orientation_ring_D0,0.08628,0.9688,7.7844,0.062,0.042
567,36288,orientation_ring_D0,0.01370,1.0000,2.3956,0.065,0.270
568,36352,orientation_ring_D0,0.00654,1.0000,1.4928,0.062,0.135
569,36416,orientation_ring_D0,0.00384,1.0000,0.5373,0.060,0.525
570,36480,orientation_ring_D0,0.00350,1.0000,0.7344,0.063,0.047
571,36544,orientation_ring_D0,0.06352,0.9844,4.3174,0.062,0.290
572,36608,orientation_ring_D0,0.00132,1.0000,0.0998,0.063,0.037
573,36672,orientation_ring_D0,0.00825,1.0000,1.2818,0.065,0.281
574,36736,orientation_ring_D0,0.00191,1.0000,0.1923,0.064,0.061
575,36800,orientation_ring_D0,0.02865,0.9844,4.3057,0.061,0.297
576,36864,orientation_ring_D0,0.00156,1.0000,0.1242,0.111,0.049
577,36928,orientation_ring_D0,0.04428,0.9844,7.3526,0.062,0.247
578,36992,orientation_ring_D0,0.08026,0.9844,4.1808,0.159,0.075
579,37056,orientation_ring_D0,0.07104,0.9844,5.5904,0.064,0.189
580,37120,orientation_ring_D0,0.00097,1.0000,0.0350,0.107,0.084
581,37184,orientation_ring_D0,0.01272,0.9844,4.5646,0.065,0.271
582,37248,orientation_ring_D0,0.00484,1.0000,0.9472,0.095,0.073
583,37312,orientation_ring_D0,0.00695,1.0000,2.0227,0.070,0.306
584,37376,orientation_ring_D0,0.08493,0.9531,12.3652,0.067,0.074
585,37440,orientation_ring_D0,0.00777,1.0000,2.0605,0.116,0.326
586,37504,orientation_ring_D0,0.02905,0.9844,4.7522,0.075,0.003
587,37568,orientation_ring_D0,0.00356,1.0000,0.3571,0.138,0.277
588,37632,orientation_ring_D0,0.00628,1.0000,1.3852,0.110,0.003
589,37696,orientation_ring_D0,0.12091,0.9531,11.9023,0.094,0.264
590,37760,orientation_ring_D0,0.00200,1.0000,0.1482,0.078,0.003
591,37824,orientation_ring_D0,0.00318,1.0000,0.3150,0.118,0.278
592,37888,orientation_ring_D0,0.01140,1.0000,2.6577,0.129,0.039
593,37952,orientation_ring_D0,0.01642,0.9844,3.1662,0.062,0.254
594,38016,orientation_ring_D0,0.01096,1.0000,2.2550,0.131,0.062
595,38080,orientation_ring_D0,0.01770,0.9844,4.4047,0.069,0.250
596,38144,orientation_ring_D0,0.00708,1.0000,1.1101,0.165,0.015
597,38208,orientation_ring_D0,0.01541,0.9844,3.3492,0.067,0.262
598,38272,orientation_ring_D0,0.02826,0.9844,4.2147,0.125,0.012
599,38336,orientation_ring_D0,0.11258,0.9688,7.3950,0.071,0.256
600,38400,orientation_ring_D0,0.02549,0.9844,4.9961,0.076,0.041
601,38464,orientation_ring_D0,0.00215,1.0000,0.1033,0.132,0.009
602,38528,orientation_ring_D0,0.00579,1.0000,1.2118,0.101,0.009
603,38592,orientation_ring_D0,0.00355,1.0000,0.2721,0.066,0.008
604,38656,orientation_ring_D0,0.01203,1.0000,2.9212,0.132,0.008
605,38720,orientation_ring_D0,0.00595,1.0000,0.7888,0.068,0.008
606,38784,orientation_ring_D0,0.00332,1.0000,0.7207,0.156,0.008
607,38848,orientation_ring_D0,0.00744,1.0000,1.8423,0.064,0.005
608,38912,orientation_ring_D0,0.00474,1.0000,1.1494,0.067,0.008
609,38976,orientation_ring_D0,0.01766,0.9844,3.0192,0.130,0.008
610,39040,orientation_ring_D0,0.00469,1.0000,0.9466,0.070,0.009
611,39104,orientation_ring_D0,0.00689,1.0000,1.1410,0.120,0.011
612,39168,orientation_ring_D0,0.00900,1.0000,1.3894,0.067,0.009
613,39232,orientation_ring_D0,0.01626,0.9844,3.9571,0.065,0.007
614,39296,orientation_ring_D0,0.01346,1.0000,2.3339,0.077,0.003
615,39360,orientation_ring_D0,0.00174,1.0000,0.1233,0.099,0.228
616,39424,orientation_ring_D0,0.00240,1.0000,0.2777,0.063,0.002
617,39488,orientation_ring_D0,0.00132,1.0000,0.0687,0.062,0.321
618,39552,orientation_ring_D0,0.00112,1.0000,0.0978,0.063,0.023
619,39616,orientation_ring_D0,0.00912,1.0000,2.3539,0.061,0.297
620,39680,orientation_ring_D0,0.00233,1.0000,0.2735,0.061,0.024
621,39744,orientation_ring_D0,0.03609,0.9844,5.2645,0.065,0.342
622,39808,orientation_ring_D0,0.00101,1.0000,0.0628,0.062,0.037
623,39872,orientation_ring_D0,0.00132,1.0000,0.2277,0.061,0.316
624,39936,orientation_ring_D0,0.00100,1.0000,0.0732,0.063,0.010
625,40000,orientation_ring_D0,0.05437,0.9844,6.6856,0.065,0.342
626,40064,orientation_ring_D0,0.00281,1.0000,0.8799,0.067,0.005
627,40128,orientation_ring_D0,0.01572,0.9844,2.3262,0.063,0.330
628,40192,orientation_ring_D0,0.04554,0.9844,6.7970,0.064,0.004
629,40256,orientation_ring_D0,0.04082,0.9844,8.8301,0.071,0.357
630,40320,orientation_ring_D0,0.00115,1.0000,0.0984,0.118,0.002
631,40384,orientation_ring_D0,0.00091,1.0000,0.0337,0.065,0.317
632,40448,orientation_ring_D0,0.00605,1.0000,1.8666,0.173,0.003
633,40512,orientation_ring_D0,0.01085,1.0000,2.8785,0.073,0.247
634,40576,orientation_ring_D0,0.00719,1.0000,2.3071,0.133,0.003
635,40640,orientation_ring_D0,0.01639,0.9844,5.2828,0.063,0.247
636,40704,orientation_ring_D0,0.00127,1.0000,0.1259,0.161,0.003
637,40768,orientation_ring_D0,0.00162,1.0000,0.3222,0.073,0.220
638,40832,orientation_ring_D0,0.00078,1.0000,0.0361,0.138,0.003
639,40896,orientation_ring_D0,0.00095,1.0000,0.0345,0.065,0.273
640,40960,orientation_ring_D0,0.00099,1.0000,0.0641,0.139,0.003
641,41024,orientation_ring_D0,0.00061,1.0000,0.0138,0.066,0.282
642,41088,orientation_ring_D0,0.00085,1.0000,0.0505,0.169,0.003
643,41152,orientation_ring_D0,0.00085,1.0000,0.0335,0.061,0.245
644,41216,orientation_ring_D0,0.02303,0.9844,4.5170,0.112,0.002
645,41280,orientation_ring_D0,0.00072,1.0000,0.0240,0.064,0.265
646,41344,orientation_ring_D0,0.00100,1.0000,0.1404,0.128,0.002
647,41408,orientation_ring_D0,0.00069,1.0000,0.0209,0.062,0.282
648,41472,orientation_ring_D0,0.00084,1.0000,0.0636,0.108,0.003
649,41536,orientation_ring_D0,0.00070,1.0000,0.0246,0.065,0.315
650,41600,orientation_ring_D0,0.00064,1.0000,0.0161,0.158,0.003
651,41664,orientation_ring_D0,0.00083,1.0000,0.0332,0.130,0.263
652,41728,orientation_ring_D0,0.00055,1.0000,0.0113,0.134,0.002
653,41792,orientation_ring_D0,0.00286,1.0000,0.9614,0.141,0.222
654,41856,orientation_ring_D0,0.00065,1.0000,0.0206,0.134,0.003
655,41920,orientation_ring_D0,0.00115,1.0000,0.3032,0.127,0.229
656,41984,orientation_ring_D0,0.00075,1.0000,0.0369,0.116,0.002
657,42048,orientation_ring_D0,0.00255,1.0000,1.0636,0.152,0.237
658,42112,orientation_ring_D0,0.00097,1.0000,0.1076,0.104,0.003
659,42176,orientation_ring_D0,0.00060,1.0000,0.0152,0.136,0.216
660,42240,orientation_ring_D0,0.00071,1.0000,0.0576,0.140,0.003
661,42304,orientation_ring_D0,0.00085,1.0000,0.0766,0.123,0.208
662,42368,orientation_ring_D0,0.00065,1.0000,0.0612,0.120,0.003
663,42432,orientation_ring_D0,0.00088,1.0000,0.0876,0.124,0.257
664,42496,orientation_ring_D0,0.00064,1.0000,0.0347,0.072,0.003
665,42560,orientation_ring_D0,0.00065,1.0000,0.0335,0.126,0.284
666,42624,orientation_ring_D0,0.00077,1.0000,0.0608,0.077,0.002
667,42688,orientation_ring_D0,0.00085,1.0000,0.1401,0.137,0.443
668,42752,orientation_ring_D0,0.00076,1.0000,0.0657,0.089,0.002
669,42816,orientation_ring_D0,0.00095,1.0000,0.1548,0.130,0.345
670,42880,orientation_ring_D0,0.00281,1.0000,0.9323,0.073,0.003
671,42944,orientation_ring_D0,0.00060,1.0000,0.0307,0.121,0.270
672,43008,orientation_ring_D0,0.00049,1.0000,0.0098,0.063,0.002
673,43072,orientation_ring_D0,0.00078,1.0000,0.0826,0.065,0.298
674,43136,orientation_ring_D0,0.00133,1.0000,0.4254,0.070,0.004
675,43200,orientation_ring_D0,0.00054,1.0000,0.0112,0.061,0.324
676,43264,orientation_ring_D0,0.00068,1.0000,0.0612,0.064,0.003
677,43328,orientation_ring_D0,0.00071,1.0000,0.0871,0.066,0.347
678,43392,orientation_ring_D0,0.00066,1.0000,0.0347,0.060,0.003
679,43456,orientation_ring_D0,0.00069,1.0000,0.0625,0.064,0.323
680,43520,orientation_ring_D0,0.00059,1.0000,0.0356,0.063,0.010
681,43584,orientation_ring_D0,0.00111,1.0000,0.2632,0.060,0.291
682,43648,orientation_ring_D0,0.02564,0.9844,7.6502,0.066,0.015
683,43712,orientation_ring_D0,0.00071,1.0000,0.0795,0.061,0.374
684,43776,orientation_ring_D0,0.00046,1.0000,0.0104,0.059,0.024
685,43840,orientation_ring_D0,0.00053,1.0000,0.0166,0.067,0.342
686,43904,orientation_ring_D0,0.00322,1.0000,1.8717,0.066,0.002
687,43968,orientation_ring_D0,0.00055,1.0000,0.0274,0.062,0.320
688,44032,orientation_ring_D0,0.00123,1.0000,0.2735,0.065,0.007
689,44096,orientation_ring_D0,0.00060,1.0000,0.0398,0.063,0.329
690,44160,orientation_ring_D0,0.00067,1.0000,0.0614,0.060,0.004
691,44224,orientation_ring_D0,0.00121,1.0000,0.3467,0.065,0.351
692,44288,orientation_ring_D0,0.00684,1.0000,2.8848,0.062,0.003
693,44352,orientation_ring_D0,0.00060,1.0000,0.0486,0.063,0.354
694,44416,orientation_ring_D0,0.00206,1.0000,0.5883,0.069,0.002
695,44480,orientation_ring_D0,0.00047,1.0000,0.0105,0.063,0.314
696,44544,orientation_ring_D0,0.03599,0.9844,8.2453,0.063,0.003
697,44608,orientation_ring_D0,0.00094,1.0000,0.1298,0.062,0.316
698,44672,orientation_ring_D0,0.00073,1.0000,0.1184,0.079,0.002
699,44736,orientation_ring_D0,0.00189,1.0000,0.6101,0.072,0.295
700,44800,orientation_ring_D0,0.00127,1.0000,0.2076,0.126,0.026
701,44864,orientation_ring_D0,0.00086,1.0000,0.1061,0.069,0.275
702,44928,orientation_ring_D0,0.04648,0.9688,12.5368,0.134,0.008
703,44992,orientation_ring_D0,0.04392,0.9844,8.3868,0.113,0.291
704,45056,orientation_ring_D0,0.00149,1.0000,0.2718,0.117,0.005
705,45120,orientation_ring_D0,0.00108,1.0000,0.1495,0.132,0.238
706,45184,orientation_ring_D0,0.00091,1.0000,0.0787,0.119,0.004
707,45248,orientation_ring_D0,0.00081,1.0000,0.0438,0.130,0.227
708,45312,orientation_ring_D0,0.00059,1.0000,0.0189,0.118,0.003
709,45376,orientation_ring_D0,0.00687,1.0000,2.6228,0.116,0.329
710,45440,orientation_ring_D0,0.00080,1.0000,0.1034,0.078,0.006
711,45504,orientation_ring_D0,0.04342,0.9844,11.2759,0.120,0.405
712,45568,orientation_ring_D0,0.00373,1.0000,1.1286,0.070,0.002
713,45632,orientation_ring_D0,0.00108,1.0000,0.0845,0.131,0.422
714,45696,orientation_ring_D0,0.00272,1.0000,0.6465,0.089,0.003
715,45760,orientation_ring_D0,0.00301,1.0000,0.8495,0.163,0.413
716,45824,orientation_ring_D0,0.08021,0.9844,6.1514,0.174,0.003
717,45888,orientation_ring_D0,0.00261,1.0000,0.2339,0.066,0.491
718,45952,orientation_ring_D0,0.00411,1.0000,1.0142,0.136,0.002
719,46016,orientation_ring_D0,0.00287,1.0000,0.2911,0.068,0.606
720,46080,orientation_ring_D0,0.00361,1.0000,0.7648,0.140,0.002
721,46144,orientation_ring_D0,0.00320,1.0000,0.2867,0.113,0.485
722,46208,orientation_ring_D0,0.00347,1.0000,0.6326,0.121,0.002
723,46272,orientation_ring_D0,0.00322,1.0000,0.2494,0.082,0.493
724,46336,orientation_ring_D0,0.00236,1.0000,0.2510,0.074,0.002
725,46400,orientation_ring_D0,0.00652,1.0000,1.6836,0.099,0.479
726,46464,orientation_ring_D0,0.00213,1.0000,0.1915,0.123,0.003
727,46528,orientation_ring_D0,0.01248,1.0000,6.0746,0.136,0.341
728,46592,orientation_ring_D0,0.00119,1.0000,0.0665,0.073,0.007
729,46656,orientation_ring_D0,0.00103,1.0000,0.0553,0.169,0.344
730,46720,orientation_ring_D0,0.00229,1.0000,0.1857,0.067,0.003
731,46784,orientation_ring_D0,0.00122,1.0000,0.0868,0.064,0.325
732,46848,orientation_ring_D0,0.00121,1.0000,0.1140,0.066,0.003
733,46912,orientation_ring_D0,0.00276,1.0000,0.4334,0.085,0.381
734,46976,orientation_ring_D0,0.00091,1.0000,0.0502,0.079,0.004
735,47040,orientation_ring_D0,0.00201,1.0000,0.4216,0.066,0.390
736,47104,orientation_ring_D0,0.00118,1.0000,0.0769,0.066,0.002
737,47168,orientation_ring_D0,0.00322,1.0000,0.9744,0.065,0.408
738,47232,orientation_ring_D0,0.00201,1.0000,0.3672,0.066,0.002
739,47296,orientation_ring_D0,0.05066,0.9844,6.1305,0.077,0.404
740,47360,orientation_ring_D0,0.00092,1.0000,0.0485,0.064,0.002
741,47424,orientation_ring_D0,0.00075,1.0000,0.0445,0.092,0.366
742,47488,orientation_ring_D0,0.00066,1.0000,0.0340,0.064,0.003
743,47552,orientation_ring_D0,0.01303,0.9844,4.1919,0.062,0.349
744,47616,orientation_ring_D0,0.00073,1.0000,0.0421,0.069,0.003
745,47680,orientation_ring_D0,0.00312,1.0000,0.9791,0.065,0.390
746,47744,orientation_ring_D0,0.00170,1.0000,0.4382,0.064,0.003
747,47808,orientation_ring_D0,0.00054,1.0000,0.0161,0.066,0.384
748,47872,orientation_ring_D0,0.00050,1.0000,0.0140,0.062,0.004
749,47936,orientation_ring_D0,0.00080,1.0000,0.0667,0.066,0.370
750,48000,orientation_ring_D0,0.00249,1.0000,0.9610,0.063,0.015
751,48064,orientation_ring_D0,0.00759,1.0000,2.7041,0.066,0.358
752,48128,orientation_ring_D0,0.00042,1.0000,0.0134,0.067,0.037
753,48192,orientation_ring_D0,0.00074,1.0000,0.0496,0.063,0.379
754,48256,orientation_ring_D0,0.00057,1.0000,0.0353,0.067,0.032
755,48320,orientation_ring_D0,0.01697,0.9844,4.5841,0.063,0.373
756,48384,orientation_ring_D0,0.00042,1.0000,0.0157,0.066,0.020
757,48448,orientation_ring_D0,0.00054,1.0000,0.0218,0.065,0.367
758,48512,orientation_ring_D0,0.00188,1.0000,0.4050,0.065,0.020
759,48576,orientation_ring_D0,0.00048,1.0000,0.0261,0.065,0.670
760,48640,orientation_ring_D0,0.00092,1.0000,0.1646,0.117,0.109
761,48704,orientation_ring_D0,0.00062,1.0000,0.0671,0.061,0.272
762,48768,orientation_ring_D0,0.00077,1.0000,0.0587,0.174,0.092
763,48832,orientation_ring_D0,0.00113,1.0000,0.3049,0.066,0.208
764,48896,orientation_ring_D0,0.00053,1.0000,0.0355,0.118,0.108
765,48960,orientation_ring_D0,0.01558,0.9844,4.5188,0.069,0.223
766,49024,orientation_ring_D0,0.00152,1.0000,0.2588,0.065,0.139
767,49088,orientation_ring_D0,0.00105,1.0000,0.2711,0.062,0.261
768,49152,orientation_ring_D0,0.00063,1.0000,0.0723,0.064,0.157
769,49216,orientation_ring_D0,0.00064,1.0000,0.0526,0.063,0.266
770,49280,orientation_ring_D0,0.00055,1.0000,0.0675,0.063,0.134
771,49344,orientation_ring_D0,0.00073,1.0000,0.1224,0.064,0.258
772,49408,orientation_ring_D0,0.02230,0.9844,5.6683,0.069,0.139
773,49472,orientation_ring_D0,0.00049,1.0000,0.0580,0.074,0.229
774,49536,orientation_ring_D0,0.00040,1.0000,0.0168,0.112,0.157
775,49600,orientation_ring_D0,0.00039,1.0000,0.0265,0.149,0.205
776,49664,orientation_ring_D0,0.00129,1.0000,0.4332,0.118,0.049
777,49728,orientation_ring_D0,0.00050,1.0000,0.0390,0.114,0.238
778,49792,orientation_ring_D0,0.00041,1.0000,0.0289,0.116,0.061
779,49856,orientation_ring_D0,0.00107,1.0000,0.2149,0.134,0.232
780,49920,orientation_ring_D0,0.00047,1.0000,0.0426,0.172,0.063
781,49984,orientation_ring_D0,0.00121,1.0000,0.3331,0.101,0.175
782,50048,orientation_ring_D0,0.00070,1.0000,0.1301,0.106,0.106
783,50112,orientation_ring_D0,0.00083,1.0000,0.1442,0.084,0.227
784,50176,orientation_ring_D0,0.00439,1.0000,1.2938,0.061,0.146
785,50240,orientation_ring_D0,0.03083,0.9844,7.3220,0.062,0.247
786,50304,orientation_ring_D0,0.00857,1.0000,2.9396,0.060,0.130
787,50368,orientation_ring_D0,0.00040,1.0000,0.0237,0.063,0.257
788,50432,orientation_ring_D0,0.00067,1.0000,0.2099,0.075,0.146
789,50496,orientation_ring_D0,0.00042,1.0000,0.0199,0.073,0.267
790,50560,orientation_ring_D0,0.00058,1.0000,0.0705,0.065,0.146
791,50624,orientation_ring_D0,0.00144,1.0000,0.4003,0.099,0.234
792,50688,orientation_ring_D0,0.00039,1.0000,0.0129,0.064,0.129
793,50752,orientation_ring_D0,0.00071,1.0000,0.1031,0.077,0.235
794,50816,orientation_ring_D0,0.00063,1.0000,0.0653,0.062,0.170
795,50880,orientation_ring_D0,0.00217,1.0000,0.4373,0.078,0.208
796,50944,orientation_ring_D0,0.08628,0.9844,10.1349,0.064,0.188
797,51008,orientation_ring_D0,0.00139,1.0000,0.3007,0.115,0.197
798,51072,orientation_ring_D0,0.00075,1.0000,0.1022,0.061,0.111
799,51136,orientation_ring_D0,0.00081,1.0000,0.0532,0.119,0.185
800,51200,orientation_ring_D0,0.00081,1.0000,0.1040,0.067,0.125
801,51264,orientation_ring_D0,0.00152,1.0000,0.3280,0.067,0.009
802,51328,orientation_ring_D0,0.00295,1.0000,0.7963,0.073,0.009
803,51392,orientation_ring_D0,0.00214,1.0000,0.4967,0.129,0.008
804,51456,orientation_ring_D0,0.00082,1.0000,0.0706,0.132,0.013
805,51520,orientation_ring_D0,0.00092,1.0000,0.1303,0.065,0.009
806,51584,orientation_ring_D0,0.01357,0.9844,5.7087,0.066,0.009
807,51648,orientation_ring_D0,0.00113,1.0000,0.0984,0.067,0.007
808,51712,orientation_ring_D0,0.00153,1.0000,0.1132,0.117,0.010
809,51776,orientation_ring_D0,0.00105,1.0000,0.0713,0.135,0.007
810,51840,orientation_ring_D0,0.00091,1.0000,0.0499,0.063,0.008
811,51904,orientation_ring_D0,0.00268,1.0000,0.8755,0.066,0.007
812,51968,orientation_ring_D0,0.00751,1.0000,1.7147,0.065,0.008
813,52032,orientation_ring_D0,0.00186,1.0000,0.1898,0.065,0.004
814,52096,orientation_ring_D0,0.00616,1.0000,1.8638,0.123,0.005
815,52160,orientation_ring_D0,0.00097,1.0000,0.0779,0.062,0.250
816,52224,orientation_ring_D0,0.00125,1.0000,0.2229,0.104,0.089
817,52288,orientation_ring_D0,0.00066,1.0000,0.0352,0.063,0.263
818,52352,orientation_ring_D0,0.00077,1.0000,0.0422,0.133,0.114
819,52416,orientation_ring_D0,0.00207,1.0000,0.3889,0.064,0.218
820,52480,orientation_ring_D0,0.00628,1.0000,2.5321,0.122,0.175
821,52544,orientation_ring_D0,0.01510,1.0000,4.2136,0.065,0.203
822,52608,orientation_ring_D0,0.00220,1.0000,0.5408,0.163,0.131
823,52672,orientation_ring_D0,0.00716,1.0000,2.7690,0.065,0.175
824,52736,orientation_ring_D0,0.00050,1.0000,0.0203,0.067,0.172
825,52800,orientation_ring_D0,0.00041,1.0000,0.0165,0.065,0.247
826,52864,orientation_ring_D0,0.00176,1.0000,0.5137,0.069,0.175
827,52928,orientation_ring_D0,0.00164,1.0000,0.2474,0.089,0.231
828,52992,orientation_ring_D0,0.00042,1.0000,0.0229,0.061,0.126
829,53056,orientation_ring_D0,0.00146,1.0000,0.5100,0.136,0.241
830,53120,orientation_ring_D0,0.00154,1.0000,0.6884,0.079,0.158
831,53184,orientation_ring_D0,0.00037,1.0000,0.0187,0.117,0.288
832,53248,orientation_ring_D0,0.00055,1.0000,0.0772,0.064,0.050
833,53312,orientation_ring_D0,0.00294,1.0000,1.8195,0.064,0.288
834,53376,orientation_ring_D0,0.00032,1.0000,0.0109,0.063,0.072
835,53440,orientation_ring_D0,0.01025,1.0000,4.7427,0.068,0.366
836,53504,orientation_ring_D0,0.00102,1.0000,0.2298,0.067,0.130
837,53568,orientation_ring_D0,0.00229,1.0000,0.8116,0.066,0.393
838,53632,orientation_ring_D0,0.06291,0.9688,9.5332,0.066,0.124
839,53696,orientation_ring_D0,0.00036,1.0000,0.0207,0.067,0.290
840,53760,orientation_ring_D0,0.00039,1.0000,0.0520,0.062,0.081
841,53824,orientation_ring_D0,0.00027,1.0000,0.0137,0.063,0.273
842,53888,orientation_ring_D0,0.00429,1.0000,1.7048,0.062,0.124
843,53952,orientation_ring_D0,0.00382,1.0000,1.8339,0.061,0.225
844,54016,orientation_ring_D0,0.00034,1.0000,0.0154,0.078,0.118
845,54080,orientation_ring_D0,0.00063,1.0000,0.0650,0.060,0.239
846,54144,orientation_ring_D0,0.00038,1.0000,0.0235,0.121,0.107
847,54208,orientation_ring_D0,0.00030,1.0000,0.0093,0.060,0.181
848,54272,orientation_ring_D0,0.02796,0.9844,7.1217,0.164,0.133
849,54336,orientation_ring_D0,0.02313,0.9844,7.3106,0.062,0.100
850,54400,orientation_ring_D0,0.00031,1.0000,0.0109,0.131,0.144
851,54464,orientation_ring_D0,0.00172,1.0000,0.6790,0.063,0.274
852,54528,orientation_ring_D0,0.00025,1.0000,0.0048,0.072,0.221
853,54592,orientation_ring_D0,0.00029,1.0000,0.0115,0.059,0.342
854,54656,orientation_ring_D0,0.00029,1.0000,0.0066,0.063,0.069
855,54720,orientation_ring_D0,0.00026,1.0000,0.0055,0.062,0.318
856,54784,orientation_ring_D0,0.00027,1.0000,0.0089,0.085,0.025
857,54848,orientation_ring_D0,0.00024,1.0000,0.0051,0.065,0.295
858,54912,orientation_ring_D0,0.00900,1.0000,3.6172,0.080,0.015
859,54976,orientation_ring_D0,0.00132,1.0000,0.4354,0.070,0.295
860,55040,orientation_ring_D0,0.00053,1.0000,0.0457,0.113,0.022
861,55104,orientation_ring_D0,0.00038,1.0000,0.0311,0.063,0.300
862,55168,orientation_ring_D0,0.00034,1.0000,0.0480,0.103,0.005
863,55232,orientation_ring_D0,0.00043,1.0000,0.0518,0.073,0.320
864,55296,orientation_ring_D0,0.00054,1.0000,0.0972,0.129,0.004
865,55360,orientation_ring_D0,0.00048,1.0000,0.1011,0.086,0.273
866,55424,orientation_ring_D0,0.00045,1.0000,0.0536,0.121,0.002
867,55488,orientation_ring_D0,0.00025,1.0000,0.0056,0.116,0.252
868,55552,orientation_ring_D0,0.00315,1.0000,1.6983,0.126,0.003
869,55616,orientation_ring_D0,0.00032,1.0000,0.0227,0.120,0.234
870,55680,orientation_ring_D0,0.00060,1.0000,0.0861,0.154,0.002
871,55744,orientation_ring_D0,0.00036,1.0000,0.0515,0.125,0.241
872,55808,orientation_ring_D0,0.00570,1.0000,2.9314,0.137,0.003
873,55872,orientation_ring_D0,0.00026,1.0000,0.0114,0.094,0.241
874,55936,orientation_ring_D0,0.00030,1.0000,0.0159,0.108,0.002
875,56000,orientation_ring_D0,0.00034,1.0000,0.0152,0.126,0.325
876,56064,orientation_ring_D0,0.00043,1.0000,0.0444,0.065,0.005
877,56128,orientation_ring_D0,0.00031,1.0000,0.0211,0.137,0.291
878,56192,orientation_ring_D0,0.00036,1.0000,0.0442,0.063,0.002
879,56256,orientation_ring_D0,0.00049,1.0000,0.0588,0.126,0.284
880,56320,orientation_ring_D0,0.00037,1.0000,0.0231,0.062,0.003
881,56384,orientation_ring_D0,0.00026,1.0000,0.0064,0.127,0.296
882,56448,orientation_ring_D0,0.00662,1.0000,3.3787,0.064,0.002
883,56512,orientation_ring_D0,0.02773,0.9844,9.9159,0.109,0.276
884,56576,orientation_ring_D0,0.00082,1.0000,0.2243,0.074,0.003
885,56640,orientation_ring_D0,0.00041,1.0000,0.0247,0.112,0.289
886,56704,orientation_ring_D0,0.00030,1.0000,0.0138,0.067,0.004
887,56768,orientation_ring_D0,0.00035,1.0000,0.0559,0.115,0.273
888,56832,orientation_ring_D0,0.00089,1.0000,0.2627,0.062,0.003
889,56896,orientation_ring_D0,0.00023,1.0000,0.0068,0.115,0.251
890,56960,orientation_ring_D0,0.00028,1.0000,0.0097,0.062,0.003
891,57024,orientation_ring_D0,0.00166,1.0000,0.8224,0.101,0.290
892,57088,orientation_ring_D0,0.00027,1.0000,0.0137,0.062,0.002
893,57152,orientation_ring_D0,0.00807,1.0000,3.5585,0.172,0.313
894,57216,orientation_ring_D0,0.00028,1.0000,0.0100,0.061,0.003
895,57280,orientation_ring_D0,0.00784,1.0000,3.4612,0.121,0.239
896,57344,orientation_ring_D0,0.00975,1.0000,3.2215,0.062,0.002
897,57408,orientation_ring_D0,0.00027,1.0000,0.0099,0.112,0.278
898,57472,orientation_ring_D0,0.00026,1.0000,0.0083,0.063,0.004
899,57536,orientation_ring_D0,0.00448,1.0000,1.4711,0.135,0.277
900,57600,orientation_ring_D0,0.09086,0.9844,8.2589,0.066,0.002
901,57664,orientation_ring_D0,0.03441,0.9844,9.4976,0.183,0.267
902,57728,orientation_ring_D0,0.00059,1.0000,0.0752,0.062,0.003
903,57792,orientation_ring_D0,0.00066,1.0000,0.0721,0.173,0.237
904,57856,orientation_ring_D0,0.00616,1.0000,2.1068,0.059,0.003
905,57920,orientation_ring_D0,0.09373,0.9844,4.7505,0.121,0.222
906,57984,orientation_ring_D0,0.09839,0.9531,17.5907,0.062,0.051
907,58048,orientation_ring_D0,0.02371,0.9844,6.4855,0.062,0.251
908,58112,orientation_ring_D0,0.00320,1.0000,0.9909,0.064,0.093
909,58176,orientation_ring_D0,0.00077,1.0000,0.0891,0.104,0.222
910,58240,orientation_ring_D0,0.07980,0.9688,12.0719,0.063,0.072
911,58304,orientation_ring_D0,0.00212,1.0000,0.7474,0.093,0.251
912,58368,orientation_ring_D0,0.01774,0.9844,5.3327,0.062,0.056
913,58432,orientation_ring_D0,0.03137,0.9844,7.6185,0.065,0.283
914,58496,orientation_ring_D0,0.00799,1.0000,3.6254,0.064,0.127
915,58560,orientation_ring_D0,0.14224,0.9688,6.9294,0.094,0.257
916,58624,orientation_ring_D0,0.01246,1.0000,3.4995,0.064,0.099
917,58688,orientation_ring_D0,0.00499,1.0000,1.9337,0.109,0.191
918,58752,orientation_ring_D0,0.00078,1.0000,0.0977,0.062,0.133
919,58816,orientation_ring_D0,0.03898,0.9844,8.4665,0.111,0.164
920,58880,orientation_ring_D0,0.00224,1.0000,1.1735,0.062,0.128
921,58944,orientation_ring_D0,0.00068,1.0000,0.0547,0.089,0.142
922,59008,orientation_ring_D0,0.00524,1.0000,2.0207,0.076,0.167
923,59072,orientation_ring_D0,0.00044,1.0000,0.0281,0.168,0.118
924,59136,orientation_ring_D0,0.01317,0.9844,5.3466,0.063,0.134
925,59200,orientation_ring_D0,0.00584,1.0000,3.2423,0.130,0.112
926,59264,orientation_ring_D0,0.00070,1.0000,0.0868,0.064,0.192
927,59328,orientation_ring_D0,0.00104,1.0000,0.2353,0.135,0.058
928,59392,orientation_ring_D0,0.02014,0.9844,6.4242,0.067,0.205
929,59456,orientation_ring_D0,0.00840,1.0000,2.0174,0.151,0.061
930,59520,orientation_ring_D0,0.00427,1.0000,1.2792,0.117,0.201
931,59584,orientation_ring_D0,0.00113,1.0000,0.2845,0.171,0.003
932,59648,orientation_ring_D0,0.00368,1.0000,1.3909,0.130,0.205
933,59712,orientation_ring_D0,0.00084,1.0000,0.1236,0.132,0.002
934,59776,orientation_ring_D0,0.00097,1.0000,0.0893,0.136,0.244
935,59840,orientation_ring_D0,0.00149,1.0000,0.2908,0.123,0.003
936,59904,orientation_ring_D0,0.09633,0.9531,14.8522,0.121,0.223
937,59968,orientation_ring_D0,0.00065,1.0000,0.0427,0.111,0.003
938,60032,orientation_ring_D0,0.00350,1.0000,1.0633,0.148,0.262
939,60096,orientation_ring_D0,0.00322,1.0000,0.5755,0.066,0.004
940,60160,orientation_ring_D0,0.00745,1.0000,1.7634,0.126,0.278
941,60224,orientation_ring_D0,0.00371,1.0000,0.3062,0.060,0.003
942,60288,orientation_ring_D0,0.00784,1.0000,1.5747,0.152,0.260
943,60352,orientation_ring_D0,0.00848,1.0000,1.6493,0.074,0.002
944,60416,orientation_ring_D0,0.03942,0.9844,4.7630,0.149,0.252
945,60480,orientation_ring_D0,0.05052,0.9844,7.9780,0.063,0.003
946,60544,orientation_ring_D0,0.00988,1.0000,1.0810,0.136,0.266
947,60608,orientation_ring_D0,0.00689,1.0000,0.5632,0.074,0.005
948,60672,orientation_ring_D0,0.01159,1.0000,1.2407,0.112,0.297
949,60736,orientation_ring_D0,0.00434,1.0000,0.4674,0.064,0.002
950,60800,orientation_ring_D0,0.00277,1.0000,0.2440,0.111,0.361
951,60864,orientation_ring_D0,0.01096,1.0000,2.1863,0.065,0.003
952,60928,orientation_ring_D0,0.03204,0.9844,4.2255,0.066,0.451
953,60992,orientation_ring_D0,0.00141,1.0000,0.1201,0.122,0.002
954,61056,orientation_ring_D0,0.00090,1.0000,0.0637,0.063,0.594
955,61120,orientation_ring_D0,0.00491,1.0000,1.6004,0.062,0.002
956,61184,orientation_ring_D0,0.00154,1.0000,0.2265,0.063,0.320
957,61248,orientation_ring_D0,0.00249,1.0000,0.5337,0.061,0.002
958,61312,orientation_ring_D0,0.00298,1.0000,0.6140,0.061,0.341
959,61376,orientation_ring_D0,0.00293,1.0000,0.8715,0.061,0.002
960,61440,orientation_ring_D0,0.00129,1.0000,0.2464,0.069,0.328
961,61504,orientation_ring_D0,0.00099,1.0000,0.1390,0.060,0.003
962,61568,orientation_ring_D0,0.04681,0.9844,7.5011,0.059,0.394
963,61632,orientation_ring_D0,0.00087,1.0000,0.1014,0.065,0.003
964,61696,orientation_ring_D0,0.00071,1.0000,0.0399,0.064,0.331
965,61760,orientation_ring_D0,0.00793,1.0000,2.5154,0.062,0.002
966,61824,orientation_ring_D0,0.00043,1.0000,0.0451,0.063,0.331
967,61888,orientation_ring_D0,0.00111,1.0000,0.2762,0.061,0.002
968,61952,orientation_ring_D0,0.00059,1.0000,0.0951,0.061,0.339
969,62016,orientation_ring_D0,0.00106,1.0000,0.1995,0.068,0.003
970,62080,orientation_ring_D0,0.00145,1.0000,0.3016,0.068,0.342
971,62144,orientation_ring_D0,0.00304,1.0000,1.0707,0.063,0.003
972,62208,orientation_ring_D0,0.00080,1.0000,0.0919,0.074,0.295
973,62272,orientation_ring_D0,0.04007,0.9844,8.7450,0.063,0.009
974,62336,orientation_ring_D0,0.04073,0.9844,4.5514,0.068,0.324
975,62400,orientation_ring_D0,0.07131,0.9844,6.0059,0.066,0.023
976,62464,orientation_ring_D0,0.00045,1.0000,0.0278,0.064,0.330
977,62528,orientation_ring_D0,0.00064,1.0000,0.0526,0.059,0.003
978,62592,orientation_ring_D0,0.00106,1.0000,0.1443,0.062,0.339
979,62656,orientation_ring_D0,0.00112,1.0000,0.1142,0.078,0.025
980,62720,orientation_ring_D0,0.00234,1.0000,0.4376,0.062,0.308
981,62784,orientation_ring_D0,0.00927,1.0000,2.9463,0.101,0.038
982,62848,orientation_ring_D0,0.00929,1.0000,1.8369,0.061,0.257
983,62912,orientation_ring_D0,0.00135,1.0000,0.1573,0.112,0.025
984,62976,orientation_ring_D0,0.00124,1.0000,0.1303,0.064,0.269
985,63040,orientation_ring_D0,0.05113,0.9688,9.9716,0.159,0.027
986,63104,orientation_ring_D0,0.00322,1.0000,0.9133,0.066,0.242
987,63168,orientation_ring_D0,0.00594,1.0000,1.4847,0.160,0.028
988,63232,orientation_ring_D0,0.00075,1.0000,0.0922,0.103,0.236
989,63296,orientation_ring_D0,0.00061,1.0000,0.1015,0.147,0.001
990,63360,orientation_ring_D0,0.00036,1.0000,0.0113,0.121,0.224
991,63424,orientation_ring_D0,0.00117,1.0000,0.2948,0.158,0.002
992,63488,orientation_ring_D0,0.00063,1.0000,0.1419,0.115,0.210
993,63552,orientation_ring_D0,0.02035,0.9844,6.8346,0.129,0.003
994,63616,orientation_ring_D0,0.03742,0.9844,7.7827,0.127,0.248
995,63680,orientation_ring_D0,0.00094,1.0000,0.1999,0.123,0.002
996,63744,orientation_ring_D0,0.00039,1.0000,0.0136,0.156,0.250
997,63808,orientation_ring_D0,0.00077,1.0000,0.0724,0.112,0.003
998,63872,orientation_ring_D0,0.01176,0.9844,3.5445,0.133,0.208
999,63936,orientation_ring_D0,0.01176,1.0000,3.9899,0.104,0.003
1000,64000,orientation_ring_D0,0.00068,1.0000,0.0373,0.162,0.278
1001,64064,orientation_ring_D0,0.00117,1.0000,0.1569,0.084,0.012
1002,64128,orientation_ring_D0,0.00041,1.0000,0.0126,0.130,0.006
1003,64192,orientation_ring_D0,0.00111,1.0000,0.1663,0.120,0.009
1004,64256,orientation_ring_D0,0.00114,1.0000,0.0838,0.065,0.005
1005,64320,orientation_ring_D0,0.00163,1.0000,0.2582,0.064,0.007
1006,64384,orientation_ring_D0,0.02973,0.9688,6.3430,0.075,0.010
1007,64448,orientation_ring_D0,0.00246,1.0000,0.3159,0.140,0.009
1008,64512,orientation_ring_D0,0.00049,1.0000,0.0206,0.115,0.008
1009,64576,orientation_ring_D0,0.00342,1.0000,1.3688,0.064,0.008
1010,64640,orientation_ring_D0,0.00118,1.0000,0.2804,0.062,0.008
1011,64704,orientation_ring_D0,0.00383,1.0000,1.5450,0.081,0.009
1012,64768,orientation_ring_D0,0.00114,1.0000,0.1397,0.160,0.009
1013,64832,orientation_ring_D0,0.00041,1.0000,0.0160,0.126,0.007
1014,64896,orientation_ring_D0,0.00075,1.0000,0.1131,0.069,0.002
1015,64960,orientation_ring_D0,0.00389,1.0000,1.2888,0.135,0.162
1016,65024,orientation_ring_D0,0.00286,1.0000,0.9058,0.110,0.039
1017,65088,orientation_ring_D0,0.00051,1.0000,0.0270,0.153,0.223
1018,65152,orientation_ring_D0,0.00038,1.0000,0.0151,0.158,0.004
1019,65216,orientation_ring_D0,0.00063,1.0000,0.1513,0.066,0.217
1020,65280,orientation_ring_D0,0.00047,1.0000,0.0336,0.064,0.045
1021,65344,orientation_ring_D0,0.00067,1.0000,0.0426,0.061,0.344
1022,65408,orientation_ring_D0,0.00053,1.0000,0.0295,0.062,0.052
1023,65472,orientation_ring_D0,0.01584,0.9844,3.1394,0.064,0.342
1024,65536,orientation_ring_D0,0.00071,1.0000,0.1052,0.062,0.028
1025,65600,orientation_ring_D0,0.00086,1.0000,0.2038,0.063,0.333
1026,65664,orientation_ring_D0,0.00390,1.0000,0.9891,0.071,0.030
1027,65728,orientation_ring_D0,0.00052,1.0000,0.0522,0.109,0.354
1028,65792,orientation_ring_D0,0.01041,1.0000,1.3557,0.136,0.002
1029,65856,orientation_ring_D0,0.00074,1.0000,0.1728,0.121,0.259
1030,65920,orientation_ring_D0,0.00053,1.0000,0.0527,0.121,0.003
1031,65984,orientation_ring_D0,0.00331,1.0000,0.9133,0.141,0.295
1032,66048,orientation_ring_D0,0.00047,1.0000,0.0243,0.144,0.002
1033,66112,orientation_ring_D0,0.00069,1.0000,0.0539,0.159,0.263
1034,66176,orientation_ring_D0,0.00045,1.0000,0.0666,0.063,0.002
1035,66240,orientation_ring_D0,0.00036,1.0000,0.0189,0.109,0.276
1036,66304,orientation_ring_D0,0.00072,1.0000,0.1971,0.061,0.002
1037,66368,orientation_ring_D0,0.00056,1.0000,0.0620,0.141,0.274
1038,66432,orientation_ring_D0,0.00039,1.0000,0.0316,0.092,0.003
1039,66496,orientation_ring_D0,0.00048,1.0000,0.0285,0.153,0.261
1040,66560,orientation_ring_D0,0.00109,1.0000,0.3113,0.071,0.003
1041,66624,orientation_ring_D0,0.00143,1.0000,0.3731,0.126,0.259
1042,66688,orientation_ring_D0,0.00569,1.0000,1.9373,0.082,0.003
1043,66752,orientation_ring_D0,0.00110,1.0000,0.3086,0.145,0.234
1044,66816,orientation_ring_D0,0.00032,1.0000,0.0133,0.111,0.003
1045,66880,orientation_ring_D0,0.00025,1.0000,0.0119,0.143,0.208
1046,66944,orientation_ring_D0,0.00028,1.0000,0.0093,0.117,0.004
1047,67008,orientation_ring_D0,0.00026,1.0000,0.0159,0.129,0.244
1048,67072,orientation_ring_D0,0.00167,1.0000,0.9076,0.074,0.002
1049,67136,orientation_ring_D0,0.00043,1.0000,0.0741,0.152,0.267
1050,67200,orientation_ring_D0,0.00046,1.0000,0.0427,0.064,0.001
1051,67264,orientation_ring_D0,0.00021,1.0000,0.0061,0.202,0.425
1052,67328,orientation_ring_D0,0.00032,1.0000,0.0269,0.071,0.003
1053,67392,orientation_ring_D0,0.00042,1.0000,0.0394,0.168,0.317
1054,67456,orientation_ring_D0,0.00344,1.0000,1.4063,0.061,0.002
1055,67520,orientation_ring_D0,0.00024,1.0000,0.0092,0.153,0.236
1056,67584,orientation_ring_D0,0.00022,1.0000,0.0066,0.064,0.002
1057,67648,orientation_ring_D0,0.00033,1.0000,0.0158,0.063,0.277
1058,67712,orientation_ring_D0,0.00023,1.0000,0.0096,0.073,0.002
1059,67776,orientation_ring_D0,0.00053,1.0000,0.1377,0.071,0.412
1060,67840,orientation_ring_D0,0.00025,1.0000,0.0110,0.066,0.003
1061,67904,orientation_ring_D0,0.00067,1.0000,0.1863,0.066,0.324
1062,67968,orientation_ring_D0,0.00025,1.0000,0.0078,0.060,0.002
1063,68032,orientation_ring_D0,0.00029,1.0000,0.0129,0.065,0.351
1064,68096,orientation_ring_D0,0.00034,1.0000,0.0264,0.064,0.003
1065,68160,orientation_ring_D0,0.00019,1.0000,0.0047,0.069,0.426
1066,68224,orientation_ring_D0,0.00022,1.0000,0.0077,0.077,0.005
1067,68288,orientation_ring_D0,0.00162,1.0000,0.7665,0.064,0.332
1068,68352,orientation_ring_D0,0.00022,1.0000,0.0062,0.072,0.023
1069,68416,orientation_ring_D0,0.00036,1.0000,0.0543,0.066,0.476
1070,68480,orientation_ring_D0,0.00035,1.0000,0.0268,0.067,0.120
1071,68544,orientation_ring_D0,0.00019,1.0000,0.0048,0.064,0.373
1072,68608,orientation_ring_D0,0.00024,1.0000,0.0080,0.070,0.057
1073,68672,orientation_ring_D0,0.00055,1.0000,0.1216,0.098,0.275
1074,68736,orientation_ring_D0,0.00022,1.0000,0.0129,0.066,0.035
1075,68800,orientation_ring_D0,0.00037,1.0000,0.0551,0.113,0.332
1076,68864,orientation_ring_D0,0.00030,1.0000,0.0145,0.068,0.033
1077,68928,orientation_ring_D0,0.00033,1.0000,0.0254,0.095,0.375
1078,68992,orientation_ring_D0,0.00023,1.0000,0.0077,0.068,0.019
1079,69056,orientation_ring_D0,0.00020,1.0000,0.0066,0.093,0.367
1080,69120,orientation_ring_D0,0.00020,1.0000,0.0086,0.065,0.003
1081,69184,orientation_ring_D0,0.00023,1.0000,0.0089,0.103,0.313
1082,69248,orientation_ring_D0,0.00022,1.0000,0.0062,0.065,0.003
1083,69312,orientation_ring_D0,0.00024,1.0000,0.0086,0.119,0.315
1084,69376,orientation_ring_D0,0.00016,1.0000,0.0041,0.076,0.002
1085,69440,orientation_ring_D0,0.00038,1.0000,0.0719,0.126,0.292
1086,69504,orientation_ring_D0,0.00028,1.0000,0.0188,0.083,0.003
1087,69568,orientation_ring_D0,0.00024,1.0000,0.0110,0.119,0.368
1088,69632,orientation_ring_D0,0.00129,1.0000,0.5193,0.070,0.004
1089,69696,orientation_ring_D0,0.00023,1.0000,0.0193,0.066,0.317
1090,69760,orientation_ring_D0,0.00019,1.0000,0.0054,0.065,0.003
1091,69824,orientation_ring_D0,0.00028,1.0000,0.0248,0.061,0.330
1092,69888,orientation_ring_D0,0.00023,1.0000,0.0096,0.062,0.003
1093,69952,orientation_ring_D0,0.00516,1.0000,1.9272,0.060,0.357
1094,70016,orientation_ring_D0,0.00018,1.0000,0.0044,0.062,0.002
1095,70080,orientation_ring_D0,0.00026,1.0000,0.0209,0.061,0.394
1096,70144,orientation_ring_D0,0.00035,1.0000,0.0306,0.062,0.002
1097,70208,orientation_ring_D0,0.00021,1.0000,0.0085,0.061,0.323
1098,70272,orientation_ring_D0,0.00019,1.0000,0.0113,0.064,0.003
1099,70336,orientation_ring_D0,0.00016,1.0000,0.0037,0.063,0.335
1100,70400,orientation_ring_D0,0.00019,1.0000,0.0068,0.063,0.002
1101,70464,orientation_ring_D0,0.00036,1.0000,0.0397,0.065,0.329
1102,70528,orientation_ring_D0,0.00027,1.0000,0.0270,0.065,0.003
1103,70592,orientation_ring_D0,0.00020,1.0000,0.0077,0.064,0.316
1104,70656,orientation_ring_D0,0.00018,1.0000,0.0073,0.064,0.002
1105,70720,orientation_ring_D0,0.00104,1.0000,0.1680,0.065,0.324
1106,70784,orientation_ring_D0,0.00021,1.0000,0.0205,0.064,0.011
1107,70848,orientation_ring_D0,0.00032,1.0000,0.0562,0.061,0.311
1108,70912,orientation_ring_D0,0.00078,1.0000,0.2671,0.067,0.002
1109,70976,orientation_ring_D0,0.00033,1.0000,0.0394,0.077,0.309
1110,71040,orientation_ring_D0,0.00074,1.0000,0.2701,0.088,0.048
1111,71104,orientation_ring_D0,0.00300,1.0000,0.7502,0.064,0.253
1112,71168,orientation_ring_D0,0.00030,1.0000,0.0276,0.133,0.091
1113,71232,orientation_ring_D0,0.00018,1.0000,0.0060,0.061,0.198
1114,71296,orientation_ring_D0,0.00027,1.0000,0.0289,0.136,0.075
1115,71360,orientation_ring_D0,0.00015,1.0000,0.0033,0.057,0.200
1116,71424,orientation_ring_D0,0.00016,1.0000,0.0054,0.126,0.071
1117,71488,orientation_ring_D0,0.00017,1.0000,0.0093,0.060,0.206
1118,71552,orientation_ring_D0,0.00017,1.0000,0.0049,0.136,0.110
1119,71616,orientation_ring_D0,0.00017,1.0000,0.0055,0.060,0.212
1120,71680,orientation_ring_D0,0.00018,1.0000,0.0050,0.145,0.088
1121,71744,orientation_ring_D0,0.00021,1.0000,0.0110,0.061,0.200
1122,71808,orientation_ring_D0,0.00016,1.0000,0.0048,0.158,0.106
1123,71872,orientation_ring_D0,0.03688,0.9844,9.0067,0.065,0.155
1124,71936,orientation_ring_D0,0.00025,1.0000,0.0361,0.119,0.110
1125,72000,orientation_ring_D0,0.00018,1.0000,0.0081,0.063,0.159
1126,72064,orientation_ring_D0,0.00025,1.0000,0.0186,0.124,0.121
1127,72128,orientation_ring_D0,0.00023,1.0000,0.0288,0.067,0.174
1128,72192,orientation_ring_D0,0.00028,1.0000,0.0379,0.097,0.104
1129,72256,orientation_ring_D0,0.00372,1.0000,1.5553,0.084,0.226
1130,72320,orientation_ring_D0,0.01087,1.0000,4.6150,0.114,0.069
1131,72384,orientation_ring_D0,0.00048,1.0000,0.1092,0.065,0.197
1132,72448,orientation_ring_D0,0.00019,1.0000,0.0108,0.065,0.146
1133,72512,orientation_ring_D0,0.00127,1.0000,0.4273,0.094,0.250
1134,72576,orientation_ring_D0,0.00072,1.0000,0.1522,0.073,0.116
1135,72640,orientation_ring_D0,0.00303,1.0000,1.2658,0.130,0.293
1136,72704,orientation_ring_D0,0.00148,1.0000,0.3816,0.097,0.062
1137,72768,orientation_ring_D0,0.00031,1.0000,0.0381,0.146,0.202
1138,72832,orientation_ring_D0,0.00021,1.0000,0.0104,0.175,0.022
1139,72896,orientation_ring_D0,0.00054,1.0000,0.0981,0.160,0.159
1140,72960,orientation_ring_D0,0.00110,1.0000,0.2852,0.098,0.003
1141,73024,orientation_ring_D0,0.00021,1.0000,0.0084,0.126,0.185
1142,73088,orientation_ring_D0,0.00046,1.0000,0.0367,0.060,0.081
1143,73152,orientation_ring_D0,0.00032,1.0000,0.0186,0.148,0.218
1144,73216,orientation_ring_D0,0.00048,1.0000,0.0323,0.061,0.058
1145,73280,orientation_ring_D0,0.00031,1.0000,0.0163,0.159,0.218
1146,73344,orientation_ring_D0,0.00046,1.0000,0.0367,0.063,0.017
1147,73408,orientation_ring_D0,0.00022,1.0000,0.0098,0.135,0.224
1148,73472,orientation_ring_D0,0.00032,1.0000,0.0292,0.066,0.041
1149,73536,orientation_ring_D0,0.00025,1.0000,0.0101,0.173,0.212
1150,73600,orientation_ring_D0,0.00040,1.0000,0.0491,0.062,0.129
1151,73664,orientation_ring_D0,0.00024,1.0000,0.0083,0.088,0.256
1152,73728,orientation_ring_D0,0.00023,1.0000,0.0086,0.062,0.286
1153,73792,orientation_ring_D0,0.00278,1.0000,0.6505,0.174,0.113
1154,73856,orientation_ring_D0,0.00044,1.0000,0.0611,0.062,0.161
1155,73920,orientation_ring_D0,0.00038,1.0000,0.0479,0.124,0.115
1156,73984,orientation_ring_D0,0.00023,1.0000,0.0109,0.063,0.176
1157,74048,orientation_ring_D0,0.00033,1.0000,0.0259,0.145,0.130
1158,74112,orientation_ring_D0,0.00049,1.0000,0.1444,0.058,0.148
1159,74176,orientation_ring_D0,0.00119,1.0000,0.3521,0.125,0.102
1160,74240,orientation_ring_D0,0.00023,1.0000,0.0091,0.066,0.184
1161,74304,orientation_ring_D0,0.00039,1.0000,0.0377,0.145,0.102
1162,74368,orientation_ring_D0,0.00061,1.0000,0.0949,0.063,0.185
1163,74432,orientation_ring_D0,0.00069,1.0000,0.2900,0.133,0.101
1164,74496,orientation_ring_D0,0.00023,1.0000,0.0117,0.063,0.157
1165,74560,orientation_ring_D0,0.00023,1.0000,0.0116,0.116,0.163
1166,74624,orientation_ring_D0,0.00022,1.0000,0.0197,0.063,0.135
1167,74688,orientation_ring_D0,0.00026,1.0000,0.0078,0.109,0.162
1168,74752,orientation_ring_D0,0.00022,1.0000,0.0076,0.063,0.144
1169,74816,orientation_ring_D0,0.00020,1.0000,0.0190,0.062,0.176
1170,74880,orientation_ring_D0,0.00044,1.0000,0.0579,0.077,0.178
1171,74944,orientation_ring_D0,0.00033,1.0000,0.0537,0.065,0.146
1172,75008,orientation_ring_D0,0.00019,1.0000,0.0053,0.064,0.182
1173,75072,orientation_ring_D0,0.00020,1.0000,0.0096,0.062,0.159
1174,75136,orientation_ring_D0,0.00018,1.0000,0.0049,0.078,0.175
1175,75200,orientation_ring_D0,0.00021,1.0000,0.0094,0.110,0.131
1176,75264,orientation_ring_D0,0.00019,1.0000,0.0055,0.063,0.161
1177,75328,orientation_ring_D0,0.00035,1.0000,0.0284,0.076,0.132
1178,75392,orientation_ring_D0,0.00031,1.0000,0.0427,0.102,0.227
1179,75456,orientation_ring_D0,0.00017,1.0000,0.0064,0.111,0.067
1180,75520,orientation_ring_D0,0.00018,1.0000,0.0076,0.145,0.235
1181,75584,orientation_ring_D0,0.00029,1.0000,0.0462,0.133,0.002
1182,75648,orientation_ring_D0,0.00013,1.0000,0.0026,0.163,0.187
1183,75712,orientation_ring_D0,0.00019,1.0000,0.0098,0.157,0.002
1184,75776,orientation_ring_D0,0.00024,1.0000,0.0362,0.140,0.192
1185,75840,orientation_ring_D0,0.00021,1.0000,0.0149,0.127,0.002
1186,75904,orientation_ring_D0,0.00087,1.0000,0.3677,0.137,0.212
1187,75968,orientation_ring_D0,0.00388,1.0000,1.8628,0.109,0.003
1188,76032,orientation_ring_D0,0.00015,1.0000,0.0051,0.151,0.214
1189,76096,orientation_ring_D0,0.00049,1.0000,0.1291,0.134,0.003
1190,76160,orientation_ring_D0,0.00036,1.0000,0.0547,0.146,0.188
1191,76224,orientation_ring_D0,0.00014,1.0000,0.0034,0.139,0.006
1192,76288,orientation_ring_D0,0.00016,1.0000,0.0063,0.126,0.211
1193,76352,orientation_ring_D0,0.00014,1.0000,0.0031,0.111,0.002
1194,76416,orientation_ring_D0,0.00016,1.0000,0.0246,0.138,0.236
1195,76480,orientation_ring_D0,0.00019,1.0000,0.0242,0.108,0.004
1196,76544,orientation_ring_D0,0.00019,1.0000,0.0137,0.126,0.256
1197,76608,orientation_ring_D0,0.00018,1.0000,0.0113,0.070,0.002
1198,76672,orientation_ring_D0,0.00535,1.0000,2.6166,0.098,0.293
1199,76736,orientation_ring_D0,0.00015,1.0000,0.0092,0.065,0.002
1200,76800,orientation_ring_D0,0.00019,1.0000,0.0135,0.083,0.293
1201,76864,orientation_ring_D0,0.00013,1.0000,0.0027,0.102,0.010
1202,76928,orientation_ring_D0,0.00013,1.0000,0.0039,0.159,0.012
1203,76992,orientation_ring_D0,0.00012,1.0000,0.0025,0.082,0.008
1204,77056,orientation_ring_D0,0.00015,1.0000,0.0052,0.069,0.009
1205,77120,orientation_ring_D0,0.00012,1.0000,0.0037,0.066,0.008
1206,77184,orientation_ring_D0,0.00046,1.0000,0.1570,0.072,0.007
1207,77248,orientation_ring_D0,0.00014,1.0000,0.0039,0.128,0.011
1208,77312,orientation_ring_D0,0.00024,1.0000,0.0390,0.120,0.009
1209,77376,orientation_ring_D0,0.00015,1.0000,0.0046,0.066,0.006
1210,77440,orientation_ring_D0,0.00012,1.0000,0.0026,0.068,0.006
1211,77504,orientation_ring_D0,0.00013,1.0000,0.0051,0.069,0.008
1212,77568,orientation_ring_D0,0.00012,1.0000,0.0035,0.111,0.002
1213,77632,orientation_ring_D0,0.00015,1.0000,0.0086,0.165,0.004
1214,77696,orientation_ring_D0,0.00014,1.0000,0.0056,0.100,0.002
1215,77760,orientation_ring_D0,0.00013,1.0000,0.0047,0.121,0.266
1216,77824,orientation_ring_D0,0.00014,1.0000,0.0054,0.062,0.051
1217,77888,orientation_ring_D0,0.00012,1.0000,0.0050,0.116,0.278
1218,77952,orientation_ring_D0,0.00011,1.0000,0.0021,0.063,0.055
1219,78016,orientation_ring_D0,0.00014,1.0000,0.0070,0.101,0.256
1220,78080,orientation_ring_D0,0.00013,1.0000,0.0038,0.065,0.049
1221,78144,orientation_ring_D0,0.00015,1.0000,0.0050,0.061,0.244
1222,78208,orientation_ring_D0,0.00013,1.0000,0.0080,0.064,0.107
1223,78272,orientation_ring_D0,0.00013,1.0000,0.0051,0.097,0.206
1224,78336,orientation_ring_D0,0.00142,1.0000,0.7113,0.060,0.088
1225,78400,orientation_ring_D0,0.00013,1.0000,0.0041,0.162,0.211
1226,78464,orientation_ring_D0,0.00013,1.0000,0.0049,0.072,0.027
1227,78528,orientation_ring_D0,0.00022,1.0000,0.0336,0.145,0.221
1228,78592,orientation_ring_D0,0.00011,1.0000,0.0023,0.061,0.048
1229,78656,orientation_ring_D0,0.00014,1.0000,0.0118,0.116,0.250
1230,78720,orientation_ring_D0,0.00014,1.0000,0.0060,0.068,0.063
1231,78784,orientation_ring_D0,0.00026,1.0000,0.0241,0.098,0.232
1232,78848,orientation_ring_D0,0.00014,1.0000,0.0051,0.065,0.074
1233,78912,orientation_ring_D0,0.00015,1.0000,0.0081,0.072,0.227
1234,78976,orientation_ring_D0,0.00024,1.0000,0.0126,0.068,0.108
1235,79040,orientation_ring_D0,0.00010,1.0000,0.0018,0.061,0.213
1236,79104,orientation_ring_D0,0.00025,1.0000,0.0499,0.063,0.149
1237,79168,orientation_ring_D0,0.00017,1.0000,0.0281,0.062,0.196
1238,79232,orientation_ring_D0,0.00012,1.0000,0.0032,0.066,0.129
1239,79296,orientation_ring_D0,0.00017,1.0000,0.0105,0.062,0.227
1240,79360,orientation_ring_D0,0.00014,1.0000,0.0055,0.064,0.131
1241,79424,orientation_ring_D0,0.00019,1.0000,0.0378,0.063,0.249
1242,79488,orientation_ring_D0,0.00013,1.0000,0.0050,0.064,0.130
1243,79552,orientation_ring_D0,0.00010,1.0000,0.0028,0.062,0.230
1244,79616,orientation_ring_D0,0.00023,1.0000,0.0407,0.115,0.135
1245,79680,orientation_ring_D0,0.00063,1.0000,0.2897,0.062,0.125
1246,79744,orientation_ring_D0,0.00012,1.0000,0.0033,0.145,0.160
1247,79808,orientation_ring_D0,0.00081,1.0000,0.3463,0.063,0.100
1248,79872,orientation_ring_D0,0.00012,1.0000,0.0053,0.190,0.182
1249,79936,orientation_ring_D0,0.00012,1.0000,0.0026,0.063,0.214
1250,80000,orientation_ring_D0,0.00015,1.0000,0.0161,0.107,0.376
1251,80064,orientation_ring_D0,0.00012,1.0000,0.0045,0.061,0.175
1252,80128,orientation_ring_D0,0.00012,1.0000,0.0042,0.159,0.163
1253,80192,orientation_ring_D0,0.00152,1.0000,0.6789,0.069,0.110
1254,80256,orientation_ring_D0,0.00014,1.0000,0.0093,0.154,0.182
1255,80320,orientation_ring_D0,0.00011,1.0000,0.0025,0.061,0.077
1256,80384,orientation_ring_D0,0.00011,1.0000,0.0022,0.124,0.196
1257,80448,orientation_ring_D0,0.00011,1.0000,0.0020,0.059,0.092
1258,80512,orientation_ring_D0,0.00011,1.0000,0.0032,0.127,0.202
1259,80576,orientation_ring_D0,0.00010,1.0000,0.0019,0.060,0.117
1260,80640,orientation_ring_D0,0.00013,1.0000,0.0097,0.114,0.184
1261,80704,orientation_ring_D0,0.00010,1.0000,0.0025,0.064,0.115
1262,80768,orientation_ring_D0,0.00013,1.0000,0.0097,0.075,0.189
1263,80832,orientation_ring_D0,0.00010,1.0000,0.0017,0.062,0.136
1264,80896,orientation_ring_D0,0.00014,1.0000,0.0078,0.060,0.191
1265,80960,orientation_ring_D0,0.00012,1.0000,0.0050,0.065,0.148
1266,81024,orientation_ring_D0,0.00010,1.0000,0.0019,0.065,0.201
1267,81088,orientation_ring_D0,0.00014,1.0000,0.0157,0.074,0.145
1268,81152,orientation_ring_D0,0.00010,1.0000,0.0018,0.061,0.162
1269,81216,orientation_ring_D0,0.00009,1.0000,0.0018,0.102,0.179
1270,81280,orientation_ring_D0,0.00008,1.0000,0.0014,0.071,0.119
1271,81344,orientation_ring_D0,0.00011,1.0000,0.0039,0.122,0.207
1272,81408,orientation_ring_D0,0.00011,1.0000,0.0024,0.063,0.100
1273,81472,orientation_ring_D0,0.00018,1.0000,0.0378,0.120,0.204
1274,81536,orientation_ring_D0,0.00009,1.0000,0.0018,0.065,0.087
1275,81600,orientation_ring_D0,0.00017,1.0000,0.0139,0.140,0.213
1276,81664,orientation_ring_D0,0.00011,1.0000,0.0022,0.062,0.089
1277,81728,orientation_ring_D0,0.00010,1.0000,0.0028,0.143,0.209
1278,81792,orientation_ring_D0,0.00021,1.0000,0.0250,0.064,0.051
1279,81856,orientation_ring_D0,0.00009,1.0000,0.0015,0.064,0.245
1280,81920,orientation_ring_D0,0.00012,1.0000,0.0045,0.064,0.108
1281,81984,orientation_ring_D0,0.00011,1.0000,0.0073,0.095,0.207
1282,82048,orientation_ring_D0,0.00011,1.0000,0.0035,0.060,0.076
1283,82112,orientation_ring_D0,0.00010,1.0000,0.0028,0.149,0.217
1284,82176,orientation_ring_D0,0.00010,1.0000,0.0027,0.060,0.052
1285,82240,orientation_ring_D0,0.00012,1.0000,0.0032,0.120,0.208
1286,82304,orientation_ring_D0,0.00010,1.0000,0.0026,0.067,0.091
1287,82368,orientation_ring_D0,0.00010,1.0000,0.0019,0.130,0.199
1288,82432,orientation_ring_D0,0.00010,1.0000,0.0032,0.061,0.087
1289,82496,orientation_ring_D0,0.00014,1.0000,0.0103,0.155,0.184
1290,82560,orientation_ring_D0,0.00011,1.0000,0.0031,0.061,0.079
1291,82624,orientation_ring_D0,0.00012,1.0000,0.0054,0.135,0.169
1292,82688,orientation_ring_D0,0.00114,1.0000,0.5672,0.062,0.116
1293,82752,orientation_ring_D0,0.00010,1.0000,0.0026,0.121,0.177
1294,82816,orientation_ring_D0,0.00026,1.0000,0.0675,0.062,0.121
1295,82880,orientation_ring_D0,0.00010,1.0000,0.0022,0.108,0.167
1296,82944,orientation_ring_D0,0.00011,1.0000,0.0027,0.066,0.160
1297,83008,orientation_ring_D0,0.00012,1.0000,0.0081,0.076,0.153
1298,83072,orientation_ring_D0,0.00011,1.0000,0.0052,0.068,0.168
1299,83136,orientation_ring_D0,0.00020,1.0000,0.0518,0.061,0.170
1300,83200,orientation_ring_D0,0.04670,0.9844,6.9796,0.068,0.187
1301,83264,orientation_ring_D0,0.00009,1.0000,0.0018,0.062,0.156
1302,83328,orientation_ring_D0,0.00011,1.0000,0.0024,0.153,0.198
1303,83392,orientation_ring_D0,0.00032,1.0000,0.1101,0.114,0.039
1304,83456,orientation_ring_D0,0.00036,1.0000,0.1029,0.121,0.186
1305,83520,orientation_ring_D0,0.00015,1.0000,0.0108,0.064,0.088
1306,83584,orientation_ring_D0,0.00097,1.0000,0.6068,0.141,0.206
1307,83648,orientation_ring_D0,0.00015,1.0000,0.0086,0.060,0.076
1308,83712,orientation_ring_D0,0.00186,1.0000,0.4640,0.159,0.208
1309,83776,orientation_ring_D0,0.00251,1.0000,1.0000,0.060,0.054
1310,83840,orientation_ring_D0,0.00141,1.0000,0.3220,0.107,0.193
1311,83904,orientation_ring_D0,0.00071,1.0000,0.3111,0.072,0.080
1312,83968,orientation_ring_D0,0.00046,1.0000,0.1362,0.110,0.202
1313,84032,orientation_ring_D0,0.00020,1.0000,0.0135,0.063,0.098
1314,84096,orientation_ring_D0,0.00028,1.0000,0.0585,0.061,0.225
1315,84160,orientation_ring_D0,0.00102,1.0000,0.4664,0.060,0.130
1316,84224,orientation_ring_D0,0.00021,1.0000,0.0223,0.072,0.209
1317,84288,orientation_ring_D0,0.03185,0.9844,7.4774,0.065,0.176
1318,84352,orientation_ring_D0,0.00013,1.0000,0.0067,0.062,0.208
1319,84416,orientation_ring_D0,0.00012,1.0000,0.0057,0.063,0.137
1320,84480,orientation_ring_D0,0.00016,1.0000,0.0175,0.074,0.194
1321,84544,orientation_ring_D0,0.00012,1.0000,0.0107,0.061,0.149
1322,84608,orientation_ring_D0,0.00079,1.0000,0.3467,0.112,0.164
1323,84672,orientation_ring_D0,0.05314,0.9844,8.9693,0.060,0.122
1324,84736,orientation_ring_D0,0.00020,1.0000,0.0264,0.175,0.152
1325,84800,orientation_ring_D0,0.00179,1.0000,0.7493,0.071,0.093
1326,84864,orientation_ring_D0,0.00071,1.0000,0.2170,0.091,0.136
1327,84928,orientation_ring_D0,0.00023,1.0000,0.0225,0.067,0.195
1328,84992,orientation_ring_D0,0.00013,1.0000,0.0045,0.102,0.104
1329,85056,orientation_ring_D0,0.00036,1.0000,0.0485,0.092,0.195
1330,85120,orientation_ring_D0,0.00088,1.0000,0.2305,0.108,0.066
1331,85184,orientation_ring_D0,0.00029,1.0000,0.0189,0.131,0.227
1332,85248,orientation_ring_D0,0.00192,1.0000,0.4195,0.124,0.003
1333,85312,orientation_ring_D0,0.00308,1.0000,0.8965,0.123,0.295
1334,85376,orientation_ring_D0,0.00574,1.0000,1.6528,0.108,0.003
1335,85440,orientation_ring_D0,0.05419,0.9844,7.7918,0.124,0.361
1336,85504,orientation_ring_D0,0.00150,1.0000,0.3755,0.065,0.002
1337,85568,orientation_ring_D0,0.00076,1.0000,0.1059,0.133,0.371
1338,85632,orientation_ring_D0,0.00032,1.0000,0.0162,0.064,0.003
1339,85696,orientation_ring_D0,0.00044,1.0000,0.0412,0.132,0.340
1340,85760,orientation_ring_D0,0.00032,1.0000,0.0179,0.059,0.002
1341,85824,orientation_ring_D0,0.00171,1.0000,0.2716,0.153,0.296
1342,85888,orientation_ring_D0,0.00141,1.0000,0.1969,0.069,0.005
1343,85952,orientation_ring_D0,0.00032,1.0000,0.0194,0.179,0.384
1344,86016,orientation_ring_D0,0.00063,1.0000,0.1054,0.078,0.003
1345,86080,orientation_ring_D0,0.00335,1.0000,0.7971,0.123,0.488
1346,86144,orientation_ring_D0,0.00216,1.0000,0.4788,0.109,0.002
1347,86208,orientation_ring_D0,0.00261,1.0000,0.4777,0.072,0.501
1348,86272,orientation_ring_D0,0.00029,1.0000,0.0246,0.124,0.002
1349,86336,orientation_ring_D0,0.01935,0.9844,5.6213,0.109,0.480
1350,86400,orientation_ring_D0,0.00133,1.0000,0.3481,0.066,0.003
1351,86464,orientation_ring_D0,0.00023,1.0000,0.0125,0.110,0.319
1352,86528,orientation_ring_D0,0.00090,1.0000,0.1823,0.064,0.003
1353,86592,orientation_ring_D0,0.00024,1.0000,0.0133,0.078,0.334
1354,86656,orientation_ring_D0,0.00097,1.0000,0.1858,0.060,0.003
1355,86720,orientation_ring_D0,0.01751,0.9844,4.7975,0.062,0.324
1356,86784,orientation_ring_D0,0.01029,1.0000,3.7319,0.061,0.003
1357,86848,orientation_ring_D0,0.00038,1.0000,0.0552,0.064,0.348
1358,86912,orientation_ring_D0,0.00079,1.0000,0.2136,0.066,0.002
1359,86976,orientation_ring_D0,0.00627,1.0000,2.5447,0.062,0.348
1360,87040,orientation_ring_D0,0.00042,1.0000,0.0427,0.064,0.003
1361,87104,orientation_ring_D0,0.00014,1.0000,0.0048,0.065,0.330
1362,87168,orientation_ring_D0,0.00094,1.0000,0.2137,0.072,0.002
1363,87232,orientation_ring_D0,0.00087,1.0000,0.2576,0.074,0.384
1364,87296,orientation_ring_D0,0.00017,1.0000,0.0108,0.064,0.003
1365,87360,orientation_ring_D0,0.00361,1.0000,1.3432,0.068,0.362
1366,87424,orientation_ring_D0,0.00285,1.0000,1.0541,0.066,0.002
1367,87488,orientation_ring_D0,0.00359,1.0000,1.4787,0.061,0.324
1368,87552,orientation_ring_D0,0.00012,1.0000,0.0031,0.061,0.003
1369,87616,orientation_ring_D0,0.00018,1.0000,0.0162,0.064,0.331
1370,87680,orientation_ring_D0,0.00033,1.0000,0.0766,0.070,0.003
1371,87744,orientation_ring_D0,0.00214,1.0000,0.7006,0.070,0.315
1372,87808,orientation_ring_D0,0.00021,1.0000,0.0198,0.062,0.022
1373,87872,orientation_ring_D0,0.00014,1.0000,0.0053,0.061,0.380
1374,87936,orientation_ring_D0,0.00014,1.0000,0.0057,0.060,0.066
1375,88000,orientation_ring_D0,0.00014,1.0000,0.0069,0.064,0.299
1376,88064,orientation_ring_D0,0.00018,1.0000,0.0178,0.062,0.043
1377,88128,orientation_ring_D0,0.00113,1.0000,0.6776,0.062,0.310
1378,88192,orientation_ring_D0,0.00011,1.0000,0.0062,0.083,0.031
1379,88256,orientation_ring_D0,0.00025,1.0000,0.0417,0.062,0.300
1380,88320,orientation_ring_D0,0.00089,1.0000,0.3570,0.063,0.019
1381,88384,orientation_ring_D0,0.00109,1.0000,0.4113,0.061,0.318
1382,88448,orientation_ring_D0,0.00116,1.0000,0.4454,0.063,0.002
1383,88512,orientation_ring_D0,0.00011,1.0000,0.0033,0.062,0.348
1384,88576,orientation_ring_D0,0.00059,1.0000,0.2170,0.071,0.003
1385,88640,orientation_ring_D0,0.00020,1.0000,0.0281,0.061,0.329
1386,88704,orientation_ring_D0,0.00018,1.0000,0.0235,0.079,0.002
1387,88768,orientation_ring_D0,0.00009,1.0000,0.0021,0.074,0.348
1388,88832,orientation_ring_D0,0.00010,1.0000,0.0028,0.126,0.003
1389,88896,orientation_ring_D0,0.06121,0.9844,6.9876,0.067,0.251
1390,88960,orientation_ring_D0,0.00015,1.0000,0.0198,0.142,0.005
1391,89024,orientation_ring_D0,0.05959,0.9844,6.9009,0.107,0.297
1392,89088,orientation_ring_D0,0.00040,1.0000,0.1095,0.146,0.003
1393,89152,orientation_ring_D0,0.00014,1.0000,0.0133,0.168,0.252
1394,89216,orientation_ring_D0,0.00019,1.0000,0.0311,0.166,0.003
1395,89280,orientation_ring_D0,0.00025,1.0000,0.0761,0.150,0.175
1396,89344,orientation_ring_D0,0.00016,1.0000,0.0259,0.137,0.003
1397,89408,orientation_ring_D0,0.00022,1.0000,0.0219,0.077,0.198
1398,89472,orientation_ring_D0,0.00023,1.0000,0.0171,0.137,0.003
1399,89536,orientation_ring_D0,0.00114,1.0000,0.2506,0.155,0.266
1400,89600,orientation_ring_D0,0.00019,1.0000,0.0221,0.115,0.003
1401,89664,orientation_ring_D0,0.00025,1.0000,0.0403,0.116,0.011
1402,89728,orientation_ring_D0,0.01493,0.9844,4.8645,0.067,0.006
1403,89792,orientation_ring_D0,0.00029,1.0000,0.0554,0.072,0.010
1404,89856,orientation_ring_D0,0.00263,1.0000,0.8117,0.075,0.009
1405,89920,orientation_ring_D0,0.00274,1.0000,0.7651,0.136,0.008
1406,89984,orientation_ring_D0,0.01241,1.0000,2.6574,0.119,0.008
1407,90048,orientation_ring_D0,0.00323,1.0000,0.5630,0.068,0.009
1408,90112,orientation_ring_D0,0.00060,1.0000,0.0908,0.065,0.006
1409,90176,orientation_ring_D0,0.00496,1.0000,1.8505,0.116,0.008
1410,90240,orientation_ring_D0,0.00052,1.0000,0.0753,0.129,0.009
1411,90304,orientation_ring_D0,0.00052,1.0000,0.0896,0.075,0.010
1412,90368,orientation_ring_D0,0.00104,1.0000,0.1188,0.067,0.010
1413,90432,orientation_ring_D0,0.00117,1.0000,0.1905,0.063,0.008
1414,90496,orientation_ring_D0,0.00076,1.0000,0.0904,0.065,0.002
1415,90560,orientation_ring_D0,0.00072,1.0000,0.2588,0.065,0.214
1416,90624,orientation_ring_D0,0.00024,1.0000,0.0198,0.064,0.075
1417,90688,orientation_ring_D0,0.00028,1.0000,0.0193,0.060,0.271
1418,90752,orientation_ring_D0,0.00033,1.0000,0.0444,0.071,0.095
1419,90816,orientation_ring_D0,0.00479,1.0000,2.1056,0.062,0.257
1420,90880,orientation_ring_D0,0.00093,1.0000,0.2690,0.065,0.093
1421,90944,orientation_ring_D0,0.00015,1.0000,0.0069,0.064,0.243
1422,91008,orientation_ring_D0,0.00034,1.0000,0.0402,0.072,0.140
1423,91072,orientation_ring_D0,0.00124,1.0000,0.3057,0.063,0.248
1424,91136,orientation_ring_D0,0.00075,1.0000,0.2455,0.062,0.107
1425,91200,orientation_ring_D0,0.01199,0.9844,4.3000,0.061,0.209
1426,91264,orientation_ring_D0,0.00409,1.0000,1.3239,0.086,0.126
1427,91328,orientation_ring_D0,0.00015,1.0000,0.0060,0.060,0.183
1428,91392,orientation_ring_D0,0.00016,1.0000,0.0103,0.121,0.165
1429,91456,orientation_ring_D0,0.00014,1.0000,0.0047,0.062,0.113
1430,91520,orientation_ring_D0,0.00016,1.0000,0.0276,0.123,0.210
1431,91584,orientation_ring_D0,0.00010,1.0000,0.0029,0.060,0.085
1432,91648,orientation_ring_D0,0.00031,1.0000,0.0716,0.155,0.203
1433,91712,orientation_ring_D0,0.00015,1.0000,0.0066,0.060,0.043
1434,91776,orientation_ring_D0,0.00010,1.0000,0.0024,0.129,0.206
1435,91840,orientation_ring_D0,0.00032,1.0000,0.0938,0.063,0.084
1436,91904,orientation_ring_D0,0.00034,1.0000,0.0647,0.155,0.196
1437,91968,orientation_ring_D0,0.00016,1.0000,0.0106,0.060,0.081
1438,92032,orientation_ring_D0,0.00014,1.0000,0.0111,0.173,0.207
1439,92096,orientation_ring_D0,0.00020,1.0000,0.0193,0.061,0.037
1440,92160,orientation_ring_D0,0.00011,1.0000,0.0102,0.164,0.197
1441,92224,orientation_ring_D0,0.00011,1.0000,0.0031,0.062,0.072
1442,92288,orientation_ring_D0,0.00014,1.0000,0.0050,0.113,0.187
1443,92352,orientation_ring_D0,0.00009,1.0000,0.0019,0.067,0.090
1444,92416,orientation_ring_D0,0.00300,1.0000,1.2822,0.128,0.177
1445,92480,orientation_ring_D0,0.00010,1.0000,0.0032,0.061,0.097
1446,92544,orientation_ring_D0,0.00011,1.0000,0.0046,0.128,0.183
1447,92608,orientation_ring_D0,0.00010,1.0000,0.0037,0.063,0.152
1448,92672,orientation_ring_D0,0.00011,1.0000,0.0040,0.076,0.498
1449,92736,orientation_ring_D0,0.00010,1.0000,0.0023,0.060,0.085
1450,92800,orientation_ring_D0,0.00011,1.0000,0.0045,0.064,0.225
1451,92864,orientation_ring_D0,0.00010,1.0000,0.0028,0.063,0.119
1452,92928,orientation_ring_D0,0.00045,1.0000,0.1953,0.076,0.196
1453,92992,orientation_ring_D0,0.00202,1.0000,1.2458,0.065,0.150
1454,93056,orientation_ring_D0,0.00010,1.0000,0.0034,0.061,0.168
1455,93120,orientation_ring_D0,0.00011,1.0000,0.0033,0.064,0.174
1456,93184,orientation_ring_D0,0.00010,1.0000,0.0031,0.064,0.187
1457,93248,orientation_ring_D0,0.00010,1.0000,0.0042,0.073,0.197
1458,93312,orientation_ring_D0,0.00011,1.0000,0.0057,0.065,0.189
1459,93376,orientation_ring_D0,0.00017,1.0000,0.0263,0.065,0.216
1460,93440,orientation_ring_D0,0.00010,1.0000,0.0023,0.063,0.234
1461,93504,orientation_ring_D0,0.00011,1.0000,0.0054,0.117,0.212
1462,93568,orientation_ring_D0,0.00009,1.0000,0.0017,0.069,0.114
1463,93632,orientation_ring_D0,0.00013,1.0000,0.0123,0.169,0.201
1464,93696,orientation_ring_D0,0.00011,1.0000,0.0040,0.064,0.065
1465,93760,orientation_ring_D0,0.00011,1.0000,0.0030,0.125,0.236
1466,93824,orientation_ring_D0,0.00015,1.0000,0.0176,0.075,0.142
1467,93888,orientation_ring_D0,0.00009,1.0000,0.0020,0.125,0.201
1468,93952,orientation_ring_D0,0.00009,1.0000,0.0021,0.064,0.088
1469,94016,orientation_ring_D0,0.00010,1.0000,0.0035,0.145,0.187
1470,94080,orientation_ring_D0,0.00470,1.0000,2.0418,0.063,0.115
1471,94144,orientation_ring_D0,0.00008,1.0000,0.0018,0.164,0.178
1472,94208,orientation_ring_D0,0.00013,1.0000,0.0126,0.068,0.077
1473,94272,orientation_ring_D0,0.00010,1.0000,0.0029,0.073,0.422
1474,94336,orientation_ring_D0,0.00011,1.0000,0.0053,0.072,0.203
1475,94400,orientation_ring_D0,0.00091,1.0000,0.5455,0.065,0.309
1476,94464,orientation_ring_D0,0.00008,1.0000,0.0016,0.065,0.118
1477,94528,orientation_ring_D0,0.00013,1.0000,0.0076,0.059,0.265
1478,94592,orientation_ring_D0,0.00013,1.0000,0.0108,0.070,0.114
1479,94656,orientation_ring_D0,0.00046,1.0000,0.0661,0.064,0.253
1480,94720,orientation_ring_D0,0.00014,1.0000,0.0162,0.062,0.115
1481,94784,orientation_ring_D0,0.00012,1.0000,0.0078,0.060,0.299
1482,94848,orientation_ring_D0,0.00010,1.0000,0.0031,0.065,0.081
1483,94912,orientation_ring_D0,0.00023,1.0000,0.0335,0.061,0.263
1484,94976,orientation_ring_D0,0.00022,1.0000,0.0359,0.065,0.096
1485,95040,orientation_ring_D0,0.00046,1.0000,0.1491,0.062,0.263
1486,95104,orientation_ring_D0,0.00012,1.0000,0.0101,0.118,0.105
1487,95168,orientation_ring_D0,0.00009,1.0000,0.0022,0.062,0.197
1488,95232,orientation_ring_D0,0.00009,1.0000,0.0022,0.120,0.069
1489,95296,orientation_ring_D0,0.00013,1.0000,0.0087,0.063,0.232
1490,95360,orientation_ring_D0,0.00015,1.0000,0.0092,0.161,0.069
1491,95424,orientation_ring_D0,0.00008,1.0000,0.0019,0.064,0.183
1492,95488,orientation_ring_D0,0.00010,1.0000,0.0028,0.159,0.074
1493,95552,orientation_ring_D0,0.00014,1.0000,0.0130,0.071,0.185
1494,95616,orientation_ring_D0,0.00012,1.0000,0.0187,0.166,0.062
1495,95680,orientation_ring_D0,0.00008,1.0000,0.0022,0.063,0.172
1496,95744,orientation_ring_D0,0.00010,1.0000,0.0042,0.133,0.071
1497,95808,orientation_ring_D0,0.00010,1.0000,0.0061,0.067,0.216
1498,95872,orientation_ring_D0,0.00008,1.0000,0.0024,0.124,0.053
1499,95936,orientation_ring_D0,0.00014,1.0000,0.0147,0.068,0.234
1500,96000,orientation_ring_D0,0.00008,1.0000,0.0018,0.134,0.069
1501,96064,orientation_ring_D0,0.00014,1.0000,0.0171,0.079,0.232
1502,96128,orientation_ring_D0,0.00012,1.0000,0.0052,0.140,0.027
1503,96192,orientation_ring_D0,0.00027,1.0000,0.0251,0.124,0.239
1504,96256,orientation_ring_D0,0.00010,1.0000,0.0043,0.131,0.002
1505,96320,orientation_ring_D0,0.00007,1.0000,0.0012,0.070,0.263
1506,96384,orientation_ring_D0,0.00011,1.0000,0.0053,0.071,0.035
1507,96448,orientation_ring_D0,0.00012,1.0000,0.0169,0.066,0.341
1508,96512,orientation_ring_D0,0.00128,1.0000,0.5734,0.064,0.044
1509,96576,orientation_ring_D0,0.00010,1.0000,0.0043,0.064,0.396
1510,96640,orientation_ring_D0,0.00012,1.0000,0.0077,0.074,0.041
1511,96704,orientation_ring_D0,0.00008,1.0000,0.0017,0.065,0.414
1512,96768,orientation_ring_D0,0.00010,1.0000,0.0036,0.057,0.007
1513,96832,orientation_ring_D0,0.00007,1.0000,0.0014,0.124,0.358
1514,96896,orientation_ring_D0,0.00012,1.0000,0.0057,0.164,0.003
1515,96960,orientation_ring_D0,0.00007,1.0000,0.0013,0.137,0.210
1516,97024,orientation_ring_D0,0.00008,1.0000,0.0016,0.138,0.002
1517,97088,orientation_ring_D0,0.00009,1.0000,0.0066,0.141,0.284
1518,97152,orientation_ring_D0,0.00008,1.0000,0.0019,0.109,0.006
1519,97216,orientation_ring_D0,0.00030,1.0000,0.1000,0.068,0.288
1520,97280,orientation_ring_D0,0.00022,1.0000,0.0475,0.133,0.026
1521,97344,orientation_ring_D0,0.00008,1.0000,0.0025,0.065,0.236
1522,97408,orientation_ring_D0,0.00011,1.0000,0.0048,0.119,0.034
1523,97472,orientation_ring_D0,0.00012,1.0000,0.0084,0.078,0.243
1524,97536,orientation_ring_D0,0.00007,1.0000,0.0019,0.109,0.017
1525,97600,orientation_ring_D0,0.00010,1.0000,0.0045,0.065,0.242
1526,97664,orientation_ring_D0,0.00015,1.0000,0.0110,0.060,0.072
1527,97728,orientation_ring_D0,0.00018,1.0000,0.0338,0.125,0.290
1528,97792,orientation_ring_D0,0.00008,1.0000,0.0022,0.065,0.011
1529,97856,orientation_ring_D0,0.00009,1.0000,0.0031,0.161,0.261
1530,97920,orientation_ring_D0,0.00016,1.0000,0.0258,0.063,0.004
1531,97984,orientation_ring_D0,0.00008,1.0000,0.0019,0.142,0.237
1532,98048,orientation_ring_D0,0.00058,1.0000,0.1443,0.061,0.014
1533,98112,orientation_ring_D0,0.00008,1.0000,0.0032,0.134,0.280
1534,98176,orientation_ring_D0,0.00007,1.0000,0.0018,0.063,0.002
1535,98240,orientation_ring_D0,0.00008,1.0000,0.0019,0.120,0.285
1536,98304,orientation_ring_D0,0.00008,1.0000,0.0021,0.062,0.017
1537,98368,orientation_ring_D0,0.00008,1.0000,0.0035,0.061,0.283
1538,98432,orientation_ring_D0,0.00009,1.0000,0.0044,0.060,0.063
1539,98496,orientation_ring_D0,0.00008,1.0000,0.0017,0.063,0.271
1540,98560,orientation_ring_D0,0.00009,1.0000,0.0039,0.062,0.065
1541,98624,orientation_ring_D0,0.00010,1.0000,0.0036,0.070,0.285
1542,98688,orientation_ring_D0,0.00017,1.0000,0.0396,0.061,0.051
1543,98752,orientation_ring_D0,0.00008,1.0000,0.0026,0.065,0.291
1544,98816,orientation_ring_D0,0.00011,1.0000,0.0084,0.062,0.147
1545,98880,orientation_ring_D0,0.00011,1.0000,0.0090,0.062,0.468
1546,98944,orientation_ring_D0,0.00007,1.0000,0.0022,0.060,0.067
1547,99008,orientation_ring_D0,0.00010,1.0000,0.0089,0.065,0.283
1548,99072,orientation_ring_D0,0.00010,1.0000,0.0049,0.061,0.034
1549,99136,orientation_ring_D0,0.00010,1.0000,0.0102,0.067,0.310
1550,99200,orientation_ring_D0,0.00011,1.0000,0.0088,0.064,0.012
1551,99264,orientation_ring_D0,0.00008,1.0000,0.0019,0.061,0.312
1552,99328,orientation_ring_D0,0.00007,1.0000,0.0014,0.068,0.022
1553,99392,orientation_ring_D0,0.00007,1.0000,0.0015,0.082,0.366
1554,99456,orientation_ring_D0,0.00010,1.0000,0.0069,0.062,0.004
1555,99520,orientation_ring_D0,0.00008,1.0000,0.0030,0.068,0.347
1556,99584,orientation_ring_D0,0.00022,1.0000,0.0272,0.065,0.003
1557,99648,orientation_ring_D0,0.00008,1.0000,0.0021,0.062,0.341
1558,99712,orientation_ring_D0,0.00008,1.0000,0.0031,0.075,0.003
1559,99776,orientation_ring_D0,0.00018,1.0000,0.0300,0.066,0.334
1560,99840,orientation_ring_D0,0.00010,1.0000,0.0104,0.133,0.002
1561,99904,orientation_ring_D0,0.00008,1.0000,0.0046,0.081,0.254
1562,99968,orientation_ring_D0,0.00007,1.0000,0.0019,0.143,0.003
1563,100032,orientation_ring_D0,0.00008,1.0000,0.0018,0.107,0.291
