update,episodes,cell,loss,accuracy,grad_norm,seconds,wait_seconds
1,64,orientation_cued_D0,0.01138,1.0000,5.0245,1.315,1.319
2,128,orientation_cued_D2,2.15289,0.5000,153.5351,0.206,0.005
3,192,orientation_cued_D1,0.65313,0.7969,44.1731,0.214,0.006
4,256,orientation_cued_D0,0.00218,1.0000,1.1712,0.040,0.006
5,320,orientation_cued_D1,0.78676,0.7188,29.6710,0.042,0.004
6,384,orientation_cued_D2,3.20912,0.5000,88.0078,0.045,0.007
7,448,orientation_cued_D0,0.03167,0.9844,12.2637,0.040,0.012
8,512,orientation_cued_D1,0.59727,0.8281,30.6627,0.045,0.007
9,576,orientation_cued_D2,2.54259,0.5000,54.0212,0.052,0.009
10,640,orientation_cued_D1,0.66992,0.7188,33.1662,0.035,0.010
11,704,orientation_cued_D0,0.01384,0.9844,5.4093,0.043,0.014
12,768,orientation_cued_D2,1.48268,0.4531,51.5328,0.063,0.009
13,832,orientation_cued_D1,0.23675,0.9219,26.7971,0.040,0.033
14,896,orientation_cued_D0,0.00740,1.0000,2.0191,0.036,0.007
15,960,orientation_cued_D2,0.69101,0.6406,11.3371,0.036,0.005
16,1024,orientation_cued_D1,0.43395,0.8125,26.0902,0.043,0.008
17,1088,orientation_cued_D0,0.00944,1.0000,2.8944,0.034,0.005
18,1152,orientation_cued_D2,0.93466,0.5625,22.2808,0.045,0.005
19,1216,orientation_cued_D0,0.06423,0.9688,11.5375,0.041,0.007
20,1280,orientation_cued_D1,0.14358,0.9531,15.6996,0.037,0.008
21,1344,orientation_cued_D2,0.85448,0.5156,17.1425,0.047,0.007
22,1408,orientation_cued_D0,0.01582,0.9844,4.5330,0.040,0.007
23,1472,orientation_cued_D1,0.19521,0.9062,9.9181,0.036,0.007
24,1536,orientation_cued_D2,0.72183,0.5781,7.1885,0.061,0.003
25,1600,orientation_cued_D0,0.05443,0.9688,8.0111,0.034,0.013
26,1664,orientation_cued_D1,0.26372,0.8906,10.7028,0.031,0.003
27,1728,orientation_cued_D2,0.74314,0.6094,8.7880,0.045,0.019
28,1792,orientation_cued_D0,0.00950,1.0000,1.8302,0.039,0.023
29,1856,orientation_cued_D1,0.18515,0.9219,8.4088,0.041,0.068
30,1920,orientation_cued_D2,0.69192,0.5469,7.7532,0.056,0.003
31,1984,orientation_cued_D0,0.08782,0.9688,10.7045,0.046,0.014
32,2048,orientation_cued_D1,0.14193,0.9531,7.1501,0.045,0.059
33,2112,orientation_cued_D2,0.69993,0.5469,4.1281,0.043,0.003
34,2176,orientation_cued_D0,0.03793,0.9688,5.8778,0.040,0.003
35,2240,orientation_cued_D1,0.32144,0.8438,13.9898,0.048,0.063
36,2304,orientation_cued_D2,0.76727,0.5469,6.9491,0.057,0.004
37,2368,orientation_cued_D0,0.03114,0.9844,5.1386,0.044,0.004
38,2432,orientation_cued_D2,0.71335,0.5312,8.8110,0.039,0.041
39,2496,orientation_cued_D1,0.18528,0.9219,7.6387,0.044,0.003
40,2560,orientation_cued_D0,0.00452,1.0000,0.7440,0.042,0.011
41,2624,orientation_cued_D2,0.77083,0.4844,8.7980,0.053,0.057
42,2688,orientation_cued_D1,0.10842,0.9844,7.4440,0.047,0.005
43,2752,orientation_cued_D0,0.02640,1.0000,3.9184,0.040,0.003
44,2816,orientation_cued_D2,0.74329,0.4688,5.5832,0.054,0.092
45,2880,orientation_cued_D1,0.16022,0.9531,6.5818,0.044,0.003
46,2944,orientation_cued_D0,0.01284,1.0000,2.6564,0.042,0.003
47,3008,orientation_cued_D2,0.70142,0.5312,5.1563,0.050,0.052
48,3072,orientation_cued_D1,0.18053,0.9375,9.9962,0.024,0.003
49,3136,orientation_cued_D0,0.01307,1.0000,2.4347,0.024,0.006
50,3200,orientation_cued_D2,0.74923,0.3906,7.6973,0.059,0.098
51,3264,orientation_cued_D1,0.14427,0.9688,6.8149,0.049,0.005
52,3328,orientation_cued_D0,0.00543,1.0000,0.8946,0.046,0.004
53,3392,orientation_cued_D2,0.70906,0.6094,5.9031,0.052,0.047
54,3456,orientation_cued_D1,0.17452,0.8906,8.7272,0.047,0.005
55,3520,orientation_cued_D0,0.04642,0.9844,7.8884,0.043,0.004
56,3584,orientation_cued_D2,0.70848,0.5781,4.0387,0.053,0.067
57,3648,orientation_cued_D1,0.07564,1.0000,4.9054,0.044,0.003
58,3712,orientation_cued_D0,0.01010,1.0000,2.1101,0.040,0.003
59,3776,orientation_cued_D2,0.71848,0.5156,5.6654,0.050,0.058
60,3840,orientation_cued_D0,0.04095,0.9844,7.3789,0.042,0.003
61,3904,orientation_cued_D1,0.13700,0.9688,9.5178,0.045,0.002
62,3968,orientation_cued_D2,0.70658,0.5312,5.7076,0.058,0.046
63,4032,orientation_cued_D0,0.00775,1.0000,1.6413,0.043,0.004
64,4096,orientation_cued_D1,0.07067,1.0000,3.6889,0.052,0.025
65,4160,orientation_cued_D0,0.01052,1.0000,3.2073,0.058,0.044
66,4224,orientation_cued_D2,0.70158,0.4844,5.5279,0.071,0.007
67,4288,orientation_cued_D1,0.10826,0.9688,5.3595,0.041,0.099
68,4352,orientation_cued_D0,0.00197,1.0000,0.2056,0.037,0.004
69,4416,orientation_cued_D2,0.76232,0.4844,5.8864,0.053,0.004
70,4480,orientation_cued_D1,0.06639,0.9844,4.6770,0.042,0.145
71,4544,orientation_cued_D0,0.01495,1.0000,2.2563,0.044,0.003
72,4608,orientation_cued_D2,0.73137,0.4688,4.2034,0.054,0.002
73,4672,orientation_cued_D0,0.00916,1.0000,1.6638,0.040,0.085
74,4736,orientation_cued_D2,0.70669,0.5781,3.5181,0.049,0.002
75,4800,orientation_cued_D1,0.09449,0.9688,5.6319,0.042,0.003
76,4864,orientation_cued_D0,0.00185,1.0000,0.1971,0.022,0.025
77,4928,orientation_cued_D2,0.72718,0.4844,4.3861,0.037,0.041
78,4992,orientation_cued_D1,0.08676,0.9844,6.9677,0.037,0.045
79,5056,orientation_cued_D0,0.01084,1.0000,2.4903,0.043,0.026
80,5120,orientation_cued_D2,0.73233,0.4375,4.8305,0.045,0.024
81,5184,orientation_cued_D0,0.00240,1.0000,0.4023,0.030,0.094
82,5248,orientation_cued_D1,0.05133,1.0000,6.4120,0.033,0.002
83,5312,orientation_cued_D2,0.70253,0.5000,5.1689,0.041,0.020
84,5376,orientation_cued_D0,0.00596,1.0000,1.3611,0.038,0.074
85,5440,orientation_cued_D1,0.06803,0.9844,6.4721,0.037,0.028
86,5504,orientation_cued_D2,0.69325,0.4844,4.2820,0.048,0.003
87,5568,orientation_cued_D0,0.00135,1.0000,0.2401,0.040,0.032
88,5632,orientation_cued_D1,0.04945,1.0000,3.5510,0.045,0.053
89,5696,orientation_cued_D2,0.67824,0.5781,4.5647,0.045,0.004
90,5760,orientation_cued_D2,0.70755,0.5000,3.8397,0.045,0.145
91,5824,orientation_cued_D1,0.05810,0.9844,3.3600,0.055,0.004
92,5888,orientation_cued_D0,0.01757,0.9844,5.4996,0.044,0.003
93,5952,orientation_cued_D2,0.70062,0.5625,5.3017,0.060,0.069
94,6016,orientation_cued_D0,0.00771,1.0000,1.6616,0.040,0.003
95,6080,orientation_cued_D1,0.05510,1.0000,4.1293,0.045,0.002
96,6144,orientation_cued_D2,0.69707,0.5469,4.6577,0.054,0.052
97,6208,orientation_cued_D0,0.01031,1.0000,2.1346,0.041,0.003
98,6272,orientation_cued_D1,0.02287,1.0000,1.8043,0.042,0.003
99,6336,orientation_cued_D2,0.69715,0.5938,4.2817,0.053,0.066
100,6400,orientation_cued_D0,0.00620,1.0000,0.8787,0.033,0.003
101,6464,orientation_cued_D1,0.06086,0.9844,6.5474,0.022,0.003
102,6528,orientation_cued_D2,0.71918,0.5000,4.6938,0.053,0.076
103,6592,orientation_cued_D0,0.00378,1.0000,1.0342,0.045,0.023
104,6656,orientation_cued_D1,0.02356,1.0000,1.8280,0.049,0.003
105,6720,orientation_cued_D2,0.74036,0.5000,4.2889,0.040,0.043
106,6784,orientation_cued_D0,0.00438,1.0000,0.8243,0.043,0.031
107,6848,orientation_cued_D1,0.05139,0.9844,4.9356,0.049,0.002
108,6912,orientation_cued_D2,0.68381,0.5312,4.1932,0.052,0.017
109,6976,orientation_cued_D0,0.00080,1.0000,0.1101,0.042,0.037
110,7040,orientation_cued_D1,0.02442,1.0000,1.8674,0.032,0.002
111,7104,orientation_cued_D2,0.69835,0.5469,5.9762,0.024,0.021
112,7168,orientation_cued_D1,0.06267,0.9844,6.0214,0.045,0.098
113,7232,orientation_cued_D0,0.00429,1.0000,0.5485,0.043,0.004
114,7296,orientation_cued_D2,0.69783,0.5469,4.4336,0.051,0.003
115,7360,orientation_cued_D0,0.00493,1.0000,1.2450,0.042,0.167
116,7424,orientation_cued_D1,0.02887,1.0000,4.2199,0.047,0.002
117,7488,orientation_cued_D2,0.70316,0.5312,4.7281,0.056,0.003
118,7552,orientation_cued_D0,0.00706,1.0000,2.4839,0.043,0.031
119,7616,orientation_cued_D2,0.66714,0.5781,4.5913,0.049,0.002
120,7680,orientation_cued_D1,0.04934,0.9844,5.5504,0.028,0.003
121,7744,orientation_cued_D0,0.01080,1.0000,2.7821,0.045,0.076
122,7808,orientation_cued_D2,0.70615,0.4844,4.3279,0.060,0.003
123,7872,orientation_cued_D1,0.07609,0.9688,9.3359,0.044,0.004
124,7936,orientation_cued_D0,0.00569,1.0000,1.2857,0.035,0.025
125,8000,orientation_cued_D2,0.68432,0.5938,3.5071,0.046,0.023
126,8064,orientation_cued_D1,0.02447,1.0000,2.0123,0.046,0.004
127,8128,orientation_cued_D0,0.00469,1.0000,1.6061,0.030,0.044
128,8192,orientation_cued_D2,0.69567,0.5781,4.6936,0.046,0.031
129,8256,orientation_cued_D1,0.04619,0.9844,7.3255,0.042,0.003
130,8320,orientation_cued_D0,0.00063,1.0000,0.0770,0.039,0.034
131,8384,orientation_cued_D2,0.67425,0.5938,4.3615,0.053,0.033
132,8448,orientation_cued_D1,0.02146,1.0000,2.6352,0.051,0.003
133,8512,orientation_cued_D0,0.00162,1.0000,0.4896,0.031,0.040
134,8576,orientation_cued_D2,0.73449,0.5156,6.9057,0.048,0.062
135,8640,orientation_cued_D1,0.02058,1.0000,3.1137,0.054,0.010
136,8704,orientation_cued_D0,0.00142,1.0000,0.2076,0.040,0.009
137,8768,orientation_cued_D2,0.72193,0.5156,4.0750,0.054,0.053
138,8832,orientation_cued_D1,0.01000,1.0000,1.7036,0.044,0.036
139,8896,orientation_cued_D0,0.00115,1.0000,0.2842,0.021,0.003
140,8960,orientation_cued_D2,0.68247,0.5312,4.1994,0.049,0.057
141,9024,orientation_cued_D1,0.04646,0.9844,7.3882,0.045,0.037
142,9088,orientation_cued_D0,0.00537,1.0000,1.6619,0.029,0.004
143,9152,orientation_cued_D2,0.64489,0.7188,3.7377,0.053,0.044
144,9216,orientation_cued_D1,0.05832,0.9531,8.2360,0.050,0.042
145,9280,orientation_cued_D0,0.00427,1.0000,1.0934,0.037,0.007
146,9344,orientation_cued_D2,0.66762,0.6094,4.4809,0.057,0.038
147,9408,orientation_cued_D1,0.04042,0.9844,8.0900,0.048,0.054
148,9472,orientation_cued_D0,0.00153,1.0000,0.2291,0.040,0.036
149,9536,orientation_cued_D2,0.68384,0.5156,5.0219,0.052,0.017
150,9600,orientation_cued_D1,0.09528,0.9688,11.5469,0.041,0.042
151,9664,orientation_cued_D0,0.01032,1.0000,4.1169,0.039,0.047
152,9728,orientation_cued_D2,0.72392,0.4375,4.6681,0.034,0.034
153,9792,orientation_cued_D1,0.03020,1.0000,2.6225,0.041,0.022
154,9856,orientation_cued_D0,0.00560,1.0000,2.0753,0.044,0.050
155,9920,orientation_cued_D2,0.72160,0.4688,7.9488,0.054,0.028
156,9984,orientation_cued_D1,0.00712,1.0000,0.6612,0.045,0.011
157,10048,orientation_cued_D0,0.00360,1.0000,0.8192,0.045,0.045
158,10112,orientation_cued_D2,0.70927,0.5312,6.0611,0.055,0.008
159,10176,orientation_cued_D1,0.04649,0.9688,6.1588,0.046,0.027
160,10240,orientation_cued_D0,0.02034,0.9844,5.8782,0.041,0.010
161,10304,orientation_cued_D2,0.71728,0.4688,4.0931,0.053,0.012
162,10368,orientation_cued_D1,0.01398,1.0000,1.6041,0.023,0.021
163,10432,orientation_cued_D0,0.00842,1.0000,3.9004,0.035,0.077
164,10496,orientation_cued_D2,0.68896,0.5938,5.3539,0.028,0.002
165,10560,orientation_cued_D1,0.02659,1.0000,3.8422,0.046,0.056
166,10624,orientation_cued_D0,0.02870,0.9844,6.0883,0.033,0.047
167,10688,orientation_cued_D2,0.68695,0.5781,3.4567,0.049,0.004
168,10752,orientation_cued_D1,0.03079,0.9844,6.0199,0.043,0.047
169,10816,orientation_cued_D0,0.00135,1.0000,0.2531,0.032,0.051
170,10880,orientation_cued_D2,0.69921,0.5312,4.2660,0.054,0.002
171,10944,orientation_cued_D1,0.01068,1.0000,0.8607,0.044,0.024
172,11008,orientation_cued_D0,0.00243,1.0000,0.7526,0.042,0.041
173,11072,orientation_cued_D2,0.68435,0.4844,3.7975,0.054,0.003
174,11136,orientation_cued_D1,0.06981,0.9531,8.3802,0.029,0.010
175,11200,orientation_cued_D0,0.00293,1.0000,0.9307,0.042,0.082
176,11264,orientation_cued_D2,0.69437,0.5312,4.0396,0.055,0.003
177,11328,orientation_cued_D1,0.01268,1.0000,2.3356,0.042,0.007
178,11392,orientation_cued_D2,0.70269,0.5156,3.5778,0.054,0.060
179,11456,orientation_cued_D0,0.00941,1.0000,2.8280,0.046,0.004
180,11520,orientation_cued_D1,0.00937,1.0000,1.2306,0.034,0.038
181,11584,orientation_cued_D2,0.68504,0.5781,3.1874,0.053,0.056
182,11648,orientation_cued_D0,0.00209,1.0000,0.3407,0.038,0.004
183,11712,orientation_cued_D1,0.01988,1.0000,3.3993,0.040,0.010
184,11776,orientation_cued_D2,0.68592,0.5938,4.2892,0.051,0.035
185,11840,orientation_cued_D0,0.00542,1.0000,1.3475,0.038,0.041
186,11904,orientation_cued_D1,0.00584,1.0000,0.5901,0.048,0.024
187,11968,orientation_cued_D2,0.73545,0.4844,6.2959,0.047,0.033
188,12032,orientation_cued_D0,0.00186,1.0000,0.3833,0.040,0.017
189,12096,orientation_cued_D1,0.00548,1.0000,0.6615,0.047,0.017
190,12160,orientation_cued_D2,0.69885,0.5156,4.1437,0.037,0.019
191,12224,orientation_cued_D0,0.00207,1.0000,0.8646,0.040,0.034
192,12288,orientation_cued_D1,0.01697,1.0000,3.3697,0.042,0.024
193,12352,orientation_cued_D2,0.71339,0.5312,3.4705,0.053,0.025
194,12416,orientation_cued_D0,0.00133,1.0000,0.2758,0.040,0.018
195,12480,orientation_cued_D1,0.02305,1.0000,4.6022,0.048,0.051
196,12544,orientation_cued_D2,0.72480,0.5000,4.3054,0.042,0.005
197,12608,orientation_cued_D0,0.01294,1.0000,5.7024,0.032,0.028
198,12672,orientation_cued_D1,0.01320,1.0000,2.0796,0.043,0.030
199,12736,orientation_cued_D2,0.69936,0.5156,3.9442,0.052,0.025
200,12800,orientation_cued_D0,0.00302,1.0000,0.8647,0.039,0.016
201,12864,orientation_cued_D1,0.01458,1.0000,3.2752,0.043,0.005
202,12928,orientation_cued_D2,0.69615,0.5156,3.3829,0.054,0.005
203,12992,orientation_cued_D0,0.00106,1.0000,0.2039,0.041,0.006
204,13056,orientation_cued_D1,0.01383,1.0000,2.2274,0.045,0.004
205,13120,orientation_cued_D2,0.71727,0.5000,3.2296,0.053,0.005
206,13184,orientation_cued_D0,0.05804,0.9844,7.9847,0.042,0.007
207,13248,orientation_cued_D1,0.01391,1.0000,1.9968,0.028,0.005
208,13312,orientation_cued_D2,0.69201,0.5625,3.1171,0.028,0.009
209,13376,orientation_cued_D0,0.00242,1.0000,0.9485,0.043,0.007
210,13440,orientation_cued_D1,0.00831,1.0000,0.9339,0.043,0.005
211,13504,orientation_cued_D2,0.69904,0.4844,2.6234,0.053,0.006
212,13568,orientation_cued_D0,0.00231,1.0000,0.4795,0.042,0.009
213,13632,orientation_cued_D1,0.01981,1.0000,4.4859,0.046,0.010
214,13696,orientation_cued_D2,0.69972,0.4688,3.6071,0.053,0.007
215,13760,orientation_cued_D0,0.00306,1.0000,0.8173,0.043,0.008
216,13824,orientation_cued_D1,0.01216,1.0000,3.5166,0.043,0.006
217,13888,orientation_cued_D2,0.71834,0.5000,3.2926,0.062,0.017
218,13952,orientation_cued_D0,0.01109,1.0000,3.6158,0.054,0.010
219,14016,orientation_cued_D1,0.02739,0.9844,5.5197,0.045,0.005
220,14080,orientation_cued_D2,0.73437,0.4219,5.8252,0.054,0.006
221,14144,orientation_cued_D0,0.00235,1.0000,0.9433,0.041,0.011
222,14208,orientation_cued_D1,0.02922,0.9844,5.0153,0.044,0.011
223,14272,orientation_cued_D2,0.67695,0.5469,3.8537,0.059,0.007
224,14336,orientation_cued_D0,0.00436,1.0000,0.8326,0.030,0.007
225,14400,orientation_cued_D1,0.01385,1.0000,2.9119,0.045,0.009
226,14464,orientation_cued_D2,0.70001,0.5781,3.7670,0.050,0.012
227,14528,orientation_cued_D0,0.00321,1.0000,0.8412,0.047,0.012
228,14592,orientation_cued_D1,0.00693,1.0000,0.9190,0.046,0.009
229,14656,orientation_cued_D2,0.69114,0.5156,3.1531,0.044,0.003
230,14720,orientation_cued_D0,0.02818,0.9844,9.2972,0.043,0.005
231,14784,orientation_cued_D1,0.05777,0.9844,7.8724,0.049,0.025
232,14848,orientation_cued_D2,0.71457,0.4062,2.9431,0.048,0.003
233,14912,orientation_cued_D0,0.00211,1.0000,0.7431,0.019,0.003
234,14976,orientation_cued_D1,0.07767,0.9844,5.5379,0.039,0.081
235,15040,orientation_cued_D2,0.67997,0.5000,3.5653,0.043,0.003
236,15104,orientation_cued_D0,0.00105,1.0000,0.1936,0.042,0.003
237,15168,orientation_cued_D1,0.02419,0.9844,7.1233,0.050,0.135
238,15232,orientation_cued_D2,0.70839,0.4688,3.8792,0.049,0.003
239,15296,orientation_cued_D0,0.00874,1.0000,3.8300,0.032,0.003
240,15360,orientation_cued_D2,0.70449,0.5469,3.2848,0.051,0.112
241,15424,orientation_cued_D0,0.00877,1.0000,2.9794,0.040,0.004
242,15488,orientation_cued_D1,0.02696,1.0000,3.3345,0.044,0.002
243,15552,orientation_cued_D2,0.69389,0.5469,2.7546,0.053,0.088
244,15616,orientation_cued_D0,0.03980,0.9688,10.1177,0.028,0.003
245,15680,orientation_cued_D1,0.02868,0.9844,5.9392,0.042,0.003
246,15744,orientation_cued_D2,0.71701,0.4688,3.5214,0.058,0.087
247,15808,orientation_cued_D0,0.00239,1.0000,0.6151,0.029,0.008
248,15872,orientation_cued_D1,0.01430,1.0000,3.7320,0.030,0.004
249,15936,orientation_cued_D2,0.71197,0.5000,3.0913,0.043,0.114
250,16000,orientation_cued_D0,0.01409,0.9844,5.5653,0.032,0.007
251,16064,orientation_cued_D1,0.01015,1.0000,1.9486,0.038,0.002
252,16128,orientation_cued_D0,0.00195,1.0000,0.5592,0.028,0.123
253,16192,orientation_cued_D1,0.01695,1.0000,6.3706,0.042,0.003
254,16256,orientation_cued_D2,0.70722,0.4375,3.2455,0.051,0.003
255,16320,orientation_cued_D0,0.00086,1.0000,0.1178,0.043,0.063
256,16384,orientation_cued_D1,0.05255,0.9844,9.4131,0.047,0.002
257,16448,orientation_cued_D2,0.69792,0.5469,2.4903,0.052,0.003
258,16512,orientation_cued_D0,0.00112,1.0000,0.1544,0.043,0.077
259,16576,orientation_cued_D1,0.00568,1.0000,0.9621,0.045,0.003
260,16640,orientation_cued_D2,0.69193,0.5312,2.2756,0.053,0.003
261,16704,orientation_cued_D0,0.00279,1.0000,1.0169,0.042,0.054
262,16768,orientation_cued_D1,0.01527,1.0000,3.1717,0.047,0.002
263,16832,orientation_cued_D2,0.69157,0.5156,2.3066,0.043,0.004
264,16896,orientation_cued_D0,0.00089,1.0000,0.1307,0.047,0.065
265,16960,orientation_cued_D1,0.03266,0.9844,9.6160,0.041,0.014
266,17024,orientation_cued_D2,0.68359,0.5000,2.9670,0.053,0.003
267,17088,orientation_cued_D0,0.01299,1.0000,5.0281,0.044,0.032
268,17152,orientation_cued_D1,0.01142,1.0000,3.1362,0.023,0.032
269,17216,orientation_cued_D2,0.67657,0.5781,2.6061,0.030,0.003
270,17280,orientation_cued_D0,0.00970,1.0000,3.6617,0.036,0.068
271,17344,orientation_cued_D1,0.00878,1.0000,0.9369,0.039,0.058
272,17408,orientation_cued_D2,0.69424,0.5938,2.6567,0.050,0.003
273,17472,orientation_cued_D0,0.00085,1.0000,0.2032,0.035,0.016
274,17536,orientation_cued_D1,0.01241,1.0000,1.8927,0.050,0.110
275,17600,orientation_cued_D2,0.69942,0.4531,2.7586,0.054,0.004
276,17664,orientation_cued_D0,0.01055,1.0000,3.0306,0.042,0.003
277,17728,orientation_cued_D2,0.69495,0.4531,3.1120,0.053,0.056
278,17792,orientation_cued_D1,0.01351,1.0000,2.5337,0.044,0.003
279,17856,orientation_cued_D0,0.00156,1.0000,0.5188,0.032,0.003
280,17920,orientation_cued_D2,0.71026,0.5156,3.1690,0.042,0.061
281,17984,orientation_cued_D1,0.00895,1.0000,1.4602,0.041,0.003
282,18048,orientation_cued_D0,0.00743,1.0000,4.1584,0.034,0.003
283,18112,orientation_cued_D2,0.68936,0.5469,2.9381,0.053,0.073
284,18176,orientation_cued_D1,0.02080,1.0000,3.8305,0.047,0.004
285,18240,orientation_cued_D0,0.01045,1.0000,4.6743,0.049,0.005
286,18304,orientation_cued_D2,0.71632,0.4688,3.3472,0.036,0.048
287,18368,orientation_cued_D0,0.00108,1.0000,0.4519,0.036,0.034
288,18432,orientation_cued_D1,0.00581,1.0000,0.7760,0.036,0.028
289,18496,orientation_cued_D2,0.71293,0.5156,2.9913,0.047,0.045
290,18560,orientation_cued_D0,0.04834,0.9844,9.8658,0.037,0.003
291,18624,orientation_cued_D1,0.00763,1.0000,1.6391,0.047,0.070
292,18688,orientation_cued_D2,0.71047,0.4688,3.7631,0.053,0.014
293,18752,orientation_cued_D0,0.00212,1.0000,0.6047,0.036,0.003
294,18816,orientation_cued_D1,0.03911,0.9844,6.7632,0.045,0.064
295,18880,orientation_cued_D2,0.70919,0.4688,3.5842,0.056,0.004
296,18944,orientation_cued_D0,0.02750,0.9688,9.8828,0.041,0.004
297,19008,orientation_cued_D2,0.69648,0.5000,3.3387,0.048,0.088
298,19072,orientation_cued_D1,0.01193,1.0000,3.5760,0.044,0.004
299,19136,orientation_cued_D0,0.00038,1.0000,0.0499,0.039,0.003
300,19200,orientation_cued_D1,0.01963,0.9844,5.0505,0.036,0.101
301,19264,orientation_cued_D2,0.68315,0.6250,3.2718,0.045,0.019
302,19328,orientation_cued_D0,0.01916,0.9844,6.6893,0.040,0.003
303,19392,orientation_cued_D1,0.00972,1.0000,2.5122,0.036,0.112
304,19456,orientation_cued_D0,0.00115,1.0000,0.3497,0.032,0.003
305,19520,orientation_cued_D2,0.68361,0.5000,2.3572,0.056,0.002
306,19584,orientation_cued_D1,0.02702,1.0000,4.6405,0.044,0.095
307,19648,orientation_cued_D0,0.00118,1.0000,0.2079,0.038,0.002
308,19712,orientation_cued_D2,0.68671,0.5625,2.5985,0.052,0.002
309,19776,orientation_cued_D1,0.03007,0.9844,7.9334,0.035,0.094
310,19840,orientation_cued_D0,0.00684,1.0000,3.2745,0.030,0.003
311,19904,orientation_cued_D2,0.69380,0.4844,2.4154,0.040,0.003
312,19968,orientation_cued_D0,0.00631,1.0000,2.1571,0.044,0.116
313,20032,orientation_cued_D1,0.00678,1.0000,1.1564,0.054,0.004
314,20096,orientation_cued_D2,0.71712,0.4375,3.5326,0.038,0.003
315,20160,orientation_cued_D0,0.01202,1.0000,3.5076,0.035,0.063
316,20224,orientation_cued_D1,0.02772,0.9844,7.7937,0.038,0.016
317,20288,orientation_cued_D2,0.71287,0.5000,2.9120,0.043,0.002
318,20352,orientation_cued_D0,0.00841,1.0000,3.2208,0.045,0.065
319,20416,orientation_cued_D1,0.00990,1.0000,3.2940,0.046,0.010
320,20480,orientation_cued_D2,0.68773,0.5625,2.4107,0.034,0.003
321,20544,orientation_cued_D0,0.03998,0.9844,9.6437,0.041,0.044
322,20608,orientation_cued_D1,0.03379,0.9688,7.6910,0.045,0.031
323,20672,orientation_cued_D2,0.73001,0.4375,3.6882,0.051,0.003
324,20736,orientation_cued_D0,0.00910,1.0000,2.4746,0.044,0.008
325,20800,orientation_cued_D1,0.01432,1.0000,2.9621,0.038,0.058
326,20864,orientation_cued_D2,0.69173,0.4844,3.0175,0.056,0.004
327,20928,orientation_cued_D0,0.00627,1.0000,2.2974,0.042,0.003
328,20992,orientation_cued_D2,0.68784,0.5469,2.4057,0.054,0.097
329,21056,orientation_cued_D1,0.07402,0.9688,15.0388,0.037,0.004
330,21120,orientation_cued_D0,0.00091,1.0000,0.3170,0.042,0.004
331,21184,orientation_cued_D1,0.01363,1.0000,4.0528,0.047,0.078
332,21248,orientation_cued_D2,0.71455,0.5000,2.8146,0.053,0.003
333,21312,orientation_cued_D0,0.00645,1.0000,2.0212,0.042,0.003
334,21376,orientation_cued_D1,0.02183,0.9844,5.2788,0.029,0.044
335,21440,orientation_cued_D2,0.68336,0.5156,3.2220,0.037,0.003
336,21504,orientation_cued_D0,0.01018,1.0000,4.5863,0.041,0.003
337,21568,orientation_cued_D1,0.02059,1.0000,5.6107,0.043,0.107
338,21632,orientation_cued_D2,0.69465,0.5312,3.2805,0.053,0.003
339,21696,orientation_cued_D0,0.00128,1.0000,0.4103,0.033,0.004
340,21760,orientation_cued_D1,0.01376,1.0000,2.7784,0.041,0.111
341,21824,orientation_cued_D0,0.00126,1.0000,0.2652,0.041,0.003
342,21888,orientation_cued_D2,0.67767,0.5781,3.7517,0.052,0.003
343,21952,orientation_cued_D1,0.00618,1.0000,0.7067,0.035,0.061
344,22016,orientation_cued_D0,0.00359,1.0000,1.0928,0.024,0.004
345,22080,orientation_cued_D2,0.69654,0.4219,3.2183,0.040,0.004
346,22144,orientation_cued_D0,0.00772,1.0000,2.0017,0.044,0.108
347,22208,orientation_cued_D1,0.00737,1.0000,1.2989,0.044,0.003
348,22272,orientation_cued_D2,0.68422,0.5625,3.6510,0.057,0.004
349,22336,orientation_cued_D2,0.67294,0.6406,2.5955,0.049,0.120
350,22400,orientation_cued_D0,0.00048,1.0000,0.0511,0.041,0.004
351,22464,orientation_cued_D1,0.00884,1.0000,1.0220,0.051,0.003
352,22528,orientation_cued_D0,0.00205,1.0000,0.5080,0.039,0.080
353,22592,orientation_cued_D2,0.69017,0.4688,2.7968,0.058,0.003
354,22656,orientation_cued_D1,0.03900,0.9844,8.9134,0.038,0.058
355,22720,orientation_cued_D0,0.00190,1.0000,0.3216,0.041,0.039
356,22784,orientation_cued_D2,0.71649,0.5156,3.6040,0.051,0.016
357,22848,orientation_cued_D1,0.00857,1.0000,2.0819,0.036,0.041
358,22912,orientation_cued_D0,0.00117,1.0000,0.1742,0.041,0.078
359,22976,orientation_cued_D2,0.66551,0.5938,3.7038,0.054,0.004
360,23040,orientation_cued_D1,0.01065,1.0000,4.6044,0.023,0.003
361,23104,orientation_cued_D0,0.00248,1.0000,0.9815,0.038,0.071
362,23168,orientation_cued_D2,0.69786,0.5000,3.0345,0.053,0.003
363,23232,orientation_cued_D1,0.01346,1.0000,4.1609,0.041,0.043
364,23296,orientation_cued_D0,0.00214,1.0000,0.4839,0.049,0.074
365,23360,orientation_cued_D2,0.68419,0.5000,3.4743,0.057,0.004
366,23424,orientation_cued_D1,0.00912,1.0000,1.8796,0.044,0.020
367,23488,orientation_cued_D0,0.00296,1.0000,1.0137,0.027,0.055
368,23552,orientation_cued_D2,0.69937,0.4844,3.4056,0.044,0.005
369,23616,orientation_cued_D1,0.00572,1.0000,1.5106,0.041,0.035
370,23680,orientation_cued_D0,0.00064,1.0000,0.1394,0.037,0.059
371,23744,orientation_cued_D2,0.67077,0.5625,3.1093,0.037,0.032
372,23808,orientation_cued_D1,0.02360,0.9844,8.3348,0.040,0.019
373,23872,orientation_cued_D0,0.00081,1.0000,0.1367,0.035,0.042
374,23936,orientation_cued_D2,0.71273,0.4062,3.3911,0.045,0.077
375,24000,orientation_cued_D0,0.00228,1.0000,0.5070,0.026,0.015
376,24064,orientation_cued_D1,0.00690,1.0000,1.5070,0.034,0.055
377,24128,orientation_cued_D0,0.01662,0.9844,7.4218,0.040,0.082
378,24192,orientation_cued_D2,0.71410,0.4062,3.6458,0.054,0.003
379,24256,orientation_cued_D1,0.00270,1.0000,0.6737,0.045,0.019
380,24320,orientation_cued_D0,0.00093,1.0000,0.2525,0.029,0.025
381,24384,orientation_cued_D2,0.70367,0.4688,2.7903,0.052,0.002
382,24448,orientation_cued_D1,0.00640,1.0000,1.6522,0.048,0.031
383,24512,orientation_cued_D0,0.00108,1.0000,0.5242,0.041,0.033
384,24576,orientation_cued_D2,0.71498,0.4062,3.4275,0.052,0.002
385,24640,orientation_cued_D1,0.00298,1.0000,0.3245,0.039,0.021
386,24704,orientation_cued_D0,0.06286,0.9844,13.1316,0.042,0.047
387,24768,orientation_cued_D2,0.69596,0.5312,3.0814,0.056,0.003
388,24832,orientation_cued_D1,0.00743,1.0000,2.5150,0.039,0.011
389,24896,orientation_cued_D0,0.00118,1.0000,0.4884,0.043,0.056
390,24960,orientation_cued_D2,0.68644,0.4844,2.6728,0.060,0.003
391,25024,orientation_cued_D1,0.00332,1.0000,0.3892,0.044,0.027
392,25088,orientation_cued_D0,0.00022,1.0000,0.0284,0.042,0.048
393,25152,orientation_cued_D2,0.71302,0.4688,2.5957,0.050,0.003
394,25216,orientation_cued_D1,0.00309,1.0000,0.8333,0.045,0.019
395,25280,orientation_cued_D0,0.02350,0.9844,7.5092,0.042,0.026
396,25344,orientation_cued_D2,0.65903,0.6719,2.3695,0.034,0.003
397,25408,orientation_cued_D1,0.00866,1.0000,2.3299,0.045,0.062
398,25472,orientation_cued_D0,0.00612,1.0000,2.7920,0.038,0.012
399,25536,orientation_cued_D2,0.69839,0.4375,2.0971,0.054,0.003
400,25600,orientation_cued_D1,0.01113,1.0000,3.2291,0.050,0.048
401,25664,orientation_cued_D0,0.00790,1.0000,3.5162,0.040,0.005
402,25728,orientation_cued_D2,0.67678,0.6094,1.8945,0.034,0.004
403,25792,orientation_cued_D1,0.01107,1.0000,4.3794,0.048,0.010
404,25856,orientation_cued_D0,0.00364,1.0000,1.4907,0.045,0.007
405,25920,orientation_cued_D2,0.69932,0.5156,3.0496,0.053,0.006
406,25984,orientation_cued_D1,0.00363,1.0000,0.8502,0.047,0.008
407,26048,orientation_cued_D0,0.00298,1.0000,0.9113,0.042,0.005
408,26112,orientation_cued_D2,0.69866,0.5781,3.4043,0.045,0.005
409,26176,orientation_cued_D1,0.00413,1.0000,1.4443,0.024,0.007
410,26240,orientation_cued_D0,0.00222,1.0000,0.4552,0.043,0.009
411,26304,orientation_cued_D2,0.71097,0.5000,3.4412,0.053,0.005
412,26368,orientation_cued_D1,0.01835,1.0000,3.8480,0.047,0.009
413,26432,orientation_cued_D0,0.00685,1.0000,2.1918,0.043,0.006
414,26496,orientation_cued_D2,0.69021,0.5312,2.8410,0.056,0.007
415,26560,orientation_cued_D1,0.00467,1.0000,0.9132,0.048,0.007
416,26624,orientation_cued_D0,0.00158,1.0000,0.4707,0.040,0.008
417,26688,orientation_cued_D2,0.68883,0.4844,2.5463,0.056,0.006
418,26752,orientation_cued_D1,0.00419,1.0000,1.0648,0.049,0.009
419,26816,orientation_cued_D0,0.00799,1.0000,2.9899,0.043,0.006
420,26880,orientation_cued_D2,0.70424,0.4219,2.3971,0.055,0.006
421,26944,orientation_cued_D1,0.00283,1.0000,0.6045,0.045,0.006
422,27008,orientation_cued_D0,0.00056,1.0000,0.0798,0.040,0.006
423,27072,orientation_cued_D2,0.69469,0.3750,2.4767,0.028,0.005
424,27136,orientation_cued_D0,0.00372,1.0000,2.4030,0.031,0.008
425,27200,orientation_cued_D1,0.00247,1.0000,0.3840,0.036,0.006
426,27264,orientation_cued_D2,0.71039,0.4375,2.3877,0.047,0.006
427,27328,orientation_cued_D0,0.00089,1.0000,0.1630,0.036,0.007
428,27392,orientation_cued_D1,0.00475,1.0000,1.2275,0.042,0.003
429,27456,orientation_cued_D2,0.70041,0.4688,3.5957,0.055,0.004
430,27520,orientation_cued_D0,0.00118,1.0000,0.2064,0.042,0.003
431,27584,orientation_cued_D1,0.00663,1.0000,2.1162,0.050,0.004
432,27648,orientation_cued_D2,0.70683,0.5000,2.1147,0.045,0.020
433,27712,orientation_cued_D0,0.00385,1.0000,2.3209,0.040,0.006
434,27776,orientation_cued_D1,0.00341,1.0000,1.0152,0.046,0.018
435,27840,orientation_cued_D2,0.68473,0.5625,2.1580,0.053,0.049
436,27904,orientation_cued_D0,0.00524,1.0000,2.3473,0.044,0.004
437,27968,orientation_cued_D1,0.00217,1.0000,0.4805,0.044,0.002
438,28032,orientation_cued_D2,0.70520,0.5156,2.0580,0.056,0.048
439,28096,orientation_cued_D0,0.00375,1.0000,1.4579,0.046,0.005
440,28160,orientation_cued_D1,0.00147,1.0000,0.3377,0.048,0.009
441,28224,orientation_cued_D2,0.70830,0.4531,2.6590,0.052,0.044
442,28288,orientation_cued_D0,0.00065,1.0000,0.1821,0.044,0.003
443,28352,orientation_cued_D1,0.00464,1.0000,1.5464,0.047,0.022
444,28416,orientation_cued_D2,0.69682,0.4688,2.3121,0.044,0.097
445,28480,orientation_cued_D0,0.00212,1.0000,0.7034,0.053,0.004
446,28544,orientation_cued_D1,0.00329,1.0000,1.1091,0.046,0.018
447,28608,orientation_cued_D2,0.68981,0.5469,2.1499,0.041,0.039
448,28672,orientation_cued_D0,0.00203,1.0000,0.9808,0.033,0.006
449,28736,orientation_cued_D1,0.00631,1.0000,0.9271,0.046,0.049
450,28800,orientation_cued_D2,0.70028,0.5156,2.3833,0.029,0.024
451,28864,orientation_cued_D0,0.00055,1.0000,0.1349,0.040,0.043
452,28928,orientation_cued_D1,0.01588,0.9844,6.6328,0.046,0.022
453,28992,orientation_cued_D2,0.70628,0.5469,1.9813,0.053,0.085
454,29056,orientation_cued_D0,0.00628,1.0000,3.9719,0.044,0.005
455,29120,orientation_cued_D1,0.04070,0.9844,11.2812,0.032,0.002
456,29184,orientation_cued_D2,0.68964,0.5156,1.7907,0.047,0.080
457,29248,orientation_cued_D0,0.00267,1.0000,0.8561,0.042,0.003
458,29312,orientation_cued_D1,0.01838,0.9844,6.9755,0.029,0.016
459,29376,orientation_cued_D2,0.69017,0.5000,1.9115,0.050,0.082
460,29440,orientation_cued_D0,0.01075,1.0000,6.1043,0.048,0.003
461,29504,orientation_cued_D1,0.00483,1.0000,0.8271,0.027,0.026
462,29568,orientation_cued_D2,0.69266,0.5625,1.8369,0.046,0.086
463,29632,orientation_cued_D0,0.00219,1.0000,0.6520,0.040,0.003
464,29696,orientation_cued_D1,0.00937,1.0000,3.0338,0.031,0.027
465,29760,orientation_cued_D2,0.69038,0.5156,1.5805,0.032,0.084
466,29824,orientation_cued_D0,0.03577,0.9844,7.6620,0.033,0.019
467,29888,orientation_cued_D1,0.01644,1.0000,5.7580,0.033,0.033
468,29952,orientation_cued_D2,0.69841,0.5156,1.8859,0.035,0.084
469,30016,orientation_cued_D0,0.00104,1.0000,0.2768,0.042,0.071
470,30080,orientation_cued_D1,0.00730,1.0000,1.8793,0.054,0.006
471,30144,orientation_cued_D2,0.72104,0.4219,2.5119,0.052,0.032
472,30208,orientation_cued_D0,0.00670,1.0000,3.8070,0.042,0.022
473,30272,orientation_cued_D1,0.01378,1.0000,4.3701,0.039,0.012
474,30336,orientation_cued_D2,0.70515,0.5156,2.2699,0.052,0.037
475,30400,orientation_cued_D0,0.02519,0.9844,10.2248,0.042,0.015
476,30464,orientation_cued_D1,0.11480,0.9531,24.7026,0.051,0.020
477,30528,orientation_cued_D2,0.69695,0.5000,1.9540,0.055,0.023
478,30592,orientation_cued_D0,0.00213,1.0000,0.5668,0.027,0.016
479,30656,orientation_cued_D1,0.00571,1.0000,1.0956,0.042,0.042
480,30720,orientation_cued_D2,0.71116,0.4844,2.3397,0.057,0.103
481,30784,orientation_cued_D0,0.04506,0.9844,11.7170,0.043,0.005
482,30848,orientation_cued_D1,0.00891,1.0000,2.5791,0.041,0.002
483,30912,orientation_cued_D2,0.70367,0.5469,2.9157,0.055,0.084
484,30976,orientation_cued_D0,0.00428,1.0000,1.4671,0.040,0.003
485,31040,orientation_cued_D1,0.07952,0.9688,15.2865,0.045,0.002
486,31104,orientation_cued_D2,0.69180,0.4844,2.1524,0.055,0.049
487,31168,orientation_cued_D0,0.01661,0.9844,6.9631,0.025,0.003
488,31232,orientation_cued_D1,0.10085,0.9688,14.3853,0.037,0.003
489,31296,orientation_cued_D2,0.69439,0.5000,1.7236,0.051,0.077
490,31360,orientation_cued_D0,0.00241,1.0000,0.6067,0.044,0.004
491,31424,orientation_cued_D1,0.03774,0.9844,7.3881,0.045,0.002
492,31488,orientation_cued_D0,0.00035,1.0000,0.0477,0.040,0.076
493,31552,orientation_cued_D2,0.70767,0.5000,3.3133,0.057,0.004
494,31616,orientation_cued_D1,0.01675,1.0000,5.1452,0.046,0.003
495,31680,orientation_cued_D0,0.00096,1.0000,0.3460,0.042,0.055
496,31744,orientation_cued_D2,0.69612,0.5156,2.4809,0.054,0.003
497,31808,orientation_cued_D1,0.07678,0.9844,9.8991,0.024,0.004
498,31872,orientation_cued_D0,0.00091,1.0000,0.2203,0.042,0.062
499,31936,orientation_cued_D2,0.70037,0.4531,3.2557,0.056,0.003
500,32000,orientation_cued_D1,0.00765,1.0000,1.8710,0.045,0.004
501,32064,orientation_cued_D0,0.07174,0.9531,13.4528,0.041,0.047
502,32128,orientation_cued_D2,0.70462,0.4688,1.8831,0.060,0.003
503,32192,orientation_cued_D1,0.00637,1.0000,1.9708,0.033,0.035
504,32256,orientation_cued_D0,0.05249,0.9844,8.9183,0.041,0.068
505,32320,orientation_cued_D2,0.70934,0.4844,2.5479,0.057,0.003
506,32384,orientation_cued_D1,0.04522,0.9844,11.5320,0.039,0.020
507,32448,orientation_cued_D0,0.00801,1.0000,5.0717,0.051,0.049
508,32512,orientation_cued_D2,0.71303,0.4531,2.5220,0.054,0.009
509,32576,orientation_cued_D1,0.01452,1.0000,4.7305,0.046,0.046
510,32640,orientation_cued_D0,0.00781,1.0000,2.9398,0.044,0.005
511,32704,orientation_cued_D2,0.69833,0.5000,2.6220,0.054,0.015
512,32768,orientation_cued_D0,0.00164,1.0000,0.3513,0.038,0.067
513,32832,orientation_cued_D1,0.00883,1.0000,2.5426,0.048,0.003
514,32896,orientation_cued_D2,0.68179,0.6250,1.9641,0.044,0.017
515,32960,orientation_cued_D0,0.00222,1.0000,0.7197,0.041,0.063
516,33024,orientation_cued_D1,0.01303,1.0000,3.4749,0.040,0.003
517,33088,orientation_cued_D2,0.68609,0.5156,2.1237,0.052,0.021
518,33152,orientation_cued_D0,0.00282,1.0000,0.8761,0.040,0.075
519,33216,orientation_cued_D1,0.01140,1.0000,3.8863,0.046,0.005
520,33280,orientation_cued_D2,0.69918,0.5312,2.1218,0.051,0.031
521,33344,orientation_cued_D0,0.00172,1.0000,0.4536,0.044,0.060
522,33408,orientation_cued_D1,0.08108,0.9844,7.4868,0.048,0.004
523,33472,orientation_cued_D2,0.68939,0.5000,2.3977,0.050,0.012
524,33536,orientation_cued_D0,0.00171,1.0000,0.4318,0.028,0.027
525,33600,orientation_cued_D1,0.00316,1.0000,0.4605,0.038,0.051
526,33664,orientation_cued_D2,0.68361,0.5000,1.8587,0.044,0.033
527,33728,orientation_cued_D0,0.00172,1.0000,0.5984,0.045,0.020
528,33792,orientation_cued_D1,0.03122,0.9844,6.9590,0.050,0.034
529,33856,orientation_cued_D2,0.70042,0.5000,2.0998,0.039,0.059
530,33920,orientation_cued_D0,0.00372,1.0000,1.6046,0.042,0.003
531,33984,orientation_cued_D1,0.00436,1.0000,0.5386,0.044,0.037
532,34048,orientation_cued_D2,0.69816,0.5156,1.5072,0.052,0.053
533,34112,orientation_cued_D0,0.00086,1.0000,0.2379,0.043,0.004
534,34176,orientation_cued_D1,0.00855,1.0000,2.5648,0.029,0.011
535,34240,orientation_cued_D2,0.69571,0.5156,2.5284,0.053,0.049
536,34304,orientation_cued_D0,0.00523,1.0000,3.4668,0.044,0.003
537,34368,orientation_cued_D1,0.00329,1.0000,0.6176,0.047,0.007
538,34432,orientation_cued_D2,0.69363,0.5156,1.9019,0.050,0.041
539,34496,orientation_cued_D0,0.00409,1.0000,1.6398,0.024,0.003
540,34560,orientation_cued_D1,0.00453,1.0000,0.4507,0.044,0.028
541,34624,orientation_cued_D2,0.67554,0.6562,1.8983,0.051,0.052
542,34688,orientation_cued_D0,0.00088,1.0000,0.2253,0.045,0.005
543,34752,orientation_cued_D1,0.00382,1.0000,1.2705,0.049,0.007
544,34816,orientation_cued_D0,0.00071,1.0000,0.1738,0.032,0.055
545,34880,orientation_cued_D2,0.70158,0.4688,2.3942,0.049,0.003
546,34944,orientation_cued_D1,0.00778,1.0000,2.2543,0.046,0.035
547,35008,orientation_cued_D0,0.00366,1.0000,1.2440,0.040,0.019
548,35072,orientation_cued_D2,0.69870,0.5156,1.4412,0.052,0.002
549,35136,orientation_cued_D1,0.01059,1.0000,5.1956,0.037,0.036
550,35200,orientation_cued_D0,0.00540,1.0000,2.0774,0.024,0.009
551,35264,orientation_cued_D2,0.68032,0.5625,2.6986,0.051,0.041
552,35328,orientation_cued_D1,0.00293,1.0000,0.7667,0.038,0.049
553,35392,orientation_cued_D0,0.00155,1.0000,0.2870,0.038,0.004
554,35456,orientation_cued_D2,0.69638,0.5000,1.9566,0.060,0.026
555,35520,orientation_cued_D0,0.00092,1.0000,0.1804,0.050,0.094
556,35584,orientation_cued_D1,0.00270,1.0000,0.3892,0.048,0.004
557,35648,orientation_cued_D2,0.70267,0.4688,2.3654,0.059,0.004
558,35712,orientation_cued_D0,0.00445,1.0000,1.6441,0.041,0.020
559,35776,orientation_cued_D1,0.00255,1.0000,0.4945,0.035,0.066
560,35840,orientation_cued_D2,0.68386,0.5312,1.6855,0.055,0.003
561,35904,orientation_cued_D0,0.00460,1.0000,3.1279,0.045,0.012
562,35968,orientation_cued_D1,0.00359,1.0000,0.5472,0.044,0.060
563,36032,orientation_cued_D2,0.69077,0.5469,1.8421,0.054,0.003
564,36096,orientation_cued_D0,0.00161,1.0000,0.2377,0.047,0.005
565,36160,orientation_cued_D1,0.00727,1.0000,2.8635,0.050,0.092
566,36224,orientation_cued_D2,0.69481,0.5000,1.5760,0.055,0.004
567,36288,orientation_cued_D0,0.01321,1.0000,5.5752,0.045,0.005
568,36352,orientation_cued_D1,0.00394,1.0000,0.5313,0.043,0.069
569,36416,orientation_cued_D2,0.69171,0.4688,1.9506,0.048,0.005
570,36480,orientation_cued_D0,0.00249,1.0000,1.0172,0.042,0.022
571,36544,orientation_cued_D1,0.00240,1.0000,0.3808,0.051,0.036
572,36608,orientation_cued_D2,0.69201,0.4688,2.1450,0.058,0.005
573,36672,orientation_cued_D0,0.00114,1.0000,0.2802,0.042,0.008
574,36736,orientation_cued_D1,0.00371,1.0000,1.1384,0.045,0.047
575,36800,orientation_cued_D2,0.68000,0.5469,1.9660,0.053,0.032
576,36864,orientation_cued_D0,0.00043,1.0000,0.0837,0.043,0.008
577,36928,orientation_cued_D1,0.00261,1.0000,0.6396,0.045,0.037
578,36992,orientation_cued_D2,0.68564,0.5625,2.0756,0.055,0.060
579,37056,orientation_cued_D0,0.00592,1.0000,2.3164,0.030,0.004
580,37120,orientation_cued_D1,0.02342,0.9844,7.6906,0.044,0.010
581,37184,orientation_cued_D2,0.67460,0.5938,2.3786,0.055,0.101
582,37248,orientation_cued_D0,0.00779,1.0000,4.4871,0.035,0.004
583,37312,orientation_cued_D1,0.00178,1.0000,0.2257,0.050,0.025
584,37376,orientation_cued_D2,0.69073,0.5469,2.3880,0.031,0.076
585,37440,orientation_cued_D0,0.00369,1.0000,1.6669,0.032,0.003
586,37504,orientation_cued_D1,0.00387,1.0000,0.7128,0.034,0.069
587,37568,orientation_cued_D2,0.68514,0.4688,2.6023,0.047,0.062
588,37632,orientation_cued_D0,0.00173,1.0000,0.4461,0.072,0.051
589,37696,orientation_cued_D1,0.00192,1.0000,0.4699,0.040,0.003
590,37760,orientation_cued_D2,0.69076,0.5781,2.1463,0.047,0.061
591,37824,orientation_cued_D0,0.03350,0.9844,8.2248,0.044,0.010
592,37888,orientation_cued_D1,0.01435,1.0000,5.4398,0.044,0.030
593,37952,orientation_cued_D2,0.67774,0.4844,2.1357,0.055,0.054
594,38016,orientation_cued_D0,0.00112,1.0000,0.2086,0.033,0.004
595,38080,orientation_cued_D1,0.00408,1.0000,0.9685,0.047,0.060
596,38144,orientation_cued_D2,0.67799,0.5938,2.2415,0.053,0.031
597,38208,orientation_cued_D0,0.02784,0.9844,11.9202,0.040,0.003
598,38272,orientation_cued_D1,0.00203,1.0000,0.5560,0.040,0.032
599,38336,orientation_cued_D2,0.67025,0.5469,2.4096,0.026,0.014
600,38400,orientation_cued_D0,0.00269,1.0000,1.1991,0.025,0.005
601,38464,orientation_cued_D1,0.00155,1.0000,0.3863,0.045,0.008
602,38528,orientation_cued_D2,0.69343,0.4531,2.3768,0.050,0.006
603,38592,orientation_cued_D0,0.00103,1.0000,0.3377,0.030,0.007
604,38656,orientation_cued_D1,0.00381,1.0000,1.1265,0.037,0.006
605,38720,orientation_cued_D0,0.00211,1.0000,0.7808,0.050,0.012
606,38784,orientation_cued_D2,0.69128,0.5156,2.2047,0.057,0.006
607,38848,orientation_cued_D1,0.02497,0.9844,6.1957,0.035,0.008
608,38912,orientation_cued_D0,0.00548,1.0000,2.6393,0.032,0.005
609,38976,orientation_cued_D2,0.67926,0.5469,3.5471,0.046,0.020
610,39040,orientation_cued_D1,0.00754,1.0000,3.5428,0.044,0.008
611,39104,orientation_cued_D0,0.00327,1.0000,0.8802,0.038,0.007
612,39168,orientation_cued_D2,0.71756,0.4531,2.7130,0.036,0.006
613,39232,orientation_cued_D1,0.02078,0.9844,10.3152,0.042,0.006
614,39296,orientation_cued_D0,0.00061,1.0000,0.1705,0.042,0.006
615,39360,orientation_cued_D2,0.68206,0.5625,2.1467,0.040,0.004
616,39424,orientation_cued_D1,0.00634,1.0000,2.6426,0.043,0.008
617,39488,orientation_cued_D2,0.67544,0.5469,3.1221,0.063,0.007
618,39552,orientation_cued_D0,0.00109,1.0000,0.3458,0.050,0.004
619,39616,orientation_cued_D1,0.04475,0.9844,11.5853,0.048,0.003
620,39680,orientation_cued_D2,0.67949,0.5469,2.1276,0.058,0.002
621,39744,orientation_cued_D1,0.00893,1.0000,2.1585,0.046,0.014
622,39808,orientation_cued_D0,0.03273,0.9844,8.5550,0.035,0.003
623,39872,orientation_cued_D2,0.69587,0.4844,2.1412,0.055,0.036
624,39936,orientation_cued_D1,0.00457,1.0000,1.6434,0.048,0.023
625,40000,orientation_cued_D0,0.00078,1.0000,0.2015,0.042,0.003
626,40064,orientation_cued_D2,0.71830,0.5000,2.5274,0.054,0.024
627,40128,orientation_cued_D0,0.00089,1.0000,0.1994,0.022,0.011
628,40192,orientation_cued_D1,0.00364,1.0000,0.5451,0.022,0.002
629,40256,orientation_cued_D2,0.70056,0.5000,2.7920,0.038,0.081
630,40320,orientation_cued_D0,0.00313,1.0000,1.1481,0.030,0.042
631,40384,orientation_cued_D1,0.01869,1.0000,7.2136,0.037,0.002
632,40448,orientation_cued_D0,0.00245,1.0000,0.5182,0.048,0.142
633,40512,orientation_cued_D2,0.70161,0.4531,2.1064,0.059,0.005
634,40576,orientation_cued_D1,0.04360,0.9844,12.4212,0.041,0.005
635,40640,orientation_cued_D0,0.00347,1.0000,1.5441,0.050,0.115
636,40704,orientation_cued_D2,0.67790,0.6562,2.4692,0.055,0.004
637,40768,orientation_cued_D1,0.00178,1.0000,0.2092,0.045,0.003
638,40832,orientation_cued_D0,0.00074,1.0000,0.1282,0.028,0.070
639,40896,orientation_cued_D1,0.00516,1.0000,2.1023,0.040,0.003
640,40960,orientation_cued_D2,0.66662,0.5000,2.3405,0.046,0.003
641,41024,orientation_cued_D0,0.00061,1.0000,0.1183,0.033,0.080
642,41088,orientation_cued_D1,0.00266,1.0000,0.5525,0.045,0.002
643,41152,orientation_cued_D2,0.69295,0.5312,1.9737,0.055,0.004
644,41216,orientation_cued_D0,0.00134,1.0000,0.3594,0.041,0.097
645,41280,orientation_cued_D1,0.00098,1.0000,0.1541,0.049,0.004
646,41344,orientation_cued_D2,0.70220,0.4688,2.6933,0.055,0.004
647,41408,orientation_cued_D0,0.00058,1.0000,0.0838,0.048,0.052
648,41472,orientation_cued_D1,0.00897,1.0000,4.3454,0.048,0.003
649,41536,orientation_cued_D2,0.68460,0.5625,2.7921,0.041,0.003
650,41600,orientation_cued_D0,0.01000,1.0000,3.7533,0.034,0.054
651,41664,orientation_cued_D1,0.00570,1.0000,1.4464,0.047,0.003
652,41728,orientation_cued_D2,0.72620,0.4219,4.1313,0.052,0.003
653,41792,orientation_cued_D0,0.00885,1.0000,3.4277,0.042,0.039
654,41856,orientation_cued_D1,0.04453,0.9844,11.3441,0.028,0.003
655,41920,orientation_cued_D2,0.69218,0.4844,1.9383,0.053,0.031
656,41984,orientation_cued_D0,0.00169,1.0000,0.4898,0.041,0.027
657,42048,orientation_cued_D1,0.02377,0.9844,6.2844,0.048,0.018
658,42112,orientation_cued_D2,0.66331,0.6094,2.5054,0.057,0.013
659,42176,orientation_cued_D0,0.00764,1.0000,3.7949,0.044,0.043
660,42240,orientation_cued_D1,0.00718,1.0000,1.9783,0.039,0.003
661,42304,orientation_cued_D2,0.68001,0.5000,2.9689,0.045,0.031
662,42368,orientation_cued_D0,0.00171,1.0000,0.4071,0.041,0.018
663,42432,orientation_cued_D1,0.01218,1.0000,4.5778,0.037,0.033
664,42496,orientation_cued_D2,0.68968,0.5781,1.8001,0.034,0.031
665,42560,orientation_cued_D0,0.00850,1.0000,4.3187,0.019,0.011
666,42624,orientation_cued_D1,0.07881,0.9688,20.5713,0.041,0.062
667,42688,orientation_cued_D2,0.70529,0.4219,3.1151,0.040,0.052
668,42752,orientation_cued_D0,0.00111,1.0000,0.3826,0.026,0.005
669,42816,orientation_cued_D1,0.00177,1.0000,0.2178,0.029,0.060
670,42880,orientation_cued_D2,0.68463,0.5469,3.1113,0.027,0.036
671,42944,orientation_cued_D0,0.01807,0.9844,7.7295,0.019,0.011
672,43008,orientation_cued_D1,0.00341,1.0000,0.9558,0.026,0.072
673,43072,orientation_cued_D2,0.73186,0.3594,2.8956,0.025,0.036
674,43136,orientation_cued_D0,0.00424,1.0000,1.3216,0.019,0.006
675,43200,orientation_cued_D1,0.00525,1.0000,1.1031,0.026,0.086
676,43264,orientation_cued_D2,0.68738,0.5938,4.2187,0.025,0.032
677,43328,orientation_cued_D0,0.00226,1.0000,1.0459,0.019,0.003
678,43392,orientation_cued_D1,0.02639,0.9844,8.6601,0.028,0.096
679,43456,orientation_cued_D2,0.67674,0.5625,2.5894,0.024,0.022
680,43520,orientation_cued_D0,0.00156,1.0000,0.3947,0.021,0.003
681,43584,orientation_cued_D1,0.00516,1.0000,1.2879,0.046,0.113
682,43648,orientation_cued_D0,0.00094,1.0000,0.2065,0.033,0.004
683,43712,orientation_cued_D2,0.67010,0.6094,1.8509,0.025,0.003
684,43776,orientation_cued_D1,0.06030,0.9688,21.3146,0.030,0.085
685,43840,orientation_cued_D0,0.00041,1.0000,0.0653,0.023,0.016
686,43904,orientation_cued_D2,0.67749,0.5312,2.2298,0.033,0.003
687,43968,orientation_cued_D1,0.01844,0.9844,6.7849,0.030,0.103
688,44032,orientation_cued_D0,0.00111,1.0000,0.3437,0.024,0.004
689,44096,orientation_cued_D2,0.66619,0.5781,2.6503,0.025,0.004
690,44160,orientation_cued_D1,0.01863,1.0000,6.2886,0.048,0.129
691,44224,orientation_cued_D0,0.02221,0.9844,7.2716,0.021,0.003
692,44288,orientation_cued_D2,0.65665,0.6562,2.7608,0.024,0.002
693,44352,orientation_cued_D1,0.00376,1.0000,1.2033,0.025,0.094
694,44416,orientation_cued_D0,0.00847,1.0000,4.9186,0.019,0.003
695,44480,orientation_cued_D2,0.69190,0.5625,2.1032,0.028,0.005
696,44544,orientation_cued_D0,0.00189,1.0000,0.5303,0.021,0.123
697,44608,orientation_cued_D1,0.00575,1.0000,2.1314,0.022,0.002
698,44672,orientation_cued_D2,0.68298,0.5781,2.4733,0.024,0.003
699,44736,orientation_cued_D0,0.01438,1.0000,5.4356,0.029,0.111
700,44800,orientation_cued_D1,0.02440,0.9844,5.9608,0.027,0.003
701,44864,orientation_cued_D2,0.70348,0.5469,2.7175,0.037,0.018
702,44928,orientation_cued_D0,0.00126,1.0000,0.2803,0.020,0.075
703,44992,orientation_cued_D1,0.00877,1.0000,1.6626,0.022,0.016
704,45056,orientation_cued_D2,0.70048,0.4688,2.0490,0.026,0.019
705,45120,orientation_cued_D0,0.00155,1.0000,0.5512,0.022,0.075
706,45184,orientation_cued_D1,0.02710,0.9844,7.9024,0.027,0.036
707,45248,orientation_cued_D2,0.69540,0.4688,1.9030,0.026,0.020
708,45312,orientation_cued_D0,0.01567,0.9844,6.6240,0.042,0.063
709,45376,orientation_cued_D1,0.00723,1.0000,1.4635,0.022,0.023
710,45440,orientation_cued_D2,0.71199,0.4844,2.7101,0.024,0.013
711,45504,orientation_cued_D0,0.00474,1.0000,1.6783,0.018,0.055
712,45568,orientation_cued_D1,0.00366,1.0000,0.7295,0.022,0.061
713,45632,orientation_cued_D2,0.64764,0.6406,2.7072,0.027,0.011
714,45696,orientation_cued_D0,0.00818,1.0000,2.3550,0.040,0.054
715,45760,orientation_cued_D1,0.00368,1.0000,0.5063,0.032,0.047
716,45824,orientation_cued_D2,0.66811,0.5781,3.3805,0.025,0.003
717,45888,orientation_cued_D0,0.00109,1.0000,0.4542,0.018,0.030
718,45952,orientation_cued_D1,0.01168,1.0000,5.0179,0.022,0.086
719,46016,orientation_cued_D2,0.67702,0.5625,2.6581,0.030,0.007
720,46080,orientation_cued_D0,0.00236,1.0000,1.3245,0.025,0.026
721,46144,orientation_cued_D1,0.01766,1.0000,6.3781,0.025,0.121
722,46208,orientation_cued_D2,0.67334,0.5156,3.0175,0.025,0.003
723,46272,orientation_cued_D0,0.01356,0.9844,6.5112,0.020,0.003
724,46336,orientation_cued_D1,0.01838,0.9844,11.0011,0.024,0.124
725,46400,orientation_cued_D2,0.68151,0.5938,2.6988,0.026,0.003
726,46464,orientation_cued_D0,0.00224,1.0000,1.1622,0.020,0.003
727,46528,orientation_cued_D1,0.00085,1.0000,0.1462,0.025,0.148
728,46592,orientation_cued_D0,0.00446,1.0000,1.9616,0.027,0.003
729,46656,orientation_cued_D2,0.68318,0.4688,3.2032,0.052,0.002
730,46720,orientation_cued_D1,0.00272,1.0000,1.3635,0.041,0.086
731,46784,orientation_cued_D0,0.00378,1.0000,1.5097,0.019,0.003
732,46848,orientation_cued_D2,0.67294,0.6562,3.3842,0.024,0.002
733,46912,orientation_cued_D1,0.00544,1.0000,2.4247,0.023,0.108
734,46976,orientation_cued_D0,0.00242,1.0000,1.6190,0.023,0.003
735,47040,orientation_cued_D2,0.65818,0.5625,2.6217,0.026,0.003
736,47104,orientation_cued_D0,0.01685,0.9844,8.0098,0.024,0.144
737,47168,orientation_cued_D1,0.02297,0.9844,7.2645,0.024,0.003
738,47232,orientation_cued_D2,0.69495,0.4844,4.3454,0.025,0.003
739,47296,orientation_cued_D0,0.01253,0.9844,7.9748,0.042,0.107
740,47360,orientation_cued_D1,0.03030,0.9844,11.2245,0.040,0.003
741,47424,orientation_cued_D2,0.67791,0.5781,2.5166,0.024,0.002
742,47488,orientation_cued_D0,0.00154,1.0000,0.5431,0.024,0.065
743,47552,orientation_cued_D1,0.00201,1.0000,1.1698,0.022,0.003
744,47616,orientation_cued_D2,0.65840,0.5469,2.6092,0.024,0.023
745,47680,orientation_cued_D0,0.00079,1.0000,0.3585,0.023,0.084
746,47744,orientation_cued_D1,0.02573,0.9844,8.9563,0.029,0.013
747,47808,orientation_cued_D2,0.68151,0.5000,4.2424,0.025,0.049
748,47872,orientation_cued_D0,0.02433,0.9844,8.3923,0.043,0.061
749,47936,orientation_cued_D1,0.00193,1.0000,0.2896,0.046,0.003
750,48000,orientation_cued_D2,0.68845,0.5000,3.1843,0.051,0.017
751,48064,orientation_cued_D0,0.01086,1.0000,5.4483,0.023,0.026
752,48128,orientation_cued_D1,0.00253,1.0000,0.6633,0.028,0.021
753,48192,orientation_cued_D2,0.69272,0.5312,5.0002,0.024,0.046
754,48256,orientation_cued_D0,0.00609,1.0000,1.8779,0.022,0.043
755,48320,orientation_cued_D1,0.07632,0.9844,11.5897,0.026,0.033
756,48384,orientation_cued_D2,0.69312,0.5312,3.4174,0.029,0.041
757,48448,orientation_cued_D0,0.00287,1.0000,1.1630,0.027,0.051
758,48512,orientation_cued_D1,0.01430,1.0000,4.9477,0.027,0.041
759,48576,orientation_cued_D2,0.68537,0.5625,3.9232,0.055,0.031
760,48640,orientation_cued_D0,0.10281,0.9844,5.6324,0.043,0.006
761,48704,orientation_cued_D1,0.02085,1.0000,9.6577,0.042,0.035
762,48768,orientation_cued_D2,0.64300,0.6562,2.1461,0.024,0.003
763,48832,orientation_cued_D0,0.00586,1.0000,3.3812,0.041,0.049
764,48896,orientation_cued_D1,0.00424,1.0000,1.4032,0.046,0.026
765,48960,orientation_cued_D2,0.69671,0.4375,2.3724,0.047,0.007
766,49024,orientation_cued_D0,0.00120,1.0000,0.2685,0.039,0.050
767,49088,orientation_cued_D1,0.00079,1.0000,0.0929,0.047,0.017
768,49152,orientation_cued_D2,0.65242,0.5625,2.4469,0.037,0.037
769,49216,orientation_cued_D0,0.00499,1.0000,1.9312,0.040,0.055
770,49280,orientation_cued_D1,0.00200,1.0000,0.4280,0.051,0.004
771,49344,orientation_cued_D2,0.67878,0.6406,2.3806,0.050,0.051
772,49408,orientation_cued_D0,0.00144,1.0000,0.5175,0.035,0.058
773,49472,orientation_cued_D1,0.00732,1.0000,2.2513,0.048,0.011
774,49536,orientation_cued_D2,0.65831,0.6562,2.0368,0.065,0.066
775,49600,orientation_cued_D0,0.00144,1.0000,0.2715,0.043,0.017
776,49664,orientation_cued_D1,0.01253,1.0000,4.5099,0.035,0.081
777,49728,orientation_cued_D2,0.70507,0.5000,2.3871,0.058,0.005
778,49792,orientation_cued_D0,0.00299,1.0000,1.5233,0.037,0.023
779,49856,orientation_cued_D1,0.02503,0.9844,10.5603,0.047,0.077
780,49920,orientation_cued_D2,0.66934,0.5938,3.9343,0.039,0.019
781,49984,orientation_cued_D0,0.00371,1.0000,1.4049,0.037,0.003
782,50048,orientation_cued_D1,0.04736,0.9844,14.7591,0.046,0.053
783,50112,orientation_cued_D2,0.71319,0.5312,4.1812,0.054,0.006
784,50176,orientation_cued_D0,0.00052,1.0000,0.0797,0.042,0.003
785,50240,orientation_cued_D1,0.02550,0.9844,9.4335,0.029,0.037
786,50304,orientation_cued_D2,0.68400,0.4844,3.4649,0.058,0.051
787,50368,orientation_cued_D0,0.00045,1.0000,0.1603,0.038,0.005
788,50432,orientation_cued_D1,0.00524,1.0000,0.9629,0.049,0.054
789,50496,orientation_cued_D2,0.66563,0.5625,3.0819,0.059,0.003
790,50560,orientation_cued_D0,0.00723,1.0000,3.1411,0.036,0.004
791,50624,orientation_cued_D1,0.01447,1.0000,5.9857,0.045,0.092
792,50688,orientation_cued_D2,0.65452,0.5938,2.1775,0.049,0.003
793,50752,orientation_cued_D0,0.00043,1.0000,0.0494,0.042,0.003
794,50816,orientation_cued_D1,0.00940,1.0000,4.1074,0.038,0.055
795,50880,orientation_cued_D0,0.00084,1.0000,0.2128,0.031,0.003
796,50944,orientation_cued_D2,0.63828,0.6875,2.3084,0.049,0.003
797,51008,orientation_cued_D1,0.00429,1.0000,1.3109,0.051,0.064
798,51072,orientation_cued_D0,0.06932,0.9844,12.2409,0.043,0.004
799,51136,orientation_cued_D2,0.69894,0.5469,3.8311,0.049,0.032
800,51200,orientation_cued_D0,0.00156,1.0000,0.4873,0.046,0.080
801,51264,orientation_cued_D1,0.00130,1.0000,0.3198,0.046,0.004
802,51328,orientation_cued_D2,0.70404,0.5469,2.2632,0.053,0.005
803,51392,orientation_cued_D0,0.00052,1.0000,0.1228,0.042,0.007
804,51456,orientation_cued_D1,0.03768,0.9844,9.2359,0.045,0.004
805,51520,orientation_cued_D2,0.67923,0.5156,2.0684,0.053,0.006
806,51584,orientation_cued_D0,0.01221,1.0000,4.4554,0.030,0.007
807,51648,orientation_cued_D1,0.00495,1.0000,1.1956,0.030,0.005
808,51712,orientation_cued_D2,0.65268,0.6094,2.6644,0.040,0.006
809,51776,orientation_cued_D0,0.00298,1.0000,1.0659,0.039,0.006
810,51840,orientation_cued_D1,0.00157,1.0000,0.2163,0.034,0.006
811,51904,orientation_cued_D2,0.67897,0.5781,2.4537,0.047,0.011
812,51968,orientation_cued_D0,0.00226,1.0000,0.6712,0.053,0.009
813,52032,orientation_cued_D1,0.03650,0.9844,10.3671,0.044,0.005
814,52096,orientation_cued_D2,0.69699,0.4688,4.0894,0.043,0.007
815,52160,orientation_cued_D0,0.00214,1.0000,0.5633,0.046,0.009
816,52224,orientation_cued_D1,0.04703,0.9688,11.1634,0.054,0.012
817,52288,orientation_cued_D2,0.70056,0.5156,3.1181,0.054,0.008
818,52352,orientation_cued_D0,0.00103,1.0000,0.4002,0.036,0.008
819,52416,orientation_cued_D1,0.03398,0.9844,8.7811,0.045,0.008
820,52480,orientation_cued_D0,0.03737,0.9844,6.4230,0.036,0.006
821,52544,orientation_cued_D2,0.68190,0.5312,1.9237,0.051,0.005
822,52608,orientation_cued_D1,0.02494,0.9844,8.9077,0.046,0.011
823,52672,orientation_cued_D0,0.00196,1.0000,0.4046,0.042,0.003
824,52736,orientation_cued_D2,0.66009,0.6094,3.0579,0.057,0.003
825,52800,orientation_cued_D1,0.02745,0.9844,6.8605,0.030,0.007
826,52864,orientation_cued_D0,0.00081,1.0000,0.1750,0.031,0.003
827,52928,orientation_cued_D2,0.67715,0.5625,2.1447,0.054,0.003
828,52992,orientation_cued_D1,0.00731,1.0000,2.6074,0.052,0.063
829,53056,orientation_cued_D0,0.00113,1.0000,0.2492,0.042,0.003
830,53120,orientation_cued_D2,0.65254,0.6406,3.0157,0.056,0.003
831,53184,orientation_cued_D1,0.00606,1.0000,1.5444,0.044,0.066
832,53248,orientation_cued_D0,0.02150,0.9844,7.8036,0.046,0.036
833,53312,orientation_cued_D2,0.64948,0.6562,2.1449,0.053,0.003
834,53376,orientation_cued_D1,0.02817,0.9844,11.3348,0.048,0.033
835,53440,orientation_cued_D0,0.00368,1.0000,1.2641,0.043,0.011
836,53504,orientation_cued_D2,0.65847,0.5469,2.4901,0.047,0.003
837,53568,orientation_cued_D1,0.01174,1.0000,6.4329,0.047,0.087
838,53632,orientation_cued_D0,0.00102,1.0000,0.2467,0.045,0.004
839,53696,orientation_cued_D2,0.67181,0.5625,2.2600,0.053,0.006
840,53760,orientation_cued_D1,0.00737,1.0000,1.2849,0.045,0.042
841,53824,orientation_cued_D0,0.00110,1.0000,0.2616,0.023,0.003
842,53888,orientation_cued_D2,0.64470,0.6250,3.0772,0.040,0.027
843,53952,orientation_cued_D1,0.03647,0.9688,13.7620,0.047,0.075
844,54016,orientation_cued_D0,0.00752,1.0000,2.7781,0.044,0.005
845,54080,orientation_cued_D2,0.65422,0.5625,4.2581,0.048,0.008
846,54144,orientation_cued_D1,0.08863,0.9844,7.4473,0.046,0.064
847,54208,orientation_cued_D0,0.00078,1.0000,0.1033,0.039,0.004
848,54272,orientation_cued_D2,0.68365,0.5781,5.1383,0.041,0.012
849,54336,orientation_cued_D0,0.00280,1.0000,1.5621,0.041,0.057
850,54400,orientation_cued_D1,0.00301,1.0000,0.6594,0.047,0.003
851,54464,orientation_cued_D2,0.65285,0.5938,5.6065,0.050,0.026
852,54528,orientation_cued_D0,0.00528,1.0000,2.1096,0.038,0.046
853,54592,orientation_cued_D1,0.00272,1.0000,0.5983,0.047,0.070
854,54656,orientation_cued_D2,0.68643,0.5312,5.4913,0.051,0.003
855,54720,orientation_cued_D0,0.00166,1.0000,0.3806,0.021,0.100
856,54784,orientation_cued_D2,0.68130,0.5469,2.8406,0.034,0.010
857,54848,orientation_cued_D1,0.00494,1.0000,1.3818,0.036,0.026
858,54912,orientation_cued_D2,0.67062,0.5312,2.5100,0.050,0.104
859,54976,orientation_cued_D0,0.00817,1.0000,3.2050,0.019,0.003
860,55040,orientation_cued_D1,0.00971,1.0000,2.7366,0.033,0.003
861,55104,orientation_cued_D2,0.70098,0.5156,4.6853,0.032,0.080
862,55168,orientation_cued_D0,0.00477,1.0000,2.0167,0.035,0.039
863,55232,orientation_cued_D1,0.05652,0.9688,17.9463,0.044,0.023
864,55296,orientation_cued_D2,0.67824,0.5469,2.5061,0.043,0.070
865,55360,orientation_cued_D0,0.02629,0.9844,10.4407,0.034,0.038
866,55424,orientation_cued_D1,0.06045,0.9844,10.7723,0.042,0.003
867,55488,orientation_cued_D2,0.64301,0.6562,2.2870,0.048,0.044
868,55552,orientation_cued_D0,0.01175,1.0000,3.3785,0.046,0.043
869,55616,orientation_cued_D1,0.00669,1.0000,1.1441,0.051,0.011
870,55680,orientation_cued_D2,0.62381,0.6562,3.4204,0.057,0.004
871,55744,orientation_cued_D0,0.00679,1.0000,3.6479,0.044,0.070
872,55808,orientation_cued_D1,0.06349,0.9844,9.9946,0.038,0.003
873,55872,orientation_cued_D2,0.65574,0.5781,3.8520,0.046,0.003
874,55936,orientation_cued_D0,0.01219,1.0000,3.6962,0.042,0.064
875,56000,orientation_cued_D1,0.04866,0.9844,10.5011,0.045,0.003
876,56064,orientation_cued_D2,0.62907,0.6719,2.9735,0.052,0.002
877,56128,orientation_cued_D0,0.00101,1.0000,0.1238,0.031,0.035
878,56192,orientation_cued_D1,0.01929,1.0000,5.5276,0.025,0.013
879,56256,orientation_cued_D2,0.70172,0.5938,2.5249,0.052,0.008
880,56320,orientation_cued_D1,0.00217,1.0000,0.7082,0.045,0.120
881,56384,orientation_cued_D0,0.00985,1.0000,5.6577,0.042,0.003
882,56448,orientation_cued_D2,0.67594,0.5469,3.3964,0.033,0.002
883,56512,orientation_cued_D1,0.01488,1.0000,4.3541,0.035,0.118
884,56576,orientation_cued_D0,0.00293,1.0000,1.5816,0.034,0.003
885,56640,orientation_cued_D2,0.70531,0.5781,3.2359,0.046,0.002
886,56704,orientation_cued_D0,0.00371,1.0000,2.6855,0.039,0.057
887,56768,orientation_cued_D2,0.63178,0.6719,2.2060,0.045,0.002
888,56832,orientation_cued_D1,0.00105,1.0000,0.1949,0.024,0.003
889,56896,orientation_cued_D0,0.00026,1.0000,0.0355,0.044,0.074
890,56960,orientation_cued_D2,0.67508,0.5312,3.9588,0.056,0.003
891,57024,orientation_cued_D1,0.00629,1.0000,2.6563,0.045,0.003
892,57088,orientation_cued_D0,0.03149,0.9688,14.7017,0.047,0.047
893,57152,orientation_cued_D2,0.73950,0.4375,3.5512,0.063,0.020
894,57216,orientation_cued_D1,0.00821,1.0000,2.7212,0.047,0.007
895,57280,orientation_cued_D0,0.00741,1.0000,2.8429,0.043,0.034
896,57344,orientation_cued_D2,0.63682,0.6406,4.1786,0.056,0.015
897,57408,orientation_cued_D1,0.05502,0.9688,13.0785,0.037,0.025
898,57472,orientation_cued_D0,0.00050,1.0000,0.1406,0.024,0.011
899,57536,orientation_cued_D2,0.65941,0.5938,3.0458,0.050,0.053
900,57600,orientation_cued_D1,0.01196,1.0000,3.5887,0.036,0.058
901,57664,orientation_cued_D0,0.00092,1.0000,0.2249,0.042,0.004
902,57728,orientation_cued_D2,0.65570,0.5625,2.6826,0.053,0.020
903,57792,orientation_cued_D1,0.02898,0.9844,11.0478,0.066,0.105
904,57856,orientation_cued_D0,0.00541,1.0000,2.8536,0.049,0.005
905,57920,orientation_cued_D2,0.63035,0.6562,3.4204,0.072,0.004
906,57984,orientation_cued_D0,0.02143,0.9844,7.2165,0.051,0.054
907,58048,orientation_cued_D1,0.00716,1.0000,1.3853,0.050,0.013
908,58112,orientation_cued_D2,0.61605,0.6562,2.8395,0.042,0.004
909,58176,orientation_cued_D0,0.00085,1.0000,0.2019,0.044,0.051
910,58240,orientation_cued_D2,0.69314,0.6094,5.7014,0.052,0.048
911,58304,orientation_cued_D1,0.00184,1.0000,0.5588,0.042,0.004
912,58368,orientation_cued_D0,0.00543,1.0000,2.3449,0.040,0.037
913,58432,orientation_cued_D2,0.64762,0.6250,5.3092,0.032,0.035
914,58496,orientation_cued_D1,0.00231,1.0000,0.8361,0.043,0.008
915,58560,orientation_cued_D0,0.03652,0.9844,7.3213,0.040,0.042
916,58624,orientation_cued_D2,0.66048,0.6562,2.8952,0.036,0.038
917,58688,orientation_cued_D1,0.00399,1.0000,0.8806,0.055,0.010
918,58752,orientation_cued_D0,0.00092,1.0000,0.4404,0.042,0.054
919,58816,orientation_cued_D2,0.66165,0.6250,3.2509,0.036,0.037
920,58880,orientation_cued_D1,0.00250,1.0000,0.8024,0.044,0.038
921,58944,orientation_cued_D0,0.00520,1.0000,3.1445,0.033,0.012
922,59008,orientation_cued_D2,0.68348,0.5625,2.2737,0.049,0.058
923,59072,orientation_cued_D1,0.01303,1.0000,7.8881,0.041,0.049
924,59136,orientation_cued_D0,0.00083,1.0000,0.2189,0.038,0.008
925,59200,orientation_cued_D2,0.66279,0.6562,2.7205,0.050,0.021
926,59264,orientation_cued_D0,0.00108,1.0000,0.2254,0.051,0.072
927,59328,orientation_cued_D1,0.00178,1.0000,0.3105,0.050,0.005
928,59392,orientation_cued_D2,0.66860,0.5156,3.8266,0.048,0.016
929,59456,orientation_cued_D0,0.01070,1.0000,6.2995,0.044,0.056
930,59520,orientation_cued_D1,0.00887,1.0000,3.8132,0.050,0.003
931,59584,orientation_cued_D2,0.64615,0.6250,3.0725,0.056,0.049
932,59648,orientation_cued_D0,0.00290,1.0000,0.7221,0.029,0.005
933,59712,orientation_cued_D1,0.00539,1.0000,1.5940,0.041,0.017
934,59776,orientation_cued_D2,0.74449,0.4688,5.5182,0.054,0.057
935,59840,orientation_cued_D0,0.00047,1.0000,0.1477,0.043,0.004
936,59904,orientation_cued_D1,0.00122,1.0000,0.3565,0.044,0.005
937,59968,orientation_cued_D2,0.62304,0.6719,2.2087,0.025,0.036
938,60032,orientation_cued_D0,0.00071,1.0000,0.3143,0.035,0.004
939,60096,orientation_cued_D1,0.01075,1.0000,5.3730,0.044,0.071
940,60160,orientation_cued_D2,0.62451,0.6406,4.0371,0.053,0.020
941,60224,orientation_cued_D0,0.00989,1.0000,4.4356,0.042,0.003
942,60288,orientation_cued_D1,0.02896,0.9844,7.6574,0.049,0.089
943,60352,orientation_cued_D0,0.00063,1.0000,0.1270,0.044,0.003
944,60416,orientation_cued_D2,0.66011,0.5625,3.0105,0.052,0.002
945,60480,orientation_cued_D1,0.00480,1.0000,2.3554,0.048,0.045
946,60544,orientation_cued_D0,0.01713,0.9844,6.8219,0.042,0.003
947,60608,orientation_cued_D2,0.62594,0.6094,2.8621,0.029,0.003
948,60672,orientation_cued_D1,0.00798,1.0000,2.2714,0.048,0.080
949,60736,orientation_cued_D0,0.00038,1.0000,0.0497,0.039,0.003
950,60800,orientation_cued_D2,0.70664,0.4844,2.9908,0.051,0.003
951,60864,orientation_cued_D1,0.01083,1.0000,4.6746,0.050,0.057
952,60928,orientation_cued_D0,0.00518,1.0000,3.1039,0.031,0.003
953,60992,orientation_cued_D2,0.62475,0.6719,4.2734,0.054,0.003
954,61056,orientation_cued_D1,0.00317,1.0000,0.7653,0.047,0.077
955,61120,orientation_cued_D0,0.00477,1.0000,1.6998,0.042,0.003
956,61184,orientation_cued_D2,0.69605,0.5625,3.8355,0.052,0.002
957,61248,orientation_cued_D1,0.00809,1.0000,2.4189,0.027,0.043
958,61312,orientation_cued_D0,0.00123,1.0000,0.4795,0.040,0.003
959,61376,orientation_cued_D2,0.63810,0.6562,1.9795,0.057,0.025
960,61440,orientation_cued_D1,0.00133,1.0000,0.1763,0.042,0.049
961,61504,orientation_cued_D0,0.00149,1.0000,0.3152,0.044,0.003
962,61568,orientation_cued_D2,0.64592,0.6250,3.7277,0.055,0.021
963,61632,orientation_cued_D1,0.05550,0.9688,18.6670,0.053,0.083
964,61696,orientation_cued_D0,0.00709,1.0000,4.7544,0.060,0.005
965,61760,orientation_cued_D2,0.66976,0.6094,6.1628,0.053,0.016
966,61824,orientation_cued_D0,0.00244,1.0000,1.0752,0.040,0.071
967,61888,orientation_cued_D1,0.00546,1.0000,1.7400,0.047,0.004
968,61952,orientation_cued_D2,0.60543,0.6719,3.0323,0.053,0.005
969,62016,orientation_cued_D1,0.01030,1.0000,3.6168,0.044,0.055
970,62080,orientation_cued_D0,0.00242,1.0000,0.8358,0.034,0.004
971,62144,orientation_cued_D2,0.64104,0.5312,4.2303,0.046,0.008
972,62208,orientation_cued_D1,0.00383,1.0000,0.7634,0.048,0.065
973,62272,orientation_cued_D0,0.00303,1.0000,1.8328,0.041,0.066
974,62336,orientation_cued_D2,0.66308,0.6406,2.5365,0.053,0.003
975,62400,orientation_cued_D1,0.00277,1.0000,1.8473,0.043,0.030
976,62464,orientation_cued_D0,0.01034,1.0000,4.0089,0.039,0.018
977,62528,orientation_cued_D2,0.67354,0.6406,3.3019,0.049,0.074
978,62592,orientation_cued_D1,0.01476,0.9844,7.5583,0.024,0.004
979,62656,orientation_cued_D0,0.00936,1.0000,3.5858,0.027,0.018
980,62720,orientation_cued_D2,0.73558,0.5469,2.8626,0.051,0.128
981,62784,orientation_cued_D1,0.14320,0.9531,27.0641,0.041,0.005
982,62848,orientation_cued_D0,0.00067,1.0000,0.1744,0.020,0.003
983,62912,orientation_cued_D2,0.65380,0.5781,3.1529,0.039,0.093
984,62976,orientation_cued_D1,0.00618,1.0000,3.2100,0.047,0.004
985,63040,orientation_cued_D0,0.00354,1.0000,2.7621,0.042,0.010
986,63104,orientation_cued_D2,0.62407,0.6094,3.1958,0.044,0.080
987,63168,orientation_cued_D1,0.00943,1.0000,3.4867,0.040,0.003
988,63232,orientation_cued_D0,0.02071,0.9844,8.0041,0.031,0.026
989,63296,orientation_cued_D1,0.00572,1.0000,1.2228,0.043,0.085
990,63360,orientation_cued_D2,0.70725,0.5781,5.2465,0.049,0.005
991,63424,orientation_cued_D0,0.00408,1.0000,1.5235,0.030,0.004
992,63488,orientation_cued_D1,0.05563,0.9844,7.6948,0.037,0.117
993,63552,orientation_cued_D2,0.67484,0.5469,2.5078,0.050,0.003
994,63616,orientation_cued_D0,0.00092,1.0000,0.2511,0.040,0.003
995,63680,orientation_cued_D1,0.10133,0.9844,9.2058,0.028,0.067
996,63744,orientation_cued_D2,0.64231,0.5781,2.2644,0.051,0.003
997,63808,orientation_cued_D0,0.00043,1.0000,0.1182,0.040,0.003
998,63872,orientation_cued_D1,0.01997,0.9844,5.7106,0.045,0.068
999,63936,orientation_cued_D2,0.69320,0.5938,6.1325,0.052,0.002
1000,64000,orientation_cued_D0,0.00348,1.0000,1.2579,0.039,0.003
1001,64064,orientation_cued_D1,0.00537,1.0000,1.3246,0.036,0.006
1002,64128,orientation_cued_D2,0.67414,0.5469,5.1829,0.056,0.009
1003,64192,orientation_cued_D0,0.00153,1.0000,0.4675,0.039,0.008
1004,64256,orientation_cued_D1,0.01230,1.0000,3.4703,0.044,0.005
1005,64320,orientation_cued_D2,0.65589,0.5625,3.4526,0.030,0.005
1006,64384,orientation_cued_D0,0.00485,1.0000,1.4043,0.039,0.006
1007,64448,orientation_cued_D2,0.66272,0.5938,2.4423,0.065,0.006
1008,64512,orientation_cued_D1,0.01813,0.9844,7.4057,0.040,0.010
1009,64576,orientation_cued_D0,0.00053,1.0000,0.1061,0.043,0.007
1010,64640,orientation_cued_D1,0.02682,0.9844,8.0881,0.036,0.008
1011,64704,orientation_cued_D2,0.67457,0.5938,4.1578,0.043,0.011
1012,64768,orientation_cued_D0,0.03978,0.9844,10.8480,0.034,0.007
1013,64832,orientation_cued_D1,0.01073,1.0000,2.4121,0.043,0.007
1014,64896,orientation_cued_D2,0.66366,0.6094,2.8002,0.053,0.006
1015,64960,orientation_cued_D0,0.00530,1.0000,2.1523,0.039,0.008
1016,65024,orientation_cued_D1,0.00385,1.0000,0.8882,0.037,0.005
1017,65088,orientation_cued_D2,0.67958,0.5469,5.0475,0.044,0.006
1018,65152,orientation_cued_D0,0.00209,1.0000,0.6816,0.043,0.011
1019,65216,orientation_cued_D1,0.01677,1.0000,4.3581,0.053,0.002
1020,65280,orientation_cued_D2,0.70161,0.4062,4.5161,0.042,0.003
1021,65344,orientation_cued_D1,0.01644,0.9844,7.4585,0.044,0.068
1022,65408,orientation_cued_D0,0.03822,0.9844,7.9726,0.036,0.003
1023,65472,orientation_cued_D2,0.64040,0.6406,2.7273,0.054,0.003
1024,65536,orientation_cued_D1,0.00172,1.0000,0.3352,0.038,0.093
1025,65600,orientation_cued_D2,0.63301,0.6250,4.8711,0.049,0.012
1026,65664,orientation_cued_D0,0.00038,1.0000,0.0455,0.040,0.003
1027,65728,orientation_cued_D1,0.02380,0.9844,9.9656,0.040,0.081
1028,65792,orientation_cued_D0,0.00077,1.0000,0.2306,0.042,0.003
1029,65856,orientation_cued_D2,0.63916,0.6406,3.9061,0.052,0.002
1030,65920,orientation_cued_D1,0.00574,1.0000,2.3450,0.046,0.069
1031,65984,orientation_cued_D2,0.62286,0.6094,5.1470,0.053,0.003
1032,66048,orientation_cued_D0,0.00070,1.0000,0.0979,0.021,0.003
1033,66112,orientation_cued_D0,0.00102,1.0000,0.5055,0.044,0.092
1034,66176,orientation_cued_D1,0.00338,1.0000,1.4790,0.041,0.012
1035,66240,orientation_cued_D2,0.61337,0.6094,3.0568,0.049,0.003
1036,66304,orientation_cued_D0,0.00358,1.0000,1.3472,0.047,0.040
1037,66368,orientation_cued_D1,0.01423,0.9844,7.4390,0.040,0.039
1038,66432,orientation_cued_D2,0.70299,0.5938,8.4644,0.045,0.004
1039,66496,orientation_cued_D0,0.00107,1.0000,0.4337,0.040,0.035
1040,66560,orientation_cued_D1,0.00802,1.0000,4.3662,0.046,0.048
1041,66624,orientation_cued_D2,0.66471,0.5938,4.0289,0.053,0.003
1042,66688,orientation_cued_D0,0.01522,0.9844,8.1405,0.042,0.003
1043,66752,orientation_cued_D1,0.00359,1.0000,1.5873,0.027,0.051
1044,66816,orientation_cued_D2,0.74868,0.4844,4.4359,0.052,0.003
1045,66880,orientation_cued_D0,0.02518,0.9844,9.2113,0.042,0.009
1046,66944,orientation_cued_D2,0.68360,0.5938,4.4068,0.052,0.067
1047,67008,orientation_cued_D1,0.01323,1.0000,4.6380,0.052,0.004
1048,67072,orientation_cued_D0,0.01068,1.0000,3.4361,0.032,0.005
1049,67136,orientation_cued_D2,0.67566,0.5469,3.3163,0.055,0.082
1050,67200,orientation_cued_D1,0.00335,1.0000,1.0285,0.044,0.003
1051,67264,orientation_cued_D0,0.00191,1.0000,0.7703,0.042,0.003
1052,67328,orientation_cued_D2,0.64303,0.6094,2.4905,0.053,0.037
1053,67392,orientation_cued_D1,0.00427,1.0000,1.3095,0.025,0.003
1054,67456,orientation_cued_D0,0.00123,1.0000,0.5572,0.030,0.003
1055,67520,orientation_cued_D2,0.74160,0.4219,5.3291,0.057,0.073
1056,67584,orientation_cued_D0,0.00176,1.0000,0.3213,0.033,0.003
1057,67648,orientation_cued_D1,0.09961,0.9688,13.9788,0.046,0.003
1058,67712,orientation_cued_D2,0.62660,0.6250,1.9975,0.060,0.039
1059,67776,orientation_cued_D0,0.03592,0.9844,8.4996,0.029,0.017
1060,67840,orientation_cued_D1,0.02499,0.9844,12.5275,0.043,0.004
1061,67904,orientation_cued_D2,0.70452,0.4844,2.3086,0.054,0.080
1062,67968,orientation_cued_D0,0.00106,1.0000,0.2479,0.048,0.042
1063,68032,orientation_cued_D1,0.00386,1.0000,0.6936,0.052,0.004
1064,68096,orientation_cued_D2,0.67280,0.5781,3.2756,0.046,0.023
1065,68160,orientation_cued_D0,0.00100,1.0000,0.4017,0.039,0.036
1066,68224,orientation_cued_D1,0.00169,1.0000,0.4180,0.046,0.025
1067,68288,orientation_cued_D2,0.66865,0.5469,2.0522,0.051,0.018
1068,68352,orientation_cued_D0,0.00378,1.0000,1.1668,0.041,0.028
1069,68416,orientation_cued_D1,0.00486,1.0000,2.0337,0.045,0.040
1070,68480,orientation_cued_D2,0.63597,0.6719,2.8369,0.038,0.002
1071,68544,orientation_cued_D0,0.00596,1.0000,2.1489,0.040,0.016
1072,68608,orientation_cued_D1,0.02960,1.0000,8.5063,0.047,0.051
1073,68672,orientation_cued_D2,0.63305,0.6562,2.1193,0.043,0.029
1074,68736,orientation_cued_D0,0.00646,1.0000,2.7895,0.031,0.016
1075,68800,orientation_cued_D1,0.00832,1.0000,2.9679,0.044,0.067
1076,68864,orientation_cued_D2,0.70563,0.5469,2.6078,0.036,0.033
1077,68928,orientation_cued_D0,0.00215,1.0000,1.0473,0.044,0.009
1078,68992,orientation_cued_D1,0.00156,1.0000,0.3914,0.047,0.041
1079,69056,orientation_cued_D2,0.66668,0.6094,3.8949,0.041,0.027
1080,69120,orientation_cued_D0,0.01041,1.0000,5.6584,0.044,0.012
1081,69184,orientation_cued_D1,0.00623,1.0000,1.4933,0.044,0.038
1082,69248,orientation_cued_D2,0.66204,0.6719,2.7522,0.053,0.032
1083,69312,orientation_cued_D0,0.01021,1.0000,2.7345,0.048,0.005
1084,69376,orientation_cued_D1,0.00611,1.0000,3.7360,0.034,0.047
1085,69440,orientation_cued_D2,0.67008,0.6094,2.2031,0.056,0.073
1086,69504,orientation_cued_D0,0.00701,1.0000,2.7848,0.046,0.005
1087,69568,orientation_cued_D1,0.07018,0.9844,10.7992,0.049,0.003
1088,69632,orientation_cued_D2,0.65412,0.5625,2.7253,0.053,0.042
1089,69696,orientation_cued_D0,0.00072,1.0000,0.0974,0.042,0.003
1090,69760,orientation_cued_D1,0.01527,1.0000,6.9000,0.028,0.003
1091,69824,orientation_cued_D2,0.65352,0.5312,2.4369,0.054,0.051
1092,69888,orientation_cued_D0,0.00095,1.0000,0.2161,0.042,0.003
1093,69952,orientation_cued_D1,0.00306,1.0000,0.5565,0.050,0.007
1094,70016,orientation_cued_D0,0.00068,1.0000,0.2523,0.041,0.023
1095,70080,orientation_cued_D2,0.64671,0.5781,2.8282,0.038,0.002
1096,70144,orientation_cued_D1,0.00363,1.0000,0.8494,0.027,0.035
1097,70208,orientation_cued_D0,0.01252,0.9844,5.6267,0.036,0.041
1098,70272,orientation_cued_D2,0.70807,0.5156,2.8909,0.046,0.002
1099,70336,orientation_cued_D1,0.00437,1.0000,1.1813,0.048,0.038
1100,70400,orientation_cued_D0,0.00066,1.0000,0.1059,0.044,0.014
1101,70464,orientation_cued_D2,0.64879,0.6094,2.4557,0.056,0.003
1102,70528,orientation_cued_D1,0.02633,0.9844,11.5182,0.048,0.078
1103,70592,orientation_cued_D0,0.00132,1.0000,0.4897,0.042,0.003
1104,70656,orientation_cued_D2,0.61408,0.6406,2.7805,0.052,0.002
1105,70720,orientation_cued_D1,0.05075,0.9844,12.2099,0.052,0.036
1106,70784,orientation_cued_D0,0.00016,1.0000,0.0121,0.039,0.003
1107,70848,orientation_cued_D2,0.67058,0.5938,1.7921,0.027,0.002
1108,70912,orientation_cued_D1,0.00505,1.0000,2.9956,0.044,0.094
1109,70976,orientation_cued_D0,0.00337,1.0000,1.3294,0.044,0.004
1110,71040,orientation_cued_D2,0.64124,0.6094,3.9731,0.053,0.003
1111,71104,orientation_cued_D0,0.00081,1.0000,0.1284,0.039,0.063
1112,71168,orientation_cued_D1,0.07125,0.9844,10.2506,0.044,0.004
1113,71232,orientation_cued_D2,0.67548,0.5781,3.1884,0.056,0.004
1114,71296,orientation_cued_D0,0.01148,0.9844,5.9192,0.043,0.069
1115,71360,orientation_cued_D1,0.00474,1.0000,1.7211,0.045,0.003
1116,71424,orientation_cued_D2,0.61078,0.6406,2.7959,0.054,0.003
1117,71488,orientation_cued_D0,0.00073,1.0000,0.1663,0.021,0.028
1118,71552,orientation_cued_D1,0.00836,1.0000,4.6937,0.047,0.024
1119,71616,orientation_cued_D2,0.67024,0.5469,4.2549,0.053,0.005
1120,71680,orientation_cued_D0,0.00035,1.0000,0.0520,0.034,0.054
1121,71744,orientation_cued_D1,0.01178,1.0000,7.0485,0.047,0.003
1122,71808,orientation_cued_D2,0.68201,0.6094,3.2606,0.057,0.022
1123,71872,orientation_cued_D0,0.00745,1.0000,4.4652,0.042,0.041
1124,71936,orientation_cued_D1,0.00076,1.0000,0.1278,0.063,0.022
1125,72000,orientation_cued_D2,0.64622,0.5938,2.6369,0.055,0.024
1126,72064,orientation_cued_D0,0.02570,0.9844,8.1355,0.032,0.003
1127,72128,orientation_cued_D1,0.00301,1.0000,0.4120,0.043,0.040
1128,72192,orientation_cued_D2,0.66699,0.5469,3.4008,0.044,0.051
1129,72256,orientation_cued_D0,0.00172,1.0000,0.5101,0.038,0.005
1130,72320,orientation_cued_D1,0.01735,1.0000,3.4645,0.051,0.029
1131,72384,orientation_cued_D2,0.65512,0.6250,2.8689,0.046,0.043
1132,72448,orientation_cued_D0,0.00038,1.0000,0.1049,0.043,0.005
1133,72512,orientation_cued_D1,0.06581,0.9844,17.4262,0.049,0.035
1134,72576,orientation_cued_D0,0.00483,1.0000,1.3396,0.026,0.025
1135,72640,orientation_cued_D2,0.66066,0.6406,1.8559,0.055,0.003
1136,72704,orientation_cued_D1,0.00089,1.0000,0.1243,0.045,0.041
1137,72768,orientation_cued_D0,0.00564,1.0000,3.0278,0.035,0.022
1138,72832,orientation_cued_D2,0.63230,0.6094,2.6593,0.060,0.004
1139,72896,orientation_cued_D1,0.03083,0.9844,14.9804,0.052,0.064
1140,72960,orientation_cued_D0,0.00241,1.0000,0.9077,0.036,0.004
1141,73024,orientation_cued_D2,0.64071,0.6875,2.6375,0.066,0.006
1142,73088,orientation_cued_D1,0.00193,1.0000,0.3970,0.048,0.061
1143,73152,orientation_cued_D0,0.00386,1.0000,2.0614,0.033,0.003
1144,73216,orientation_cued_D2,0.64575,0.5938,2.7783,0.051,0.003
1145,73280,orientation_cued_D1,0.00248,1.0000,0.4249,0.035,0.074
1146,73344,orientation_cued_D0,0.00669,1.0000,3.1069,0.034,0.011
1147,73408,orientation_cued_D2,0.65142,0.5938,2.3023,0.045,0.016
1148,73472,orientation_cued_D1,0.00447,1.0000,1.4191,0.038,0.077
1149,73536,orientation_cued_D0,0.00418,1.0000,2.1825,0.041,0.009
1150,73600,orientation_cued_D2,0.62922,0.5781,3.0731,0.060,0.003
1151,73664,orientation_cued_D1,0.03058,0.9844,11.7791,0.048,0.047
1152,73728,orientation_cued_D0,0.00265,1.0000,0.8760,0.043,0.008
1153,73792,orientation_cued_D2,0.64133,0.6406,1.5089,0.052,0.002
1154,73856,orientation_cued_D1,0.01015,1.0000,2.7619,0.050,0.043
1155,73920,orientation_cued_D0,0.00115,1.0000,0.2315,0.042,0.003
1156,73984,orientation_cued_D2,0.61585,0.6562,2.2201,0.052,0.002
1157,74048,orientation_cued_D1,0.00465,1.0000,1.9017,0.046,0.033
1158,74112,orientation_cued_D0,0.00692,1.0000,4.3248,0.042,0.003
1159,74176,orientation_cued_D2,0.65219,0.5781,3.2586,0.054,0.003
1160,74240,orientation_cued_D0,0.01091,1.0000,4.5801,0.031,0.091
1161,74304,orientation_cued_D1,0.00778,1.0000,4.4452,0.040,0.003
1162,74368,orientation_cued_D2,0.65300,0.6406,3.7820,0.047,0.045
1163,74432,orientation_cued_D1,0.08386,0.9844,12.7698,0.045,0.107
1164,74496,orientation_cued_D0,0.00066,1.0000,0.1205,0.045,0.003
1165,74560,orientation_cued_D2,0.64091,0.6562,2.5633,0.058,0.086
1166,74624,orientation_cued_D1,0.00129,1.0000,0.1879,0.041,0.004
1167,74688,orientation_cued_D0,0.00611,1.0000,2.6077,0.042,0.003
1168,74752,orientation_cued_D2,0.68250,0.5469,3.9143,0.057,0.027
1169,74816,orientation_cued_D1,0.00357,1.0000,0.7495,0.027,0.026
1170,74880,orientation_cued_D0,0.00342,1.0000,1.7028,0.026,0.004
1171,74944,orientation_cued_D2,0.66357,0.5156,2.3381,0.053,0.064
1172,75008,orientation_cued_D1,0.00513,1.0000,0.8424,0.045,0.031
1173,75072,orientation_cued_D0,0.02883,0.9844,10.8987,0.044,0.004
1174,75136,orientation_cued_D2,0.70100,0.5781,2.8632,0.047,0.040
1175,75200,orientation_cued_D1,0.06106,0.9688,11.2456,0.044,0.059
1176,75264,orientation_cued_D0,0.00101,1.0000,0.2265,0.042,0.003
1177,75328,orientation_cued_D2,0.71240,0.5156,3.6389,0.054,0.030
1178,75392,orientation_cued_D1,0.03622,0.9844,8.8746,0.046,0.024
1179,75456,orientation_cued_D0,0.00799,1.0000,4.4345,0.030,0.003
1180,75520,orientation_cued_D2,0.59822,0.7656,2.8400,0.053,0.040
1181,75584,orientation_cued_D1,0.03004,0.9844,7.1349,0.039,0.029
1182,75648,orientation_cued_D0,0.00039,1.0000,0.1131,0.038,0.003
1183,75712,orientation_cued_D2,0.66970,0.5781,2.4085,0.054,0.038
1184,75776,orientation_cued_D1,0.00388,1.0000,0.9559,0.053,0.022
1185,75840,orientation_cued_D0,0.01536,0.9844,7.4294,0.035,0.022
1186,75904,orientation_cued_D2,0.63398,0.6250,3.9074,0.058,0.050
1187,75968,orientation_cued_D1,0.00150,1.0000,0.2433,0.051,0.045
1188,76032,orientation_cued_D0,0.00076,1.0000,0.2980,0.041,0.061
1189,76096,orientation_cued_D2,0.70008,0.5938,4.2806,0.052,0.004
1190,76160,orientation_cued_D1,0.00829,1.0000,2.6385,0.043,0.029
1191,76224,orientation_cued_D0,0.00079,1.0000,0.2322,0.044,0.083
1192,76288,orientation_cued_D2,0.65466,0.5938,4.7517,0.055,0.005
1193,76352,orientation_cued_D1,0.00222,1.0000,0.4861,0.046,0.003
1194,76416,orientation_cued_D0,0.00259,1.0000,1.5532,0.031,0.091
1195,76480,orientation_cued_D2,0.62663,0.6250,2.0283,0.053,0.003
1196,76544,orientation_cued_D1,0.00502,1.0000,3.4371,0.044,0.003
1197,76608,orientation_cued_D0,0.00161,1.0000,0.7346,0.037,0.055
1198,76672,orientation_cued_D2,0.75624,0.5469,5.5734,0.058,0.003
1199,76736,orientation_cued_D1,0.01531,0.9844,8.3263,0.045,0.026
1200,76800,orientation_cued_D2,0.68356,0.5781,2.1055,0.054,0.069
1201,76864,orientation_cued_D0,0.00046,1.0000,0.0420,0.031,0.006
1202,76928,orientation_cued_D1,0.00197,1.0000,0.5018,0.047,0.007
1203,76992,orientation_cued_D2,0.65027,0.5625,2.5321,0.053,0.006
1204,77056,orientation_cued_D0,0.00916,1.0000,2.7982,0.043,0.006
1205,77120,orientation_cued_D1,0.04458,0.9688,11.2174,0.044,0.006
1206,77184,orientation_cued_D2,0.66736,0.5625,1.6086,0.058,0.010
1207,77248,orientation_cued_D0,0.02094,0.9844,6.7528,0.041,0.006
1208,77312,orientation_cued_D0,0.00103,1.0000,0.2995,0.041,0.004
1209,77376,orientation_cued_D2,0.67046,0.6094,2.1628,0.036,0.004
1210,77440,orientation_cued_D1,0.00082,1.0000,0.1224,0.047,0.012
1211,77504,orientation_cued_D0,0.00136,1.0000,0.5484,0.046,0.010
1212,77568,orientation_cued_D2,0.60490,0.6406,3.2773,0.057,0.008
1213,77632,orientation_cued_D1,0.00384,1.0000,2.1540,0.047,0.011
1214,77696,orientation_cued_D0,0.00655,1.0000,2.4128,0.040,0.009
1215,77760,orientation_cued_D2,0.75495,0.4062,3.4652,0.053,0.008
1216,77824,orientation_cued_D1,0.00529,1.0000,2.1354,0.051,0.007
1217,77888,orientation_cued_D0,0.03009,0.9844,10.5551,0.025,0.008
1218,77952,orientation_cued_D2,0.66110,0.6094,3.8196,0.048,0.008
1219,78016,orientation_cued_D0,0.01556,0.9844,5.3621,0.036,0.008
1220,78080,orientation_cued_D1,0.03699,0.9844,11.6672,0.044,0.006
1221,78144,orientation_cued_D2,0.66538,0.5781,3.1864,0.041,0.006
1222,78208,orientation_cued_D0,0.01577,0.9844,6.5462,0.036,0.003
1223,78272,orientation_cued_D1,0.01546,0.9844,6.0508,0.034,0.002
1224,78336,orientation_cued_D0,0.00093,1.0000,0.2423,0.031,0.057
1225,78400,orientation_cued_D2,0.64116,0.6406,3.0706,0.044,0.003
1226,78464,orientation_cued_D1,0.00318,1.0000,1.5924,0.044,0.003
1227,78528,orientation_cued_D0,0.00063,1.0000,0.1942,0.039,0.067
1228,78592,orientation_cued_D2,0.63231,0.6250,5.1177,0.057,0.030
1229,78656,orientation_cued_D1,0.00372,1.0000,0.7669,0.039,0.004
1230,78720,orientation_cued_D0,0.10027,0.9688,12.5914,0.046,0.037
1231,78784,orientation_cued_D1,0.00621,1.0000,1.7494,0.046,0.005
1232,78848,orientation_cued_D2,0.67982,0.5938,2.9632,0.059,0.016
1233,78912,orientation_cued_D0,0.00187,1.0000,0.4374,0.036,0.062
1234,78976,orientation_cued_D1,0.00328,1.0000,1.0605,0.042,0.008
1235,79040,orientation_cued_D2,0.66141,0.5781,3.0216,0.039,0.092
1236,79104,orientation_cued_D0,0.01359,1.0000,4.4270,0.030,0.003
1237,79168,orientation_cued_D1,0.01411,1.0000,4.4523,0.045,0.057
1238,79232,orientation_cued_D2,0.66193,0.5938,3.4495,0.047,0.064
1239,79296,orientation_cued_D0,0.00249,1.0000,1.4447,0.026,0.003
1240,79360,orientation_cued_D1,0.01533,0.9844,9.1647,0.031,0.049
1241,79424,orientation_cued_D0,0.00164,1.0000,0.5308,0.039,0.092
1242,79488,orientation_cued_D2,0.67221,0.5469,3.7019,0.045,0.004
1243,79552,orientation_cued_D1,0.01385,1.0000,6.2054,0.044,0.038
1244,79616,orientation_cued_D0,0.00122,1.0000,0.5556,0.038,0.033
1245,79680,orientation_cued_D2,0.65833,0.6250,5.1402,0.055,0.026
1246,79744,orientation_cued_D1,0.01144,1.0000,4.9974,0.046,0.023
1247,79808,orientation_cued_D0,0.00986,1.0000,4.3213,0.043,0.005
1248,79872,orientation_cued_D2,0.59529,0.6406,4.6120,0.053,0.018
1249,79936,orientation_cued_D1,0.00112,1.0000,0.1421,0.045,0.035
1250,80000,orientation_cued_D0,0.00367,1.0000,1.7935,0.044,0.003
1251,80064,orientation_cued_D2,0.66845,0.5938,2.1852,0.025,0.008
1252,80128,orientation_cued_D1,0.00099,1.0000,0.1558,0.038,0.071
1253,80192,orientation_cued_D0,0.00062,1.0000,0.1246,0.021,0.003
1254,80256,orientation_cued_D2,0.67740,0.5000,2.5167,0.043,0.084
1255,80320,orientation_cued_D1,0.00786,1.0000,1.5662,0.038,0.023
1256,80384,orientation_cued_D0,0.00096,1.0000,0.1840,0.032,0.003
1257,80448,orientation_cued_D0,0.00040,1.0000,0.0921,0.040,0.147
1258,80512,orientation_cued_D2,0.65379,0.6250,2.9753,0.051,0.002
1259,80576,orientation_cued_D1,0.00096,1.0000,0.1314,0.048,0.003
1260,80640,orientation_cued_D2,0.64716,0.5781,2.5832,0.055,0.051
1261,80704,orientation_cued_D0,0.00046,1.0000,0.1269,0.043,0.004
1262,80768,orientation_cued_D1,0.00323,1.0000,1.0147,0.026,0.003
1263,80832,orientation_cued_D2,0.68188,0.5938,4.4488,0.054,0.074
1264,80896,orientation_cued_D1,0.00211,1.0000,0.4303,0.047,0.004
1265,80960,orientation_cued_D0,0.00108,1.0000,0.3452,0.038,0.004
1266,81024,orientation_cued_D2,0.65056,0.6562,3.9676,0.047,0.065
1267,81088,orientation_cued_D0,0.01711,0.9844,8.7194,0.043,0.005
1268,81152,orientation_cued_D1,0.00557,1.0000,2.1477,0.044,0.004
1269,81216,orientation_cued_D2,0.70437,0.5156,3.2850,0.050,0.091
1270,81280,orientation_cued_D1,0.01731,0.9844,3.8522,0.048,0.004
1271,81344,orientation_cued_D0,0.00063,1.0000,0.0981,0.045,0.004
1272,81408,orientation_cued_D2,0.66540,0.5625,2.7150,0.057,0.060
1273,81472,orientation_cued_D1,0.00234,1.0000,0.9029,0.050,0.007
1274,81536,orientation_cued_D0,0.03174,0.9844,13.1189,0.043,0.004
1275,81600,orientation_cued_D0,0.01446,0.9844,7.0348,0.044,0.062
1276,81664,orientation_cued_D2,0.60789,0.7031,3.5281,0.052,0.003
1277,81728,orientation_cued_D1,0.01806,0.9844,5.3934,0.050,0.003
1278,81792,orientation_cued_D0,0.06942,0.9844,8.9063,0.027,0.042
1279,81856,orientation_cued_D2,0.67197,0.5781,3.1180,0.051,0.003
1280,81920,orientation_cued_D1,0.00135,1.0000,0.2474,0.049,0.004
1281,81984,orientation_cued_D1,0.00349,1.0000,1.1692,0.044,0.086
1282,82048,orientation_cued_D2,0.74334,0.5312,3.6701,0.056,0.003
1283,82112,orientation_cued_D0,0.01345,1.0000,7.4159,0.046,0.004
1284,82176,orientation_cued_D2,0.66351,0.5781,1.9199,0.053,0.042
1285,82240,orientation_cued_D1,0.00639,1.0000,2.4163,0.048,0.005
1286,82304,orientation_cued_D0,0.06951,0.9844,9.9292,0.043,0.004
1287,82368,orientation_cued_D2,0.66199,0.6250,2.7418,0.040,0.051
1288,82432,orientation_cued_D1,0.01455,1.0000,3.9307,0.053,0.005
1289,82496,orientation_cued_D0,0.00076,1.0000,0.2444,0.055,0.006
1290,82560,orientation_cued_D2,0.63421,0.6250,2.8792,0.052,0.070
1291,82624,orientation_cued_D1,0.00341,1.0000,0.4916,0.046,0.004
1292,82688,orientation_cued_D0,0.01515,0.9844,6.4306,0.043,0.004
1293,82752,orientation_cued_D2,0.62892,0.6719,2.6028,0.032,0.052
1294,82816,orientation_cued_D1,0.00437,1.0000,0.7026,0.043,0.043
1295,82880,orientation_cued_D0,0.01727,0.9844,7.2151,0.038,0.003
1296,82944,orientation_cued_D2,0.67437,0.5938,2.4158,0.045,0.038
1297,83008,orientation_cued_D0,0.00193,1.0000,0.6925,0.046,0.045
1298,83072,orientation_cued_D1,0.05112,0.9844,11.0324,0.039,0.003
1299,83136,orientation_cued_D2,0.61814,0.6094,2.8775,0.048,0.076
1300,83200,orientation_cued_D0,0.04958,0.9844,8.6743,0.050,0.084
1301,83264,orientation_cued_D1,0.03447,0.9844,11.4925,0.050,0.004
1302,83328,orientation_cued_D2,0.64781,0.5938,2.4383,0.036,0.002
1303,83392,orientation_cued_D0,0.00088,1.0000,0.2679,0.025,0.073
1304,83456,orientation_cued_D1,0.00222,1.0000,0.4621,0.046,0.004
1305,83520,orientation_cued_D2,0.69339,0.4844,4.3147,0.052,0.031
1306,83584,orientation_cued_D0,0.00787,1.0000,2.5501,0.036,0.062
1307,83648,orientation_cued_D2,0.67085,0.5781,4.4005,0.050,0.043
1308,83712,orientation_cued_D1,0.00430,1.0000,1.7447,0.042,0.003
1309,83776,orientation_cued_D0,0.00199,1.0000,0.7536,0.040,0.008
1310,83840,orientation_cued_D2,0.67999,0.5312,3.3439,0.053,0.039
1311,83904,orientation_cued_D1,0.01893,0.9844,8.1122,0.045,0.003
1312,83968,orientation_cued_D0,0.00068,1.0000,0.1485,0.043,0.002
1313,84032,orientation_cued_D2,0.63487,0.6562,3.5693,0.042,0.048
1314,84096,orientation_cued_D1,0.01449,0.9844,6.1791,0.024,0.003
1315,84160,orientation_cued_D0,0.00044,1.0000,0.0969,0.041,0.024
1316,84224,orientation_cued_D2,0.64581,0.6250,3.5279,0.052,0.062
1317,84288,orientation_cued_D1,0.00788,1.0000,2.4668,0.045,0.006
1318,84352,orientation_cued_D0,0.00489,1.0000,1.4127,0.042,0.003
1319,84416,orientation_cued_D2,0.66458,0.5781,2.9964,0.045,0.061
1320,84480,orientation_cued_D1,0.00273,1.0000,0.7612,0.032,0.060
1321,84544,orientation_cued_D0,0.00251,1.0000,0.7346,0.040,0.003
1322,84608,orientation_cued_D2,0.59999,0.6719,3.0283,0.053,0.039
1323,84672,orientation_cued_D0,0.00662,1.0000,3.4716,0.042,0.028
1324,84736,orientation_cued_D1,0.00707,1.0000,1.8517,0.047,0.003
1325,84800,orientation_cued_D2,0.69959,0.5000,3.8925,0.031,0.015
1326,84864,orientation_cued_D0,0.00087,1.0000,0.2222,0.041,0.060
1327,84928,orientation_cued_D1,0.01064,1.0000,6.4079,0.045,0.003
1328,84992,orientation_cued_D2,0.62154,0.5938,3.7212,0.050,0.049
1329,85056,orientation_cued_D0,0.00720,1.0000,2.6716,0.043,0.046
1330,85120,orientation_cued_D1,0.00156,1.0000,0.4170,0.042,0.005
1331,85184,orientation_cued_D2,0.64602,0.5938,2.4140,0.051,0.069
1332,85248,orientation_cued_D0,0.00334,1.0000,1.7398,0.042,0.003
1333,85312,orientation_cued_D1,0.01609,0.9844,5.7057,0.045,0.003
1334,85376,orientation_cued_D2,0.66683,0.5312,3.0685,0.053,0.035
1335,85440,orientation_cued_D0,0.00023,1.0000,0.0282,0.022,0.003
1336,85504,orientation_cued_D1,0.00256,1.0000,0.5261,0.047,0.039
1337,85568,orientation_cued_D2,0.68070,0.5781,3.3528,0.051,0.025
1338,85632,orientation_cued_D0,0.00220,1.0000,0.7238,0.035,0.013
1339,85696,orientation_cued_D1,0.05906,0.9844,13.4985,0.038,0.083
1340,85760,orientation_cued_D2,0.70826,0.5000,2.7872,0.052,0.003
1341,85824,orientation_cued_D0,0.03707,0.9844,12.6060,0.026,0.040
1342,85888,orientation_cued_D1,0.00570,1.0000,1.1386,0.038,0.083
1343,85952,orientation_cued_D2,0.62332,0.6562,2.0736,0.056,0.003
1344,86016,orientation_cued_D0,0.00047,1.0000,0.0728,0.043,0.006
1345,86080,orientation_cued_D1,0.00381,1.0000,0.9074,0.045,0.072
1346,86144,orientation_cued_D2,0.63087,0.6406,1.9834,0.058,0.034
1347,86208,orientation_cued_D0,0.00210,1.0000,1.0844,0.023,0.004
1348,86272,orientation_cued_D1,0.02714,0.9844,11.1535,0.044,0.049
1349,86336,orientation_cued_D0,0.05976,0.9844,8.8218,0.045,0.026
1350,86400,orientation_cued_D2,0.68727,0.5000,3.9480,0.043,0.013
1351,86464,orientation_cued_D1,0.00420,1.0000,1.1542,0.044,0.050
1352,86528,orientation_cued_D0,0.00247,1.0000,1.2220,0.042,0.009
1353,86592,orientation_cued_D2,0.66054,0.5625,1.8987,0.028,0.033
1354,86656,orientation_cued_D1,0.05669,0.9844,10.7592,0.035,0.049
1355,86720,orientation_cued_D0,0.00440,1.0000,2.3012,0.034,0.010
1356,86784,orientation_cued_D2,0.66851,0.5781,3.8735,0.041,0.044
1357,86848,orientation_cued_D0,0.00132,1.0000,0.6319,0.041,0.102
1358,86912,orientation_cued_D1,0.00234,1.0000,0.3907,0.034,0.003
1359,86976,orientation_cued_D2,0.59841,0.6719,3.7447,0.038,0.022
1360,87040,orientation_cued_D0,0.00880,1.0000,4.4311,0.033,0.062
1361,87104,orientation_cued_D1,0.01343,1.0000,3.7017,0.045,0.027
1362,87168,orientation_cued_D2,0.65267,0.6406,2.4712,0.052,0.004
1363,87232,orientation_cued_D0,0.00784,1.0000,2.8998,0.038,0.029
1364,87296,orientation_cued_D1,0.01508,1.0000,3.5670,0.039,0.060
1365,87360,orientation_cued_D2,0.57959,0.7500,3.6222,0.052,0.004
1366,87424,orientation_cued_D0,0.00101,1.0000,0.4067,0.043,0.038
1367,87488,orientation_cued_D1,0.01295,1.0000,2.6941,0.029,0.066
1368,87552,orientation_cued_D2,0.65653,0.5625,3.1973,0.052,0.004
1369,87616,orientation_cued_D0,0.02487,0.9844,7.5916,0.031,0.040
1370,87680,orientation_cued_D1,0.00674,1.0000,4.5609,0.042,0.081
1371,87744,orientation_cued_D2,0.57706,0.6719,2.0605,0.056,0.003
1372,87808,orientation_cued_D0,0.00046,1.0000,0.0913,0.045,0.004
1373,87872,orientation_cued_D1,0.00173,1.0000,0.5623,0.042,0.064
1374,87936,orientation_cued_D2,0.70281,0.5469,2.3962,0.042,0.004
1375,88000,orientation_cued_D0,0.00063,1.0000,0.1177,0.040,0.003
1376,88064,orientation_cued_D1,0.04565,0.9844,8.5969,0.050,0.070
1377,88128,orientation_cued_D2,0.68093,0.5625,3.1597,0.055,0.003
1378,88192,orientation_cued_D0,0.00027,1.0000,0.0400,0.042,0.004
1379,88256,orientation_cued_D2,0.67368,0.5469,3.0911,0.024,0.040
1380,88320,orientation_cued_D1,0.00132,1.0000,0.4084,0.034,0.003
1381,88384,orientation_cued_D0,0.00208,1.0000,0.5383,0.035,0.010
1382,88448,orientation_cued_D2,0.57329,0.7500,4.0177,0.056,0.095
1383,88512,orientation_cued_D1,0.08817,0.9844,11.5718,0.046,0.003
1384,88576,orientation_cued_D0,0.02439,0.9844,9.2226,0.044,0.003
1385,88640,orientation_cued_D2,0.61462,0.6719,3.5203,0.053,0.083
1386,88704,orientation_cued_D1,0.08103,0.9844,12.6712,0.044,0.003
1387,88768,orientation_cued_D0,0.01382,1.0000,4.9493,0.043,0.002
1388,88832,orientation_cued_D2,0.65907,0.5156,2.8444,0.054,0.049
1389,88896,orientation_cued_D1,0.00923,1.0000,2.8889,0.030,0.003
1390,88960,orientation_cued_D0,0.00778,1.0000,4.1972,0.019,0.003
1391,89024,orientation_cued_D2,0.61432,0.6250,2.9078,0.052,0.085
1392,89088,orientation_cued_D1,0.00146,1.0000,0.2127,0.046,0.003
1393,89152,orientation_cued_D0,0.01257,0.9844,5.7987,0.042,0.003
1394,89216,orientation_cued_D2,0.57245,0.7031,4.1890,0.062,0.066
1395,89280,orientation_cued_D1,0.03894,0.9844,10.6691,0.049,0.019
1396,89344,orientation_cued_D0,0.07019,0.9531,16.1399,0.044,0.004
1397,89408,orientation_cued_D2,0.64160,0.5781,2.8748,0.054,0.041
1398,89472,orientation_cued_D0,0.00191,1.0000,0.5076,0.046,0.007
1399,89536,orientation_cued_D1,0.00378,1.0000,1.0203,0.048,0.003
1400,89600,orientation_cued_D2,0.61260,0.5938,1.9327,0.027,0.032
1401,89664,orientation_cued_D0,0.00040,1.0000,0.0568,0.041,0.006
1402,89728,orientation_cued_D1,0.00274,1.0000,0.7273,0.048,0.004
1403,89792,orientation_cued_D2,0.58697,0.6719,2.6699,0.055,0.006
1404,89856,orientation_cued_D0,0.03679,0.9688,9.3583,0.022,0.007
1405,89920,orientation_cued_D1,0.04381,0.9844,11.9069,0.040,0.005
1406,89984,orientation_cued_D2,0.62430,0.6250,2.3502,0.054,0.006
1407,90048,orientation_cued_D0,0.00162,1.0000,0.4860,0.044,0.007
1408,90112,orientation_cued_D1,0.01296,1.0000,5.7626,0.051,0.005
1409,90176,orientation_cued_D2,0.57317,0.6562,3.9526,0.059,0.008
1410,90240,orientation_cued_D0,0.00031,1.0000,0.0661,0.045,0.009
1411,90304,orientation_cued_D1,0.00259,1.0000,0.9981,0.037,0.007
1412,90368,orientation_cued_D2,0.73076,0.5000,3.8023,0.055,0.009
1413,90432,orientation_cued_D0,0.01367,1.0000,4.0334,0.046,0.010
1414,90496,orientation_cued_D1,0.00923,1.0000,2.8781,0.045,0.005
1415,90560,orientation_cued_D2,0.71880,0.6094,5.5957,0.053,0.005
1416,90624,orientation_cued_D0,0.00253,1.0000,1.3534,0.042,0.007
1417,90688,orientation_cued_D1,0.00567,1.0000,2.0886,0.047,0.005
1418,90752,orientation_cued_D2,0.70298,0.5312,3.8058,0.025,0.006
1419,90816,orientation_cued_D0,0.02802,0.9844,9.1232,0.032,0.007
1420,90880,orientation_cued_D1,0.00144,1.0000,0.3036,0.047,0.007
1421,90944,orientation_cued_D2,0.61430,0.6562,2.5215,0.057,0.008
1422,91008,orientation_cued_D0,0.00286,1.0000,1.1391,0.042,0.007
1423,91072,orientation_cued_D1,0.00255,1.0000,0.5599,0.048,0.005
1424,91136,orientation_cued_D2,0.64936,0.6250,3.1853,0.062,0.006
1425,91200,orientation_cued_D0,0.00292,1.0000,1.3530,0.031,0.006
1426,91264,orientation_cued_D1,0.01694,0.9844,12.0475,0.037,0.008
1427,91328,orientation_cued_D2,0.65947,0.6094,5.0591,0.045,0.003
1428,91392,orientation_cued_D0,0.00191,1.0000,0.6192,0.040,0.003
1429,91456,orientation_cued_D1,0.00371,1.0000,1.1206,0.047,0.065
1430,91520,orientation_cued_D2,0.69938,0.5938,5.2107,0.054,0.003
1431,91584,orientation_cued_D0,0.03795,0.9844,11.5697,0.040,0.003
1432,91648,orientation_cued_D1,0.01361,0.9844,6.2031,0.043,0.046
1433,91712,orientation_cued_D0,0.00085,1.0000,0.1548,0.042,0.003
1434,91776,orientation_cued_D2,0.66374,0.5781,3.1586,0.050,0.003
1435,91840,orientation_cued_D1,0.00550,1.0000,2.2364,0.043,0.071
1436,91904,orientation_cued_D0,0.01866,0.9844,6.7687,0.045,0.003
1437,91968,orientation_cued_D2,0.60561,0.6562,2.7805,0.058,0.003
1438,92032,orientation_cued_D1,0.00396,1.0000,1.1219,0.050,0.085
1439,92096,orientation_cued_D0,0.00862,1.0000,3.9442,0.040,0.003
1440,92160,orientation_cued_D2,0.75982,0.4688,3.1937,0.054,0.003
1441,92224,orientation_cued_D1,0.02452,1.0000,7.8686,0.036,0.067
1442,92288,orientation_cued_D0,0.00296,1.0000,1.0120,0.040,0.004
1443,92352,orientation_cued_D2,0.62454,0.6719,2.7707,0.052,0.003
1444,92416,orientation_cued_D1,0.00230,1.0000,0.2745,0.040,0.076
1445,92480,orientation_cued_D0,0.01938,0.9844,7.2309,0.042,0.003
1446,92544,orientation_cued_D2,0.62819,0.6094,3.4941,0.041,0.002
1447,92608,orientation_cued_D0,0.00151,1.0000,0.4198,0.041,0.158
1448,92672,orientation_cued_D1,0.03004,0.9844,8.5801,0.047,0.003
1449,92736,orientation_cued_D2,0.65986,0.5938,3.1220,0.042,0.003
1450,92800,orientation_cued_D0,0.00136,1.0000,0.1881,0.035,0.103
1451,92864,orientation_cued_D1,0.00334,1.0000,0.9856,0.042,0.003
1452,92928,orientation_cued_D2,0.64309,0.6094,1.9953,0.047,0.003
1453,92992,orientation_cued_D0,0.00019,1.0000,0.0265,0.049,0.133
1454,93056,orientation_cued_D1,0.00135,1.0000,0.2783,0.038,0.003
1455,93120,orientation_cued_D2,0.65085,0.5469,2.6143,0.048,0.004
1456,93184,orientation_cued_D1,0.00261,1.0000,0.9729,0.040,0.081
1457,93248,orientation_cued_D0,0.01390,1.0000,4.1709,0.033,0.003
1458,93312,orientation_cued_D2,0.64187,0.5781,3.6841,0.044,0.002
1459,93376,orientation_cued_D0,0.00095,1.0000,0.1893,0.037,0.078
1460,93440,orientation_cued_D1,0.00099,1.0000,0.1269,0.028,0.008
1461,93504,orientation_cued_D2,0.67732,0.5781,3.4957,0.049,0.054
1462,93568,orientation_cued_D0,0.01573,0.9844,8.4581,0.040,0.020
1463,93632,orientation_cued_D1,0.00635,1.0000,2.0646,0.038,0.004
1464,93696,orientation_cued_D2,0.61963,0.7031,4.1254,0.050,0.097
1465,93760,orientation_cued_D0,0.00313,1.0000,0.9904,0.029,0.003
1466,93824,orientation_cued_D1,0.00155,1.0000,0.3879,0.060,0.012
1467,93888,orientation_cued_D2,0.68580,0.5000,3.2501,0.057,0.092
1468,93952,orientation_cued_D0,0.00146,1.0000,0.5180,0.040,0.003
1469,94016,orientation_cued_D1,0.00213,1.0000,0.9251,0.045,0.002
1470,94080,orientation_cued_D0,0.00148,1.0000,0.4138,0.042,0.054
1471,94144,orientation_cued_D2,0.65818,0.6406,3.1873,0.050,0.003
1472,94208,orientation_cued_D1,0.00180,1.0000,0.5188,0.047,0.003
1473,94272,orientation_cued_D0,0.00145,1.0000,0.3649,0.043,0.038
1474,94336,orientation_cued_D2,0.68722,0.5625,4.0393,0.052,0.002
1475,94400,orientation_cued_D1,0.02628,0.9844,7.3224,0.037,0.003
1476,94464,orientation_cued_D0,0.00100,1.0000,0.3520,0.042,0.054
1477,94528,orientation_cued_D2,0.66987,0.5312,4.1953,0.054,0.003
1478,94592,orientation_cued_D1,0.00202,1.0000,0.3276,0.046,0.003
1479,94656,orientation_cued_D0,0.00455,1.0000,2.1854,0.042,0.051
1480,94720,orientation_cued_D2,0.67076,0.5625,2.8615,0.056,0.003
1481,94784,orientation_cued_D1,0.00200,1.0000,0.4055,0.041,0.005
1482,94848,orientation_cued_D0,0.00119,1.0000,0.4996,0.046,0.103
1483,94912,orientation_cued_D2,0.70420,0.5312,2.7991,0.059,0.003
1484,94976,orientation_cued_D1,0.00998,1.0000,5.1946,0.048,0.004
1485,95040,orientation_cued_D2,0.63908,0.6094,2.2689,0.027,0.033
1486,95104,orientation_cued_D0,0.00130,1.0000,0.5290,0.025,0.003
1487,95168,orientation_cued_D1,0.00869,1.0000,3.4017,0.043,0.037
1488,95232,orientation_cued_D2,0.72141,0.4688,2.6187,0.056,0.068
1489,95296,orientation_cued_D0,0.00114,1.0000,0.3769,0.043,0.038
1490,95360,orientation_cued_D1,0.00313,1.0000,0.6234,0.045,0.007
1491,95424,orientation_cued_D2,0.63744,0.6562,3.6486,0.051,0.050
1492,95488,orientation_cued_D0,0.00157,1.0000,0.5082,0.042,0.052
1493,95552,orientation_cued_D1,0.00446,1.0000,1.2525,0.046,0.003
1494,95616,orientation_cued_D2,0.63811,0.6406,2.7737,0.048,0.008
1495,95680,orientation_cued_D1,0.00306,1.0000,1.1779,0.042,0.065
1496,95744,orientation_cued_D0,0.00071,1.0000,0.1513,0.043,0.004
1497,95808,orientation_cued_D2,0.67405,0.5938,3.7261,0.054,0.002
1498,95872,orientation_cued_D0,0.00034,1.0000,0.0621,0.042,0.061
1499,95936,orientation_cued_D1,0.00230,1.0000,0.8637,0.053,0.004
1500,96000,orientation_cued_D2,0.65232,0.5781,3.2961,0.053,0.004
1501,96064,orientation_cued_D0,0.00082,1.0000,0.2167,0.036,0.081
1502,96128,orientation_cued_D1,0.00550,1.0000,3.5362,0.035,0.004
1503,96192,orientation_cued_D2,0.66414,0.6094,2.7635,0.053,0.020
1504,96256,orientation_cued_D0,0.01317,1.0000,5.2804,0.042,0.067
1505,96320,orientation_cued_D1,0.00224,1.0000,0.3351,0.044,0.008
1506,96384,orientation_cued_D2,0.62123,0.6719,2.5157,0.054,0.007
1507,96448,orientation_cued_D0,0.00042,1.0000,0.0867,0.036,0.043
1508,96512,orientation_cued_D1,0.00635,1.0000,1.9398,0.046,0.018
1509,96576,orientation_cued_D2,0.63609,0.5781,2.3655,0.053,0.012
1510,96640,orientation_cued_D0,0.00089,1.0000,0.2023,0.036,0.113
1511,96704,orientation_cued_D1,0.00215,1.0000,0.5126,0.047,0.003
1512,96768,orientation_cued_D2,0.68557,0.5625,2.6839,0.052,0.003
1513,96832,orientation_cued_D0,0.06007,0.9844,9.4079,0.034,0.056
1514,96896,orientation_cued_D1,0.00148,1.0000,0.3201,0.045,0.003
1515,96960,orientation_cued_D2,0.59581,0.6875,2.0468,0.052,0.022
1516,97024,orientation_cued_D0,0.00066,1.0000,0.2464,0.033,0.072
1517,97088,orientation_cued_D1,0.00359,1.0000,0.6064,0.054,0.008
1518,97152,orientation_cued_D2,0.60818,0.7031,2.5355,0.054,0.048
1519,97216,orientation_cued_D0,0.00045,1.0000,0.0924,0.040,0.028
1520,97280,orientation_cued_D1,0.00044,1.0000,0.0537,0.047,0.003
1521,97344,orientation_cued_D2,0.59955,0.6719,4.2505,0.051,0.022
1522,97408,orientation_cued_D1,0.00258,1.0000,0.9776,0.037,0.079
1523,97472,orientation_cued_D0,0.00060,1.0000,0.1430,0.027,0.003
1524,97536,orientation_cued_D2,0.58090,0.7031,3.8160,0.029,0.042
1525,97600,orientation_cued_D1,0.00681,1.0000,1.7747,0.046,0.084
1526,97664,orientation_cued_D0,0.01305,0.9844,6.0921,0.034,0.007
1527,97728,orientation_cued_D2,0.59128,0.7031,3.8651,0.054,0.031
1528,97792,orientation_cued_D1,0.00914,1.0000,3.2405,0.046,0.072
1529,97856,orientation_cued_D0,0.00057,1.0000,0.1514,0.041,0.004
1530,97920,orientation_cued_D2,0.65655,0.5625,3.1454,0.044,0.017
1531,97984,orientation_cued_D1,0.00131,1.0000,0.1881,0.044,0.074
1532,98048,orientation_cued_D0,0.00147,1.0000,0.6323,0.041,0.003
1533,98112,orientation_cued_D2,0.62041,0.6094,2.8957,0.051,0.029
1534,98176,orientation_cued_D1,0.01295,1.0000,5.5298,0.048,0.038
1535,98240,orientation_cued_D0,0.00316,1.0000,2.1409,0.043,0.002
1536,98304,orientation_cued_D2,0.60408,0.6719,2.7846,0.054,0.014
1537,98368,orientation_cued_D0,0.00274,1.0000,0.6587,0.029,0.030
1538,98432,orientation_cued_D1,0.01311,1.0000,6.2422,0.024,0.002
1539,98496,orientation_cued_D2,0.63544,0.6875,5.2066,0.050,0.068
1540,98560,orientation_cued_D0,0.00115,1.0000,0.3730,0.045,0.041
1541,98624,orientation_cued_D1,0.00347,1.0000,1.0561,0.045,0.002
1542,98688,orientation_cued_D2,0.62691,0.5938,3.6955,0.048,0.040
1543,98752,orientation_cued_D0,0.00058,1.0000,0.1052,0.040,0.064
1544,98816,orientation_cued_D1,0.00234,1.0000,0.8240,0.045,0.003
1545,98880,orientation_cued_D2,0.66307,0.5469,3.3189,0.052,0.019
1546,98944,orientation_cued_D0,0.00084,1.0000,0.1910,0.041,0.027
1547,99008,orientation_cued_D1,0.00373,1.0000,0.9255,0.038,0.002
1548,99072,orientation_cued_D2,0.60097,0.6094,4.0916,0.055,0.043
1549,99136,orientation_cued_D0,0.00013,1.0000,0.0166,0.042,0.022
1550,99200,orientation_cued_D1,0.00141,1.0000,0.3744,0.047,0.002
1551,99264,orientation_cued_D2,0.53801,0.7812,3.0207,0.053,0.035
1552,99328,orientation_cued_D0,0.03459,0.9844,8.4724,0.037,0.027
1553,99392,orientation_cued_D1,0.00309,1.0000,1.7986,0.053,0.030
1554,99456,orientation_cued_D2,0.69928,0.5469,5.4706,0.054,0.028
1555,99520,orientation_cued_D0,0.03647,0.9844,6.6921,0.043,0.017
1556,99584,orientation_cued_D1,0.00205,1.0000,0.5714,0.050,0.009
1557,99648,orientation_cued_D2,0.73023,0.5469,5.3067,0.037,0.025
1558,99712,orientation_cued_D0,0.00050,1.0000,0.1003,0.040,0.036
1559,99776,orientation_cued_D1,0.01612,0.9844,7.1937,0.046,0.008
1560,99840,orientation_cued_D2,0.59627,0.6875,2.9286,0.045,0.040
1561,99904,orientation_cued_D0,0.00048,1.0000,0.0651,0.042,0.019
1562,99968,orientation_cued_D1,0.00870,1.0000,2.3816,0.051,0.011
1563,100032,orientation_cued_D2,0.64477,0.5938,3.0854,0.054,0.073
