update,episodes,cell,loss,accuracy,grad_norm,seconds,wait_seconds
1,64,orientation_cued_D2,2.80307,0.5000,54.7466,1.203,1.479
2,128,orientation_cued_D1,0.79546,0.6875,43.8944,0.091,0.009
3,192,orientation_cued_D0,0.00635,1.0000,1.6987,0.081,0.005
4,256,orientation_cued_D2,1.78470,0.5156,52.7781,0.034,0.004
5,320,orientation_cued_D1,0.99658,0.6875,27.8972,0.025,0.006
6,384,orientation_cued_D0,0.00104,1.0000,0.2896,0.027,0.009
7,448,orientation_cued_D1,0.44167,0.8438,33.1938,0.027,0.007
8,512,orientation_cued_D2,1.34168,0.5312,23.0358,0.024,0.008
9,576,orientation_cued_D0,0.05630,0.9844,10.5936,0.025,0.007
10,640,orientation_cued_D1,0.59758,0.7500,20.4766,0.033,0.006
11,704,orientation_cued_D2,1.41037,0.5156,15.3810,0.023,0.005
12,768,orientation_cued_D0,0.00046,1.0000,0.0700,0.018,0.006
13,832,orientation_cued_D1,0.77398,0.7344,23.8623,0.024,0.005
14,896,orientation_cued_D2,1.28053,0.4844,20.1936,0.024,0.005
15,960,orientation_cued_D0,0.00430,1.0000,1.2687,0.018,0.006
16,1024,orientation_cued_D1,0.44484,0.7812,26.1985,0.042,0.020
17,1088,orientation_cued_D2,0.90285,0.5625,12.2510,0.023,0.005
18,1152,orientation_cued_D0,0.01552,0.9844,3.1427,0.018,0.002
19,1216,orientation_cued_D1,0.32621,0.8594,22.0158,0.020,0.002
20,1280,orientation_cued_D2,0.86015,0.5000,13.7600,0.034,0.073
21,1344,orientation_cued_D0,0.00474,1.0000,1.3851,0.024,0.010
22,1408,orientation_cued_D1,0.44897,0.7500,26.5307,0.021,0.002
23,1472,orientation_cued_D2,0.94406,0.4844,16.1666,0.052,0.148
24,1536,orientation_cued_D0,0.00323,1.0000,0.4714,0.038,0.004
25,1600,orientation_cued_D1,0.34633,0.8281,11.2555,0.037,0.003
26,1664,orientation_cued_D2,0.83216,0.5000,13.5662,0.052,0.109
27,1728,orientation_cued_D0,0.01122,1.0000,2.5948,0.033,0.003
28,1792,orientation_cued_D1,0.41277,0.7812,16.6988,0.052,0.003
29,1856,orientation_cued_D0,0.01729,1.0000,3.6477,0.041,0.102
30,1920,orientation_cued_D2,0.78131,0.5312,22.3677,0.038,0.003
31,1984,orientation_cued_D1,0.34285,0.8594,13.4272,0.039,0.050
32,2048,orientation_cued_D0,0.01341,1.0000,3.2325,0.032,0.053
33,2112,orientation_cued_D2,0.77135,0.5156,9.7247,0.042,0.003
34,2176,orientation_cued_D1,0.35032,0.8438,15.7527,0.034,0.077
35,2240,orientation_cued_D0,0.02376,1.0000,3.1610,0.037,0.032
36,2304,orientation_cued_D2,0.78318,0.4062,10.3763,0.047,0.005
37,2368,orientation_cued_D0,0.05466,0.9688,9.0447,0.039,0.165
38,2432,orientation_cued_D1,0.19276,0.9219,10.3441,0.048,0.004
39,2496,orientation_cued_D2,0.74216,0.5000,10.7971,0.049,0.003
40,2560,orientation_cued_D0,0.00958,1.0000,2.6376,0.041,0.069
41,2624,orientation_cued_D1,0.37898,0.8281,14.5344,0.034,0.035
42,2688,orientation_cued_D2,0.76411,0.3906,7.5227,0.062,0.004
43,2752,orientation_cued_D0,0.03787,0.9688,4.8538,0.035,0.040
44,2816,orientation_cued_D1,0.27002,0.8594,11.2512,0.042,0.056
45,2880,orientation_cued_D2,0.71158,0.5469,5.1428,0.046,0.003
46,2944,orientation_cued_D0,0.03572,1.0000,4.8270,0.030,0.054
47,3008,orientation_cued_D1,0.23079,0.9219,11.3596,0.044,0.032
48,3072,orientation_cued_D2,0.72479,0.5312,8.3656,0.048,0.026
49,3136,orientation_cued_D0,0.02145,1.0000,4.4722,0.040,0.046
50,3200,orientation_cued_D1,0.25641,0.8906,11.7864,0.051,0.019
51,3264,orientation_cued_D2,0.74355,0.4375,8.4866,0.047,0.023
52,3328,orientation_cued_D0,0.03199,0.9688,4.4504,0.043,0.071
53,3392,orientation_cued_D1,0.30464,0.9062,10.3520,0.039,0.004
54,3456,orientation_cued_D2,0.72850,0.5469,12.0853,0.046,0.011
55,3520,orientation_cued_D0,0.09522,0.9688,11.8277,0.033,0.104
56,3584,orientation_cued_D1,0.20240,0.9062,12.0519,0.044,0.004
57,3648,orientation_cued_D2,0.73358,0.4688,8.2036,0.041,0.027
58,3712,orientation_cued_D1,0.13693,0.9688,5.3284,0.035,0.078
59,3776,orientation_cued_D0,0.12663,0.9688,10.3623,0.034,0.005
60,3840,orientation_cued_D2,0.74298,0.5156,9.6828,0.050,0.023
61,3904,orientation_cued_D1,0.21386,0.9219,10.0612,0.047,0.062
62,3968,orientation_cued_D0,0.05306,0.9844,5.5663,0.035,0.004
63,4032,orientation_cued_D2,0.72914,0.4062,6.6122,0.046,0.027
64,4096,orientation_cued_D1,0.14837,0.9375,7.5968,0.046,0.074
65,4160,orientation_cued_D0,0.08217,0.9844,9.5530,0.069,0.008
66,4224,orientation_cued_D2,0.72386,0.4531,7.0140,0.043,0.030
67,4288,orientation_cued_D1,0.19280,0.9219,10.2021,0.037,0.068
68,4352,orientation_cued_D0,0.00133,1.0000,0.1669,0.032,0.011
69,4416,orientation_cued_D2,0.73058,0.4219,5.5494,0.046,0.027
70,4480,orientation_cued_D1,0.12350,0.9688,5.9666,0.035,0.053
71,4544,orientation_cued_D0,0.00784,1.0000,1.1540,0.035,0.034
72,4608,orientation_cued_D2,0.73612,0.5156,10.7864,0.038,0.023
73,4672,orientation_cued_D1,0.23966,0.9062,10.9742,0.044,0.039
74,4736,orientation_cued_D0,0.05078,0.9844,4.3239,0.042,0.042
75,4800,orientation_cued_D2,0.72950,0.5156,8.7739,0.047,0.011
76,4864,orientation_cued_D1,0.17396,0.9219,10.0796,0.045,0.041
77,4928,orientation_cued_D0,0.00607,1.0000,0.5948,0.037,0.054
78,4992,orientation_cued_D2,0.73202,0.5000,4.8534,0.050,0.016
79,5056,orientation_cued_D1,0.22452,0.8906,7.2440,0.036,0.043
80,5120,orientation_cued_D0,0.01303,1.0000,2.8865,0.042,0.020
81,5184,orientation_cued_D2,0.72403,0.5156,11.0315,0.051,0.033
82,5248,orientation_cued_D1,0.14875,0.9375,8.8258,0.046,0.048
83,5312,orientation_cued_D0,0.00751,1.0000,1.3146,0.040,0.004
84,5376,orientation_cued_D2,0.71951,0.5469,7.2379,0.041,0.082
85,5440,orientation_cued_D1,0.14556,0.9375,6.3306,0.047,0.008
86,5504,orientation_cued_D0,0.01617,1.0000,4.6536,0.035,0.004
87,5568,orientation_cued_D1,0.11104,0.9688,6.7469,0.039,0.152
88,5632,orientation_cued_D0,0.02359,0.9844,4.8680,0.021,0.003
89,5696,orientation_cued_D2,0.76553,0.4844,15.2354,0.044,0.003
90,5760,orientation_cued_D1,0.13143,0.9531,9.7627,0.039,0.099
91,5824,orientation_cued_D0,0.00237,1.0000,0.2918,0.039,0.004
92,5888,orientation_cued_D2,0.66904,0.5469,5.2595,0.029,0.003
93,5952,orientation_cued_D1,0.08387,1.0000,6.8870,0.031,0.088
94,6016,orientation_cued_D0,0.01419,0.9844,3.7274,0.044,0.003
95,6080,orientation_cued_D2,0.73483,0.4688,10.0467,0.041,0.005
96,6144,orientation_cued_D1,0.06447,0.9688,4.7280,0.035,0.092
97,6208,orientation_cued_D0,0.00731,1.0000,1.5859,0.036,0.004
98,6272,orientation_cued_D2,0.75637,0.5000,8.5339,0.044,0.023
99,6336,orientation_cued_D1,0.08319,0.9688,8.3980,0.041,0.084
100,6400,orientation_cued_D0,0.00272,1.0000,0.6693,0.035,0.005
101,6464,orientation_cued_D2,0.76634,0.4688,5.8578,0.049,0.040
102,6528,orientation_cued_D1,0.09906,0.9844,9.9400,0.047,0.069
103,6592,orientation_cued_D0,0.01112,1.0000,2.0292,0.033,0.004
104,6656,orientation_cued_D2,0.75584,0.5156,8.4473,0.042,0.048
105,6720,orientation_cued_D0,0.00686,1.0000,1.2132,0.033,0.050
106,6784,orientation_cued_D1,0.08200,0.9844,6.7521,0.031,0.002
107,6848,orientation_cued_D2,0.75745,0.3438,7.0692,0.038,0.086
108,6912,orientation_cued_D0,0.00394,1.0000,0.7343,0.034,0.023
109,6976,orientation_cued_D1,0.10369,0.9531,7.6282,0.032,0.002
110,7040,orientation_cued_D2,0.71501,0.4844,9.1401,0.039,0.094
111,7104,orientation_cued_D0,0.00225,1.0000,0.2523,0.036,0.010
112,7168,orientation_cued_D1,0.07068,0.9844,5.6444,0.038,0.002
113,7232,orientation_cued_D2,0.74815,0.4688,9.0688,0.059,0.083
114,7296,orientation_cued_D1,0.09106,0.9844,7.4389,0.034,0.032
115,7360,orientation_cued_D0,0.00589,1.0000,1.9795,0.034,0.003
116,7424,orientation_cued_D2,0.72717,0.5000,4.9933,0.040,0.071
117,7488,orientation_cued_D1,0.12228,0.9531,7.2563,0.027,0.047
118,7552,orientation_cued_D0,0.01396,1.0000,4.6299,0.038,0.050
119,7616,orientation_cued_D2,0.71583,0.5469,5.5236,0.049,0.030
120,7680,orientation_cued_D1,0.06916,0.9688,5.9068,0.038,0.013
121,7744,orientation_cued_D2,0.66250,0.5938,7.0039,0.045,0.154
122,7808,orientation_cued_D0,0.00654,1.0000,1.7246,0.036,0.023
123,7872,orientation_cued_D1,0.05204,0.9688,5.0452,0.039,0.002
124,7936,orientation_cued_D0,0.03894,0.9844,8.4261,0.038,0.131
125,8000,orientation_cued_D1,0.05123,0.9844,6.3475,0.040,0.003
126,8064,orientation_cued_D2,0.74456,0.4844,7.1743,0.044,0.004
127,8128,orientation_cued_D0,0.01600,1.0000,3.7777,0.033,0.091
128,8192,orientation_cued_D1,0.09115,0.9688,13.6683,0.041,0.003
129,8256,orientation_cued_D2,0.74735,0.4844,7.2451,0.042,0.008
130,8320,orientation_cued_D0,0.00571,1.0000,1.6012,0.044,0.095
131,8384,orientation_cued_D1,0.03354,1.0000,2.5639,0.047,0.005
132,8448,orientation_cued_D2,0.73547,0.5000,6.7724,0.038,0.006
133,8512,orientation_cued_D0,0.00204,1.0000,0.3560,0.030,0.078
134,8576,orientation_cued_D1,0.05702,1.0000,6.8018,0.046,0.004
135,8640,orientation_cued_D2,0.70165,0.5312,8.6153,0.059,0.097
136,8704,orientation_cued_D0,0.01192,1.0000,4.5595,0.040,0.004
137,8768,orientation_cued_D1,0.12514,0.9531,16.6359,0.025,0.003
138,8832,orientation_cued_D2,0.71877,0.5156,6.2106,0.045,0.113
139,8896,orientation_cued_D0,0.00232,1.0000,0.6610,0.044,0.004
140,8960,orientation_cued_D1,0.03861,1.0000,3.2390,0.036,0.004
141,9024,orientation_cued_D2,0.71100,0.5000,4.8109,0.036,0.117
142,9088,orientation_cued_D1,0.08535,0.9531,6.5920,0.044,0.004
143,9152,orientation_cued_D0,0.00479,1.0000,0.8495,0.029,0.003
144,9216,orientation_cued_D1,0.03044,1.0000,3.3484,0.037,0.126
145,9280,orientation_cued_D2,0.72359,0.4688,4.5303,0.042,0.004
146,9344,orientation_cued_D0,0.00318,1.0000,0.3602,0.034,0.004
147,9408,orientation_cued_D1,0.04614,1.0000,4.6000,0.039,0.092
148,9472,orientation_cued_D0,0.01200,1.0000,3.4284,0.034,0.004
149,9536,orientation_cued_D2,0.73339,0.4062,4.1323,0.034,0.002
150,9600,orientation_cued_D1,0.10747,0.9688,11.5104,0.032,0.085
151,9664,orientation_cued_D0,0.00425,1.0000,0.9143,0.029,0.004
152,9728,orientation_cued_D2,0.69543,0.5781,5.1510,0.045,0.018
153,9792,orientation_cued_D1,0.03954,1.0000,5.0359,0.036,0.073
154,9856,orientation_cued_D0,0.00984,1.0000,3.5327,0.033,0.003
155,9920,orientation_cued_D2,0.70276,0.5312,7.1354,0.046,0.057
156,9984,orientation_cued_D1,0.06293,0.9688,6.1943,0.033,0.028
157,10048,orientation_cued_D0,0.02664,0.9844,5.5431,0.030,0.003
158,10112,orientation_cued_D2,0.72469,0.5156,5.6606,0.030,0.101
159,10176,orientation_cued_D1,0.05842,1.0000,6.2569,0.041,0.003
160,10240,orientation_cued_D0,0.00140,1.0000,0.2429,0.039,0.003
161,10304,orientation_cued_D1,0.04581,0.9844,7.0371,0.039,0.127
162,10368,orientation_cued_D2,0.72520,0.4375,5.2000,0.053,0.004
163,10432,orientation_cued_D0,0.00377,1.0000,0.8428,0.041,0.005
164,10496,orientation_cued_D0,0.00421,1.0000,1.3410,0.033,0.091
165,10560,orientation_cued_D1,0.07923,0.9844,9.8066,0.041,0.004
166,10624,orientation_cued_D2,0.72715,0.4531,7.5198,0.040,0.003
167,10688,orientation_cued_D0,0.00237,1.0000,0.4804,0.035,0.095
168,10752,orientation_cued_D1,0.07830,0.9844,10.9089,0.050,0.003
169,10816,orientation_cued_D2,0.73672,0.4688,4.8349,0.045,0.004
170,10880,orientation_cued_D0,0.00943,1.0000,2.7569,0.044,0.071
171,10944,orientation_cued_D1,0.03139,0.9844,4.9866,0.042,0.008
172,11008,orientation_cued_D2,0.73055,0.4844,8.7071,0.041,0.029
173,11072,orientation_cued_D0,0.00145,1.0000,0.6006,0.034,0.037
174,11136,orientation_cued_D1,0.02765,0.9844,6.3583,0.037,0.047
175,11200,orientation_cued_D2,0.69008,0.5625,4.8982,0.043,0.039
176,11264,orientation_cued_D0,0.00096,1.0000,0.2074,0.037,0.010
177,11328,orientation_cued_D1,0.04421,0.9844,7.0795,0.037,0.048
178,11392,orientation_cued_D2,0.73209,0.5469,5.8992,0.052,0.076
179,11456,orientation_cued_D0,0.01163,1.0000,3.3367,0.040,0.005
180,11520,orientation_cued_D1,0.04619,0.9844,7.8303,0.050,0.031
181,11584,orientation_cued_D2,0.71916,0.5000,4.5807,0.048,0.066
182,11648,orientation_cued_D0,0.00270,1.0000,1.0241,0.032,0.004
183,11712,orientation_cued_D1,0.05858,0.9688,8.4489,0.047,0.037
184,11776,orientation_cued_D0,0.00069,1.0000,0.0592,0.040,0.043
185,11840,orientation_cued_D2,0.71702,0.4844,4.8808,0.052,0.004
186,11904,orientation_cued_D1,0.08119,0.9688,6.2147,0.033,0.076
187,11968,orientation_cued_D0,0.00386,1.0000,1.1303,0.032,0.003
188,12032,orientation_cued_D2,0.70517,0.4219,6.5400,0.038,0.096
189,12096,orientation_cued_D1,0.02025,1.0000,2.1992,0.042,0.003
190,12160,orientation_cued_D0,0.00306,1.0000,0.8928,0.033,0.003
191,12224,orientation_cued_D1,0.02536,1.0000,3.2089,0.057,0.158
192,12288,orientation_cued_D0,0.00248,1.0000,0.5868,0.039,0.003
193,12352,orientation_cued_D2,0.71009,0.4531,6.3605,0.043,0.003
194,12416,orientation_cued_D1,0.07511,0.9688,7.8499,0.041,0.072
195,12480,orientation_cued_D0,0.00113,1.0000,0.1213,0.040,0.003
196,12544,orientation_cued_D2,0.69002,0.5312,3.9089,0.049,0.098
197,12608,orientation_cued_D1,0.06312,0.9688,11.3756,0.047,0.012
198,12672,orientation_cued_D0,0.01208,1.0000,3.9115,0.044,0.011
199,12736,orientation_cued_D2,0.73712,0.4688,5.4648,0.049,0.133
200,12800,orientation_cued_D1,0.01876,1.0000,2.4989,0.041,0.014
201,12864,orientation_cued_D0,0.00175,1.0000,0.4902,0.021,0.006
202,12928,orientation_cued_D1,0.03136,0.9844,4.2102,0.041,0.008
203,12992,orientation_cued_D2,0.72036,0.4844,10.3944,0.044,0.006
204,13056,orientation_cued_D0,0.00687,1.0000,2.0363,0.023,0.007
205,13120,orientation_cued_D1,0.05420,0.9844,8.5187,0.043,0.008
206,13184,orientation_cued_D2,0.70599,0.4531,4.9248,0.045,0.010
207,13248,orientation_cued_D0,0.00076,1.0000,0.0963,0.031,0.010
208,13312,orientation_cued_D0,0.00712,1.0000,2.1528,0.049,0.009
209,13376,orientation_cued_D2,0.72723,0.5312,11.2431,0.049,0.008
210,13440,orientation_cued_D1,0.05648,0.9844,7.7956,0.045,0.012
211,13504,orientation_cued_D0,0.00341,1.0000,1.1181,0.041,0.011
212,13568,orientation_cued_D1,0.04638,0.9844,7.4927,0.049,0.009
213,13632,orientation_cued_D2,0.73543,0.4844,9.8570,0.053,0.011
214,13696,orientation_cued_D0,0.01953,0.9844,5.7499,0.044,0.022
215,13760,orientation_cued_D1,0.11590,0.9375,15.6351,0.063,0.009
216,13824,orientation_cued_D2,0.67871,0.6719,4.5140,0.063,0.009
217,13888,orientation_cued_D0,0.00177,1.0000,0.3916,0.040,0.011
218,13952,orientation_cued_D1,0.02934,0.9844,5.3998,0.069,0.005
219,14016,orientation_cued_D2,0.72309,0.4531,8.7690,0.052,0.010
220,14080,orientation_cued_D1,0.01857,1.0000,1.9621,0.049,0.025
221,14144,orientation_cued_D0,0.00452,1.0000,1.2121,0.052,0.006
222,14208,orientation_cued_D2,0.71459,0.5312,5.4935,0.045,0.003
223,14272,orientation_cued_D1,0.01915,1.0000,2.0287,0.045,0.007
224,14336,orientation_cued_D0,0.00111,1.0000,0.2045,0.037,0.004
225,14400,orientation_cued_D2,0.73586,0.4688,5.0345,0.063,0.004
226,14464,orientation_cued_D1,0.02631,1.0000,4.3275,0.039,0.057
227,14528,orientation_cued_D2,0.70477,0.4688,5.0354,0.036,0.045
228,14592,orientation_cued_D0,0.02585,0.9844,6.0889,0.040,0.005
229,14656,orientation_cued_D2,0.71312,0.5156,3.8158,0.035,0.173
230,14720,orientation_cued_D1,0.03634,0.9844,4.8762,0.040,0.004
231,14784,orientation_cued_D0,0.00238,1.0000,0.5198,0.029,0.003
232,14848,orientation_cued_D2,0.71482,0.5625,6.1240,0.047,0.083
233,14912,orientation_cued_D0,0.00823,1.0000,2.8720,0.028,0.004
234,14976,orientation_cued_D1,0.02245,1.0000,3.3281,0.037,0.043
235,15040,orientation_cued_D2,0.72717,0.5000,3.8324,0.042,0.049
236,15104,orientation_cued_D0,0.00270,1.0000,0.5204,0.041,0.081
237,15168,orientation_cued_D1,0.05922,0.9688,9.3240,0.048,0.003
238,15232,orientation_cued_D2,0.71128,0.5312,8.1746,0.046,0.042
239,15296,orientation_cued_D0,0.01674,0.9844,6.1106,0.034,0.046
240,15360,orientation_cued_D1,0.06503,0.9531,7.8493,0.034,0.002
241,15424,orientation_cued_D2,0.71986,0.5156,5.6929,0.046,0.068
242,15488,orientation_cued_D1,0.00891,1.0000,0.7383,0.038,0.051
243,15552,orientation_cued_D0,0.01038,1.0000,4.4379,0.038,0.004
244,15616,orientation_cued_D2,0.71747,0.4531,4.2854,0.045,0.050
245,15680,orientation_cued_D1,0.01682,1.0000,2.3415,0.041,0.036
246,15744,orientation_cued_D0,0.00965,1.0000,2.9697,0.042,0.030
247,15808,orientation_cued_D2,0.72819,0.4219,5.6468,0.045,0.026
248,15872,orientation_cued_D1,0.03807,0.9844,5.9163,0.041,0.015
249,15936,orientation_cued_D0,0.00144,1.0000,0.5452,0.029,0.075
250,16000,orientation_cued_D2,0.70059,0.4375,3.8961,0.042,0.035
251,16064,orientation_cued_D1,0.08022,0.9531,14.2909,0.027,0.008
252,16128,orientation_cued_D0,0.00112,1.0000,0.1550,0.025,0.110
253,16192,orientation_cued_D2,0.71677,0.4688,4.1281,0.045,0.009
254,16256,orientation_cued_D1,0.05560,0.9844,8.2358,0.028,0.003
255,16320,orientation_cued_D0,0.01332,0.9844,5.2149,0.038,0.110
256,16384,orientation_cued_D1,0.07161,0.9688,13.8562,0.026,0.021
257,16448,orientation_cued_D2,0.73140,0.3594,3.1409,0.044,0.015
258,16512,orientation_cued_D0,0.00113,1.0000,0.1469,0.028,0.060
259,16576,orientation_cued_D1,0.01408,1.0000,1.1813,0.035,0.026
260,16640,orientation_cued_D2,0.69247,0.5000,4.1599,0.040,0.055
261,16704,orientation_cued_D0,0.05215,0.9844,9.3756,0.040,0.045
262,16768,orientation_cued_D1,0.04551,0.9844,9.2170,0.031,0.003
263,16832,orientation_cued_D2,0.71987,0.4219,4.5972,0.046,0.077
264,16896,orientation_cued_D1,0.01822,1.0000,3.0322,0.039,0.049
265,16960,orientation_cued_D0,0.01945,0.9844,5.1815,0.029,0.003
266,17024,orientation_cued_D2,0.66999,0.6250,3.4994,0.051,0.073
267,17088,orientation_cued_D1,0.03028,1.0000,6.5119,0.042,0.019
268,17152,orientation_cued_D0,0.00260,1.0000,0.5450,0.034,0.004
269,17216,orientation_cued_D2,0.69546,0.5625,3.4600,0.042,0.087
270,17280,orientation_cued_D1,0.03920,0.9688,8.1884,0.040,0.003
271,17344,orientation_cued_D0,0.00908,1.0000,3.8041,0.034,0.003
272,17408,orientation_cued_D2,0.70101,0.5469,4.3247,0.044,0.098
273,17472,orientation_cued_D1,0.01883,1.0000,3.4201,0.041,0.003
274,17536,orientation_cued_D0,0.10707,0.9844,9.9581,0.043,0.004
275,17600,orientation_cued_D2,0.71938,0.3906,3.3538,0.050,0.096
276,17664,orientation_cued_D1,0.02393,0.9844,4.9702,0.053,0.004
277,17728,orientation_cued_D0,0.00639,1.0000,1.6513,0.028,0.004
278,17792,orientation_cued_D2,0.69519,0.5781,3.3660,0.039,0.099
279,17856,orientation_cued_D1,0.07190,0.9844,12.6871,0.034,0.004
280,17920,orientation_cued_D0,0.00078,1.0000,0.0943,0.036,0.003
281,17984,orientation_cued_D2,0.71713,0.4844,3.2934,0.042,0.109
282,18048,orientation_cued_D1,0.08394,0.9688,9.2579,0.039,0.010
283,18112,orientation_cued_D0,0.00133,1.0000,0.2787,0.049,0.003
284,18176,orientation_cued_D2,0.71197,0.4375,4.3652,0.044,0.099
285,18240,orientation_cued_D1,0.02713,1.0000,6.9431,0.052,0.005
286,18304,orientation_cued_D0,0.00202,1.0000,0.4844,0.040,0.005
287,18368,orientation_cued_D2,0.65731,0.6719,3.5324,0.049,0.098
288,18432,orientation_cued_D0,0.02942,0.9844,9.0206,0.037,0.004
289,18496,orientation_cued_D1,0.06696,0.9688,9.0185,0.051,0.002
290,18560,orientation_cued_D2,0.70318,0.5469,5.2455,0.050,0.077
291,18624,orientation_cued_D0,0.00377,1.0000,1.5034,0.042,0.029
292,18688,orientation_cued_D1,0.05153,0.9688,14.7320,0.041,0.003
293,18752,orientation_cued_D2,0.73675,0.4219,3.5768,0.050,0.094
294,18816,orientation_cued_D0,0.00198,1.0000,0.2688,0.039,0.032
295,18880,orientation_cued_D1,0.08403,0.9688,18.1068,0.059,0.003
296,18944,orientation_cued_D2,0.70982,0.5000,4.9285,0.050,0.083
297,19008,orientation_cued_D1,0.02197,1.0000,3.5688,0.038,0.005
298,19072,orientation_cued_D0,0.00171,1.0000,0.3242,0.032,0.002
299,19136,orientation_cued_D2,0.69188,0.5469,4.8983,0.047,0.099
300,19200,orientation_cued_D0,0.00329,1.0000,1.0685,0.027,0.022
301,19264,orientation_cued_D1,0.05744,0.9844,9.0050,0.045,0.003
302,19328,orientation_cued_D2,0.69670,0.5156,2.7030,0.048,0.090
303,19392,orientation_cued_D1,0.07716,0.9688,14.7652,0.044,0.005
304,19456,orientation_cued_D0,0.00765,1.0000,2.0302,0.037,0.002
305,19520,orientation_cued_D2,0.71204,0.5000,3.5026,0.043,0.068
306,19584,orientation_cued_D1,0.02196,1.0000,4.0361,0.046,0.009
307,19648,orientation_cued_D0,0.01310,1.0000,4.8705,0.043,0.004
308,19712,orientation_cued_D2,0.70239,0.5156,4.6082,0.052,0.070
309,19776,orientation_cued_D1,0.03082,0.9844,3.2228,0.027,0.005
310,19840,orientation_cued_D0,0.04285,0.9844,7.3760,0.025,0.003
311,19904,orientation_cued_D2,0.70244,0.6094,3.0039,0.029,0.106
312,19968,orientation_cued_D1,0.03865,0.9844,13.0295,0.045,0.004
313,20032,orientation_cued_D0,0.00369,1.0000,0.8774,0.020,0.003
314,20096,orientation_cued_D2,0.70876,0.4219,2.5491,0.029,0.096
315,20160,orientation_cued_D1,0.05788,0.9844,5.9986,0.029,0.006
316,20224,orientation_cued_D0,0.00559,1.0000,1.5267,0.019,0.028
317,20288,orientation_cued_D2,0.72073,0.4219,3.4874,0.025,0.109
318,20352,orientation_cued_D1,0.03514,0.9844,5.5692,0.037,0.004
319,20416,orientation_cued_D0,0.07896,0.9688,11.8587,0.019,0.008
320,20480,orientation_cued_D2,0.69546,0.5000,3.5700,0.024,0.101
321,20544,orientation_cued_D1,0.01823,1.0000,2.5857,0.026,0.003
322,20608,orientation_cued_D0,0.00161,1.0000,0.4314,0.021,0.022
323,20672,orientation_cued_D2,0.69825,0.4375,2.9796,0.036,0.096
324,20736,orientation_cued_D1,0.04339,0.9688,8.9183,0.042,0.004
325,20800,orientation_cued_D0,0.00342,1.0000,0.7982,0.035,0.007
326,20864,orientation_cued_D2,0.69754,0.5000,3.8380,0.057,0.099
327,20928,orientation_cued_D1,0.00956,1.0000,1.2402,0.038,0.004
328,20992,orientation_cued_D0,0.00378,1.0000,1.3326,0.035,0.004
329,21056,orientation_cued_D2,0.70842,0.4531,2.6638,0.045,0.122
330,21120,orientation_cued_D0,0.00768,1.0000,3.1613,0.027,0.003
331,21184,orientation_cued_D1,0.01415,1.0000,3.3924,0.043,0.003
332,21248,orientation_cued_D2,0.71302,0.5000,2.9673,0.054,0.078
333,21312,orientation_cued_D0,0.00076,1.0000,0.0982,0.042,0.005
334,21376,orientation_cued_D1,0.01198,1.0000,1.7881,0.035,0.006
335,21440,orientation_cued_D0,0.00112,1.0000,0.2691,0.031,0.076
336,21504,orientation_cued_D2,0.68593,0.5312,4.4502,0.049,0.004
337,21568,orientation_cued_D1,0.07038,0.9688,18.2821,0.043,0.025
338,21632,orientation_cued_D0,0.00247,1.0000,0.3777,0.043,0.050
339,21696,orientation_cued_D2,0.71774,0.4531,4.0947,0.043,0.003
340,21760,orientation_cued_D1,0.02547,0.9844,4.9977,0.040,0.049
341,21824,orientation_cued_D0,0.00364,1.0000,1.0714,0.039,0.029
342,21888,orientation_cued_D2,0.70503,0.5469,3.2572,0.043,0.033
343,21952,orientation_cued_D1,0.01399,1.0000,2.2730,0.047,0.064
344,22016,orientation_cued_D0,0.00183,1.0000,0.4637,0.051,0.004
345,22080,orientation_cued_D2,0.69338,0.4844,3.0777,0.051,0.010
346,22144,orientation_cued_D1,0.06166,0.9844,17.3391,0.044,0.072
347,22208,orientation_cued_D0,0.00133,1.0000,0.2904,0.040,0.005
348,22272,orientation_cued_D2,0.70185,0.4531,3.4144,0.043,0.019
349,22336,orientation_cued_D1,0.06211,0.9688,8.5066,0.042,0.083
350,22400,orientation_cued_D0,0.00510,1.0000,1.5435,0.037,0.004
351,22464,orientation_cued_D2,0.67912,0.5781,2.7126,0.049,0.043
352,22528,orientation_cued_D0,0.00186,1.0000,0.8196,0.042,0.029
353,22592,orientation_cued_D1,0.04876,0.9844,8.9437,0.047,0.012
354,22656,orientation_cued_D2,0.71308,0.4219,3.6948,0.049,0.095
355,22720,orientation_cued_D0,0.00308,1.0000,0.5063,0.039,0.005
356,22784,orientation_cued_D1,0.01758,1.0000,3.7037,0.056,0.003
357,22848,orientation_cued_D0,0.00376,1.0000,1.7585,0.036,0.106
358,22912,orientation_cued_D2,0.70373,0.5156,3.5308,0.044,0.004
359,22976,orientation_cued_D1,0.01588,1.0000,4.0803,0.045,0.003
360,23040,orientation_cued_D0,0.00540,1.0000,1.7155,0.046,0.069
361,23104,orientation_cued_D1,0.04081,1.0000,5.0218,0.038,0.039
362,23168,orientation_cued_D2,0.67658,0.5938,3.8766,0.051,0.004
363,23232,orientation_cued_D0,0.00776,1.0000,2.0629,0.033,0.035
364,23296,orientation_cued_D1,0.01706,1.0000,4.6215,0.036,0.068
365,23360,orientation_cued_D2,0.71292,0.4844,4.0889,0.060,0.005
366,23424,orientation_cued_D0,0.00575,1.0000,1.5215,0.043,0.012
367,23488,orientation_cued_D1,0.02676,0.9844,6.0715,0.037,0.082
368,23552,orientation_cued_D2,0.70720,0.5156,5.2291,0.067,0.045
369,23616,orientation_cued_D0,0.02939,0.9844,7.7582,0.029,0.004
370,23680,orientation_cued_D1,0.02323,0.9844,7.9559,0.051,0.064
371,23744,orientation_cued_D0,0.00347,1.0000,1.5362,0.039,0.021
372,23808,orientation_cued_D2,0.69914,0.5000,3.6804,0.055,0.003
373,23872,orientation_cued_D1,0.04325,0.9844,11.1831,0.036,0.068
374,23936,orientation_cued_D0,0.00540,1.0000,1.4987,0.027,0.021
375,24000,orientation_cued_D2,0.70872,0.4844,2.6079,0.047,0.014
376,24064,orientation_cued_D1,0.00693,1.0000,1.8233,0.036,0.078
377,24128,orientation_cued_D0,0.03627,0.9844,7.1650,0.038,0.006
378,24192,orientation_cued_D2,0.67331,0.5625,3.0448,0.039,0.003
379,24256,orientation_cued_D1,0.03274,0.9844,7.5402,0.038,0.084
380,24320,orientation_cued_D0,0.00126,1.0000,0.2001,0.033,0.007
381,24384,orientation_cued_D2,0.69620,0.5156,3.2876,0.040,0.057
382,24448,orientation_cued_D1,0.02927,1.0000,5.4018,0.044,0.039
383,24512,orientation_cued_D0,0.01012,1.0000,3.7452,0.030,0.015
384,24576,orientation_cued_D2,0.68599,0.5781,2.6036,0.053,0.046
385,24640,orientation_cued_D1,0.00916,1.0000,1.3501,0.044,0.046
386,24704,orientation_cued_D0,0.00311,1.0000,0.9093,0.039,0.012
387,24768,orientation_cued_D2,0.67897,0.5625,3.7100,0.058,0.040
388,24832,orientation_cued_D0,0.01306,1.0000,3.2381,0.039,0.094
389,24896,orientation_cued_D1,0.00490,1.0000,0.5891,0.048,0.005
390,24960,orientation_cued_D2,0.69340,0.5625,3.1359,0.043,0.032
391,25024,orientation_cued_D0,0.00449,1.0000,1.9359,0.041,0.078
392,25088,orientation_cued_D1,0.02086,0.9844,5.0305,0.045,0.097
393,25152,orientation_cued_D2,0.71407,0.4375,3.1468,0.035,0.003
394,25216,orientation_cued_D0,0.02633,0.9844,7.4354,0.031,0.018
395,25280,orientation_cued_D1,0.00855,1.0000,3.2572,0.035,0.102
396,25344,orientation_cued_D2,0.68721,0.5156,3.7412,0.044,0.004
397,25408,orientation_cued_D0,0.00278,1.0000,0.6879,0.024,0.003
398,25472,orientation_cued_D1,0.01060,1.0000,3.1031,0.032,0.079
399,25536,orientation_cued_D2,0.69572,0.5312,3.4797,0.045,0.043
400,25600,orientation_cued_D0,0.00120,1.0000,0.1270,0.026,0.003
401,25664,orientation_cued_D1,0.00677,1.0000,1.2448,0.040,0.004
402,25728,orientation_cued_D2,0.71047,0.4531,3.3088,0.038,0.005
403,25792,orientation_cued_D0,0.01180,1.0000,5.1933,0.034,0.011
404,25856,orientation_cued_D1,0.00612,1.0000,0.8920,0.040,0.006
405,25920,orientation_cued_D2,0.71724,0.4531,3.6940,0.040,0.008
406,25984,orientation_cued_D0,0.00361,1.0000,0.7670,0.041,0.010
407,26048,orientation_cued_D1,0.01338,1.0000,3.9999,0.048,0.008
408,26112,orientation_cued_D2,0.65515,0.6250,2.9449,0.052,0.010
409,26176,orientation_cued_D0,0.00195,1.0000,0.5113,0.028,0.010
410,26240,orientation_cued_D1,0.01005,1.0000,2.2937,0.040,0.008
411,26304,orientation_cued_D2,0.74806,0.3906,3.3229,0.039,0.016
412,26368,orientation_cued_D0,0.00242,1.0000,0.3989,0.033,0.007
413,26432,orientation_cued_D1,0.03447,0.9844,9.0801,0.040,0.015
414,26496,orientation_cued_D2,0.67900,0.5938,2.9448,0.037,0.010
415,26560,orientation_cued_D0,0.00336,1.0000,0.7637,0.038,0.014
416,26624,orientation_cued_D1,0.01015,1.0000,2.8185,0.039,0.002
417,26688,orientation_cued_D2,0.68510,0.5938,3.1143,0.040,0.005
418,26752,orientation_cued_D1,0.00414,1.0000,1.2796,0.038,0.011
419,26816,orientation_cued_D0,0.00087,1.0000,0.1649,0.043,0.035
420,26880,orientation_cued_D2,0.68166,0.4688,2.7149,0.036,0.003
421,26944,orientation_cued_D1,0.03848,0.9844,11.6926,0.038,0.062
422,27008,orientation_cued_D0,0.00210,1.0000,0.4301,0.031,0.057
423,27072,orientation_cued_D2,0.72628,0.4688,4.4766,0.045,0.003
424,27136,orientation_cued_D1,0.00466,1.0000,2.6462,0.036,0.060
425,27200,orientation_cued_D0,0.04751,0.9844,10.5789,0.031,0.037
426,27264,orientation_cued_D2,0.69665,0.5781,2.7488,0.034,0.002
427,27328,orientation_cued_D1,0.03216,0.9844,7.8256,0.039,0.125
428,27392,orientation_cued_D0,0.00089,1.0000,0.1266,0.041,0.011
429,27456,orientation_cued_D2,0.72241,0.4688,4.1738,0.059,0.003
430,27520,orientation_cued_D1,0.00306,1.0000,0.7705,0.046,0.070
431,27584,orientation_cued_D2,0.72614,0.4375,3.1487,0.040,0.045
432,27648,orientation_cued_D0,0.00738,1.0000,2.7978,0.040,0.019
433,27712,orientation_cued_D1,0.01211,1.0000,1.8946,0.032,0.039
434,27776,orientation_cued_D2,0.70976,0.5000,4.2416,0.035,0.088
435,27840,orientation_cued_D1,0.01997,1.0000,5.9746,0.038,0.070
436,27904,orientation_cued_D0,0.01594,0.9844,4.7302,0.048,0.010
437,27968,orientation_cued_D2,0.73232,0.3906,3.4857,0.048,0.040
438,28032,orientation_cued_D1,0.00871,1.0000,1.6884,0.051,0.044
439,28096,orientation_cued_D2,0.74827,0.3438,2.6630,0.053,0.115
440,28160,orientation_cued_D0,0.00300,1.0000,0.7170,0.051,0.004
441,28224,orientation_cued_D1,0.00606,1.0000,1.4136,0.045,0.003
442,28288,orientation_cued_D2,0.70324,0.4688,2.9985,0.056,0.093
443,28352,orientation_cued_D1,0.02007,0.9844,8.5029,0.038,0.012
444,28416,orientation_cued_D0,0.00169,1.0000,0.4190,0.042,0.003
445,28480,orientation_cued_D2,0.70884,0.5156,2.4643,0.043,0.115
446,28544,orientation_cued_D1,0.00586,1.0000,1.4962,0.038,0.003
447,28608,orientation_cued_D0,0.04083,0.9844,10.8011,0.029,0.022
448,28672,orientation_cued_D2,0.70438,0.5000,2.8137,0.044,0.071
449,28736,orientation_cued_D1,0.03237,0.9844,9.2740,0.037,0.006
450,28800,orientation_cued_D2,0.68972,0.4844,3.3612,0.048,0.181
451,28864,orientation_cued_D0,0.02504,0.9844,6.6881,0.039,0.005
452,28928,orientation_cued_D1,0.01800,1.0000,2.5646,0.042,0.003
453,28992,orientation_cued_D1,0.01628,1.0000,2.6383,0.041,0.074
454,29056,orientation_cued_D2,0.70459,0.5000,2.9958,0.057,0.004
455,29120,orientation_cued_D0,0.00052,1.0000,0.0987,0.043,0.036
456,29184,orientation_cued_D1,0.00536,1.0000,0.8614,0.038,0.038
457,29248,orientation_cued_D2,0.71790,0.4062,2.6650,0.051,0.025
458,29312,orientation_cued_D1,0.00801,1.0000,2.3578,0.048,0.098
459,29376,orientation_cued_D0,0.05391,0.9844,8.2750,0.034,0.003
460,29440,orientation_cued_D2,0.71092,0.4688,2.6018,0.040,0.020
461,29504,orientation_cued_D1,0.01059,1.0000,2.3204,0.041,0.065
462,29568,orientation_cued_D0,0.00156,1.0000,0.4764,0.041,0.049
463,29632,orientation_cued_D2,0.71378,0.5469,2.1631,0.045,0.010
464,29696,orientation_cued_D1,0.03985,0.9844,6.9894,0.035,0.032
465,29760,orientation_cued_D2,0.70138,0.5312,2.5091,0.031,0.098
466,29824,orientation_cued_D0,0.00333,1.0000,0.7301,0.028,0.005
467,29888,orientation_cued_D1,0.03726,0.9844,12.9556,0.035,0.030
468,29952,orientation_cued_D0,0.01069,1.0000,3.3445,0.032,0.119
469,30016,orientation_cued_D2,0.69218,0.5312,2.5330,0.048,0.007
470,30080,orientation_cued_D1,0.00795,1.0000,1.0048,0.034,0.004
471,30144,orientation_cued_D1,0.05376,0.9688,11.3424,0.035,0.145
472,30208,orientation_cued_D2,0.69906,0.5156,2.6962,0.051,0.004
473,30272,orientation_cued_D0,0.04115,0.9844,9.8429,0.035,0.003
474,30336,orientation_cued_D1,0.00674,1.0000,1.2764,0.043,0.084
475,30400,orientation_cued_D2,0.70701,0.4844,3.4685,0.030,0.004
476,30464,orientation_cued_D0,0.00134,1.0000,0.2262,0.040,0.106
477,30528,orientation_cued_D1,0.02341,0.9844,5.5329,0.035,0.003
478,30592,orientation_cued_D2,0.70004,0.5156,1.9608,0.031,0.021
479,30656,orientation_cued_D1,0.00640,1.0000,1.6167,0.036,0.092
480,30720,orientation_cued_D0,0.00728,1.0000,3.0136,0.039,0.016
481,30784,orientation_cued_D2,0.68381,0.5156,1.9106,0.046,0.027
482,30848,orientation_cued_D1,0.01563,1.0000,2.5197,0.044,0.041
483,30912,orientation_cued_D0,0.00129,1.0000,0.3805,0.028,0.035
484,30976,orientation_cued_D2,0.70375,0.5312,1.9580,0.049,0.017
485,31040,orientation_cued_D1,0.00719,1.0000,0.8826,0.034,0.032
486,31104,orientation_cued_D0,0.00212,1.0000,0.9904,0.042,0.061
487,31168,orientation_cued_D2,0.73432,0.4062,3.0586,0.051,0.028
488,31232,orientation_cued_D1,0.00991,1.0000,1.9419,0.042,0.005
489,31296,orientation_cued_D0,0.00127,1.0000,0.2351,0.032,0.094
490,31360,orientation_cued_D1,0.00936,1.0000,1.6307,0.032,0.012
491,31424,orientation_cued_D2,0.70915,0.5000,1.7627,0.052,0.006
492,31488,orientation_cued_D0,0.01539,1.0000,3.7164,0.031,0.112
493,31552,orientation_cued_D1,0.00565,1.0000,1.1942,0.042,0.002
494,31616,orientation_cued_D2,0.71422,0.4531,2.3179,0.048,0.003
495,31680,orientation_cued_D0,0.02234,0.9844,7.3206,0.036,0.095
496,31744,orientation_cued_D1,0.04462,0.9844,7.0943,0.041,0.004
497,31808,orientation_cued_D2,0.70508,0.4688,1.9888,0.051,0.004
498,31872,orientation_cued_D0,0.00233,1.0000,0.7232,0.027,0.061
499,31936,orientation_cued_D1,0.00947,1.0000,1.7346,0.039,0.016
500,32000,orientation_cued_D2,0.69131,0.4688,1.8261,0.038,0.027
501,32064,orientation_cued_D0,0.00161,1.0000,0.3709,0.037,0.054
502,32128,orientation_cued_D1,0.00495,1.0000,1.2428,0.045,0.030
503,32192,orientation_cued_D2,0.69608,0.5000,1.9706,0.042,0.046
504,32256,orientation_cued_D0,0.00206,1.0000,0.5138,0.037,0.027
505,32320,orientation_cued_D1,0.01363,1.0000,3.2373,0.040,0.027
506,32384,orientation_cued_D0,0.00040,1.0000,0.0478,0.035,0.100
507,32448,orientation_cued_D2,0.71025,0.5312,2.2706,0.056,0.075
508,32512,orientation_cued_D1,0.01170,1.0000,1.8154,0.046,0.023
509,32576,orientation_cued_D0,0.00169,1.0000,0.7833,0.040,0.055
510,32640,orientation_cued_D1,0.01505,1.0000,3.6585,0.034,0.034
511,32704,orientation_cued_D2,0.68737,0.5625,2.2548,0.041,0.108
512,32768,orientation_cued_D0,0.00367,1.0000,1.0675,0.050,0.006
513,32832,orientation_cued_D1,0.00985,1.0000,2.8938,0.042,0.009
514,32896,orientation_cued_D0,0.00161,1.0000,0.3569,0.028,0.091
515,32960,orientation_cued_D1,0.02057,0.9844,6.6603,0.039,0.041
516,33024,orientation_cued_D2,0.67854,0.5625,1.9672,0.047,0.046
517,33088,orientation_cued_D0,0.00081,1.0000,0.0887,0.040,0.019
518,33152,orientation_cued_D1,0.01469,1.0000,5.4203,0.046,0.036
519,33216,orientation_cued_D0,0.00061,1.0000,0.0716,0.045,0.120
520,33280,orientation_cued_D2,0.70171,0.5156,2.1831,0.047,0.003
521,33344,orientation_cued_D1,0.01829,1.0000,7.8083,0.041,0.004
522,33408,orientation_cued_D0,0.00108,1.0000,0.2755,0.046,0.094
523,33472,orientation_cued_D1,0.06038,0.9844,15.8675,0.029,0.035
524,33536,orientation_cued_D2,0.69320,0.5469,2.5084,0.056,0.003
525,33600,orientation_cued_D0,0.00113,1.0000,0.1679,0.039,0.047
526,33664,orientation_cued_D1,0.00263,1.0000,0.4712,0.035,0.055
527,33728,orientation_cued_D2,0.73434,0.4062,2.5261,0.051,0.011
528,33792,orientation_cued_D0,0.00052,1.0000,0.1395,0.028,0.048
529,33856,orientation_cued_D1,0.01191,1.0000,3.4236,0.042,0.060
530,33920,orientation_cued_D2,0.69998,0.5000,3.0833,0.039,0.003
531,33984,orientation_cued_D0,0.03563,0.9844,7.9661,0.038,0.048
532,34048,orientation_cued_D1,0.00582,1.0000,1.1211,0.050,0.066
533,34112,orientation_cued_D2,0.70153,0.5469,2.8382,0.047,0.040
534,34176,orientation_cued_D0,0.01003,1.0000,3.4217,0.032,0.003
535,34240,orientation_cued_D1,0.05416,0.9688,15.1910,0.053,0.059
536,34304,orientation_cued_D0,0.00172,1.0000,0.5432,0.050,0.050
537,34368,orientation_cued_D2,0.71120,0.4531,2.5366,0.050,0.003
538,34432,orientation_cued_D1,0.00809,1.0000,1.7888,0.038,0.039
539,34496,orientation_cued_D0,0.00305,1.0000,0.9681,0.025,0.024
540,34560,orientation_cued_D2,0.68903,0.5000,1.8621,0.044,0.062
541,34624,orientation_cued_D1,0.02838,1.0000,6.8082,0.039,0.023
542,34688,orientation_cued_D0,0.00121,1.0000,0.2176,0.032,0.021
543,34752,orientation_cued_D2,0.70855,0.5000,1.8798,0.047,0.099
544,34816,orientation_cued_D0,0.05245,0.9844,10.7615,0.033,0.035
545,34880,orientation_cued_D1,0.01279,1.0000,2.6536,0.036,0.004
546,34944,orientation_cued_D2,0.69627,0.5000,2.0419,0.056,0.111
547,35008,orientation_cued_D0,0.00281,1.0000,0.7737,0.033,0.004
548,35072,orientation_cued_D1,0.01145,1.0000,2.9064,0.032,0.002
549,35136,orientation_cued_D0,0.00445,1.0000,1.4834,0.040,0.120
550,35200,orientation_cued_D2,0.68063,0.5469,1.8135,0.044,0.004
551,35264,orientation_cued_D1,0.02055,0.9844,5.1782,0.040,0.003
552,35328,orientation_cued_D0,0.00345,1.0000,1.1461,0.046,0.094
553,35392,orientation_cued_D1,0.01240,1.0000,4.8263,0.044,0.011
554,35456,orientation_cued_D2,0.70945,0.4688,1.9403,0.044,0.042
555,35520,orientation_cued_D0,0.00146,1.0000,0.3115,0.034,0.053
556,35584,orientation_cued_D1,0.02569,0.9844,9.4846,0.036,0.004
557,35648,orientation_cued_D2,0.69981,0.4688,1.5303,0.040,0.103
558,35712,orientation_cued_D0,0.00394,1.0000,0.9606,0.031,0.007
559,35776,orientation_cued_D1,0.00901,1.0000,2.0097,0.032,0.006
560,35840,orientation_cued_D0,0.00091,1.0000,0.4547,0.033,0.129
561,35904,orientation_cued_D2,0.69063,0.5625,1.4583,0.043,0.004
562,35968,orientation_cued_D1,0.00644,1.0000,1.1528,0.027,0.013
563,36032,orientation_cued_D0,0.00746,1.0000,4.5547,0.026,0.099
564,36096,orientation_cued_D2,0.70266,0.4844,1.5852,0.054,0.040
565,36160,orientation_cued_D1,0.02358,0.9844,4.0334,0.035,0.004
566,36224,orientation_cued_D1,0.00497,1.0000,0.9866,0.074,0.143
567,36288,orientation_cued_D2,0.69181,0.5938,1.4846,0.045,0.004
568,36352,orientation_cued_D0,0.00061,1.0000,0.2393,0.042,0.004
569,36416,orientation_cued_D0,0.05326,0.9844,10.6019,0.031,0.083
570,36480,orientation_cued_D1,0.00684,1.0000,1.4447,0.035,0.002
571,36544,orientation_cued_D2,0.68431,0.5469,2.1933,0.043,0.003
572,36608,orientation_cued_D0,0.01905,0.9844,5.1229,0.025,0.132
573,36672,orientation_cued_D1,0.01143,1.0000,2.1052,0.036,0.002
574,36736,orientation_cued_D2,0.69448,0.5156,1.2384,0.042,0.004
575,36800,orientation_cued_D1,0.01162,1.0000,2.3412,0.044,0.109
576,36864,orientation_cued_D0,0.00428,1.0000,1.5545,0.035,0.007
577,36928,orientation_cued_D2,0.68766,0.5469,1.5251,0.032,0.003
578,36992,orientation_cued_D1,0.03811,0.9844,9.0108,0.045,0.112
579,37056,orientation_cued_D0,0.00744,1.0000,2.9184,0.042,0.033
580,37120,orientation_cued_D2,0.69255,0.5938,1.7788,0.035,0.003
581,37184,orientation_cued_D1,0.01561,0.9844,8.0097,0.046,0.076
582,37248,orientation_cued_D0,0.00029,1.0000,0.0290,0.031,0.045
583,37312,orientation_cued_D2,0.71931,0.3750,2.3034,0.051,0.003
584,37376,orientation_cued_D1,0.00826,1.0000,2.9603,0.034,0.044
585,37440,orientation_cued_D0,0.00064,1.0000,0.0866,0.029,0.104
586,37504,orientation_cued_D2,0.69490,0.4531,1.8492,0.041,0.003
587,37568,orientation_cued_D1,0.00126,1.0000,0.2129,0.029,0.003
588,37632,orientation_cued_D0,0.00042,1.0000,0.0811,0.036,0.136
589,37696,orientation_cued_D2,0.70023,0.4531,2.0122,0.043,0.003
590,37760,orientation_cued_D1,0.02253,0.9844,10.2621,0.027,0.003
591,37824,orientation_cued_D2,0.70776,0.4062,2.2109,0.047,0.144
592,37888,orientation_cued_D0,0.00158,1.0000,0.2845,0.035,0.006
593,37952,orientation_cued_D1,0.00463,1.0000,1.0429,0.031,0.002
594,38016,orientation_cued_D1,0.00710,1.0000,2.7415,0.033,0.102
595,38080,orientation_cued_D2,0.69341,0.5000,1.8787,0.047,0.006
596,38144,orientation_cued_D0,0.00061,1.0000,0.0912,0.034,0.007
597,38208,orientation_cued_D1,0.00346,1.0000,0.7496,0.048,0.101
598,38272,orientation_cued_D2,0.70636,0.4375,1.9754,0.050,0.004
599,38336,orientation_cued_D0,0.00039,1.0000,0.0928,0.040,0.004
600,38400,orientation_cued_D1,0.02746,0.9844,13.1645,0.038,0.062
601,38464,orientation_cued_D2,0.68733,0.5156,1.8615,0.040,0.006
602,38528,orientation_cued_D0,0.00071,1.0000,0.1836,0.027,0.011
603,38592,orientation_cued_D1,0.00301,1.0000,0.6075,0.029,0.005
604,38656,orientation_cued_D2,0.67944,0.6094,1.7964,0.043,0.005
605,38720,orientation_cued_D0,0.00570,1.0000,1.5930,0.033,0.006
606,38784,orientation_cued_D1,0.00371,1.0000,0.6291,0.027,0.005
607,38848,orientation_cued_D2,0.67746,0.6406,1.7670,0.048,0.009
608,38912,orientation_cued_D0,0.02370,0.9844,7.6498,0.031,0.012
609,38976,orientation_cued_D1,0.00505,1.0000,1.2583,0.036,0.007
610,39040,orientation_cued_D2,0.69481,0.5000,2.0885,0.048,0.010
611,39104,orientation_cued_D0,0.01904,0.9844,8.0720,0.036,0.012
612,39168,orientation_cued_D1,0.00276,1.0000,0.7194,0.046,0.005
613,39232,orientation_cued_D0,0.00310,1.0000,1.5925,0.039,0.010
614,39296,orientation_cued_D2,0.70918,0.4531,1.8128,0.047,0.008
615,39360,orientation_cued_D1,0.04895,0.9688,18.3960,0.039,0.011
616,39424,orientation_cued_D0,0.00198,1.0000,0.7924,0.040,0.005
617,39488,orientation_cued_D2,0.71895,0.4844,2.6237,0.048,0.004
618,39552,orientation_cued_D1,0.02246,1.0000,5.9787,0.044,0.012
619,39616,orientation_cued_D2,0.70373,0.4531,1.8538,0.044,0.004
620,39680,orientation_cued_D0,0.02236,0.9844,9.5878,0.032,0.003
621,39744,orientation_cued_D1,0.05427,0.9688,7.7579,0.039,0.069
622,39808,orientation_cued_D0,0.00163,1.0000,0.5311,0.033,0.008
623,39872,orientation_cued_D2,0.69684,0.5000,2.3364,0.044,0.003
624,39936,orientation_cued_D1,0.01512,1.0000,2.2586,0.047,0.085
625,40000,orientation_cued_D0,0.00329,1.0000,2.4444,0.042,0.004
626,40064,orientation_cued_D2,0.70362,0.5000,3.1105,0.051,0.040
627,40128,orientation_cued_D1,0.00362,1.0000,0.9495,0.036,0.033
628,40192,orientation_cued_D0,0.00914,1.0000,2.7046,0.033,0.035
629,40256,orientation_cued_D2,0.69672,0.4531,2.2430,0.055,0.084
630,40320,orientation_cued_D1,0.00963,1.0000,3.8988,0.045,0.004
631,40384,orientation_cued_D0,0.00458,1.0000,3.2568,0.038,0.032
632,40448,orientation_cued_D2,0.69230,0.5156,2.0038,0.048,0.064
633,40512,orientation_cued_D1,0.00843,1.0000,3.3371,0.052,0.004
634,40576,orientation_cued_D0,0.00352,1.0000,1.3264,0.040,0.040
635,40640,orientation_cued_D2,0.69276,0.5000,2.3736,0.038,0.055
636,40704,orientation_cued_D1,0.00216,1.0000,0.5216,0.046,0.004
637,40768,orientation_cued_D0,0.00158,1.0000,0.5817,0.036,0.034
638,40832,orientation_cued_D1,0.00159,1.0000,0.2903,0.040,0.078
639,40896,orientation_cued_D2,0.68992,0.6094,1.8069,0.039,0.003
640,40960,orientation_cued_D0,0.00282,1.0000,1.3410,0.037,0.020
641,41024,orientation_cued_D1,0.00921,1.0000,4.3758,0.038,0.069
642,41088,orientation_cued_D2,0.71494,0.3594,2.0176,0.042,0.003
643,41152,orientation_cued_D0,0.01250,1.0000,4.9621,0.022,0.026
644,41216,orientation_cued_D1,0.00619,1.0000,2.1485,0.039,0.073
645,41280,orientation_cued_D2,0.70878,0.4219,2.1919,0.046,0.029
646,41344,orientation_cued_D0,0.00636,1.0000,3.1834,0.038,0.003
647,41408,orientation_cued_D1,0.00571,1.0000,1.5394,0.038,0.031
648,41472,orientation_cued_D2,0.67473,0.5469,1.6184,0.034,0.076
649,41536,orientation_cued_D0,0.00048,1.0000,0.0694,0.041,0.007
650,41600,orientation_cued_D1,0.06271,0.9844,9.2673,0.042,0.015
651,41664,orientation_cued_D2,0.69167,0.4844,1.9888,0.045,0.099
652,41728,orientation_cued_D0,0.00047,1.0000,0.0678,0.039,0.004
653,41792,orientation_cued_D1,0.00754,1.0000,3.5294,0.043,0.003
654,41856,orientation_cued_D2,0.69391,0.4688,1.5887,0.046,0.088
655,41920,orientation_cued_D0,0.00174,1.0000,0.5237,0.040,0.004
656,41984,orientation_cued_D1,0.00382,1.0000,1.6333,0.053,0.003
657,42048,orientation_cued_D2,0.71354,0.4375,1.9277,0.067,0.135
658,42112,orientation_cued_D0,0.00746,1.0000,4.0101,0.038,0.004
659,42176,orientation_cued_D1,0.00529,1.0000,2.2361,0.044,0.003
660,42240,orientation_cued_D1,0.07539,0.9844,11.5014,0.038,0.099
661,42304,orientation_cued_D0,0.00050,1.0000,0.0854,0.026,0.003
662,42368,orientation_cued_D2,0.69396,0.4688,1.5379,0.042,0.003
663,42432,orientation_cued_D1,0.02021,0.9844,7.4599,0.043,0.102
664,42496,orientation_cued_D0,0.00462,1.0000,1.4895,0.045,0.003
665,42560,orientation_cued_D2,0.69814,0.5312,1.4967,0.039,0.003
666,42624,orientation_cued_D1,0.00690,1.0000,2.2507,0.037,0.073
667,42688,orientation_cued_D0,0.00064,1.0000,0.1414,0.042,0.006
668,42752,orientation_cued_D2,0.68982,0.5469,1.6687,0.043,0.005
669,42816,orientation_cued_D1,0.00199,1.0000,0.3693,0.049,0.083
670,42880,orientation_cued_D0,0.00427,1.0000,2.5999,0.041,0.004
671,42944,orientation_cued_D2,0.69136,0.5156,1.8924,0.048,0.013
672,43008,orientation_cued_D1,0.00808,1.0000,3.3638,0.043,0.045
673,43072,orientation_cued_D0,0.00116,1.0000,0.4955,0.036,0.003
674,43136,orientation_cued_D2,0.68130,0.5625,1.8144,0.047,0.086
675,43200,orientation_cued_D1,0.00875,1.0000,2.7923,0.032,0.003
676,43264,orientation_cued_D0,0.00405,1.0000,2.8112,0.037,0.017
677,43328,orientation_cued_D2,0.67907,0.5781,1.7501,0.057,0.109
678,43392,orientation_cued_D1,0.02447,0.9844,7.2446,0.038,0.004
679,43456,orientation_cued_D0,0.00052,1.0000,0.1303,0.055,0.004
680,43520,orientation_cued_D1,0.00137,1.0000,0.3452,0.038,0.086
681,43584,orientation_cued_D2,0.71265,0.4219,1.7075,0.041,0.003
682,43648,orientation_cued_D0,0.00212,1.0000,0.8467,0.028,0.028
683,43712,orientation_cued_D1,0.00267,1.0000,1.0152,0.030,0.073
684,43776,orientation_cued_D2,0.69362,0.5156,2.2182,0.051,0.032
685,43840,orientation_cued_D0,0.00844,1.0000,3.2377,0.025,0.008
686,43904,orientation_cued_D1,0.00225,1.0000,0.3677,0.040,0.054
687,43968,orientation_cued_D2,0.69310,0.4844,1.6913,0.055,0.106
688,44032,orientation_cued_D1,0.00607,1.0000,1.5608,0.040,0.020
689,44096,orientation_cued_D0,0.00455,1.0000,1.4817,0.037,0.003
690,44160,orientation_cued_D1,0.01233,1.0000,4.1733,0.042,0.122
691,44224,orientation_cued_D2,0.69102,0.5938,1.3659,0.051,0.063
692,44288,orientation_cued_D0,0.00318,1.0000,1.1522,0.037,0.056
693,44352,orientation_cued_D1,0.00853,1.0000,2.8448,0.039,0.002
694,44416,orientation_cued_D2,0.70704,0.4844,1.9079,0.048,0.110
695,44480,orientation_cued_D1,0.00344,1.0000,1.1106,0.047,0.017
696,44544,orientation_cued_D0,0.00707,1.0000,3.4840,0.028,0.003
697,44608,orientation_cued_D2,0.72009,0.5312,1.7963,0.044,0.085
698,44672,orientation_cued_D1,0.00334,1.0000,0.8617,0.042,0.020
699,44736,orientation_cued_D0,0.00088,1.0000,0.1528,0.039,0.062
700,44800,orientation_cued_D2,0.67574,0.5625,1.5927,0.041,0.052
701,44864,orientation_cued_D1,0.04037,0.9844,11.0073,0.045,0.006
702,44928,orientation_cued_D0,0.00118,1.0000,0.4498,0.032,0.078
703,44992,orientation_cued_D2,0.71159,0.3906,1.9324,0.051,0.063
704,45056,orientation_cued_D1,0.00277,1.0000,0.3196,0.040,0.004
705,45120,orientation_cued_D0,0.00122,1.0000,0.5584,0.037,0.056
706,45184,orientation_cued_D1,0.00402,1.0000,0.8548,0.039,0.044
707,45248,orientation_cued_D2,0.69720,0.5156,1.5677,0.048,0.003
708,45312,orientation_cued_D0,0.00315,1.0000,1.3448,0.032,0.036
709,45376,orientation_cued_D1,0.03850,0.9688,12.6578,0.032,0.038
710,45440,orientation_cued_D2,0.69986,0.5312,1.8037,0.050,0.078
711,45504,orientation_cued_D0,0.00108,1.0000,0.8155,0.033,0.004
712,45568,orientation_cued_D1,0.01319,1.0000,4.4412,0.037,0.017
713,45632,orientation_cued_D0,0.00044,1.0000,0.1283,0.042,0.110
714,45696,orientation_cued_D2,0.69885,0.4844,1.8924,0.040,0.004
715,45760,orientation_cued_D1,0.00142,1.0000,0.1441,0.046,0.005
716,45824,orientation_cued_D0,0.00052,1.0000,0.0949,0.035,0.096
717,45888,orientation_cued_D2,0.71313,0.4844,1.6378,0.049,0.028
718,45952,orientation_cued_D1,0.00865,1.0000,6.1783,0.037,0.005
719,46016,orientation_cued_D0,0.00073,1.0000,0.1644,0.032,0.077
720,46080,orientation_cued_D1,0.00178,1.0000,0.2561,0.039,0.045
721,46144,orientation_cued_D2,0.67665,0.5938,1.7089,0.037,0.002
722,46208,orientation_cued_D0,0.00465,1.0000,1.2419,0.034,0.078
723,46272,orientation_cued_D1,0.04829,0.9844,15.8642,0.047,0.039
724,46336,orientation_cued_D2,0.68256,0.5312,1.8899,0.033,0.003
725,46400,orientation_cued_D0,0.01781,0.9844,7.0870,0.027,0.094
726,46464,orientation_cued_D1,0.00699,1.0000,2.1613,0.039,0.006
727,46528,orientation_cued_D2,0.69751,0.4062,1.7317,0.046,0.003
728,46592,orientation_cued_D1,0.00862,1.0000,4.1411,0.030,0.100
729,46656,orientation_cued_D0,0.00059,1.0000,0.1056,0.025,0.003
730,46720,orientation_cued_D2,0.70844,0.3750,2.6487,0.039,0.134
731,46784,orientation_cued_D0,0.04126,0.9844,7.9160,0.032,0.003
732,46848,orientation_cued_D1,0.00265,1.0000,0.6044,0.042,0.003
733,46912,orientation_cued_D2,0.68498,0.4844,2.9435,0.045,0.116
734,46976,orientation_cued_D1,0.00803,1.0000,3.6350,0.038,0.005
735,47040,orientation_cued_D0,0.01455,1.0000,5.9063,0.034,0.004
736,47104,orientation_cued_D1,0.00811,1.0000,1.7039,0.048,0.097
737,47168,orientation_cued_D2,0.69773,0.4844,3.1047,0.045,0.004
738,47232,orientation_cued_D0,0.01906,1.0000,8.6021,0.037,0.004
739,47296,orientation_cued_D1,0.00228,1.0000,0.4566,0.038,0.061
740,47360,orientation_cued_D2,0.67138,0.6406,2.0469,0.044,0.012
741,47424,orientation_cued_D0,0.00040,1.0000,0.1317,0.043,0.004
742,47488,orientation_cued_D1,0.04231,0.9844,11.9071,0.044,0.092
743,47552,orientation_cued_D0,0.00109,1.0000,0.4638,0.034,0.027
744,47616,orientation_cued_D2,0.68364,0.4844,1.9102,0.056,0.004
745,47680,orientation_cued_D1,0.00169,1.0000,0.3296,0.044,0.042
746,47744,orientation_cued_D2,0.68390,0.5469,1.6746,0.061,0.079
747,47808,orientation_cued_D0,0.00416,1.0000,1.9709,0.040,0.004
748,47872,orientation_cued_D1,0.00792,1.0000,2.9492,0.046,0.005
749,47936,orientation_cued_D0,0.00203,1.0000,0.5687,0.043,0.098
750,48000,orientation_cued_D2,0.69722,0.5000,1.7824,0.055,0.022
751,48064,orientation_cued_D1,0.01463,1.0000,7.4054,0.046,0.005
752,48128,orientation_cued_D0,0.00161,1.0000,0.6152,0.041,0.087
753,48192,orientation_cued_D1,0.00811,1.0000,1.8150,0.039,0.028
754,48256,orientation_cued_D2,0.71049,0.4375,2.2125,0.033,0.003
755,48320,orientation_cued_D0,0.00369,1.0000,1.3691,0.051,0.149
756,48384,orientation_cued_D1,0.00404,1.0000,2.0824,0.042,0.004
757,48448,orientation_cued_D2,0.70966,0.4062,1.9560,0.038,0.004
758,48512,orientation_cued_D0,0.06045,0.9844,9.2212,0.039,0.081
759,48576,orientation_cued_D2,0.68302,0.6250,2.0520,0.046,0.036
760,48640,orientation_cued_D1,0.08901,0.9688,18.3036,0.035,0.004
761,48704,orientation_cued_D0,0.00038,1.0000,0.0947,0.045,0.045
762,48768,orientation_cued_D1,0.04070,0.9844,14.3787,0.044,0.067
763,48832,orientation_cued_D2,0.71325,0.4375,2.2752,0.046,0.004
764,48896,orientation_cued_D0,0.00083,1.0000,0.1608,0.034,0.014
765,48960,orientation_cued_D2,0.68226,0.5469,2.2557,0.056,0.087
766,49024,orientation_cued_D1,0.04093,0.9844,16.1561,0.036,0.005
767,49088,orientation_cued_D0,0.00542,1.0000,1.9386,0.032,0.005
768,49152,orientation_cued_D1,0.03826,0.9844,13.1464,0.040,0.095
769,49216,orientation_cued_D2,0.71935,0.3594,4.9700,0.039,0.004
770,49280,orientation_cued_D0,0.00355,1.0000,1.5041,0.031,0.030
771,49344,orientation_cued_D2,0.71403,0.4844,4.8338,0.041,0.097
772,49408,orientation_cued_D1,0.07141,0.9531,18.8060,0.039,0.004
773,49472,orientation_cued_D0,0.01436,0.9844,5.3592,0.036,0.044
774,49536,orientation_cued_D2,0.69193,0.5000,2.1290,0.050,0.082
775,49600,orientation_cued_D1,0.01059,1.0000,2.7689,0.047,0.005
776,49664,orientation_cued_D0,0.00964,1.0000,3.8049,0.033,0.020
777,49728,orientation_cued_D1,0.01345,1.0000,2.8093,0.044,0.061
778,49792,orientation_cued_D2,0.69789,0.4844,1.5991,0.042,0.004
779,49856,orientation_cued_D0,0.02258,0.9844,9.3967,0.041,0.059
780,49920,orientation_cued_D1,0.05019,0.9688,12.7441,0.042,0.027
781,49984,orientation_cued_D2,0.69651,0.5156,1.7080,0.050,0.004
782,50048,orientation_cued_D0,0.08974,0.9531,15.8677,0.039,0.107
783,50112,orientation_cued_D1,0.08003,0.9688,23.2718,0.046,0.003
784,50176,orientation_cued_D2,0.68932,0.5625,1.1888,0.045,0.004
785,50240,orientation_cued_D1,0.00664,1.0000,1.1380,0.042,0.123
786,50304,orientation_cued_D0,0.00151,1.0000,0.4212,0.054,0.004
787,50368,orientation_cued_D2,0.69906,0.5000,3.0175,0.045,0.003
788,50432,orientation_cued_D1,0.05288,0.9688,18.9585,0.037,0.110
789,50496,orientation_cued_D2,0.71374,0.4844,3.4972,0.045,0.003
790,50560,orientation_cued_D0,0.01966,0.9844,7.6985,0.038,0.004
791,50624,orientation_cued_D1,0.04915,0.9844,16.8624,0.039,0.104
792,50688,orientation_cued_D2,0.70543,0.4844,2.4520,0.047,0.004
793,50752,orientation_cued_D0,0.03421,0.9844,10.4863,0.031,0.004
794,50816,orientation_cued_D0,0.01452,0.9844,6.3007,0.040,0.140
795,50880,orientation_cued_D2,0.71406,0.4062,2.4768,0.047,0.004
796,50944,orientation_cued_D1,0.04608,0.9688,16.9149,0.059,0.004
797,51008,orientation_cued_D0,0.00616,1.0000,2.0287,0.043,0.072
798,51072,orientation_cued_D2,0.70077,0.5000,2.2922,0.044,0.016
799,51136,orientation_cued_D1,0.02208,0.9844,6.6360,0.061,0.022
800,51200,orientation_cued_D0,0.00062,1.0000,0.0914,0.042,0.062
801,51264,orientation_cued_D2,0.69805,0.4688,1.5811,0.052,0.005
802,51328,orientation_cued_D1,0.00851,1.0000,1.6939,0.041,0.007
803,51392,orientation_cued_D0,0.00125,1.0000,0.6387,0.035,0.006
804,51456,orientation_cued_D2,0.68849,0.6406,1.4952,0.039,0.005
805,51520,orientation_cued_D1,0.01656,1.0000,5.4058,0.042,0.008
806,51584,orientation_cued_D0,0.00460,1.0000,2.4841,0.043,0.007
807,51648,orientation_cued_D1,0.00926,1.0000,1.6894,0.031,0.007
808,51712,orientation_cued_D2,0.69930,0.4844,2.0624,0.049,0.006
809,51776,orientation_cued_D0,0.00456,1.0000,1.0536,0.040,0.013
810,51840,orientation_cued_D1,0.03129,0.9844,7.0423,0.053,0.007
811,51904,orientation_cued_D2,0.68687,0.5469,1.3860,0.048,0.009
812,51968,orientation_cued_D0,0.00205,1.0000,0.8887,0.036,0.012
813,52032,orientation_cued_D1,0.01023,1.0000,2.8675,0.040,0.005
814,52096,orientation_cued_D2,0.70043,0.5000,1.7598,0.064,0.007
815,52160,orientation_cued_D0,0.11175,0.9531,15.3439,0.030,0.009
816,52224,orientation_cued_D1,0.01529,1.0000,3.0283,0.057,0.003
817,52288,orientation_cued_D2,0.69948,0.5156,1.6423,0.051,0.008
818,52352,orientation_cued_D1,0.06598,0.9844,8.8489,0.035,0.007
819,52416,orientation_cued_D0,0.00112,1.0000,0.3342,0.038,0.004
820,52480,orientation_cued_D2,0.71086,0.3750,1.5608,0.057,0.003
821,52544,orientation_cued_D1,0.00485,1.0000,1.9346,0.028,0.004
822,52608,orientation_cued_D0,0.02757,0.9844,8.1145,0.050,0.004
823,52672,orientation_cued_D2,0.69562,0.4531,2.0370,0.051,0.022
824,52736,orientation_cued_D1,0.03198,0.9844,12.2292,0.043,0.054
825,52800,orientation_cued_D0,0.00212,1.0000,0.5763,0.042,0.004
826,52864,orientation_cued_D2,0.69503,0.5469,2.2626,0.059,0.012
827,52928,orientation_cued_D0,0.00857,1.0000,2.5797,0.032,0.093
828,52992,orientation_cued_D1,0.01042,1.0000,2.9479,0.043,0.003
829,53056,orientation_cued_D2,0.69807,0.5156,1.1577,0.048,0.111
830,53120,orientation_cued_D0,0.01480,0.9844,8.1185,0.040,0.004
831,53184,orientation_cued_D1,0.02274,0.9844,9.1438,0.048,0.004
832,53248,orientation_cued_D2,0.67919,0.5625,1.3265,0.052,0.090
833,53312,orientation_cued_D0,0.04934,0.9844,8.7426,0.035,0.004
834,53376,orientation_cued_D1,0.01355,1.0000,3.2596,0.035,0.003
835,53440,orientation_cued_D2,0.69841,0.5469,1.9067,0.040,0.101
836,53504,orientation_cued_D0,0.00242,1.0000,1.2294,0.030,0.003
837,53568,orientation_cued_D1,0.04921,0.9688,17.3600,0.034,0.004
838,53632,orientation_cued_D2,0.71656,0.4531,1.5918,0.030,0.112
839,53696,orientation_cued_D0,0.00643,1.0000,2.6544,0.033,0.004
840,53760,orientation_cued_D1,0.00953,1.0000,1.8606,0.040,0.035
841,53824,orientation_cued_D2,0.67588,0.5938,1.7877,0.055,0.109
842,53888,orientation_cued_D0,0.00131,1.0000,0.2867,0.053,0.004
843,53952,orientation_cued_D1,0.01905,1.0000,4.0459,0.037,0.003
844,54016,orientation_cued_D2,0.69930,0.4844,1.5512,0.056,0.081
845,54080,orientation_cued_D0,0.00195,1.0000,0.8951,0.033,0.003
846,54144,orientation_cued_D1,0.00717,1.0000,1.3395,0.039,0.002
847,54208,orientation_cued_D2,0.69420,0.5000,1.9396,0.040,0.110
848,54272,orientation_cued_D0,0.00515,1.0000,2.9581,0.043,0.025
849,54336,orientation_cued_D1,0.00531,1.0000,2.1773,0.038,0.004
850,54400,orientation_cued_D2,0.69423,0.4688,1.8629,0.073,0.083
851,54464,orientation_cued_D0,0.00060,1.0000,0.1903,0.042,0.005
852,54528,orientation_cued_D1,0.04459,0.9688,16.3375,0.049,0.085
853,54592,orientation_cued_D0,0.00071,1.0000,0.1794,0.037,0.033
854,54656,orientation_cued_D2,0.68344,0.5312,2.0749,0.044,0.003
855,54720,orientation_cued_D0,0.04034,0.9844,9.0029,0.056,0.147
856,54784,orientation_cued_D1,0.00986,1.0000,5.0924,0.032,0.004
857,54848,orientation_cued_D2,0.70554,0.4688,1.9294,0.056,0.003
858,54912,orientation_cued_D0,0.02040,1.0000,5.0047,0.044,0.059
859,54976,orientation_cued_D2,0.68908,0.5469,1.0979,0.051,0.017
860,55040,orientation_cued_D1,0.02014,0.9844,3.4847,0.044,0.026
861,55104,orientation_cued_D0,0.00025,1.0000,0.0335,0.041,0.043
862,55168,orientation_cued_D2,0.69984,0.4375,1.9660,0.048,0.032
863,55232,orientation_cued_D1,0.07973,0.9844,6.5969,0.036,0.011
864,55296,orientation_cued_D0,0.03766,0.9844,7.6339,0.037,0.111
865,55360,orientation_cued_D2,0.70746,0.4531,1.9163,0.036,0.003
866,55424,orientation_cued_D1,0.02685,0.9844,10.7670,0.031,0.003
867,55488,orientation_cued_D0,0.08246,0.9844,12.3147,0.035,0.133
868,55552,orientation_cued_D2,0.69135,0.5156,1.0776,0.043,0.003
869,55616,orientation_cued_D1,0.01568,1.0000,4.5807,0.041,0.003
870,55680,orientation_cued_D2,0.70333,0.4844,1.2782,0.050,0.111
871,55744,orientation_cued_D0,0.02900,0.9844,7.5501,0.035,0.012
872,55808,orientation_cued_D1,0.06944,0.9531,20.3706,0.042,0.003
873,55872,orientation_cued_D2,0.69437,0.4844,1.2115,0.051,0.114
874,55936,orientation_cued_D0,0.01590,0.9844,6.2540,0.027,0.004
875,56000,orientation_cued_D1,0.00508,1.0000,1.6106,0.039,0.003
876,56064,orientation_cued_D0,0.00165,1.0000,0.8987,0.037,0.109
877,56128,orientation_cued_D2,0.69305,0.4688,1.1458,0.045,0.004
878,56192,orientation_cued_D1,0.02160,0.9844,3.9217,0.029,0.003
879,56256,orientation_cued_D0,0.01187,1.0000,5.2284,0.035,0.091
880,56320,orientation_cued_D2,0.68522,0.5000,1.5059,0.051,0.004
881,56384,orientation_cued_D1,0.02307,0.9844,10.1936,0.036,0.003
882,56448,orientation_cued_D0,0.00698,1.0000,2.8084,0.043,0.066
883,56512,orientation_cued_D1,0.00823,1.0000,2.4657,0.041,0.026
884,56576,orientation_cued_D2,0.68694,0.5312,1.4865,0.046,0.004
885,56640,orientation_cued_D0,0.00237,1.0000,0.4004,0.031,0.044
886,56704,orientation_cued_D1,0.00525,1.0000,0.8674,0.036,0.036
887,56768,orientation_cued_D2,0.69314,0.4688,1.1767,0.043,0.048
888,56832,orientation_cued_D0,0.00524,1.0000,2.3466,0.032,0.009
889,56896,orientation_cued_D1,0.01108,1.0000,1.6597,0.034,0.084
890,56960,orientation_cued_D0,0.00256,1.0000,0.8514,0.024,0.118
891,57024,orientation_cued_D2,0.70658,0.4531,2.4295,0.026,0.018
892,57088,orientation_cued_D1,0.02371,1.0000,5.4710,0.021,0.051
893,57152,orientation_cued_D0,0.00284,1.0000,1.6008,0.022,0.056
894,57216,orientation_cued_D2,0.68416,0.5625,1.2135,0.024,0.027
895,57280,orientation_cued_D0,0.00117,1.0000,0.1768,0.020,0.109
896,57344,orientation_cued_D1,0.01917,0.9844,6.9744,0.022,0.003
897,57408,orientation_cued_D2,0.69325,0.5156,1.4903,0.029,0.021
898,57472,orientation_cued_D0,0.00293,1.0000,1.3794,0.027,0.087
899,57536,orientation_cued_D1,0.02191,0.9844,9.1573,0.027,0.004
900,57600,orientation_cued_D2,0.69496,0.5000,1.2890,0.026,0.014
901,57664,orientation_cued_D0,0.00094,1.0000,0.1967,0.021,0.077
902,57728,orientation_cued_D1,0.01813,0.9844,5.9652,0.024,0.032
903,57792,orientation_cued_D2,0.69553,0.5469,1.1783,0.046,0.032
904,57856,orientation_cued_D0,0.01824,0.9844,4.2470,0.043,0.034
905,57920,orientation_cued_D1,0.01054,1.0000,2.8793,0.044,0.003
906,57984,orientation_cued_D2,0.69363,0.4844,1.0575,0.047,0.032
907,58048,orientation_cued_D0,0.00062,1.0000,0.1114,0.029,0.025
908,58112,orientation_cued_D1,0.00162,1.0000,0.2535,0.041,0.042
909,58176,orientation_cued_D2,0.70341,0.4219,1.3056,0.045,0.096
910,58240,orientation_cued_D0,0.00265,1.0000,0.8735,0.039,0.005
911,58304,orientation_cued_D1,0.04815,0.9844,7.3654,0.043,0.003
912,58368,orientation_cued_D0,0.00234,1.0000,0.8891,0.042,0.084
913,58432,orientation_cued_D2,0.68107,0.5156,1.2232,0.041,0.004
914,58496,orientation_cued_D1,0.01246,1.0000,5.5941,0.041,0.012
915,58560,orientation_cued_D0,0.01608,0.9844,5.4044,0.031,0.060
916,58624,orientation_cued_D2,0.68577,0.5000,1.7492,0.045,0.080
917,58688,orientation_cued_D1,0.00140,1.0000,0.2434,0.037,0.003
918,58752,orientation_cued_D0,0.00776,1.0000,4.2145,0.026,0.010
919,58816,orientation_cued_D2,0.69585,0.5625,1.4749,0.056,0.109
920,58880,orientation_cued_D0,0.00025,1.0000,0.0202,0.055,0.018
921,58944,orientation_cued_D1,0.00363,1.0000,0.6160,0.036,0.002
922,59008,orientation_cued_D0,0.00179,1.0000,0.4125,0.036,0.148
923,59072,orientation_cued_D2,0.68959,0.5625,1.0503,0.049,0.003
924,59136,orientation_cued_D1,0.01850,1.0000,6.5556,0.040,0.003
925,59200,orientation_cued_D0,0.00058,1.0000,0.0888,0.045,0.108
926,59264,orientation_cued_D1,0.00182,1.0000,0.3337,0.041,0.003
927,59328,orientation_cued_D2,0.69685,0.5156,1.5144,0.041,0.003
928,59392,orientation_cued_D0,0.00036,1.0000,0.0536,0.032,0.081
929,59456,orientation_cued_D1,0.00121,1.0000,0.1352,0.041,0.012
930,59520,orientation_cued_D2,0.68457,0.6406,1.7202,0.050,0.004
931,59584,orientation_cued_D0,0.01565,0.9844,7.8930,0.035,0.077
932,59648,orientation_cued_D1,0.00134,1.0000,0.2878,0.034,0.021
933,59712,orientation_cued_D2,0.69116,0.5156,1.3966,0.043,0.003
934,59776,orientation_cued_D0,0.04401,0.9844,7.7973,0.040,0.072
935,59840,orientation_cued_D1,0.00241,1.0000,0.7174,0.041,0.016
936,59904,orientation_cued_D2,0.69512,0.4531,1.2746,0.045,0.030
937,59968,orientation_cued_D0,0.00054,1.0000,0.0972,0.033,0.035
938,60032,orientation_cued_D1,0.00648,1.0000,2.8977,0.047,0.040
939,60096,orientation_cued_D2,0.70388,0.4531,1.3156,0.054,0.039
940,60160,orientation_cued_D0,0.00118,1.0000,0.5342,0.042,0.006
941,60224,orientation_cued_D1,0.00795,1.0000,2.5920,0.046,0.067
942,60288,orientation_cued_D2,0.68916,0.5625,1.1882,0.044,0.055
943,60352,orientation_cued_D0,0.00050,1.0000,0.1001,0.046,0.003
944,60416,orientation_cued_D1,0.00430,1.0000,1.0878,0.040,0.054
945,60480,orientation_cued_D0,0.00297,1.0000,1.4815,0.028,0.037
946,60544,orientation_cued_D2,0.68487,0.5781,1.1609,0.038,0.003
947,60608,orientation_cued_D1,0.00314,1.0000,0.5105,0.041,0.104
948,60672,orientation_cued_D0,0.02478,0.9844,9.4020,0.044,0.004
949,60736,orientation_cued_D2,0.69594,0.5000,1.1862,0.039,0.009
950,60800,orientation_cued_D1,0.03114,0.9844,12.7321,0.028,0.099
951,60864,orientation_cued_D0,0.00369,1.0000,1.4705,0.034,0.005
952,60928,orientation_cued_D2,0.69371,0.5312,1.2275,0.046,0.029
953,60992,orientation_cued_D0,0.00238,1.0000,0.8674,0.038,0.070
954,61056,orientation_cued_D1,0.01102,1.0000,4.1122,0.038,0.004
955,61120,orientation_cued_D2,0.68521,0.5781,1.4564,0.038,0.037
956,61184,orientation_cued_D0,0.00349,1.0000,0.9932,0.037,0.060
957,61248,orientation_cued_D1,0.00474,1.0000,2.3375,0.043,0.034
958,61312,orientation_cued_D2,0.69961,0.5156,1.8095,0.048,0.015
959,61376,orientation_cued_D0,0.07089,0.9844,13.6177,0.040,0.046
960,61440,orientation_cued_D1,0.01162,1.0000,5.1652,0.050,0.109
961,61504,orientation_cued_D2,0.70470,0.4375,1.2895,0.046,0.005
962,61568,orientation_cued_D0,0.00170,1.0000,0.3100,0.025,0.004
963,61632,orientation_cued_D1,0.00194,1.0000,0.2711,0.031,0.151
964,61696,orientation_cued_D2,0.69635,0.5156,1.5757,0.046,0.003
965,61760,orientation_cued_D0,0.00032,1.0000,0.0296,0.040,0.003
966,61824,orientation_cued_D0,0.00021,1.0000,0.0200,0.040,0.141
967,61888,orientation_cued_D1,0.00219,1.0000,0.3690,0.042,0.003
968,61952,orientation_cued_D2,0.69807,0.4219,1.4738,0.042,0.003
969,62016,orientation_cued_D2,0.70700,0.3750,2.1975,0.064,0.118
970,62080,orientation_cued_D0,0.00989,1.0000,4.8618,0.040,0.005
971,62144,orientation_cued_D1,0.00241,1.0000,0.8163,0.035,0.003
972,62208,orientation_cued_D0,0.00096,1.0000,0.4569,0.031,0.078
973,62272,orientation_cued_D2,0.69451,0.4844,2.6424,0.044,0.002
974,62336,orientation_cued_D1,0.04545,0.9688,10.3593,0.046,0.074
975,62400,orientation_cued_D0,0.02169,0.9844,9.1323,0.034,0.022
976,62464,orientation_cued_D2,0.69139,0.5000,1.7484,0.064,0.006
977,62528,orientation_cued_D1,0.00084,1.0000,0.1232,0.047,0.076
978,62592,orientation_cued_D0,0.03881,0.9844,7.7449,0.039,0.008
979,62656,orientation_cued_D2,0.68471,0.4844,1.5604,0.044,0.031
980,62720,orientation_cued_D1,0.00459,1.0000,1.5479,0.050,0.067
981,62784,orientation_cued_D0,0.00236,1.0000,0.7781,0.042,0.006
982,62848,orientation_cued_D2,0.68265,0.5781,1.4273,0.050,0.031
983,62912,orientation_cued_D1,0.00918,1.0000,2.9656,0.049,0.056
984,62976,orientation_cued_D0,0.00925,1.0000,4.0032,0.042,0.004
985,63040,orientation_cued_D2,0.67910,0.5469,2.0612,0.044,0.059
986,63104,orientation_cued_D1,0.01334,1.0000,5.5264,0.034,0.017
987,63168,orientation_cued_D0,0.00238,1.0000,0.8815,0.036,0.023
988,63232,orientation_cued_D2,0.69410,0.5312,1.8321,0.047,0.078
989,63296,orientation_cued_D1,0.00805,1.0000,5.2610,0.036,0.004
990,63360,orientation_cued_D0,0.01216,1.0000,4.3325,0.027,0.016
991,63424,orientation_cued_D1,0.00386,1.0000,2.3221,0.042,0.123
992,63488,orientation_cued_D2,0.71346,0.4375,1.7046,0.050,0.003
993,63552,orientation_cued_D0,0.00308,1.0000,1.0059,0.039,0.004
994,63616,orientation_cued_D1,0.00399,1.0000,0.6269,0.050,0.081
995,63680,orientation_cued_D2,0.69326,0.4688,2.0313,0.061,0.004
996,63744,orientation_cued_D0,0.01217,1.0000,5.5580,0.034,0.005
997,63808,orientation_cued_D1,0.00483,1.0000,2.0338,0.052,0.109
998,63872,orientation_cued_D2,0.69509,0.4375,1.3734,0.055,0.005
999,63936,orientation_cued_D0,0.00994,1.0000,5.4131,0.033,0.004
1000,64000,orientation_cued_D1,0.00160,1.0000,0.1760,0.040,0.113
1001,64064,orientation_cued_D2,0.69560,0.3906,1.5375,0.047,0.011
1002,64128,orientation_cued_D0,0.00342,1.0000,1.8332,0.036,0.012
1003,64192,orientation_cued_D2,0.70108,0.4531,1.8305,0.050,0.008
1004,64256,orientation_cued_D1,0.00264,1.0000,1.0346,0.029,0.010
1005,64320,orientation_cued_D0,0.00083,1.0000,0.1549,0.038,0.009
1006,64384,orientation_cued_D0,0.00097,1.0000,0.2936,0.040,0.012
1007,64448,orientation_cued_D2,0.68793,0.5312,1.2975,0.041,0.006
1008,64512,orientation_cued_D1,0.00404,1.0000,2.5818,0.041,0.007
1009,64576,orientation_cued_D0,0.00028,1.0000,0.0408,0.044,0.009
1010,64640,orientation_cued_D2,0.68542,0.5156,2.1127,0.049,0.009
1011,64704,orientation_cued_D1,0.00440,1.0000,1.1294,0.046,0.012
1012,64768,orientation_cued_D0,0.00044,1.0000,0.0592,0.037,0.010
1013,64832,orientation_cued_D2,0.68595,0.5781,1.8755,0.049,0.005
1014,64896,orientation_cued_D1,0.01074,1.0000,2.7794,0.043,0.006
1015,64960,orientation_cued_D2,0.70211,0.3906,1.1209,0.041,0.016
1016,65024,orientation_cued_D0,0.00246,1.0000,0.4512,0.049,0.007
1017,65088,orientation_cued_D1,0.00146,1.0000,0.3357,0.041,0.008
1018,65152,orientation_cued_D2,0.67846,0.5156,2.2015,0.055,0.003
1019,65216,orientation_cued_D0,0.00418,1.0000,1.2209,0.038,0.003
1020,65280,orientation_cued_D2,0.66399,0.6094,1.6910,0.053,0.060
1021,65344,orientation_cued_D1,0.00450,1.0000,2.7202,0.056,0.005
1022,65408,orientation_cued_D0,0.00132,1.0000,0.3095,0.033,0.003
1023,65472,orientation_cued_D1,0.02819,0.9844,7.8115,0.051,0.093
1024,65536,orientation_cued_D0,0.00198,1.0000,1.2832,0.029,0.003
1025,65600,orientation_cued_D2,0.68624,0.5781,1.8805,0.043,0.002
1026,65664,orientation_cued_D1,0.00159,1.0000,0.2967,0.035,0.124
1027,65728,orientation_cued_D0,0.00660,1.0000,2.7455,0.034,0.002
1028,65792,orientation_cued_D2,0.68533,0.5312,2.6238,0.045,0.002
1029,65856,orientation_cued_D0,0.00986,1.0000,3.8549,0.032,0.099
1030,65920,orientation_cued_D1,0.00616,1.0000,1.4058,0.035,0.046
1031,65984,orientation_cued_D2,0.70242,0.4219,1.8450,0.041,0.007
1032,66048,orientation_cued_D0,0.00091,1.0000,0.1832,0.040,0.054
1033,66112,orientation_cued_D1,0.00424,1.0000,0.9358,0.037,0.048
1034,66176,orientation_cued_D2,0.69625,0.4688,1.5921,0.057,0.003
1035,66240,orientation_cued_D0,0.00058,1.0000,0.1986,0.051,0.035
1036,66304,orientation_cued_D1,0.00806,1.0000,4.5324,0.052,0.070
1037,66368,orientation_cued_D2,0.68070,0.5781,1.7455,0.045,0.003
1038,66432,orientation_cued_D0,0.00032,1.0000,0.0307,0.031,0.003
1039,66496,orientation_cued_D1,0.07636,0.9844,7.5138,0.041,0.115
1040,66560,orientation_cued_D2,0.69679,0.5000,1.4590,0.073,0.004
1041,66624,orientation_cued_D0,0.00078,1.0000,0.2453,0.033,0.004
1042,66688,orientation_cued_D1,0.00946,1.0000,4.5533,0.052,0.101
1043,66752,orientation_cued_D2,0.69859,0.4844,1.4255,0.044,0.003
1044,66816,orientation_cued_D0,0.00105,1.0000,0.2928,0.045,0.003
1045,66880,orientation_cued_D1,0.01275,1.0000,5.0716,0.041,0.077
1046,66944,orientation_cued_D0,0.00370,1.0000,1.2918,0.029,0.036
1047,67008,orientation_cued_D2,0.68006,0.5781,1.6468,0.043,0.002
1048,67072,orientation_cued_D1,0.00448,1.0000,1.6842,0.028,0.053
1049,67136,orientation_cued_D0,0.00557,1.0000,3.0150,0.030,0.048
1050,67200,orientation_cued_D2,0.68560,0.4844,2.7756,0.044,0.030
1051,67264,orientation_cued_D1,0.01250,1.0000,4.6305,0.042,0.018
1052,67328,orientation_cued_D0,0.00244,1.0000,0.6250,0.041,0.044
1053,67392,orientation_cued_D2,0.69044,0.5312,1.9960,0.061,0.048
1054,67456,orientation_cued_D1,0.00321,1.0000,1.2311,0.054,0.003
1055,67520,orientation_cued_D0,0.00323,1.0000,1.0725,0.039,0.033
1056,67584,orientation_cued_D2,0.69155,0.4844,1.8064,0.035,0.049
1057,67648,orientation_cued_D1,0.00409,1.0000,0.6688,0.052,0.003
1058,67712,orientation_cued_D0,0.00097,1.0000,0.2436,0.032,0.044
1059,67776,orientation_cued_D1,0.00213,1.0000,0.7809,0.036,0.091
1060,67840,orientation_cued_D2,0.69144,0.5938,1.2863,0.051,0.004
1061,67904,orientation_cued_D0,0.00044,1.0000,0.0766,0.048,0.013
1062,67968,orientation_cued_D1,0.03000,0.9844,10.4542,0.042,0.096
1063,68032,orientation_cued_D2,0.69577,0.4844,1.4847,0.058,0.004
1064,68096,orientation_cued_D0,0.00101,1.0000,0.2640,0.042,0.004
1065,68160,orientation_cued_D1,0.00313,1.0000,0.5709,0.045,0.126
1066,68224,orientation_cued_D2,0.66891,0.6094,1.8638,0.061,0.004
1067,68288,orientation_cued_D0,0.00134,1.0000,0.5479,0.042,0.004
1068,68352,orientation_cued_D2,0.69910,0.5469,1.9738,0.050,0.115
1069,68416,orientation_cued_D0,0.00066,1.0000,0.2648,0.034,0.003
1070,68480,orientation_cued_D1,0.03075,0.9844,15.8687,0.056,0.004
1071,68544,orientation_cued_D1,0.00959,1.0000,6.0603,0.039,0.086
1072,68608,orientation_cued_D0,0.00066,1.0000,0.1563,0.050,0.004
1073,68672,orientation_cued_D2,0.67640,0.5312,3.7011,0.056,0.004
1074,68736,orientation_cued_D0,0.00039,1.0000,0.0947,0.049,0.055
1075,68800,orientation_cued_D1,0.00482,1.0000,1.3476,0.058,0.016
1076,68864,orientation_cued_D2,0.69837,0.5000,1.9844,0.043,0.004
1077,68928,orientation_cued_D0,0.00253,1.0000,0.9995,0.041,0.073
1078,68992,orientation_cued_D2,0.69178,0.5469,1.8361,0.045,0.051
1079,69056,orientation_cued_D1,0.03508,0.9844,10.9236,0.054,0.006
1080,69120,orientation_cued_D0,0.00227,1.0000,0.9250,0.052,0.021
1081,69184,orientation_cued_D2,0.69839,0.4844,3.2268,0.042,0.083
1082,69248,orientation_cued_D1,0.00396,1.0000,0.8205,0.033,0.013
1083,69312,orientation_cued_D0,0.03274,0.9844,9.8611,0.056,0.039
1084,69376,orientation_cued_D2,0.67370,0.6094,1.3511,0.050,0.059
1085,69440,orientation_cued_D1,0.01418,0.9844,10.0173,0.037,0.055
1086,69504,orientation_cued_D0,0.00049,1.0000,0.0607,0.033,0.079
1087,69568,orientation_cued_D2,0.70380,0.4375,2.0987,0.044,0.003
1088,69632,orientation_cued_D1,0.00901,1.0000,2.4623,0.031,0.038
1089,69696,orientation_cued_D0,0.00234,1.0000,0.6210,0.036,0.052
1090,69760,orientation_cued_D2,0.69145,0.4688,1.3700,0.049,0.062
1091,69824,orientation_cued_D1,0.00872,1.0000,4.1367,0.039,0.003
1092,69888,orientation_cued_D0,0.00202,1.0000,0.5651,0.039,0.037
1093,69952,orientation_cued_D1,0.05422,0.9844,8.3487,0.041,0.054
1094,70016,orientation_cued_D2,0.69641,0.4688,1.4616,0.066,0.004
1095,70080,orientation_cued_D0,0.00062,1.0000,0.1210,0.035,0.004
1096,70144,orientation_cued_D1,0.01933,0.9844,7.6055,0.044,0.061
1097,70208,orientation_cued_D2,0.68167,0.5625,1.6471,0.060,0.015
1098,70272,orientation_cued_D0,0.00064,1.0000,0.2437,0.039,0.014
1099,70336,orientation_cued_D1,0.00340,1.0000,0.6671,0.051,0.063
1100,70400,orientation_cued_D2,0.69393,0.5781,1.3302,0.058,0.027
1101,70464,orientation_cued_D0,0.00032,1.0000,0.0777,0.042,0.022
1102,70528,orientation_cued_D1,0.00462,1.0000,1.2842,0.033,0.017
1103,70592,orientation_cued_D0,0.01050,1.0000,3.4125,0.035,0.109
1104,70656,orientation_cued_D2,0.67202,0.6094,1.2462,0.044,0.003
1105,70720,orientation_cued_D1,0.00378,1.0000,0.9808,0.051,0.003
1106,70784,orientation_cued_D2,0.68884,0.5469,2.1377,0.045,0.132
1107,70848,orientation_cued_D0,0.00311,1.0000,2.2882,0.039,0.003
1108,70912,orientation_cued_D1,0.02092,0.9844,6.2850,0.041,0.003
1109,70976,orientation_cued_D0,0.00245,1.0000,0.9064,0.023,0.107
1110,71040,orientation_cued_D1,0.00089,1.0000,0.1140,0.041,0.002
1111,71104,orientation_cued_D2,0.70846,0.4531,1.9920,0.047,0.003
1112,71168,orientation_cued_D1,0.00165,1.0000,0.3268,0.042,0.096
1113,71232,orientation_cued_D0,0.00033,1.0000,0.0860,0.056,0.004
1114,71296,orientation_cued_D2,0.67937,0.5312,1.7322,0.051,0.004
1115,71360,orientation_cued_D1,0.00383,1.0000,1.5589,0.042,0.058
1116,71424,orientation_cued_D0,0.00199,1.0000,0.7083,0.048,0.004
1117,71488,orientation_cued_D2,0.66770,0.6094,1.7935,0.059,0.052
1118,71552,orientation_cued_D1,0.09107,0.9688,21.0418,0.037,0.016
1119,71616,orientation_cued_D0,0.01496,0.9844,6.0324,0.040,0.014
1120,71680,orientation_cued_D2,0.69331,0.5000,1.8167,0.063,0.098
1121,71744,orientation_cued_D1,0.00106,1.0000,0.1846,0.036,0.004
1122,71808,orientation_cued_D0,0.00976,1.0000,3.0879,0.050,0.004
1123,71872,orientation_cued_D1,0.00724,1.0000,4.0920,0.041,0.094
1124,71936,orientation_cued_D2,0.69956,0.4375,2.4866,0.048,0.003
1125,72000,orientation_cued_D0,0.00063,1.0000,0.1518,0.027,0.003
1126,72064,orientation_cued_D1,0.00966,1.0000,4.0078,0.046,0.085
1127,72128,orientation_cued_D0,0.00670,1.0000,2.9160,0.043,0.017
1128,72192,orientation_cued_D2,0.68222,0.5000,2.6017,0.044,0.004
1129,72256,orientation_cued_D1,0.00076,1.0000,0.1328,0.040,0.053
1130,72320,orientation_cued_D0,0.00087,1.0000,0.2229,0.035,0.041
1131,72384,orientation_cued_D2,0.70069,0.4219,1.7352,0.039,0.004
1132,72448,orientation_cued_D1,0.01854,0.9844,10.3637,0.042,0.098
1133,72512,orientation_cued_D0,0.00059,1.0000,0.2236,0.034,0.011
1134,72576,orientation_cued_D2,0.70294,0.4062,1.3518,0.045,0.014
1135,72640,orientation_cued_D1,0.00217,1.0000,0.6410,0.038,0.078
1136,72704,orientation_cued_D0,0.00051,1.0000,0.1155,0.033,0.012
1137,72768,orientation_cued_D2,0.67821,0.5625,1.6044,0.048,0.047
1138,72832,orientation_cued_D1,0.00303,1.0000,0.9452,0.041,0.025
1139,72896,orientation_cued_D0,0.00035,1.0000,0.0672,0.037,0.016
1140,72960,orientation_cued_D2,0.68895,0.5312,2.6589,0.043,0.066
1141,73024,orientation_cued_D1,0.00139,1.0000,0.3380,0.042,0.015
1142,73088,orientation_cued_D0,0.00151,1.0000,0.9528,0.041,0.005
1143,73152,orientation_cued_D2,0.69528,0.5469,3.1216,0.048,0.089
1144,73216,orientation_cued_D1,0.00039,1.0000,0.0643,0.044,0.006
1145,73280,orientation_cued_D0,0.00071,1.0000,0.2083,0.031,0.004
1146,73344,orientation_cued_D2,0.68969,0.5469,1.6068,0.040,0.087
1147,73408,orientation_cued_D1,0.00131,1.0000,0.2673,0.035,0.003
1148,73472,orientation_cued_D0,0.00287,1.0000,1.2104,0.029,0.017
1149,73536,orientation_cued_D2,0.68174,0.5469,2.4493,0.045,0.114
1150,73600,orientation_cued_D1,0.00760,1.0000,2.9427,0.046,0.005
1151,73664,orientation_cued_D0,0.00136,1.0000,0.3663,0.035,0.004
1152,73728,orientation_cued_D2,0.71510,0.4531,5.4789,0.044,0.098
1153,73792,orientation_cued_D1,0.00229,1.0000,0.8158,0.040,0.005
1154,73856,orientation_cued_D0,0.00054,1.0000,0.1406,0.034,0.004
1155,73920,orientation_cued_D2,0.67827,0.5625,2.8541,0.055,0.097
1156,73984,orientation_cued_D1,0.00445,1.0000,2.5240,0.039,0.004
1157,74048,orientation_cued_D0,0.02733,0.9844,9.6810,0.036,0.054
1158,74112,orientation_cued_D1,0.00209,1.0000,0.3672,0.039,0.034
1159,74176,orientation_cued_D2,0.67348,0.5469,1.6618,0.040,0.004
1160,74240,orientation_cued_D0,0.00091,1.0000,0.2639,0.041,0.078
1161,74304,orientation_cued_D1,0.00205,1.0000,0.8711,0.036,0.006
1162,74368,orientation_cued_D2,0.69030,0.5156,2.0343,0.044,0.004
1163,74432,orientation_cued_D0,0.02345,0.9844,8.6873,0.034,0.081
1164,74496,orientation_cued_D1,0.01081,1.0000,6.3642,0.038,0.003
1165,74560,orientation_cued_D2,0.68340,0.5312,1.5219,0.048,0.021
1166,74624,orientation_cued_D0,0.00037,1.0000,0.0811,0.031,0.054
1167,74688,orientation_cued_D1,0.00242,1.0000,0.5213,0.032,0.005
1168,74752,orientation_cued_D2,0.69255,0.5312,1.7695,0.038,0.057
1169,74816,orientation_cued_D0,0.00690,1.0000,3.7893,0.037,0.041
1170,74880,orientation_cued_D1,0.02683,0.9844,13.7551,0.040,0.002
1171,74944,orientation_cued_D2,0.69047,0.5312,1.2472,0.042,0.048
1172,75008,orientation_cued_D0,0.00089,1.0000,0.1440,0.035,0.045
1173,75072,orientation_cued_D1,0.00695,1.0000,2.4955,0.036,0.002
1174,75136,orientation_cued_D2,0.69698,0.5156,1.9043,0.035,0.056
1175,75200,orientation_cued_D0,0.00911,1.0000,5.1176,0.043,0.054
1176,75264,orientation_cued_D1,0.01051,1.0000,2.9508,0.048,0.004
1177,75328,orientation_cued_D2,0.71238,0.4219,1.9597,0.041,0.040
1178,75392,orientation_cued_D1,0.00817,1.0000,4.4590,0.038,0.057
1179,75456,orientation_cued_D0,0.00168,1.0000,0.4882,0.033,0.004
1180,75520,orientation_cued_D2,0.69033,0.5000,1.5345,0.053,0.084
1181,75584,orientation_cued_D1,0.09515,0.9688,18.4761,0.043,0.004
1182,75648,orientation_cued_D0,0.00400,1.0000,1.7166,0.037,0.004
1183,75712,orientation_cued_D2,0.69277,0.5156,4.5367,0.051,0.115
1184,75776,orientation_cued_D1,0.01250,1.0000,5.5981,0.045,0.005
1185,75840,orientation_cued_D0,0.00066,1.0000,0.1223,0.046,0.004
1186,75904,orientation_cued_D0,0.00259,1.0000,0.8261,0.045,0.109
1187,75968,orientation_cued_D1,0.00478,1.0000,1.4665,0.028,0.002
1188,76032,orientation_cued_D2,0.71899,0.3750,2.7493,0.041,0.003
1189,76096,orientation_cued_D0,0.00135,1.0000,0.4025,0.037,0.104
1190,76160,orientation_cued_D1,0.01341,1.0000,7.1404,0.044,0.003
1191,76224,orientation_cued_D2,0.67857,0.5781,2.2542,0.046,0.003
1192,76288,orientation_cued_D0,0.00773,1.0000,4.4882,0.042,0.076
1193,76352,orientation_cued_D1,0.01658,0.9844,9.1980,0.042,0.004
1194,76416,orientation_cued_D2,0.68369,0.5469,1.9534,0.037,0.015
1195,76480,orientation_cued_D1,0.00262,1.0000,0.8031,0.040,0.083
1196,76544,orientation_cued_D0,0.00027,1.0000,0.0574,0.034,0.003
1197,76608,orientation_cued_D2,0.67530,0.5469,2.9499,0.050,0.048
1198,76672,orientation_cued_D1,0.04701,0.9844,18.4739,0.036,0.054
1199,76736,orientation_cued_D0,0.00053,1.0000,0.1329,0.039,0.005
1200,76800,orientation_cued_D2,0.67605,0.5469,1.9264,0.048,0.068
1201,76864,orientation_cued_D0,0.00097,1.0000,0.2761,0.041,0.008
1202,76928,orientation_cued_D1,0.00622,1.0000,2.1344,0.044,0.005
1203,76992,orientation_cued_D2,0.66895,0.6250,2.1944,0.047,0.007
1204,77056,orientation_cued_D0,0.01380,0.9844,5.8012,0.033,0.007
1205,77120,orientation_cued_D1,0.02213,0.9844,10.9114,0.034,0.005
1206,77184,orientation_cued_D2,0.69682,0.4375,2.0558,0.041,0.007
1207,77248,orientation_cued_D0,0.00845,1.0000,2.7067,0.034,0.006
1208,77312,orientation_cued_D1,0.02040,1.0000,2.8596,0.042,0.011
1209,77376,orientation_cued_D2,0.69845,0.4375,2.4121,0.070,0.009
1210,77440,orientation_cued_D0,0.04577,0.9844,10.8714,0.044,0.007
1211,77504,orientation_cued_D1,0.03726,0.9688,14.6760,0.030,0.004
1212,77568,orientation_cued_D2,0.69459,0.5156,2.8858,0.047,0.006
1213,77632,orientation_cued_D0,0.00565,1.0000,2.8211,0.039,0.006
1214,77696,orientation_cued_D1,0.03304,0.9844,9.8167,0.039,0.004
1215,77760,orientation_cued_D2,0.69229,0.5469,1.5965,0.061,0.009
1216,77824,orientation_cued_D1,0.00520,1.0000,1.1208,0.040,0.004
1217,77888,orientation_cued_D0,0.00438,1.0000,2.5024,0.034,0.003
1218,77952,orientation_cued_D1,0.00779,1.0000,1.3217,0.046,0.069
1219,78016,orientation_cued_D2,0.67803,0.5938,1.4182,0.035,0.003
1220,78080,orientation_cued_D0,0.03956,0.9844,9.6479,0.030,0.003
1221,78144,orientation_cued_D0,0.01538,0.9844,6.8382,0.039,0.116
1222,78208,orientation_cued_D2,0.67113,0.5781,2.5133,0.052,0.004
1223,78272,orientation_cued_D1,0.00426,1.0000,1.6185,0.037,0.004
1224,78336,orientation_cued_D1,0.01885,0.9844,7.0166,0.037,0.091
1225,78400,orientation_cued_D2,0.70317,0.4844,1.8406,0.043,0.003
1226,78464,orientation_cued_D0,0.00573,1.0000,2.5335,0.037,0.003
1227,78528,orientation_cued_D1,0.00283,1.0000,0.7801,0.038,0.071
1228,78592,orientation_cued_D2,0.66493,0.5781,2.7462,0.038,0.017
1229,78656,orientation_cued_D0,0.00960,1.0000,4.9586,0.041,0.003
1230,78720,orientation_cued_D1,0.00781,1.0000,2.6150,0.036,0.073
1231,78784,orientation_cued_D0,0.01872,0.9844,6.1609,0.034,0.045
1232,78848,orientation_cued_D2,0.67659,0.6094,1.6846,0.029,0.002
1233,78912,orientation_cued_D1,0.01014,1.0000,3.0438,0.030,0.053
1234,78976,orientation_cued_D0,0.00227,1.0000,1.3398,0.035,0.071
1235,79040,orientation_cued_D2,0.68896,0.5000,2.3828,0.043,0.003
1236,79104,orientation_cued_D1,0.00097,1.0000,0.2306,0.053,0.047
1237,79168,orientation_cued_D0,0.00457,1.0000,1.3534,0.026,0.054
1238,79232,orientation_cued_D2,0.67106,0.5781,3.0553,0.041,0.013
1239,79296,orientation_cued_D1,0.01736,0.9844,6.0812,0.037,0.027
1240,79360,orientation_cued_D0,0.00485,1.0000,2.0312,0.032,0.076
1241,79424,orientation_cued_D2,0.66528,0.6250,4.7400,0.051,0.018
1242,79488,orientation_cued_D1,0.00129,1.0000,0.1970,0.042,0.021
1243,79552,orientation_cued_D0,0.00124,1.0000,0.2374,0.042,0.056
1244,79616,orientation_cued_D2,0.68320,0.5312,4.4866,0.046,0.008
1245,79680,orientation_cued_D1,0.00175,1.0000,0.4717,0.042,0.024
1246,79744,orientation_cued_D0,0.00056,1.0000,0.1056,0.042,0.084
1247,79808,orientation_cued_D2,0.67714,0.6094,4.8207,0.029,0.023
1248,79872,orientation_cued_D1,0.00202,1.0000,0.4663,0.037,0.003
1249,79936,orientation_cued_D0,0.02836,0.9844,5.5999,0.034,0.062
1250,80000,orientation_cued_D2,0.70577,0.4688,4.7172,0.045,0.053
1251,80064,orientation_cued_D1,0.00415,1.0000,2.2614,0.041,0.004
1252,80128,orientation_cued_D0,0.00575,1.0000,3.0104,0.039,0.029
1253,80192,orientation_cued_D2,0.67960,0.5781,5.2037,0.041,0.054
1254,80256,orientation_cued_D1,0.00132,1.0000,0.5311,0.037,0.006
1255,80320,orientation_cued_D0,0.00684,1.0000,2.4962,0.038,0.041
1256,80384,orientation_cued_D2,0.69531,0.5156,2.4053,0.050,0.062
1257,80448,orientation_cued_D1,0.00314,1.0000,0.7479,0.046,0.004
1258,80512,orientation_cued_D0,0.01443,0.9844,6.7596,0.031,0.054
1259,80576,orientation_cued_D2,0.68034,0.5938,5.3377,0.047,0.016
1260,80640,orientation_cued_D1,0.00193,1.0000,0.4210,0.039,0.005
1261,80704,orientation_cued_D0,0.00222,1.0000,0.7406,0.043,0.101
1262,80768,orientation_cued_D1,0.00232,1.0000,0.6490,0.034,0.014
1263,80832,orientation_cued_D2,0.71396,0.4062,5.4400,0.048,0.004
1264,80896,orientation_cued_D0,0.00168,1.0000,0.8644,0.044,0.127
1265,80960,orientation_cued_D1,0.00479,1.0000,1.9580,0.047,0.003
1266,81024,orientation_cued_D2,0.69959,0.4531,1.7073,0.042,0.004
1267,81088,orientation_cued_D1,0.00487,1.0000,1.0553,0.039,0.084
1268,81152,orientation_cued_D0,0.00090,1.0000,0.2827,0.043,0.004
1269,81216,orientation_cued_D2,0.68259,0.6094,2.7600,0.043,0.002
1270,81280,orientation_cued_D1,0.00052,1.0000,0.0753,0.047,0.118
1271,81344,orientation_cued_D0,0.00197,1.0000,0.4867,0.031,0.011
1272,81408,orientation_cued_D2,0.68543,0.6094,1.9147,0.046,0.004
1273,81472,orientation_cued_D1,0.00325,1.0000,0.8826,0.043,0.077
1274,81536,orientation_cued_D0,0.00041,1.0000,0.0722,0.036,0.018
1275,81600,orientation_cued_D2,0.70050,0.5000,3.6679,0.033,0.002
1276,81664,orientation_cued_D1,0.00340,1.0000,0.5226,0.038,0.101
1277,81728,orientation_cued_D0,0.00162,1.0000,0.4214,0.044,0.004
1278,81792,orientation_cued_D2,0.70280,0.4688,1.7008,0.051,0.003
1279,81856,orientation_cued_D0,0.00025,1.0000,0.0408,0.036,0.119
1280,81920,orientation_cued_D2,0.69391,0.4688,1.1793,0.053,0.003
1281,81984,orientation_cued_D1,0.00127,1.0000,0.1953,0.033,0.003
1282,82048,orientation_cued_D0,0.00072,1.0000,0.1465,0.037,0.111
1283,82112,orientation_cued_D2,0.66765,0.5781,1.5116,0.045,0.015
1284,82176,orientation_cued_D1,0.00104,1.0000,0.1683,0.030,0.020
1285,82240,orientation_cued_D0,0.00084,1.0000,0.1730,0.033,0.059
1286,82304,orientation_cued_D2,0.68460,0.5625,3.1991,0.042,0.054
1287,82368,orientation_cued_D1,0.00065,1.0000,0.0525,0.032,0.025
1288,82432,orientation_cued_D0,0.00041,1.0000,0.0405,0.033,0.021
1289,82496,orientation_cued_D2,0.67989,0.5312,2.5124,0.043,0.117
1290,82560,orientation_cued_D1,0.00165,1.0000,0.5362,0.042,0.004
1291,82624,orientation_cued_D0,0.00118,1.0000,0.5044,0.026,0.003
1292,82688,orientation_cued_D2,0.68883,0.4688,1.1048,0.045,0.139
1293,82752,orientation_cued_D0,0.01623,0.9844,6.1870,0.030,0.003
1294,82816,orientation_cued_D1,0.00530,1.0000,2.1172,0.036,0.002
1295,82880,orientation_cued_D1,0.01202,1.0000,4.5936,0.037,0.111
1296,82944,orientation_cued_D0,0.00082,1.0000,0.2232,0.023,0.003
1297,83008,orientation_cued_D2,0.69254,0.5312,1.8628,0.046,0.002
1298,83072,orientation_cued_D1,0.00348,1.0000,0.6500,0.046,0.080
1299,83136,orientation_cued_D0,0.00058,1.0000,0.2586,0.034,0.005
1300,83200,orientation_cued_D2,0.69188,0.5625,1.5579,0.040,0.003
1301,83264,orientation_cued_D1,0.00090,1.0000,0.1838,0.043,0.074
1302,83328,orientation_cued_D0,0.00268,1.0000,1.2224,0.035,0.026
1303,83392,orientation_cued_D2,0.67807,0.5938,1.2347,0.045,0.003
1304,83456,orientation_cued_D1,0.00095,1.0000,0.1214,0.040,0.066
1305,83520,orientation_cued_D0,0.00050,1.0000,0.1308,0.034,0.033
1306,83584,orientation_cued_D2,0.70412,0.5469,1.1809,0.053,0.021
1307,83648,orientation_cued_D1,0.00116,1.0000,0.2005,0.036,0.039
1308,83712,orientation_cued_D0,0.00605,1.0000,1.9326,0.031,0.045
1309,83776,orientation_cued_D2,0.70672,0.5312,6.6679,0.047,0.032
1310,83840,orientation_cued_D1,0.00370,1.0000,1.4447,0.031,0.046
1311,83904,orientation_cued_D0,0.00553,1.0000,2.5950,0.030,0.018
1312,83968,orientation_cued_D2,0.68078,0.5938,4.0669,0.036,0.069
1313,84032,orientation_cued_D1,0.00242,1.0000,1.2591,0.037,0.040
1314,84096,orientation_cued_D0,0.00085,1.0000,0.2370,0.040,0.002
1315,84160,orientation_cued_D2,0.69819,0.5781,2.6917,0.046,0.068
1316,84224,orientation_cued_D0,0.00156,1.0000,0.4983,0.032,0.048
1317,84288,orientation_cued_D1,0.00204,1.0000,0.5773,0.033,0.003
1318,84352,orientation_cued_D2,0.67079,0.5938,1.4845,0.041,0.069
1319,84416,orientation_cued_D1,0.00174,1.0000,0.2175,0.037,0.036
1320,84480,orientation_cued_D0,0.00082,1.0000,0.2818,0.022,0.003
1321,84544,orientation_cued_D1,0.00264,1.0000,0.4102,0.034,0.130
1322,84608,orientation_cued_D2,0.69334,0.5625,2.9718,0.043,0.004
1323,84672,orientation_cued_D0,0.00263,1.0000,0.7418,0.032,0.003
1324,84736,orientation_cued_D1,0.00106,1.0000,0.1295,0.042,0.084
1325,84800,orientation_cued_D0,0.00082,1.0000,0.1534,0.032,0.046
1326,84864,orientation_cued_D2,0.67523,0.5781,2.0697,0.047,0.003
1327,84928,orientation_cued_D1,0.00119,1.0000,0.1854,0.041,0.041
1328,84992,orientation_cued_D0,0.00127,1.0000,0.3527,0.031,0.038
1329,85056,orientation_cued_D2,0.68741,0.5000,2.5343,0.045,0.012
1330,85120,orientation_cued_D1,0.00202,1.0000,0.8380,0.039,0.050
1331,85184,orientation_cued_D0,0.00050,1.0000,0.1362,0.041,0.025
1332,85248,orientation_cued_D2,0.67690,0.5781,1.7626,0.048,0.055
1333,85312,orientation_cued_D1,0.00186,1.0000,0.5558,0.041,0.012
1334,85376,orientation_cued_D0,0.00029,1.0000,0.0381,0.041,0.021
1335,85440,orientation_cued_D2,0.68453,0.6250,3.3524,0.045,0.070
1336,85504,orientation_cued_D1,0.00110,1.0000,0.4427,0.039,0.003
1337,85568,orientation_cued_D0,0.00668,1.0000,2.5502,0.030,0.008
1338,85632,orientation_cued_D2,0.68327,0.5156,2.7634,0.041,0.131
1339,85696,orientation_cued_D1,0.00327,1.0000,1.7138,0.041,0.005
1340,85760,orientation_cued_D0,0.01158,1.0000,4.8013,0.032,0.003
1341,85824,orientation_cued_D2,0.67765,0.5000,1.6447,0.042,0.126
1342,85888,orientation_cued_D1,0.00176,1.0000,0.8159,0.046,0.005
1343,85952,orientation_cued_D0,0.00065,1.0000,0.2883,0.045,0.004
1344,86016,orientation_cued_D1,0.01182,1.0000,6.0758,0.043,0.085
1345,86080,orientation_cued_D0,0.00066,1.0000,0.1446,0.020,0.003
1346,86144,orientation_cued_D2,0.69304,0.5156,3.8348,0.044,0.003
1347,86208,orientation_cued_D1,0.00052,1.0000,0.0910,0.045,0.154
1348,86272,orientation_cued_D2,0.67070,0.5781,3.0630,0.044,0.003
1349,86336,orientation_cued_D0,0.00266,1.0000,1.6175,0.039,0.005
1350,86400,orientation_cued_D1,0.00391,1.0000,2.6827,0.046,0.063
1351,86464,orientation_cued_D0,0.00052,1.0000,0.1270,0.041,0.020
1352,86528,orientation_cued_D2,0.66823,0.5625,2.9080,0.052,0.025
1353,86592,orientation_cued_D1,0.00295,1.0000,1.1168,0.041,0.047
1354,86656,orientation_cued_D0,0.00180,1.0000,0.7725,0.049,0.029
1355,86720,orientation_cued_D2,0.67939,0.6406,2.6664,0.060,0.024
1356,86784,orientation_cued_D1,0.00051,1.0000,0.0778,0.043,0.026
1357,86848,orientation_cued_D0,0.02898,0.9844,10.5588,0.045,0.059
1358,86912,orientation_cued_D2,0.68880,0.5625,4.3752,0.050,0.048
1359,86976,orientation_cued_D1,0.00502,1.0000,2.6978,0.056,0.008
1360,87040,orientation_cued_D0,0.00009,1.0000,0.0079,0.045,0.061
1361,87104,orientation_cued_D2,0.68274,0.5312,3.5177,0.046,0.027
1362,87168,orientation_cued_D1,0.00467,1.0000,2.9216,0.033,0.003
1363,87232,orientation_cued_D0,0.00177,1.0000,1.0957,0.034,0.060
1364,87296,orientation_cued_D2,0.67667,0.5469,1.9749,0.041,0.062
1365,87360,orientation_cued_D1,0.00087,1.0000,0.0997,0.042,0.003
1366,87424,orientation_cued_D0,0.00129,1.0000,0.4204,0.020,0.038
1367,87488,orientation_cued_D1,0.04980,0.9844,10.1647,0.040,0.086
1368,87552,orientation_cued_D2,0.67596,0.5781,2.9736,0.046,0.004
1369,87616,orientation_cued_D0,0.06816,0.9844,9.8646,0.025,0.051
1370,87680,orientation_cued_D1,0.00163,1.0000,0.6079,0.040,0.042
1371,87744,orientation_cued_D2,0.69652,0.5625,1.9427,0.041,0.012
1372,87808,orientation_cued_D1,0.00270,1.0000,1.6958,0.054,0.125
1373,87872,orientation_cued_D0,0.00086,1.0000,0.2392,0.046,0.004
1374,87936,orientation_cued_D2,0.70140,0.4688,3.9571,0.029,0.003
1375,88000,orientation_cued_D1,0.00066,1.0000,0.0635,0.031,0.091
1376,88064,orientation_cued_D0,0.00156,1.0000,0.5200,0.029,0.003
1377,88128,orientation_cued_D2,0.66938,0.5781,1.9413,0.047,0.051
1378,88192,orientation_cued_D1,0.01507,0.9844,5.0470,0.040,0.044
1379,88256,orientation_cued_D0,0.00392,1.0000,1.6823,0.035,0.004
1380,88320,orientation_cued_D2,0.67746,0.5312,2.5507,0.046,0.084
1381,88384,orientation_cued_D1,0.00292,1.0000,0.9018,0.026,0.003
1382,88448,orientation_cued_D0,0.00318,1.0000,1.6014,0.032,0.003
1383,88512,orientation_cued_D1,0.00126,1.0000,0.3154,0.044,0.149
1384,88576,orientation_cued_D2,0.66430,0.5469,1.9387,0.050,0.004
1385,88640,orientation_cued_D0,0.00445,1.0000,1.7819,0.032,0.003
1386,88704,orientation_cued_D1,0.01442,1.0000,4.6832,0.038,0.069
1387,88768,orientation_cued_D2,0.68677,0.5000,3.4040,0.060,0.003
1388,88832,orientation_cued_D0,0.00399,1.0000,2.9193,0.021,0.004
1389,88896,orientation_cued_D1,0.00460,1.0000,2.7399,0.040,0.091
1390,88960,orientation_cued_D0,0.00053,1.0000,0.2773,0.039,0.027
1391,89024,orientation_cued_D2,0.65530,0.6250,4.4264,0.050,0.003
1392,89088,orientation_cued_D1,0.01537,0.9844,11.8834,0.041,0.042
1393,89152,orientation_cued_D0,0.00901,1.0000,3.4973,0.045,0.041
1394,89216,orientation_cued_D2,0.66134,0.6250,4.1068,0.045,0.018
1395,89280,orientation_cued_D1,0.00170,1.0000,0.4034,0.048,0.025
1396,89344,orientation_cued_D0,0.00132,1.0000,0.3772,0.029,0.045
1397,89408,orientation_cued_D2,0.68210,0.5469,2.7456,0.046,0.080
1398,89472,orientation_cued_D1,0.01762,0.9844,7.4605,0.048,0.005
1399,89536,orientation_cued_D0,0.00078,1.0000,0.2172,0.041,0.003
1400,89600,orientation_cued_D2,0.73218,0.4844,4.8540,0.044,0.069
1401,89664,orientation_cued_D1,0.00206,1.0000,0.5125,0.035,0.012
1402,89728,orientation_cued_D0,0.00342,1.0000,1.1058,0.036,0.008
1403,89792,orientation_cued_D2,0.68652,0.5156,1.6181,0.049,0.006
1404,89856,orientation_cued_D0,0.00317,1.0000,1.2926,0.035,0.007
1405,89920,orientation_cued_D1,0.00540,1.0000,2.0819,0.043,0.008
1406,89984,orientation_cued_D2,0.67703,0.5156,2.2773,0.049,0.009
1407,90048,orientation_cued_D0,0.00146,1.0000,0.7651,0.040,0.012
1408,90112,orientation_cued_D2,0.68803,0.5625,2.3141,0.046,0.005
1409,90176,orientation_cued_D1,0.00194,1.0000,0.6084,0.042,0.009
1410,90240,orientation_cued_D0,0.00130,1.0000,0.3469,0.033,0.006
1411,90304,orientation_cued_D2,0.69825,0.5625,2.5692,0.037,0.008
1412,90368,orientation_cued_D1,0.00321,1.0000,0.7580,0.046,0.008
1413,90432,orientation_cued_D2,0.66306,0.5625,2.0141,0.053,0.004
1414,90496,orientation_cued_D0,0.00977,1.0000,2.0753,0.032,0.007
1415,90560,orientation_cued_D2,0.68775,0.5625,1.8769,0.050,0.003
1416,90624,orientation_cued_D1,0.00984,1.0000,3.9434,0.047,0.003
1417,90688,orientation_cued_D0,0.00062,1.0000,0.1426,0.032,0.003
1418,90752,orientation_cued_D1,0.00223,1.0000,0.5479,0.042,0.074
1419,90816,orientation_cued_D2,0.68531,0.5469,1.4511,0.050,0.005
1420,90880,orientation_cued_D0,0.00061,1.0000,0.2005,0.035,0.006
1421,90944,orientation_cued_D1,0.00535,1.0000,2.7026,0.038,0.089
1422,91008,orientation_cued_D2,0.68270,0.5312,1.8054,0.048,0.004
1423,91072,orientation_cued_D0,0.00023,1.0000,0.0272,0.028,0.024
1424,91136,orientation_cued_D1,0.00310,1.0000,1.0932,0.039,0.091
1425,91200,orientation_cued_D2,0.67884,0.5469,1.7236,0.039,0.003
1426,91264,orientation_cued_D0,0.00023,1.0000,0.0494,0.038,0.025
1427,91328,orientation_cued_D1,0.00656,1.0000,3.3143,0.038,0.061
1428,91392,orientation_cued_D2,0.64279,0.6406,2.3938,0.045,0.008
1429,91456,orientation_cued_D0,0.00083,1.0000,0.2918,0.028,0.019
1430,91520,orientation_cued_D1,0.00952,1.0000,5.1892,0.040,0.067
1431,91584,orientation_cued_D2,0.68473,0.5312,2.2654,0.049,0.013
1432,91648,orientation_cued_D0,0.00012,1.0000,0.0401,0.038,0.013
1433,91712,orientation_cued_D1,0.00085,1.0000,0.1166,0.041,0.077
1434,91776,orientation_cued_D2,0.67251,0.6094,4.9682,0.041,0.003
1435,91840,orientation_cued_D0,0.00123,1.0000,0.4033,0.042,0.016
1436,91904,orientation_cued_D2,0.70254,0.4688,6.7497,0.042,0.159
1437,91968,orientation_cued_D0,0.00420,1.0000,2.0643,0.035,0.004
1438,92032,orientation_cued_D1,0.02052,0.9844,8.8401,0.034,0.008
1439,92096,orientation_cued_D2,0.65974,0.5938,4.4841,0.046,0.113
1440,92160,orientation_cued_D0,0.00196,1.0000,0.7030,0.035,0.004
1441,92224,orientation_cued_D1,0.00858,1.0000,4.5869,0.037,0.002
1442,92288,orientation_cued_D2,0.68409,0.5938,2.3298,0.039,0.093
1443,92352,orientation_cued_D0,0.00026,1.0000,0.0852,0.037,0.003
1444,92416,orientation_cued_D1,0.00666,1.0000,2.1974,0.041,0.079
1445,92480,orientation_cued_D2,0.69982,0.5625,4.4700,0.047,0.033
1446,92544,orientation_cued_D0,0.00024,1.0000,0.0344,0.028,0.005
1447,92608,orientation_cued_D1,0.00184,1.0000,0.4071,0.042,0.062
1448,92672,orientation_cued_D2,0.67789,0.5312,2.9073,0.045,0.056
1449,92736,orientation_cued_D0,0.00567,1.0000,4.4126,0.032,0.004
1450,92800,orientation_cued_D1,0.00572,1.0000,1.3965,0.036,0.037
1451,92864,orientation_cued_D2,0.67494,0.5625,1.8025,0.041,0.063
1452,92928,orientation_cued_D0,0.00670,1.0000,3.0703,0.039,0.003
1453,92992,orientation_cued_D1,0.08148,0.9844,8.6314,0.038,0.059
1454,93056,orientation_cued_D0,0.01148,0.9844,6.3440,0.034,0.043
1455,93120,orientation_cued_D2,0.71167,0.4219,3.1321,0.034,0.002
1456,93184,orientation_cued_D1,0.01225,1.0000,4.2322,0.032,0.096
1457,93248,orientation_cued_D0,0.00038,1.0000,0.0932,0.036,0.005
1458,93312,orientation_cued_D2,0.65806,0.5938,2.1822,0.044,0.008
1459,93376,orientation_cued_D0,0.00036,1.0000,0.0673,0.031,0.127
1460,93440,orientation_cued_D1,0.00139,1.0000,0.2242,0.032,0.002
1461,93504,orientation_cued_D2,0.65655,0.5625,2.1557,0.044,0.003
1462,93568,orientation_cued_D0,0.00072,1.0000,0.1457,0.032,0.084
1463,93632,orientation_cued_D2,0.66701,0.5312,3.6155,0.039,0.045
1464,93696,orientation_cued_D1,0.00114,1.0000,0.2655,0.029,0.003
1465,93760,orientation_cued_D0,0.00300,1.0000,0.6911,0.032,0.051
1466,93824,orientation_cued_D2,0.68034,0.5781,1.5963,0.046,0.045
1467,93888,orientation_cued_D1,0.00223,1.0000,1.2935,0.037,0.021
1468,93952,orientation_cued_D0,0.00375,1.0000,1.8107,0.026,0.021
1469,94016,orientation_cued_D2,0.68000,0.6250,1.8750,0.051,0.092
1470,94080,orientation_cued_D1,0.00811,1.0000,2.4008,0.046,0.024
1471,94144,orientation_cued_D0,0.00175,1.0000,0.4418,0.045,0.037
1472,94208,orientation_cued_D2,0.67161,0.5312,2.2311,0.038,0.020
1473,94272,orientation_cued_D1,0.00231,1.0000,0.6953,0.041,0.044
1474,94336,orientation_cued_D0,0.00043,1.0000,0.0763,0.031,0.022
1475,94400,orientation_cued_D2,0.68735,0.6406,4.1777,0.040,0.099
1476,94464,orientation_cued_D1,0.00206,1.0000,0.5503,0.050,0.003
1477,94528,orientation_cued_D0,0.00054,1.0000,0.1284,0.032,0.014
1478,94592,orientation_cued_D1,0.01747,0.9844,6.0190,0.032,0.125
1479,94656,orientation_cued_D2,0.70757,0.5781,8.3867,0.042,0.002
1480,94720,orientation_cued_D0,0.00048,1.0000,0.1103,0.036,0.003
1481,94784,orientation_cued_D1,0.00158,1.0000,0.4791,0.048,0.084
1482,94848,orientation_cued_D0,0.00097,1.0000,0.2990,0.039,0.006
1483,94912,orientation_cued_D2,0.67766,0.6094,3.5761,0.056,0.010
1484,94976,orientation_cued_D1,0.00418,1.0000,2.7400,0.040,0.076
1485,95040,orientation_cued_D0,0.00021,1.0000,0.0241,0.030,0.003
1486,95104,orientation_cued_D2,0.66597,0.5625,4.7570,0.031,0.102
1487,95168,orientation_cued_D1,0.00372,1.0000,1.0358,0.025,0.004
1488,95232,orientation_cued_D0,0.00312,1.0000,1.6666,0.020,0.008
1489,95296,orientation_cued_D2,0.66313,0.5625,1.9142,0.027,0.134
1490,95360,orientation_cued_D1,0.00181,1.0000,0.4023,0.021,0.003
1491,95424,orientation_cued_D0,0.00087,1.0000,0.3397,0.019,0.002
1492,95488,orientation_cued_D2,0.70125,0.5469,3.3438,0.025,0.119
1493,95552,orientation_cued_D1,0.00230,1.0000,1.0148,0.021,0.003
1494,95616,orientation_cued_D0,0.00033,1.0000,0.1121,0.019,0.002
1495,95680,orientation_cued_D1,0.00122,1.0000,0.7402,0.022,0.125
1496,95744,orientation_cued_D2,0.68395,0.5625,2.8046,0.024,0.002
1497,95808,orientation_cued_D0,0.00059,1.0000,0.1812,0.019,0.003
1498,95872,orientation_cued_D0,0.00030,1.0000,0.1045,0.037,0.130
1499,95936,orientation_cued_D2,0.72427,0.5156,3.0986,0.049,0.002
1500,96000,orientation_cued_D1,0.00213,1.0000,0.5410,0.035,0.003
1501,96064,orientation_cued_D0,0.00214,1.0000,1.3047,0.035,0.086
1502,96128,orientation_cued_D1,0.00158,1.0000,0.4774,0.042,0.003
1503,96192,orientation_cued_D2,0.68255,0.5312,2.0852,0.042,0.003
1504,96256,orientation_cued_D0,0.00313,1.0000,1.7231,0.038,0.089
1505,96320,orientation_cued_D1,0.00869,1.0000,4.7352,0.036,0.003
1506,96384,orientation_cued_D2,0.68218,0.5469,3.6115,0.038,0.003
1507,96448,orientation_cued_D0,0.00026,1.0000,0.0537,0.035,0.087
1508,96512,orientation_cued_D1,0.00548,1.0000,3.8513,0.046,0.004
1509,96576,orientation_cued_D2,0.69069,0.4688,1.7339,0.031,0.020
1510,96640,orientation_cued_D1,0.00070,1.0000,0.2855,0.040,0.074
1511,96704,orientation_cued_D0,0.00021,1.0000,0.0179,0.026,0.003
1512,96768,orientation_cued_D2,0.67236,0.7188,2.4063,0.053,0.041
1513,96832,orientation_cued_D1,0.00045,1.0000,0.0364,0.040,0.038
1514,96896,orientation_cued_D0,0.00035,1.0000,0.0544,0.044,0.038
1515,96960,orientation_cued_D2,0.66055,0.5625,2.4541,0.046,0.044
1516,97024,orientation_cued_D1,0.00053,1.0000,0.0643,0.049,0.006
1517,97088,orientation_cued_D0,0.00134,1.0000,0.4910,0.042,0.126
1518,97152,orientation_cued_D2,0.66366,0.6250,3.8813,0.053,0.003
1519,97216,orientation_cued_D1,0.00040,1.0000,0.1455,0.046,0.005
1520,97280,orientation_cued_D2,0.66784,0.5469,3.3161,0.048,0.126
1521,97344,orientation_cued_D0,0.00110,1.0000,0.3941,0.035,0.004
1522,97408,orientation_cued_D1,0.00230,1.0000,0.9595,0.034,0.012
1523,97472,orientation_cued_D2,0.65539,0.6562,3.3359,0.045,0.082
1524,97536,orientation_cued_D0,0.00050,1.0000,0.1609,0.041,0.003
1525,97600,orientation_cued_D1,0.00166,1.0000,0.6052,0.033,0.003
1526,97664,orientation_cued_D0,0.01087,1.0000,5.4792,0.034,0.138
1527,97728,orientation_cued_D1,0.00056,1.0000,0.0680,0.044,0.004
1528,97792,orientation_cued_D2,0.69971,0.5469,2.2789,0.051,0.005
1529,97856,orientation_cued_D1,0.00034,1.0000,0.0737,0.045,0.084
1530,97920,orientation_cued_D0,0.00182,1.0000,1.3143,0.053,0.004
1531,97984,orientation_cued_D2,0.66209,0.5312,2.8190,0.064,0.055
1532,98048,orientation_cued_D1,0.04721,0.9844,12.8626,0.033,0.019
1533,98112,orientation_cued_D0,0.00155,1.0000,0.6945,0.037,0.056
1534,98176,orientation_cued_D2,0.65883,0.6719,4.4585,0.045,0.082
1535,98240,orientation_cued_D1,0.00115,1.0000,0.2566,0.027,0.003
1536,98304,orientation_cued_D0,0.00047,1.0000,0.0576,0.036,0.030
1537,98368,orientation_cued_D1,0.01157,1.0000,7.7935,0.037,0.092
1538,98432,orientation_cued_D2,0.66589,0.5781,3.4099,0.050,0.006
1539,98496,orientation_cued_D0,0.00385,1.0000,1.7107,0.040,0.005
1540,98560,orientation_cued_D1,0.00099,1.0000,0.1510,0.055,0.127
1541,98624,orientation_cued_D2,0.65309,0.6094,3.4647,0.054,0.004
1542,98688,orientation_cued_D0,0.06256,0.9844,12.5616,0.057,0.005
1543,98752,orientation_cued_D2,0.67459,0.5156,2.7507,0.040,0.080
1544,98816,orientation_cued_D1,0.05367,0.9844,17.1412,0.036,0.003
1545,98880,orientation_cued_D0,0.00063,1.0000,0.1570,0.029,0.003
1546,98944,orientation_cued_D1,0.00591,1.0000,4.1932,0.036,0.123
1547,99008,orientation_cued_D2,0.70749,0.5156,3.7136,0.033,0.003
1548,99072,orientation_cued_D0,0.01417,0.9844,7.9085,0.034,0.003
1549,99136,orientation_cued_D1,0.00254,1.0000,0.6727,0.037,0.103
1550,99200,orientation_cued_D2,0.70308,0.5000,2.6685,0.056,0.006
1551,99264,orientation_cued_D0,0.02359,0.9844,10.9073,0.034,0.004
1552,99328,orientation_cued_D1,0.00091,1.0000,0.1553,0.035,0.072
1553,99392,orientation_cued_D2,0.68012,0.5469,5.1036,0.048,0.021
1554,99456,orientation_cued_D0,0.00039,1.0000,0.1750,0.031,0.005
1555,99520,orientation_cued_D1,0.00249,1.0000,0.7038,0.037,0.061
1556,99584,orientation_cued_D2,0.68345,0.5625,3.4324,0.048,0.027
1557,99648,orientation_cued_D0,0.00588,1.0000,2.6866,0.034,0.004
1558,99712,orientation_cued_D1,0.01359,1.0000,8.2954,0.038,0.043
1559,99776,orientation_cued_D2,0.67241,0.5625,3.4608,0.041,0.080
1560,99840,orientation_cued_D0,0.01470,0.9844,9.4740,0.038,0.006
1561,99904,orientation_cued_D1,0.00335,1.0000,0.6146,0.036,0.003
1562,99968,orientation_cued_D0,0.00910,1.0000,6.7215,0.032,0.099
1563,100032,orientation_cued_D2,0.66991,0.5469,3.7332,0.047,0.004
