update,episodes,cell,loss,accuracy,grad_norm,seconds,wait_seconds
1,64,orientation_single_D0,0.69487,0.4531,0.4294,3.549,6.220
2,128,orientation_single_D0,0.70451,0.5000,1.3977,0.186,0.004
3,192,orientation_single_D0,0.70702,0.5000,1.5792,0.108,0.013
4,256,orientation_single_D0,0.69911,0.5000,1.0080,0.082,0.047
5,320,orientation_single_D0,0.69357,0.5000,0.4439,0.165,0.003
6,384,orientation_single_D0,0.70086,0.5000,0.8914,0.085,0.009
7,448,orientation_single_D0,0.69681,0.5000,0.8189,0.191,0.018
8,512,orientation_single_D0,0.69117,0.5000,0.3688,0.132,0.008
9,576,orientation_single_D0,0.69426,0.5000,0.5108,0.121,0.015
10,640,orientation_single_D0,0.69633,0.5000,0.6970,0.204,0.010
11,704,orientation_single_D0,0.69582,0.5000,0.5621,0.205,0.007
12,768,orientation_single_D0,0.69251,0.4844,0.3360,0.128,0.008
13,832,orientation_single_D0,0.69264,0.5000,0.3158,0.158,0.009
14,896,orientation_single_D0,0.69488,0.5000,0.4667,0.202,0.008
15,960,orientation_single_D0,0.69446,0.5000,0.4933,0.171,0.009
16,1024,orientation_single_D0,0.69249,0.5000,0.3716,0.186,0.009
17,1088,orientation_single_D0,0.69240,0.5781,0.2594,0.078,0.009
18,1152,orientation_single_D0,0.69130,0.4844,0.3156,0.097,0.029
19,1216,orientation_single_D0,0.69495,0.5000,0.4088,0.086,0.009
20,1280,orientation_single_D0,0.68984,0.5000,0.3755,0.203,0.032
21,1344,orientation_single_D0,0.69287,0.4844,0.3334,0.101,0.009
22,1408,orientation_single_D0,0.69222,0.5469,0.2636,0.166,0.039
23,1472,orientation_single_D0,0.69637,0.4531,0.3123,0.163,0.009
24,1536,orientation_single_D0,0.69343,0.5156,0.3449,0.085,0.011
25,1600,orientation_single_D0,0.69209,0.4844,0.3454,0.279,0.050
26,1664,orientation_single_D0,0.69135,0.5469,0.2886,0.131,0.003
27,1728,orientation_single_D0,0.69367,0.5000,0.2719,0.061,0.005
28,1792,orientation_single_D0,0.69451,0.4844,0.2895,0.103,0.130
29,1856,orientation_single_D0,0.69262,0.4844,0.3575,0.070,0.058
30,1920,orientation_single_D0,0.69271,0.5156,0.2966,0.063,0.234
31,1984,orientation_single_D0,0.68568,0.7344,0.2971,0.126,0.087
32,2048,orientation_single_D0,0.69679,0.4375,0.2644,0.073,0.229
33,2112,orientation_single_D0,0.69125,0.5156,0.3316,0.242,0.003
34,2176,orientation_single_D0,0.69287,0.5156,0.3120,0.071,0.036
35,2240,orientation_single_D0,0.69036,0.5312,0.2675,0.073,0.089
36,2304,orientation_single_D0,0.69149,0.4844,0.2510,0.120,0.205
37,2368,orientation_single_D0,0.69134,0.5156,0.2986,0.176,0.005
38,2432,orientation_single_D0,0.68879,0.5312,0.3427,0.062,0.167
39,2496,orientation_single_D0,0.69005,0.5938,0.2941,0.111,0.011
40,2560,orientation_single_D0,0.69266,0.5156,0.2861,0.062,0.216
41,2624,orientation_single_D0,0.68756,0.6250,0.3099,0.071,0.036
42,2688,orientation_single_D0,0.69426,0.5000,0.3278,0.081,0.234
43,2752,orientation_single_D0,0.69120,0.5625,0.2845,0.065,0.044
44,2816,orientation_single_D0,0.68778,0.6094,0.3348,0.101,0.271
45,2880,orientation_single_D0,0.69509,0.5625,0.3348,0.065,0.032
46,2944,orientation_single_D0,0.69177,0.6094,0.3065,0.066,0.144
47,3008,orientation_single_D0,0.68759,0.6250,0.3167,0.073,0.229
48,3072,orientation_single_D0,0.68165,0.7188,0.4050,0.066,0.044
49,3136,orientation_single_D0,0.69086,0.6250,0.3406,0.071,0.324
50,3200,orientation_single_D0,0.68781,0.5781,0.3147,0.081,0.025
51,3264,orientation_single_D0,0.69531,0.5156,0.3517,0.068,0.158
52,3328,orientation_single_D0,0.69099,0.5312,0.3627,0.068,0.223
53,3392,orientation_single_D0,0.68693,0.5625,0.3847,0.153,0.002
54,3456,orientation_single_D0,0.68827,0.4531,0.4028,0.154,0.192
55,3520,orientation_single_D0,0.69421,0.5625,0.3819,0.162,0.003
56,3584,orientation_single_D0,0.68412,0.6562,0.3763,0.126,0.005
57,3648,orientation_single_D0,0.69167,0.5312,0.4342,0.057,0.060
58,3712,orientation_single_D0,0.69933,0.4219,0.4319,0.151,0.278
59,3776,orientation_single_D0,0.68596,0.6250,0.4380,0.069,0.168
60,3840,orientation_single_D0,0.68504,0.6094,0.4227,0.134,0.189
61,3904,orientation_single_D0,0.69594,0.4688,0.4847,0.199,0.002
62,3968,orientation_single_D0,0.69719,0.4531,0.4990,0.084,0.016
63,4032,orientation_single_D0,0.68737,0.5781,0.4846,0.149,0.248
64,4096,orientation_single_D0,0.68462,0.5312,0.4868,0.058,0.054
65,4160,orientation_single_D0,0.68416,0.6094,0.4682,0.119,0.186
66,4224,orientation_single_D0,0.67479,0.6719,0.5257,0.136,0.063
67,4288,orientation_single_D0,0.68014,0.5781,0.5398,0.066,0.254
68,4352,orientation_single_D0,0.69156,0.5312,0.5336,0.110,0.002
69,4416,orientation_single_D0,0.68638,0.5469,0.6014,0.065,0.237
70,4480,orientation_single_D0,0.69662,0.5469,0.6691,0.190,0.004
71,4544,orientation_single_D0,0.67497,0.6094,0.6101,0.130,0.102
72,4608,orientation_single_D0,0.68683,0.5312,0.6339,0.134,0.003
73,4672,orientation_single_D0,0.69374,0.5312,0.6332,0.163,0.144
74,4736,orientation_single_D0,0.68309,0.5938,0.6699,0.181,0.003
75,4800,orientation_single_D0,0.67942,0.5156,0.6486,0.123,0.107
76,4864,orientation_single_D0,0.68503,0.5625,0.7564,0.189,0.129
77,4928,orientation_single_D0,0.69371,0.4844,0.6887,0.139,0.016
78,4992,orientation_single_D0,0.69232,0.4688,0.7247,0.152,0.120
79,5056,orientation_single_D0,0.69211,0.5469,0.8299,0.068,0.002
80,5120,orientation_single_D0,0.68478,0.5625,0.8143,0.061,0.126
81,5184,orientation_single_D0,0.68421,0.5469,0.7513,0.062,0.063
82,5248,orientation_single_D0,0.68300,0.5938,0.9506,0.134,0.228
83,5312,orientation_single_D0,0.68066,0.5938,0.8404,0.086,0.003
84,5376,orientation_single_D0,0.67941,0.5625,1.0766,0.060,0.166
85,5440,orientation_single_D0,0.68823,0.5469,0.8882,0.060,0.074
86,5504,orientation_single_D0,0.66664,0.6406,0.9545,0.069,0.202
87,5568,orientation_single_D0,0.68962,0.5625,0.9675,0.126,0.132
88,5632,orientation_single_D0,0.65212,0.6875,0.8714,0.059,0.112
89,5696,orientation_single_D0,0.68901,0.5781,0.9820,0.066,0.086
90,5760,orientation_single_D0,0.68094,0.5781,1.0235,0.125,0.239
91,5824,orientation_single_D0,0.66408,0.6094,0.9217,0.138,0.134
92,5888,orientation_single_D0,0.67524,0.5156,0.9510,0.066,0.166
93,5952,orientation_single_D0,0.67303,0.6094,0.9652,0.125,0.114
94,6016,orientation_single_D0,0.66979,0.5781,1.2766,0.063,0.155
95,6080,orientation_single_D0,0.66954,0.6094,1.0951,0.066,0.097
96,6144,orientation_single_D0,0.66753,0.6562,1.3161,0.065,0.133
97,6208,orientation_single_D0,0.67359,0.6562,1.2381,0.072,0.050
98,6272,orientation_single_D0,0.64684,0.6562,1.4130,0.150,0.140
99,6336,orientation_single_D0,0.66633,0.5625,2.0331,0.196,0.003
100,6400,orientation_single_D0,0.64894,0.6562,1.3635,0.140,0.125
101,6464,orientation_single_D0,0.67111,0.5625,2.0352,0.090,0.004
102,6528,orientation_single_D0,0.68743,0.5781,1.6500,0.143,0.323
103,6592,orientation_single_D0,0.64280,0.6875,1.6019,0.139,0.003
104,6656,orientation_single_D0,0.68516,0.5938,1.7030,0.093,0.206
105,6720,orientation_single_D0,0.67602,0.6250,1.6548,0.197,0.005
106,6784,orientation_single_D0,0.67932,0.5938,1.7599,0.266,0.212
107,6848,orientation_single_D0,0.62393,0.6562,1.7386,0.268,0.002
108,6912,orientation_single_D0,0.63995,0.6719,1.8287,0.157,0.007
109,6976,orientation_single_D0,0.62548,0.6719,1.6680,0.132,0.002
110,7040,orientation_single_D0,0.62874,0.6250,2.0545,0.118,0.085
111,7104,orientation_single_D0,0.65778,0.6406,2.0465,0.096,0.003
112,7168,orientation_single_D0,0.66500,0.5625,2.2695,0.161,0.159
113,7232,orientation_single_D0,0.59920,0.7344,2.7562,0.146,0.003
114,7296,orientation_single_D0,0.63467,0.6562,2.1965,0.096,0.066
115,7360,orientation_single_D0,0.62200,0.6875,3.0717,0.123,0.118
116,7424,orientation_single_D0,0.64018,0.6094,2.5244,0.060,0.034
117,7488,orientation_single_D0,0.63513,0.7031,3.3424,0.130,0.201
118,7552,orientation_single_D0,0.66060,0.5156,2.9757,0.078,0.003
119,7616,orientation_single_D0,0.63679,0.6875,3.5353,0.106,0.130
120,7680,orientation_single_D0,0.59832,0.6719,2.7038,0.058,0.042
121,7744,orientation_single_D0,0.56807,0.7344,2.9568,0.129,0.280
122,7808,orientation_single_D0,0.59623,0.7969,3.4881,0.134,0.002
123,7872,orientation_single_D0,0.64758,0.5625,3.4701,0.074,0.222
124,7936,orientation_single_D0,0.63482,0.6406,3.6475,0.234,0.016
125,8000,orientation_single_D0,0.59436,0.7031,3.5767,0.109,0.239
126,8064,orientation_single_D0,0.54657,0.7656,4.0065,0.066,0.003
127,8128,orientation_single_D0,0.58841,0.6875,3.4802,0.129,0.357
128,8192,orientation_single_D0,0.59785,0.6562,5.6868,0.112,0.003
129,8256,orientation_single_D0,0.61074,0.6406,3.9269,0.114,0.074
130,8320,orientation_single_D0,0.55985,0.7188,3.7289,0.076,0.003
131,8384,orientation_single_D0,0.56705,0.7031,5.0244,0.174,0.229
132,8448,orientation_single_D0,0.50240,0.8125,3.9010,0.158,0.003
133,8512,orientation_single_D0,0.54289,0.6875,4.4084,0.059,0.178
134,8576,orientation_single_D0,0.51231,0.7969,3.9280,0.129,0.108
135,8640,orientation_single_D0,0.49045,0.7812,3.9322,0.077,0.265
136,8704,orientation_single_D0,0.57300,0.6875,4.5265,0.088,0.043
137,8768,orientation_single_D0,0.50518,0.7969,4.3690,0.134,0.303
138,8832,orientation_single_D0,0.51201,0.7969,4.8222,0.103,0.004
139,8896,orientation_single_D0,0.48111,0.8281,5.3441,0.120,0.305
140,8960,orientation_single_D0,0.47734,0.7969,5.7289,0.094,0.003
141,9024,orientation_single_D0,0.43443,0.8281,5.2536,0.068,0.180
142,9088,orientation_single_D0,0.55905,0.7031,10.4556,0.148,0.003
143,9152,orientation_single_D0,0.42447,0.7656,5.1697,0.066,0.179
144,9216,orientation_single_D0,0.42288,0.8281,7.9195,0.163,0.002
145,9280,orientation_single_D0,0.40581,0.7969,6.1408,0.060,0.189
146,9344,orientation_single_D0,0.48951,0.7969,6.3279,0.078,0.003
147,9408,orientation_single_D0,0.40421,0.7812,9.5922,0.070,0.136
148,9472,orientation_single_D0,0.37106,0.9062,7.4487,0.070,0.003
149,9536,orientation_single_D0,0.33047,0.9062,5.5095,0.065,0.228
150,9600,orientation_single_D0,0.37997,0.8125,10.1379,0.086,0.003
151,9664,orientation_single_D0,0.43648,0.7969,8.6280,0.211,0.167
152,9728,orientation_single_D0,0.43575,0.7969,7.3770,0.085,0.003
153,9792,orientation_single_D0,0.46389,0.7812,11.9793,0.117,0.011
154,9856,orientation_single_D0,0.44651,0.7812,7.5848,0.110,0.016
155,9920,orientation_single_D0,0.34843,0.8438,10.9140,0.171,0.217
156,9984,orientation_single_D0,0.35502,0.8750,8.8036,0.098,0.002
157,10048,orientation_single_D0,0.41542,0.7969,10.9386,0.111,0.123
158,10112,orientation_single_D0,0.30412,0.8750,7.3725,0.082,0.003
159,10176,orientation_single_D0,0.41111,0.7656,9.2330,0.138,0.157
160,10240,orientation_single_D0,0.30299,0.8438,7.3997,0.091,0.003
161,10304,orientation_single_D0,0.23061,0.9219,5.6791,0.065,0.136
162,10368,orientation_single_D0,0.25676,0.9375,6.7332,0.134,0.004
163,10432,orientation_single_D0,0.27105,0.8906,8.7884,0.086,0.149
164,10496,orientation_single_D0,0.27645,0.8750,7.3105,0.108,0.055
165,10560,orientation_single_D0,0.26116,0.8906,8.6704,0.061,0.063
166,10624,orientation_single_D0,0.32761,0.8438,7.4088,0.066,0.102
167,10688,orientation_single_D0,0.33934,0.8906,10.3459,0.192,0.112
168,10752,orientation_single_D0,0.28422,0.8906,8.1795,0.158,0.111
169,10816,orientation_single_D0,0.29037,0.9062,12.4292,0.077,0.003
170,10880,orientation_single_D0,0.21305,0.9062,6.3998,0.070,0.106
171,10944,orientation_single_D0,0.26167,0.8906,8.2876,0.127,0.003
172,11008,orientation_single_D0,0.23258,0.9219,9.3896,0.062,0.161
173,11072,orientation_single_D0,0.18704,0.9219,6.6420,0.084,0.022
174,11136,orientation_single_D0,0.18422,0.9531,5.9151,0.071,0.169
175,11200,orientation_single_D0,0.18691,0.9375,9.0264,0.064,0.058
176,11264,orientation_single_D0,0.22280,0.9219,8.1439,0.064,0.183
177,11328,orientation_single_D0,0.24995,0.8906,9.1114,0.068,0.062
178,11392,orientation_single_D0,0.22554,0.9062,9.1232,0.062,0.142
179,11456,orientation_single_D0,0.12890,0.9531,8.3426,0.067,0.076
180,11520,orientation_single_D0,0.30600,0.8594,11.0297,0.062,0.165
181,11584,orientation_single_D0,0.18635,0.9062,8.7136,0.073,0.060
182,11648,orientation_single_D0,0.26229,0.9219,10.3372,0.062,0.108
183,11712,orientation_single_D0,0.19317,0.9219,8.4916,0.071,0.053
184,11776,orientation_single_D0,0.20255,0.9062,12.7883,0.115,0.124
185,11840,orientation_single_D0,0.15016,0.9375,7.3822,0.077,0.047
186,11904,orientation_single_D0,0.13031,0.9375,8.6320,0.065,0.155
187,11968,orientation_single_D0,0.16678,0.9219,9.7693,0.064,0.032
188,12032,orientation_single_D0,0.06305,1.0000,3.3349,0.232,0.162
189,12096,orientation_single_D0,0.14681,0.9531,9.9110,0.219,0.003
190,12160,orientation_single_D0,0.11260,0.9531,10.9505,0.073,0.008
191,12224,orientation_single_D0,0.17092,0.9062,10.2627,0.082,0.005
192,12288,orientation_single_D0,0.09852,0.9531,6.8752,0.122,0.075
193,12352,orientation_single_D0,0.13342,0.9531,6.4673,0.070,0.005
194,12416,orientation_single_D0,0.20812,0.8906,17.2776,0.085,0.129
195,12480,orientation_single_D0,0.08816,0.9375,7.7952,0.069,0.003
196,12544,orientation_single_D0,0.14149,0.9375,9.8993,0.069,0.149
197,12608,orientation_single_D0,0.19355,0.9219,16.5637,0.147,0.004
198,12672,orientation_single_D0,0.15924,0.9531,11.1396,0.060,0.136
199,12736,orientation_single_D0,0.07400,0.9844,4.6975,0.074,0.027
200,12800,orientation_single_D0,0.19333,0.9062,13.3585,0.063,0.110
201,12864,orientation_single_D0,0.16473,0.9219,15.9705,0.075,0.040
202,12928,orientation_single_D0,0.18626,0.9062,11.4674,0.094,0.011
203,12992,orientation_single_D0,0.07076,0.9844,5.4996,0.073,0.010
204,13056,orientation_single_D0,0.14759,0.9219,13.8085,0.076,0.008
205,13120,orientation_single_D0,0.10367,0.9688,7.6645,0.084,0.009
206,13184,orientation_single_D0,0.12577,0.9375,9.8133,0.266,0.028
207,13248,orientation_single_D0,0.18062,0.9219,14.1139,0.105,0.009
208,13312,orientation_single_D0,0.04516,0.9844,3.6790,0.105,0.007
209,13376,orientation_single_D0,0.10325,0.9688,6.3528,0.076,0.007
210,13440,orientation_single_D0,0.06585,0.9688,6.9850,0.081,0.013
211,13504,orientation_single_D0,0.17314,0.9375,16.0353,0.114,0.008
212,13568,orientation_single_D0,0.07230,0.9688,8.7741,0.138,0.012
213,13632,orientation_single_D0,0.15218,0.9375,9.8961,0.137,0.018
214,13696,orientation_single_D0,0.04388,1.0000,4.5203,0.139,0.009
215,13760,orientation_single_D0,0.15350,0.9062,16.1733,0.096,0.040
216,13824,orientation_single_D0,0.06628,0.9844,9.2353,0.074,0.010
217,13888,orientation_single_D0,0.12810,0.9531,11.7565,0.077,0.007
218,13952,orientation_single_D0,0.04540,0.9844,4.9424,0.096,0.011
219,14016,orientation_single_D0,0.07187,0.9531,9.0139,0.151,0.010
220,14080,orientation_single_D0,0.12440,0.9531,13.9538,0.151,0.016
221,14144,orientation_single_D0,0.17250,0.9375,12.5172,0.065,0.010
222,14208,orientation_single_D0,0.09084,0.9688,7.6463,0.102,0.005
223,14272,orientation_single_D0,0.14013,0.9375,9.3612,0.083,0.003
224,14336,orientation_single_D0,0.02524,1.0000,2.5908,0.077,0.004
225,14400,orientation_single_D0,0.09331,0.9688,10.1642,0.071,0.155
226,14464,orientation_single_D0,0.05457,0.9844,6.3505,0.132,0.014
227,14528,orientation_single_D0,0.09945,0.9531,10.3754,0.088,0.123
228,14592,orientation_single_D0,0.05617,0.9688,6.7081,0.059,0.071
229,14656,orientation_single_D0,0.03936,1.0000,5.5645,0.062,0.123
230,14720,orientation_single_D0,0.04260,1.0000,4.9672,0.169,0.097
231,14784,orientation_single_D0,0.05291,0.9844,5.0593,0.094,0.145
232,14848,orientation_single_D0,0.03794,1.0000,5.1161,0.062,0.032
233,14912,orientation_single_D0,0.03157,1.0000,4.3061,0.065,0.126
234,14976,orientation_single_D0,0.11226,0.9688,8.0800,0.062,0.042
235,15040,orientation_single_D0,0.01589,1.0000,1.5828,0.131,0.159
236,15104,orientation_single_D0,0.04342,0.9844,5.6147,0.173,0.130
237,15168,orientation_single_D0,0.06341,0.9844,7.1939,0.135,0.049
238,15232,orientation_single_D0,0.07739,0.9844,6.2055,0.086,0.003
239,15296,orientation_single_D0,0.10588,0.9688,8.5008,0.150,0.105
240,15360,orientation_single_D0,0.05579,0.9688,6.7810,0.116,0.003
241,15424,orientation_single_D0,0.03120,1.0000,2.7003,0.061,0.087
242,15488,orientation_single_D0,0.11644,0.9531,11.6003,0.058,0.092
243,15552,orientation_single_D0,0.02577,1.0000,3.0024,0.062,0.185
244,15616,orientation_single_D0,0.07173,0.9844,10.7780,0.079,0.132
245,15680,orientation_single_D0,0.04975,0.9688,8.3168,0.057,0.196
246,15744,orientation_single_D0,0.03891,1.0000,6.3042,0.062,0.088
247,15808,orientation_single_D0,0.03706,1.0000,4.9502,0.060,0.083
248,15872,orientation_single_D0,0.04199,0.9844,5.8413,0.165,0.175
249,15936,orientation_single_D0,0.05103,0.9844,7.7268,0.106,0.064
250,16000,orientation_single_D0,0.02924,1.0000,3.4179,0.058,0.094
251,16064,orientation_single_D0,0.03387,1.0000,5.2392,0.060,0.099
252,16128,orientation_single_D0,0.01855,1.0000,3.5771,0.078,0.110
253,16192,orientation_single_D0,0.06737,0.9688,11.7385,0.098,0.075
254,16256,orientation_single_D0,0.12397,0.9688,12.6919,0.063,0.128
255,16320,orientation_single_D0,0.09816,0.9531,11.9865,0.060,0.085
256,16384,orientation_single_D0,0.07394,0.9844,8.9345,0.070,0.110
257,16448,orientation_single_D0,0.01230,1.0000,2.1625,0.111,0.118
258,16512,orientation_single_D0,0.05279,0.9844,6.7168,0.111,0.053
259,16576,orientation_single_D0,0.10149,0.9688,10.1030,0.059,0.093
260,16640,orientation_single_D0,0.05176,0.9844,7.3751,0.065,0.061
261,16704,orientation_single_D0,0.02305,0.9844,4.5303,0.180,0.160
262,16768,orientation_single_D0,0.02242,1.0000,2.9759,0.213,0.003
263,16832,orientation_single_D0,0.13409,0.9531,15.2147,0.112,0.003
264,16896,orientation_single_D0,0.01719,1.0000,2.0957,0.125,0.007
265,16960,orientation_single_D0,0.04619,0.9844,9.0335,0.121,0.093
266,17024,orientation_single_D0,0.10358,0.9688,11.1327,0.074,0.010
267,17088,orientation_single_D0,0.08022,0.9688,9.2930,0.064,0.215
268,17152,orientation_single_D0,0.03250,1.0000,6.4398,0.069,0.002
269,17216,orientation_single_D0,0.09242,0.9688,10.9074,0.068,0.184
270,17280,orientation_single_D0,0.03830,0.9844,7.0241,0.132,0.002
271,17344,orientation_single_D0,0.01000,1.0000,1.3478,0.095,0.191
272,17408,orientation_single_D0,0.06953,0.9844,7.7139,0.069,0.003
273,17472,orientation_single_D0,0.05719,0.9531,10.5974,0.069,0.137
274,17536,orientation_single_D0,0.01889,1.0000,3.6420,0.131,0.003
275,17600,orientation_single_D0,0.02497,0.9844,4.7302,0.107,0.190
276,17664,orientation_single_D0,0.04729,0.9844,7.1290,0.121,0.003
277,17728,orientation_single_D0,0.05010,0.9844,8.1354,0.063,0.100
278,17792,orientation_single_D0,0.08197,0.9688,14.0787,0.067,0.003
279,17856,orientation_single_D0,0.02069,1.0000,4.0232,0.071,0.218
280,17920,orientation_single_D0,0.01475,1.0000,3.8918,0.180,0.002
281,17984,orientation_single_D0,0.01957,1.0000,3.8054,0.062,0.053
282,18048,orientation_single_D0,0.06675,0.9688,9.0441,0.065,0.040
283,18112,orientation_single_D0,0.06795,0.9375,12.8165,0.100,0.173
284,18176,orientation_single_D0,0.04269,0.9844,7.9423,0.115,0.104
285,18240,orientation_single_D0,0.00324,1.0000,0.3771,0.109,0.058
286,18304,orientation_single_D0,0.03304,0.9844,8.2235,0.069,0.085
287,18368,orientation_single_D0,0.03490,0.9844,6.2294,0.272,0.101
288,18432,orientation_single_D0,0.01185,1.0000,2.7937,0.142,0.003
289,18496,orientation_single_D0,0.07659,0.9844,12.5340,0.118,0.003
290,18560,orientation_single_D0,0.07037,0.9688,13.2836,0.060,0.069
291,18624,orientation_single_D0,0.08026,0.9688,11.0567,0.103,0.099
292,18688,orientation_single_D0,0.01973,1.0000,4.7877,0.060,0.080
293,18752,orientation_single_D0,0.10446,0.9531,17.1432,0.083,0.186
294,18816,orientation_single_D0,0.11062,0.9688,14.0666,0.059,0.079
295,18880,orientation_single_D0,0.01808,1.0000,3.7815,0.105,0.091
296,18944,orientation_single_D0,0.04830,0.9688,12.5654,0.061,0.066
297,19008,orientation_single_D0,0.03047,1.0000,4.7341,0.113,0.115
298,19072,orientation_single_D0,0.02745,0.9844,4.0683,0.059,0.124
299,19136,orientation_single_D0,0.01906,0.9844,4.6625,0.064,0.074
300,19200,orientation_single_D0,0.00721,1.0000,1.0088,0.108,0.130
301,19264,orientation_single_D0,0.00833,1.0000,1.9446,0.067,0.053
302,19328,orientation_single_D0,0.02191,0.9844,4.8302,0.122,0.094
303,19392,orientation_single_D0,0.02196,1.0000,3.8276,0.067,0.113
304,19456,orientation_single_D0,0.03472,0.9844,6.0472,0.059,0.003
305,19520,orientation_single_D0,0.04281,0.9844,10.1366,0.071,0.194
306,19584,orientation_single_D0,0.01743,1.0000,4.3700,0.096,0.033
307,19648,orientation_single_D0,0.02838,1.0000,6.8363,0.075,0.146
308,19712,orientation_single_D0,0.00476,1.0000,0.5791,0.069,0.027
309,19776,orientation_single_D0,0.02453,0.9844,7.2436,0.131,0.188
310,19840,orientation_single_D0,0.04470,0.9688,9.6412,0.106,0.018
311,19904,orientation_single_D0,0.01872,1.0000,4.5960,0.083,0.047
312,19968,orientation_single_D0,0.00630,1.0000,1.4127,0.171,0.116
313,20032,orientation_single_D0,0.07099,0.9688,9.1446,0.067,0.003
314,20096,orientation_single_D0,0.05631,0.9688,9.2102,0.070,0.077
315,20160,orientation_single_D0,0.11028,0.9375,15.9326,0.142,0.064
316,20224,orientation_single_D0,0.08726,0.9688,11.0289,0.059,0.085
317,20288,orientation_single_D0,0.05309,0.9688,7.5265,0.059,0.072
318,20352,orientation_single_D0,0.03863,0.9844,7.3734,0.113,0.109
319,20416,orientation_single_D0,0.01533,1.0000,3.8301,0.099,0.069
320,20480,orientation_single_D0,0.01933,0.9844,4.8857,0.091,0.089
321,20544,orientation_single_D0,0.08182,0.9844,9.0546,0.061,0.049
322,20608,orientation_single_D0,0.02265,1.0000,6.8059,0.110,0.120
323,20672,orientation_single_D0,0.16595,0.9219,14.0017,0.070,0.003
324,20736,orientation_single_D0,0.00707,1.0000,1.2026,0.088,0.190
325,20800,orientation_single_D0,0.03494,0.9844,6.6028,0.076,0.032
326,20864,orientation_single_D0,0.06752,0.9688,14.2580,0.064,0.119
327,20928,orientation_single_D0,0.01855,0.9844,5.1101,0.095,0.087
328,20992,orientation_single_D0,0.02688,0.9844,6.4384,0.108,0.095
329,21056,orientation_single_D0,0.00928,1.0000,1.8870,0.070,0.021
330,21120,orientation_single_D0,0.00281,1.0000,0.3215,0.062,0.163
331,21184,orientation_single_D0,0.06585,0.9844,6.8142,0.065,0.061
332,21248,orientation_single_D0,0.01430,1.0000,3.3486,0.099,0.261
333,21312,orientation_single_D0,0.03573,0.9844,8.1077,0.087,0.003
334,21376,orientation_single_D0,0.00924,1.0000,1.2817,0.128,0.201
335,21440,orientation_single_D0,0.00840,1.0000,1.5442,0.262,0.004
336,21504,orientation_single_D0,0.00799,1.0000,1.0356,0.136,0.011
337,21568,orientation_single_D0,0.00795,1.0000,1.4462,0.146,0.003
338,21632,orientation_single_D0,0.01251,1.0000,2.8817,0.067,0.057
339,21696,orientation_single_D0,0.01132,1.0000,4.3605,0.060,0.201
340,21760,orientation_single_D0,0.03641,0.9844,9.3128,0.063,0.050
341,21824,orientation_single_D0,0.07983,0.9844,6.9292,0.114,0.286
342,21888,orientation_single_D0,0.07437,0.9844,8.5282,0.097,0.013
343,21952,orientation_single_D0,0.00735,1.0000,1.4320,0.131,0.122
344,22016,orientation_single_D0,0.01333,1.0000,3.0637,0.062,0.022
345,22080,orientation_single_D0,0.01426,1.0000,4.9339,0.067,0.202
346,22144,orientation_single_D0,0.00869,1.0000,2.3818,0.071,0.084
347,22208,orientation_single_D0,0.01733,1.0000,4.5986,0.146,0.218
348,22272,orientation_single_D0,0.02211,1.0000,4.7790,0.076,0.054
349,22336,orientation_single_D0,0.02370,1.0000,6.4965,0.160,0.299
350,22400,orientation_single_D0,0.01199,1.0000,3.5666,0.091,0.022
351,22464,orientation_single_D0,0.04711,0.9844,7.9535,0.139,0.174
352,22528,orientation_single_D0,0.01619,1.0000,5.6747,0.141,0.006
353,22592,orientation_single_D0,0.00524,1.0000,0.9362,0.208,0.185
354,22656,orientation_single_D0,0.01863,1.0000,4.2292,0.165,0.002
355,22720,orientation_single_D0,0.00441,1.0000,1.1179,0.207,0.098
356,22784,orientation_single_D0,0.03763,0.9688,13.9935,0.082,0.042
357,22848,orientation_single_D0,0.00497,1.0000,0.5743,0.155,0.229
358,22912,orientation_single_D0,0.01292,0.9844,3.9971,0.280,0.094
359,22976,orientation_single_D0,0.03137,0.9844,6.3397,0.111,0.005
360,23040,orientation_single_D0,0.00359,1.0000,1.0678,0.078,0.146
361,23104,orientation_single_D0,0.01877,1.0000,5.6753,0.103,0.006
362,23168,orientation_single_D0,0.02706,0.9844,7.1819,0.057,0.241
363,23232,orientation_single_D0,0.00301,1.0000,1.0265,0.080,0.055
364,23296,orientation_single_D0,0.01937,1.0000,5.2946,0.069,0.183
365,23360,orientation_single_D0,0.05207,0.9844,7.2143,0.103,0.153
366,23424,orientation_single_D0,0.01013,1.0000,3.1408,0.064,0.064
367,23488,orientation_single_D0,0.01930,0.9844,7.2410,0.061,0.235
368,23552,orientation_single_D0,0.01142,1.0000,3.5771,0.128,0.074
369,23616,orientation_single_D0,0.03546,0.9688,9.8031,0.063,0.179
370,23680,orientation_single_D0,0.04752,0.9844,9.8184,0.079,0.002
371,23744,orientation_single_D0,0.00575,1.0000,1.4119,0.064,0.193
372,23808,orientation_single_D0,0.00431,1.0000,1.0454,0.084,0.003
373,23872,orientation_single_D0,0.02368,0.9844,5.6466,0.079,0.211
374,23936,orientation_single_D0,0.07425,0.9688,13.6366,0.070,0.010
375,24000,orientation_single_D0,0.02617,0.9844,8.3573,0.061,0.174
376,24064,orientation_single_D0,0.00120,1.0000,0.0922,0.075,0.033
377,24128,orientation_single_D0,0.00181,1.0000,0.2697,0.074,0.166
378,24192,orientation_single_D0,0.00434,1.0000,1.1797,0.077,0.037
379,24256,orientation_single_D0,0.00586,1.0000,1.5138,0.063,0.102
380,24320,orientation_single_D0,0.00479,1.0000,1.2148,0.059,0.025
381,24384,orientation_single_D0,0.01991,1.0000,6.0306,0.104,0.129
382,24448,orientation_single_D0,0.06015,0.9844,12.6354,0.111,0.004
383,24512,orientation_single_D0,0.01376,1.0000,3.9514,0.139,0.106
384,24576,orientation_single_D0,0.00786,1.0000,2.7297,0.121,0.003
385,24640,orientation_single_D0,0.00630,1.0000,2.1478,0.123,0.042
386,24704,orientation_single_D0,0.00494,1.0000,1.3838,0.125,0.150
387,24768,orientation_single_D0,0.00950,1.0000,2.6475,0.075,0.038
388,24832,orientation_single_D0,0.00455,1.0000,1.5429,0.094,0.149
389,24896,orientation_single_D0,0.02888,1.0000,10.9600,0.173,0.003
390,24960,orientation_single_D0,0.03685,0.9688,10.2308,0.166,0.125
391,25024,orientation_single_D0,0.00373,1.0000,0.7271,0.147,0.004
392,25088,orientation_single_D0,0.01484,0.9844,4.1897,0.128,0.073
393,25152,orientation_single_D0,0.00457,1.0000,1.9778,0.129,0.004
394,25216,orientation_single_D0,0.00153,1.0000,0.2725,0.163,0.150
395,25280,orientation_single_D0,0.01262,1.0000,5.3974,0.126,0.003
396,25344,orientation_single_D0,0.02168,0.9844,6.6043,0.132,0.088
397,25408,orientation_single_D0,0.02393,1.0000,10.1480,0.117,0.004
398,25472,orientation_single_D0,0.00497,1.0000,1.0200,0.093,0.105
399,25536,orientation_single_D0,0.03134,0.9844,7.4328,0.062,0.112
400,25600,orientation_single_D0,0.00141,1.0000,0.3334,0.063,0.181
401,25664,orientation_single_D0,0.03295,0.9844,9.1439,0.131,0.028
402,25728,orientation_single_D0,0.00266,1.0000,0.6072,0.111,0.008
403,25792,orientation_single_D0,0.00530,1.0000,1.5651,0.119,0.010
404,25856,orientation_single_D0,0.02184,0.9844,6.8647,0.206,0.010
405,25920,orientation_single_D0,0.00300,1.0000,0.5093,0.097,0.009
406,25984,orientation_single_D0,0.00179,1.0000,0.3076,0.068,0.013
407,26048,orientation_single_D0,0.01992,0.9844,7.7464,0.136,0.042
408,26112,orientation_single_D0,0.00598,1.0000,1.9769,0.118,0.017
409,26176,orientation_single_D0,0.00954,1.0000,3.2736,0.089,0.009
410,26240,orientation_single_D0,0.00307,1.0000,0.8249,0.080,0.010
411,26304,orientation_single_D0,0.00702,1.0000,1.7150,0.122,0.079
412,26368,orientation_single_D0,0.00140,1.0000,0.2210,0.107,0.013
413,26432,orientation_single_D0,0.00290,1.0000,0.5955,0.166,0.009
414,26496,orientation_single_D0,0.02667,0.9844,8.7907,0.125,0.008
415,26560,orientation_single_D0,0.00404,1.0000,1.4725,0.061,0.017
416,26624,orientation_single_D0,0.01745,1.0000,6.1757,0.119,0.008
417,26688,orientation_single_D0,0.00298,1.0000,0.5835,0.171,0.023
418,26752,orientation_single_D0,0.00556,1.0000,2.5186,0.114,0.009
419,26816,orientation_single_D0,0.03624,0.9844,9.3301,0.135,0.014
420,26880,orientation_single_D0,0.00289,1.0000,0.9988,0.064,0.012
421,26944,orientation_single_D0,0.00238,1.0000,0.6882,0.133,0.022
422,27008,orientation_single_D0,0.00208,1.0000,0.4819,0.071,0.003
423,27072,orientation_single_D0,0.00150,1.0000,0.1947,0.102,0.058
424,27136,orientation_single_D0,0.00149,1.0000,0.2619,0.124,0.056
425,27200,orientation_single_D0,0.04868,0.9844,10.8820,0.065,0.139
426,27264,orientation_single_D0,0.00725,1.0000,3.1750,0.114,0.019
427,27328,orientation_single_D0,0.01562,1.0000,4.9270,0.066,0.128
428,27392,orientation_single_D0,0.00859,1.0000,2.9581,0.143,0.111
429,27456,orientation_single_D0,0.00274,1.0000,0.6329,0.084,0.086
430,27520,orientation_single_D0,0.03353,0.9844,9.9550,0.105,0.083
431,27584,orientation_single_D0,0.00742,1.0000,4.4252,0.072,0.106
432,27648,orientation_single_D0,0.02445,0.9844,7.0745,0.155,0.162
433,27712,orientation_single_D0,0.02945,0.9844,7.9995,0.087,0.072
434,27776,orientation_single_D0,0.00408,1.0000,1.5983,0.106,0.131
435,27840,orientation_single_D0,0.00387,1.0000,1.6674,0.064,0.119
436,27904,orientation_single_D0,0.01107,1.0000,3.1306,0.139,0.144
437,27968,orientation_single_D0,0.00086,1.0000,0.1314,0.108,0.002
438,28032,orientation_single_D0,0.00612,1.0000,2.0118,0.114,0.139
439,28096,orientation_single_D0,0.05010,0.9844,9.8920,0.086,0.004
440,28160,orientation_single_D0,0.05596,0.9844,9.6825,0.071,0.152
441,28224,orientation_single_D0,0.00799,1.0000,2.4964,0.133,0.132
442,28288,orientation_single_D0,0.00277,1.0000,1.2584,0.135,0.057
443,28352,orientation_single_D0,0.00437,1.0000,2.1653,0.067,0.109
444,28416,orientation_single_D0,0.00518,1.0000,2.4486,0.128,0.066
445,28480,orientation_single_D0,0.00475,1.0000,1.8431,0.137,0.256
446,28544,orientation_single_D0,0.04900,0.9844,8.9157,0.078,0.061
447,28608,orientation_single_D0,0.02713,0.9844,7.4261,0.067,0.194
448,28672,orientation_single_D0,0.00625,1.0000,2.8825,0.152,0.080
449,28736,orientation_single_D0,0.00424,1.0000,1.3104,0.117,0.130
450,28800,orientation_single_D0,0.01202,1.0000,4.7818,0.135,0.003
451,28864,orientation_single_D0,0.00247,1.0000,0.7125,0.062,0.117
452,28928,orientation_single_D0,0.03248,0.9844,6.9964,0.070,0.046
453,28992,orientation_single_D0,0.00144,1.0000,0.3423,0.074,0.225
454,29056,orientation_single_D0,0.03468,0.9844,12.2150,0.121,0.028
455,29120,orientation_single_D0,0.00632,1.0000,1.3746,0.059,0.170
456,29184,orientation_single_D0,0.01817,1.0000,8.3979,0.064,0.071
457,29248,orientation_single_D0,0.00185,1.0000,0.6665,0.062,0.229
458,29312,orientation_single_D0,0.00531,1.0000,2.5266,0.104,0.008
459,29376,orientation_single_D0,0.00210,1.0000,0.3633,0.063,0.203
460,29440,orientation_single_D0,0.02886,0.9844,9.4389,0.060,0.037
461,29504,orientation_single_D0,0.00761,1.0000,3.1427,0.116,0.248
462,29568,orientation_single_D0,0.00830,1.0000,4.5781,0.106,0.003
463,29632,orientation_single_D0,0.00082,1.0000,0.1125,0.062,0.234
464,29696,orientation_single_D0,0.00723,1.0000,2.5395,0.083,0.003
465,29760,orientation_single_D0,0.00125,1.0000,0.1973,0.072,0.247
466,29824,orientation_single_D0,0.00358,1.0000,1.1864,0.127,0.002
467,29888,orientation_single_D0,0.00171,1.0000,0.2491,0.125,0.203
468,29952,orientation_single_D0,0.02018,0.9844,7.7218,0.168,0.003
469,30016,orientation_single_D0,0.02728,0.9844,11.8021,0.066,0.214
470,30080,orientation_single_D0,0.00116,1.0000,0.2030,0.064,0.031
471,30144,orientation_single_D0,0.06147,0.9844,12.5159,0.067,0.230
472,30208,orientation_single_D0,0.01539,0.9844,6.6914,0.100,0.028
473,30272,orientation_single_D0,0.00364,1.0000,1.1794,0.066,0.385
474,30336,orientation_single_D0,0.00335,1.0000,0.9791,0.110,0.003
475,30400,orientation_single_D0,0.03406,0.9844,7.9868,0.075,0.159
476,30464,orientation_single_D0,0.01442,1.0000,3.8215,0.211,0.061
477,30528,orientation_single_D0,0.00639,1.0000,1.6454,0.085,0.003
478,30592,orientation_single_D0,0.00278,1.0000,0.5750,0.085,0.057
479,30656,orientation_single_D0,0.07320,0.9688,12.9184,0.066,0.103
480,30720,orientation_single_D0,0.00187,1.0000,0.2820,0.063,0.067
481,30784,orientation_single_D0,0.00702,1.0000,2.6521,0.085,0.222
482,30848,orientation_single_D0,0.00690,1.0000,3.2168,0.121,0.003
483,30912,orientation_single_D0,0.00933,1.0000,3.6878,0.062,0.219
484,30976,orientation_single_D0,0.00089,1.0000,0.1590,0.064,0.080
485,31040,orientation_single_D0,0.01086,1.0000,4.6458,0.121,0.259
486,31104,orientation_single_D0,0.11550,0.9688,17.9708,0.059,0.050
487,31168,orientation_single_D0,0.04597,0.9688,13.1580,0.067,0.164
488,31232,orientation_single_D0,0.00344,1.0000,1.1659,0.067,0.084
489,31296,orientation_single_D0,0.00194,1.0000,0.6069,0.068,0.212
490,31360,orientation_single_D0,0.01486,1.0000,4.3408,0.113,0.024
491,31424,orientation_single_D0,0.00706,1.0000,2.9611,0.073,0.128
492,31488,orientation_single_D0,0.00111,1.0000,0.2419,0.067,0.051
493,31552,orientation_single_D0,0.00488,1.0000,1.2256,0.105,0.155
494,31616,orientation_single_D0,0.02993,0.9844,11.8705,0.104,0.047
495,31680,orientation_single_D0,0.00649,1.0000,3.0118,0.066,0.122
496,31744,orientation_single_D0,0.02299,0.9844,6.4429,0.075,0.145
497,31808,orientation_single_D0,0.00376,1.0000,1.4025,0.066,0.140
498,31872,orientation_single_D0,0.00151,1.0000,0.4028,0.084,0.079
499,31936,orientation_single_D0,0.02534,0.9844,8.8596,0.063,0.132
500,32000,orientation_single_D0,0.03754,0.9844,8.0279,0.131,0.081
501,32064,orientation_single_D0,0.07781,0.9844,9.0650,0.073,0.171
502,32128,orientation_single_D0,0.00577,1.0000,1.6407,0.147,0.002
503,32192,orientation_single_D0,0.01149,1.0000,5.6870,0.063,0.245
504,32256,orientation_single_D0,0.00120,1.0000,0.3563,0.132,0.003
505,32320,orientation_single_D0,0.00352,1.0000,0.8015,0.065,0.225
506,32384,orientation_single_D0,0.00591,1.0000,1.8105,0.063,0.003
507,32448,orientation_single_D0,0.00329,1.0000,0.9923,0.066,0.234
508,32512,orientation_single_D0,0.01609,0.9844,8.2213,0.066,0.003
509,32576,orientation_single_D0,0.00483,1.0000,2.6320,0.066,0.246
510,32640,orientation_single_D0,0.00420,1.0000,1.3362,0.068,0.002
511,32704,orientation_single_D0,0.00181,1.0000,0.5469,0.102,0.199
512,32768,orientation_single_D0,0.00170,1.0000,0.3873,0.061,0.003
513,32832,orientation_single_D0,0.00093,1.0000,0.0804,0.111,0.185
514,32896,orientation_single_D0,0.00213,1.0000,0.5077,0.113,0.003
515,32960,orientation_single_D0,0.05038,0.9844,11.2676,0.129,0.178
516,33024,orientation_single_D0,0.00133,1.0000,0.1950,0.071,0.002
517,33088,orientation_single_D0,0.00453,1.0000,1.8879,0.120,0.239
518,33152,orientation_single_D0,0.08042,0.9688,14.1993,0.116,0.024
519,33216,orientation_single_D0,0.00085,1.0000,0.0846,0.106,0.189
520,33280,orientation_single_D0,0.00185,1.0000,0.4671,0.082,0.004
521,33344,orientation_single_D0,0.00297,1.0000,0.7969,0.120,0.178
522,33408,orientation_single_D0,0.01009,1.0000,3.9615,0.135,0.003
523,33472,orientation_single_D0,0.00099,1.0000,0.1899,0.062,0.232
524,33536,orientation_single_D0,0.00553,1.0000,2.8870,0.136,0.013
525,33600,orientation_single_D0,0.00497,1.0000,1.7370,0.066,0.203
526,33664,orientation_single_D0,0.01290,1.0000,4.6735,0.071,0.036
527,33728,orientation_single_D0,0.00060,1.0000,0.0689,0.074,0.311
528,33792,orientation_single_D0,0.02659,0.9844,6.9146,0.158,0.002
529,33856,orientation_single_D0,0.00321,1.0000,1.2804,0.057,0.184
530,33920,orientation_single_D0,0.00225,1.0000,0.4726,0.077,0.003
531,33984,orientation_single_D0,0.00143,1.0000,0.3049,0.067,0.233
532,34048,orientation_single_D0,0.00129,1.0000,0.2424,0.247,0.004
533,34112,orientation_single_D0,0.00289,1.0000,1.0940,0.083,0.055
534,34176,orientation_single_D0,0.00467,1.0000,1.1769,0.070,0.028
535,34240,orientation_single_D0,0.00981,1.0000,3.8028,0.144,0.190
536,34304,orientation_single_D0,0.00081,1.0000,0.1258,0.137,0.003
537,34368,orientation_single_D0,0.00239,1.0000,1.0108,0.104,0.148
538,34432,orientation_single_D0,0.00133,1.0000,0.2330,0.093,0.003
539,34496,orientation_single_D0,0.00639,1.0000,3.3096,0.069,0.125
540,34560,orientation_single_D0,0.00049,1.0000,0.0353,0.094,0.008
541,34624,orientation_single_D0,0.00472,1.0000,1.4503,0.115,0.179
542,34688,orientation_single_D0,0.00111,1.0000,0.2007,0.105,0.102
543,34752,orientation_single_D0,0.00086,1.0000,0.1653,0.061,0.058
544,34816,orientation_single_D0,0.00151,1.0000,0.4752,0.128,0.205
545,34880,orientation_single_D0,0.00262,1.0000,1.1924,0.071,0.065
546,34944,orientation_single_D0,0.01363,0.9844,5.5256,0.066,0.167
547,35008,orientation_single_D0,0.02462,0.9844,9.3118,0.061,0.087
548,35072,orientation_single_D0,0.00073,1.0000,0.0962,0.151,0.083
549,35136,orientation_single_D0,0.00213,1.0000,1.0044,0.091,0.083
550,35200,orientation_single_D0,0.00143,1.0000,0.6570,0.066,0.122
551,35264,orientation_single_D0,0.00202,1.0000,0.8751,0.060,0.070
552,35328,orientation_single_D0,0.00213,1.0000,1.0530,0.073,0.150
553,35392,orientation_single_D0,0.00225,1.0000,0.8856,0.171,0.088
554,35456,orientation_single_D0,0.00203,1.0000,0.5719,0.075,0.051
555,35520,orientation_single_D0,0.03476,0.9688,11.1348,0.080,0.115
556,35584,orientation_single_D0,0.00380,1.0000,1.2704,0.062,0.079
557,35648,orientation_single_D0,0.02940,0.9844,9.5799,0.144,0.207
558,35712,orientation_single_D0,0.00671,1.0000,4.0632,0.079,0.002
559,35776,orientation_single_D0,0.02770,0.9844,9.1479,0.135,0.103
560,35840,orientation_single_D0,0.04892,0.9844,11.4930,0.066,0.094
561,35904,orientation_single_D0,0.01239,0.9844,4.7540,0.089,0.087
562,35968,orientation_single_D0,0.00184,1.0000,0.5990,0.130,0.142
563,36032,orientation_single_D0,0.02476,0.9844,7.5548,0.151,0.093
564,36096,orientation_single_D0,0.00075,1.0000,0.1444,0.137,0.003
565,36160,orientation_single_D0,0.02841,0.9844,10.0166,0.064,0.135
566,36224,orientation_single_D0,0.01068,1.0000,4.6611,0.064,0.070
567,36288,orientation_single_D0,0.00085,1.0000,0.1366,0.153,0.283
568,36352,orientation_single_D0,0.00250,1.0000,0.6946,0.060,0.003
569,36416,orientation_single_D0,0.00070,1.0000,0.0865,0.164,0.232
570,36480,orientation_single_D0,0.01247,1.0000,7.0513,0.114,0.002
571,36544,orientation_single_D0,0.01058,1.0000,3.4561,0.106,0.145
572,36608,orientation_single_D0,0.02370,0.9844,9.2124,0.062,0.033
573,36672,orientation_single_D0,0.00481,1.0000,3.2056,0.067,0.159
574,36736,orientation_single_D0,0.00516,1.0000,1.4277,0.075,0.042
575,36800,orientation_single_D0,0.00872,1.0000,3.9342,0.135,0.177
576,36864,orientation_single_D0,0.00353,1.0000,1.6580,0.059,0.079
577,36928,orientation_single_D0,0.00074,1.0000,0.1661,0.062,0.105
578,36992,orientation_single_D0,0.00142,1.0000,0.3121,0.141,0.068
579,37056,orientation_single_D0,0.00108,1.0000,0.3395,0.119,0.183
580,37120,orientation_single_D0,0.00498,1.0000,1.6823,0.101,0.003
581,37184,orientation_single_D0,0.00373,1.0000,1.8706,0.063,0.076
582,37248,orientation_single_D0,0.00048,1.0000,0.0507,0.063,0.006
583,37312,orientation_single_D0,0.03866,0.9688,10.0782,0.156,0.196
584,37376,orientation_single_D0,0.00079,1.0000,0.0906,0.144,0.002
585,37440,orientation_single_D0,0.00193,1.0000,0.3386,0.066,0.120
586,37504,orientation_single_D0,0.00180,1.0000,0.4793,0.065,0.003
587,37568,orientation_single_D0,0.00308,1.0000,0.8951,0.074,0.199
588,37632,orientation_single_D0,0.00516,1.0000,2.3758,0.127,0.046
589,37696,orientation_single_D0,0.00306,1.0000,0.9305,0.111,0.185
590,37760,orientation_single_D0,0.00065,1.0000,0.1258,0.060,0.006
591,37824,orientation_single_D0,0.01984,0.9844,9.7251,0.070,0.216
592,37888,orientation_single_D0,0.00146,1.0000,0.3122,0.140,0.002
593,37952,orientation_single_D0,0.00157,1.0000,0.6383,0.131,0.259
594,38016,orientation_single_D0,0.00141,1.0000,0.6419,0.065,0.003
595,38080,orientation_single_D0,0.00194,1.0000,0.7769,0.060,0.126
596,38144,orientation_single_D0,0.05504,0.9688,15.6758,0.082,0.003
597,38208,orientation_single_D0,0.00073,1.0000,0.2165,0.123,0.235
598,38272,orientation_single_D0,0.00083,1.0000,0.1111,0.149,0.003
599,38336,orientation_single_D0,0.00103,1.0000,0.4328,0.061,0.098
600,38400,orientation_single_D0,0.00085,1.0000,0.2763,0.068,0.003
601,38464,orientation_single_D0,0.00080,1.0000,0.1443,0.064,0.038
602,38528,orientation_single_D0,0.00600,1.0000,2.3337,0.174,0.010
603,38592,orientation_single_D0,0.00719,1.0000,4.0146,0.133,0.009
604,38656,orientation_single_D0,0.05448,0.9844,9.9306,0.123,0.010
605,38720,orientation_single_D0,0.03305,0.9844,11.0501,0.123,0.011
606,38784,orientation_single_D0,0.00335,1.0000,1.4680,0.126,0.008
607,38848,orientation_single_D0,0.00091,1.0000,0.1678,0.073,0.022
608,38912,orientation_single_D0,0.00331,1.0000,2.5168,0.099,0.005
609,38976,orientation_single_D0,0.00168,1.0000,0.8686,0.104,0.009
610,39040,orientation_single_D0,0.00120,1.0000,0.7606,0.137,0.009
611,39104,orientation_single_D0,0.01683,1.0000,7.3435,0.142,0.004
612,39168,orientation_single_D0,0.00512,1.0000,3.0464,0.137,0.010
613,39232,orientation_single_D0,0.00758,1.0000,4.1542,0.105,0.008
614,39296,orientation_single_D0,0.00582,1.0000,2.9948,0.090,0.012
615,39360,orientation_single_D0,0.01152,1.0000,5.7370,0.094,0.009
616,39424,orientation_single_D0,0.00032,1.0000,0.0257,0.089,0.039
617,39488,orientation_single_D0,0.01395,0.9844,5.9092,0.164,0.003
618,39552,orientation_single_D0,0.00057,1.0000,0.1474,0.087,0.020
619,39616,orientation_single_D0,0.00232,1.0000,1.0017,0.110,0.008
620,39680,orientation_single_D0,0.01383,0.9844,6.7287,0.121,0.107
621,39744,orientation_single_D0,0.06587,0.9844,10.9011,0.139,0.002
622,39808,orientation_single_D0,0.00134,1.0000,0.5207,0.070,0.184
623,39872,orientation_single_D0,0.00942,1.0000,4.8816,0.109,0.004
624,39936,orientation_single_D0,0.00114,1.0000,0.2607,0.120,0.376
625,40000,orientation_single_D0,0.01456,0.9844,8.0063,0.118,0.002
626,40064,orientation_single_D0,0.00545,1.0000,3.0763,0.076,0.157
627,40128,orientation_single_D0,0.00326,1.0000,1.8264,0.110,0.007
628,40192,orientation_single_D0,0.00059,1.0000,0.1772,0.139,0.285
629,40256,orientation_single_D0,0.00794,1.0000,3.2587,0.111,0.003
630,40320,orientation_single_D0,0.00209,1.0000,0.8060,0.067,0.199
631,40384,orientation_single_D0,0.00051,1.0000,0.0937,0.066,0.061
632,40448,orientation_single_D0,0.00161,1.0000,0.3933,0.125,0.319
633,40512,orientation_single_D0,0.00183,1.0000,0.5893,0.105,0.004
634,40576,orientation_single_D0,0.00077,1.0000,0.1231,0.059,0.146
635,40640,orientation_single_D0,0.00050,1.0000,0.0895,0.086,0.002
636,40704,orientation_single_D0,0.02583,0.9844,7.9623,0.135,0.252
637,40768,orientation_single_D0,0.00424,1.0000,2.0941,0.129,0.003
638,40832,orientation_single_D0,0.00432,1.0000,2.5156,0.066,0.196
639,40896,orientation_single_D0,0.00129,1.0000,0.3643,0.147,0.003
640,40960,orientation_single_D0,0.04225,0.9844,13.5933,0.129,0.207
641,41024,orientation_single_D0,0.00104,1.0000,0.2776,0.174,0.003
642,41088,orientation_single_D0,0.00361,1.0000,2.1920,0.064,0.126
643,41152,orientation_single_D0,0.00091,1.0000,0.2969,0.130,0.004
644,41216,orientation_single_D0,0.06104,0.9688,19.5210,0.090,0.179
645,41280,orientation_single_D0,0.00422,1.0000,1.6122,0.159,0.006
646,41344,orientation_single_D0,0.00280,1.0000,1.0709,0.073,0.181
647,41408,orientation_single_D0,0.00089,1.0000,0.1789,0.149,0.003
648,41472,orientation_single_D0,0.00790,1.0000,4.7825,0.059,0.100
649,41536,orientation_single_D0,0.00855,1.0000,2.8932,0.136,0.095
650,41600,orientation_single_D0,0.00302,1.0000,1.0162,0.135,0.148
651,41664,orientation_single_D0,0.00050,1.0000,0.0643,0.148,0.003
652,41728,orientation_single_D0,0.01539,1.0000,7.0064,0.069,0.119
653,41792,orientation_single_D0,0.04069,0.9531,12.4491,0.126,0.061
654,41856,orientation_single_D0,0.00054,1.0000,0.0915,0.072,0.273
655,41920,orientation_single_D0,0.01716,0.9844,5.8328,0.097,0.027
656,41984,orientation_single_D0,0.01080,1.0000,5.4751,0.070,0.367
657,42048,orientation_single_D0,0.00145,1.0000,0.3766,0.111,0.058
658,42112,orientation_single_D0,0.00232,1.0000,1.1969,0.062,0.236
659,42176,orientation_single_D0,0.01330,1.0000,6.0047,0.091,0.002
660,42240,orientation_single_D0,0.00883,1.0000,3.4371,0.066,0.294
661,42304,orientation_single_D0,0.01866,0.9844,8.7186,0.060,0.044
662,42368,orientation_single_D0,0.00493,1.0000,2.9341,0.060,0.255
663,42432,orientation_single_D0,0.00258,1.0000,1.2436,0.062,0.121
664,42496,orientation_single_D0,0.00296,1.0000,1.0812,0.116,0.109
665,42560,orientation_single_D0,0.00047,1.0000,0.0740,0.064,0.079
666,42624,orientation_single_D0,0.00328,1.0000,1.3001,0.060,0.115
667,42688,orientation_single_D0,0.00204,1.0000,1.0915,0.182,0.084
668,42752,orientation_single_D0,0.00654,1.0000,3.0587,0.111,0.077
669,42816,orientation_single_D0,0.04921,0.9844,9.1416,0.173,0.020
670,42880,orientation_single_D0,0.00227,1.0000,0.6971,0.148,0.134
671,42944,orientation_single_D0,0.00140,1.0000,0.5039,0.215,0.003
672,43008,orientation_single_D0,0.00871,1.0000,4.2482,0.170,0.182
673,43072,orientation_single_D0,0.02448,0.9844,10.4451,0.138,0.003
674,43136,orientation_single_D0,0.00690,1.0000,4.9940,0.136,0.192
675,43200,orientation_single_D0,0.00370,1.0000,2.2372,0.175,0.003
676,43264,orientation_single_D0,0.00059,1.0000,0.1746,0.120,0.155
677,43328,orientation_single_D0,0.00074,1.0000,0.2879,0.096,0.002
678,43392,orientation_single_D0,0.00176,1.0000,0.9206,0.072,0.177
679,43456,orientation_single_D0,0.00680,1.0000,5.0246,0.198,0.040
680,43520,orientation_single_D0,0.00121,1.0000,0.3109,0.157,0.138
681,43584,orientation_single_D0,0.00154,1.0000,0.6511,0.126,0.012
682,43648,orientation_single_D0,0.00846,1.0000,5.0544,0.069,0.165
683,43712,orientation_single_D0,0.00078,1.0000,0.1061,0.140,0.003
684,43776,orientation_single_D0,0.03564,0.9688,11.4231,0.096,0.263
685,43840,orientation_single_D0,0.00693,1.0000,3.6328,0.139,0.003
686,43904,orientation_single_D0,0.00030,1.0000,0.0327,0.069,0.118
687,43968,orientation_single_D0,0.02462,0.9844,7.1346,0.160,0.003
688,44032,orientation_single_D0,0.00111,1.0000,0.4710,0.068,0.243
689,44096,orientation_single_D0,0.00450,1.0000,3.0015,0.122,0.021
690,44160,orientation_single_D0,0.00457,1.0000,1.9547,0.125,0.127
691,44224,orientation_single_D0,0.00132,1.0000,0.3560,0.229,0.005
692,44288,orientation_single_D0,0.00254,1.0000,0.9062,0.104,0.038
693,44352,orientation_single_D0,0.00239,1.0000,1.0379,0.117,0.061
694,44416,orientation_single_D0,0.00067,1.0000,0.0951,0.064,0.105
695,44480,orientation_single_D0,0.00043,1.0000,0.0980,0.127,0.082
696,44544,orientation_single_D0,0.00375,1.0000,1.9226,0.120,0.125
697,44608,orientation_single_D0,0.00219,1.0000,0.7429,0.109,0.003
698,44672,orientation_single_D0,0.02398,0.9844,10.1306,0.111,0.194
699,44736,orientation_single_D0,0.00031,1.0000,0.0504,0.063,0.013
700,44800,orientation_single_D0,0.00683,1.0000,4.2595,0.148,0.193
701,44864,orientation_single_D0,0.03358,0.9844,11.6968,0.160,0.011
702,44928,orientation_single_D0,0.00150,1.0000,0.6979,0.126,0.159
703,44992,orientation_single_D0,0.00297,1.0000,1.1851,0.068,0.009
704,45056,orientation_single_D0,0.00189,1.0000,0.7748,0.093,0.228
705,45120,orientation_single_D0,0.00060,1.0000,0.1023,0.094,0.012
706,45184,orientation_single_D0,0.01035,1.0000,3.6255,0.065,0.209
707,45248,orientation_single_D0,0.00038,1.0000,0.0619,0.087,0.002
708,45312,orientation_single_D0,0.00029,1.0000,0.0320,0.153,0.249
709,45376,orientation_single_D0,0.00534,1.0000,4.0102,0.071,0.003
710,45440,orientation_single_D0,0.00886,1.0000,4.7879,0.136,0.195
711,45504,orientation_single_D0,0.00063,1.0000,0.1076,0.186,0.002
712,45568,orientation_single_D0,0.00360,1.0000,2.0888,0.060,0.116
713,45632,orientation_single_D0,0.00157,1.0000,0.9266,0.119,0.003
714,45696,orientation_single_D0,0.02121,0.9844,10.3605,0.159,0.171
715,45760,orientation_single_D0,0.00065,1.0000,0.1493,0.125,0.004
716,45824,orientation_single_D0,0.00301,1.0000,1.7348,0.134,0.078
717,45888,orientation_single_D0,0.00087,1.0000,0.4416,0.093,0.005
718,45952,orientation_single_D0,0.00383,1.0000,1.8972,0.067,0.209
719,46016,orientation_single_D0,0.00024,1.0000,0.0256,0.134,0.041
720,46080,orientation_single_D0,0.00026,1.0000,0.0250,0.081,0.261
721,46144,orientation_single_D0,0.00070,1.0000,0.2088,0.097,0.002
722,46208,orientation_single_D0,0.00919,1.0000,5.6053,0.072,0.251
723,46272,orientation_single_D0,0.00087,1.0000,0.3906,0.163,0.015
724,46336,orientation_single_D0,0.00029,1.0000,0.0455,0.087,0.167
725,46400,orientation_single_D0,0.00023,1.0000,0.0424,0.213,0.006
726,46464,orientation_single_D0,0.02253,0.9688,8.6312,0.124,0.114
727,46528,orientation_single_D0,0.00033,1.0000,0.0692,0.126,0.002
728,46592,orientation_single_D0,0.00088,1.0000,0.4767,0.077,0.152
729,46656,orientation_single_D0,0.00203,1.0000,0.8986,0.219,0.038
730,46720,orientation_single_D0,0.00409,1.0000,2.0835,0.115,0.078
731,46784,orientation_single_D0,0.00627,1.0000,4.0458,0.083,0.234
732,46848,orientation_single_D0,0.00030,1.0000,0.0821,0.160,0.009
733,46912,orientation_single_D0,0.00019,1.0000,0.0226,0.106,0.135
734,46976,orientation_single_D0,0.00944,1.0000,5.1292,0.131,0.124
735,47040,orientation_single_D0,0.00336,1.0000,2.4997,0.140,0.004
736,47104,orientation_single_D0,0.00027,1.0000,0.0610,0.129,0.221
737,47168,orientation_single_D0,0.00048,1.0000,0.1143,0.093,0.003
738,47232,orientation_single_D0,0.00193,1.0000,0.9036,0.157,0.221
739,47296,orientation_single_D0,0.00133,1.0000,0.6374,0.200,0.003
740,47360,orientation_single_D0,0.00150,1.0000,0.9394,0.070,0.003
741,47424,orientation_single_D0,0.00058,1.0000,0.1200,0.074,0.048
742,47488,orientation_single_D0,0.00197,1.0000,0.8897,0.130,0.216
743,47552,orientation_single_D0,0.00065,1.0000,0.1399,0.140,0.002
744,47616,orientation_single_D0,0.00031,1.0000,0.0749,0.065,0.104
745,47680,orientation_single_D0,0.00255,1.0000,1.7222,0.061,0.141
746,47744,orientation_single_D0,0.00091,1.0000,0.4028,0.064,0.042
747,47808,orientation_single_D0,0.00109,1.0000,0.3475,0.070,0.259
748,47872,orientation_single_D0,0.00074,1.0000,0.4699,0.126,0.052
749,47936,orientation_single_D0,0.00016,1.0000,0.0132,0.078,0.190
750,48000,orientation_single_D0,0.00025,1.0000,0.0524,0.064,0.050
751,48064,orientation_single_D0,0.00041,1.0000,0.0873,0.128,0.245
752,48128,orientation_single_D0,0.00032,1.0000,0.0878,0.149,0.002
753,48192,orientation_single_D0,0.00050,1.0000,0.1586,0.065,0.205
754,48256,orientation_single_D0,0.00144,1.0000,0.8393,0.137,0.003
755,48320,orientation_single_D0,0.00332,1.0000,3.3998,0.070,0.102
756,48384,orientation_single_D0,0.00063,1.0000,0.1783,0.082,0.178
757,48448,orientation_single_D0,0.00027,1.0000,0.0649,0.112,0.198
758,48512,orientation_single_D0,0.00320,1.0000,1.4885,0.062,0.111
759,48576,orientation_single_D0,0.00090,1.0000,0.3067,0.069,0.167
760,48640,orientation_single_D0,0.00026,1.0000,0.0373,0.066,0.140
761,48704,orientation_single_D0,0.00067,1.0000,0.1920,0.136,0.123
762,48768,orientation_single_D0,0.00031,1.0000,0.0380,0.062,0.076
763,48832,orientation_single_D0,0.00035,1.0000,0.1017,0.060,0.104
764,48896,orientation_single_D0,0.01474,0.9844,11.4576,0.068,0.169
765,48960,orientation_single_D0,0.00071,1.0000,0.2475,0.120,0.153
766,49024,orientation_single_D0,0.00017,1.0000,0.0207,0.144,0.003
767,49088,orientation_single_D0,0.01109,1.0000,5.6394,0.066,0.071
768,49152,orientation_single_D0,0.00160,1.0000,0.9344,0.196,0.062
769,49216,orientation_single_D0,0.00023,1.0000,0.0376,0.102,0.258
770,49280,orientation_single_D0,0.04398,0.9844,12.3229,0.095,0.004
771,49344,orientation_single_D0,0.00036,1.0000,0.0771,0.145,0.218
772,49408,orientation_single_D0,0.00021,1.0000,0.0365,0.158,0.005
773,49472,orientation_single_D0,0.00098,1.0000,0.4314,0.126,0.091
774,49536,orientation_single_D0,0.00563,1.0000,4.0124,0.081,0.069
775,49600,orientation_single_D0,0.00217,1.0000,1.0640,0.138,0.251
776,49664,orientation_single_D0,0.00020,1.0000,0.0206,0.063,0.079
777,49728,orientation_single_D0,0.00924,1.0000,6.9020,0.058,0.020
778,49792,orientation_single_D0,0.00935,1.0000,6.5600,0.073,0.330
779,49856,orientation_single_D0,0.03291,0.9844,9.7402,0.138,0.003
780,49920,orientation_single_D0,0.00065,1.0000,0.2464,0.124,0.252
781,49984,orientation_single_D0,0.00044,1.0000,0.1226,0.134,0.002
782,50048,orientation_single_D0,0.00030,1.0000,0.0603,0.074,0.275
783,50112,orientation_single_D0,0.01284,0.9844,7.5258,0.134,0.003
784,50176,orientation_single_D0,0.00122,1.0000,0.4671,0.071,0.213
785,50240,orientation_single_D0,0.00585,1.0000,4.8527,0.091,0.013
786,50304,orientation_single_D0,0.00015,1.0000,0.0133,0.066,0.227
787,50368,orientation_single_D0,0.00035,1.0000,0.0511,0.133,0.002
788,50432,orientation_single_D0,0.01135,1.0000,6.8525,0.062,0.093
789,50496,orientation_single_D0,0.00062,1.0000,0.1929,0.113,0.105
790,50560,orientation_single_D0,0.00021,1.0000,0.0372,0.125,0.099
791,50624,orientation_single_D0,0.00052,1.0000,0.1087,0.067,0.032
792,50688,orientation_single_D0,0.00147,1.0000,0.6085,0.090,0.198
793,50752,orientation_single_D0,0.00034,1.0000,0.0882,0.061,0.115
794,50816,orientation_single_D0,0.00191,1.0000,1.0024,0.061,0.201
795,50880,orientation_single_D0,0.01501,0.9844,8.5928,0.120,0.107
796,50944,orientation_single_D0,0.00294,1.0000,1.8129,0.132,0.198
797,51008,orientation_single_D0,0.00109,1.0000,0.5004,0.146,0.002
798,51072,orientation_single_D0,0.00488,1.0000,3.8163,0.065,0.084
799,51136,orientation_single_D0,0.01058,1.0000,4.1172,0.114,0.060
800,51200,orientation_single_D0,0.00020,1.0000,0.0226,0.141,0.250
801,51264,orientation_single_D0,0.00759,1.0000,4.5203,0.212,0.041
802,51328,orientation_single_D0,0.00025,1.0000,0.0488,0.145,0.011
803,51392,orientation_single_D0,0.00124,1.0000,0.6356,0.158,0.017
804,51456,orientation_single_D0,0.00078,1.0000,0.4792,0.145,0.014
805,51520,orientation_single_D0,0.00060,1.0000,0.1966,0.074,0.023
806,51584,orientation_single_D0,0.00091,1.0000,0.4214,0.202,0.010
807,51648,orientation_single_D0,0.00028,1.0000,0.0531,0.197,0.014
808,51712,orientation_single_D0,0.02867,0.9844,13.5435,0.159,0.015
809,51776,orientation_single_D0,0.00033,1.0000,0.0796,0.169,0.012
810,51840,orientation_single_D0,0.00034,1.0000,0.1561,0.106,0.010
811,51904,orientation_single_D0,0.00055,1.0000,0.1572,0.102,0.028
812,51968,orientation_single_D0,0.00113,1.0000,0.6287,0.167,0.008
813,52032,orientation_single_D0,0.00046,1.0000,0.1223,0.135,0.009
814,52096,orientation_single_D0,0.00070,1.0000,0.2944,0.127,0.009
815,52160,orientation_single_D0,0.00492,1.0000,3.7107,0.094,0.018
816,52224,orientation_single_D0,0.00094,1.0000,0.2979,0.073,0.009
817,52288,orientation_single_D0,0.04680,0.9844,13.4952,0.147,0.003
818,52352,orientation_single_D0,0.00078,1.0000,0.2956,0.147,0.003
819,52416,orientation_single_D0,0.00188,1.0000,1.5703,0.071,0.005
820,52480,orientation_single_D0,0.00089,1.0000,0.5101,0.064,0.176
821,52544,orientation_single_D0,0.00126,1.0000,0.7479,0.061,0.010
822,52608,orientation_single_D0,0.00019,1.0000,0.0160,0.060,0.171
823,52672,orientation_single_D0,0.00886,1.0000,6.5956,0.113,0.038
824,52736,orientation_single_D0,0.00174,1.0000,0.8275,0.139,0.200
825,52800,orientation_single_D0,0.00081,1.0000,0.2135,0.124,0.003
826,52864,orientation_single_D0,0.00030,1.0000,0.0657,0.072,0.117
827,52928,orientation_single_D0,0.00115,1.0000,0.8132,0.107,0.007
828,52992,orientation_single_D0,0.00083,1.0000,0.2546,0.130,0.510
829,53056,orientation_single_D0,0.00016,1.0000,0.0122,0.121,0.003
830,53120,orientation_single_D0,0.00124,1.0000,0.4170,0.067,0.237
831,53184,orientation_single_D0,0.00044,1.0000,0.1157,0.058,0.031
832,53248,orientation_single_D0,0.00043,1.0000,0.1425,0.138,0.238
833,53312,orientation_single_D0,0.00017,1.0000,0.0355,0.105,0.056
834,53376,orientation_single_D0,0.00174,1.0000,1.1615,0.067,0.037
835,53440,orientation_single_D0,0.00096,1.0000,0.4793,0.145,0.254
836,53504,orientation_single_D0,0.00060,1.0000,0.1332,0.125,0.014
837,53568,orientation_single_D0,0.00159,1.0000,0.7963,0.110,0.188
838,53632,orientation_single_D0,0.00665,1.0000,4.1236,0.063,0.043
839,53696,orientation_single_D0,0.04225,0.9688,16.3619,0.077,0.277
840,53760,orientation_single_D0,0.00168,1.0000,1.2299,0.090,0.036
841,53824,orientation_single_D0,0.03999,0.9844,15.5919,0.062,0.244
842,53888,orientation_single_D0,0.02650,0.9844,12.2013,0.076,0.003
843,53952,orientation_single_D0,0.00039,1.0000,0.0980,0.118,0.170
844,54016,orientation_single_D0,0.00031,1.0000,0.0513,0.162,0.120
845,54080,orientation_single_D0,0.00054,1.0000,0.1772,0.095,0.004
846,54144,orientation_single_D0,0.00033,1.0000,0.0912,0.063,0.179
847,54208,orientation_single_D0,0.00159,1.0000,1.2270,0.123,0.061
848,54272,orientation_single_D0,0.00086,1.0000,0.3518,0.077,0.215
849,54336,orientation_single_D0,0.05335,0.9844,12.7673,0.083,0.035
850,54400,orientation_single_D0,0.03236,0.9844,15.9294,0.069,0.178
851,54464,orientation_single_D0,0.00433,1.0000,2.4420,0.096,0.027
852,54528,orientation_single_D0,0.00548,1.0000,3.3443,0.068,0.201
853,54592,orientation_single_D0,0.00485,1.0000,2.8791,0.113,0.087
854,54656,orientation_single_D0,0.00126,1.0000,0.6057,0.081,0.027
855,54720,orientation_single_D0,0.05004,0.9844,11.6350,0.068,0.168
856,54784,orientation_single_D0,0.00054,1.0000,0.2141,0.211,0.087
857,54848,orientation_single_D0,0.01619,0.9844,7.9886,0.122,0.036
858,54912,orientation_single_D0,0.00083,1.0000,0.3397,0.057,0.175
859,54976,orientation_single_D0,0.00026,1.0000,0.0588,0.064,0.179
860,55040,orientation_single_D0,0.00054,1.0000,0.1864,0.065,0.030
861,55104,orientation_single_D0,0.00091,1.0000,0.3239,0.139,0.306
862,55168,orientation_single_D0,0.00112,1.0000,0.5679,0.153,0.003
863,55232,orientation_single_D0,0.00453,1.0000,2.9536,0.066,0.250
864,55296,orientation_single_D0,0.01541,0.9844,9.0774,0.156,0.003
865,55360,orientation_single_D0,0.00019,1.0000,0.0348,0.122,0.224
866,55424,orientation_single_D0,0.00032,1.0000,0.0597,0.088,0.002
867,55488,orientation_single_D0,0.01047,1.0000,5.2548,0.083,0.294
868,55552,orientation_single_D0,0.01359,0.9844,7.8749,0.072,0.002
869,55616,orientation_single_D0,0.01334,1.0000,5.6209,0.091,0.223
870,55680,orientation_single_D0,0.00779,1.0000,4.9938,0.181,0.003
871,55744,orientation_single_D0,0.00098,1.0000,0.3698,0.285,0.174
872,55808,orientation_single_D0,0.00093,1.0000,0.5040,0.097,0.003
873,55872,orientation_single_D0,0.00056,1.0000,0.2193,0.115,0.117
874,55936,orientation_single_D0,0.00025,1.0000,0.0391,0.115,0.003
875,56000,orientation_single_D0,0.02522,0.9844,13.1393,0.067,0.309
876,56064,orientation_single_D0,0.00045,1.0000,0.1206,0.096,0.003
877,56128,orientation_single_D0,0.05723,0.9688,20.5529,0.065,0.140
878,56192,orientation_single_D0,0.01104,1.0000,6.8727,0.110,0.016
879,56256,orientation_single_D0,0.00405,1.0000,2.9722,0.260,0.251
880,56320,orientation_single_D0,0.00217,1.0000,1.2405,0.147,0.003
881,56384,orientation_single_D0,0.00620,1.0000,3.3740,0.073,0.055
882,56448,orientation_single_D0,0.19146,0.9062,38.2907,0.229,0.091
883,56512,orientation_single_D0,0.01940,1.0000,10.7173,0.134,0.003
884,56576,orientation_single_D0,0.00364,1.0000,1.9227,0.058,0.081
885,56640,orientation_single_D0,0.02895,0.9844,8.0416,0.060,0.082
886,56704,orientation_single_D0,0.20327,0.9375,31.1377,0.075,0.205
887,56768,orientation_single_D0,0.00130,1.0000,0.4379,0.207,0.084
888,56832,orientation_single_D0,0.01452,1.0000,7.7706,0.200,0.005
889,56896,orientation_single_D0,0.00399,1.0000,2.1786,0.154,0.006
890,56960,orientation_single_D0,0.00433,1.0000,2.0308,0.115,0.030
891,57024,orientation_single_D0,0.00217,1.0000,1.2988,0.119,0.081
892,57088,orientation_single_D0,0.02867,0.9844,11.8455,0.111,0.062
893,57152,orientation_single_D0,0.01445,1.0000,8.5933,0.069,0.059
894,57216,orientation_single_D0,0.00043,1.0000,0.1854,0.206,0.162
895,57280,orientation_single_D0,0.00069,1.0000,0.1860,0.157,0.002
896,57344,orientation_single_D0,0.02396,0.9844,13.3953,0.077,0.060
897,57408,orientation_single_D0,0.00057,1.0000,0.1321,0.155,0.041
898,57472,orientation_single_D0,0.00107,1.0000,0.5841,0.128,0.060
899,57536,orientation_single_D0,0.00086,1.0000,0.2709,0.061,0.018
900,57600,orientation_single_D0,0.00454,1.0000,1.7414,0.107,0.189
901,57664,orientation_single_D0,0.00265,1.0000,1.3808,0.170,0.044
902,57728,orientation_single_D0,0.01692,1.0000,8.9008,0.147,0.115
903,57792,orientation_single_D0,0.00042,1.0000,0.0525,0.136,0.003
904,57856,orientation_single_D0,0.00193,1.0000,1.0462,0.073,0.059
905,57920,orientation_single_D0,0.01905,0.9844,8.0928,0.179,0.158
906,57984,orientation_single_D0,0.00372,1.0000,1.3042,0.062,0.046
907,58048,orientation_single_D0,0.00213,1.0000,1.0522,0.070,0.035
908,58112,orientation_single_D0,0.00905,1.0000,5.1897,0.092,0.158
909,58176,orientation_single_D0,0.01483,0.9844,7.3783,0.109,0.018
910,58240,orientation_single_D0,0.01459,0.9844,7.8509,0.243,0.203
911,58304,orientation_single_D0,0.01478,0.9844,6.6300,0.157,0.003
912,58368,orientation_single_D0,0.07801,0.9844,7.2855,0.118,0.076
913,58432,orientation_single_D0,0.05306,0.9844,13.6671,0.085,0.003
914,58496,orientation_single_D0,0.00199,1.0000,0.6917,0.062,0.167
915,58560,orientation_single_D0,0.00043,1.0000,0.1194,0.112,0.057
916,58624,orientation_single_D0,0.00061,1.0000,0.2070,0.220,0.128
917,58688,orientation_single_D0,0.00049,1.0000,0.1789,0.293,0.003
918,58752,orientation_single_D0,0.00046,1.0000,0.0806,0.074,0.009
919,58816,orientation_single_D0,0.00030,1.0000,0.0391,0.143,0.003
920,58880,orientation_single_D0,0.00170,1.0000,1.4052,0.147,0.163
921,58944,orientation_single_D0,0.00037,1.0000,0.0775,0.122,0.003
922,59008,orientation_single_D0,0.00148,1.0000,0.8572,0.066,0.190
923,59072,orientation_single_D0,0.00027,1.0000,0.0525,0.075,0.003
924,59136,orientation_single_D0,0.00056,1.0000,0.2263,0.068,0.247
925,59200,orientation_single_D0,0.01811,0.9844,7.5350,0.153,0.010
926,59264,orientation_single_D0,0.00036,1.0000,0.1068,0.068,0.295
927,59328,orientation_single_D0,0.00096,1.0000,0.2232,0.125,0.018
928,59392,orientation_single_D0,0.00050,1.0000,0.1761,0.087,0.248
929,59456,orientation_single_D0,0.00089,1.0000,0.2448,0.061,0.113
930,59520,orientation_single_D0,0.00016,1.0000,0.0154,0.063,0.220
931,59584,orientation_single_D0,0.00488,1.0000,2.8364,0.069,0.178
932,59648,orientation_single_D0,0.00037,1.0000,0.1280,0.190,0.195
933,59712,orientation_single_D0,0.00052,1.0000,0.1543,0.062,0.044
934,59776,orientation_single_D0,0.00076,1.0000,0.2902,0.073,0.213
935,59840,orientation_single_D0,0.01032,1.0000,5.7892,0.121,0.112
936,59904,orientation_single_D0,0.00021,1.0000,0.0181,0.059,0.083
937,59968,orientation_single_D0,0.00043,1.0000,0.1277,0.058,0.119
938,60032,orientation_single_D0,0.01476,0.9844,10.4842,0.081,0.058
939,60096,orientation_single_D0,0.00023,1.0000,0.0330,0.096,0.151
940,60160,orientation_single_D0,0.00342,1.0000,2.3685,0.145,0.002
941,60224,orientation_single_D0,0.00187,1.0000,1.0046,0.064,0.071
942,60288,orientation_single_D0,0.00107,1.0000,0.3673,0.067,0.002
943,60352,orientation_single_D0,0.01430,0.9844,7.1371,0.154,0.183
944,60416,orientation_single_D0,0.00033,1.0000,0.0607,0.127,0.003
945,60480,orientation_single_D0,0.00035,1.0000,0.1045,0.131,0.063
946,60544,orientation_single_D0,0.00111,1.0000,0.5645,0.147,0.003
947,60608,orientation_single_D0,0.00030,1.0000,0.0906,0.309,0.254
948,60672,orientation_single_D0,0.00332,1.0000,2.0451,0.147,0.003
949,60736,orientation_single_D0,0.00017,1.0000,0.0138,0.105,0.043
950,60800,orientation_single_D0,0.01758,0.9844,8.4057,0.163,0.003
951,60864,orientation_single_D0,0.00022,1.0000,0.0210,0.147,0.140
952,60928,orientation_single_D0,0.00054,1.0000,0.1803,0.090,0.013
953,60992,orientation_single_D0,0.00375,1.0000,1.9662,0.153,0.179
954,61056,orientation_single_D0,0.00109,1.0000,0.4652,0.369,0.004
955,61120,orientation_single_D0,0.00065,1.0000,0.1890,0.217,0.009
956,61184,orientation_single_D0,0.00350,1.0000,1.6821,0.172,0.002
957,61248,orientation_single_D0,0.00029,1.0000,0.0613,0.084,0.046
958,61312,orientation_single_D0,0.01217,0.9844,6.0387,0.150,0.005
959,61376,orientation_single_D0,0.00049,1.0000,0.2466,0.120,0.142
960,61440,orientation_single_D0,0.00021,1.0000,0.0232,0.076,0.003
961,61504,orientation_single_D0,0.00063,1.0000,0.1796,0.130,0.168
962,61568,orientation_single_D0,0.00039,1.0000,0.1818,0.298,0.008
963,61632,orientation_single_D0,0.00042,1.0000,0.0671,0.268,0.004
964,61696,orientation_single_D0,0.00042,1.0000,0.1108,0.081,0.003
965,61760,orientation_single_D0,0.00030,1.0000,0.0369,0.083,0.034
966,61824,orientation_single_D0,0.00088,1.0000,0.2320,0.130,0.056
967,61888,orientation_single_D0,0.00447,1.0000,2.4771,0.111,0.211
968,61952,orientation_single_D0,0.00176,1.0000,0.7569,0.065,0.003
969,62016,orientation_single_D0,0.00035,1.0000,0.0961,0.132,0.171
970,62080,orientation_single_D0,0.00042,1.0000,0.1291,0.262,0.006
971,62144,orientation_single_D0,0.00057,1.0000,0.1817,0.268,0.011
972,62208,orientation_single_D0,0.00040,1.0000,0.0795,0.124,0.012
973,62272,orientation_single_D0,0.00121,1.0000,0.5291,0.083,0.043
974,62336,orientation_single_D0,0.00285,1.0000,1.8187,0.175,0.004
975,62400,orientation_single_D0,0.00014,1.0000,0.0106,0.094,0.002
976,62464,orientation_single_D0,0.00066,1.0000,0.2250,0.134,0.003
977,62528,orientation_single_D0,0.00647,1.0000,3.5635,0.087,0.142
978,62592,orientation_single_D0,0.00053,1.0000,0.2067,0.084,0.035
979,62656,orientation_single_D0,0.00042,1.0000,0.1515,0.117,0.165
980,62720,orientation_single_D0,0.05256,0.9844,14.9683,0.176,0.044
981,62784,orientation_single_D0,0.00033,1.0000,0.0891,0.176,0.110
982,62848,orientation_single_D0,0.00028,1.0000,0.0390,0.078,0.003
983,62912,orientation_single_D0,0.00459,1.0000,2.1985,0.191,0.099
984,62976,orientation_single_D0,0.03187,0.9844,8.7763,0.184,0.003
985,63040,orientation_single_D0,0.00015,1.0000,0.0145,0.064,0.062
986,63104,orientation_single_D0,0.00474,1.0000,3.7725,0.071,0.009
987,63168,orientation_single_D0,0.00017,1.0000,0.0164,0.097,0.210
988,63232,orientation_single_D0,0.00022,1.0000,0.0287,0.242,0.004
989,63296,orientation_single_D0,0.00017,1.0000,0.0240,0.218,0.043
990,63360,orientation_single_D0,0.00066,1.0000,0.2643,0.140,0.002
991,63424,orientation_single_D0,0.01840,0.9844,10.6441,0.109,0.004
992,63488,orientation_single_D0,0.00027,1.0000,0.0939,0.197,0.071
993,63552,orientation_single_D0,0.00091,1.0000,0.3368,0.147,0.003
994,63616,orientation_single_D0,0.00027,1.0000,0.0612,0.124,0.007
995,63680,orientation_single_D0,0.00021,1.0000,0.0310,0.065,0.235
996,63744,orientation_single_D0,0.00347,1.0000,2.1338,0.079,0.107
997,63808,orientation_single_D0,0.03987,0.9844,13.3009,0.120,0.145
998,63872,orientation_single_D0,0.00023,1.0000,0.0510,0.087,0.043
999,63936,orientation_single_D0,0.00255,1.0000,1.0019,0.145,0.209
1000,64000,orientation_single_D0,0.00267,1.0000,1.6950,0.118,0.002
1001,64064,orientation_single_D0,0.00051,1.0000,0.1373,0.121,0.065
1002,64128,orientation_single_D0,0.01087,1.0000,7.2407,0.073,0.029
1003,64192,orientation_single_D0,0.00176,1.0000,1.1094,0.097,0.008
1004,64256,orientation_single_D0,0.00195,1.0000,0.9379,0.176,0.011
1005,64320,orientation_single_D0,0.00202,1.0000,1.4165,0.115,0.007
1006,64384,orientation_single_D0,0.00048,1.0000,0.1979,0.138,0.044
1007,64448,orientation_single_D0,0.00012,1.0000,0.0084,0.222,0.011
1008,64512,orientation_single_D0,0.01274,1.0000,6.8205,0.087,0.009
1009,64576,orientation_single_D0,0.00426,1.0000,2.8946,0.198,0.049
1010,64640,orientation_single_D0,0.00887,1.0000,6.3074,0.143,0.008
1011,64704,orientation_single_D0,0.00026,1.0000,0.0387,0.133,0.009
1012,64768,orientation_single_D0,0.00031,1.0000,0.0789,0.183,0.009
1013,64832,orientation_single_D0,0.00051,1.0000,0.1369,0.134,0.009
1014,64896,orientation_single_D0,0.02514,0.9844,9.0113,0.159,0.010
1015,64960,orientation_single_D0,0.00060,1.0000,0.2354,0.098,0.009
1016,65024,orientation_single_D0,0.00013,1.0000,0.0083,0.133,0.007
1017,65088,orientation_single_D0,0.00145,1.0000,0.9836,0.123,0.011
1018,65152,orientation_single_D0,0.00276,1.0000,1.6844,0.124,0.010
1019,65216,orientation_single_D0,0.00019,1.0000,0.0261,0.195,0.004
1020,65280,orientation_single_D0,0.00050,1.0000,0.2797,0.153,0.010
1021,65344,orientation_single_D0,0.00040,1.0000,0.1277,0.091,0.008
1022,65408,orientation_single_D0,0.00025,1.0000,0.0351,0.076,0.021
1023,65472,orientation_single_D0,0.00055,1.0000,0.1986,0.189,0.010
1024,65536,orientation_single_D0,0.00099,1.0000,0.4509,0.101,0.009
1025,65600,orientation_single_D0,0.00051,1.0000,0.1386,0.165,0.010
1026,65664,orientation_single_D0,0.00048,1.0000,0.1972,0.163,0.002
1027,65728,orientation_single_D0,0.00042,1.0000,0.1135,0.104,0.009
1028,65792,orientation_single_D0,0.00059,1.0000,0.3225,0.086,0.024
1029,65856,orientation_single_D0,0.00046,1.0000,0.2170,0.087,0.003
1030,65920,orientation_single_D0,0.00124,1.0000,0.6293,0.122,0.081
1031,65984,orientation_single_D0,0.01060,1.0000,6.5411,0.125,0.186
1032,66048,orientation_single_D0,0.00384,1.0000,1.9765,0.063,0.056
1033,66112,orientation_single_D0,0.00181,1.0000,1.0626,0.068,0.132
1034,66176,orientation_single_D0,0.00092,1.0000,0.3318,0.156,0.145
1035,66240,orientation_single_D0,0.00079,1.0000,0.5100,0.137,0.003
1036,66304,orientation_single_D0,0.00056,1.0000,0.2090,0.099,0.014
1037,66368,orientation_single_D0,0.02919,0.9844,15.4704,0.113,0.144
1038,66432,orientation_single_D0,0.00025,1.0000,0.0347,0.070,0.072
1039,66496,orientation_single_D0,0.00023,1.0000,0.0424,0.131,0.212
1040,66560,orientation_single_D0,0.00036,1.0000,0.0900,0.153,0.003
1041,66624,orientation_single_D0,0.00617,1.0000,4.4460,0.107,0.037
1042,66688,orientation_single_D0,0.00021,1.0000,0.0323,0.088,0.002
1043,66752,orientation_single_D0,0.00048,1.0000,0.1375,0.129,0.188
1044,66816,orientation_single_D0,0.00211,1.0000,1.3630,0.181,0.003
1045,66880,orientation_single_D0,0.00070,1.0000,0.2735,0.127,0.003
1046,66944,orientation_single_D0,0.00596,1.0000,4.6379,0.069,0.059
1047,67008,orientation_single_D0,0.00955,1.0000,6.5821,0.144,0.166
1048,67072,orientation_single_D0,0.00024,1.0000,0.0402,0.153,0.054
1049,67136,orientation_single_D0,0.00146,1.0000,0.5266,0.096,0.017
1050,67200,orientation_single_D0,0.00010,1.0000,0.0107,0.119,0.107
1051,67264,orientation_single_D0,0.00035,1.0000,0.0969,0.129,0.010
1052,67328,orientation_single_D0,0.00032,1.0000,0.0894,0.143,0.238
1053,67392,orientation_single_D0,0.00029,1.0000,0.1232,0.085,0.003
1054,67456,orientation_single_D0,0.00761,1.0000,3.4598,0.074,0.167
1055,67520,orientation_single_D0,0.00133,1.0000,0.6110,0.154,0.002
1056,67584,orientation_single_D0,0.00098,1.0000,0.3838,0.112,0.157
1057,67648,orientation_single_D0,0.00208,1.0000,0.7979,0.088,0.003
1058,67712,orientation_single_D0,0.00117,1.0000,0.6621,0.118,0.192
1059,67776,orientation_single_D0,0.00028,1.0000,0.0712,0.098,0.054
1060,67840,orientation_single_D0,0.00102,1.0000,0.9463,0.109,0.156
1061,67904,orientation_single_D0,0.00019,1.0000,0.0352,0.156,0.106
1062,67968,orientation_single_D0,0.00022,1.0000,0.0423,0.120,0.004
1063,68032,orientation_single_D0,0.00026,1.0000,0.0759,0.134,0.077
1064,68096,orientation_single_D0,0.12403,0.9844,6.1681,0.105,0.060
1065,68160,orientation_single_D0,0.00437,1.0000,2.5103,0.165,0.149
1066,68224,orientation_single_D0,0.00011,1.0000,0.0076,0.107,0.083
1067,68288,orientation_single_D0,0.00017,1.0000,0.0277,0.081,0.080
1068,68352,orientation_single_D0,0.00880,1.0000,5.3834,0.123,0.071
1069,68416,orientation_single_D0,0.00046,1.0000,0.1301,0.081,0.023
1070,68480,orientation_single_D0,0.00437,1.0000,3.1945,0.106,0.159
1071,68544,orientation_single_D0,0.00036,1.0000,0.1349,0.106,0.080
1072,68608,orientation_single_D0,0.00070,1.0000,0.3292,0.064,0.210
1073,68672,orientation_single_D0,0.00017,1.0000,0.0202,0.068,0.003
1074,68736,orientation_single_D0,0.00012,1.0000,0.0111,0.121,0.232
1075,68800,orientation_single_D0,0.00054,1.0000,0.1377,0.078,0.002
1076,68864,orientation_single_D0,0.00022,1.0000,0.0529,0.072,0.243
1077,68928,orientation_single_D0,0.00050,1.0000,0.2444,0.211,0.004
1078,68992,orientation_single_D0,0.00099,1.0000,0.4311,0.069,0.080
1079,69056,orientation_single_D0,0.00037,1.0000,0.1011,0.112,0.137
1080,69120,orientation_single_D0,0.00014,1.0000,0.0212,0.115,0.133
1081,69184,orientation_single_D0,0.00343,1.0000,3.0141,0.060,0.151
1082,69248,orientation_single_D0,0.00020,1.0000,0.0346,0.059,0.120
1083,69312,orientation_single_D0,0.00018,1.0000,0.0195,0.067,0.166
1084,69376,orientation_single_D0,0.00083,1.0000,0.2807,0.117,0.076
1085,69440,orientation_single_D0,0.00015,1.0000,0.0201,0.157,0.136
1086,69504,orientation_single_D0,0.00034,1.0000,0.1243,0.194,0.002
1087,69568,orientation_single_D0,0.00025,1.0000,0.0275,0.066,0.005
1088,69632,orientation_single_D0,0.00052,1.0000,0.2790,0.087,0.072
1089,69696,orientation_single_D0,0.00096,1.0000,0.7573,0.136,0.182
1090,69760,orientation_single_D0,0.00018,1.0000,0.0321,0.212,0.052
1091,69824,orientation_single_D0,0.01213,0.9844,9.2419,0.143,0.003
1092,69888,orientation_single_D0,0.00038,1.0000,0.1783,0.099,0.060
1093,69952,orientation_single_D0,0.00026,1.0000,0.0569,0.062,0.072
1094,70016,orientation_single_D0,0.00017,1.0000,0.0372,0.153,0.214
1095,70080,orientation_single_D0,0.00092,1.0000,0.5358,0.139,0.087
1096,70144,orientation_single_D0,0.00009,1.0000,0.0073,0.068,0.089
1097,70208,orientation_single_D0,0.00044,1.0000,0.1872,0.090,0.022
1098,70272,orientation_single_D0,0.00168,1.0000,0.7350,0.108,0.143
1099,70336,orientation_single_D0,0.00011,1.0000,0.0080,0.145,0.065
1100,70400,orientation_single_D0,0.00026,1.0000,0.0552,0.070,0.154
1101,70464,orientation_single_D0,0.00047,1.0000,0.1039,0.068,0.098
1102,70528,orientation_single_D0,0.00799,1.0000,4.6060,0.144,0.164
1103,70592,orientation_single_D0,0.00151,1.0000,0.8954,0.126,0.093
1104,70656,orientation_single_D0,0.00022,1.0000,0.0630,0.069,0.137
1105,70720,orientation_single_D0,0.00062,1.0000,0.1670,0.110,0.075
1106,70784,orientation_single_D0,0.00011,1.0000,0.0126,0.073,0.152
1107,70848,orientation_single_D0,0.00017,1.0000,0.0562,0.122,0.076
1108,70912,orientation_single_D0,0.00125,1.0000,0.4388,0.072,0.038
1109,70976,orientation_single_D0,0.00082,1.0000,0.3220,0.064,0.104
1110,71040,orientation_single_D0,0.00237,1.0000,1.5578,0.063,0.102
1111,71104,orientation_single_D0,0.00019,1.0000,0.0803,0.122,0.113
1112,71168,orientation_single_D0,0.00012,1.0000,0.0092,0.135,0.055
1113,71232,orientation_single_D0,0.00012,1.0000,0.0209,0.061,0.208
1114,71296,orientation_single_D0,0.00042,1.0000,0.2330,0.076,0.004
1115,71360,orientation_single_D0,0.00013,1.0000,0.0133,0.087,0.313
1116,71424,orientation_single_D0,0.00040,1.0000,0.2012,0.118,0.002
1117,71488,orientation_single_D0,0.00060,1.0000,0.2694,0.088,0.190
1118,71552,orientation_single_D0,0.00104,1.0000,0.5817,0.178,0.003
1119,71616,orientation_single_D0,0.02558,0.9844,10.0222,0.117,0.039
1120,71680,orientation_single_D0,0.00010,1.0000,0.0102,0.098,0.004
1121,71744,orientation_single_D0,0.00029,1.0000,0.0479,0.072,0.134
1122,71808,orientation_single_D0,0.00043,1.0000,0.2200,0.177,0.064
1123,71872,orientation_single_D0,0.00011,1.0000,0.0111,0.141,0.135
1124,71936,orientation_single_D0,0.00015,1.0000,0.0276,0.104,0.070
1125,72000,orientation_single_D0,0.00015,1.0000,0.0381,0.062,0.049
1126,72064,orientation_single_D0,0.00105,1.0000,0.5309,0.124,0.144
1127,72128,orientation_single_D0,0.00045,1.0000,0.2456,0.120,0.094
1128,72192,orientation_single_D0,0.00027,1.0000,0.1337,0.062,0.118
1129,72256,orientation_single_D0,0.00024,1.0000,0.0487,0.159,0.062
1130,72320,orientation_single_D0,0.00042,1.0000,0.1813,0.146,0.193
1131,72384,orientation_single_D0,0.00028,1.0000,0.1002,0.134,0.002
1132,72448,orientation_single_D0,0.00050,1.0000,0.2746,0.110,0.134
1133,72512,orientation_single_D0,0.00255,1.0000,2.0501,0.135,0.003
1134,72576,orientation_single_D0,0.00078,1.0000,0.4117,0.063,0.183
1135,72640,orientation_single_D0,0.05430,0.9844,13.8452,0.071,0.002
1136,72704,orientation_single_D0,0.00023,1.0000,0.1056,0.078,0.183
1137,72768,orientation_single_D0,0.00020,1.0000,0.0590,0.161,0.014
1138,72832,orientation_single_D0,0.00112,1.0000,0.5490,0.065,0.194
1139,72896,orientation_single_D0,0.00008,1.0000,0.0041,0.118,0.050
1140,72960,orientation_single_D0,0.00028,1.0000,0.1364,0.091,0.095
1141,73024,orientation_single_D0,0.00052,1.0000,0.2417,0.064,0.211
1142,73088,orientation_single_D0,0.00006,1.0000,0.0024,0.056,0.166
1143,73152,orientation_single_D0,0.01365,0.9844,7.2287,0.059,0.156
1144,73216,orientation_single_D0,0.00495,1.0000,3.7617,0.142,0.183
1145,73280,orientation_single_D0,0.00309,1.0000,1.8259,0.070,0.087
1146,73344,orientation_single_D0,0.00013,1.0000,0.0215,0.096,0.030
1147,73408,orientation_single_D0,0.00014,1.0000,0.0084,0.108,0.297
1148,73472,orientation_single_D0,0.00070,1.0000,0.3812,0.099,0.004
1149,73536,orientation_single_D0,0.00015,1.0000,0.0188,0.112,0.222
1150,73600,orientation_single_D0,0.00008,1.0000,0.0058,0.138,0.059
1151,73664,orientation_single_D0,0.04523,0.9844,12.0590,0.122,0.133
1152,73728,orientation_single_D0,0.02282,0.9844,11.0036,0.136,0.018
1153,73792,orientation_single_D0,0.00592,1.0000,3.4142,0.128,0.182
1154,73856,orientation_single_D0,0.00013,1.0000,0.0201,0.156,0.003
1155,73920,orientation_single_D0,0.00201,1.0000,1.2548,0.142,0.175
1156,73984,orientation_single_D0,0.01344,0.9844,7.0764,0.147,0.001
1157,74048,orientation_single_D0,0.00489,1.0000,2.2104,0.120,0.037
1158,74112,orientation_single_D0,0.00017,1.0000,0.0290,0.065,0.186
1159,74176,orientation_single_D0,0.00012,1.0000,0.0108,0.153,0.003
1160,74240,orientation_single_D0,0.00023,1.0000,0.0403,0.139,0.099
1161,74304,orientation_single_D0,0.00054,1.0000,0.1607,0.067,0.002
1162,74368,orientation_single_D0,0.00015,1.0000,0.0215,0.068,0.272
1163,74432,orientation_single_D0,0.00278,1.0000,1.9506,0.132,0.033
1164,74496,orientation_single_D0,0.04983,0.9844,10.3544,0.124,0.210
1165,74560,orientation_single_D0,0.00015,1.0000,0.0221,0.072,0.003
1166,74624,orientation_single_D0,0.00056,1.0000,0.1965,0.115,0.221
1167,74688,orientation_single_D0,0.03773,0.9844,9.2594,0.143,0.003
1168,74752,orientation_single_D0,0.00045,1.0000,0.0826,0.068,0.155
1169,74816,orientation_single_D0,0.00311,1.0000,1.4271,0.122,0.003
1170,74880,orientation_single_D0,0.00029,1.0000,0.0951,0.076,0.197
1171,74944,orientation_single_D0,0.00044,1.0000,0.1698,0.194,0.003
1172,75008,orientation_single_D0,0.00613,1.0000,3.0306,0.076,0.147
1173,75072,orientation_single_D0,0.02844,0.9844,12.6210,0.208,0.012
1174,75136,orientation_single_D0,0.00085,1.0000,0.4366,0.259,0.191
1175,75200,orientation_single_D0,0.00125,1.0000,0.8941,0.216,0.003
1176,75264,orientation_single_D0,0.00100,1.0000,0.3924,0.282,0.008
1177,75328,orientation_single_D0,0.00165,1.0000,0.7989,0.225,0.003
1178,75392,orientation_single_D0,0.00176,1.0000,0.9391,0.080,0.040
1179,75456,orientation_single_D0,0.01746,0.9844,7.4281,0.067,0.003
1180,75520,orientation_single_D0,0.00039,1.0000,0.2027,0.067,0.034
1181,75584,orientation_single_D0,0.00169,1.0000,1.0648,0.125,0.004
1182,75648,orientation_single_D0,0.00063,1.0000,0.2237,0.210,0.218
1183,75712,orientation_single_D0,0.00050,1.0000,0.1640,0.146,0.003
1184,75776,orientation_single_D0,0.00012,1.0000,0.0165,0.143,0.135
1185,75840,orientation_single_D0,0.00015,1.0000,0.0241,0.118,0.007
1186,75904,orientation_single_D0,0.00457,1.0000,4.0620,0.133,0.191
1187,75968,orientation_single_D0,0.00020,1.0000,0.0388,0.157,0.004
1188,76032,orientation_single_D0,0.01005,1.0000,5.8638,0.071,0.056
1189,76096,orientation_single_D0,0.00058,1.0000,0.2522,0.131,0.003
1190,76160,orientation_single_D0,0.00011,1.0000,0.0109,0.117,0.254
1191,76224,orientation_single_D0,0.00019,1.0000,0.0926,0.147,0.003
1192,76288,orientation_single_D0,0.00013,1.0000,0.0248,0.652,0.154
1193,76352,orientation_single_D0,0.00015,1.0000,0.0352,1.483,0.011
1194,76416,orientation_single_D0,0.00289,1.0000,2.0934,0.155,0.014
1195,76480,orientation_single_D0,0.03228,0.9844,12.1034,0.652,0.054
1196,76544,orientation_single_D0,0.00035,1.0000,0.1204,1.037,0.043
1197,76608,orientation_single_D0,0.00014,1.0000,0.0269,1557.722,0.010
1198,76672,orientation_single_D0,0.00007,1.0000,0.0041,0.286,0.012
1199,76736,orientation_single_D0,0.00034,1.0000,0.1296,0.486,0.009
1200,76800,orientation_single_D0,0.00010,1.0000,0.0072,0.517,0.010
1201,76864,orientation_single_D0,0.00096,1.0000,0.4917,0.811,0.012
1202,76928,orientation_single_D0,0.00199,1.0000,1.5614,0.849,0.012
1203,76992,orientation_single_D0,0.00026,1.0000,0.1156,0.834,0.008
1204,77056,orientation_single_D0,0.00056,1.0000,0.2386,0.872,0.010
1205,77120,orientation_single_D0,0.00239,1.0000,1.1024,0.756,0.009
1206,77184,orientation_single_D0,0.00009,1.0000,0.0065,0.851,0.010
1207,77248,orientation_single_D0,0.00014,1.0000,0.0225,0.830,0.008
1208,77312,orientation_single_D0,0.00138,1.0000,1.1028,0.842,0.007
1209,77376,orientation_single_D0,0.00299,1.0000,1.2113,0.831,0.007
1210,77440,orientation_single_D0,0.00030,1.0000,0.0628,0.812,0.012
1211,77504,orientation_single_D0,0.00127,1.0000,0.7338,0.751,0.006
1212,77568,orientation_single_D0,0.00015,1.0000,0.0214,0.827,0.009
1213,77632,orientation_single_D0,0.00043,1.0000,0.3147,0.838,0.010
1214,77696,orientation_single_D0,0.00017,1.0000,0.0393,0.835,0.010
1215,77760,orientation_single_D0,0.00009,1.0000,0.0132,0.845,0.008
1216,77824,orientation_single_D0,0.00035,1.0000,0.1538,0.839,0.007
1217,77888,orientation_single_D0,0.00107,1.0000,0.7085,0.644,0.008
1218,77952,orientation_single_D0,0.00175,1.0000,1.6049,0.839,0.010
1219,78016,orientation_single_D0,0.01508,0.9844,10.3326,0.826,0.011
1220,78080,orientation_single_D0,0.00022,1.0000,0.1023,0.821,0.014
1221,78144,orientation_single_D0,0.00685,1.0000,4.0846,0.831,0.017
1222,78208,orientation_single_D0,0.00009,1.0000,0.0056,0.831,0.009
1223,78272,orientation_single_D0,0.00010,1.0000,0.0061,0.912,0.010
1224,78336,orientation_single_D0,0.00018,1.0000,0.0377,0.799,0.008
1225,78400,orientation_single_D0,0.00017,1.0000,0.0313,0.867,0.010
1226,78464,orientation_single_D0,0.03455,0.9844,11.8252,0.833,0.009
1227,78528,orientation_single_D0,0.00007,1.0000,0.0042,0.825,0.011
1228,78592,orientation_single_D0,0.00009,1.0000,0.0055,0.829,0.020
1229,78656,orientation_single_D0,0.00027,1.0000,0.1433,0.830,0.010
1230,78720,orientation_single_D0,0.00030,1.0000,0.0872,0.817,0.009
1231,78784,orientation_single_D0,0.00030,1.0000,0.1073,0.855,0.011
1232,78848,orientation_single_D0,0.00011,1.0000,0.0131,0.832,0.009
1233,78912,orientation_single_D0,0.00012,1.0000,0.0132,0.818,0.009
1234,78976,orientation_single_D0,0.00036,1.0000,0.1312,0.833,0.009
1235,79040,orientation_single_D0,0.00013,1.0000,0.0275,0.828,0.008
1236,79104,orientation_single_D0,0.00032,1.0000,0.0792,0.787,0.007
1237,79168,orientation_single_D0,0.00047,1.0000,0.1812,0.812,0.008
1238,79232,orientation_single_D0,0.00011,1.0000,0.0274,0.839,0.008
1239,79296,orientation_single_D0,0.00125,1.0000,0.5658,0.825,0.010
1240,79360,orientation_single_D0,0.01806,0.9844,8.9334,0.833,0.007
1241,79424,orientation_single_D0,0.00024,1.0000,0.0579,0.872,0.010
1242,79488,orientation_single_D0,0.00141,1.0000,0.8883,0.860,0.007
1243,79552,orientation_single_D0,0.01940,0.9844,11.6453,0.853,0.013
1244,79616,orientation_single_D0,0.00072,1.0000,0.5446,0.852,0.012
1245,79680,orientation_single_D0,0.00017,1.0000,0.0241,0.777,0.012
1246,79744,orientation_single_D0,0.00010,1.0000,0.0110,0.238,0.009
1247,79808,orientation_single_D0,0.00012,1.0000,0.0106,0.248,0.010
1248,79872,orientation_single_D0,0.00025,1.0000,0.0934,0.234,0.010
1249,79936,orientation_single_D0,0.00070,1.0000,0.3836,0.232,0.008
1250,80000,orientation_single_D0,0.00013,1.0000,0.0267,0.198,0.008
1251,80064,orientation_single_D0,0.00305,1.0000,2.7023,0.770,0.007
1252,80128,orientation_single_D0,0.00075,1.0000,0.3398,0.574,0.005
1253,80192,orientation_single_D0,0.00040,1.0000,0.1759,0.728,0.006
1254,80256,orientation_single_D0,0.00494,1.0000,3.7230,0.742,0.009
1255,80320,orientation_single_D0,0.01642,0.9844,9.0967,0.742,0.007
1256,80384,orientation_single_D0,0.00134,1.0000,1.1961,0.735,0.009
1257,80448,orientation_single_D0,0.00021,1.0000,0.0340,0.742,0.006
1258,80512,orientation_single_D0,0.00014,1.0000,0.0234,0.778,0.032
1259,80576,orientation_single_D0,0.00020,1.0000,0.0775,0.157,0.006
1260,80640,orientation_single_D0,0.00009,1.0000,0.0106,0.146,0.009
1261,80704,orientation_single_D0,0.00018,1.0000,0.0385,0.094,0.007
1262,80768,orientation_single_D0,0.00416,1.0000,3.1918,0.144,0.008
1263,80832,orientation_single_D0,0.00088,1.0000,0.5872,0.139,0.009
1264,80896,orientation_single_D0,0.00136,1.0000,0.6760,0.193,0.010
1265,80960,orientation_single_D0,0.00300,1.0000,2.6582,0.178,0.006
1266,81024,orientation_single_D0,0.01340,1.0000,9.6167,0.183,0.007
1267,81088,orientation_single_D0,0.00011,1.0000,0.0090,0.172,0.007
1268,81152,orientation_single_D0,0.00011,1.0000,0.0110,0.194,0.007
1269,81216,orientation_single_D0,0.00018,1.0000,0.0313,0.231,0.006
1270,81280,orientation_single_D0,0.00016,1.0000,0.0374,0.234,0.011
1271,81344,orientation_single_D0,0.00023,1.0000,0.0336,0.211,0.008
1272,81408,orientation_single_D0,0.00011,1.0000,0.0111,0.223,0.007
1273,81472,orientation_single_D0,0.00144,1.0000,0.7178,0.232,0.005
1274,81536,orientation_single_D0,0.00011,1.0000,0.0247,0.231,0.006
1275,81600,orientation_single_D0,0.00130,1.0000,0.9459,0.224,0.009
1276,81664,orientation_single_D0,0.00025,1.0000,0.0661,0.226,0.010
1277,81728,orientation_single_D0,0.01028,1.0000,9.3346,0.216,0.009
1278,81792,orientation_single_D0,0.00014,1.0000,0.0314,0.236,0.006
1279,81856,orientation_single_D0,0.00030,1.0000,0.1083,0.239,0.008
1280,81920,orientation_single_D0,0.00120,1.0000,0.6700,0.235,0.007
1281,81984,orientation_single_D0,0.00050,1.0000,0.2442,0.227,0.007
1282,82048,orientation_single_D0,0.00009,1.0000,0.0060,0.228,0.006
1283,82112,orientation_single_D0,0.00019,1.0000,0.0388,0.229,0.006
1284,82176,orientation_single_D0,0.00466,1.0000,3.5555,0.231,0.008
1285,82240,orientation_single_D0,0.00007,1.0000,0.0070,0.227,0.007
1286,82304,orientation_single_D0,0.00023,1.0000,0.0523,0.257,0.024
1287,82368,orientation_single_D0,0.00044,1.0000,0.2570,0.169,0.010
1288,82432,orientation_single_D0,0.00023,1.0000,0.1135,0.111,0.009
1289,82496,orientation_single_D0,0.01010,1.0000,6.4974,0.177,0.007
1290,82560,orientation_single_D0,0.00012,1.0000,0.0110,0.208,0.009
1291,82624,orientation_single_D0,0.00024,1.0000,0.0509,0.206,0.006
1292,82688,orientation_single_D0,0.00009,1.0000,0.0092,0.243,0.008
1293,82752,orientation_single_D0,0.00035,1.0000,0.1345,0.239,0.007
1294,82816,orientation_single_D0,0.00018,1.0000,0.0429,0.239,0.009
1295,82880,orientation_single_D0,0.00029,1.0000,0.1401,0.245,0.008
1296,82944,orientation_single_D0,0.00008,1.0000,0.0055,0.235,0.012
1297,83008,orientation_single_D0,0.00014,1.0000,0.0140,0.226,0.008
1298,83072,orientation_single_D0,0.00025,1.0000,0.0933,0.231,0.008
1299,83136,orientation_single_D0,0.00154,1.0000,0.9231,0.242,0.006
1300,83200,orientation_single_D0,0.00677,1.0000,4.8892,0.222,0.006
1301,83264,orientation_single_D0,0.00396,1.0000,2.7336,0.227,0.009
1302,83328,orientation_single_D0,0.00029,1.0000,0.1382,0.222,0.007
1303,83392,orientation_single_D0,0.00192,1.0000,1.1007,0.225,0.007
1304,83456,orientation_single_D0,0.00042,1.0000,0.2477,0.236,0.005
1305,83520,orientation_single_D0,0.00010,1.0000,0.0165,0.224,0.008
1306,83584,orientation_single_D0,0.00020,1.0000,0.0757,0.221,0.011
1307,83648,orientation_single_D0,0.00183,1.0000,1.4207,0.227,0.007
1308,83712,orientation_single_D0,0.00019,1.0000,0.0311,0.234,0.009
1309,83776,orientation_single_D0,0.00009,1.0000,0.0100,0.217,0.006
1310,83840,orientation_single_D0,0.00034,1.0000,0.2204,0.211,0.008
1311,83904,orientation_single_D0,0.00020,1.0000,0.0398,0.227,0.015
1312,83968,orientation_single_D0,0.00012,1.0000,0.0252,0.104,0.017
1313,84032,orientation_single_D0,0.00010,1.0000,0.0076,0.062,0.009
1314,84096,orientation_single_D0,0.00507,1.0000,3.4148,0.064,0.009
1315,84160,orientation_single_D0,0.00012,1.0000,0.0136,0.063,0.009
1316,84224,orientation_single_D0,0.00021,1.0000,0.0949,0.073,0.009
1317,84288,orientation_single_D0,0.00012,1.0000,0.0404,0.071,0.007
1318,84352,orientation_single_D0,0.00018,1.0000,0.0475,0.075,0.009
1319,84416,orientation_single_D0,0.00009,1.0000,0.0156,0.076,0.007
1320,84480,orientation_single_D0,0.00045,1.0000,0.2654,0.075,0.016
1321,84544,orientation_single_D0,0.00013,1.0000,0.0346,0.067,0.010
1322,84608,orientation_single_D0,0.00126,1.0000,1.0152,0.067,0.009
1323,84672,orientation_single_D0,0.00008,1.0000,0.0082,0.067,0.008
1324,84736,orientation_single_D0,0.00018,1.0000,0.0823,0.073,0.006
1325,84800,orientation_single_D0,0.00009,1.0000,0.0162,0.067,0.006
1326,84864,orientation_single_D0,0.00017,1.0000,0.0434,0.091,0.009
1327,84928,orientation_single_D0,0.00019,1.0000,0.1058,0.069,0.008
1328,84992,orientation_single_D0,0.00017,1.0000,0.0684,0.071,0.009
1329,85056,orientation_single_D0,0.00028,1.0000,0.0836,0.070,0.011
1330,85120,orientation_single_D0,0.00306,1.0000,1.9804,0.068,0.010
1331,85184,orientation_single_D0,0.00010,1.0000,0.0124,0.067,0.006
1332,85248,orientation_single_D0,0.00008,1.0000,0.0056,0.068,0.009
1333,85312,orientation_single_D0,0.00012,1.0000,0.0186,0.065,0.007
1334,85376,orientation_single_D0,0.00012,1.0000,0.0226,0.072,0.007
1335,85440,orientation_single_D0,0.00116,1.0000,0.8631,0.084,0.009
1336,85504,orientation_single_D0,0.00051,1.0000,0.2521,0.070,0.009
1337,85568,orientation_single_D0,0.00094,1.0000,0.9582,0.074,0.005
1338,85632,orientation_single_D0,0.00040,1.0000,0.2157,0.077,0.003
1339,85696,orientation_single_D0,0.00038,1.0000,0.2108,0.072,0.002
1340,85760,orientation_single_D0,0.00013,1.0000,0.0253,0.247,0.064
1341,85824,orientation_single_D0,0.00009,1.0000,0.0087,0.262,0.006
1342,85888,orientation_single_D0,0.00008,1.0000,0.0071,0.258,0.007
1343,85952,orientation_single_D0,0.00016,1.0000,0.0512,0.246,0.007
1344,86016,orientation_single_D0,0.00009,1.0000,0.0117,0.224,0.009
1345,86080,orientation_single_D0,0.00011,1.0000,0.0252,0.227,0.009
1346,86144,orientation_single_D0,0.00006,1.0000,0.0032,0.281,0.008
1347,86208,orientation_single_D0,0.00075,1.0000,0.5443,0.211,0.007
1348,86272,orientation_single_D0,0.00008,1.0000,0.0079,0.184,0.008
1349,86336,orientation_single_D0,0.00007,1.0000,0.0046,0.185,0.006
1350,86400,orientation_single_D0,0.00008,1.0000,0.0060,0.178,0.008
1351,86464,orientation_single_D0,0.00312,1.0000,1.7522,0.112,0.015
1352,86528,orientation_single_D0,0.00012,1.0000,0.0199,0.070,0.010
1353,86592,orientation_single_D0,0.00014,1.0000,0.0378,0.077,0.009
1354,86656,orientation_single_D0,0.00023,1.0000,0.0995,0.258,0.010
1355,86720,orientation_single_D0,0.00175,1.0000,1.5191,0.302,0.011
1356,86784,orientation_single_D0,0.00033,1.0000,0.1109,0.315,0.006
1357,86848,orientation_single_D0,0.00027,1.0000,0.1516,0.285,0.008
1358,86912,orientation_single_D0,0.00009,1.0000,0.0106,0.258,0.006
1359,86976,orientation_single_D0,0.00006,1.0000,0.0091,0.220,0.008
1360,87040,orientation_single_D0,0.00008,1.0000,0.0072,0.233,0.009
1361,87104,orientation_single_D0,0.00009,1.0000,0.0143,0.214,0.006
1362,87168,orientation_single_D0,0.00012,1.0000,0.0136,0.214,0.006
1363,87232,orientation_single_D0,0.00132,1.0000,1.1698,0.245,0.007
1364,87296,orientation_single_D0,0.00025,1.0000,0.1372,0.230,0.010
1365,87360,orientation_single_D0,0.00008,1.0000,0.0114,0.241,0.007
1366,87424,orientation_single_D0,0.00006,1.0000,0.0034,0.338,0.007
1367,87488,orientation_single_D0,0.00010,1.0000,0.0138,0.277,0.007
1368,87552,orientation_single_D0,0.00016,1.0000,0.0330,0.225,0.006
1369,87616,orientation_single_D0,0.00006,1.0000,0.0034,0.318,0.006
1370,87680,orientation_single_D0,0.00007,1.0000,0.0050,0.276,0.008
1371,87744,orientation_single_D0,0.00011,1.0000,0.0154,0.186,0.006
1372,87808,orientation_single_D0,0.00007,1.0000,0.0076,0.179,0.007
1373,87872,orientation_single_D0,0.00017,1.0000,0.0409,0.188,0.007
1374,87936,orientation_single_D0,0.00025,1.0000,0.1588,0.191,0.006
1375,88000,orientation_single_D0,0.00021,1.0000,0.0623,0.178,0.006
1376,88064,orientation_single_D0,0.00009,1.0000,0.0125,0.181,0.007
1377,88128,orientation_single_D0,0.00018,1.0000,0.0465,0.207,0.007
1378,88192,orientation_single_D0,0.00015,1.0000,0.0319,0.230,0.006
1379,88256,orientation_single_D0,0.00018,1.0000,0.0482,0.220,0.006
1380,88320,orientation_single_D0,0.00012,1.0000,0.0341,0.241,0.007
1381,88384,orientation_single_D0,0.00009,1.0000,0.0121,0.276,0.007
1382,88448,orientation_single_D0,0.00013,1.0000,0.0168,0.241,0.042
1383,88512,orientation_single_D0,0.00007,1.0000,0.0096,0.227,0.008
1384,88576,orientation_single_D0,0.00007,1.0000,0.0039,0.227,0.008
1385,88640,orientation_single_D0,0.00013,1.0000,0.0393,0.222,0.006
1386,88704,orientation_single_D0,0.00011,1.0000,0.0261,0.227,0.009
1387,88768,orientation_single_D0,0.00007,1.0000,0.0045,0.225,0.008
1388,88832,orientation_single_D0,0.00006,1.0000,0.0040,0.226,0.008
1389,88896,orientation_single_D0,0.00022,1.0000,0.0961,0.222,0.010
1390,88960,orientation_single_D0,0.00028,1.0000,0.1201,0.234,0.007
1391,89024,orientation_single_D0,0.00023,1.0000,0.1288,0.222,0.006
1392,89088,orientation_single_D0,0.00010,1.0000,0.0223,0.240,0.007
1393,89152,orientation_single_D0,0.00107,1.0000,0.8274,0.242,0.006
1394,89216,orientation_single_D0,0.00011,1.0000,0.0264,0.232,0.006
1395,89280,orientation_single_D0,0.00009,1.0000,0.0135,0.239,0.005
1396,89344,orientation_single_D0,0.00030,1.0000,0.1072,0.225,0.006
1397,89408,orientation_single_D0,0.00008,1.0000,0.0152,0.236,0.005
1398,89472,orientation_single_D0,0.00014,1.0000,0.0454,0.222,0.008
1399,89536,orientation_single_D0,0.00028,1.0000,0.1354,0.217,0.005
1400,89600,orientation_single_D0,0.00008,1.0000,0.0105,0.215,0.008
1401,89664,orientation_single_D0,0.00015,1.0000,0.0514,0.368,0.007
1402,89728,orientation_single_D0,0.00011,1.0000,0.0265,0.346,0.008
1403,89792,orientation_single_D0,0.00067,1.0000,0.3735,0.357,0.009
1404,89856,orientation_single_D0,0.00032,1.0000,0.2067,0.363,0.011
1405,89920,orientation_single_D0,0.00005,1.0000,0.0025,0.350,0.008
1406,89984,orientation_single_D0,0.00011,1.0000,0.0148,0.346,0.008
1407,90048,orientation_single_D0,0.00013,1.0000,0.0550,0.338,0.008
1408,90112,orientation_single_D0,0.00014,1.0000,0.0377,0.343,0.008
1409,90176,orientation_single_D0,0.00014,1.0000,0.0644,0.333,0.004
1410,90240,orientation_single_D0,0.00068,1.0000,0.5210,0.324,0.006
1411,90304,orientation_single_D0,0.00007,1.0000,0.0043,0.337,0.006
1412,90368,orientation_single_D0,0.00008,1.0000,0.0100,0.321,0.006
1413,90432,orientation_single_D0,0.00055,1.0000,0.2507,0.205,0.005
1414,90496,orientation_single_D0,0.00010,1.0000,0.0207,0.218,0.007
1415,90560,orientation_single_D0,0.00032,1.0000,0.1523,0.193,0.008
1416,90624,orientation_single_D0,0.00009,1.0000,0.0125,0.221,0.008
1417,90688,orientation_single_D0,0.00006,1.0000,0.0028,0.176,0.007
1418,90752,orientation_single_D0,0.00079,1.0000,0.5086,0.176,0.006
1419,90816,orientation_single_D0,0.00004,1.0000,0.0011,0.180,0.006
1420,90880,orientation_single_D0,0.00013,1.0000,0.0304,0.168,0.007
1421,90944,orientation_single_D0,0.00011,1.0000,0.0166,0.152,0.008
1422,91008,orientation_single_D0,0.00007,1.0000,0.0087,0.170,0.005
1423,91072,orientation_single_D0,0.00005,1.0000,0.0028,0.239,0.007
1424,91136,orientation_single_D0,0.00024,1.0000,0.0768,0.248,0.006
1425,91200,orientation_single_D0,0.00007,1.0000,0.0129,0.253,0.006
1426,91264,orientation_single_D0,0.00012,1.0000,0.0110,0.241,0.008
1427,91328,orientation_single_D0,0.00013,1.0000,0.0286,0.237,0.007
1428,91392,orientation_single_D0,0.00073,1.0000,0.7197,0.239,0.007
1429,91456,orientation_single_D0,0.00015,1.0000,0.0535,0.209,0.008
1430,91520,orientation_single_D0,0.00070,1.0000,0.3721,0.212,0.010
1431,91584,orientation_single_D0,0.00010,1.0000,0.0180,0.205,0.008
1432,91648,orientation_single_D0,0.00063,1.0000,0.3878,0.190,0.007
1433,91712,orientation_single_D0,0.00007,1.0000,0.0129,0.208,0.006
1434,91776,orientation_single_D0,0.00022,1.0000,0.1407,0.322,0.009
1435,91840,orientation_single_D0,0.00013,1.0000,0.0310,0.318,0.006
1436,91904,orientation_single_D0,0.00006,1.0000,0.0061,0.233,0.007
1437,91968,orientation_single_D0,0.00007,1.0000,0.0041,0.200,0.005
1438,92032,orientation_single_D0,0.00019,1.0000,0.1083,0.245,0.005
1439,92096,orientation_single_D0,0.00008,1.0000,0.0135,0.240,0.006
1440,92160,orientation_single_D0,0.00012,1.0000,0.0406,0.242,0.005
1441,92224,orientation_single_D0,0.00019,1.0000,0.0823,0.245,0.007
1442,92288,orientation_single_D0,0.00006,1.0000,0.0041,0.182,0.006
1443,92352,orientation_single_D0,0.00034,1.0000,0.1929,0.173,0.006
1444,92416,orientation_single_D0,0.00008,1.0000,0.0148,0.172,0.006
1445,92480,orientation_single_D0,0.00005,1.0000,0.0031,0.178,0.009
1446,92544,orientation_single_D0,0.00005,1.0000,0.0024,0.192,0.008
1447,92608,orientation_single_D0,0.00013,1.0000,0.0177,0.194,0.007
1448,92672,orientation_single_D0,0.00011,1.0000,0.0274,0.197,0.006
1449,92736,orientation_single_D0,0.00006,1.0000,0.0059,0.229,0.006
1450,92800,orientation_single_D0,0.00020,1.0000,0.0803,0.227,0.008
1451,92864,orientation_single_D0,0.00025,1.0000,0.1303,0.243,0.007
1452,92928,orientation_single_D0,0.00007,1.0000,0.0063,0.230,0.006
1453,92992,orientation_single_D0,0.00005,1.0000,0.0028,0.240,0.010
1454,93056,orientation_single_D0,0.00009,1.0000,0.0172,0.243,0.010
1455,93120,orientation_single_D0,0.00006,1.0000,0.0031,0.238,0.012
1456,93184,orientation_single_D0,0.00009,1.0000,0.0130,0.242,0.008
1457,93248,orientation_single_D0,0.00007,1.0000,0.0069,0.235,0.009
1458,93312,orientation_single_D0,0.00014,1.0000,0.0520,0.230,0.007
1459,93376,orientation_single_D0,0.00007,1.0000,0.0060,0.212,0.007
1460,93440,orientation_single_D0,0.00036,1.0000,0.3113,0.235,0.006
1461,93504,orientation_single_D0,0.00009,1.0000,0.0102,0.261,0.005
1462,93568,orientation_single_D0,0.00012,1.0000,0.0309,0.224,0.006
1463,93632,orientation_single_D0,0.00015,1.0000,0.0483,0.229,0.006
1464,93696,orientation_single_D0,0.00115,1.0000,1.0768,0.243,0.006
1465,93760,orientation_single_D0,0.00006,1.0000,0.0050,0.219,0.025
1466,93824,orientation_single_D0,0.00026,1.0000,0.1297,0.224,0.009
1467,93888,orientation_single_D0,0.00010,1.0000,0.0319,0.223,0.009
1468,93952,orientation_single_D0,0.00009,1.0000,0.0165,0.235,0.007
1469,94016,orientation_single_D0,0.00012,1.0000,0.0303,0.228,0.009
1470,94080,orientation_single_D0,0.00005,1.0000,0.0032,0.213,0.009
1471,94144,orientation_single_D0,0.00006,1.0000,0.0061,0.166,0.011
1472,94208,orientation_single_D0,0.00016,1.0000,0.0584,0.064,0.009
1473,94272,orientation_single_D0,0.00009,1.0000,0.0097,0.057,0.007
1474,94336,orientation_single_D0,0.00106,1.0000,0.9130,0.058,0.008
1475,94400,orientation_single_D0,0.00006,1.0000,0.0081,0.072,0.008
1476,94464,orientation_single_D0,0.00015,1.0000,0.0465,0.071,0.011
1477,94528,orientation_single_D0,0.00006,1.0000,0.0035,0.069,0.009
1478,94592,orientation_single_D0,0.00006,1.0000,0.0045,0.068,0.006
1479,94656,orientation_single_D0,0.00009,1.0000,0.0197,0.059,0.008
1480,94720,orientation_single_D0,0.00006,1.0000,0.0095,0.064,0.007
1481,94784,orientation_single_D0,0.00005,1.0000,0.0025,0.065,0.008
1482,94848,orientation_single_D0,0.00006,1.0000,0.0107,0.069,0.007
1483,94912,orientation_single_D0,0.00016,1.0000,0.0547,0.065,0.007
1484,94976,orientation_single_D0,0.00081,1.0000,0.3690,0.102,0.007
1485,95040,orientation_single_D0,0.00009,1.0000,0.0109,0.099,0.008
1486,95104,orientation_single_D0,0.00023,1.0000,0.1077,0.118,0.014
1487,95168,orientation_single_D0,0.00006,1.0000,0.0057,0.094,0.008
1488,95232,orientation_single_D0,0.00006,1.0000,0.0065,0.099,0.047
1489,95296,orientation_single_D0,0.00167,1.0000,1.3376,0.172,0.004
1490,95360,orientation_single_D0,0.00046,1.0000,0.2899,0.205,0.008
1491,95424,orientation_single_D0,0.00067,1.0000,0.2689,0.162,0.014
1492,95488,orientation_single_D0,0.00005,1.0000,0.0026,0.173,0.008
1493,95552,orientation_single_D0,0.00011,1.0000,0.0200,0.100,0.006
1494,95616,orientation_single_D0,0.00009,1.0000,0.0129,0.065,0.006
1495,95680,orientation_single_D0,0.00004,1.0000,0.0017,0.066,0.009
1496,95744,orientation_single_D0,0.00009,1.0000,0.0139,0.069,0.010
1497,95808,orientation_single_D0,0.00007,1.0000,0.0101,0.067,0.009
1498,95872,orientation_single_D0,0.00007,1.0000,0.0049,0.070,0.006
1499,95936,orientation_single_D0,0.00008,1.0000,0.0105,0.068,0.009
1500,96000,orientation_single_D0,0.00006,1.0000,0.0056,0.069,0.005
1501,96064,orientation_single_D0,0.00008,1.0000,0.0159,0.072,0.008
1502,96128,orientation_single_D0,0.00006,1.0000,0.0065,0.068,0.007
1503,96192,orientation_single_D0,0.00009,1.0000,0.0137,0.065,0.005
1504,96256,orientation_single_D0,0.00005,1.0000,0.0038,0.069,0.002
1505,96320,orientation_single_D0,0.00007,1.0000,0.0124,0.068,0.009
1506,96384,orientation_single_D0,0.00007,1.0000,0.0056,0.063,0.003
1507,96448,orientation_single_D0,0.00225,1.0000,1.7761,0.063,0.057
1508,96512,orientation_single_D0,0.00377,1.0000,2.8577,0.059,0.003
1509,96576,orientation_single_D0,0.00004,1.0000,0.0018,0.066,0.096
1510,96640,orientation_single_D0,0.00005,1.0000,0.0028,0.069,0.003
1511,96704,orientation_single_D0,0.00008,1.0000,0.0127,0.069,0.092
1512,96768,orientation_single_D0,0.00006,1.0000,0.0038,0.067,0.002
1513,96832,orientation_single_D0,0.00006,1.0000,0.0047,0.219,0.054
1514,96896,orientation_single_D0,0.00005,1.0000,0.0022,0.275,0.007
1515,96960,orientation_single_D0,0.00066,1.0000,0.5299,0.307,0.005
1516,97024,orientation_single_D0,0.00008,1.0000,0.0070,0.288,0.009
1517,97088,orientation_single_D0,0.00006,1.0000,0.0068,0.215,0.008
1518,97152,orientation_single_D0,0.00005,1.0000,0.0029,0.221,0.007
1519,97216,orientation_single_D0,0.00009,1.0000,0.0215,0.216,0.008
1520,97280,orientation_single_D0,0.00010,1.0000,0.0187,0.196,0.005
1521,97344,orientation_single_D0,0.00008,1.0000,0.0131,0.185,0.008
1522,97408,orientation_single_D0,0.00012,1.0000,0.0433,0.228,0.008
1523,97472,orientation_single_D0,0.00098,1.0000,0.6920,0.171,0.007
1524,97536,orientation_single_D0,0.00005,1.0000,0.0098,0.186,0.005
1525,97600,orientation_single_D0,0.00008,1.0000,0.0198,0.190,0.009
1526,97664,orientation_single_D0,0.00007,1.0000,0.0132,0.229,0.007
1527,97728,orientation_single_D0,0.00012,1.0000,0.0334,0.223,0.009
1528,97792,orientation_single_D0,0.00004,1.0000,0.0038,0.235,0.006
1529,97856,orientation_single_D0,0.00005,1.0000,0.0028,0.232,0.008
1530,97920,orientation_single_D0,0.00010,1.0000,0.0226,0.238,0.006
1531,97984,orientation_single_D0,0.00023,1.0000,0.1059,0.227,0.007
1532,98048,orientation_single_D0,0.00005,1.0000,0.0026,0.234,0.009
1533,98112,orientation_single_D0,0.00004,1.0000,0.0018,0.230,0.007
1534,98176,orientation_single_D0,0.00006,1.0000,0.0101,0.229,0.007
1535,98240,orientation_single_D0,0.00007,1.0000,0.0078,0.226,0.008
1536,98304,orientation_single_D0,0.00007,1.0000,0.0170,0.251,0.006
1537,98368,orientation_single_D0,0.00007,1.0000,0.0061,0.228,0.008
1538,98432,orientation_single_D0,0.00045,1.0000,0.2729,0.245,0.007
1539,98496,orientation_single_D0,0.00008,1.0000,0.0262,0.233,0.007
1540,98560,orientation_single_D0,0.00013,1.0000,0.0530,0.229,0.009
1541,98624,orientation_single_D0,0.00054,1.0000,0.3658,0.222,0.008
1542,98688,orientation_single_D0,0.00012,1.0000,0.0483,0.215,0.008
1543,98752,orientation_single_D0,0.00115,1.0000,0.7493,0.186,0.008
1544,98816,orientation_single_D0,0.00004,1.0000,0.0020,0.098,0.008
1545,98880,orientation_single_D0,0.00004,1.0000,0.0025,0.175,0.007
1546,98944,orientation_single_D0,0.00005,1.0000,0.0033,0.212,0.008
1547,99008,orientation_single_D0,0.00007,1.0000,0.0073,0.260,0.007
1548,99072,orientation_single_D0,0.00005,1.0000,0.0028,0.241,0.008
1549,99136,orientation_single_D0,0.00007,1.0000,0.0071,0.236,0.008
1550,99200,orientation_single_D0,0.00006,1.0000,0.0030,0.205,0.007
1551,99264,orientation_single_D0,0.00022,1.0000,0.1048,0.205,0.007
1552,99328,orientation_single_D0,0.00008,1.0000,0.0124,0.181,0.007
1553,99392,orientation_single_D0,0.00009,1.0000,0.0191,0.183,0.007
1554,99456,orientation_single_D0,0.00045,1.0000,0.3935,0.199,0.008
1555,99520,orientation_single_D0,0.00026,1.0000,0.1249,0.200,0.008
1556,99584,orientation_single_D0,0.00005,1.0000,0.0049,0.186,0.008
1557,99648,orientation_single_D0,0.00010,1.0000,0.0376,0.192,0.007
1558,99712,orientation_single_D0,0.00004,1.0000,0.0017,0.207,0.009
1559,99776,orientation_single_D0,0.00036,1.0000,0.2807,0.234,0.008
1560,99840,orientation_single_D0,0.00005,1.0000,0.0051,0.225,0.009
1561,99904,orientation_single_D0,0.00015,1.0000,0.0485,0.240,0.008
1562,99968,orientation_single_D0,0.00005,1.0000,0.0021,0.229,0.008
1563,100032,orientation_single_D0,0.00005,1.0000,0.0024,0.219,0.014
