update,episodes,cell,loss,accuracy,grad_norm,seconds,wait_seconds
1,64,orientation_cued_D0,0.69867,0.5000,1.0452,0.769,0.219
2,128,orientation_cued_D0,1.49472,0.5000,9.2959,0.054,0.002
3,192,orientation_cued_D0,0.84518,0.5000,5.0884,0.056,0.001
4,256,orientation_cued_D0,0.69359,0.5000,0.3211,0.050,0.334
5,320,orientation_cued_D0,0.71092,0.5000,1.8755,0.051,0.359
6,384,orientation_cued_D0,0.70666,0.5000,1.6836,0.053,0.355
7,448,orientation_cued_D0,0.69658,0.5000,0.8563,0.057,0.362
8,512,orientation_cued_D0,0.70215,0.5000,1.3642,0.055,0.359
9,576,orientation_cued_D0,0.69653,0.5000,0.8326,0.056,0.352
10,640,orientation_cued_D0,0.69629,0.5000,0.8004,0.056,0.354
11,704,orientation_cued_D0,0.69863,0.5000,1.0472,0.054,0.352
12,768,orientation_cued_D0,0.69314,0.5000,0.0037,0.056,0.358
13,832,orientation_cued_D0,0.69702,0.5000,0.8557,0.054,0.357
14,896,orientation_cued_D0,0.69593,0.5000,0.7212,0.151,0.488
15,960,orientation_cued_D0,0.69330,0.5000,0.1638,0.164,0.626
16,1024,orientation_cued_D0,0.69619,0.5000,0.7403,0.077,0.392
17,1088,orientation_cued_D0,0.69496,0.5000,0.5679,0.069,0.649
18,1152,orientation_cued_D0,0.69314,0.5000,0.0033,0.097,0.703
19,1216,orientation_cued_D0,0.69459,0.5000,0.4971,0.156,0.690
20,1280,orientation_cued_D0,0.69460,0.5000,0.4985,0.170,0.552
21,1344,orientation_cued_D0,0.69317,0.5000,0.0652,0.166,0.518
22,1408,orientation_cued_D0,0.69414,0.5000,0.4091,0.077,0.653
23,1472,orientation_cued_D0,0.69409,0.5000,0.3990,0.074,0.731
24,1536,orientation_cued_D0,0.69315,0.5000,0.0292,0.167,0.673
25,1600,orientation_cued_D0,0.69375,0.5000,0.3148,0.169,0.635
26,1664,orientation_cued_D0,0.69393,0.5000,0.3569,0.077,0.560
27,1728,orientation_cued_D0,0.69323,0.5000,0.1128,0.066,0.716
28,1792,orientation_cued_D0,0.69338,0.5000,0.1949,0.172,0.644
29,1856,orientation_cued_D0,0.69375,0.5000,0.3132,0.064,0.603
30,1920,orientation_cued_D0,0.69333,0.5000,0.1732,0.066,0.656
31,1984,orientation_cued_D0,0.69319,0.5000,0.0806,0.142,0.622
32,2048,orientation_cued_D0,0.69352,0.5000,0.2442,0.168,0.646
33,2112,orientation_cued_D0,0.69343,0.5000,0.2106,0.063,0.669
34,2176,orientation_cued_D0,0.69315,0.5000,0.0279,0.074,0.681
35,2240,orientation_cued_D0,0.69330,0.5000,0.1564,0.175,0.699
36,2304,orientation_cued_D0,0.69342,0.5000,0.2075,0.169,0.544
37,2368,orientation_cued_D0,0.69321,0.5000,0.1032,0.163,0.585
38,2432,orientation_cued_D0,0.69317,0.5000,0.0638,0.072,0.659
39,2496,orientation_cued_D0,0.69333,0.5000,0.1671,0.064,0.784
40,2560,orientation_cued_D0,0.69327,0.5000,0.1413,0.159,0.635
41,2624,orientation_cued_D0,0.69315,0.5000,0.0178,0.065,0.466
42,2688,orientation_cued_D0,0.69322,0.5000,0.1064,0.085,0.577
43,2752,orientation_cued_D0,0.69328,0.5000,0.1428,0.077,0.601
44,2816,orientation_cued_D0,0.69318,0.5000,0.0715,0.177,0.617
45,2880,orientation_cued_D0,0.69316,0.5000,0.0424,0.068,0.547
46,2944,orientation_cued_D0,0.69323,0.5000,0.1157,0.067,0.684
47,3008,orientation_cued_D0,0.69321,0.5000,0.0972,0.094,0.810
48,3072,orientation_cued_D0,0.69315,0.5000,0.0112,0.182,0.790
49,3136,orientation_cued_D0,0.69318,0.5000,0.0746,0.158,0.624
50,3200,orientation_cued_D0,0.69320,0.5000,0.0982,0.078,0.645
51,3264,orientation_cued_D0,0.69316,0.5000,0.0467,0.076,0.752
52,3328,orientation_cued_D0,0.69316,0.5000,0.0332,0.170,0.725
53,3392,orientation_cued_D0,0.69319,0.5000,0.0819,0.171,0.545
54,3456,orientation_cued_D0,0.69317,0.5000,0.0640,0.068,0.684
55,3520,orientation_cued_D0,0.69315,0.4844,0.0004,0.087,0.575
56,3584,orientation_cued_D0,0.69317,0.5000,0.0572,0.095,0.758
57,3648,orientation_cued_D0,0.69318,0.5000,0.0660,0.176,0.643
58,3712,orientation_cued_D0,0.69315,0.5000,0.0239,0.173,0.715
59,3776,orientation_cued_D0,0.69315,0.5000,0.0331,0.081,0.617
60,3840,orientation_cued_D0,0.69317,0.5000,0.0585,0.070,0.725
61,3904,orientation_cued_D0,0.69316,0.5000,0.0366,0.166,0.644
62,3968,orientation_cued_D0,0.69315,0.5000,0.0125,0.171,0.535
63,4032,orientation_cued_D0,0.69316,0.5000,0.0462,0.060,0.440
64,4096,orientation_cued_D0,0.69316,0.5000,0.0410,0.057,0.509
65,4160,orientation_cued_D0,0.69315,0.5000,0.0032,0.063,0.528
66,4224,orientation_cued_D0,0.69316,0.5000,0.0339,0.178,0.659
67,4288,orientation_cued_D0,0.69316,0.5000,0.0398,0.166,0.614
68,4352,orientation_cued_D0,0.69315,0.5000,0.0129,0.167,0.580
69,4416,orientation_cued_D0,0.69315,0.5000,0.0224,0.073,0.523
70,4480,orientation_cued_D0,0.69315,0.5000,0.0352,0.074,0.610
71,4544,orientation_cued_D0,0.69315,0.5000,0.0184,0.169,0.768
72,4608,orientation_cued_D0,0.69315,0.5000,0.0133,0.074,0.612
73,4672,orientation_cued_D0,0.69315,0.5000,0.0292,0.074,0.628
74,4736,orientation_cued_D0,0.69315,0.5000,0.0206,0.101,0.695
75,4800,orientation_cued_D0,0.69315,0.5000,0.0058,0.164,0.587
76,4864,orientation_cued_D0,0.69315,0.5000,0.0242,0.168,0.675
77,4928,orientation_cued_D0,0.69315,0.5000,0.0202,0.067,0.618
78,4992,orientation_cued_D0,0.69315,0.5000,0.0012,0.074,0.666
79,5056,orientation_cued_D0,0.69315,0.5000,0.0190,0.167,0.674
80,5120,orientation_cued_D0,0.69315,0.5000,0.0188,0.164,0.549
81,5184,orientation_cued_D0,0.69315,0.5000,0.0023,0.065,0.677
82,5248,orientation_cued_D0,0.69315,0.5000,0.0153,0.068,0.684
83,5312,orientation_cued_D0,0.69315,0.5000,0.0172,0.167,0.595
84,5376,orientation_cued_D0,0.69315,0.5000,0.0031,0.165,0.707
85,5440,orientation_cued_D0,0.69315,0.5000,0.0119,0.144,0.581
86,5504,orientation_cued_D0,0.69315,0.5000,0.0147,0.070,0.724
87,5568,orientation_cued_D0,0.69315,0.5000,0.0041,0.071,0.760
88,5632,orientation_cued_D0,0.69315,0.5000,0.0094,0.176,0.598
89,5696,orientation_cued_D0,0.69315,0.5000,0.0128,0.136,0.665
90,5760,orientation_cued_D0,0.69315,0.5000,0.0040,0.066,0.620
91,5824,orientation_cued_D0,0.69315,0.5000,0.0079,0.071,0.728
92,5888,orientation_cued_D0,0.69315,0.5000,0.0110,0.179,0.748
93,5952,orientation_cued_D0,0.69315,0.5000,0.0035,0.169,0.644
94,6016,orientation_cued_D0,0.69315,0.5000,0.0070,0.164,0.511
95,6080,orientation_cued_D0,0.69315,0.5000,0.0094,0.081,0.644
96,6144,orientation_cued_D0,0.69315,0.5000,0.0023,0.063,0.681
97,6208,orientation_cued_D0,0.69314,0.5000,0.0062,0.168,0.663
98,6272,orientation_cued_D0,0.69315,0.5000,0.0078,0.163,0.548
99,6336,orientation_cued_D0,0.69315,0.5000,0.0016,0.065,0.591
100,6400,orientation_cued_D0,0.69315,0.5000,0.0059,0.076,0.639
101,6464,orientation_cued_D0,0.69314,0.5000,0.0065,0.164,0.612
102,6528,orientation_cued_D0,0.69314,0.5000,0.0007,0.167,0.619
103,6592,orientation_cued_D0,0.69315,0.5000,0.0053,0.166,0.567
104,6656,orientation_cued_D0,0.69315,0.5000,0.0052,0.081,0.525
105,6720,orientation_cued_D0,0.69315,0.5000,0.0005,0.066,0.737
106,6784,orientation_cued_D0,0.69315,0.5000,0.0049,0.174,0.680
107,6848,orientation_cued_D0,0.69315,0.5000,0.0038,0.171,0.624
108,6912,orientation_cued_D0,0.69315,0.5000,0.0010,0.169,0.534
109,6976,orientation_cued_D0,0.69315,0.5000,0.0043,0.061,0.487
110,7040,orientation_cued_D0,0.69314,0.5000,0.0030,0.080,0.670
111,7104,orientation_cued_D0,0.69315,0.5000,0.0015,0.078,0.607
112,7168,orientation_cued_D0,0.69315,0.5000,0.0038,0.082,0.592
113,7232,orientation_cued_D0,0.69315,0.5000,0.0022,0.094,0.596
114,7296,orientation_cued_D0,0.69315,0.5000,0.0018,0.191,0.625
115,7360,orientation_cued_D0,0.69315,0.5000,0.0035,0.164,0.549
116,7424,orientation_cued_D0,0.69315,0.5000,0.0013,0.166,0.694
117,7488,orientation_cued_D0,0.69314,0.5000,0.0020,0.162,0.535
118,7552,orientation_cued_D0,0.69315,0.5000,0.0029,0.072,0.615
119,7616,orientation_cued_D0,0.69315,0.5000,0.0006,0.067,0.636
120,7680,orientation_cued_D0,0.69315,0.5000,0.0023,0.173,0.760
121,7744,orientation_cued_D0,0.69315,0.5000,0.0022,0.172,0.592
122,7808,orientation_cued_D0,0.69315,0.4688,0.0005,0.164,0.529
123,7872,orientation_cued_D0,0.69315,0.5000,0.0023,0.070,0.616
124,7936,orientation_cued_D0,0.69314,0.5000,0.0015,0.066,0.672
125,8000,orientation_cued_D0,0.69315,0.5000,0.0013,0.085,0.683
126,8064,orientation_cued_D0,0.69315,0.5000,0.0020,0.182,0.781
127,8128,orientation_cued_D0,0.69315,0.5312,0.0004,0.167,0.522
128,8192,orientation_cued_D0,0.69315,0.5000,0.0014,0.163,0.551
129,8256,orientation_cued_D0,0.69315,0.5000,0.0014,0.070,0.605
130,8320,orientation_cued_D0,0.69315,0.5156,0.0003,0.069,0.609
131,8384,orientation_cued_D0,0.69315,0.5000,0.0015,0.154,0.562
132,8448,orientation_cued_D0,0.69315,0.5000,0.0008,0.069,0.625
133,8512,orientation_cued_D0,0.69315,0.5000,0.0009,0.071,0.662
134,8576,orientation_cued_D0,0.69315,0.5000,0.0011,0.088,0.605
135,8640,orientation_cued_D0,0.69315,0.4844,0.0003,0.115,0.577
136,8704,orientation_cued_D0,0.69315,0.5000,0.0010,0.192,0.671
137,8768,orientation_cued_D0,0.69315,0.5000,0.0009,0.182,0.579
138,8832,orientation_cued_D0,0.69315,0.5156,0.0004,0.179,0.450
139,8896,orientation_cued_D0,0.69315,0.5000,0.0010,0.166,0.574
140,8960,orientation_cued_D0,0.69315,0.5000,0.0006,0.157,0.639
141,9024,orientation_cued_D0,0.69315,0.5000,0.0007,0.074,0.597
142,9088,orientation_cued_D0,0.69315,0.5000,0.0010,0.069,0.599
143,9152,orientation_cued_D0,0.69315,0.5312,0.0003,0.088,0.716
144,9216,orientation_cued_D0,0.69315,0.5000,0.0007,0.191,0.761
145,9280,orientation_cued_D0,0.69315,0.5000,0.0005,0.170,0.511
146,9344,orientation_cued_D0,0.69315,0.5000,0.0006,0.161,0.552
147,9408,orientation_cued_D0,0.69315,0.5000,0.0006,0.075,0.497
148,9472,orientation_cued_D0,0.69315,0.5000,0.0004,0.065,0.769
149,9536,orientation_cued_D0,0.69315,0.5000,0.0005,0.173,0.700
150,9600,orientation_cued_D0,0.69315,0.5000,0.0005,0.162,0.537
151,9664,orientation_cued_D0,0.69315,0.5000,0.0004,0.065,0.507
152,9728,orientation_cued_D0,0.69315,0.5000,0.0005,0.080,0.582
153,9792,orientation_cued_D0,0.69315,0.5000,0.0003,0.128,0.641
154,9856,orientation_cued_D0,0.69315,0.5312,0.0004,0.161,0.452
155,9920,orientation_cued_D0,0.69315,0.5156,0.0004,0.160,0.658
156,9984,orientation_cued_D0,0.69315,0.5000,0.0003,0.072,0.592
157,10048,orientation_cued_D0,0.69314,0.5000,0.0004,0.062,0.599
158,10112,orientation_cued_D0,0.69315,0.5000,0.0004,0.087,0.654
159,10176,orientation_cued_D0,0.69315,0.5000,0.0005,0.187,0.687
160,10240,orientation_cued_D0,0.69315,0.5000,0.0004,0.174,0.528
161,10304,orientation_cued_D0,0.69314,0.5156,0.0005,0.075,0.517
162,10368,orientation_cued_D0,0.69315,0.5000,0.0005,0.074,0.603
163,10432,orientation_cued_D0,0.69314,0.5312,0.0003,0.174,0.798
164,10496,orientation_cued_D0,0.69315,0.5000,0.0005,0.165,0.552
165,10560,orientation_cued_D0,0.69315,0.4531,0.0004,0.086,0.571
166,10624,orientation_cued_D0,0.69315,0.5000,0.0005,0.065,0.535
167,10688,orientation_cued_D0,0.69315,0.5000,0.0004,0.088,0.614
168,10752,orientation_cued_D0,0.69315,0.4844,0.0004,0.170,0.540
169,10816,orientation_cued_D0,0.69315,0.4844,0.0004,0.168,0.573
170,10880,orientation_cued_D0,0.69315,0.4062,0.0003,0.054,0.545
171,10944,orientation_cued_D0,0.69315,0.3750,0.0003,0.065,0.630
172,11008,orientation_cued_D0,0.69314,0.4844,0.0005,0.080,0.673
173,11072,orientation_cued_D0,0.69315,0.4531,0.0003,0.093,0.606
174,11136,orientation_cued_D0,0.69315,0.5000,0.0005,0.185,0.709
175,11200,orientation_cued_D0,0.69315,0.5156,0.0006,0.068,0.602
176,11264,orientation_cued_D0,0.69315,0.4844,0.0004,0.078,0.657
177,11328,orientation_cued_D0,0.69315,0.5000,0.0006,0.083,0.659
178,11392,orientation_cued_D0,0.69315,0.5156,0.0003,0.171,0.659
179,11456,orientation_cued_D0,0.69315,0.5000,0.0005,0.074,0.679
180,11520,orientation_cued_D0,0.69315,0.5156,0.0004,0.071,0.622
181,11584,orientation_cued_D0,0.69315,0.4531,0.0005,0.088,0.694
182,11648,orientation_cued_D0,0.69315,0.5000,0.0004,0.177,0.688
183,11712,orientation_cued_D0,0.69315,0.5781,0.0003,0.168,0.618
184,11776,orientation_cued_D0,0.69315,0.5156,0.0004,0.167,0.581
185,11840,orientation_cued_D0,0.69314,0.4844,0.0003,0.068,0.593
186,11904,orientation_cued_D0,0.69315,0.5781,0.0003,0.073,0.545
187,11968,orientation_cued_D0,0.69315,0.4688,0.0004,0.173,0.744
188,12032,orientation_cued_D0,0.69315,0.4219,0.0004,0.065,0.593
189,12096,orientation_cued_D0,0.69315,0.4688,0.0003,0.072,0.612
190,12160,orientation_cued_D0,0.69315,0.5156,0.0003,0.153,0.638
191,12224,orientation_cued_D0,0.69315,0.4844,0.0003,0.157,0.737
192,12288,orientation_cued_D0,0.69315,0.5000,0.0003,0.070,0.634
193,12352,orientation_cued_D0,0.69315,0.5156,0.0003,0.063,0.664
194,12416,orientation_cued_D0,0.69315,0.4688,0.0003,0.174,0.633
195,12480,orientation_cued_D0,0.69315,0.4688,0.0003,0.167,0.554
196,12544,orientation_cued_D0,0.69315,0.4375,0.0003,0.081,0.584
197,12608,orientation_cued_D0,0.69315,0.5156,0.0004,0.067,0.594
198,12672,orientation_cued_D0,0.69315,0.5000,0.0004,0.092,0.624
199,12736,orientation_cued_D0,0.69315,0.5781,0.0003,0.182,0.550
200,12800,orientation_cued_D0,0.69315,0.5625,0.0003,0.162,0.605
201,12864,orientation_cued_D0,0.69315,0.5156,0.0003,0.276,0.003
202,12928,orientation_cued_D0,0.69315,0.5000,0.0004,0.068,0.002
203,12992,orientation_cued_D0,0.69315,0.4688,0.0003,0.063,0.001
204,13056,orientation_cued_D0,0.69315,0.5000,0.0006,0.062,0.001
205,13120,orientation_cued_D0,0.69315,0.4688,0.0003,0.054,0.002
206,13184,orientation_cued_D0,0.69315,0.5000,0.0005,0.063,0.380
207,13248,orientation_cued_D0,0.69315,0.5625,0.0003,0.075,0.604
208,13312,orientation_cued_D0,0.69315,0.5000,0.0006,0.078,0.643
209,13376,orientation_cued_D0,0.69314,0.5938,0.0004,0.086,0.702
210,13440,orientation_cued_D0,0.69315,0.5781,0.0004,0.080,0.611
211,13504,orientation_cued_D0,0.69315,0.5000,0.0007,0.105,0.738
212,13568,orientation_cued_D0,0.69315,0.4531,0.0004,0.194,0.626
213,13632,orientation_cued_D0,0.69315,0.5000,0.0005,0.193,0.497
214,13696,orientation_cued_D0,0.69315,0.3906,0.0004,0.058,0.562
215,13760,orientation_cued_D0,0.69315,0.5000,0.0005,0.069,0.636
216,13824,orientation_cued_D0,0.69315,0.5156,0.0004,0.080,0.685
217,13888,orientation_cued_D0,0.69315,0.4844,0.0003,0.089,0.575
218,13952,orientation_cued_D0,0.69314,0.5000,0.0004,0.182,0.723
219,14016,orientation_cued_D0,0.69315,0.5469,0.0003,0.167,0.620
220,14080,orientation_cued_D0,0.69315,0.5156,0.0004,0.070,0.595
221,14144,orientation_cued_D0,0.69314,0.5312,0.0003,0.063,0.664
222,14208,orientation_cued_D0,0.69315,0.5000,0.0004,0.179,0.612
223,14272,orientation_cued_D0,0.69315,0.5469,0.0003,0.163,0.585
224,14336,orientation_cued_D0,0.69314,0.5938,0.0003,0.064,0.584
225,14400,orientation_cued_D0,0.69315,0.5312,0.0003,0.082,0.539
226,14464,orientation_cued_D0,0.69315,0.5000,0.0003,0.086,0.720
227,14528,orientation_cued_D0,0.69315,0.4531,0.0004,0.177,0.636
228,14592,orientation_cued_D0,0.69315,0.4688,0.0004,0.171,0.627
229,14656,orientation_cued_D0,0.69315,0.5000,0.0004,0.085,0.515
230,14720,orientation_cued_D0,0.69315,0.4688,0.0003,0.088,0.659
231,14784,orientation_cued_D0,0.69315,0.5312,0.0004,0.165,0.656
232,14848,orientation_cued_D0,0.69315,0.5000,0.0004,0.164,0.550
233,14912,orientation_cued_D0,0.69315,0.4531,0.0004,0.078,0.615
234,14976,orientation_cued_D0,0.69315,0.4844,0.0004,0.081,0.704
235,15040,orientation_cued_D0,0.69315,0.5000,0.0004,0.167,0.787
236,15104,orientation_cued_D0,0.69315,0.5312,0.0003,0.163,0.574
237,15168,orientation_cued_D0,0.69315,0.5000,0.0005,0.162,0.650
238,15232,orientation_cued_D0,0.69315,0.5469,0.0003,0.063,0.624
239,15296,orientation_cued_D0,0.69315,0.5000,0.0006,0.071,0.691
240,15360,orientation_cued_D0,0.69315,0.4844,0.0003,0.080,0.643
241,15424,orientation_cued_D0,0.69315,0.5000,0.0006,0.175,0.610
242,15488,orientation_cued_D0,0.69315,0.4844,0.0005,0.166,0.452
243,15552,orientation_cued_D0,0.69314,0.5000,0.0005,0.167,0.662
244,15616,orientation_cued_D0,0.69315,0.5000,0.0006,0.167,0.627
245,15680,orientation_cued_D0,0.69314,0.5625,0.0003,0.169,0.661
246,15744,orientation_cued_D0,0.69314,0.5000,0.0006,0.083,0.545
247,15808,orientation_cued_D0,0.69315,0.5000,0.0003,0.080,0.731
248,15872,orientation_cued_D0,0.69314,0.5156,0.0005,0.077,0.695
249,15936,orientation_cued_D0,0.69315,0.5000,0.0004,0.105,0.560
250,16000,orientation_cued_D0,0.69315,0.4531,0.0003,0.183,0.647
251,16064,orientation_cued_D0,0.69315,0.5000,0.0003,0.169,0.620
252,16128,orientation_cued_D0,0.69315,0.5938,0.0003,0.163,0.558
253,16192,orientation_cued_D0,0.69315,0.4062,0.0003,0.062,0.556
254,16256,orientation_cued_D0,0.69315,0.4531,0.0003,0.072,0.593
255,16320,orientation_cued_D0,0.69315,0.5000,0.0003,0.169,0.635
256,16384,orientation_cued_D0,0.69314,0.5469,0.0004,0.172,0.703
257,16448,orientation_cued_D0,0.69315,0.5000,0.0004,0.061,0.614
258,16512,orientation_cued_D0,0.69315,0.4062,0.0004,0.072,0.621
259,16576,orientation_cued_D0,0.69315,0.5000,0.0004,0.176,0.786
260,16640,orientation_cued_D0,0.69315,0.5469,0.0003,0.166,0.616
261,16704,orientation_cued_D0,0.69315,0.5156,0.0003,0.076,0.531
262,16768,orientation_cued_D0,0.69315,0.5000,0.0004,0.064,0.714
263,16832,orientation_cued_D0,0.69315,0.5156,0.0003,0.173,0.624
264,16896,orientation_cued_D0,0.69315,0.5156,0.0004,0.164,0.545
265,16960,orientation_cued_D0,0.69315,0.4688,0.0003,0.062,0.520
266,17024,orientation_cued_D0,0.69315,0.5156,0.0003,0.067,0.715
267,17088,orientation_cued_D0,0.69315,0.5781,0.0003,0.174,0.763
268,17152,orientation_cued_D0,0.69315,0.5156,0.0003,0.167,0.690
269,17216,orientation_cued_D0,0.69315,0.4531,0.0003,0.160,0.560
270,17280,orientation_cued_D0,0.69315,0.4375,0.0003,0.063,0.681
271,17344,orientation_cued_D0,0.69315,0.4375,0.0003,0.073,0.650
272,17408,orientation_cued_D0,0.69315,0.5312,0.0003,0.078,0.683
273,17472,orientation_cued_D0,0.69315,0.5000,0.0003,0.105,0.531
274,17536,orientation_cued_D0,0.69315,0.5000,0.0003,0.176,0.605
275,17600,orientation_cued_D0,0.69315,0.5312,0.0003,0.166,0.647
276,17664,orientation_cued_D0,0.69315,0.4844,0.0004,0.163,0.527
277,17728,orientation_cued_D0,0.69315,0.4844,0.0004,0.080,0.505
278,17792,orientation_cued_D0,0.69315,0.4688,0.0004,0.072,0.703
279,17856,orientation_cued_D0,0.69315,0.5312,0.0003,0.172,0.725
280,17920,orientation_cued_D0,0.69315,0.4844,0.0005,0.081,0.433
281,17984,orientation_cued_D0,0.69315,0.4844,0.0003,0.074,0.640
282,18048,orientation_cued_D0,0.69315,0.5000,0.0005,0.092,0.563
283,18112,orientation_cued_D0,0.69315,0.4844,0.0003,0.186,0.658
284,18176,orientation_cued_D0,0.69315,0.4844,0.0005,0.168,0.589
285,18240,orientation_cued_D0,0.69314,0.5625,0.0003,0.168,0.483
286,18304,orientation_cued_D0,0.69315,0.5000,0.0007,0.150,0.531
287,18368,orientation_cued_D0,0.69315,0.4844,0.0003,0.059,0.534
288,18432,orientation_cued_D0,0.69315,0.5000,0.0005,0.074,0.576
289,18496,orientation_cued_D0,0.69315,0.5000,0.0004,0.173,0.774
290,18560,orientation_cued_D0,0.69315,0.5000,0.0008,0.159,0.546
291,18624,orientation_cued_D0,0.69314,0.5625,0.0003,0.078,0.606
292,18688,orientation_cued_D0,0.69315,0.5000,0.0006,0.083,0.671
293,18752,orientation_cued_D0,0.69315,0.4688,0.0003,0.080,0.598
294,18816,orientation_cued_D0,0.69315,0.5156,0.0005,0.182,0.632
295,18880,orientation_cued_D0,0.69315,0.5000,0.0004,0.170,0.479
296,18944,orientation_cued_D0,0.69315,0.5156,0.0005,0.166,0.515
297,19008,orientation_cued_D0,0.69315,0.5000,0.0005,0.062,0.488
298,19072,orientation_cued_D0,0.69314,0.5312,0.0004,0.072,0.656
299,19136,orientation_cued_D0,0.69315,0.5000,0.0006,0.083,0.635
300,19200,orientation_cued_D0,0.69314,0.5312,0.0003,0.174,0.544
301,19264,orientation_cued_D0,0.69315,0.5000,0.0005,0.171,0.518
302,19328,orientation_cued_D0,0.69315,0.4844,0.0003,0.167,0.624
303,19392,orientation_cued_D0,0.69315,0.4844,0.0005,0.063,0.552
304,19456,orientation_cued_D0,0.69315,0.5000,0.0005,0.068,0.694
305,19520,orientation_cued_D0,0.69315,0.4531,0.0005,0.134,0.609
306,19584,orientation_cued_D0,0.69315,0.5000,0.0005,0.143,0.587
307,19648,orientation_cued_D0,0.69315,0.5000,0.0005,0.067,0.597
308,19712,orientation_cued_D0,0.69314,0.5000,0.0004,0.070,0.634
309,19776,orientation_cued_D0,0.69315,0.5000,0.0004,0.089,0.579
310,19840,orientation_cued_D0,0.69315,0.5156,0.0003,0.181,0.749
311,19904,orientation_cued_D0,0.69315,0.5000,0.0003,0.073,0.667
312,19968,orientation_cued_D0,0.69315,0.5312,0.0003,0.070,0.614
313,20032,orientation_cued_D0,0.69315,0.5000,0.0004,0.086,0.560
314,20096,orientation_cued_D0,0.69315,0.5156,0.0005,0.087,0.651
315,20160,orientation_cued_D0,0.69315,0.4844,0.0005,0.189,0.608
316,20224,orientation_cued_D0,0.69315,0.4844,0.0004,0.062,0.438
317,20288,orientation_cued_D0,0.69315,0.4688,0.0004,0.059,0.630
318,20352,orientation_cued_D0,0.69315,0.5000,0.0006,0.078,0.611
319,20416,orientation_cued_D0,0.69315,0.4844,0.0006,0.090,0.726
320,20480,orientation_cued_D0,0.69315,0.5000,0.0007,0.182,0.637
321,20544,orientation_cued_D0,0.69314,0.5000,0.0008,0.174,0.511
322,20608,orientation_cued_D0,0.69315,0.4844,0.0005,0.159,0.572
323,20672,orientation_cued_D0,0.69315,0.5000,0.0007,0.066,0.479
324,20736,orientation_cued_D0,0.69315,0.4844,0.0004,0.072,0.638
325,20800,orientation_cued_D0,0.69315,0.5000,0.0007,0.084,0.695
326,20864,orientation_cued_D0,0.69314,0.4844,0.0005,0.172,0.703
327,20928,orientation_cued_D0,0.69314,0.5000,0.0008,0.167,0.655
328,20992,orientation_cued_D0,0.69315,0.4062,0.0004,0.165,0.621
329,21056,orientation_cued_D0,0.69315,0.5000,0.0007,0.145,0.627
330,21120,orientation_cued_D0,0.69315,0.4844,0.0003,0.069,0.583
331,21184,orientation_cued_D0,0.69315,0.5000,0.0006,0.069,0.623
332,21248,orientation_cued_D0,0.69315,0.5781,0.0004,0.082,0.582
333,21312,orientation_cued_D0,0.69315,0.4844,0.0006,0.092,0.569
334,21376,orientation_cued_D0,0.69315,0.5000,0.0005,0.189,0.671
335,21440,orientation_cued_D0,0.69315,0.5000,0.0006,0.168,0.546
336,21504,orientation_cued_D0,0.69315,0.5000,0.0005,0.172,0.465
337,21568,orientation_cued_D0,0.69315,0.5000,0.0006,0.166,0.537
338,21632,orientation_cued_D0,0.69315,0.5156,0.0004,0.060,0.573
339,21696,orientation_cued_D0,0.69314,0.5000,0.0005,0.066,0.686
340,21760,orientation_cued_D0,0.69315,0.4844,0.0004,0.107,0.540
341,21824,orientation_cued_D0,0.69315,0.5156,0.0004,0.179,0.692
342,21888,orientation_cued_D0,0.69315,0.5156,0.0004,0.175,0.628
343,21952,orientation_cued_D0,0.69315,0.5000,0.0004,0.163,0.545
344,22016,orientation_cued_D0,0.69315,0.4844,0.0005,0.081,0.506
345,22080,orientation_cued_D0,0.69314,0.4844,0.0005,0.076,0.746
346,22144,orientation_cued_D0,0.69314,0.5156,0.0003,0.177,0.609
347,22208,orientation_cued_D0,0.69315,0.4844,0.0003,0.165,0.627
348,22272,orientation_cued_D0,0.69315,0.5938,0.0003,0.057,0.470
349,22336,orientation_cued_D0,0.69315,0.5625,0.0005,0.064,0.699
350,22400,orientation_cued_D0,0.69315,0.5000,0.0004,0.170,0.640
351,22464,orientation_cued_D0,0.69315,0.5781,0.0004,0.168,0.536
352,22528,orientation_cued_D0,0.69314,0.5938,0.0004,0.081,0.388
353,22592,orientation_cued_D0,0.69315,0.4844,0.0003,0.078,0.568
354,22656,orientation_cued_D0,0.69315,0.4688,0.0003,0.080,0.649
355,22720,orientation_cued_D0,0.69315,0.4844,0.0004,0.176,0.708
356,22784,orientation_cued_D0,0.69315,0.5312,0.0005,0.156,0.718
357,22848,orientation_cued_D0,0.69314,0.5781,0.0005,0.110,0.516
358,22912,orientation_cued_D0,0.69315,0.5000,0.0008,0.070,0.642
359,22976,orientation_cued_D0,0.69315,0.5469,0.0003,0.184,0.751
360,23040,orientation_cued_D0,0.69315,0.4688,0.0005,0.169,0.571
361,23104,orientation_cued_D0,0.69315,0.5156,0.0004,0.166,0.537
362,23168,orientation_cued_D0,0.69315,0.5469,0.0003,0.069,0.535
363,23232,orientation_cued_D0,0.69315,0.4844,0.0004,0.080,0.681
364,23296,orientation_cued_D0,0.69314,0.5469,0.0004,0.167,0.668
365,23360,orientation_cued_D0,0.69315,0.5469,0.0005,0.162,0.675
366,23424,orientation_cued_D0,0.69315,0.5000,0.0004,0.059,0.581
367,23488,orientation_cued_D0,0.69315,0.5000,0.0006,0.065,0.673
368,23552,orientation_cued_D0,0.69315,0.4531,0.0003,0.168,0.755
369,23616,orientation_cued_D0,0.69315,0.5000,0.0010,0.173,0.574
370,23680,orientation_cued_D0,0.69315,0.5000,0.0005,0.162,0.604
371,23744,orientation_cued_D0,0.69315,0.5000,0.0006,0.064,0.530
372,23808,orientation_cued_D0,0.69315,0.4844,0.0006,0.066,0.842
373,23872,orientation_cued_D0,0.69315,0.5000,0.0006,0.074,0.659
374,23936,orientation_cued_D0,0.69314,0.5000,0.0007,0.173,0.696
375,24000,orientation_cued_D0,0.69315,0.5156,0.0005,0.168,0.619
376,24064,orientation_cued_D0,0.69314,0.5000,0.0006,0.167,0.603
377,24128,orientation_cued_D0,0.69315,0.5312,0.0004,0.166,0.472
378,24192,orientation_cued_D0,0.69315,0.5000,0.0007,0.165,0.519
379,24256,orientation_cued_D0,0.69315,0.5000,0.0003,0.065,0.555
380,24320,orientation_cued_D0,0.69315,0.5000,0.0008,0.062,0.661
381,24384,orientation_cued_D0,0.69314,0.6406,0.0003,0.091,0.592
382,24448,orientation_cued_D0,0.69315,0.5000,0.0008,0.094,0.688
383,24512,orientation_cued_D0,0.69315,0.4688,0.0003,0.185,0.648
384,24576,orientation_cued_D0,0.69315,0.5000,0.0005,0.166,0.624
385,24640,orientation_cued_D0,0.69315,0.4531,0.0004,0.078,0.501
386,24704,orientation_cued_D0,0.69315,0.4531,0.0004,0.072,0.776
387,24768,orientation_cued_D0,0.69315,0.4844,0.0004,0.180,0.668
388,24832,orientation_cued_D0,0.69315,0.5000,0.0005,0.172,0.479
389,24896,orientation_cued_D0,0.69315,0.4375,0.0003,0.159,0.495
390,24960,orientation_cued_D0,0.69315,0.5000,0.0006,0.072,0.500
391,25024,orientation_cued_D0,0.69315,0.4688,0.0004,0.067,0.707
392,25088,orientation_cued_D0,0.69315,0.5000,0.0006,0.083,0.685
393,25152,orientation_cued_D0,0.69314,0.5312,0.0005,0.168,0.557
394,25216,orientation_cued_D0,0.69315,0.5312,0.0004,0.163,0.672
395,25280,orientation_cued_D0,0.69315,0.5156,0.0004,0.169,0.646
396,25344,orientation_cued_D0,0.69315,0.4844,0.0003,0.171,0.581
397,25408,orientation_cued_D0,0.69315,0.4844,0.0003,0.165,0.666
398,25472,orientation_cued_D0,0.69315,0.5156,0.0004,0.169,0.582
399,25536,orientation_cued_D0,0.69315,0.5156,0.0003,0.067,0.616
400,25600,orientation_cued_D0,0.69315,0.5000,0.0004,0.063,0.706
401,25664,orientation_cued_D0,0.69315,0.4844,0.0003,0.205,0.003
402,25728,orientation_cued_D0,0.69315,0.5000,0.0004,0.087,0.002
403,25792,orientation_cued_D0,0.69315,0.5469,0.0004,0.059,0.003
404,25856,orientation_cued_D0,0.69315,0.5000,0.0005,0.062,0.001
405,25920,orientation_cued_D0,0.69315,0.5000,0.0004,0.057,0.001
406,25984,orientation_cued_D0,0.69315,0.5000,0.0006,0.069,0.371
407,26048,orientation_cued_D0,0.69315,0.5000,0.0007,0.062,0.602
408,26112,orientation_cued_D0,0.69315,0.5000,0.0005,0.087,0.617
409,26176,orientation_cued_D0,0.69314,0.5000,0.0009,0.093,0.678
410,26240,orientation_cued_D0,0.69314,0.5156,0.0005,0.086,0.687
411,26304,orientation_cued_D0,0.69315,0.5156,0.0005,0.184,0.738
412,26368,orientation_cued_D0,0.69315,0.5000,0.0008,0.173,0.392
413,26432,orientation_cued_D0,0.69315,0.5312,0.0003,0.167,0.509
414,26496,orientation_cued_D0,0.69314,0.5000,0.0005,0.158,0.671
415,26560,orientation_cued_D0,0.69315,0.5000,0.0004,0.079,0.575
416,26624,orientation_cued_D0,0.69315,0.5000,0.0005,0.068,0.665
417,26688,orientation_cued_D0,0.69315,0.5000,0.0004,0.169,0.677
418,26752,orientation_cued_D0,0.69315,0.5000,0.0005,0.063,0.658
419,26816,orientation_cued_D0,0.69315,0.4219,0.0005,0.067,0.593
420,26880,orientation_cued_D0,0.69315,0.5000,0.0004,0.089,0.732
421,26944,orientation_cued_D0,0.69314,0.5625,0.0004,0.185,0.624
422,27008,orientation_cued_D0,0.69315,0.4375,0.0004,0.063,0.525
423,27072,orientation_cued_D0,0.69315,0.5156,0.0004,0.068,0.764
424,27136,orientation_cued_D0,0.69315,0.5156,0.0003,0.087,0.784
425,27200,orientation_cued_D0,0.69315,0.5312,0.0003,0.173,0.640
426,27264,orientation_cued_D0,0.69315,0.5469,0.0004,0.175,0.494
427,27328,orientation_cued_D0,0.69315,0.5000,0.0005,0.071,0.627
428,27392,orientation_cued_D0,0.69315,0.5469,0.0003,0.069,0.654
429,27456,orientation_cued_D0,0.69315,0.4844,0.0004,0.173,0.625
430,27520,orientation_cued_D0,0.69315,0.5312,0.0004,0.166,0.477
431,27584,orientation_cued_D0,0.69315,0.4844,0.0003,0.160,0.561
432,27648,orientation_cued_D0,0.69315,0.5312,0.0004,0.070,0.594
433,27712,orientation_cued_D0,0.69314,0.4531,0.0003,0.065,0.698
434,27776,orientation_cued_D0,0.69315,0.4219,0.0005,0.166,0.725
435,27840,orientation_cued_D0,0.69315,0.4844,0.0004,0.163,0.634
436,27904,orientation_cued_D0,0.69315,0.5000,0.0003,0.165,0.550
437,27968,orientation_cued_D0,0.69315,0.5000,0.0003,0.079,0.634
438,28032,orientation_cued_D0,0.69315,0.5469,0.0003,0.077,0.552
439,28096,orientation_cued_D0,0.69315,0.4688,0.0005,0.173,0.695
440,28160,orientation_cued_D0,0.69315,0.5000,0.0005,0.163,0.630
441,28224,orientation_cued_D0,0.69315,0.5469,0.0004,0.068,0.779
442,28288,orientation_cued_D0,0.69315,0.4844,0.0005,0.076,0.572
443,28352,orientation_cued_D0,0.69315,0.5000,0.0006,0.168,0.649
444,28416,orientation_cued_D0,0.69315,0.4219,0.0003,0.073,0.612
445,28480,orientation_cued_D0,0.69315,0.4062,0.0003,0.067,0.584
446,28544,orientation_cued_D0,0.69315,0.4844,0.0004,0.181,0.732
447,28608,orientation_cued_D0,0.69315,0.5312,0.0003,0.072,0.547
448,28672,orientation_cued_D0,0.69315,0.5312,0.0005,0.071,0.645
449,28736,orientation_cued_D0,0.69315,0.5156,0.0005,0.088,0.576
450,28800,orientation_cued_D0,0.69315,0.5312,0.0003,0.180,0.711
451,28864,orientation_cued_D0,0.69314,0.4688,0.0005,0.169,0.723
452,28928,orientation_cued_D0,0.69315,0.5156,0.0004,0.068,0.704
453,28992,orientation_cued_D0,0.69315,0.5781,0.0004,0.068,0.587
454,29056,orientation_cued_D0,0.69315,0.5000,0.0004,0.177,0.549
455,29120,orientation_cued_D0,0.69315,0.4531,0.0003,0.166,0.545
456,29184,orientation_cued_D0,0.69314,0.5156,0.0004,0.083,0.565
457,29248,orientation_cued_D0,0.69315,0.5781,0.0003,0.066,0.558
458,29312,orientation_cued_D0,0.69315,0.5156,0.0004,0.127,0.647
459,29376,orientation_cued_D0,0.69315,0.4688,0.0003,0.179,0.624
460,29440,orientation_cued_D0,0.69315,0.4688,0.0003,0.176,0.493
461,29504,orientation_cued_D0,0.69315,0.4844,0.0003,0.166,0.622
462,29568,orientation_cued_D0,0.69315,0.4688,0.0004,0.072,0.537
463,29632,orientation_cued_D0,0.69315,0.5000,0.0004,0.072,0.684
464,29696,orientation_cued_D0,0.69315,0.4375,0.0003,0.166,0.648
465,29760,orientation_cued_D0,0.69314,0.5938,0.0004,0.168,0.698
466,29824,orientation_cued_D0,0.69315,0.4688,0.0003,0.077,0.570
467,29888,orientation_cued_D0,0.69315,0.5000,0.0005,0.070,0.801
468,29952,orientation_cued_D0,0.69315,0.5000,0.0007,0.172,0.678
469,30016,orientation_cued_D0,0.69315,0.4844,0.0004,0.078,0.466
470,30080,orientation_cued_D0,0.69315,0.5000,0.0005,0.070,0.715
471,30144,orientation_cued_D0,0.69315,0.5000,0.0006,0.177,0.740
472,30208,orientation_cued_D0,0.69315,0.4844,0.0005,0.067,0.652
473,30272,orientation_cued_D0,0.69315,0.5000,0.0008,0.071,0.668
474,30336,orientation_cued_D0,0.69315,0.5156,0.0004,0.166,0.667
475,30400,orientation_cued_D0,0.69315,0.5000,0.0007,0.167,0.588
476,30464,orientation_cued_D0,0.69314,0.5000,0.0008,0.143,0.642
477,30528,orientation_cued_D0,0.69315,0.3750,0.0003,0.082,0.644
478,30592,orientation_cued_D0,0.69315,0.5000,0.0005,0.064,0.694
479,30656,orientation_cued_D0,0.69315,0.5312,0.0003,0.178,0.732
480,30720,orientation_cued_D0,0.69315,0.5000,0.0004,0.144,0.458
481,30784,orientation_cued_D0,0.69315,0.5156,0.0004,0.076,0.521
482,30848,orientation_cued_D0,0.69315,0.5156,0.0004,0.069,0.808
483,30912,orientation_cued_D0,0.69315,0.4844,0.0005,0.164,0.709
484,30976,orientation_cued_D0,0.69314,0.5000,0.0007,0.157,0.633
485,31040,orientation_cued_D0,0.69315,0.5156,0.0003,0.066,0.497
486,31104,orientation_cued_D0,0.69315,0.5000,0.0005,0.061,0.668
487,31168,orientation_cued_D0,0.69315,0.5000,0.0005,0.079,0.744
488,31232,orientation_cued_D0,0.69315,0.5000,0.0003,0.114,0.656
489,31296,orientation_cued_D0,0.69315,0.4688,0.0004,0.178,0.562
490,31360,orientation_cued_D0,0.69315,0.5000,0.0006,0.068,0.644
491,31424,orientation_cued_D0,0.69315,0.5312,0.0004,0.077,0.589
492,31488,orientation_cued_D0,0.69315,0.5156,0.0005,0.083,0.718
493,31552,orientation_cued_D0,0.69315,0.5000,0.0005,0.157,0.616
494,31616,orientation_cued_D0,0.69314,0.5312,0.0005,0.167,0.629
495,31680,orientation_cued_D0,0.69315,0.5000,0.0007,0.060,0.620
496,31744,orientation_cued_D0,0.69315,0.5312,0.0003,0.067,0.558
497,31808,orientation_cued_D0,0.69315,0.5000,0.0008,0.089,0.600
498,31872,orientation_cued_D0,0.69314,0.5000,0.0006,0.176,0.720
499,31936,orientation_cued_D0,0.69315,0.5000,0.0007,0.164,0.556
500,32000,orientation_cued_D0,0.69315,0.5000,0.0010,0.076,0.637
501,32064,orientation_cued_D0,0.69314,0.5000,0.0005,0.083,0.565
502,32128,orientation_cued_D0,0.69315,0.5000,0.0009,0.139,0.584
503,32192,orientation_cued_D0,0.69315,0.4688,0.0004,0.075,0.618
504,32256,orientation_cued_D0,0.69315,0.5000,0.0008,0.169,0.718
505,32320,orientation_cued_D0,0.69315,0.5000,0.0007,0.065,0.460
506,32384,orientation_cued_D0,0.69314,0.5156,0.0005,0.065,0.678
507,32448,orientation_cued_D0,0.69315,0.5000,0.0006,0.173,0.757
508,32512,orientation_cued_D0,0.69315,0.4531,0.0004,0.079,0.491
509,32576,orientation_cued_D0,0.69315,0.5000,0.0005,0.075,0.575
510,32640,orientation_cued_D0,0.69314,0.5156,0.0003,0.105,0.587
511,32704,orientation_cued_D0,0.69315,0.5156,0.0004,0.107,0.599
512,32768,orientation_cued_D0,0.69315,0.4844,0.0004,0.149,0.692
513,32832,orientation_cued_D0,0.69315,0.5000,0.0004,0.208,0.660
514,32896,orientation_cued_D0,0.69315,0.5156,0.0003,0.174,0.527
515,32960,orientation_cued_D0,0.69315,0.5469,0.0003,0.167,0.580
516,33024,orientation_cued_D0,0.69315,0.4844,0.0004,0.073,0.642
517,33088,orientation_cued_D0,0.69314,0.6406,0.0005,0.069,0.691
518,33152,orientation_cued_D0,0.69315,0.5312,0.0003,0.175,0.693
519,33216,orientation_cued_D0,0.69315,0.4844,0.0004,0.164,0.613
520,33280,orientation_cued_D0,0.69315,0.4688,0.0004,0.067,0.593
521,33344,orientation_cued_D0,0.69315,0.3906,0.0003,0.065,0.586
522,33408,orientation_cued_D0,0.69315,0.4844,0.0004,0.102,0.776
523,33472,orientation_cued_D0,0.69315,0.5000,0.0004,0.103,0.584
524,33536,orientation_cued_D0,0.69315,0.5312,0.0004,0.193,0.706
525,33600,orientation_cued_D0,0.69315,0.5156,0.0003,0.184,0.529
526,33664,orientation_cued_D0,0.69315,0.5156,0.0004,0.067,0.703
527,33728,orientation_cued_D0,0.69315,0.4531,0.0003,0.066,0.711
528,33792,orientation_cued_D0,0.69315,0.5156,0.0004,0.167,0.640
529,33856,orientation_cued_D0,0.69315,0.5000,0.0006,0.070,0.718
530,33920,orientation_cued_D0,0.69315,0.5000,0.0006,0.073,0.665
531,33984,orientation_cued_D0,0.69315,0.4844,0.0003,0.176,0.675
532,34048,orientation_cued_D0,0.69314,0.5000,0.0006,0.164,0.606
533,34112,orientation_cued_D0,0.69315,0.5312,0.0004,0.071,0.481
534,34176,orientation_cued_D0,0.69315,0.5000,0.0003,0.068,0.739
535,34240,orientation_cued_D0,0.69314,0.5000,0.0005,0.175,0.745
536,34304,orientation_cued_D0,0.69315,0.4531,0.0004,0.069,0.515
537,34368,orientation_cued_D0,0.69315,0.5000,0.0003,0.067,0.765
538,34432,orientation_cued_D0,0.69315,0.5156,0.0003,0.164,0.621
539,34496,orientation_cued_D0,0.69315,0.5156,0.0003,0.074,0.589
540,34560,orientation_cued_D0,0.69314,0.5000,0.0006,0.065,0.699
541,34624,orientation_cued_D0,0.69314,0.5000,0.0006,0.097,0.698
542,34688,orientation_cued_D0,0.69314,0.5312,0.0004,0.177,0.619
543,34752,orientation_cued_D0,0.69315,0.5156,0.0006,0.168,0.447
544,34816,orientation_cued_D0,0.69315,0.5000,0.0006,0.161,0.566
545,34880,orientation_cued_D0,0.69315,0.4531,0.0003,0.063,0.522
546,34944,orientation_cued_D0,0.69314,0.5000,0.0007,0.062,0.651
547,35008,orientation_cued_D0,0.69315,0.4688,0.0003,0.080,0.671
548,35072,orientation_cued_D0,0.69315,0.5000,0.0006,0.172,0.716
549,35136,orientation_cued_D0,0.69315,0.5312,0.0004,0.168,0.565
550,35200,orientation_cued_D0,0.69314,0.5000,0.0004,0.160,0.559
551,35264,orientation_cued_D0,0.69315,0.5312,0.0003,0.070,0.620
552,35328,orientation_cued_D0,0.69315,0.5000,0.0007,0.062,0.660
553,35392,orientation_cued_D0,0.69315,0.5000,0.0008,0.165,0.734
554,35456,orientation_cued_D0,0.69315,0.4531,0.0003,0.165,0.544
555,35520,orientation_cued_D0,0.69315,0.4844,0.0006,0.067,0.484
556,35584,orientation_cued_D0,0.69314,0.5000,0.0008,0.076,0.699
557,35648,orientation_cued_D0,0.69315,0.4688,0.0004,0.169,0.738
558,35712,orientation_cued_D0,0.69314,0.5312,0.0004,0.084,0.510
559,35776,orientation_cued_D0,0.69315,0.5156,0.0004,0.068,0.689
560,35840,orientation_cued_D0,0.69315,0.4219,0.0003,0.174,0.711
561,35904,orientation_cued_D0,0.69315,0.5000,0.0006,0.160,0.649
562,35968,orientation_cued_D0,0.69315,0.5000,0.0005,0.152,0.581
563,36032,orientation_cued_D0,0.69315,0.4062,0.0004,0.052,0.383
564,36096,orientation_cued_D0,0.69315,0.5000,0.0008,0.061,0.492
565,36160,orientation_cued_D0,0.69315,0.5000,0.0009,0.061,0.464
566,36224,orientation_cued_D0,0.69315,0.5156,0.0003,0.174,0.575
567,36288,orientation_cued_D0,0.69315,0.5000,0.0007,0.162,0.553
568,36352,orientation_cued_D0,0.69315,0.5000,0.0009,0.066,0.521
569,36416,orientation_cued_D0,0.69315,0.4531,0.0003,0.074,0.538
570,36480,orientation_cued_D0,0.69315,0.5000,0.0006,0.169,0.697
571,36544,orientation_cued_D0,0.69315,0.5625,0.0004,0.079,0.464
572,36608,orientation_cued_D0,0.69315,0.5000,0.0006,0.078,0.625
573,36672,orientation_cued_D0,0.69315,0.5000,0.0010,0.076,0.572
574,36736,orientation_cued_D0,0.69314,0.5000,0.0005,0.085,0.605
575,36800,orientation_cued_D0,0.69315,0.5000,0.0007,0.182,0.631
576,36864,orientation_cued_D0,0.69315,0.5000,0.0008,0.171,0.594
577,36928,orientation_cued_D0,0.69314,0.5781,0.0004,0.073,0.624
578,36992,orientation_cued_D0,0.69314,0.5469,0.0005,0.081,0.673
579,37056,orientation_cued_D0,0.69315,0.4844,0.0004,0.089,0.604
580,37120,orientation_cued_D0,0.69315,0.4375,0.0004,0.149,0.622
581,37184,orientation_cued_D0,0.69314,0.6406,0.0005,0.171,0.528
582,37248,orientation_cued_D0,0.69315,0.4688,0.0003,0.167,0.632
583,37312,orientation_cued_D0,0.69314,0.5625,0.0005,0.059,0.629
584,37376,orientation_cued_D0,0.69315,0.4688,0.0003,0.071,0.602
585,37440,orientation_cued_D0,0.69314,0.5156,0.0005,0.173,0.629
586,37504,orientation_cued_D0,0.69315,0.4688,0.0004,0.074,0.561
587,37568,orientation_cued_D0,0.69315,0.4219,0.0003,0.080,0.598
588,37632,orientation_cued_D0,0.69315,0.4531,0.0003,0.091,0.569
589,37696,orientation_cued_D0,0.69314,0.5781,0.0003,0.104,0.761
590,37760,orientation_cued_D0,0.69315,0.5469,0.0003,0.191,0.706
591,37824,orientation_cued_D0,0.69315,0.4844,0.0003,0.179,0.502
592,37888,orientation_cued_D0,0.69315,0.4844,0.0006,0.068,0.494
593,37952,orientation_cued_D0,0.69315,0.5000,0.0009,0.069,0.610
594,38016,orientation_cued_D0,0.69315,0.5312,0.0004,0.086,0.618
595,38080,orientation_cued_D0,0.69315,0.5000,0.0007,0.178,0.743
596,38144,orientation_cued_D0,0.69315,0.5000,0.0010,0.167,0.572
597,38208,orientation_cued_D0,0.69315,0.4688,0.0003,0.170,0.543
598,38272,orientation_cued_D0,0.69315,0.5000,0.0012,0.063,0.600
599,38336,orientation_cued_D0,0.69315,0.5000,0.0010,0.070,0.605
600,38400,orientation_cued_D0,0.69315,0.5000,0.0005,0.125,0.513
601,38464,orientation_cued_D0,0.69315,0.5000,0.0010,0.207,0.002
602,38528,orientation_cued_D0,0.69315,0.5156,0.0006,0.057,0.002
603,38592,orientation_cued_D0,0.69315,0.5156,0.0006,0.061,0.002
604,38656,orientation_cued_D0,0.69315,0.5000,0.0012,0.066,0.002
605,38720,orientation_cued_D0,0.69315,0.5000,0.0008,0.057,0.001
606,38784,orientation_cued_D0,0.69315,0.5156,0.0004,0.069,0.448
607,38848,orientation_cued_D0,0.69315,0.5000,0.0013,0.075,0.607
608,38912,orientation_cued_D0,0.69315,0.5000,0.0011,0.067,0.692
609,38976,orientation_cued_D0,0.69315,0.5000,0.0003,0.086,0.667
610,39040,orientation_cued_D0,0.69315,0.5000,0.0009,0.177,0.645
611,39104,orientation_cued_D0,0.69315,0.5000,0.0009,0.145,0.664
612,39168,orientation_cued_D0,0.69315,0.3750,0.0003,0.075,0.664
613,39232,orientation_cued_D0,0.69315,0.5000,0.0009,0.073,0.538
614,39296,orientation_cued_D0,0.69314,0.5000,0.0008,0.093,0.651
615,39360,orientation_cued_D0,0.69315,0.5625,0.0003,0.147,0.641
616,39424,orientation_cued_D0,0.69314,0.5000,0.0007,0.179,0.650
617,39488,orientation_cued_D0,0.69315,0.5000,0.0008,0.165,0.588
618,39552,orientation_cued_D0,0.69314,0.5312,0.0004,0.170,0.653
619,39616,orientation_cued_D0,0.69315,0.5000,0.0007,0.065,0.518
620,39680,orientation_cued_D0,0.69315,0.5156,0.0005,0.079,0.682
621,39744,orientation_cued_D0,0.69315,0.5156,0.0003,0.091,0.676
622,39808,orientation_cued_D0,0.69315,0.4844,0.0004,0.103,0.700
623,39872,orientation_cued_D0,0.69314,0.5000,0.0006,0.185,0.483
624,39936,orientation_cued_D0,0.69315,0.5156,0.0005,0.175,0.575
625,40000,orientation_cued_D0,0.69315,0.4844,0.0003,0.174,0.510
626,40064,orientation_cued_D0,0.69315,0.5000,0.0009,0.144,0.545
627,40128,orientation_cued_D0,0.69315,0.5000,0.0011,0.065,0.595
628,40192,orientation_cued_D0,0.69315,0.5000,0.0007,0.076,0.691
629,40256,orientation_cued_D0,0.69314,0.5000,0.0006,0.188,0.687
630,40320,orientation_cued_D0,0.69315,0.5000,0.0011,0.167,0.566
631,40384,orientation_cued_D0,0.69315,0.5000,0.0011,0.163,0.476
632,40448,orientation_cued_D0,0.69315,0.5000,0.0004,0.165,0.548
633,40512,orientation_cued_D0,0.69315,0.5000,0.0008,0.070,0.620
634,40576,orientation_cued_D0,0.69315,0.5000,0.0010,0.069,0.628
635,40640,orientation_cued_D0,0.69314,0.5781,0.0003,0.169,0.715
636,40704,orientation_cued_D0,0.69315,0.5000,0.0007,0.174,0.518
637,40768,orientation_cued_D0,0.69315,0.5000,0.0009,0.068,0.538
638,40832,orientation_cued_D0,0.69315,0.4531,0.0004,0.071,0.735
639,40896,orientation_cued_D0,0.69315,0.5000,0.0009,0.166,0.617
640,40960,orientation_cued_D0,0.69315,0.5000,0.0014,0.073,0.674
641,41024,orientation_cued_D0,0.69315,0.5000,0.0009,0.068,0.617
642,41088,orientation_cued_D0,0.69315,0.5625,0.0004,0.169,0.638
643,41152,orientation_cued_D0,0.69315,0.5000,0.0008,0.141,0.473
644,41216,orientation_cued_D0,0.69315,0.5000,0.0010,0.078,0.593
645,41280,orientation_cued_D0,0.69315,0.4688,0.0004,0.071,0.735
646,41344,orientation_cued_D0,0.69315,0.5000,0.0010,0.171,0.714
647,41408,orientation_cued_D0,0.69315,0.5000,0.0014,0.066,0.542
648,41472,orientation_cued_D0,0.69314,0.5000,0.0010,0.072,0.614
649,41536,orientation_cued_D0,0.69315,0.4844,0.0004,0.092,0.789
650,41600,orientation_cued_D0,0.69315,0.4688,0.0005,0.151,0.604
651,41664,orientation_cued_D0,0.69315,0.5000,0.0007,0.165,0.565
652,41728,orientation_cued_D0,0.69315,0.4688,0.0004,0.163,0.504
653,41792,orientation_cued_D0,0.69315,0.4531,0.0003,0.070,0.646
654,41856,orientation_cued_D0,0.69315,0.4688,0.0003,0.076,0.611
655,41920,orientation_cued_D0,0.69314,0.5000,0.0004,0.081,0.514
656,41984,orientation_cued_D0,0.69315,0.4531,0.0005,0.111,0.619
657,42048,orientation_cued_D0,0.69314,0.5469,0.0004,0.189,0.724
658,42112,orientation_cued_D0,0.69315,0.4531,0.0005,0.082,0.573
659,42176,orientation_cued_D0,0.69314,0.5000,0.0008,0.072,0.667
660,42240,orientation_cued_D0,0.69315,0.4062,0.0004,0.169,0.688
661,42304,orientation_cued_D0,0.69314,0.5000,0.0009,0.064,0.708
662,42368,orientation_cued_D0,0.69315,0.5000,0.0011,0.068,0.656
663,42432,orientation_cued_D0,0.69315,0.5000,0.0007,0.088,0.605
664,42496,orientation_cued_D0,0.69315,0.5000,0.0004,0.176,0.662
665,42560,orientation_cued_D0,0.69315,0.5000,0.0007,0.172,0.569
666,42624,orientation_cued_D0,0.69315,0.4844,0.0004,0.073,0.584
667,42688,orientation_cued_D0,0.69315,0.5000,0.0005,0.063,0.725
668,42752,orientation_cued_D0,0.69315,0.5000,0.0008,0.177,0.741
669,42816,orientation_cued_D0,0.69314,0.5000,0.0005,0.167,0.537
670,42880,orientation_cued_D0,0.69315,0.4688,0.0003,0.169,0.522
671,42944,orientation_cued_D0,0.69315,0.4688,0.0004,0.074,0.547
672,43008,orientation_cued_D0,0.69315,0.5000,0.0006,0.078,0.647
673,43072,orientation_cued_D0,0.69315,0.5000,0.0009,0.165,0.643
674,43136,orientation_cued_D0,0.69314,0.5312,0.0005,0.169,0.646
675,43200,orientation_cued_D0,0.69314,0.5000,0.0005,0.168,0.620
676,43264,orientation_cued_D0,0.69315,0.5625,0.0003,0.062,0.442
677,43328,orientation_cued_D0,0.69315,0.5000,0.0007,0.079,0.758
678,43392,orientation_cued_D0,0.69315,0.5000,0.0013,0.085,0.623
679,43456,orientation_cued_D0,0.69315,0.5000,0.0013,0.085,0.675
680,43520,orientation_cued_D0,0.69315,0.5156,0.0005,0.189,0.636
681,43584,orientation_cued_D0,0.69315,0.5000,0.0008,0.171,0.544
682,43648,orientation_cued_D0,0.69315,0.5000,0.0010,0.166,0.555
683,43712,orientation_cued_D0,0.69315,0.5156,0.0004,0.068,0.529
684,43776,orientation_cued_D0,0.69315,0.5000,0.0005,0.078,0.512
685,43840,orientation_cued_D0,0.69315,0.5469,0.0004,0.098,0.736
686,43904,orientation_cued_D0,0.69315,0.4531,0.0003,0.179,0.626
687,43968,orientation_cued_D0,0.69314,0.4688,0.0006,0.072,0.509
688,44032,orientation_cued_D0,0.69314,0.5312,0.0005,0.066,0.683
689,44096,orientation_cued_D0,0.69315,0.4688,0.0005,0.088,0.699
690,44160,orientation_cued_D0,0.69315,0.4688,0.0005,0.172,0.731
691,44224,orientation_cued_D0,0.69315,0.4375,0.0004,0.164,0.559
692,44288,orientation_cued_D0,0.69315,0.5156,0.0004,0.065,0.580
693,44352,orientation_cued_D0,0.69315,0.5000,0.0007,0.063,0.691
694,44416,orientation_cued_D0,0.69315,0.5000,0.0006,0.077,0.571
695,44480,orientation_cued_D0,0.69315,0.4531,0.0004,0.174,0.692
696,44544,orientation_cued_D0,0.69314,0.4688,0.0004,0.167,0.466
697,44608,orientation_cued_D0,0.69315,0.4844,0.0003,0.166,0.468
698,44672,orientation_cued_D0,0.69315,0.5000,0.0003,0.167,0.513
699,44736,orientation_cued_D0,0.69314,0.5156,0.0005,0.072,0.578
700,44800,orientation_cued_D0,0.69315,0.5000,0.0008,0.078,0.609
701,44864,orientation_cued_D0,0.69315,0.5156,0.0004,0.112,0.619
702,44928,orientation_cued_D0,0.69315,0.5000,0.0006,0.167,0.640
703,44992,orientation_cued_D0,0.69314,0.5000,0.0007,0.171,0.517
704,45056,orientation_cued_D0,0.69315,0.4375,0.0004,0.074,0.634
705,45120,orientation_cued_D0,0.69315,0.5625,0.0003,0.073,0.631
706,45184,orientation_cued_D0,0.69315,0.5000,0.0004,0.176,0.715
707,45248,orientation_cued_D0,0.69315,0.4688,0.0003,0.175,0.536
708,45312,orientation_cued_D0,0.69315,0.4844,0.0005,0.170,0.526
709,45376,orientation_cued_D0,0.69315,0.4531,0.0004,0.166,0.493
710,45440,orientation_cued_D0,0.69314,0.5469,0.0004,0.061,0.554
711,45504,orientation_cued_D0,0.69315,0.4688,0.0007,0.069,0.718
712,45568,orientation_cued_D0,0.69314,0.5000,0.0008,0.166,0.732
713,45632,orientation_cued_D0,0.69315,0.5000,0.0007,0.164,0.538
714,45696,orientation_cued_D0,0.69315,0.4844,0.0007,0.069,0.495
715,45760,orientation_cued_D0,0.69314,0.4688,0.0005,0.075,0.611
716,45824,orientation_cued_D0,0.69315,0.4688,0.0004,0.172,0.678
717,45888,orientation_cued_D0,0.69314,0.5156,0.0007,0.170,0.595
718,45952,orientation_cued_D0,0.69315,0.5000,0.0010,0.072,0.535
719,46016,orientation_cued_D0,0.69315,0.5000,0.0010,0.070,0.620
720,46080,orientation_cued_D0,0.69315,0.5000,0.0006,0.077,0.702
721,46144,orientation_cued_D0,0.69315,0.5156,0.0003,0.179,0.696
722,46208,orientation_cued_D0,0.69314,0.5312,0.0004,0.170,0.563
723,46272,orientation_cued_D0,0.69315,0.4844,0.0005,0.163,0.480
724,46336,orientation_cued_D0,0.69315,0.4688,0.0004,0.071,0.670
725,46400,orientation_cued_D0,0.69315,0.5156,0.0004,0.067,0.587
726,46464,orientation_cued_D0,0.69315,0.5156,0.0008,0.170,0.704
727,46528,orientation_cued_D0,0.69315,0.5000,0.0010,0.065,0.640
728,46592,orientation_cued_D0,0.69315,0.5000,0.0010,0.080,0.531
729,46656,orientation_cued_D0,0.69315,0.5000,0.0007,0.177,0.790
730,46720,orientation_cued_D0,0.69315,0.5000,0.0004,0.176,0.556
731,46784,orientation_cued_D0,0.69315,0.5000,0.0009,0.169,0.573
732,46848,orientation_cued_D0,0.69315,0.5000,0.0011,0.074,0.485
733,46912,orientation_cued_D0,0.69314,0.5000,0.0007,0.065,0.665
734,46976,orientation_cued_D0,0.69314,0.5312,0.0003,0.166,0.753
735,47040,orientation_cued_D0,0.69315,0.5156,0.0004,0.058,0.400
736,47104,orientation_cued_D0,0.69315,0.4375,0.0003,0.063,0.548
737,47168,orientation_cued_D0,0.69315,0.4375,0.0004,0.069,0.637
738,47232,orientation_cued_D0,0.69314,0.6250,0.0003,0.177,0.758
739,47296,orientation_cued_D0,0.69315,0.5156,0.0003,0.169,0.514
740,47360,orientation_cued_D0,0.69315,0.4844,0.0004,0.161,0.584
741,47424,orientation_cued_D0,0.69315,0.4844,0.0004,0.064,0.545
742,47488,orientation_cued_D0,0.69315,0.4219,0.0003,0.065,0.682
743,47552,orientation_cued_D0,0.69315,0.5156,0.0003,0.078,0.533
744,47616,orientation_cued_D0,0.69315,0.5469,0.0004,0.171,0.611
745,47680,orientation_cued_D0,0.69315,0.4688,0.0004,0.169,0.539
746,47744,orientation_cued_D0,0.69314,0.5156,0.0004,0.078,0.428
747,47808,orientation_cued_D0,0.69315,0.4375,0.0004,0.075,0.605
748,47872,orientation_cued_D0,0.69315,0.4688,0.0004,0.080,0.687
749,47936,orientation_cued_D0,0.69315,0.5312,0.0003,0.097,0.738
750,48000,orientation_cued_D0,0.69315,0.4688,0.0006,0.187,0.745
751,48064,orientation_cued_D0,0.69315,0.5000,0.0008,0.178,0.631
752,48128,orientation_cued_D0,0.69315,0.5000,0.0009,0.167,0.527
753,48192,orientation_cued_D0,0.69315,0.5000,0.0007,0.161,0.535
754,48256,orientation_cued_D0,0.69315,0.5156,0.0004,0.068,0.561
755,48320,orientation_cued_D0,0.69315,0.5000,0.0007,0.077,0.654
756,48384,orientation_cued_D0,0.69314,0.5000,0.0009,0.085,0.612
757,48448,orientation_cued_D0,0.69315,0.5000,0.0005,0.173,0.663
758,48512,orientation_cued_D0,0.69315,0.4688,0.0004,0.060,0.603
759,48576,orientation_cued_D0,0.69315,0.4375,0.0005,0.086,0.698
760,48640,orientation_cued_D0,0.69315,0.5000,0.0006,0.173,0.639
761,48704,orientation_cued_D0,0.69315,0.5000,0.0007,0.159,0.602
762,48768,orientation_cued_D0,0.69314,0.5000,0.0007,0.064,0.551
763,48832,orientation_cued_D0,0.69315,0.5156,0.0003,0.073,0.689
764,48896,orientation_cued_D0,0.69315,0.4688,0.0004,0.177,0.782
765,48960,orientation_cued_D0,0.69315,0.5000,0.0005,0.159,0.502
766,49024,orientation_cued_D0,0.69315,0.5156,0.0005,0.069,0.680
767,49088,orientation_cued_D0,0.69315,0.5000,0.0004,0.074,0.584
768,49152,orientation_cued_D0,0.69315,0.5156,0.0004,0.173,0.601
769,49216,orientation_cued_D0,0.69315,0.5000,0.0007,0.165,0.557
770,49280,orientation_cued_D0,0.69315,0.5000,0.0006,0.068,0.630
771,49344,orientation_cued_D0,0.69315,0.5000,0.0004,0.083,0.593
772,49408,orientation_cued_D0,0.69315,0.5000,0.0007,0.161,0.501
773,49472,orientation_cued_D0,0.69314,0.5000,0.0007,0.065,0.470
774,49536,orientation_cued_D0,0.69315,0.5000,0.0008,0.078,0.580
775,49600,orientation_cued_D0,0.69315,0.5000,0.0006,0.099,0.805
776,49664,orientation_cued_D0,0.69315,0.4844,0.0006,0.105,0.627
777,49728,orientation_cued_D0,0.69315,0.5000,0.0005,0.175,0.583
778,49792,orientation_cued_D0,0.69314,0.5000,0.0008,0.169,0.632
779,49856,orientation_cued_D0,0.69315,0.5000,0.0009,0.164,0.614
780,49920,orientation_cued_D0,0.69314,0.4844,0.0006,0.071,0.603
781,49984,orientation_cued_D0,0.69315,0.4531,0.0004,0.075,0.659
782,50048,orientation_cued_D0,0.69315,0.5000,0.0008,0.177,0.672
783,50112,orientation_cued_D0,0.69315,0.5000,0.0007,0.168,0.612
784,50176,orientation_cued_D0,0.69314,0.5000,0.0003,0.074,0.473
785,50240,orientation_cued_D0,0.69315,0.5000,0.0008,0.073,0.634
786,50304,orientation_cued_D0,0.69315,0.5000,0.0012,0.169,0.708
787,50368,orientation_cued_D0,0.69315,0.5000,0.0011,0.167,0.651
788,50432,orientation_cued_D0,0.69315,0.5000,0.0008,0.142,0.571
789,50496,orientation_cued_D0,0.69314,0.5000,0.0006,0.066,0.623
790,50560,orientation_cued_D0,0.69315,0.5312,0.0003,0.066,0.650
791,50624,orientation_cued_D0,0.69315,0.5000,0.0009,0.185,0.596
792,50688,orientation_cued_D0,0.69314,0.5000,0.0010,0.169,0.601
793,50752,orientation_cued_D0,0.69315,0.5000,0.0006,0.067,0.645
794,50816,orientation_cued_D0,0.69315,0.4844,0.0003,0.076,0.648
795,50880,orientation_cued_D0,0.69315,0.5000,0.0005,0.170,0.649
796,50944,orientation_cued_D0,0.69315,0.5156,0.0004,0.171,0.561
797,51008,orientation_cued_D0,0.69315,0.4844,0.0004,0.070,0.520
798,51072,orientation_cued_D0,0.69315,0.5000,0.0005,0.073,0.754
799,51136,orientation_cued_D0,0.69315,0.5000,0.0006,0.167,0.686
800,51200,orientation_cued_D0,0.69315,0.5000,0.0005,0.159,0.579
801,51264,orientation_cued_D0,0.69315,0.5000,0.0004,0.154,0.003
802,51328,orientation_cued_D0,0.69315,0.5469,0.0004,0.067,0.002
803,51392,orientation_cued_D0,0.69314,0.5469,0.0004,0.062,0.002
804,51456,orientation_cued_D0,0.69315,0.4844,0.0003,0.061,0.002
805,51520,orientation_cued_D0,0.69314,0.5469,0.0004,0.061,0.002
806,51584,orientation_cued_D0,0.69315,0.5000,0.0009,0.069,0.509
807,51648,orientation_cued_D0,0.69315,0.5000,0.0014,0.072,0.588
808,51712,orientation_cued_D0,0.69315,0.5000,0.0018,0.083,0.703
809,51776,orientation_cued_D0,0.69314,0.5000,0.0016,0.081,0.624
810,51840,orientation_cued_D0,0.69315,0.5000,0.0009,0.177,0.608
811,51904,orientation_cued_D0,0.69315,0.4531,0.0004,0.164,0.562
812,51968,orientation_cued_D0,0.69315,0.5000,0.0014,0.073,0.524
813,52032,orientation_cued_D0,0.69315,0.5000,0.0019,0.068,0.619
814,52096,orientation_cued_D0,0.69315,0.5000,0.0019,0.079,0.658
815,52160,orientation_cued_D0,0.69315,0.5000,0.0013,0.100,0.656
816,52224,orientation_cued_D0,0.69315,0.3281,0.0004,0.164,0.634
817,52288,orientation_cued_D0,0.69315,0.5000,0.0010,0.174,0.570
818,52352,orientation_cued_D0,0.69315,0.5000,0.0017,0.165,0.734
819,52416,orientation_cued_D0,0.69315,0.5000,0.0016,0.061,0.663
820,52480,orientation_cued_D0,0.69314,0.5000,0.0009,0.067,0.695
821,52544,orientation_cued_D0,0.69315,0.4688,0.0006,0.175,0.570
822,52608,orientation_cued_D0,0.69315,0.5000,0.0017,0.060,0.527
823,52672,orientation_cued_D0,0.69315,0.5000,0.0017,0.078,0.742
824,52736,orientation_cued_D0,0.69315,0.5156,0.0007,0.168,0.672
825,52800,orientation_cued_D0,0.69314,0.5000,0.0012,0.168,0.504
826,52864,orientation_cued_D0,0.69314,0.5000,0.0019,0.163,0.479
827,52928,orientation_cued_D0,0.69314,0.5000,0.0021,0.067,0.537
828,52992,orientation_cued_D0,0.69315,0.5000,0.0021,0.063,0.662
829,53056,orientation_cued_D0,0.69315,0.5000,0.0015,0.118,0.665
830,53120,orientation_cued_D0,0.69315,0.5000,0.0006,0.169,0.601
831,53184,orientation_cued_D0,0.69315,0.4531,0.0005,0.164,0.557
832,53248,orientation_cued_D0,0.69315,0.5000,0.0012,0.066,0.446
833,53312,orientation_cued_D0,0.69315,0.5000,0.0017,0.063,0.759
834,53376,orientation_cued_D0,0.69315,0.5000,0.0018,0.080,0.617
835,53440,orientation_cued_D0,0.69315,0.5000,0.0013,0.183,0.646
836,53504,orientation_cued_D0,0.69314,0.5000,0.0007,0.169,0.448
837,53568,orientation_cued_D0,0.69315,0.4688,0.0005,0.157,0.554
838,53632,orientation_cued_D0,0.69315,0.5000,0.0012,0.085,0.608
839,53696,orientation_cued_D0,0.69314,0.5000,0.0017,0.067,0.708
840,53760,orientation_cued_D0,0.69315,0.5000,0.0016,0.169,0.645
841,53824,orientation_cued_D0,0.69315,0.5000,0.0006,0.160,0.608
842,53888,orientation_cued_D0,0.69315,0.5000,0.0010,0.063,0.496
843,53952,orientation_cued_D0,0.69315,0.5000,0.0022,0.076,0.564
844,54016,orientation_cued_D0,0.69315,0.5000,0.0027,0.081,0.699
845,54080,orientation_cued_D0,0.69316,0.5000,0.0021,0.175,0.695
846,54144,orientation_cued_D0,0.69315,0.5000,0.0009,0.173,0.466
847,54208,orientation_cued_D0,0.69315,0.5000,0.0009,0.168,0.608
848,54272,orientation_cued_D0,0.69315,0.5000,0.0024,0.171,0.492
849,54336,orientation_cued_D0,0.69315,0.5000,0.0033,0.134,0.551
850,54400,orientation_cued_D0,0.69314,0.5000,0.0033,0.073,0.589
851,54464,orientation_cued_D0,0.69315,0.5000,0.0025,0.080,0.672
852,54528,orientation_cued_D0,0.69315,0.5000,0.0014,0.169,0.635
853,54592,orientation_cued_D0,0.69315,0.4688,0.0004,0.166,0.572
854,54656,orientation_cued_D0,0.69315,0.5000,0.0007,0.076,0.541
855,54720,orientation_cued_D0,0.69315,0.5000,0.0013,0.085,0.809
856,54784,orientation_cued_D0,0.69314,0.5000,0.0016,0.174,0.642
857,54848,orientation_cued_D0,0.69314,0.5000,0.0013,0.168,0.610
858,54912,orientation_cued_D0,0.69315,0.5000,0.0006,0.173,0.538
859,54976,orientation_cued_D0,0.69315,0.5000,0.0006,0.072,0.524
860,55040,orientation_cued_D0,0.69315,0.5000,0.0016,0.069,0.662
861,55104,orientation_cued_D0,0.69315,0.5000,0.0020,0.079,0.601
862,55168,orientation_cued_D0,0.69315,0.5000,0.0015,0.091,0.627
863,55232,orientation_cued_D0,0.69315,0.5000,0.0004,0.188,0.664
864,55296,orientation_cued_D0,0.69315,0.5000,0.0010,0.079,0.624
865,55360,orientation_cued_D0,0.69315,0.5000,0.0014,0.066,0.689
866,55424,orientation_cued_D0,0.69315,0.5000,0.0011,0.077,0.669
867,55488,orientation_cued_D0,0.69315,0.4844,0.0005,0.173,0.690
868,55552,orientation_cued_D0,0.69315,0.5156,0.0006,0.171,0.470
869,55616,orientation_cued_D0,0.69315,0.5000,0.0008,0.173,0.528
870,55680,orientation_cued_D0,0.69315,0.5000,0.0007,0.077,0.622
871,55744,orientation_cued_D0,0.69315,0.5156,0.0005,0.071,0.655
872,55808,orientation_cued_D0,0.69315,0.5000,0.0005,0.182,0.653
873,55872,orientation_cued_D0,0.69315,0.4219,0.0004,0.172,0.626
874,55936,orientation_cued_D0,0.69315,0.4844,0.0004,0.166,0.596
875,56000,orientation_cued_D0,0.69315,0.5000,0.0007,0.065,0.532
876,56064,orientation_cued_D0,0.69315,0.5000,0.0007,0.069,0.760
877,56128,orientation_cued_D0,0.69315,0.5000,0.0008,0.180,0.693
878,56192,orientation_cued_D0,0.69315,0.5000,0.0010,0.169,0.606
879,56256,orientation_cued_D0,0.69315,0.5000,0.0011,0.168,0.518
880,56320,orientation_cued_D0,0.69315,0.5000,0.0010,0.101,0.599
881,56384,orientation_cued_D0,0.69315,0.5000,0.0007,0.068,0.633
882,56448,orientation_cued_D0,0.69315,0.5469,0.0003,0.091,0.659
883,56512,orientation_cued_D0,0.69315,0.5000,0.0007,0.178,0.723
884,56576,orientation_cued_D0,0.69315,0.5000,0.0010,0.166,0.511
885,56640,orientation_cued_D0,0.69315,0.5000,0.0012,0.163,0.599
886,56704,orientation_cued_D0,0.69315,0.5000,0.0009,0.168,0.559
887,56768,orientation_cued_D0,0.69315,0.5000,0.0006,0.074,0.606
888,56832,orientation_cued_D0,0.69315,0.4062,0.0004,0.077,0.657
889,56896,orientation_cued_D0,0.69315,0.4844,0.0003,0.166,0.714
890,56960,orientation_cued_D0,0.69315,0.5000,0.0003,0.171,0.491
891,57024,orientation_cued_D0,0.69314,0.5000,0.0007,0.077,0.422
892,57088,orientation_cued_D0,0.69315,0.5000,0.0011,0.066,0.685
893,57152,orientation_cued_D0,0.69314,0.5000,0.0013,0.142,0.574
894,57216,orientation_cued_D0,0.69315,0.5000,0.0012,0.167,0.671
895,57280,orientation_cued_D0,0.69315,0.5000,0.0007,0.084,0.599
896,57344,orientation_cued_D0,0.69315,0.5938,0.0003,0.061,0.643
897,57408,orientation_cued_D0,0.69314,0.5156,0.0003,0.086,0.576
898,57472,orientation_cued_D0,0.69315,0.4688,0.0003,0.174,0.651
899,57536,orientation_cued_D0,0.69315,0.5000,0.0004,0.172,0.546
900,57600,orientation_cued_D0,0.69314,0.5000,0.0007,0.079,0.579
901,57664,orientation_cued_D0,0.69315,0.5000,0.0009,0.080,0.755
902,57728,orientation_cued_D0,0.69315,0.5000,0.0011,0.177,0.716
903,57792,orientation_cued_D0,0.69315,0.5000,0.0011,0.167,0.634
904,57856,orientation_cued_D0,0.69314,0.5000,0.0009,0.073,0.604
905,57920,orientation_cued_D0,0.69315,0.5000,0.0005,0.074,0.743
906,57984,orientation_cued_D0,0.69315,0.5312,0.0003,0.174,0.675
907,58048,orientation_cued_D0,0.69315,0.5000,0.0008,0.188,0.657
908,58112,orientation_cued_D0,0.69315,0.5000,0.0012,0.176,0.560
909,58176,orientation_cued_D0,0.69314,0.5000,0.0009,0.191,0.643
910,58240,orientation_cued_D0,0.69314,0.5156,0.0005,0.168,0.577
911,58304,orientation_cued_D0,0.69315,0.5156,0.0004,0.162,0.457
912,58368,orientation_cued_D0,0.69315,0.5625,0.0003,0.164,0.649
913,58432,orientation_cued_D0,0.69314,0.5469,0.0003,0.149,0.601
914,58496,orientation_cued_D0,0.69315,0.5156,0.0004,0.075,0.541
915,58560,orientation_cued_D0,0.69315,0.5000,0.0007,0.080,0.686
916,58624,orientation_cued_D0,0.69314,0.5000,0.0012,0.176,0.826
917,58688,orientation_cued_D0,0.69314,0.5000,0.0019,0.175,0.594
918,58752,orientation_cued_D0,0.69315,0.5000,0.0027,0.070,0.545
919,58816,orientation_cued_D0,0.69315,0.5000,0.0038,0.063,0.729
920,58880,orientation_cued_D0,0.69315,0.5000,0.0052,0.169,0.804
921,58944,orientation_cued_D0,0.69315,0.5000,0.0066,0.071,0.657
922,59008,orientation_cued_D0,0.69315,0.5000,0.0080,0.068,0.636
923,59072,orientation_cued_D0,0.69315,0.5000,0.0095,0.189,0.773
924,59136,orientation_cued_D0,0.69315,0.5000,0.0113,0.162,0.605
925,59200,orientation_cued_D0,0.69315,0.5000,0.0132,0.069,0.648
926,59264,orientation_cued_D0,0.69315,0.5000,0.0151,0.070,0.687
927,59328,orientation_cued_D0,0.69315,0.5000,0.0167,0.089,0.711
928,59392,orientation_cued_D0,0.69314,0.5000,0.0178,0.182,0.628
929,59456,orientation_cued_D0,0.69315,0.5000,0.0183,0.168,0.565
930,59520,orientation_cued_D0,0.69315,0.5000,0.0182,0.074,0.643
931,59584,orientation_cued_D0,0.69315,0.5000,0.0179,0.066,0.616
932,59648,orientation_cued_D0,0.69315,0.5000,0.0178,0.178,0.651
933,59712,orientation_cued_D0,0.69315,0.5000,0.0177,0.069,0.592
934,59776,orientation_cued_D0,0.69315,0.5000,0.0181,0.073,0.636
935,59840,orientation_cued_D0,0.69315,0.5000,0.0188,0.083,0.635
936,59904,orientation_cued_D0,0.69315,0.5000,0.0194,0.108,0.662
937,59968,orientation_cued_D0,0.69315,0.5000,0.0199,0.197,0.762
938,60032,orientation_cued_D0,0.69315,0.5000,0.0203,0.086,0.592
939,60096,orientation_cued_D0,0.69315,0.5000,0.0204,0.078,0.751
940,60160,orientation_cued_D0,0.69315,0.5000,0.0194,0.172,0.670
941,60224,orientation_cued_D0,0.69315,0.5000,0.0170,0.075,0.566
942,60288,orientation_cued_D0,0.69315,0.5000,0.0138,0.070,0.649
943,60352,orientation_cued_D0,0.69315,0.5000,0.0104,0.116,0.646
944,60416,orientation_cued_D0,0.69314,0.5000,0.0068,0.185,0.690
945,60480,orientation_cued_D0,0.69314,0.5000,0.0035,0.163,0.600
946,60544,orientation_cued_D0,0.69315,0.4844,0.0006,0.162,0.654
947,60608,orientation_cued_D0,0.69315,0.5000,0.0020,0.072,0.686
948,60672,orientation_cued_D0,0.69315,0.5000,0.0046,0.072,0.638
949,60736,orientation_cued_D0,0.69315,0.5000,0.0069,0.089,0.544
950,60800,orientation_cued_D0,0.69315,0.5000,0.0087,0.163,0.742
951,60864,orientation_cued_D0,0.69314,0.5000,0.0101,0.167,0.709
952,60928,orientation_cued_D0,0.69315,0.5000,0.0118,0.080,0.574
953,60992,orientation_cued_D0,0.69315,0.5000,0.0138,0.071,0.621
954,61056,orientation_cued_D0,0.69315,0.5000,0.0160,0.176,0.723
955,61120,orientation_cued_D0,0.69316,0.5000,0.0184,0.164,0.688
956,61184,orientation_cued_D0,0.69315,0.5000,0.0212,0.164,0.615
957,61248,orientation_cued_D0,0.69315,0.5000,0.0243,0.163,0.474
958,61312,orientation_cued_D0,0.69315,0.5000,0.0273,0.070,0.475
959,61376,orientation_cued_D0,0.69315,0.5000,0.0298,0.078,0.665
960,61440,orientation_cued_D0,0.69315,0.5000,0.0317,0.088,0.742
961,61504,orientation_cued_D0,0.69316,0.5000,0.0331,0.097,0.589
962,61568,orientation_cued_D0,0.69315,0.5000,0.0344,0.192,0.699
963,61632,orientation_cued_D0,0.69316,0.5000,0.0363,0.072,0.660
964,61696,orientation_cued_D0,0.69316,0.5000,0.0388,0.064,0.612
965,61760,orientation_cued_D0,0.69316,0.5000,0.0420,0.091,0.785
966,61824,orientation_cued_D0,0.69315,0.5000,0.0459,0.184,0.742
967,61888,orientation_cued_D0,0.69316,0.5000,0.0506,0.165,0.624
968,61952,orientation_cued_D0,0.69317,0.5000,0.0557,0.072,0.536
969,62016,orientation_cued_D0,0.69317,0.5000,0.0616,0.077,0.702
970,62080,orientation_cued_D0,0.69317,0.5000,0.0674,0.173,0.744
971,62144,orientation_cued_D0,0.69318,0.5000,0.0730,0.166,0.652
972,62208,orientation_cued_D0,0.69319,0.5000,0.0772,0.073,0.663
973,62272,orientation_cued_D0,0.69319,0.5000,0.0796,0.076,0.593
974,62336,orientation_cued_D0,0.69319,0.5000,0.0788,0.091,0.721
975,62400,orientation_cued_D0,0.69319,0.5000,0.0757,0.110,0.838
976,62464,orientation_cued_D0,0.69318,0.5000,0.0689,0.189,0.594
977,62528,orientation_cued_D0,0.69317,0.5000,0.0580,0.179,0.642
978,62592,orientation_cued_D0,0.69316,0.5000,0.0430,0.174,0.559
979,62656,orientation_cued_D0,0.69315,0.5000,0.0257,0.165,0.540
980,62720,orientation_cued_D0,0.69315,0.5000,0.0079,0.082,0.569
981,62784,orientation_cued_D0,0.69315,0.5000,0.0089,0.068,0.704
982,62848,orientation_cued_D0,0.69315,0.5000,0.0227,0.169,0.780
983,62912,orientation_cued_D0,0.69315,0.5000,0.0315,0.166,0.526
984,62976,orientation_cued_D0,0.69316,0.5000,0.0351,0.068,0.543
985,63040,orientation_cued_D0,0.69316,0.5000,0.0335,0.075,0.689
986,63104,orientation_cued_D0,0.69315,0.5000,0.0272,0.171,0.775
987,63168,orientation_cued_D0,0.69315,0.5000,0.0165,0.163,0.581
988,63232,orientation_cued_D0,0.69315,0.5000,0.0036,0.164,0.628
989,63296,orientation_cued_D0,0.69316,0.5000,0.0090,0.152,0.593
990,63360,orientation_cued_D0,0.69315,0.5000,0.0196,0.077,0.583
991,63424,orientation_cued_D0,0.69315,0.5000,0.0266,0.072,0.752
992,63488,orientation_cued_D0,0.69315,0.5000,0.0287,0.091,0.633
993,63552,orientation_cued_D0,0.69315,0.5000,0.0254,0.160,0.534
994,63616,orientation_cued_D0,0.69315,0.5000,0.0170,0.171,0.534
995,63680,orientation_cued_D0,0.69314,0.5000,0.0055,0.169,0.553
996,63744,orientation_cued_D0,0.69315,0.5000,0.0060,0.065,0.560
997,63808,orientation_cued_D0,0.69315,0.5000,0.0148,0.063,0.680
998,63872,orientation_cued_D0,0.69315,0.5000,0.0191,0.169,0.706
999,63936,orientation_cued_D0,0.69315,0.5000,0.0185,0.076,0.665
1000,64000,orientation_cued_D0,0.69315,0.5000,0.0141,0.064,0.635
1001,64064,orientation_cued_D0,0.69315,0.5000,0.0072,0.109,0.004
1002,64128,orientation_cued_D0,0.69314,0.5000,0.0006,0.056,0.001
1003,64192,orientation_cued_D0,0.69315,0.5000,0.0076,0.074,0.002
1004,64256,orientation_cued_D0,0.69315,0.5000,0.0125,0.065,0.002
1005,64320,orientation_cued_D0,0.69315,0.5000,0.0150,0.059,0.001
1006,64384,orientation_cued_D0,0.69315,0.5000,0.0152,0.063,0.644
1007,64448,orientation_cued_D0,0.69315,0.5000,0.0138,0.076,0.723
1008,64512,orientation_cued_D0,0.69315,0.5000,0.0111,0.077,0.666
1009,64576,orientation_cued_D0,0.69315,0.5000,0.0077,0.096,0.710
1010,64640,orientation_cued_D0,0.69315,0.5000,0.0038,0.189,0.743
1011,64704,orientation_cued_D0,0.69314,0.5156,0.0004,0.172,0.653
1012,64768,orientation_cued_D0,0.69315,0.5000,0.0042,0.173,0.419
1013,64832,orientation_cued_D0,0.69315,0.5000,0.0072,0.068,0.655
1014,64896,orientation_cued_D0,0.69314,0.5000,0.0087,0.077,0.711
1015,64960,orientation_cued_D0,0.69315,0.5000,0.0084,0.173,0.818
1016,65024,orientation_cued_D0,0.69315,0.5000,0.0070,0.165,0.586
1017,65088,orientation_cued_D0,0.69315,0.5000,0.0050,0.086,0.621
1018,65152,orientation_cued_D0,0.69314,0.5000,0.0026,0.067,0.713
1019,65216,orientation_cued_D0,0.69315,0.4688,0.0003,0.173,0.731
1020,65280,orientation_cued_D0,0.69315,0.5000,0.0024,0.067,0.605
1021,65344,orientation_cued_D0,0.69315,0.5000,0.0037,0.074,0.694
1022,65408,orientation_cued_D0,0.69315,0.5000,0.0038,0.170,0.754
1023,65472,orientation_cued_D0,0.69315,0.5000,0.0031,0.167,0.661
1024,65536,orientation_cued_D0,0.69315,0.5000,0.0024,0.073,0.597
1025,65600,orientation_cued_D0,0.69315,0.5000,0.0014,0.061,0.668
1026,65664,orientation_cued_D0,0.69314,0.5625,0.0004,0.085,0.579
1027,65728,orientation_cued_D0,0.69315,0.5000,0.0015,0.092,0.673
1028,65792,orientation_cued_D0,0.69315,0.5000,0.0025,0.182,0.625
1029,65856,orientation_cued_D0,0.69315,0.5000,0.0029,0.070,0.635
1030,65920,orientation_cued_D0,0.69314,0.5000,0.0028,0.063,0.853
1031,65984,orientation_cued_D0,0.69315,0.5000,0.0024,0.090,0.778
1032,66048,orientation_cued_D0,0.69315,0.5000,0.0016,0.179,0.664
1033,66112,orientation_cued_D0,0.69315,0.5000,0.0008,0.171,0.499
1034,66176,orientation_cued_D0,0.69314,0.5938,0.0005,0.069,0.577
1035,66240,orientation_cued_D0,0.69315,0.5000,0.0013,0.077,0.665
1036,66304,orientation_cued_D0,0.69315,0.5000,0.0025,0.174,0.735
1037,66368,orientation_cued_D0,0.69314,0.5000,0.0039,0.174,0.571
1038,66432,orientation_cued_D0,0.69315,0.5000,0.0052,0.169,0.500
1039,66496,orientation_cued_D0,0.69315,0.5000,0.0061,0.075,0.570
1040,66560,orientation_cued_D0,0.69315,0.5000,0.0067,0.077,0.766
1041,66624,orientation_cued_D0,0.69314,0.5000,0.0067,0.088,0.675
1042,66688,orientation_cued_D0,0.69315,0.5000,0.0064,0.180,0.703
1043,66752,orientation_cued_D0,0.69314,0.5000,0.0058,0.179,0.577
1044,66816,orientation_cued_D0,0.69315,0.5000,0.0045,0.162,0.712
1045,66880,orientation_cued_D0,0.69315,0.5000,0.0024,0.167,0.522
1046,66944,orientation_cued_D0,0.69315,0.5000,0.0003,0.060,0.525
1047,67008,orientation_cued_D0,0.69315,0.5000,0.0018,0.078,0.710
1048,67072,orientation_cued_D0,0.69315,0.5000,0.0035,0.088,0.759
1049,67136,orientation_cued_D0,0.69314,0.5000,0.0047,0.181,0.826
1050,67200,orientation_cued_D0,0.69315,0.5000,0.0049,0.172,0.478
1051,67264,orientation_cued_D0,0.69315,0.5000,0.0043,0.147,0.613
1052,67328,orientation_cued_D0,0.69315,0.5000,0.0033,0.085,0.632
1053,67392,orientation_cued_D0,0.69315,0.5000,0.0017,0.066,0.740
1054,67456,orientation_cued_D0,0.69314,0.6562,0.0004,0.173,0.667
1055,67520,orientation_cued_D0,0.69315,0.5000,0.0016,0.079,0.582
1056,67584,orientation_cued_D0,0.69315,0.5000,0.0025,0.071,0.706
1057,67648,orientation_cued_D0,0.69315,0.5000,0.0029,0.176,0.840
1058,67712,orientation_cued_D0,0.69315,0.5000,0.0029,0.169,0.686
1059,67776,orientation_cued_D0,0.69315,0.5000,0.0021,0.163,0.600
1060,67840,orientation_cued_D0,0.69315,0.5000,0.0013,0.141,0.635
1061,67904,orientation_cued_D0,0.69315,0.5000,0.0009,0.077,0.604
1062,67968,orientation_cued_D0,0.69315,0.4375,0.0005,0.081,0.696
1063,68032,orientation_cued_D0,0.69315,0.5000,0.0004,0.171,0.649
1064,68096,orientation_cued_D0,0.69315,0.5000,0.0009,0.171,0.615
1065,68160,orientation_cued_D0,0.69315,0.5000,0.0015,0.163,0.557
1066,68224,orientation_cued_D0,0.69315,0.5000,0.0020,0.084,0.559
1067,68288,orientation_cued_D0,0.69315,0.5000,0.0022,0.070,0.724
1068,68352,orientation_cued_D0,0.69315,0.5000,0.0020,0.087,0.787
1069,68416,orientation_cued_D0,0.69315,0.5000,0.0013,0.175,0.643
1070,68480,orientation_cued_D0,0.69315,0.5156,0.0007,0.170,0.580
1071,68544,orientation_cued_D0,0.69315,0.5000,0.0003,0.159,0.540
1072,68608,orientation_cued_D0,0.69315,0.5000,0.0006,0.070,0.572
1073,68672,orientation_cued_D0,0.69315,0.5000,0.0011,0.074,0.637
1074,68736,orientation_cued_D0,0.69315,0.5000,0.0014,0.162,0.581
1075,68800,orientation_cued_D0,0.69315,0.5000,0.0016,0.166,0.602
1076,68864,orientation_cued_D0,0.69315,0.5000,0.0017,0.166,0.686
1077,68928,orientation_cued_D0,0.69314,0.5000,0.0019,0.079,0.602
1078,68992,orientation_cued_D0,0.69315,0.5000,0.0025,0.079,0.715
1079,69056,orientation_cued_D0,0.69315,0.5000,0.0033,0.154,0.785
1080,69120,orientation_cued_D0,0.69315,0.5000,0.0043,0.166,0.568
1081,69184,orientation_cued_D0,0.69315,0.5000,0.0051,0.166,0.580
1082,69248,orientation_cued_D0,0.69315,0.5000,0.0056,0.068,0.626
1083,69312,orientation_cued_D0,0.69315,0.5000,0.0057,0.070,0.701
1084,69376,orientation_cued_D0,0.69315,0.5000,0.0052,0.173,0.708
1085,69440,orientation_cued_D0,0.69315,0.5000,0.0042,0.168,0.609
1086,69504,orientation_cued_D0,0.69314,0.5000,0.0034,0.071,0.549
1087,69568,orientation_cued_D0,0.69315,0.5000,0.0029,0.072,0.706
1088,69632,orientation_cued_D0,0.69315,0.5000,0.0025,0.169,0.677
1089,69696,orientation_cued_D0,0.69315,0.5000,0.0021,0.068,0.685
1090,69760,orientation_cued_D0,0.69314,0.5000,0.0017,0.066,0.632
1091,69824,orientation_cued_D0,0.69315,0.5000,0.0013,0.178,0.660
1092,69888,orientation_cued_D0,0.69315,0.5000,0.0008,0.172,0.600
1093,69952,orientation_cued_D0,0.69314,0.5156,0.0005,0.173,0.772
1094,70016,orientation_cued_D0,0.69315,0.5156,0.0004,0.075,0.588
1095,70080,orientation_cued_D0,0.69315,0.5000,0.0006,0.065,0.730
1096,70144,orientation_cued_D0,0.69315,0.5000,0.0008,0.085,0.720
1097,70208,orientation_cued_D0,0.69315,0.5000,0.0010,0.182,0.617
1098,70272,orientation_cued_D0,0.69315,0.5000,0.0010,0.172,0.621
1099,70336,orientation_cued_D0,0.69315,0.5000,0.0008,0.170,0.605
1100,70400,orientation_cued_D0,0.69315,0.4688,0.0003,0.072,0.584
1101,70464,orientation_cued_D0,0.69315,0.5000,0.0008,0.076,0.776
1102,70528,orientation_cued_D0,0.69315,0.5000,0.0018,0.172,0.635
1103,70592,orientation_cued_D0,0.69315,0.5000,0.0029,0.161,0.587
1104,70656,orientation_cued_D0,0.69315,0.5000,0.0048,0.138,0.608
1105,70720,orientation_cued_D0,0.69315,0.5000,0.0078,0.083,0.570
1106,70784,orientation_cued_D0,0.69315,0.5000,0.0119,0.067,0.715
1107,70848,orientation_cued_D0,0.69315,0.5000,0.0167,0.088,0.614
1108,70912,orientation_cued_D0,0.69315,0.5000,0.0222,0.178,0.636
1109,70976,orientation_cued_D0,0.69316,0.5000,0.0286,0.069,0.638
1110,71040,orientation_cued_D0,0.69316,0.5000,0.0356,0.066,0.635
1111,71104,orientation_cued_D0,0.69316,0.5000,0.0436,0.081,0.608
1112,71168,orientation_cued_D0,0.69317,0.5000,0.0529,0.151,0.702
1113,71232,orientation_cued_D0,0.69318,0.5000,0.0640,0.173,0.663
1114,71296,orientation_cued_D0,0.69319,0.5000,0.0766,0.075,0.592
1115,71360,orientation_cued_D0,0.69321,0.5000,0.0905,0.065,0.717
1116,71424,orientation_cued_D0,0.69322,0.5000,0.1035,0.178,0.742
1117,71488,orientation_cued_D0,0.69324,0.5000,0.1158,0.167,0.608
1118,71552,orientation_cued_D0,0.69325,0.5000,0.1249,0.162,0.788
1119,71616,orientation_cued_D0,0.69326,0.5000,0.1300,0.167,0.727
1120,71680,orientation_cued_D0,0.69325,0.5000,0.1249,0.070,0.620
1121,71744,orientation_cued_D0,0.69323,0.5000,0.1083,0.062,0.790
1122,71808,orientation_cued_D0,0.69319,0.5000,0.0781,0.164,0.730
1123,71872,orientation_cued_D0,0.69316,0.5000,0.0374,0.066,0.580
1124,71936,orientation_cued_D0,0.69315,0.5000,0.0072,0.087,0.616
1125,72000,orientation_cued_D0,0.69316,0.5000,0.0458,0.176,0.664
1126,72064,orientation_cued_D0,0.69318,0.5000,0.0686,0.064,0.624
1127,72128,orientation_cued_D0,0.69318,0.5000,0.0692,0.073,0.646
1128,72192,orientation_cued_D0,0.69316,0.5000,0.0483,0.167,0.787
1129,72256,orientation_cued_D0,0.69314,0.5000,0.0133,0.064,0.654
1130,72320,orientation_cued_D0,0.69315,0.5000,0.0227,0.065,0.669
1131,72384,orientation_cued_D0,0.69316,0.5000,0.0462,0.173,0.651
1132,72448,orientation_cued_D0,0.69316,0.5000,0.0495,0.165,0.635
1133,72512,orientation_cued_D0,0.69316,0.5000,0.0333,0.078,0.692
1134,72576,orientation_cued_D0,0.69315,0.5000,0.0054,0.077,0.579
1135,72640,orientation_cued_D0,0.69315,0.5000,0.0219,0.174,0.638
1136,72704,orientation_cued_D0,0.69316,0.5000,0.0365,0.170,0.493
1137,72768,orientation_cued_D0,0.69316,0.5000,0.0331,0.161,0.521
1138,72832,orientation_cued_D0,0.69315,0.5000,0.0155,0.059,0.588
1139,72896,orientation_cued_D0,0.69314,0.5000,0.0073,0.061,0.722
1140,72960,orientation_cued_D0,0.69315,0.5000,0.0249,0.167,0.669
1141,73024,orientation_cued_D0,0.69315,0.5000,0.0295,0.172,0.529
1142,73088,orientation_cued_D0,0.69315,0.5000,0.0204,0.073,0.624
1143,73152,orientation_cued_D0,0.69315,0.5000,0.0039,0.064,0.772
1144,73216,orientation_cued_D0,0.69315,0.5000,0.0118,0.164,0.593
1145,73280,orientation_cued_D0,0.69315,0.5000,0.0195,0.170,0.542
1146,73344,orientation_cued_D0,0.69315,0.5000,0.0164,0.075,0.665
1147,73408,orientation_cued_D0,0.69315,0.5000,0.0057,0.061,0.755
1148,73472,orientation_cued_D0,0.69315,0.5000,0.0065,0.169,0.740
1149,73536,orientation_cued_D0,0.69315,0.5000,0.0139,0.170,0.501
1150,73600,orientation_cued_D0,0.69315,0.5000,0.0136,0.063,0.525
1151,73664,orientation_cued_D0,0.69315,0.5000,0.0071,0.077,0.583
1152,73728,orientation_cued_D0,0.69315,0.5000,0.0023,0.175,0.738
1153,73792,orientation_cued_D0,0.69315,0.5000,0.0098,0.174,0.644
1154,73856,orientation_cued_D0,0.69315,0.5000,0.0118,0.170,0.656
1155,73920,orientation_cued_D0,0.69314,0.5000,0.0076,0.167,0.637
1156,73984,orientation_cued_D0,0.69315,0.4219,0.0003,0.078,0.583
1157,74048,orientation_cued_D0,0.69315,0.5000,0.0068,0.073,0.765
1158,74112,orientation_cued_D0,0.69315,0.5000,0.0102,0.177,0.674
1159,74176,orientation_cued_D0,0.69315,0.5000,0.0092,0.181,0.600
1160,74240,orientation_cued_D0,0.69315,0.5000,0.0045,0.166,0.585
1161,74304,orientation_cued_D0,0.69315,0.5000,0.0014,0.162,0.609
1162,74368,orientation_cued_D0,0.69315,0.5000,0.0062,0.074,0.690
1163,74432,orientation_cued_D0,0.69314,0.5000,0.0079,0.070,0.664
1164,74496,orientation_cued_D0,0.69315,0.5000,0.0058,0.077,0.728
1165,74560,orientation_cued_D0,0.69315,0.5000,0.0012,0.167,0.596
1166,74624,orientation_cued_D0,0.69315,0.5000,0.0033,0.160,0.519
1167,74688,orientation_cued_D0,0.69315,0.5000,0.0054,0.066,0.651
1168,74752,orientation_cued_D0,0.69315,0.5000,0.0039,0.072,0.591
1169,74816,orientation_cued_D0,0.69315,0.5938,0.0003,0.176,0.703
1170,74880,orientation_cued_D0,0.69315,0.5000,0.0036,0.079,0.676
1171,74944,orientation_cued_D0,0.69315,0.5000,0.0047,0.074,0.652
1172,75008,orientation_cued_D0,0.69315,0.5000,0.0025,0.077,0.663
1173,75072,orientation_cued_D0,0.69314,0.5000,0.0011,0.172,0.688
1174,75136,orientation_cued_D0,0.69315,0.5000,0.0032,0.178,0.676
1175,75200,orientation_cued_D0,0.69315,0.5000,0.0033,0.173,0.578
1176,75264,orientation_cued_D0,0.69315,0.5000,0.0021,0.174,0.700
1177,75328,orientation_cued_D0,0.69315,0.4844,0.0003,0.074,0.564
1178,75392,orientation_cued_D0,0.69315,0.5000,0.0020,0.081,0.772
1179,75456,orientation_cued_D0,0.69315,0.5000,0.0032,0.173,0.686
1180,75520,orientation_cued_D0,0.69315,0.5000,0.0029,0.169,0.762
1181,75584,orientation_cued_D0,0.69315,0.5000,0.0012,0.165,0.513
1182,75648,orientation_cued_D0,0.69315,0.5000,0.0010,0.077,0.535
1183,75712,orientation_cued_D0,0.69315,0.5000,0.0023,0.075,0.697
1184,75776,orientation_cued_D0,0.69315,0.5000,0.0024,0.080,0.684
1185,75840,orientation_cued_D0,0.69315,0.5000,0.0016,0.093,0.634
1186,75904,orientation_cued_D0,0.69315,0.5156,0.0004,0.189,0.827
1187,75968,orientation_cued_D0,0.69315,0.5000,0.0011,0.062,0.577
1188,76032,orientation_cued_D0,0.69315,0.5000,0.0020,0.075,0.710
1189,76096,orientation_cued_D0,0.69315,0.5000,0.0024,0.174,0.709
1190,76160,orientation_cued_D0,0.69315,0.5000,0.0026,0.169,0.736
1191,76224,orientation_cued_D0,0.69315,0.5000,0.0021,0.072,0.574
1192,76288,orientation_cued_D0,0.69315,0.5000,0.0009,0.080,0.747
1193,76352,orientation_cued_D0,0.69314,0.5000,0.0005,0.172,0.632
1194,76416,orientation_cued_D0,0.69315,0.5000,0.0012,0.164,0.661
1195,76480,orientation_cued_D0,0.69315,0.5000,0.0009,0.069,0.496
1196,76544,orientation_cued_D0,0.69315,0.5312,0.0002,0.075,0.669
1197,76608,orientation_cued_D0,0.69315,0.5000,0.0007,0.103,0.798
1198,76672,orientation_cued_D0,0.69315,0.5000,0.0009,0.173,0.627
1199,76736,orientation_cued_D0,0.69314,0.5000,0.0007,0.176,0.632
1200,76800,orientation_cued_D0,0.69315,0.4688,0.0003,0.162,0.583
1201,76864,orientation_cued_D0,0.69315,0.5000,0.0010,0.143,0.002
1202,76928,orientation_cued_D0,0.69315,0.5000,0.0013,0.046,0.002
1203,76992,orientation_cued_D0,0.69315,0.5000,0.0008,0.061,0.002
1204,77056,orientation_cued_D0,0.69314,0.5469,0.0004,0.064,0.002
1205,77120,orientation_cued_D0,0.69314,0.5000,0.0010,0.055,0.001
1206,77184,orientation_cued_D0,0.69315,0.5000,0.0014,0.068,0.589
1207,77248,orientation_cued_D0,0.69315,0.5000,0.0014,0.067,0.581
1208,77312,orientation_cued_D0,0.69315,0.5000,0.0010,0.083,0.642
1209,77376,orientation_cued_D0,0.69315,0.4688,0.0002,0.089,0.743
1210,77440,orientation_cued_D0,0.69315,0.5000,0.0011,0.173,0.715
1211,77504,orientation_cued_D0,0.69315,0.5000,0.0019,0.171,0.503
1212,77568,orientation_cued_D0,0.69315,0.5000,0.0016,0.167,0.618
1213,77632,orientation_cued_D0,0.69315,0.5000,0.0006,0.167,0.538
1214,77696,orientation_cued_D0,0.69315,0.5000,0.0008,0.069,0.544
1215,77760,orientation_cued_D0,0.69315,0.5000,0.0018,0.073,0.589
1216,77824,orientation_cued_D0,0.69315,0.5000,0.0020,0.165,0.724
1217,77888,orientation_cued_D0,0.69315,0.5000,0.0013,0.066,0.589
1218,77952,orientation_cued_D0,0.69315,0.4531,0.0003,0.070,0.772
1219,78016,orientation_cued_D0,0.69315,0.5000,0.0008,0.172,0.708
1220,78080,orientation_cued_D0,0.69315,0.5000,0.0012,0.165,0.608
1221,78144,orientation_cued_D0,0.69315,0.5000,0.0013,0.065,0.598
1222,78208,orientation_cued_D0,0.69315,0.5000,0.0011,0.065,0.647
1223,78272,orientation_cued_D0,0.69315,0.5000,0.0005,0.173,0.621
1224,78336,orientation_cued_D0,0.69314,0.5156,0.0005,0.168,0.624
1225,78400,orientation_cued_D0,0.69314,0.5000,0.0011,0.170,0.670
1226,78464,orientation_cued_D0,0.69315,0.5000,0.0012,0.147,0.553
1227,78528,orientation_cued_D0,0.69315,0.5000,0.0010,0.060,0.654
1228,78592,orientation_cued_D0,0.69315,0.4688,0.0003,0.063,0.682
1229,78656,orientation_cued_D0,0.69315,0.5156,0.0006,0.101,0.732
1230,78720,orientation_cued_D0,0.69315,0.5000,0.0008,0.182,0.651
1231,78784,orientation_cued_D0,0.69315,0.5000,0.0007,0.164,0.489
1232,78848,orientation_cued_D0,0.69315,0.5000,0.0004,0.069,0.602
1233,78912,orientation_cued_D0,0.69315,0.4531,0.0004,0.070,0.609
1234,78976,orientation_cued_D0,0.69315,0.5000,0.0011,0.152,0.617
1235,79040,orientation_cued_D0,0.69315,0.5000,0.0018,0.169,0.765
1236,79104,orientation_cued_D0,0.69315,0.5000,0.0019,0.140,0.623
1237,79168,orientation_cued_D0,0.69315,0.5000,0.0015,0.069,0.677
1238,79232,orientation_cued_D0,0.69315,0.5000,0.0009,0.069,0.669
1239,79296,orientation_cued_D0,0.69314,0.5156,0.0004,0.170,0.623
1240,79360,orientation_cued_D0,0.69315,0.5000,0.0004,0.167,0.469
1241,79424,orientation_cued_D0,0.69315,0.5000,0.0007,0.066,0.492
1242,79488,orientation_cued_D0,0.69315,0.5000,0.0007,0.074,0.564
1243,79552,orientation_cued_D0,0.69315,0.5000,0.0006,0.078,0.604
1244,79616,orientation_cued_D0,0.69315,0.5312,0.0004,0.180,0.699
1245,79680,orientation_cued_D0,0.69315,0.4688,0.0004,0.169,0.638
1246,79744,orientation_cued_D0,0.69315,0.5000,0.0007,0.166,0.492
1247,79808,orientation_cued_D0,0.69315,0.5000,0.0010,0.065,0.464
1248,79872,orientation_cued_D0,0.69315,0.5000,0.0012,0.078,0.641
1249,79936,orientation_cued_D0,0.69315,0.5000,0.0010,0.180,0.717
1250,80000,orientation_cued_D0,0.69315,0.5000,0.0005,0.171,0.510
1251,80064,orientation_cued_D0,0.69315,0.5000,0.0006,0.072,0.536
1252,80128,orientation_cued_D0,0.69315,0.5000,0.0015,0.066,0.594
1253,80192,orientation_cued_D0,0.69315,0.5000,0.0019,0.087,0.511
1254,80256,orientation_cued_D0,0.69314,0.5000,0.0015,0.177,0.571
1255,80320,orientation_cued_D0,0.69315,0.4688,0.0005,0.144,0.676
1256,80384,orientation_cued_D0,0.69315,0.5000,0.0013,0.066,0.736
1257,80448,orientation_cued_D0,0.69314,0.5000,0.0022,0.086,0.718
1258,80512,orientation_cued_D0,0.69315,0.5000,0.0024,0.093,0.761
1259,80576,orientation_cued_D0,0.69315,0.5000,0.0024,0.185,0.560
1260,80640,orientation_cued_D0,0.69314,0.5000,0.0020,0.165,0.531
1261,80704,orientation_cued_D0,0.69315,0.5000,0.0015,0.163,0.659
1262,80768,orientation_cued_D0,0.69315,0.5000,0.0011,0.064,0.655
1263,80832,orientation_cued_D0,0.69315,0.5000,0.0010,0.066,0.612
1264,80896,orientation_cued_D0,0.69315,0.5000,0.0007,0.091,0.704
1265,80960,orientation_cued_D0,0.69315,0.5156,0.0003,0.083,0.547
1266,81024,orientation_cued_D0,0.69315,0.4531,0.0002,0.177,0.670
1267,81088,orientation_cued_D0,0.69315,0.5000,0.0003,0.164,0.651
1268,81152,orientation_cued_D0,0.69314,0.5312,0.0004,0.160,0.626
1269,81216,orientation_cued_D0,0.69315,0.5312,0.0003,0.066,0.582
1270,81280,orientation_cued_D0,0.69315,0.5000,0.0003,0.066,0.621
1271,81344,orientation_cued_D0,0.69315,0.4531,0.0003,0.167,0.685
1272,81408,orientation_cued_D0,0.69315,0.4531,0.0003,0.073,0.626
1273,81472,orientation_cued_D0,0.69315,0.5781,0.0002,0.081,0.608
1274,81536,orientation_cued_D0,0.69314,0.5625,0.0003,0.168,0.683
1275,81600,orientation_cued_D0,0.69315,0.4688,0.0003,0.174,0.576
1276,81664,orientation_cued_D0,0.69315,0.5000,0.0004,0.069,0.627
1277,81728,orientation_cued_D0,0.69315,0.4844,0.0005,0.073,0.742
1278,81792,orientation_cued_D0,0.69315,0.5000,0.0004,0.168,0.595
1279,81856,orientation_cued_D0,0.69315,0.4844,0.0003,0.172,0.649
1280,81920,orientation_cued_D0,0.69315,0.5000,0.0007,0.169,0.518
1281,81984,orientation_cued_D0,0.69315,0.5000,0.0011,0.067,0.496
1282,82048,orientation_cued_D0,0.69315,0.5000,0.0012,0.078,0.733
1283,82112,orientation_cued_D0,0.69315,0.5000,0.0009,0.177,0.623
1284,82176,orientation_cued_D0,0.69314,0.5000,0.0007,0.078,0.465
1285,82240,orientation_cued_D0,0.69315,0.4844,0.0005,0.075,0.676
1286,82304,orientation_cued_D0,0.69315,0.5469,0.0003,0.085,0.651
1287,82368,orientation_cued_D0,0.69315,0.5000,0.0007,0.166,0.678
1288,82432,orientation_cued_D0,0.69314,0.5000,0.0011,0.161,0.622
1289,82496,orientation_cued_D0,0.69315,0.5000,0.0012,0.084,0.583
1290,82560,orientation_cued_D0,0.69315,0.5000,0.0011,0.071,0.766
1291,82624,orientation_cued_D0,0.69315,0.5000,0.0008,0.173,0.714
1292,82688,orientation_cued_D0,0.69315,0.4531,0.0004,0.161,0.504
1293,82752,orientation_cued_D0,0.69315,0.5156,0.0003,0.165,0.476
1294,82816,orientation_cued_D0,0.69315,0.4844,0.0003,0.083,0.542
1295,82880,orientation_cued_D0,0.69314,0.5156,0.0004,0.068,0.684
1296,82944,orientation_cued_D0,0.69315,0.5000,0.0006,0.179,0.696
1297,83008,orientation_cued_D0,0.69315,0.5000,0.0007,0.065,0.635
1298,83072,orientation_cued_D0,0.69315,0.5000,0.0007,0.069,0.591
1299,83136,orientation_cued_D0,0.69315,0.5000,0.0007,0.139,0.645
1300,83200,orientation_cued_D0,0.69315,0.5000,0.0007,0.154,0.556
1301,83264,orientation_cued_D0,0.69314,0.5000,0.0006,0.064,0.556
1302,83328,orientation_cued_D0,0.69315,0.5000,0.0005,0.071,0.737
1303,83392,orientation_cued_D0,0.69315,0.4219,0.0003,0.088,0.744
1304,83456,orientation_cued_D0,0.69315,0.4531,0.0003,0.179,0.586
1305,83520,orientation_cued_D0,0.69315,0.5312,0.0003,0.169,0.469
1306,83584,orientation_cued_D0,0.69315,0.5156,0.0002,0.172,0.643
1307,83648,orientation_cued_D0,0.69315,0.4688,0.0004,0.163,0.502
1308,83712,orientation_cued_D0,0.69315,0.5000,0.0006,0.067,0.612
1309,83776,orientation_cued_D0,0.69315,0.5000,0.0007,0.058,0.560
1310,83840,orientation_cued_D0,0.69314,0.5000,0.0012,0.166,0.778
1311,83904,orientation_cued_D0,0.69315,0.5000,0.0007,0.068,0.576
1312,83968,orientation_cued_D0,0.69315,0.4688,0.0005,0.068,0.606
1313,84032,orientation_cued_D0,0.69315,0.4844,0.0003,0.172,0.730
1314,84096,orientation_cued_D0,0.69315,0.5156,0.0003,0.165,0.526
1315,84160,orientation_cued_D0,0.69314,0.5000,0.0006,0.069,0.576
1316,84224,orientation_cued_D0,0.69315,0.5000,0.0009,0.079,0.574
1317,84288,orientation_cued_D0,0.69315,0.5000,0.0010,0.183,0.788
1318,84352,orientation_cued_D0,0.69315,0.5000,0.0009,0.059,0.628
1319,84416,orientation_cued_D0,0.69315,0.5000,0.0007,0.065,0.659
1320,84480,orientation_cued_D0,0.69315,0.5000,0.0003,0.089,0.652
1321,84544,orientation_cued_D0,0.69315,0.5000,0.0006,0.169,0.727
1322,84608,orientation_cued_D0,0.69315,0.5000,0.0010,0.164,0.577
1323,84672,orientation_cued_D0,0.69315,0.5000,0.0013,0.074,0.665
1324,84736,orientation_cued_D0,0.69315,0.5000,0.0014,0.071,0.651
1325,84800,orientation_cued_D0,0.69315,0.5000,0.0008,0.175,0.637
1326,84864,orientation_cued_D0,0.69315,0.4688,0.0003,0.171,0.558
1327,84928,orientation_cued_D0,0.69315,0.5000,0.0006,0.070,0.525
1328,84992,orientation_cued_D0,0.69315,0.5000,0.0007,0.064,0.672
1329,85056,orientation_cued_D0,0.69314,0.5000,0.0009,0.180,0.692
1330,85120,orientation_cued_D0,0.69315,0.5000,0.0009,0.075,0.546
1331,85184,orientation_cued_D0,0.69314,0.5000,0.0007,0.065,0.721
1332,85248,orientation_cued_D0,0.69314,0.5625,0.0004,0.088,0.669
1333,85312,orientation_cued_D0,0.69315,0.4375,0.0003,0.177,0.664
1334,85376,orientation_cued_D0,0.69315,0.4844,0.0005,0.166,0.521
1335,85440,orientation_cued_D0,0.69315,0.4531,0.0004,0.166,0.530
1336,85504,orientation_cued_D0,0.69315,0.4844,0.0002,0.076,0.540
1337,85568,orientation_cued_D0,0.69315,0.5000,0.0006,0.073,0.790
1338,85632,orientation_cued_D0,0.69315,0.5000,0.0013,0.166,0.727
1339,85696,orientation_cued_D0,0.69315,0.5000,0.0021,0.064,0.590
1340,85760,orientation_cued_D0,0.69315,0.5000,0.0031,0.073,0.787
1341,85824,orientation_cued_D0,0.69315,0.5000,0.0041,0.172,0.656
1342,85888,orientation_cued_D0,0.69315,0.5000,0.0052,0.164,0.577
1343,85952,orientation_cued_D0,0.69315,0.5000,0.0062,0.163,0.572
1344,86016,orientation_cued_D0,0.69314,0.5000,0.0075,0.075,0.633
1345,86080,orientation_cued_D0,0.69315,0.5000,0.0087,0.064,0.713
1346,86144,orientation_cued_D0,0.69314,0.5000,0.0097,0.174,0.749
1347,86208,orientation_cued_D0,0.69315,0.5000,0.0104,0.072,0.607
1348,86272,orientation_cued_D0,0.69314,0.5000,0.0105,0.060,0.715
1349,86336,orientation_cued_D0,0.69315,0.5000,0.0099,0.163,0.571
1350,86400,orientation_cued_D0,0.69314,0.5000,0.0092,0.065,0.428
1351,86464,orientation_cued_D0,0.69315,0.5000,0.0083,0.076,0.615
1352,86528,orientation_cued_D0,0.69315,0.5000,0.0075,0.078,0.656
1353,86592,orientation_cued_D0,0.69314,0.5000,0.0066,0.183,0.736
1354,86656,orientation_cued_D0,0.69315,0.5000,0.0059,0.153,0.654
1355,86720,orientation_cued_D0,0.69315,0.5000,0.0056,0.080,0.624
1356,86784,orientation_cued_D0,0.69315,0.5000,0.0056,0.075,0.709
1357,86848,orientation_cued_D0,0.69315,0.5000,0.0061,0.170,0.715
1358,86912,orientation_cued_D0,0.69315,0.5000,0.0065,0.166,0.459
1359,86976,orientation_cued_D0,0.69315,0.5000,0.0070,0.069,0.581
1360,87040,orientation_cued_D0,0.69314,0.5000,0.0074,0.071,0.606
1361,87104,orientation_cued_D0,0.69315,0.5000,0.0079,0.093,0.568
1362,87168,orientation_cued_D0,0.69315,0.5000,0.0081,0.171,0.617
1363,87232,orientation_cued_D0,0.69315,0.5000,0.0081,0.168,0.633
1364,87296,orientation_cued_D0,0.69315,0.5000,0.0080,0.067,0.543
1365,87360,orientation_cued_D0,0.69315,0.5000,0.0076,0.062,0.548
1366,87424,orientation_cued_D0,0.69314,0.5000,0.0069,0.084,0.665
1367,87488,orientation_cued_D0,0.69315,0.5000,0.0061,0.158,0.609
1368,87552,orientation_cued_D0,0.69315,0.5000,0.0051,0.175,0.593
1369,87616,orientation_cued_D0,0.69315,0.5000,0.0038,0.165,0.518
1370,87680,orientation_cued_D0,0.69315,0.5000,0.0020,0.065,0.612
1371,87744,orientation_cued_D0,0.69315,0.5000,0.0003,0.063,0.634
1372,87808,orientation_cued_D0,0.69314,0.5000,0.0014,0.154,0.614
1373,87872,orientation_cued_D0,0.69315,0.5000,0.0030,0.162,0.680
1374,87936,orientation_cued_D0,0.69315,0.5000,0.0046,0.072,0.508
1375,88000,orientation_cued_D0,0.69314,0.5000,0.0061,0.066,0.625
1376,88064,orientation_cued_D0,0.69315,0.5000,0.0072,0.171,0.821
1377,88128,orientation_cued_D0,0.69315,0.5000,0.0083,0.164,0.491
1378,88192,orientation_cued_D0,0.69315,0.5000,0.0097,0.164,0.436
1379,88256,orientation_cued_D0,0.69314,0.5000,0.0113,0.067,0.611
1380,88320,orientation_cued_D0,0.69315,0.5000,0.0128,0.072,0.628
1381,88384,orientation_cued_D0,0.69315,0.5000,0.0140,0.088,0.600
1382,88448,orientation_cued_D0,0.69315,0.5000,0.0151,0.177,0.742
1383,88512,orientation_cued_D0,0.69315,0.5000,0.0165,0.178,0.452
1384,88576,orientation_cued_D0,0.69315,0.5000,0.0181,0.167,0.593
1385,88640,orientation_cued_D0,0.69315,0.5000,0.0199,0.168,0.516
1386,88704,orientation_cued_D0,0.69315,0.5000,0.0216,0.068,0.558
1387,88768,orientation_cued_D0,0.69315,0.5000,0.0237,0.076,0.662
1388,88832,orientation_cued_D0,0.69315,0.5000,0.0267,0.170,0.673
1389,88896,orientation_cued_D0,0.69315,0.5000,0.0306,0.078,0.580
1390,88960,orientation_cued_D0,0.69316,0.5000,0.0353,0.066,0.687
1391,89024,orientation_cued_D0,0.69315,0.5000,0.0408,0.113,0.572
1392,89088,orientation_cued_D0,0.69316,0.5000,0.0471,0.170,0.563
1393,89152,orientation_cued_D0,0.69317,0.5000,0.0550,0.173,0.620
1394,89216,orientation_cued_D0,0.69318,0.5000,0.0644,0.067,0.498
1395,89280,orientation_cued_D0,0.69319,0.5000,0.0754,0.063,0.627
1396,89344,orientation_cued_D0,0.69320,0.5000,0.0874,0.085,0.630
1397,89408,orientation_cued_D0,0.69322,0.5000,0.1005,0.179,0.666
1398,89472,orientation_cued_D0,0.69323,0.5000,0.1121,0.136,0.683
1399,89536,orientation_cued_D0,0.69325,0.5000,0.1205,0.069,0.624
1400,89600,orientation_cued_D0,0.69325,0.5000,0.1216,0.072,0.650
1401,89664,orientation_cued_D0,0.69324,0.5000,0.1133,0.213,0.003
1402,89728,orientation_cued_D0,0.69321,0.5000,0.0918,0.057,0.002
1403,89792,orientation_cued_D0,0.69317,0.5000,0.0583,0.066,0.002
1404,89856,orientation_cued_D0,0.69315,0.5000,0.0166,0.061,0.002
1405,89920,orientation_cued_D0,0.69315,0.5000,0.0243,0.054,0.002
1406,89984,orientation_cued_D0,0.69317,0.5000,0.0543,0.062,0.447
1407,90048,orientation_cued_D0,0.69318,0.5000,0.0655,0.067,0.558
1408,90112,orientation_cued_D0,0.69317,0.5000,0.0553,0.077,0.643
1409,90176,orientation_cued_D0,0.69316,0.5000,0.0274,0.081,0.657
1410,90240,orientation_cued_D0,0.69315,0.5000,0.0076,0.184,0.672
1411,90304,orientation_cued_D0,0.69315,0.5000,0.0361,0.163,0.607
1412,90368,orientation_cued_D0,0.69316,0.5000,0.0476,0.163,0.626
1413,90432,orientation_cued_D0,0.69316,0.5000,0.0386,0.087,0.662
1414,90496,orientation_cued_D0,0.69315,0.5000,0.0138,0.068,0.747
1415,90560,orientation_cued_D0,0.69315,0.5000,0.0151,0.169,0.526
1416,90624,orientation_cued_D0,0.69315,0.5000,0.0345,0.090,0.667
1417,90688,orientation_cued_D0,0.69316,0.5000,0.0357,0.078,0.561
1418,90752,orientation_cued_D0,0.69314,0.5000,0.0197,0.079,0.631
1419,90816,orientation_cued_D0,0.69314,0.5000,0.0038,0.106,0.652
1420,90880,orientation_cued_D0,0.69315,0.5000,0.0224,0.191,0.708
1421,90944,orientation_cued_D0,0.69315,0.5000,0.0273,0.169,0.638
1422,91008,orientation_cued_D0,0.69315,0.5000,0.0171,0.169,0.616
1423,91072,orientation_cued_D0,0.69315,0.5000,0.0015,0.072,0.698
1424,91136,orientation_cued_D0,0.69315,0.5000,0.0180,0.070,0.533
1425,91200,orientation_cued_D0,0.69315,0.5000,0.0234,0.087,0.637
1426,91264,orientation_cued_D0,0.69315,0.5000,0.0159,0.097,0.561
1427,91328,orientation_cued_D0,0.69314,0.5000,0.0012,0.183,0.633
1428,91392,orientation_cued_D0,0.69315,0.5000,0.0123,0.177,0.572
1429,91456,orientation_cued_D0,0.69315,0.5000,0.0174,0.166,0.582
1430,91520,orientation_cued_D0,0.69315,0.5000,0.0125,0.071,0.647
1431,91584,orientation_cued_D0,0.69315,0.5000,0.0017,0.071,0.676
1432,91648,orientation_cued_D0,0.69315,0.5000,0.0083,0.174,0.676
1433,91712,orientation_cued_D0,0.69315,0.5000,0.0126,0.166,0.501
1434,91776,orientation_cued_D0,0.69315,0.5000,0.0097,0.069,0.527
1435,91840,orientation_cued_D0,0.69314,0.5000,0.0019,0.080,0.587
1436,91904,orientation_cued_D0,0.69314,0.5000,0.0062,0.089,0.671
1437,91968,orientation_cued_D0,0.69315,0.5000,0.0107,0.181,0.704
1438,92032,orientation_cued_D0,0.69315,0.5000,0.0096,0.179,0.468
1439,92096,orientation_cued_D0,0.69315,0.5000,0.0041,0.160,0.577
1440,92160,orientation_cued_D0,0.69315,0.5000,0.0028,0.168,0.616
1441,92224,orientation_cued_D0,0.69315,0.5000,0.0080,0.157,0.406
1442,92288,orientation_cued_D0,0.69315,0.5000,0.0085,0.069,0.546
1443,92352,orientation_cued_D0,0.69315,0.5000,0.0039,0.073,0.529
1444,92416,orientation_cued_D0,0.69315,0.5000,0.0026,0.175,0.611
1445,92480,orientation_cued_D0,0.69314,0.5000,0.0068,0.165,0.557
1446,92544,orientation_cued_D0,0.69315,0.5000,0.0069,0.066,0.656
1447,92608,orientation_cued_D0,0.69315,0.5000,0.0033,0.074,0.692
1448,92672,orientation_cued_D0,0.69315,0.5000,0.0015,0.179,0.659
1449,92736,orientation_cued_D0,0.69314,0.5000,0.0049,0.176,0.561
1450,92800,orientation_cued_D0,0.69314,0.5000,0.0052,0.162,0.699
1451,92864,orientation_cued_D0,0.69315,0.5000,0.0026,0.142,0.604
1452,92928,orientation_cued_D0,0.69315,0.5000,0.0011,0.068,0.541
1453,92992,orientation_cued_D0,0.69315,0.5000,0.0045,0.071,0.616
1454,93056,orientation_cued_D0,0.69315,0.5000,0.0056,0.084,0.756
1455,93120,orientation_cued_D0,0.69315,0.5000,0.0045,0.118,0.602
1456,93184,orientation_cued_D0,0.69315,0.5000,0.0020,0.177,0.683
1457,93248,orientation_cued_D0,0.69315,0.5000,0.0010,0.165,0.553
1458,93312,orientation_cued_D0,0.69316,0.5000,0.0030,0.167,0.582
1459,93376,orientation_cued_D0,0.69315,0.5000,0.0036,0.074,0.581
1460,93440,orientation_cued_D0,0.69315,0.5000,0.0022,0.078,0.621
1461,93504,orientation_cued_D0,0.69315,0.5312,0.0005,0.168,0.628
1462,93568,orientation_cued_D0,0.69315,0.5000,0.0027,0.075,0.681
1463,93632,orientation_cued_D0,0.69315,0.5000,0.0036,0.074,0.698
1464,93696,orientation_cued_D0,0.69315,0.5000,0.0030,0.176,0.712
1465,93760,orientation_cued_D0,0.69315,0.5000,0.0015,0.068,0.568
1466,93824,orientation_cued_D0,0.69314,0.5000,0.0005,0.066,0.660
1467,93888,orientation_cued_D0,0.69315,0.5000,0.0019,0.108,0.603
1468,93952,orientation_cued_D0,0.69315,0.5000,0.0024,0.177,0.700
1469,94016,orientation_cued_D0,0.69315,0.5000,0.0019,0.162,0.522
1470,94080,orientation_cued_D0,0.69315,0.5000,0.0008,0.069,0.594
1471,94144,orientation_cued_D0,0.69315,0.5156,0.0005,0.066,0.672
1472,94208,orientation_cued_D0,0.69315,0.5000,0.0016,0.177,0.718
1473,94272,orientation_cued_D0,0.69315,0.5000,0.0019,0.163,0.568
1474,94336,orientation_cued_D0,0.69314,0.5000,0.0012,0.162,0.450
1475,94400,orientation_cued_D0,0.69314,0.5625,0.0003,0.167,0.649
1476,94464,orientation_cued_D0,0.69315,0.5000,0.0009,0.161,0.665
1477,94528,orientation_cued_D0,0.69314,0.5000,0.0011,0.065,0.530
1478,94592,orientation_cued_D0,0.69314,0.5000,0.0006,0.067,0.666
1479,94656,orientation_cued_D0,0.69316,0.3906,0.0006,0.094,0.708
1480,94720,orientation_cued_D0,0.69314,0.5000,0.0013,0.188,0.649
1481,94784,orientation_cued_D0,0.69315,0.5000,0.0021,0.180,0.525
1482,94848,orientation_cued_D0,0.69314,0.5000,0.0021,0.071,0.672
1483,94912,orientation_cued_D0,0.69315,0.5000,0.0015,0.071,0.732
1484,94976,orientation_cued_D0,0.69315,0.5156,0.0005,0.170,0.756
1485,95040,orientation_cued_D0,0.69315,0.5000,0.0008,0.146,0.628
1486,95104,orientation_cued_D0,0.69315,0.5000,0.0013,0.079,0.528
1487,95168,orientation_cued_D0,0.69315,0.5000,0.0012,0.073,0.639
1488,95232,orientation_cued_D0,0.69315,0.5000,0.0005,0.167,0.615
1489,95296,orientation_cued_D0,0.69315,0.4844,0.0004,0.168,0.605
1490,95360,orientation_cued_D0,0.69314,0.4844,0.0008,0.164,0.637
1491,95424,orientation_cued_D0,0.69315,0.5156,0.0006,0.167,0.608
1492,95488,orientation_cued_D0,0.69315,0.5156,0.0003,0.163,0.628
1493,95552,orientation_cued_D0,0.69314,0.5312,0.0005,0.160,0.525
1494,95616,orientation_cued_D0,0.69315,0.5312,0.0006,0.078,0.511
1495,95680,orientation_cued_D0,0.69315,0.5156,0.0005,0.072,0.696
1496,95744,orientation_cued_D0,0.69314,0.5938,0.0012,0.165,0.621
1497,95808,orientation_cued_D0,0.69314,0.5000,0.0007,0.147,0.585
1498,95872,orientation_cued_D0,0.69315,0.5156,0.0006,0.075,0.627
1499,95936,orientation_cued_D0,0.69314,0.5781,0.0003,0.076,0.674
1500,96000,orientation_cued_D0,0.69315,0.5156,0.0003,0.082,0.607
1501,96064,orientation_cued_D0,0.69314,0.5156,0.0004,0.182,0.717
1502,96128,orientation_cued_D0,0.69315,0.5156,0.0004,0.175,0.502
1503,96192,orientation_cued_D0,0.69315,0.5156,0.0004,0.166,0.547
1504,96256,orientation_cued_D0,0.69316,0.4375,0.0006,0.161,0.665
1505,96320,orientation_cued_D0,0.69315,0.5156,0.0006,0.163,0.533
1506,96384,orientation_cued_D0,0.69314,0.5000,0.0008,0.072,0.608
1507,96448,orientation_cued_D0,0.69314,0.5000,0.0008,0.067,0.587
1508,96512,orientation_cued_D0,0.69315,0.4688,0.0006,0.164,0.694
1509,96576,orientation_cued_D0,0.69315,0.5156,0.0004,0.060,0.559
1510,96640,orientation_cued_D0,0.69315,0.5000,0.0010,0.071,0.624
1511,96704,orientation_cued_D0,0.69315,0.5000,0.0014,0.093,0.693
1512,96768,orientation_cued_D0,0.69314,0.5000,0.0011,0.130,0.662
1513,96832,orientation_cued_D0,0.69315,0.5000,0.0004,0.201,0.711
1514,96896,orientation_cued_D0,0.69315,0.5000,0.0009,0.067,0.570
1515,96960,orientation_cued_D0,0.69315,0.5000,0.0016,0.069,0.573
1516,97024,orientation_cued_D0,0.69315,0.5000,0.0012,0.126,0.664
1517,97088,orientation_cued_D0,0.69314,0.5781,0.0003,0.170,0.657
1518,97152,orientation_cued_D0,0.69313,0.5000,0.0011,0.179,0.514
1519,97216,orientation_cued_D0,0.69315,0.5000,0.0018,0.073,0.671
1520,97280,orientation_cued_D0,0.69315,0.5000,0.0020,0.069,0.699
1521,97344,orientation_cued_D0,0.69314,0.5000,0.0014,0.165,0.587
1522,97408,orientation_cued_D0,0.69314,0.5000,0.0004,0.164,0.491
1523,97472,orientation_cued_D0,0.69314,0.4844,0.0010,0.161,0.569
1524,97536,orientation_cued_D0,0.69315,0.5000,0.0013,0.070,0.574
1525,97600,orientation_cued_D0,0.69314,0.5000,0.0010,0.067,0.717
1526,97664,orientation_cued_D0,0.69314,0.5625,0.0004,0.171,0.671
1527,97728,orientation_cued_D0,0.69313,0.6406,0.0008,0.168,0.523
1528,97792,orientation_cued_D0,0.69315,0.4844,0.0004,0.061,0.584
1529,97856,orientation_cued_D0,0.69315,0.5469,0.0004,0.069,0.583
1530,97920,orientation_cued_D0,0.69314,0.5000,0.0009,0.087,0.570
1531,97984,orientation_cued_D0,0.69316,0.5000,0.0013,0.176,0.627
1532,98048,orientation_cued_D0,0.69314,0.4688,0.0009,0.164,0.621
1533,98112,orientation_cued_D0,0.69315,0.5312,0.0007,0.075,0.514
1534,98176,orientation_cued_D0,0.69315,0.5312,0.0004,0.067,0.631
1535,98240,orientation_cued_D0,0.69315,0.4531,0.0007,0.093,0.620
1536,98304,orientation_cued_D0,0.69314,0.5000,0.0009,0.182,0.666
1537,98368,orientation_cued_D0,0.69314,0.5000,0.0009,0.060,0.557
1538,98432,orientation_cued_D0,0.69315,0.4844,0.0007,0.063,0.657
1539,98496,orientation_cued_D0,0.69314,0.5625,0.0007,0.083,0.698
1540,98560,orientation_cued_D0,0.69315,0.4844,0.0006,0.176,0.792
1541,98624,orientation_cued_D0,0.69313,0.5469,0.0009,0.167,0.631
1542,98688,orientation_cued_D0,0.69313,0.5938,0.0008,0.168,0.452
1543,98752,orientation_cued_D0,0.69320,0.3281,0.0020,0.169,0.544
1544,98816,orientation_cued_D0,0.69314,0.4844,0.0007,0.079,0.631
1545,98880,orientation_cued_D0,0.69316,0.5000,0.0019,0.070,0.757
1546,98944,orientation_cued_D0,0.69316,0.5000,0.0036,0.172,0.643
1547,99008,orientation_cued_D0,0.69314,0.5000,0.0049,0.165,0.577
1548,99072,orientation_cued_D0,0.69314,0.5000,0.0051,0.155,0.572
1549,99136,orientation_cued_D0,0.69314,0.5000,0.0042,0.059,0.578
1550,99200,orientation_cued_D0,0.69315,0.5000,0.0025,0.068,0.704
1551,99264,orientation_cued_D0,0.69316,0.4219,0.0009,0.087,0.639
1552,99328,orientation_cued_D0,0.69316,0.4844,0.0017,0.090,0.570
1553,99392,orientation_cued_D0,0.69314,0.5000,0.0033,0.180,0.646
1554,99456,orientation_cued_D0,0.69314,0.5000,0.0039,0.176,0.532
1555,99520,orientation_cued_D0,0.69315,0.5000,0.0031,0.154,0.597
1556,99584,orientation_cued_D0,0.69316,0.5000,0.0022,0.072,0.658
1557,99648,orientation_cued_D0,0.69316,0.5000,0.0016,0.067,0.778
1558,99712,orientation_cued_D0,0.69315,0.4688,0.0010,0.173,0.551
1559,99776,orientation_cued_D0,0.69315,0.4531,0.0005,0.161,0.606
1560,99840,orientation_cued_D0,0.69313,0.5625,0.0012,0.061,0.559
1561,99904,orientation_cued_D0,0.69314,0.5000,0.0017,0.065,0.697
1562,99968,orientation_cued_D0,0.69314,0.5000,0.0019,0.170,0.644
1563,100032,orientation_cued_D0,0.69314,0.5312,0.0014,0.060,0.495
