step,episodes,frames_total,cell,loss,accuracy,gradient_norm,clipped,frames,seconds,diagnostics
1,8,40,binding_D0,2.518728256225586,0.375,147.8605194091797,1,5,1.7170398235321045,"{""first_sensory_field_gradient_norm"": 0.0111924447119236, ""early_r_gradient_norm"": 0.3046960234642029, ""early_r_rms"": 0.05214007943868637, ""early_a_gradient_norm"": 0.026324324309825897, ""early_a_rms"": 0.0, ""late_r_gradient_norm"": 1.23076593875885, ""late_r_rms"": 0.3379470705986023, ""late_a_gradient_norm"": null, ""late_a_rms"": 0.023992862552404404, ""encoder_gradient_norm"": 46.61955261230469, ""raw_recurrent_gradient_rms"": 4.3686268327292055e-05, ""state_stats"": {""inactive_fraction"": 0.17431640625, ""rectifier_off_fraction"": 0.39794921875, ""excitatory_mean"": 0.22976259887218475, ""inhibitory_mean"": 0.15218767523765564, ""tau_r_mean"": 5.170022010803223, ""tau_a_mean"": 36.800697326660156, ""adaptation_gain_mean"": 0.0474400669336319}, ""effective_recurrent_relative_update"": 3.211923103663139e-05}"
2,16,112,binding_D4,1.5037981271743774,0.5,117.37108612060547,1,9,0.45270442962646484,{}
3,24,248,single_D12,0.4153055250644684,0.875,19.367828369140625,1,17,0.841162919998169,{}
4,32,288,single_D0,0.01593800261616707,1.0,1.8334261178970337,1,5,0.25576281547546387,{}
5,40,424,single_D12,0.5600056648254395,0.625,101.15618896484375,1,17,0.8340339660644531,{}
6,48,560,single_D12,0.6063532829284668,0.625,58.250919342041016,1,17,0.8410234451293945,{}
7,56,632,binding_D4,1.1335861682891846,0.5,132.57235717773438,1,9,0.4693143367767334,{}
8,64,672,single_D0,0.2944376468658447,0.875,25.767648696899414,1,5,0.27051663398742676,{}
9,72,760,motion_D0,1.377615213394165,0.625,243.04103088378906,1,11,0.5982475280761719,{}
10,80,992,single_D24,0.6621537208557129,0.625,48.69800567626953,1,29,1.4501097202301025,{}
11,88,1224,single_D24,0.6796382069587708,0.625,22.000232696533203,1,29,1.421201229095459,{}
12,96,1456,binding_D24,0.7649664878845215,0.5,25.08367347717285,1,29,1.401564121246338,{}
13,104,1688,single_D24,1.1643494367599487,0.375,76.43746948242188,1,29,1.4022741317749023,{}
14,112,1824,single_D12,0.7454399466514587,0.625,35.48346710205078,1,17,0.840064287185669,{}
15,120,2104,motion_D24,1.0189220905303955,0.625,13.267701148986816,1,35,1.7206032276153564,{}
16,128,2336,single_D24,0.9869356751441956,0.125,24.950151443481445,1,29,1.4254932403564453,{}
17,136,2408,single_D4,0.5638336539268494,0.75,213.7763214111328,1,9,0.45196986198425293,{}
18,144,2480,binding_D4,0.464037150144577,0.875,17.956592559814453,1,9,0.45662760734558105,{}
19,152,2520,binding_D0,1.5722441673278809,0.375,105.57614135742188,1,5,0.27604031562805176,{}
20,160,2560,single_D0,0.0021028248593211174,1.0,0.5709749460220337,0,5,0.259021520614624,{}
21,168,2632,binding_D4,1.4204293489456177,0.375,77.31024169921875,1,9,0.4577367305755615,{}
22,176,2864,single_D24,0.8555592894554138,0.375,67.55874633789062,1,29,1.4009649753570557,{}
23,184,2904,binding_D0,1.123093843460083,0.375,86.22948455810547,1,5,0.2711787223815918,{}
24,192,2992,motion_D0,1.989302396774292,0.75,243.5359649658203,1,11,0.5782644748687744,{}
25,200,3032,binding_D0,1.04059636592865,0.5,41.092647552490234,1,5,0.270369291305542,{}
26,208,3104,single_D4,0.11746962368488312,1.0,63.14265441894531,1,9,0.46492838859558105,{}
27,216,3336,binding_D24,1.1667582988739014,0.5,30.91875648498535,1,29,1.4040429592132568,{}
28,224,3472,binding_D12,0.9127910733222961,0.5,22.382972717285156,1,17,0.8279874324798584,{}
29,232,3608,binding_D12,0.6686090230941772,0.375,6.306556701660156,1,17,0.8262674808502197,{}
30,240,3888,motion_D24,16.298181533813477,0.25,294.83380126953125,1,35,1.7296702861785889,{}
31,248,3960,binding_D4,0.7258338332176208,0.375,8.124797821044922,1,9,0.4634745121002197,{}
32,256,4000,single_D0,0.8270789980888367,0.75,34.2042350769043,1,5,0.2608222961425781,{}
33,264,4232,binding_D24,0.8164900541305542,0.375,4.993065357208252,1,29,1.4224159717559814,{}
34,272,4272,binding_D0,0.9384809732437134,0.375,10.392674446105957,1,5,0.27615809440612793,{}
35,280,4312,binding_D0,0.6151993870735168,0.5,5.075270652770996,1,5,0.28200745582580566,{}
36,288,4448,binding_D12,0.6784576177597046,0.625,5.700549125671387,1,17,0.8416154384613037,{}
37,296,4584,binding_D12,0.7558211088180542,0.375,2.107337713241577,1,17,0.831697940826416,{}
38,304,4720,single_D12,1.1293208599090576,0.5,83.17002868652344,1,17,0.8287596702575684,{}
39,312,4856,single_D12,0.8645838499069214,0.5,59.17534637451172,1,17,0.8387455940246582,{}
40,320,4944,motion_D0,2.247147560119629,0.625,397.4339294433594,1,11,0.5728332996368408,{}
41,328,4984,single_D0,0.33495670557022095,0.75,63.01925277709961,1,5,0.2548646926879883,{}
42,336,5120,single_D12,0.8834150433540344,0.25,21.828454971313477,1,17,0.844517707824707,{}
43,344,5192,single_D4,0.2199162095785141,1.0,34.036991119384766,1,9,0.46316957473754883,{}
44,352,5264,single_D4,0.3181212246417999,0.875,17.034332275390625,1,9,0.4815030097961426,{}
45,360,5304,binding_D0,0.6813966035842896,0.625,3.5311028957366943,1,5,0.27063584327697754,{}
46,368,5536,single_D24,0.9220317602157593,0.5,38.24183654785156,1,29,1.4433841705322266,{}
47,376,5672,binding_D12,0.6942748427391052,0.625,4.298342227935791,1,17,0.8689730167388916,{}
48,384,5744,binding_D4,0.8227842450141907,0.375,7.663120746612549,1,9,0.44820523262023926,{}
49,392,5976,single_D24,1.0967960357666016,0.5,35.18180847167969,1,29,1.411724328994751,{}
50,400,6048,single_D4,0.21511727571487427,0.875,18.597293853759766,1,9,0.46231937408447266,{}
51,408,6280,binding_D24,0.6728129386901855,0.5,2.015122413635254,1,29,1.4200119972229004,{}
52,416,6560,motion_D24,3.169565200805664,0.25,144.81240844726562,1,35,1.7636473178863525,{}
53,424,6792,binding_D24,0.8189218640327454,0.5,4.113079071044922,1,29,1.5453853607177734,{}
54,432,6880,motion_D0,1.9362013339996338,0.625,403.2733459472656,1,11,0.5987412929534912,{}
55,440,7112,binding_D24,0.8359423279762268,0.5,4.120687484741211,1,29,1.4238958358764648,{}
56,448,7152,binding_D0,0.6705641150474548,0.375,3.0260133743286133,1,5,0.2816581726074219,{}
57,456,7384,binding_D24,0.7329456210136414,0.375,2.367553234100342,1,29,1.4377446174621582,{}
58,464,7456,single_D4,0.6438500285148621,0.625,121.2766342163086,1,9,0.4476468563079834,{}
59,472,7592,binding_D12,0.7347202897071838,0.5,4.761440277099609,1,17,0.8387227058410645,{}
60,480,7632,binding_D0,0.8485594987869263,0.5,5.949807167053223,1,5,0.2711493968963623,{}
61,488,7912,motion_D24,2.6304941177368164,0.25,113.27882385253906,1,35,1.747544527053833,{}
62,496,8048,single_D12,0.7475766539573669,0.5,6.106910228729248,1,17,0.8493025302886963,{}
63,504,8120,binding_D4,0.6939342021942139,0.5,3.204533815383911,1,9,0.5033726692199707,{}
64,512,8352,binding_D24,0.6235722899436951,0.625,1.2418266534805298,1,29,1.5109875202178955,{}
65,520,8584,single_D24,0.7002683877944946,0.5,17.813575744628906,1,29,1.4601335525512695,{}
66,528,8624,single_D0,0.2839019000530243,0.75,60.648834228515625,1,5,0.2684359550476074,{}
67,536,8760,binding_D12,0.7633631229400635,0.5,2.0841615200042725,1,17,0.9380688667297363,{}
68,544,8832,single_D4,0.383279025554657,0.625,29.56649398803711,1,9,0.4776175022125244,{}
69,552,8904,single_D4,0.2352699488401413,1.0,7.7391767501831055,1,9,0.4793238639831543,{}
70,560,8976,binding_D4,0.6812035441398621,0.5,1.1653755903244019,1,9,0.48673009872436523,{}
71,568,9016,single_D0,0.009786716662347317,1.0,0.6386187672615051,0,5,0.275989294052124,{}
72,576,9056,single_D0,0.5709854960441589,0.75,13.563633918762207,1,5,0.2852592468261719,{}
73,584,9128,binding_D4,0.6630387306213379,0.75,2.824894905090332,1,9,0.4864318370819092,{}
74,592,9360,single_D24,0.6886417269706726,0.5,13.162592887878418,1,29,1.4707343578338623,{}
75,600,9592,binding_D24,0.6314809322357178,0.75,1.203416347503662,1,29,1.4361512660980225,{}
76,608,9664,single_D4,0.2471705675125122,0.875,4.455582618713379,1,9,0.48482847213745117,{}
77,616,9800,single_D12,0.7671907544136047,0.75,13.002655982971191,1,17,0.854543924331665,{}
78,624,9936,binding_D12,0.6241560578346252,0.75,1.33058500289917,1,17,0.8601341247558594,{}
79,632,9976,single_D0,0.3471495509147644,0.875,40.652748107910156,1,5,0.26648950576782227,{}
80,640,10112,binding_D12,0.7095481157302856,0.625,1.2410773038864136,1,17,0.8700709342956543,{}
81,648,10152,binding_D0,0.7329099178314209,0.5,3.4910802841186523,1,5,0.27940845489501953,{}
82,656,10224,single_D4,0.39185577630996704,0.75,18.81878089904785,1,9,0.4638190269470215,{}
83,664,10296,single_D4,0.2794942259788513,1.0,22.601102828979492,1,9,0.4841909408569336,{}
84,672,10528,single_D24,0.7876145839691162,0.5,25.005388259887695,1,29,1.448354959487915,{}
85,680,10760,binding_D24,0.7132282257080078,0.5,1.2386497259140015,1,29,1.4781663417816162,{}
86,688,10800,single_D0,1.116341233253479,0.625,142.1045379638672,1,5,0.28000760078430176,{}
87,696,10936,binding_D12,0.7014250159263611,0.375,1.2401872873306274,1,17,0.8681449890136719,{}
88,704,11216,motion_D24,1.4346712827682495,0.5,18.107215881347656,1,35,1.7921528816223145,{}
89,712,11448,single_D24,0.5988753437995911,0.75,5.928825378417969,1,29,1.4395477771759033,{}
90,720,11728,motion_D24,1.448931097984314,0.5,21.190820693969727,1,35,1.90421462059021,{}
91,728,11800,single_D4,0.6203054785728455,0.625,23.387069702148438,1,9,0.4794034957885742,{}
92,736,11936,binding_D12,0.6911084055900574,0.5,1.693670392036438,1,17,0.8558940887451172,{}
93,744,12008,binding_D4,0.7040932774543762,0.75,2.457791328430176,1,9,0.4879899024963379,{}
94,752,12144,single_D12,0.816818356513977,0.25,28.032136917114258,1,17,0.8560802936553955,{}
95,760,12216,binding_D4,0.664574384689331,0.625,2.4060451984405518,1,9,0.4640011787414551,{}
96,768,12352,binding_D12,0.6625301837921143,0.375,1.8247896432876587,1,17,0.84617018699646,{}
97,776,12392,single_D0,0.676352858543396,0.75,95.56634521484375,1,5,0.2700510025024414,{}
98,784,12528,single_D12,0.6525115966796875,0.625,41.45981979370117,1,17,0.8427407741546631,{}
99,792,12760,binding_D24,0.7482784986495972,0.375,1.7344906330108643,1,29,1.4274606704711914,{}
100,800,12992,single_D24,0.49460816383361816,0.75,12.078559875488281,1,29,1.465451717376709,{}
101,808,13032,binding_D0,0.7784256935119629,0.375,5.392143249511719,1,5,0.26274847984313965,{}
102,816,13168,single_D12,1.3417357206344604,0.25,45.62036895751953,1,17,0.8635129928588867,{}
103,824,13400,binding_D24,0.6523219347000122,0.75,1.6307612657546997,1,29,1.4188127517700195,{}
104,832,13440,binding_D0,0.7623056173324585,0.625,3.634446382522583,1,5,0.2694432735443115,{}
105,840,13480,single_D0,0.21007072925567627,0.875,35.94972229003906,1,5,0.2853386402130127,{}
106,848,13616,single_D12,0.9261093735694885,0.5,24.611835479736328,1,17,0.8616378307342529,{}
107,856,13752,single_D12,0.9319565296173096,0.375,36.49436950683594,1,17,0.8406593799591064,{}
108,864,13824,binding_D4,0.735275387763977,0.25,1.6246862411499023,1,9,0.47375965118408203,{}
109,872,14056,binding_D24,0.7124204635620117,0.5,1.8778189420700073,1,29,1.4146614074707031,{}
110,880,14096,single_D0,1.1041032075881958,0.625,117.01591491699219,1,5,0.2635059356689453,{}
111,888,14168,single_D4,0.36617541313171387,0.875,24.856828689575195,1,9,0.46912074089050293,{}
112,896,14256,motion_D0,0.08252475410699844,1.0,25.902708053588867,1,11,0.5877537727355957,{}
113,904,14488,single_D24,0.7359419465065002,0.5,9.141316413879395,1,29,1.4309651851654053,{}
114,912,14624,binding_D12,0.7133129835128784,0.25,1.030415654182434,1,17,0.8333361148834229,{}
115,920,14760,binding_D12,0.6341870427131653,0.625,1.60713791847229,1,17,0.829425573348999,{}
116,928,14992,single_D24,0.7782647013664246,0.625,9.634900093078613,1,29,1.4049873352050781,{}
117,936,15064,single_D4,0.38025498390197754,0.875,33.89699935913086,1,9,0.45386552810668945,{}
118,944,15136,binding_D4,0.6329697370529175,0.75,1.42815101146698,1,9,0.47527480125427246,{}
119,952,15368,binding_D24,0.6873739361763,0.625,1.1639091968536377,1,29,1.4023666381835938,{}
120,960,15504,binding_D12,0.6744781732559204,0.5,1.0685988664627075,1,17,0.8377132415771484,{}
121,968,15544,binding_D0,0.7207594513893127,0.625,2.12894344329834,1,5,0.26601409912109375,{}
122,976,15776,single_D24,0.869889497756958,0.5,13.925164222717285,1,29,1.4237112998962402,{}
123,984,16056,motion_D24,1.1191554069519043,0.75,16.578245162963867,1,35,1.7284905910491943,{}
124,992,16096,binding_D0,0.6139984130859375,0.625,2.5396015644073486,1,5,0.27112865447998047,{}
125,1000,16168,binding_D4,0.6339699625968933,0.625,1.211081862449646,1,9,0.45275402069091797,{}
126,1008,16208,single_D0,0.057326264679431915,1.0,8.33630657196045,1,5,0.2866098880767822,{}
127,1016,16344,single_D12,0.6383230090141296,0.625,28.352842330932617,1,17,0.8569364547729492,{}
128,1024,16576,binding_D24,0.6631487607955933,0.5,1.426531195640564,1,29,1.4303867816925049,{}
129,1032,16648,single_D4,0.18568487465381622,1.0,25.162948608398438,1,9,0.477001428604126,"{""first_sensory_field_gradient_norm"": 0.0004880885244347155, ""early_r_gradient_norm"": 0.03803534433245659, ""early_r_rms"": 0.01959129422903061, ""early_a_gradient_norm"": 0.004106598440557718, ""early_a_rms"": 0.0, ""late_r_gradient_norm"": 0.3478621542453766, ""late_r_rms"": 0.19566459953784943, ""late_a_gradient_norm"": null, ""late_a_rms"": 0.03285454586148262, ""encoder_gradient_norm"": 5.113944053649902, ""raw_recurrent_gradient_rms"": 7.230106803035596e-06, ""state_stats"": {""inactive_fraction"": 0.29150390625, ""rectifier_off_fraction"": 0.61328125, ""excitatory_mean"": 0.08498768508434296, ""inhibitory_mean"": 0.21160325407981873, ""tau_r_mean"": 5.1724677085876465, ""tau_a_mean"": 36.799617767333984, ""adaptation_gain_mean"": 0.04744492471218109}, ""effective_recurrent_relative_update"": 4.958087174600223e-06}"
130,1040,16688,binding_D0,0.7771043181419373,0.25,2.686988353729248,1,5,0.2827169895172119,{}
131,1048,16824,binding_D12,0.7252224683761597,0.625,1.6027650833129883,1,17,0.8554549217224121,{}
132,1056,16896,single_D4,0.1913914531469345,0.875,7.536280155181885,1,9,0.45888710021972656,{}
133,1064,17032,single_D12,0.6472104787826538,0.75,16.181673049926758,1,17,0.8718090057373047,{}
134,1072,17104,single_D4,0.35752198100090027,0.625,15.229349136352539,1,9,0.45120859146118164,{}
135,1080,17176,binding_D4,0.8083223700523376,0.125,2.2162978649139404,1,9,0.45270276069641113,{}
136,1088,17312,single_D12,0.7744633555412292,0.5,19.608198165893555,1,17,0.8370332717895508,{}
137,1096,17544,single_D24,0.6393271684646606,0.625,26.03121566772461,1,29,1.4209904670715332,{}
138,1104,17776,binding_D24,0.8670770525932312,0.5,2.897090196609497,1,29,1.398444414138794,{}
139,1112,17816,binding_D0,0.8213316798210144,0.375,2.658799409866333,1,5,0.2640573978424072,{}
140,1120,17856,single_D0,0.4566503167152405,0.75,84.620361328125,1,5,0.26349854469299316,{}
141,1128,17944,motion_D0,1.8511695861816406,0.5,157.91114807128906,1,11,0.5752499103546143,{}
142,1136,18176,binding_D24,0.6777938008308411,0.75,1.883909821510315,1,29,1.399970531463623,{}
143,1144,18408,single_D24,0.8205664157867432,0.625,26.693017959594727,1,29,1.4092493057250977,{}
144,1152,18496,motion_D0,0.2318364530801773,0.875,73.80472564697266,1,11,0.5772185325622559,{}
145,1160,18536,binding_D0,0.7346675395965576,0.375,2.160350799560547,1,5,0.2689521312713623,{}
146,1168,18672,single_D12,0.6702482104301453,0.75,11.3026704788208,1,17,0.8343498706817627,{}
147,1176,18712,single_D0,0.24918588995933533,0.875,37.465702056884766,1,5,0.26436686515808105,{}
148,1184,18784,binding_D4,0.7678518295288086,0.375,3.209428548812866,1,9,0.45700979232788086,{}
149,1192,18824,binding_D0,0.8352126479148865,0.5,4.124941825866699,1,5,0.2731959819793701,{}
150,1200,18896,binding_D4,0.7666999101638794,0.5,2.991889715194702,1,9,0.45586276054382324,{}
151,1208,19176,motion_D24,1.1145243644714355,0.5,9.838857650756836,1,35,1.7376644611358643,{}
152,1216,19408,binding_D24,0.6789113879203796,0.625,1.837614893913269,1,29,1.491966962814331,{}
153,1224,19544,binding_D12,0.7214722037315369,0.5,1.4326128959655762,1,17,0.8542540073394775,{}
154,1232,19776,single_D24,0.9508274793624878,0.0,17.49724006652832,1,29,1.480936050415039,{}
155,1240,19816,single_D0,0.22519569098949432,1.0,42.21824264526367,1,5,0.2555837631225586,{}
156,1248,19888,single_D4,0.21770183742046356,0.875,12.39941692352295,1,9,0.47617387771606445,{}
157,1256,19960,binding_D4,0.6796044111251831,0.75,1.9540554285049438,1,9,0.4676177501678467,{}
158,1264,20048,motion_D0,0.679851770401001,0.75,134.453125,1,11,0.5861029624938965,{}
159,1272,20088,single_D0,0.2312350571155548,0.875,40.43304443359375,1,5,0.29984235763549805,{}
160,1280,20224,binding_D12,0.746091902256012,0.5,2.546572685241699,1,17,1.0184857845306396,{}
161,1288,20360,single_D12,0.6219449043273926,0.5,25.035865783691406,1,17,0.8651020526885986,{}
162,1296,20592,binding_D24,0.7326039671897888,0.5,2.8194305896759033,1,29,1.5044901371002197,{}
163,1304,20872,motion_D24,0.9578295350074768,0.75,8.102245330810547,1,35,1.7373754978179932,{}
164,1312,20944,single_D4,0.5569692850112915,0.75,13.462981224060059,1,9,0.5160701274871826,{}
165,1320,21016,binding_D4,0.6794480085372925,0.625,1.2529089450836182,1,9,0.4705653190612793,{}
166,1328,21088,binding_D4,0.7126471400260925,0.5,1.7421776056289673,1,9,0.47568583488464355,{}
167,1336,21224,single_D12,0.766380250453949,0.375,57.92098617553711,1,17,0.8540401458740234,{}
168,1344,21456,binding_D24,0.7113953232765198,0.25,1.498453974723816,1,29,1.509005069732666,{}
169,1352,21688,single_D24,0.8511164784431458,0.25,73.7721176147461,1,29,1.4693353176116943,{}
170,1360,21728,binding_D0,0.8649983406066895,0.375,4.193788528442383,1,5,0.2667560577392578,{}
171,1368,21960,single_D24,0.598670482635498,0.625,17.53021240234375,1,29,1.44342041015625,{}
172,1376,22000,single_D0,0.6140061616897583,0.75,39.541542053222656,1,5,0.26035118103027344,{}
173,1384,22040,single_D0,0.09314051270484924,1.0,14.751326560974121,1,5,0.2679882049560547,{}
174,1392,22128,motion_D0,1.7109675407409668,0.75,308.7934265136719,1,11,0.6002256870269775,{}
175,1400,22264,binding_D12,0.6702688932418823,0.625,1.0766146183013916,1,17,0.8518288135528564,{}
176,1408,22400,binding_D12,0.7141289710998535,0.5,1.2773298025131226,1,17,0.8429343700408936,{}
177,1416,22536,binding_D12,0.6859598159790039,0.625,1.1732076406478882,1,17,0.8339760303497314,{}
178,1424,22576,binding_D0,0.6151078939437866,0.75,2.214686155319214,1,5,0.28752875328063965,{}
179,1432,22808,binding_D24,0.8269867897033691,0.25,2.242656707763672,1,29,1.4023323059082031,{}
180,1440,22848,single_D0,0.1425836980342865,1.0,33.48021697998047,1,5,0.25232887268066406,{}
181,1448,22888,single_D0,0.04032368212938309,1.0,3.288198232650757,1,5,0.2593991756439209,{}
182,1456,23024,single_D12,0.5687083005905151,0.625,22.76308250427246,1,17,0.8383302688598633,{}
183,1464,23256,single_D24,0.7347322106361389,0.5,11.620248794555664,1,29,1.4782664775848389,{}
184,1472,23296,single_D0,0.1768510341644287,0.875,12.29198169708252,1,5,0.2659416198730469,{}
185,1480,23368,binding_D4,0.703013002872467,0.625,2.033942699432373,1,9,0.47277355194091797,{}
186,1488,23440,binding_D4,0.684638500213623,0.625,1.2332361936569214,1,9,0.4641149044036865,{}
187,1496,23576,binding_D12,0.8349037170410156,0.375,4.196283340454102,1,17,0.8454005718231201,{}
188,1504,23808,binding_D24,0.662712037563324,0.625,1.3514188528060913,1,29,1.4126300811767578,{}
189,1512,24040,single_D24,0.7334839701652527,0.5,16.93821144104004,1,29,1.4339795112609863,{}
190,1520,24176,single_D12,0.8993779420852661,0.375,24.31158447265625,1,17,0.8806304931640625,{}
191,1528,24312,binding_D12,0.6582797765731812,0.625,2.1908345222473145,1,17,0.834862470626831,{}
192,1536,24384,single_D4,0.6600263118743896,0.375,21.944320678710938,1,9,0.45854949951171875,{}
193,1544,24456,single_D4,0.3576289117336273,0.75,21.074960708618164,1,9,0.49010396003723145,{}
194,1552,24496,single_D0,0.41884535551071167,0.75,44.773536682128906,1,5,0.2559528350830078,{}
195,1560,24568,binding_D4,0.7807010412216187,0.5,3.461498260498047,1,9,0.4623911380767822,{}
196,1568,24800,binding_D24,0.6605409383773804,0.625,3.76361083984375,1,29,1.5288076400756836,{}
197,1576,24840,single_D0,0.4328498840332031,0.75,26.335491180419922,1,5,0.27692651748657227,{}
198,1584,24880,binding_D0,0.9281233549118042,0.5,5.24702787399292,1,5,0.31465792655944824,{}
199,1592,24920,binding_D0,0.9917532205581665,0.375,5.092503070831299,1,5,0.27049970626831055,{}
200,1600,25056,single_D12,0.7076432704925537,0.5,10.943280220031738,1,17,0.877765417098999,{}
201,1608,25288,binding_D24,0.6528907418251038,0.625,2.302536725997925,1,29,1.486260175704956,{}
202,1616,25520,single_D24,0.7372503280639648,0.5,6.757584571838379,1,29,1.5473129749298096,{}
203,1624,25752,single_D24,0.714931309223175,0.5,5.846409320831299,1,29,1.4904530048370361,{}
204,1632,25840,motion_D0,2.0145323276519775,0.625,109.65534210205078,1,11,0.6203224658966064,{}
205,1640,26072,binding_D24,0.6063830256462097,0.75,1.6928235292434692,1,29,1.4940135478973389,{}
206,1648,26144,single_D4,0.43921521306037903,0.875,7.027918815612793,1,9,0.5614111423492432,{}
207,1656,26424,motion_D24,1.120503306388855,0.625,11.321560859680176,1,35,1.8077023029327393,{}
208,1664,26496,binding_D4,0.6998350024223328,0.625,1.2990137338638306,1,9,0.5712192058563232,{}
209,1672,26568,binding_D4,0.8140833377838135,0.25,3.5883922576904297,1,9,0.5143344402313232,{}
210,1680,26704,binding_D12,0.7473756074905396,0.5,1.2299953699111938,1,17,0.8823540210723877,{}
211,1688,26776,binding_D4,0.8067300915718079,0.25,1.8832337856292725,1,9,0.4689207077026367,{}
212,1696,26912,binding_D12,0.649505615234375,0.625,1.3563414812088013,1,17,0.8572745323181152,{}
213,1704,26984,binding_D4,0.7664049863815308,0.375,1.8538421392440796,1,9,0.4583723545074463,{}
214,1712,27024,single_D0,0.14756466448307037,1.0,11.756081581115723,1,5,0.2676987648010254,{}
215,1720,27304,motion_D24,1.161175012588501,0.5,10.820699691772461,1,35,1.7432832717895508,{}
216,1728,27536,binding_D24,0.7732083797454834,0.375,2.843845844268799,1,29,1.4204480648040771,{}
217,1736,27672,single_D12,0.9612362384796143,0.5,32.26731491088867,1,17,0.8487498760223389,{}
218,1744,27952,motion_D24,1.0714306831359863,0.75,6.861656188964844,1,35,1.7198998928070068,{}
219,1752,28088,binding_D12,0.7418550848960876,0.375,1.7558971643447876,1,17,0.8413348197937012,{}
220,1760,28320,binding_D24,0.6582128405570984,0.625,1.7134782075881958,1,29,1.4195709228515625,{}
221,1768,28392,single_D4,0.2608185410499573,0.875,15.54824161529541,1,9,0.4560859203338623,{}
222,1776,28480,motion_D0,0.6251885294914246,0.625,157.65975952148438,1,11,0.593104362487793,{}
223,1784,28520,binding_D0,0.6655380725860596,0.75,2.5864572525024414,1,5,0.2640542984008789,{}
224,1792,28752,single_D24,0.9345375895500183,0.5,23.85224151611328,1,29,1.4289958477020264,{}
225,1800,28888,single_D12,0.7588348984718323,0.625,66.81095886230469,1,17,0.8594269752502441,{}
226,1808,28928,single_D0,0.1455952376127243,1.0,43.05980682373047,1,5,0.26102471351623535,{}
227,1816,28968,binding_D0,0.973329484462738,0.375,10.702164649963379,1,5,0.26798057556152344,{}
228,1824,29008,binding_D0,0.6838822364807129,0.75,5.575431823730469,1,5,0.27492499351501465,{}
229,1832,29240,single_D24,0.7532303929328918,0.5,21.922203063964844,1,29,1.5001051425933838,{}
230,1840,29376,single_D12,0.8838021159172058,0.625,25.175050735473633,1,17,0.8397238254547119,{}
231,1848,29512,binding_D12,0.6614362001419067,0.5,1.1039469242095947,1,17,0.8916306495666504,{}
232,1856,29744,single_D24,0.8799355030059814,0.5,15.280386924743652,1,29,1.4997272491455078,{}
233,1864,29816,single_D4,0.4042819142341614,0.625,39.892887115478516,1,9,0.4744124412536621,{}
234,1872,29856,binding_D0,0.6879682540893555,0.5,1.7524771690368652,1,5,0.2823820114135742,{}
235,1880,29992,single_D12,0.6298245787620544,0.5,9.049785614013672,1,17,0.8776865005493164,{}
236,1888,30080,motion_D0,3.7980589866638184,0.625,267.9172058105469,1,11,0.5939481258392334,{}
237,1896,30120,binding_D0,0.7031379342079163,0.375,2.3907217979431152,1,5,0.28283190727233887,{}
238,1904,30192,single_D4,0.2162708193063736,0.875,20.84358024597168,1,9,0.4650297164916992,{}
239,1912,30264,single_D4,0.3301364481449127,0.875,25.028358459472656,1,9,0.47763752937316895,{}
240,1920,30336,single_D4,0.3484971523284912,0.625,28.885543823242188,1,9,0.4716179370880127,{}
241,1928,30376,binding_D0,0.7395131587982178,0.625,2.972231388092041,1,5,0.27573704719543457,{}
242,1936,30416,single_D0,0.48780712485313416,0.75,30.861631393432617,1,5,0.28050899505615234,{}
243,1944,30456,single_D0,0.0196206234395504,1.0,2.365530490875244,1,5,0.2670400142669678,{}
244,1952,30528,single_D4,0.39525556564331055,0.75,28.747087478637695,1,9,0.5299391746520996,{}
245,1960,30600,single_D4,0.3596785366535187,0.875,18.692367553710938,1,9,0.492603063583374,{}
246,1968,30672,binding_D4,0.6881036758422852,0.5,1.4918168783187866,1,9,0.5097634792327881,{}
247,1976,30744,binding_D4,0.6275405883789062,0.875,1.5384857654571533,1,9,0.4829232692718506,{}
248,1984,30816,binding_D4,0.6973633766174316,0.5,1.0880757570266724,1,9,0.4983789920806885,{}
249,1992,31048,binding_D24,0.7121142148971558,0.375,1.290290117263794,1,29,1.4797310829162598,{}
250,2000,31088,single_D0,0.13323011994361877,0.875,18.60376739501953,1,5,0.27124953269958496,{}
251,2008,31320,single_D24,0.9736828804016113,0.375,17.639942169189453,1,29,1.4537582397460938,{}
252,2016,31456,binding_D12,0.748062789440155,0.375,1.0733305215835571,1,17,0.8694655895233154,{}
253,2024,31592,single_D12,0.6713568568229675,0.5,14.007850646972656,1,17,0.9163918495178223,{}
254,2032,31728,single_D12,0.6905544996261597,0.625,25.146547317504883,1,17,0.8760428428649902,{}
255,2040,31960,single_D24,0.6750543713569641,0.625,4.148332595825195,1,29,1.443603277206421,{}
256,2048,32032,single_D4,0.41514068841934204,1.0,22.522567749023438,1,9,0.47296833992004395,{}
257,2056,32264,binding_D24,0.6186879277229309,0.625,1.642161250114441,1,29,1.5965020656585693,"{""first_sensory_field_gradient_norm"": 4.5396900532068685e-05, ""early_r_gradient_norm"": 0.008494749665260315, ""early_r_rms"": 0.015153911896049976, ""early_a_gradient_norm"": 0.0029991453047841787, ""early_a_rms"": 0.0, ""late_r_gradient_norm"": 0.7561982870101929, ""late_r_rms"": 0.09362868964672089, ""late_a_gradient_norm"": null, ""late_a_rms"": 0.031483910977840424, ""encoder_gradient_norm"": 0.5550554394721985, ""raw_recurrent_gradient_rms"": 3.570423132259748e-06, ""state_stats"": {""inactive_fraction"": 0.83642578125, ""rectifier_off_fraction"": 0.8671875, ""excitatory_mean"": 0.014920935034751892, ""inhibitory_mean"": 0.04733932018280029, ""tau_r_mean"": 5.173328399658203, ""tau_a_mean"": 36.79621505737305, ""adaptation_gain_mean"": 0.047453947365283966}, ""effective_recurrent_relative_update"": 6.539038622577209e-06}"
258,2064,32304,binding_D0,0.6163658499717712,0.75,1.7865934371948242,1,5,0.2637317180633545,{}
259,2072,32344,binding_D0,0.8053345680236816,0.375,5.52076530456543,1,5,0.2745182514190674,{}
260,2080,32576,binding_D24,0.7251554727554321,0.5,1.6607656478881836,1,29,1.4281306266784668,{}
261,2088,32616,single_D0,0.6312282085418701,0.75,111.65790557861328,1,5,0.2645456790924072,{}
262,2096,32848,binding_D24,0.6148443818092346,0.75,2.53381085395813,1,29,1.412172794342041,{}
263,2104,32984,single_D12,0.7019844055175781,0.5,38.81941604614258,1,17,1.2221128940582275,{}
264,2112,33216,single_D24,0.7627711296081543,0.5,20.718103408813477,1,29,1.4480440616607666,{}
265,2120,33448,single_D24,0.7506817579269409,0.25,11.098309516906738,1,29,1.5173008441925049,{}
266,2128,33520,binding_D4,0.7125130891799927,0.375,1.3227548599243164,1,9,0.5458896160125732,{}
267,2136,33656,binding_D12,0.7083094716072083,0.375,2.102492094039917,1,17,0.9041633605957031,{}
268,2144,33792,binding_D12,0.6895130276679993,0.5,1.9829908609390259,1,17,0.8937101364135742,{}
269,2152,33832,single_D0,0.297433465719223,0.875,50.03299331665039,1,5,0.27513861656188965,{}
270,2160,34064,binding_D24,0.6454611420631409,0.625,1.6566801071166992,1,29,1.4774532318115234,{}
271,2168,34136,single_D4,0.42175835371017456,0.75,15.736043930053711,1,9,0.4641144275665283,{}
272,2176,34368,binding_D24,0.7048516273498535,0.375,1.660672903060913,1,29,1.5112500190734863,{}
273,2184,34440,single_D4,0.4308585226535797,0.75,13.386311531066895,1,9,0.46880483627319336,{}
274,2192,34512,single_D4,0.36565378308296204,0.875,8.318755149841309,1,9,0.4624476432800293,{}
275,2200,34792,motion_D24,0.9795390963554382,0.75,19.89198875427246,1,35,2.001236915588379,{}
276,2208,35024,single_D24,0.7105783820152283,0.375,9.495997428894043,1,29,1.508432149887085,{}
277,2216,35112,motion_D0,0.7303327322006226,0.75,269.2615051269531,1,11,0.5994751453399658,{}
278,2224,35344,binding_D24,0.688306987285614,0.625,1.521000623703003,1,29,1.475496530532837,{}
279,2232,35480,binding_D12,0.6822274923324585,0.625,1.3617455959320068,1,17,0.8434474468231201,{}
280,2240,35712,single_D24,0.7982053756713867,0.5,12.95316219329834,1,29,1.4765970706939697,{}
281,2248,35800,motion_D0,2.222301959991455,0.625,267.47235107421875,1,11,0.624091386795044,{}
282,2256,36032,binding_D24,0.7548554539680481,0.375,1.3753083944320679,1,29,1.4627454280853271,{}
283,2264,36168,binding_D12,0.6555717587471008,0.75,1.317821979522705,1,17,0.8562204837799072,{}
284,2272,36240,binding_D4,0.6934105157852173,0.5,1.7129228115081787,1,9,0.4500923156738281,{}
285,2280,36312,binding_D4,0.6604526042938232,0.5,2.8360891342163086,1,9,0.488173246383667,{}
286,2288,36544,single_D24,0.7087312936782837,0.5,13.826714515686035,1,29,1.4334847927093506,{}
287,2296,36776,single_D24,0.7616590857505798,0.5,13.845455169677734,1,29,1.4276742935180664,{}
288,2304,36912,binding_D12,0.7100211977958679,0.5,1.6419752836227417,1,17,0.8448867797851562,{}
289,2312,36984,single_D4,0.31329792737960815,0.875,20.858678817749023,1,9,0.4491143226623535,{}
290,2320,37120,single_D12,0.7120954990386963,0.625,8.728289604187012,1,17,0.87054443359375,{}
291,2328,37192,binding_D4,0.6823542714118958,0.625,0.9534636735916138,0,9,0.4569671154022217,{}
292,2336,37328,single_D12,0.7783937454223633,0.375,9.068621635437012,1,17,0.854029655456543,{}
293,2344,37368,binding_D0,0.7363259196281433,0.375,1.6521865129470825,1,5,0.2690773010253906,{}
294,2352,37408,binding_D0,0.6175217032432556,0.875,2.088937282562256,1,5,0.27083373069763184,{}
295,2360,37448,single_D0,0.4779084324836731,0.75,24.87378692626953,1,5,0.2687647342681885,{}
296,2368,37680,binding_D24,0.7041282057762146,0.25,1.2361726760864258,1,29,1.4958174228668213,{}
297,2376,37720,binding_D0,0.6612070202827454,0.375,1.6011016368865967,1,5,0.2700982093811035,{}
298,2384,37808,motion_D0,0.7196572422981262,0.75,240.96356201171875,1,11,0.6194467544555664,{}
299,2392,37880,binding_D4,0.6160995960235596,0.875,1.241203784942627,1,9,0.479398250579834,{}
300,2400,38016,single_D12,0.7321449518203735,0.5,9.563515663146973,1,17,0.8397715091705322,{}
301,2408,38056,binding_D0,0.6122465133666992,0.875,1.4093667268753052,1,5,0.29865455627441406,{}
302,2416,38128,single_D4,0.5086042881011963,0.75,6.984757423400879,1,9,0.45650768280029297,{}
303,2424,38168,single_D0,0.8253111243247986,0.625,103.69856262207031,1,5,0.2713296413421631,{}
304,2432,38304,single_D12,0.7826635241508484,0.375,5.481863498687744,1,17,0.8635811805725098,{}
305,2440,38376,binding_D4,0.6585716009140015,0.75,1.361311674118042,1,9,0.47295403480529785,{}
306,2448,38512,single_D12,0.6857947111129761,0.625,5.347056865692139,1,17,0.8379600048065186,{}
307,2456,38648,single_D12,0.7232841849327087,0.375,3.9945762157440186,1,17,0.8374760150909424,{}
308,2464,38928,motion_D24,1.0348011255264282,0.75,8.951013565063477,1,35,1.7968502044677734,{}
309,2472,39000,single_D4,0.38853853940963745,0.875,13.00301742553711,1,9,0.48465895652770996,{}
310,2480,39136,binding_D12,0.7065681219100952,0.5,1.5992556810379028,1,17,0.8582735061645508,{}
311,2488,39176,single_D0,0.38116198778152466,0.875,23.201980590820312,1,5,0.2609560489654541,{}
312,2496,39312,binding_D12,0.8071300983428955,0.125,1.8613355159759521,1,17,0.9128172397613525,{}
313,2504,39352,binding_D0,0.5794627070426941,0.75,1.7404426336288452,1,5,0.28290295600891113,{}
314,2512,39632,motion_D24,1.0338308811187744,0.625,10.6504545211792,1,35,1.7956116199493408,{}
315,2520,39912,motion_D24,1.1452641487121582,0.625,14.33216667175293,1,35,1.732907772064209,{}
316,2528,40000,motion_D0,0.31148824095726013,0.75,120.88783264160156,1,11,0.5848329067230225,{}
317,2536,40136,binding_D12,0.673194408416748,0.625,1.5831845998764038,1,17,0.8383030891418457,{}
318,2544,40176,binding_D0,0.5970819592475891,0.625,1.747641921043396,1,5,0.26802635192871094,{}
319,2552,40408,single_D24,0.7022616267204285,0.5,13.09981918334961,1,29,1.431208848953247,{}
320,2560,40448,single_D0,0.039380669593811035,1.0,6.673633575439453,1,5,0.2538340091705322,{}
321,2568,40584,single_D12,0.8569373488426208,0.5,21.120506286621094,1,17,0.8455905914306641,{}
322,2576,40816,single_D24,0.6585597395896912,0.625,7.7073974609375,1,29,1.4239840507507324,{}
323,2584,40888,single_D4,0.36244070529937744,0.875,21.045101165771484,1,9,0.46037721633911133,{}
324,2592,40928,binding_D0,0.6838771104812622,0.5,3.074462652206421,1,5,0.2870292663574219,{}
325,2600,41208,motion_D24,1.012338638305664,0.75,8.875541687011719,1,35,1.7500004768371582,{}
326,2608,41344,single_D12,0.6678482294082642,0.5,4.786369800567627,1,17,0.8576278686523438,{}
327,2616,41384,binding_D0,0.8461949229240417,0.5,11.3892183303833,1,5,0.280853271484375,{}
328,2624,41456,single_D4,0.2990579605102539,0.875,4.695467472076416,1,9,0.4690883159637451,{}
329,2632,41592,single_D12,0.9107635617256165,0.125,37.18594741821289,1,17,0.8533453941345215,{}
330,2640,41664,binding_D4,0.6787041425704956,0.625,3.2505736351013184,1,9,0.46915650367736816,{}
331,2648,41704,binding_D0,0.7582623362541199,0.5,8.512155532836914,1,5,0.2903745174407959,{}
332,2656,41840,binding_D12,0.7388160824775696,0.375,1.6221169233322144,1,17,0.8511178493499756,{}
333,2664,42072,binding_D24,0.6688444018363953,0.75,1.1593185663223267,1,29,1.4659759998321533,{}
334,2672,42160,motion_D0,4.205966949462891,0.5,588.1842651367188,1,11,0.5844910144805908,{}
335,2680,42440,motion_D24,1.3542641401290894,0.25,34.078857421875,1,35,1.841904640197754,{}
336,2688,42480,single_D0,0.334274023771286,0.875,73.64259338378906,1,5,0.28323912620544434,{}
337,2696,42552,single_D4,0.5026019811630249,0.625,87.14973449707031,1,9,0.46565914154052734,{}
338,2704,42688,binding_D12,0.8105337619781494,0.375,3.643735408782959,1,17,0.8481950759887695,{}
339,2712,42920,single_D24,0.7486763000488281,0.375,27.292936325073242,1,29,1.4199838638305664,{}
340,2720,43056,single_D12,0.94093918800354,0.125,7.859376430511475,1,17,0.8774182796478271,{}
341,2728,43288,binding_D24,0.8054196834564209,0.375,2.5470216274261475,1,29,1.42038893699646,{}
342,2736,43424,binding_D12,0.6932335495948792,0.5,1.8681128025054932,1,17,0.9236290454864502,{}
343,2744,43656,single_D24,0.7354555130004883,0.5,22.404836654663086,1,29,1.5508053302764893,{}
344,2752,43696,single_D0,0.024850543588399887,1.0,1.5632244348526,1,5,0.26602721214294434,{}
345,2760,43768,single_D4,0.2903633117675781,0.875,14.516814231872559,1,9,0.4712636470794678,{}
346,2768,44000,binding_D24,0.682356595993042,0.625,1.8674309253692627,1,29,1.4386677742004395,{}
347,2776,44040,single_D0,0.24184302985668182,1.0,20.245460510253906,1,5,0.26403260231018066,{}
348,2784,44112,single_D4,0.32317930459976196,0.875,13.417081832885742,1,9,0.4796876907348633,{}
349,2792,44184,binding_D4,0.7418879270553589,0.375,1.254903793334961,1,9,0.4633505344390869,{}
350,2800,44416,binding_D24,0.7540143728256226,0.5,2.001760482788086,1,29,1.5334036350250244,{}
351,2808,44648,single_D24,0.7304482460021973,0.5,18.30234718322754,1,29,1.4409968852996826,{}
352,2816,44784,single_D12,0.751061201095581,0.5,18.801124572753906,1,17,0.8546266555786133,{}
353,2824,44920,binding_D12,0.6569486260414124,0.875,1.26949942111969,1,17,0.8462817668914795,{}
354,2832,45200,motion_D24,0.9400190114974976,0.625,12.299869537353516,1,35,1.7679696083068848,{}
355,2840,45480,motion_D24,1.2400497198104858,0.375,14.282052040100098,1,35,1.745872974395752,{}
356,2848,45712,binding_D24,0.7600768804550171,0.5,1.5264382362365723,1,29,1.4660913944244385,{}
357,2856,45848,binding_D12,0.6520870327949524,0.625,1.6229530572891235,1,17,0.8650345802307129,{}
358,2864,45936,motion_D0,2.618364095687866,0.375,224.68182373046875,1,11,0.5788705348968506,{}
359,2872,46008,binding_D4,0.8299384117126465,0.25,2.6151654720306396,1,9,0.4941260814666748,{}
360,2880,46096,motion_D0,0.7674481272697449,0.75,137.11988830566406,1,11,0.5977513790130615,{}
361,2888,46168,single_D4,0.5456597208976746,0.625,33.710445404052734,1,9,0.47514915466308594,{}
362,2896,46208,binding_D0,0.8424997925758362,0.5,3.2681543827056885,1,5,0.263685941696167,{}
363,2904,46280,binding_D4,0.6755819916725159,0.625,1.1688462495803833,1,9,0.4679741859436035,{}
364,2912,46352,single_D4,0.41277989745140076,0.75,16.906810760498047,1,9,0.4674954414367676,{}
365,2920,46584,binding_D24,0.651796817779541,0.75,1.136215329170227,1,29,1.4283051490783691,{}
366,2928,46720,single_D12,0.7143404483795166,0.5,10.775525093078613,1,17,0.8660752773284912,{}
367,2936,46760,single_D0,0.014719760045409203,1.0,0.5103284120559692,0,5,0.2666780948638916,{}
368,2944,46832,binding_D4,0.700305163860321,0.5,1.202616572380066,1,9,0.47177958488464355,{}
369,2952,47064,binding_D24,0.657380223274231,0.5,1.2810410261154175,1,29,1.4529340267181396,{}
370,2960,47136,binding_D4,0.6263644695281982,0.875,1.7416118383407593,1,9,0.4611208438873291,{}
371,2968,47176,binding_D0,0.7037472128868103,0.5,2.548713445663452,1,5,0.2727508544921875,{}
372,2976,47312,binding_D12,0.6874364614486694,0.5,1.4590482711791992,1,17,0.8537812232971191,{}
373,2984,47544,single_D24,0.7650860548019409,0.375,3.764394998550415,1,29,1.4811081886291504,{}
374,2992,47776,single_D24,0.6955158114433289,0.625,5.97820520401001,1,29,1.4305121898651123,{}
375,3000,48008,single_D24,0.7603083252906799,0.25,10.754104614257812,1,29,1.4722869396209717,{}
376,3008,48240,binding_D24,0.6740543842315674,0.375,1.8600186109542847,1,29,1.4335575103759766,{}
377,3016,48312,binding_D4,0.6268551349639893,0.875,1.2468342781066895,1,9,0.5097496509552002,{}
378,3024,48544,single_D24,0.6846753358840942,0.5,2.3018476963043213,1,29,1.4972212314605713,{}
379,3032,48680,single_D12,0.589748203754425,0.75,5.370360851287842,1,17,0.8354372978210449,{}
380,3040,48752,single_D4,0.2605800926685333,1.0,15.52016544342041,1,9,0.4679865837097168,{}
381,3048,48792,binding_D0,0.7222838997840881,0.375,2.296290159225464,1,5,0.26896142959594727,{}
382,3056,48928,binding_D12,0.6488843560218811,0.875,1.2571040391921997,1,17,0.8611071109771729,{}
383,3064,48968,single_D0,0.04284738004207611,1.0,4.685929298400879,1,5,0.26779770851135254,{}
384,3072,49104,binding_D12,0.7120137214660645,0.5,1.510833740234375,1,17,0.8550844192504883,{}
385,3080,49144,single_D0,0.22356334328651428,0.875,22.73098373413086,1,5,0.2745547294616699,"{""first_sensory_field_gradient_norm"": 0.0015584687935188413, ""early_r_gradient_norm"": 0.11487273126840591, ""early_r_rms"": 0.01927722990512848, ""early_a_gradient_norm"": 0.008334957994520664, ""early_a_rms"": 0.0, ""late_r_gradient_norm"": 0.47675496339797974, ""late_r_rms"": 0.32250267267227173, ""late_a_gradient_norm"": null, ""late_a_rms"": 0.027419690042734146, ""encoder_gradient_norm"": 12.549741744995117, ""raw_recurrent_gradient_rms"": 1.5237759726005606e-05, ""state_stats"": {""inactive_fraction"": 0.36767578125, ""rectifier_off_fraction"": 0.6376953125, ""excitatory_mean"": 0.1581771820783615, ""inhibitory_mean"": 0.3161966800689697, ""tau_r_mean"": 5.174129486083984, ""tau_a_mean"": 36.79426574707031, ""adaptation_gain_mean"": 0.04746134579181671}, ""effective_recurrent_relative_update"": 7.140993147913832e-06}"
386,3088,49376,binding_D24,0.7902576327323914,0.375,1.435275673866272,1,29,1.430532693862915,{}
387,3096,49512,single_D12,0.7382121086120605,0.625,13.472786903381348,1,17,0.8793065547943115,{}
388,3104,49600,motion_D0,1.6326254606246948,0.625,250.1417694091797,1,11,0.5781800746917725,{}
389,3112,49672,single_D4,0.3724992871284485,0.875,3.3938262462615967,1,9,0.49058032035827637,{}
390,3120,49712,binding_D0,0.7732459306716919,0.25,1.7839113473892212,1,5,0.2763705253601074,{}
391,3128,49752,single_D0,0.06603571772575378,1.0,22.258953094482422,1,5,0.2769167423248291,{}
392,3136,49792,binding_D0,0.6292500495910645,0.5,2.387106418609619,1,5,0.31951093673706055,{}
393,3144,49832,single_D0,0.03510794788599014,1.0,2.6369729042053223,1,5,0.2731657028198242,{}
394,3152,49904,binding_D4,0.7452620267868042,0.125,1.1741106510162354,1,9,0.48444223403930664,{}
395,3160,50136,single_D24,0.8724308013916016,0.5,49.14457321166992,1,29,1.4429986476898193,{}
396,3168,50272,binding_D12,0.6332789659500122,0.875,1.2781509160995483,1,17,0.8462581634521484,{}
397,3176,50344,binding_D4,0.7066330909729004,0.25,1.0217058658599854,1,9,0.4761519432067871,{}
398,3184,50384,binding_D0,0.6046908497810364,0.625,1.7456564903259277,1,5,0.2720608711242676,{}
399,3192,50520,single_D12,0.7242397665977478,0.375,13.71049976348877,1,17,0.8487932682037354,{}
400,3200,50560,single_D0,0.07622488588094711,1.0,8.607854843139648,1,5,0.2690432071685791,{}
401,3208,50600,binding_D0,0.6014553308486938,0.75,3.241849899291992,1,5,0.32709360122680664,{}
402,3216,50640,binding_D0,0.8457781672477722,0.5,5.213333606719971,1,5,0.27916622161865234,{}
403,3224,50776,binding_D12,0.6960097551345825,0.5,1.831710696220398,1,17,0.8757650852203369,{}
404,3232,50912,single_D12,0.8461508750915527,0.5,61.0648193359375,1,17,0.9062752723693848,{}
405,3240,51000,motion_D0,2.6515824794769287,0.5,295.9338073730469,1,11,0.5965800285339355,{}
406,3248,51040,binding_D0,0.6628290414810181,0.625,2.1407248973846436,1,5,0.2801084518432617,{}
407,3256,51272,single_D24,0.843101978302002,0.375,27.933439254760742,1,29,1.575439691543579,{}
408,3264,51504,binding_D24,0.6338216662406921,0.5,1.6906594038009644,1,29,1.4833426475524902,{}
409,3272,51576,binding_D4,0.7548754215240479,0.375,2.061772346496582,1,9,0.4764220714569092,{}
410,3280,51712,single_D12,0.6769830584526062,0.75,21.544857025146484,1,17,0.8508861064910889,{}
411,3288,51848,binding_D12,0.7658349275588989,0.625,1.2258201837539673,1,17,0.8423984050750732,{}
412,3296,51984,binding_D12,0.6900199055671692,0.625,1.3325557708740234,1,17,0.8415358066558838,{}
413,3304,52120,single_D12,0.7485433220863342,0.5,18.43935775756836,1,17,0.8474681377410889,{}
414,3312,52400,motion_D24,2.0456950664520264,0.25,79.48025512695312,1,35,1.8105971813201904,{}
415,3320,52440,single_D0,0.02544868364930153,1.0,2.835777997970581,1,5,0.2673530578613281,{}
416,3328,52576,binding_D12,0.6965583562850952,0.375,1.1424206495285034,1,17,0.880091667175293,{}
417,3336,52648,binding_D4,0.7308403849601746,0.5,1.2709379196166992,1,9,0.4650590419769287,{}
418,3344,52688,single_D0,0.01793229579925537,1.0,3.3963072299957275,1,5,0.27460241317749023,{}
419,3352,52760,single_D4,0.4600910246372223,0.75,13.548299789428711,1,9,0.4682950973510742,{}
420,3360,52832,single_D4,0.30387499928474426,0.875,9.389909744262695,1,9,0.45686912536621094,{}
421,3368,52904,binding_D4,0.6815218329429626,0.5,1.2914180755615234,1,9,0.46280336380004883,{}
422,3376,53136,single_D24,0.7780050039291382,0.375,12.908370018005371,1,29,1.4324979782104492,{}
423,3384,53176,single_D0,0.05121735855937004,1.0,7.916632652282715,1,5,0.27222394943237305,{}
424,3392,53216,single_D0,0.11235502362251282,1.0,40.073463439941406,1,5,0.2684001922607422,{}
425,3400,53288,single_D4,0.27814799547195435,1.0,15.877914428710938,1,9,0.47631049156188965,{}
426,3408,53360,single_D4,0.21226468682289124,1.0,14.283935546875,1,9,0.46518635749816895,{}
427,3416,53496,binding_D12,0.7582063674926758,0.375,1.9248034954071045,1,17,0.8616437911987305,{}
428,3424,53728,single_D24,0.736788809299469,0.5,36.934200286865234,1,29,1.4499788284301758,{}
429,3432,53768,single_D0,0.025901639834046364,1.0,4.58905553817749,1,5,0.2699754238128662,{}
430,3440,53840,binding_D4,0.7432081699371338,0.5,1.5453274250030518,1,9,0.4857211112976074,{}
431,3448,54072,single_D24,0.7425589561462402,0.5,35.57762145996094,1,29,1.4356811046600342,{}
432,3456,54304,single_D24,0.8280972838401794,0.5,10.560245513916016,1,29,1.4301936626434326,{}
433,3464,54536,binding_D24,0.6756318807601929,0.5,2.0949912071228027,1,29,1.4306395053863525,{}
434,3472,54672,binding_D12,0.7450041174888611,0.5,1.4356340169906616,1,17,0.8397378921508789,{}
435,3480,54808,binding_D12,0.6197425723075867,0.875,1.9126864671707153,1,17,0.8405392169952393,{}
436,3488,54944,single_D12,0.6099749803543091,0.5,9.588252067565918,1,17,0.8306286334991455,{}
437,3496,55224,motion_D24,1.191200613975525,0.625,12.470110893249512,1,35,1.7635600566864014,{}
438,3504,55456,binding_D24,0.7290595173835754,0.5,0.8640353083610535,0,29,1.4194777011871338,{}
439,3512,55528,single_D4,0.6446964144706726,0.5,57.947017669677734,1,9,0.459855318069458,{}
440,3520,55808,motion_D24,1.0656150579452515,0.75,11.299090385437012,1,35,1.7582387924194336,{}
441,3528,55848,binding_D0,0.8076393604278564,0.25,2.52307391166687,1,5,0.28441619873046875,{}
442,3536,55888,binding_D0,0.5969753265380859,0.75,1.5009878873825073,1,5,0.2831902503967285,{}
443,3544,55960,binding_D4,0.7068679928779602,0.5,1.0239171981811523,1,9,0.46976661682128906,{}
444,3552,56048,motion_D0,0.15473073720932007,0.875,78.73583221435547,1,11,0.5991251468658447,{}
445,3560,56184,single_D12,0.6935601234436035,0.5,18.73676872253418,1,17,0.8725225925445557,{}
446,3568,56272,motion_D0,0.5609110593795776,0.75,94.69156646728516,1,11,0.6212480068206787,{}
447,3576,56312,binding_D0,0.7103421092033386,0.625,1.389102578163147,1,5,0.2691798210144043,{}
448,3584,56544,single_D24,0.7338160872459412,0.375,19.272777557373047,1,29,1.4308531284332275,{}
449,3592,56776,binding_D24,0.6962354183197021,0.5,0.9761673808097839,0,29,1.4212620258331299,{}
450,3600,57008,binding_D24,0.6839598417282104,0.5,1.1238142251968384,1,29,1.4003322124481201,{}
451,3608,57144,binding_D12,0.6523618698120117,0.75,0.7506309747695923,0,17,0.8719863891601562,{}
452,3616,57376,binding_D24,0.67413330078125,0.625,1.3359357118606567,1,29,1.4227194786071777,{}
453,3624,57416,single_D0,0.10971253365278244,0.875,10.159979820251465,1,5,0.25690126419067383,{}
454,3632,57648,binding_D24,0.6993010640144348,0.375,0.9489303231239319,0,29,1.4243972301483154,{}
455,3640,57784,single_D12,0.6272647380828857,0.875,5.350981712341309,1,17,0.8392508029937744,{}
456,3648,58016,single_D24,0.7041411399841309,0.375,16.59185791015625,1,29,1.4444961547851562,{}
457,3656,58088,binding_D4,0.7138752341270447,0.5,1.960078239440918,1,9,0.4675028324127197,{}
458,3664,58128,single_D0,0.08154073357582092,1.0,12.219093322753906,1,5,0.2696421146392822,{}
459,3672,58200,binding_D4,0.6738777160644531,0.5,1.1157629489898682,1,9,0.45905184745788574,{}
460,3680,58272,binding_D4,0.6607267260551453,0.625,1.1959210634231567,1,9,0.47095632553100586,{}
461,3688,58504,single_D24,0.8195626139640808,0.5,23.06690788269043,1,29,1.4560952186584473,{}
462,3696,58640,single_D12,0.6218660473823547,0.625,11.011255264282227,1,17,0.9049718379974365,{}
463,3704,58776,single_D12,0.711473822593689,0.375,32.577171325683594,1,17,0.865119218826294,{}
464,3712,58912,binding_D12,0.7148059606552124,0.5,1.7872483730316162,1,17,0.8605673313140869,{}
465,3720,58952,binding_D0,0.8084065318107605,0.5,1.93584144115448,1,5,0.2803630828857422,{}
466,3728,59232,motion_D24,1.305534839630127,0.5,11.184998512268066,1,35,1.7893638610839844,{}
467,3736,59272,binding_D0,0.6378965377807617,0.625,1.7318835258483887,1,5,0.33685302734375,{}
468,3744,59344,single_D4,0.23456625640392303,1.0,57.510406494140625,1,9,0.46105074882507324,{}
469,3752,59576,binding_D24,0.7704480886459351,0.5,1.8754262924194336,1,29,1.4923713207244873,{}
470,3760,59808,single_D24,0.6461032032966614,0.875,8.854082107543945,1,29,1.5383250713348389,{}
471,3768,59944,single_D12,0.7382149696350098,0.375,12.19965934753418,1,17,0.8887424468994141,{}
472,3776,59984,single_D0,0.13586969673633575,0.875,13.166884422302246,1,5,0.2703213691711426,{}
473,3784,60056,binding_D4,0.5894266366958618,0.875,1.4395169019699097,1,9,0.4847249984741211,{}
474,3792,60096,single_D0,0.05397690832614899,1.0,12.398154258728027,1,5,0.27443981170654297,{}
475,3800,60136,binding_D0,0.7179809808731079,0.625,2.3706047534942627,1,5,0.2811744213104248,{}
476,3808,60208,single_D4,0.7019038796424866,0.375,15.380800247192383,1,9,0.47083044052124023,{}
477,3816,60280,single_D4,0.5226677656173706,0.625,7.310226917266846,1,9,0.4802975654602051,{}
478,3824,60512,binding_D24,0.7055795788764954,0.375,0.9991737008094788,0,29,1.4534451961517334,{}
479,3832,60584,single_D4,0.4703788757324219,0.625,8.252995491027832,1,9,0.4730815887451172,{}
480,3840,60672,motion_D0,3.478558301925659,0.625,446.5168151855469,1,11,0.6424741744995117,{}
481,3848,60712,binding_D0,0.7143967747688293,0.625,1.3800612688064575,1,5,0.2834498882293701,{}
482,3856,60944,single_D24,0.6884910464286804,0.5,21.58832550048828,1,29,1.4806082248687744,{}
483,3864,60984,binding_D0,0.6339088678359985,0.75,1.3959304094314575,1,5,0.3069770336151123,{}
484,3872,61024,binding_D0,0.637129008769989,0.75,1.6821513175964355,1,5,0.2835686206817627,{}
485,3880,61112,motion_D0,1.6107697486877441,0.875,244.74978637695312,1,11,0.6152999401092529,{}
486,3888,61184,binding_D4,0.6893478631973267,0.625,0.8966596722602844,0,9,0.48314738273620605,{}
487,3896,61416,single_D24,0.7952944040298462,0.5,27.329113006591797,1,29,1.434847116470337,{}
488,3904,61552,binding_D12,0.6781779527664185,0.625,1.2260150909423828,1,17,0.8607203960418701,{}
489,3912,61624,single_D4,0.3127998113632202,0.875,35.93705368041992,1,9,0.4730222225189209,{}
490,3920,61856,single_D24,0.707771897315979,0.5,18.663848876953125,1,29,1.4641354084014893,{}
491,3928,61992,single_D12,0.9156639575958252,0.5,14.787550926208496,1,17,0.8826620578765869,{}
492,3936,62224,binding_D24,0.5952244997024536,0.75,1.4835162162780762,1,29,1.4958224296569824,{}
493,3944,62360,binding_D12,0.6923139095306396,0.625,1.0011024475097656,1,17,0.9030108451843262,{}
494,3952,62400,binding_D0,0.6478063464164734,0.75,1.9420738220214844,1,5,0.28636646270751953,{}
495,3960,62632,binding_D24,0.7949869632720947,0.375,2.5587222576141357,1,29,1.4285213947296143,{}
496,3968,62864,binding_D24,0.709135890007019,0.375,1.2639248371124268,1,29,1.4383234977722168,{}
497,3976,62904,single_D0,0.104882150888443,1.0,4.932741165161133,1,5,0.26985716819763184,{}
498,3984,62976,binding_D4,0.6977443695068359,0.5,1.0132640600204468,1,9,0.49112820625305176,{}
499,3992,63208,binding_D24,0.7793864011764526,0.375,1.9366141557693481,1,29,1.4173963069915771,{}
500,4000,63280,single_D4,0.2828662395477295,1.0,18.83214569091797,1,9,0.45283961296081543,{}
501,4008,63512,single_D24,0.7219566106796265,0.25,4.131901264190674,1,29,1.4621093273162842,{}
502,4016,63584,single_D4,0.33590805530548096,0.875,30.668333053588867,1,9,0.45072126388549805,{}
503,4024,63864,motion_D24,1.0475139617919922,0.75,7.881889343261719,1,35,1.7693736553192139,{}
504,4032,64000,single_D12,0.7332439422607422,0.5,32.4316520690918,1,17,0.8455183506011963,{}
505,4040,64280,motion_D24,1.096361517906189,0.5,14.260429382324219,1,35,1.7826869487762451,{}
506,4048,64512,binding_D24,0.6766897439956665,0.5,2.953514337539673,1,29,1.4463884830474854,{}
507,4056,64744,binding_D24,0.7276654243469238,0.375,1.1304165124893188,1,29,1.470628023147583,{}
508,4064,64816,single_D4,0.5261112451553345,0.625,22.377119064331055,1,9,0.47203850746154785,{}
509,4072,64952,single_D12,0.6851435303688049,0.625,10.108823776245117,1,17,0.8560311794281006,{}
510,4080,64992,binding_D0,0.5313618183135986,0.875,2.2568321228027344,1,5,0.2696657180786133,{}
511,4088,65128,single_D12,0.6255620121955872,0.625,18.326616287231445,1,17,0.8440430164337158,{}
512,4096,65168,single_D0,0.2706472873687744,0.875,17.17079734802246,1,5,0.2659790515899658,{}
513,4104,65208,binding_D0,0.5668745040893555,0.75,2.0456743240356445,1,5,0.2796053886413574,"{""first_sensory_field_gradient_norm"": 0.002863026689738035, ""early_r_gradient_norm"": 0.16229239106178284, ""early_r_rms"": 0.016685405746102333, ""early_a_gradient_norm"": 0.008097192272543907, ""early_a_rms"": 0.0, ""late_r_gradient_norm"": 0.6791052222251892, ""late_r_rms"": 0.07013563811779022, ""late_a_gradient_norm"": null, ""late_a_rms"": 0.006692514754831791, ""encoder_gradient_norm"": 1.5556418895721436, ""raw_recurrent_gradient_rms"": 1.907758587549324e-06, ""state_stats"": {""inactive_fraction"": 0.80419921875, ""rectifier_off_fraction"": 0.85595703125, ""excitatory_mean"": 0.018980635330080986, ""inhibitory_mean"": 0.029533980414271355, ""tau_r_mean"": 5.174552917480469, ""tau_a_mean"": 36.79154968261719, ""adaptation_gain_mean"": 0.047467999160289764}, ""effective_recurrent_relative_update"": 7.561157417512732e-06}"
514,4112,65440,single_D24,0.7243443131446838,0.25,5.95660400390625,1,29,1.4146370887756348,{}
515,4120,65512,single_D4,0.7032124996185303,0.75,61.06001663208008,1,9,0.4519166946411133,{}
516,4128,65648,binding_D12,0.6347941160202026,0.75,1.191635251045227,1,17,0.8757708072662354,{}
517,4136,65720,binding_D4,0.804855465888977,0.375,2.585566282272339,1,9,0.4781768321990967,{}
518,4144,65952,binding_D24,0.7428821921348572,0.375,1.8729833364486694,1,29,1.413447380065918,{}
519,4152,66024,binding_D4,0.6860135793685913,0.5,1.9114925861358643,1,9,0.4507451057434082,{}
520,4160,66160,single_D12,0.8744544982910156,0.25,69.43958282470703,1,17,0.8459694385528564,{}
521,4168,66296,binding_D12,0.6526841521263123,0.5,1.0258945226669312,1,17,0.858546257019043,{}
522,4176,66336,binding_D0,0.8103768229484558,0.25,3.1893222332000732,1,5,0.2823464870452881,{}
523,4184,66472,single_D12,0.6432612538337708,0.625,14.362106323242188,1,17,0.8568315505981445,{}
524,4192,66704,binding_D24,0.752902626991272,0.375,1.2814698219299316,1,29,1.4230718612670898,{}
525,4200,66776,single_D4,0.7233241200447083,0.625,93.18409729003906,1,9,0.446216344833374,{}
526,4208,66848,binding_D4,0.6426913142204285,0.5,1.3308237791061401,1,9,0.476346492767334,{}
527,4216,67080,single_D24,0.8219307065010071,0.5,14.778185844421387,1,29,1.4523417949676514,{}
528,4224,67120,binding_D0,0.7101730108261108,0.375,2.20237135887146,1,5,0.26856422424316406,{}
529,4232,67256,binding_D12,0.6976456046104431,0.625,0.9583336114883423,0,17,0.8571963310241699,{}
530,4240,67328,single_D4,0.5016286373138428,0.75,12.977551460266113,1,9,0.4789159297943115,{}
531,4248,67368,binding_D0,0.5030872225761414,1.0,1.6612520217895508,1,5,0.2735259532928467,{}
532,4256,67408,single_D0,0.03733846917748451,1.0,10.183547973632812,1,5,0.2808809280395508,{}
533,4264,67688,motion_D24,1.1111615896224976,0.625,12.118111610412598,1,35,1.8245799541473389,{}
534,4272,67920,single_D24,0.6508982181549072,0.625,6.659980773925781,1,29,1.4618422985076904,{}
535,4280,68056,binding_D12,0.6766798496246338,0.5,0.9133169651031494,0,17,0.8722152709960938,{}
536,4288,68288,single_D24,0.6808503866195679,0.75,3.8576552867889404,1,29,1.4586524963378906,{}
537,4296,68328,single_D0,0.07255707681179047,1.0,10.312784194946289,1,5,0.2751579284667969,{}
538,4304,68368,single_D0,0.2767411470413208,0.875,60.90103530883789,1,5,0.29045772552490234,{}
539,4312,68408,single_D0,0.056685373187065125,1.0,9.828778266906738,1,5,0.27215123176574707,{}
540,4320,68480,single_D4,0.41576337814331055,0.625,93.65969848632812,1,9,0.481464147567749,{}
541,4328,68616,binding_D12,0.709218442440033,0.625,2.1526238918304443,1,17,0.8808724880218506,{}
542,4336,68688,binding_D4,0.7070978283882141,0.5,1.4513046741485596,1,9,0.5039048194885254,{}
543,4344,68776,motion_D0,2.9573583602905273,0.375,290.7716064453125,1,11,0.6201765537261963,{}
544,4352,68848,binding_D4,0.7019789218902588,0.625,2.1282777786254883,1,9,0.49238014221191406,{}
545,4360,68888,single_D0,0.3375517725944519,0.75,39.10395431518555,1,5,0.26656603813171387,{}
546,4368,68976,motion_D0,2.6004514694213867,0.75,165.00408935546875,1,11,0.5950510501861572,{}
547,4376,69256,motion_D24,1.0568369626998901,0.75,9.698907852172852,1,35,1.8449888229370117,{}
548,4384,69328,binding_D4,0.7461962103843689,0.5,1.624320387840271,1,9,0.47217440605163574,{}
549,4392,69416,motion_D0,1.3239405155181885,0.75,264.1786193847656,1,11,0.6004593372344971,{}
550,4400,69456,single_D0,0.08562545478343964,1.0,10.262612342834473,1,5,0.26639628410339355,{}
551,4408,69528,binding_D4,0.7924914360046387,0.375,1.6815699338912964,1,9,0.46606898307800293,{}
552,4416,69760,single_D24,0.8085538744926453,0.5,35.1339111328125,1,29,1.4193766117095947,{}
553,4424,69896,binding_D12,0.7191634178161621,0.625,1.394898772239685,1,17,0.8511250019073486,{}
554,4432,70032,single_D12,0.7217280268669128,0.375,18.623729705810547,1,17,0.8571343421936035,{}
555,4440,70072,single_D0,0.23501545190811157,0.875,20.114398956298828,1,5,0.2592477798461914,{}
556,4448,70208,binding_D12,0.7331316471099854,0.75,1.3938827514648438,1,17,0.8398518562316895,{}
557,4456,70280,single_D4,0.5426803827285767,0.75,33.35536575317383,1,9,0.4821324348449707,{}
558,4464,70416,single_D12,0.7618719339370728,0.5,40.41438293457031,1,17,0.8592269420623779,{}
559,4472,70552,single_D12,0.7697036266326904,0.625,26.752851486206055,1,17,0.8874115943908691,{}
560,4480,70784,binding_D24,0.6660635471343994,0.375,1.0238431692123413,1,29,1.4609460830688477,{}
561,4488,70856,single_D4,0.4897650480270386,0.625,40.02825927734375,1,9,0.4816625118255615,{}
562,4496,70928,binding_D4,0.5653267502784729,1.0,1.0706456899642944,1,9,0.4822812080383301,{}
563,4504,70968,binding_D0,0.625020444393158,0.75,2.5096542835235596,1,5,0.279766321182251,{}
564,4512,71008,binding_D0,0.7920680642127991,0.5,2.6286215782165527,1,5,0.2830841541290283,{}
565,4520,71080,single_D4,0.5251224637031555,0.875,22.00869369506836,1,9,0.46830153465270996,{}
566,4528,71152,single_D4,0.1414719969034195,1.0,6.289877891540527,1,9,0.46903324127197266,{}
567,4536,71432,motion_D24,0.9146168231964111,0.875,15.579636573791504,1,35,1.810457706451416,{}
568,4544,71472,single_D0,0.1492408663034439,0.875,15.763031005859375,1,5,0.29078149795532227,{}
569,4552,71560,motion_D0,0.3989050090312958,0.875,183.60377502441406,1,11,0.6167404651641846,{}
570,4560,71792,single_D24,0.8367434740066528,0.5,17.18824577331543,1,29,1.5451006889343262,{}
571,4568,71928,single_D12,0.6857170462608337,0.625,31.265392303466797,1,17,0.8819911479949951,{}
572,4576,71968,single_D0,0.011877772398293018,1.0,2.650656223297119,1,5,0.2774229049682617,{}
573,4584,72040,single_D4,0.673336386680603,0.75,38.19442367553711,1,9,0.467822790145874,{}
574,4592,72080,single_D0,1.1528102159500122,0.625,54.01507568359375,1,5,0.2869079113006592,{}
575,4600,72312,binding_D24,0.6839796900749207,0.625,1.9267088174819946,1,29,1.4950201511383057,{}
576,4608,72352,single_D0,0.038071293383836746,1.0,13.423194885253906,1,5,0.2704179286956787,{}
577,4616,72632,motion_D24,1.129408597946167,0.5,10.53715991973877,1,35,1.7837536334991455,{}
578,4624,72672,binding_D0,0.6732807755470276,0.625,1.2930738925933838,1,5,0.29021763801574707,{}
579,4632,72744,single_D4,0.20435121655464172,1.0,15.866562843322754,1,9,0.489654541015625,{}
580,4640,72816,binding_D4,0.7319349050521851,0.5,1.9532437324523926,1,9,0.5337197780609131,{}
581,4648,72856,single_D0,0.28443795442581177,0.875,34.036930084228516,1,5,0.26145052909851074,{}
582,4656,73088,binding_D24,0.7295299768447876,0.25,1.3943655490875244,1,29,1.4346728324890137,{}
583,4664,73160,single_D4,0.4140103757381439,0.875,6.754739284515381,1,9,0.4859011173248291,{}
584,4672,73232,single_D4,0.41465264558792114,0.875,16.590452194213867,1,9,0.48104286193847656,{}
585,4680,73304,binding_D4,0.6389479637145996,0.5,2.3549041748046875,1,9,0.4879286289215088,{}
586,4688,73440,single_D12,0.6458204388618469,0.75,9.076600074768066,1,17,0.8928885459899902,{}
587,4696,73528,motion_D0,2.913572311401367,0.5,219.3174591064453,1,11,0.5982012748718262,{}
588,4704,73760,binding_D24,0.7700837254524231,0.5,2.161900758743286,1,29,1.4403908252716064,{}
589,4712,73992,binding_D24,0.6416211128234863,0.75,1.0084450244903564,1,29,1.4399082660675049,{}
590,4720,74064,binding_D4,0.723404049873352,0.375,1.3271962404251099,1,9,0.49065303802490234,{}
591,4728,74104,binding_D0,0.7275130152702332,0.625,1.34165358543396,1,5,0.27251195907592773,{}
592,4736,74240,binding_D12,0.5906267762184143,0.75,1.491806983947754,1,17,0.8440747261047363,{}
593,4744,74280,binding_D0,0.6578204035758972,0.625,1.893970251083374,1,5,0.2824106216430664,{}
594,4752,74512,single_D24,0.7763301134109497,0.375,5.123298645019531,1,29,1.441091537475586,{}
595,4760,74600,motion_D0,0.9183566570281982,0.75,201.3346710205078,1,11,0.593048095703125,{}
596,4768,74640,single_D0,0.3275582492351532,0.75,18.068845748901367,1,5,0.2575697898864746,{}
597,4776,74872,single_D24,0.7426777482032776,0.5,1.8577332496643066,1,29,1.4464311599731445,{}
598,4784,75104,single_D24,0.6683491468429565,0.625,7.384924411773682,1,29,1.4229943752288818,{}
599,4792,75144,binding_D0,0.671202540397644,0.5,1.4839531183242798,1,5,0.2724184989929199,{}
600,4800,75376,single_D24,0.7087492346763611,0.625,2.0553061962127686,1,29,1.4283661842346191,{}
601,4808,75512,single_D12,0.6963435411453247,0.375,1.6010375022888184,1,17,0.8622446060180664,{}
602,4816,75584,single_D4,0.5107516646385193,0.75,4.266756534576416,1,9,0.45960044860839844,{}
603,4824,75624,single_D0,0.11725841462612152,1.0,4.698507785797119,1,5,0.2660484313964844,{}
604,4832,75856,binding_D24,0.7750726938247681,0.5,3.124683141708374,1,29,1.4120299816131592,{}
605,4840,75992,single_D12,0.7515644431114197,0.25,4.854080677032471,1,17,0.8446774482727051,{}
606,4848,76064,binding_D4,0.7066941261291504,0.625,2.162152051925659,1,9,0.45409679412841797,{}
607,4856,76200,single_D12,0.7226155400276184,0.375,3.309451103210449,1,17,0.8593571186065674,{}
608,4864,76240,single_D0,0.17591193318367004,1.0,26.86116600036621,1,5,0.2669942378997803,{}
609,4872,76376,binding_D12,0.6167809367179871,0.625,1.1759432554244995,1,17,0.8697004318237305,{}
610,4880,76512,single_D12,0.7008052468299866,0.375,4.993412971496582,1,17,0.8489196300506592,{}
611,4888,76792,motion_D24,1.3891786336898804,0.25,38.205780029296875,1,35,1.7478396892547607,{}
612,4896,76864,binding_D4,0.6523066163063049,0.375,1.2036337852478027,1,9,0.4881575107574463,{}
613,4904,76936,binding_D4,0.7097359895706177,0.5,1.1385613679885864,1,9,0.4609062671661377,{}
614,4912,76976,binding_D0,0.6615707278251648,0.625,1.5938352346420288,1,5,0.2677175998687744,{}
615,4920,77048,single_D4,0.6520028114318848,0.625,15.479521751403809,1,9,0.4839794635772705,{}
616,4928,77184,single_D12,0.6648783087730408,0.375,15.356151580810547,1,17,0.8376946449279785,{}
617,4936,77320,single_D12,0.675078272819519,0.625,22.98992919921875,1,17,0.8367259502410889,{}
618,4944,77552,binding_D24,0.6286691427230835,0.625,1.1654108762741089,1,29,1.4068098068237305,{}
619,4952,77688,binding_D12,0.6853711605072021,0.625,2.092397928237915,1,17,0.8490979671478271,{}
620,4960,77824,binding_D12,0.658450722694397,0.625,1.1450037956237793,1,17,0.8311238288879395,{}
621,4968,77960,binding_D12,0.6419679522514343,0.75,0.932319700717926,0,17,0.8307435512542725,{}
622,4976,78240,motion_D24,1.1325339078903198,0.375,15.661164283752441,1,35,1.7626326084136963,{}
623,4984,78472,single_D24,0.7181679606437683,0.5,18.383270263671875,1,29,1.4208920001983643,{}
624,4992,78512,single_D0,0.26953279972076416,0.875,24.491281509399414,1,5,0.2671177387237549,{}
625,5000,78648,binding_D12,0.6597855687141418,0.625,1.4001668691635132,1,17,0.8690989017486572,{}
626,5008,78688,binding_D0,0.6795472502708435,0.5,2.4094035625457764,1,5,0.26946473121643066,{}
627,5016,78760,binding_D4,0.6730435490608215,0.875,1.0095536708831787,1,9,0.45783138275146484,{}
628,5024,78896,binding_D12,0.6922718286514282,0.5,2.001861095428467,1,17,0.8496055603027344,{}
629,5032,79032,single_D12,0.595099925994873,0.625,38.2194709777832,1,17,0.8491044044494629,{}
630,5040,79264,binding_D24,0.7735540270805359,0.5,1.7299656867980957,1,29,1.4076390266418457,{}
631,5048,79496,binding_D24,0.7499428391456604,0.75,1.2573721408843994,1,29,1.4464147090911865,{}
632,5056,79536,binding_D0,0.724535346031189,0.25,2.670912027359009,1,5,0.2716989517211914,{}
633,5064,79608,binding_D4,0.6956541538238525,0.625,1.3480831384658813,1,9,0.47470712661743164,{}
634,5072,79840,single_D24,0.8042510151863098,0.375,25.727815628051758,1,29,1.4330904483795166,{}
635,5080,80072,binding_D24,0.6906569004058838,0.625,1.955756425857544,1,29,1.4127399921417236,{}
636,5088,80208,binding_D12,0.6818091869354248,0.625,1.3510006666183472,1,17,0.853234052658081,{}
637,5096,80344,binding_D12,0.7403368353843689,0.5,1.583372950553894,1,17,0.837874174118042,{}
638,5104,80576,single_D24,0.6964362859725952,0.75,18.210922241210938,1,29,1.4202229976654053,{}
639,5112,80808,single_D24,0.711746871471405,0.5,20.958677291870117,1,29,1.4127249717712402,{}
640,5120,80896,motion_D0,2.157708168029785,0.625,356.8248291015625,1,11,0.6217195987701416,{}
641,5128,80984,motion_D0,1.7518972158432007,0.875,245.9038543701172,1,11,0.6215589046478271,"{""first_sensory_field_gradient_norm"": 0.0027582673355937004, ""early_r_gradient_norm"": 0.28460246324539185, ""early_r_rms"": 0.016915686428546906, ""early_a_gradient_norm"": 0.013988505117595196, ""early_a_rms"": 0.0, ""late_r_gradient_norm"": 0.8012222051620483, ""late_r_rms"": 0.5049753189086914, ""late_a_gradient_norm"": null, ""late_a_rms"": 0.13971056044101715, ""encoder_gradient_norm"": 108.15776062011719, ""raw_recurrent_gradient_rms"": 7.9801568062976e-05, ""state_stats"": {""inactive_fraction"": 0.013671875, ""rectifier_off_fraction"": 0.92041015625, ""excitatory_mean"": 0.3498445153236389, ""inhibitory_mean"": 0.5622809529304504, ""tau_r_mean"": 5.175030708312988, ""tau_a_mean"": 36.78908157348633, ""adaptation_gain_mean"": 0.04747427999973297}, ""effective_recurrent_relative_update"": 5.159165539225796e-06}"
642,5136,81120,binding_D12,0.7146364450454712,0.5,1.1917978525161743,1,17,0.8502357006072998,{}
643,5144,81192,binding_D4,0.7524895071983337,0.375,1.45281982421875,1,9,0.46701765060424805,{}
644,5152,81328,binding_D12,0.6951670050621033,0.5,1.4319357872009277,1,17,0.8393185138702393,{}
645,5160,81464,binding_D12,0.6591588258743286,0.625,1.142709732055664,1,17,0.8441076278686523,{}
646,5168,81696,binding_D24,0.7024486660957336,0.5,2.1385912895202637,1,29,1.4312422275543213,{}
647,5176,81928,single_D24,0.8459992408752441,0.5,22.684988021850586,1,29,1.433082103729248,{}
648,5184,82064,single_D12,0.7711290121078491,0.5,29.188404083251953,1,17,0.8454165458679199,{}
649,5192,82296,single_D24,0.7723313570022583,0.5,34.381591796875,1,29,1.4344618320465088,{}
650,5200,82336,single_D0,0.2627609968185425,0.875,49.460609436035156,1,5,0.2567620277404785,{}
651,5208,82424,motion_D0,0.32043179869651794,0.875,171.21043395996094,1,11,0.6000003814697266,{}
652,5216,82656,single_D24,0.6904253363609314,0.625,6.436857223510742,1,29,1.449328899383545,{}
653,5224,82936,motion_D24,1.0416795015335083,0.75,7.610777854919434,1,35,1.7845380306243896,{}
654,5232,83072,single_D12,0.6921963095664978,0.625,3.4865241050720215,1,17,0.8598809242248535,{}
655,5240,83304,single_D24,0.7872427701950073,0.375,3.6867563724517822,1,29,1.4358079433441162,{}
656,5248,83440,single_D12,0.735558807849884,0.375,5.5526933670043945,1,17,0.8508150577545166,{}
657,5256,83512,binding_D4,0.7335467338562012,0.375,1.35139000415802,1,9,0.46402859687805176,{}
658,5264,83552,binding_D0,0.6014571189880371,0.875,2.2429652214050293,1,5,0.31532859802246094,{}
659,5272,83592,single_D0,0.0393410287797451,1.0,0.9879543781280518,0,5,0.27536678314208984,{}
660,5280,83632,binding_D0,0.6211533546447754,0.625,1.6518596410751343,1,5,0.2594261169433594,{}
661,5288,83768,binding_D12,0.682004988193512,0.5,1.441933274269104,1,17,0.8530051708221436,{}
662,5296,83808,single_D0,0.04510403797030449,1.0,3.548703670501709,1,5,0.2688255310058594,{}
663,5304,84088,motion_D24,1.0201984643936157,0.5,17.590415954589844,1,35,1.7961187362670898,{}
664,5312,84176,motion_D0,1.8701207637786865,0.75,258.2305908203125,1,11,0.6023411750793457,{}
665,5320,84312,single_D12,0.7277523875236511,0.375,24.837724685668945,1,17,0.8656806945800781,{}
666,5328,84448,single_D12,0.7179256081581116,0.375,9.035612106323242,1,17,0.8661692142486572,{}
667,5336,84536,motion_D0,0.15303775668144226,1.0,43.39802551269531,1,11,0.582256555557251,{}
668,5344,84608,binding_D4,0.6475837230682373,0.75,0.9907064437866211,0,9,0.4855170249938965,{}
669,5352,84840,single_D24,0.6573964357376099,0.625,4.381478309631348,1,29,1.4343750476837158,{}
670,5360,84912,single_D4,0.24598810076713562,1.0,16.17095375061035,1,9,0.4877934455871582,{}
671,5368,85144,single_D24,0.6404838562011719,0.875,4.841029167175293,1,29,1.4408836364746094,{}
672,5376,85280,single_D12,0.6443512439727783,0.75,10.321520805358887,1,17,0.8427495956420898,{}
673,5384,85416,binding_D12,0.7250725626945496,0.5,1.8379842042922974,1,17,0.8363592624664307,{}
674,5392,85456,single_D0,0.02909647859632969,1.0,5.549853324890137,1,5,0.2709791660308838,{}
675,5400,85688,binding_D24,0.7840770483016968,0.375,2.090801954269409,1,29,1.4520585536956787,{}
676,5408,85824,single_D12,0.6668825745582581,0.5,18.409692764282227,1,17,0.8542633056640625,{}
677,5416,85896,binding_D4,0.6982028484344482,0.625,2.178452730178833,1,9,0.46121740341186523,{}
678,5424,86032,binding_D12,0.6173149347305298,0.625,1.5309944152832031,1,17,0.859065055847168,{}
679,5432,86104,single_D4,0.32036900520324707,0.875,20.747499465942383,1,9,0.45412731170654297,{}
680,5440,86144,single_D0,0.8260841369628906,0.625,61.0882453918457,1,5,0.2731039524078369,{}
681,5448,86216,binding_D4,0.7353079915046692,0.375,1.3010454177856445,1,9,0.4954514503479004,{}
682,5456,86288,binding_D4,0.6762945652008057,0.625,1.4572559595108032,1,9,0.5077388286590576,{}
683,5464,86520,single_D24,0.7317454814910889,0.5,28.2440242767334,1,29,1.424577236175537,{}
684,5472,86560,single_D0,0.1948186159133911,0.875,42.726783752441406,1,5,0.2565500736236572,{}
685,5480,86632,binding_D4,0.654336154460907,0.625,1.1479541063308716,1,9,0.47809386253356934,{}
686,5488,86672,single_D0,0.16485315561294556,0.875,52.49481201171875,1,5,0.26914381980895996,{}
687,5496,86744,single_D4,0.11761511117219925,1.0,19.583711624145508,1,9,0.46210694313049316,{}
688,5504,86816,binding_D4,0.7461368441581726,0.375,1.3231687545776367,1,9,0.4768071174621582,{}
689,5512,86952,binding_D12,0.7642068266868591,0.25,1.6382511854171753,1,17,0.8368251323699951,{}
690,5520,86992,binding_D0,0.6122679114341736,0.875,2.3182871341705322,1,5,0.2727932929992676,{}
691,5528,87064,single_D4,0.1413004994392395,1.0,24.980649948120117,1,9,0.4619874954223633,{}
692,5536,87136,single_D4,0.5886922478675842,0.75,28.995464324951172,1,9,0.4585881233215332,{}
693,5544,87208,binding_D4,0.6880055069923401,0.625,0.9070934057235718,0,9,0.4566218852996826,{}
694,5552,87440,binding_D24,0.6724952459335327,0.5,1.3613544702529907,1,29,1.4249002933502197,{}
695,5560,87576,single_D12,0.9542258977890015,0.5,19.25376319885254,1,17,0.8744103908538818,{}
696,5568,87648,single_D4,0.5553627014160156,0.75,73.82736206054688,1,9,0.5447940826416016,{}
697,5576,87880,binding_D24,0.6956436038017273,0.5,1.4502886533737183,1,29,1.4420011043548584,{}
698,5584,87920,binding_D0,0.7844939231872559,0.25,4.267035007476807,1,5,0.2852609157562256,{}
699,5592,87992,single_D4,0.08494533598423004,1.0,11.160984992980957,1,9,0.4634099006652832,{}
700,5600,88128,binding_D12,0.6837702393531799,0.625,1.1551724672317505,1,17,0.887669563293457,{}
701,5608,88168,binding_D0,0.7311496138572693,0.375,2.045118808746338,1,5,0.2798178195953369,{}
702,5616,88448,motion_D24,0.9393872022628784,0.875,4.503888130187988,1,35,1.7585704326629639,{}
703,5624,88680,binding_D24,0.7221088409423828,0.5,1.3884046077728271,1,29,1.4297771453857422,{}
704,5632,88752,single_D4,0.2728572189807892,1.0,14.646116256713867,1,9,0.46880507469177246,{}
705,5640,88792,binding_D0,0.6771091222763062,0.5,1.8311513662338257,1,5,0.27339792251586914,{}
706,5648,89024,binding_D24,0.7426291704177856,0.375,1.5023530721664429,1,29,1.4396440982818604,{}
707,5656,89064,single_D0,0.3095216155052185,0.875,51.980106353759766,1,5,0.2750988006591797,{}
708,5664,89296,binding_D24,0.6660816073417664,0.5,1.1651116609573364,1,29,1.4544804096221924,{}
709,5672,89336,binding_D0,0.612760066986084,0.75,1.6356052160263062,1,5,0.2817957401275635,{}
710,5680,89408,single_D4,0.30973881483078003,0.875,22.361783981323242,1,9,0.46776723861694336,{}
711,5688,89448,single_D0,0.19623853266239166,0.875,54.96377182006836,1,5,0.2887554168701172,{}
712,5696,89680,single_D24,0.7514699697494507,0.375,4.056324005126953,1,29,1.412637710571289,{}
713,5704,89720,binding_D0,0.654114305973053,0.625,2.0791075229644775,1,5,0.27491092681884766,{}
714,5712,89856,single_D12,0.8228600025177002,0.25,37.77698516845703,1,17,0.8483309745788574,{}
715,5720,90088,binding_D24,0.6149561405181885,0.625,1.220210313796997,1,29,1.4203879833221436,{}
716,5728,90320,binding_D24,0.5853052139282227,0.875,1.4986817836761475,1,29,1.4300689697265625,{}
717,5736,90552,single_D24,0.777012825012207,0.375,12.486238479614258,1,29,1.4353537559509277,{}
718,5744,90688,binding_D12,0.7998657822608948,0.5,2.47737717628479,1,17,0.8622996807098389,{}
719,5752,90968,motion_D24,0.9578880071640015,1.0,6.143135070800781,1,35,1.7604639530181885,{}
720,5760,91008,binding_D0,0.6079872846603394,0.75,1.5553176403045654,1,5,0.2814323902130127,{}
721,5768,91240,single_D24,0.7994645833969116,0.375,11.293919563293457,1,29,1.4351475238800049,{}
722,5776,91312,binding_D4,0.6275351047515869,0.5,1.699472427368164,1,9,0.45911240577697754,{}
723,5784,91544,binding_D24,0.8003479242324829,0.25,2.05348801612854,1,29,1.4314560890197754,{}
724,5792,91616,binding_D4,0.5662888884544373,0.875,1.7039626836776733,1,9,0.45777034759521484,{}
725,5800,91752,single_D12,0.6791021823883057,0.5,49.30279541015625,1,17,0.8930609226226807,{}
726,5808,91984,single_D24,0.6195816993713379,0.625,17.484830856323242,1,29,1.4241259098052979,{}
727,5816,92120,single_D12,0.780384361743927,0.75,52.40818405151367,1,17,0.851902961730957,{}
728,5824,92352,single_D24,0.7704698443412781,0.5,24.199302673339844,1,29,1.4182171821594238,{}
729,5832,92424,binding_D4,0.6839479207992554,0.5,1.4761849641799927,1,9,0.450742244720459,{}
730,5840,92464,binding_D0,0.6454619765281677,0.875,1.3968313932418823,1,5,0.2882802486419678,{}
731,5848,92696,single_D24,0.6382675766944885,0.5,6.119617938995361,1,29,1.4272427558898926,{}
732,5856,92832,single_D12,0.6005582809448242,1.0,7.638124465942383,1,17,0.831134557723999,{}
733,5864,92872,single_D0,0.19951185584068298,0.875,13.892679214477539,1,5,0.26473426818847656,{}
734,5872,93152,motion_D24,0.9431695938110352,0.75,2.9449119567871094,1,35,1.746696949005127,{}
735,5880,93288,single_D12,0.6396714448928833,0.75,4.509546756744385,1,17,0.8594892024993896,{}
736,5888,93424,single_D12,0.6607204675674438,0.625,11.473810195922852,1,17,0.8444454669952393,{}
737,5896,93496,single_D4,0.2513643503189087,1.0,12.588804244995117,1,9,0.45062899589538574,{}
738,5904,93568,single_D4,0.3794834613800049,0.75,23.264938354492188,1,9,0.4584016799926758,{}
739,5912,93640,binding_D4,0.7309961318969727,0.5,1.6017472743988037,1,9,0.45676612854003906,{}
740,5920,93680,binding_D0,0.6605234742164612,0.625,1.4795410633087158,1,5,0.2670607566833496,{}
741,5928,93912,single_D24,0.6512216925621033,0.875,13.893658638000488,1,29,1.4100415706634521,{}
742,5936,94000,motion_D0,1.8772013187408447,0.75,422.44647216796875,1,11,0.5810480117797852,{}
743,5944,94136,binding_D12,0.6689938902854919,0.5,1.631456732749939,1,17,0.8452756404876709,{}
744,5952,94176,single_D0,0.06000622734427452,1.0,13.707253456115723,1,5,0.2601809501647949,{}
745,5960,94456,motion_D24,1.077892541885376,0.625,6.609768390655518,1,35,1.7366020679473877,{}
746,5968,94544,motion_D0,0.5063819289207458,0.75,68.94924926757812,1,11,0.5953023433685303,{}
747,5976,94776,binding_D24,0.6639676094055176,0.625,2.4808428287506104,1,29,1.4189164638519287,{}
748,5984,94848,single_D4,0.3198274075984955,0.875,8.935101509094238,1,9,0.4552621841430664,{}
749,5992,94984,single_D12,0.7384942770004272,0.625,33.11852264404297,1,17,0.8364791870117188,{}
750,6000,95120,single_D12,0.7526064515113831,0.5,24.413393020629883,1,17,0.8418245315551758,{}
751,6008,95192,binding_D4,0.7629601955413818,0.5,2.89780330657959,1,9,0.45914435386657715,{}
752,6016,95232,binding_D0,0.6132377982139587,0.875,1.5121026039123535,1,5,0.2721104621887207,{}
753,6024,95368,single_D12,0.716332733631134,0.5,32.028465270996094,1,17,0.8440358638763428,{}
754,6032,95408,single_D0,0.4089401066303253,0.875,83.84923553466797,1,5,0.25717616081237793,{}
755,6040,95448,binding_D0,0.6879181265830994,0.5,2.7087841033935547,1,5,0.2778499126434326,{}
756,6048,95680,binding_D24,0.809685468673706,0.375,1.8311383724212646,1,29,1.4220948219299316,{}
757,6056,95720,binding_D0,0.7353373169898987,0.5,3.7832717895507812,1,5,0.2966892719268799,{}
758,6064,95792,single_D4,0.6094875931739807,0.625,53.048091888427734,1,9,0.4589543342590332,{}
759,6072,95864,binding_D4,0.6947022080421448,0.5,1.5165979862213135,1,9,0.4811272621154785,{}
760,6080,96000,binding_D12,0.8412923812866211,0.125,2.855116367340088,1,17,0.8607661724090576,{}
761,6088,96088,motion_D0,1.9633995294570923,0.625,368.976318359375,1,11,0.5986161231994629,{}
762,6096,96224,binding_D12,0.7504072785377502,0.125,1.3383337259292603,1,17,0.8455512523651123,{}
763,6104,96360,single_D12,0.5918883681297302,0.75,37.755313873291016,1,17,0.8556478023529053,{}
764,6112,96592,binding_D24,0.7461540102958679,0.25,1.75173819065094,1,29,1.424180030822754,{}
765,6120,96632,binding_D0,0.6337048411369324,0.625,2.3411319255828857,1,5,0.26694798469543457,{}
766,6128,96768,binding_D12,0.7708142399787903,0.375,1.9616259336471558,1,17,0.8831439018249512,{}
767,6136,96808,binding_D0,0.6274965405464172,0.875,1.7134994268417358,1,5,0.26262497901916504,{}
768,6144,96848,binding_D0,0.6124715209007263,0.75,1.7428865432739258,1,5,0.2735583782196045,{}
769,6152,97080,binding_D24,0.7075396180152893,0.5,2.0510337352752686,1,29,1.4934108257293701,"{""first_sensory_field_gradient_norm"": 5.015441638533957e-05, ""early_r_gradient_norm"": 0.00937988143414259, ""early_r_rms"": 0.01694532297551632, ""early_a_gradient_norm"": 0.0036633892450481653, ""early_a_rms"": 0.0, ""late_r_gradient_norm"": 0.7675918936729431, ""late_r_rms"": 0.09989772737026215, ""late_a_gradient_norm"": null, ""late_a_rms"": 0.034454427659511566, ""encoder_gradient_norm"": 0.6220985054969788, ""raw_recurrent_gradient_rms"": 5.055617293692194e-06, ""state_stats"": {""inactive_fraction"": 0.79541015625, ""rectifier_off_fraction"": 0.88720703125, ""excitatory_mean"": 0.01421769056469202, ""inhibitory_mean"": 0.05155547708272934, ""tau_r_mean"": 5.176887035369873, ""tau_a_mean"": 36.79136657714844, ""adaptation_gain_mean"": 0.04747125506401062}, ""effective_recurrent_relative_update"": 3.1592803679814097e-06}"
770,6160,97216,binding_D12,0.6410979628562927,0.625,1.3358933925628662,1,17,0.8340804576873779,{}
771,6168,97448,single_D24,0.9203794598579407,0.375,42.59812545776367,1,29,1.4180903434753418,{}
772,6176,97488,binding_D0,0.6573837995529175,0.625,2.2463345527648926,1,5,0.2839999198913574,{}
773,6184,97576,motion_D0,0.04963565245270729,1.0,20.83310890197754,1,11,0.5975797176361084,{}
774,6192,97648,single_D4,0.08593863993883133,1.0,3.5441150665283203,1,9,0.48700642585754395,{}
775,6200,97880,binding_D24,0.6515579223632812,0.625,1.5422238111495972,1,29,1.44858980178833,{}
776,6208,97952,single_D4,0.12872084975242615,1.0,7.198976993560791,1,9,0.4679603576660156,{}
777,6216,98024,binding_D4,0.6055867075920105,0.625,1.8056179285049438,1,9,0.47559189796447754,{}
778,6224,98064,single_D0,0.177895188331604,1.0,18.514266967773438,1,5,0.2625892162322998,{}
779,6232,98200,binding_D12,0.5992858409881592,0.75,1.0359207391738892,1,17,0.8552093505859375,{}
780,6240,98480,motion_D24,1.1118583679199219,0.625,18.46649932861328,1,35,1.777376651763916,{}
781,6248,98712,single_D24,0.7253957390785217,0.625,18.07558250427246,1,29,1.4611396789550781,{}
782,6256,98752,single_D0,0.06412779539823532,1.0,17.343626022338867,1,5,0.2536287307739258,{}
783,6264,98984,binding_D24,0.7538162469863892,0.625,2.1057183742523193,1,29,1.433811902999878,{}
784,6272,99264,motion_D24,1.0803757905960083,0.5,14.973393440246582,1,35,1.7620322704315186,{}
785,6280,99400,binding_D12,0.6363296508789062,0.75,2.6602439880371094,1,17,0.8269238471984863,{}
786,6288,99472,single_D4,0.4792742431163788,0.75,46.397186279296875,1,9,0.5609209537506104,{}
787,6296,99704,single_D24,0.726246178150177,0.5,38.75733947753906,1,29,1.4893722534179688,{}
788,6304,99776,binding_D4,0.7498968839645386,0.375,1.136247992515564,1,9,0.47898364067077637,{}
789,6312,100008,single_D24,0.6538954973220825,0.625,19.273807525634766,1,29,1.4931952953338623,{}
790,6320,100048,single_D0,0.7347300052642822,0.875,66.41512298583984,1,5,0.2839624881744385,{}
791,6328,100088,single_D0,0.05574144050478935,1.0,4.227653980255127,1,5,0.2781651020050049,{}
792,6336,100128,single_D0,0.021427299827337265,1.0,1.3144713640213013,1,5,0.263455867767334,{}
793,6344,100200,single_D4,0.4809033274650574,0.625,95.11964416503906,1,9,0.4632093906402588,{}
794,6352,100336,binding_D12,0.8290047645568848,0.375,2.502429246902466,1,17,0.836982250213623,{}
795,6360,100568,binding_D24,0.6362914443016052,0.875,2.2104203701019287,1,29,1.4882707595825195,{}
796,6368,100704,binding_D12,0.6236496567726135,0.625,1.2071201801300049,1,17,0.8496251106262207,{}
797,6376,100776,single_D4,0.5610253214836121,0.625,124.90452575683594,1,9,0.48163294792175293,{}
798,6384,100848,binding_D4,0.6227806806564331,0.5,1.7950845956802368,1,9,0.5679130554199219,{}
799,6392,101080,binding_D24,0.737346351146698,0.5,1.9873950481414795,1,29,1.526365041732788,{}
800,6400,101120,single_D0,0.09897913038730621,1.0,37.91075134277344,1,5,0.27326273918151855,{}
801,6408,101352,single_D24,0.9153753519058228,0.5,112.9225082397461,1,29,1.4622902870178223,{}
802,6416,101392,binding_D0,0.6445929408073425,0.5,1.9599575996398926,1,5,0.28486132621765137,{}
803,6424,101624,binding_D24,0.7272729277610779,0.25,2.0407557487487793,1,29,1.4602382183074951,{}
804,6432,101856,binding_D24,0.6459270715713501,0.625,1.6183561086654663,1,29,1.4517195224761963,{}
805,6440,102088,binding_D24,0.7630858421325684,0.375,1.4489976167678833,1,29,1.4546678066253662,{}
806,6448,102224,single_D12,0.6892412900924683,0.5,20.408592224121094,1,17,0.868842601776123,{}
807,6456,102360,single_D12,0.7297055125236511,0.625,21.724435806274414,1,17,0.9054560661315918,{}
808,6464,102432,single_D4,0.37782979011535645,1.0,81.4765853881836,1,9,0.4789903163909912,{}
809,6472,102504,binding_D4,0.7025649547576904,0.625,2.1916403770446777,1,9,0.4901084899902344,{}
810,6480,102544,binding_D0,0.7672675848007202,0.375,2.3181936740875244,1,5,0.2761213779449463,{}
811,6488,102680,single_D12,0.7286038398742676,0.75,23.973100662231445,1,17,0.9369063377380371,{}
812,6496,102720,single_D0,0.2949719727039337,0.75,66.38355255126953,1,5,0.26614928245544434,{}
813,6504,102952,single_D24,0.9184820652008057,0.375,22.5170841217041,1,29,1.4380247592926025,{}
814,6512,103088,single_D12,0.7115098237991333,0.5,25.206758499145508,1,17,0.872283935546875,{}
815,6520,103320,single_D24,0.678564727306366,0.25,11.02585220336914,1,29,1.4563241004943848,{}
816,6528,103552,single_D24,0.7902588844299316,0.375,23.747270584106445,1,29,1.4441328048706055,{}
817,6536,103624,single_D4,0.07836297899484634,1.0,11.712766647338867,1,9,0.4584949016571045,{}
818,6544,103856,single_D24,0.8598459959030151,0.5,33.830745697021484,1,29,1.4245436191558838,{}
819,6552,103896,single_D0,0.3889196813106537,0.75,29.96518898010254,1,5,0.267345666885376,{}
820,6560,104032,binding_D12,0.736811637878418,0.625,3.5593795776367188,1,17,0.8515021800994873,{}
821,6568,104120,motion_D0,4.346157073974609,0.5,567.7052612304688,1,11,0.5863187313079834,{}
822,6576,104160,binding_D0,0.5925424098968506,0.625,3.006340265274048,1,5,0.2799971103668213,{}
823,6584,104200,single_D0,0.027270853519439697,1.0,1.409653902053833,1,5,0.26703667640686035,{}
824,6592,104240,binding_D0,0.7598485946655273,0.375,1.7013031244277954,1,5,0.2752249240875244,{}
825,6600,104312,binding_D4,0.7935182452201843,0.375,1.5085991621017456,1,9,0.46485018730163574,{}
826,6608,104384,binding_D4,0.6943466663360596,0.375,1.2572178840637207,1,9,0.48183679580688477,{}
827,6616,104616,binding_D24,0.7106104493141174,0.625,1.3801766633987427,1,29,1.4052331447601318,{}
828,6624,104656,binding_D0,0.6179805397987366,0.75,1.5389150381088257,1,5,0.27577686309814453,{}
829,6632,104888,binding_D24,0.7438057661056519,0.5,1.2796003818511963,1,29,1.4126677513122559,{}
830,6640,105120,single_D24,0.7987031936645508,0.5,45.946048736572266,1,29,1.4260234832763672,{}
831,6648,105160,single_D0,0.20056620240211487,0.875,47.913333892822266,1,5,0.2685050964355469,{}
832,6656,105296,single_D12,0.6350147724151611,0.625,36.183589935302734,1,17,0.8751106262207031,{}
833,6664,105336,binding_D0,0.5604729056358337,0.875,1.8252619504928589,1,5,0.2719001770019531,{}
834,6672,105408,binding_D4,0.6833475232124329,0.625,1.1623351573944092,1,9,0.47901248931884766,{}
835,6680,105640,single_D24,0.7184162735939026,0.375,11.019028663635254,1,29,1.4229762554168701,{}
836,6688,105680,binding_D0,0.716941237449646,0.375,1.9961251020431519,1,5,0.26395320892333984,{}
837,6696,105816,single_D12,0.7633384466171265,0.625,15.528919219970703,1,17,0.8532021045684814,{}
838,6704,105888,single_D4,0.7081640362739563,0.625,10.495116233825684,1,9,0.471019983291626,{}
839,6712,106168,motion_D24,1.0121397972106934,0.75,4.651608943939209,1,35,1.7585704326629639,{}
840,6720,106208,single_D0,0.2166295349597931,0.875,18.183225631713867,1,5,0.28028082847595215,{}
841,6728,106488,motion_D24,1.0047223567962646,0.75,11.321294784545898,1,35,1.7988336086273193,{}
842,6736,106560,binding_D4,0.5429202318191528,0.875,1.6693692207336426,1,9,0.47922444343566895,{}
843,6744,106792,single_D24,0.6306263208389282,0.625,12.781549453735352,1,29,1.4513115882873535,{}
844,6752,107024,binding_D24,0.7264439463615417,0.375,1.5901602506637573,1,29,1.4587202072143555,{}
845,6760,107256,binding_D24,0.7242997288703918,0.375,1.4606289863586426,1,29,1.451974868774414,{}
846,6768,107536,motion_D24,1.2921628952026367,0.5,5.280466079711914,1,35,1.7749571800231934,{}
847,6776,107768,binding_D24,0.7463280558586121,0.375,0.9357153177261353,0,29,1.4929606914520264,{}
848,6784,107808,single_D0,0.055603619664907455,1.0,5.73135232925415,1,5,0.2914459705352783,{}
849,6792,107944,binding_D12,0.6416875720024109,0.75,1.7167086601257324,1,17,0.8609864711761475,{}
850,6800,107984,single_D0,0.29567354917526245,0.75,56.48808288574219,1,5,0.25786876678466797,{}
851,6808,108056,binding_D4,0.6588404178619385,0.5,1.9025602340698242,1,9,0.46816372871398926,{}
852,6816,108144,motion_D0,1.968743920326233,0.625,353.0602722167969,1,11,0.5893299579620361,{}
853,6824,108280,single_D12,0.7127668857574463,0.5,11.647323608398438,1,17,0.8514363765716553,{}
854,6832,108352,single_D4,0.41294658184051514,0.75,22.373403549194336,1,9,0.44618868827819824,{}
855,6840,108584,binding_D24,0.7599127292633057,0.375,1.3424503803253174,1,29,1.4020981788635254,{}
856,6848,108656,single_D4,0.20996934175491333,0.875,26.507728576660156,1,9,0.453951358795166,{}
857,6856,108728,binding_D4,0.5789594650268555,0.75,1.4782930612564087,1,9,0.47673511505126953,{}
858,6864,108864,single_D12,0.7701770067214966,0.375,17.876298904418945,1,17,0.8539755344390869,{}
859,6872,108904,binding_D0,0.6663657426834106,0.375,1.6327553987503052,1,5,0.2717478275299072,{}
860,6880,108944,single_D0,0.37966620922088623,0.875,103.33902740478516,1,5,0.25377440452575684,{}
861,6888,109080,binding_D12,0.6165400147438049,0.625,0.9859233498573303,0,17,0.8720629215240479,{}
862,6896,109168,motion_D0,0.4361649751663208,0.875,129.56063842773438,1,11,0.6221065521240234,{}
863,6904,109400,single_D24,0.7332621216773987,0.375,16.339609146118164,1,29,1.4852428436279297,{}
864,6912,109440,binding_D0,0.6049466729164124,0.875,1.6891834735870361,1,5,0.27652859687805176,{}
865,6920,109576,binding_D12,0.7678062319755554,0.5,3.1710715293884277,1,17,0.854405403137207,{}
866,6928,109648,binding_D4,0.7517774701118469,0.375,2.342580556869507,1,9,0.4590287208557129,{}
867,6936,109784,single_D12,0.6412758827209473,0.75,11.714733123779297,1,17,0.8629388809204102,{}
868,6944,110064,motion_D24,1.0988318920135498,0.5,11.984257698059082,1,35,1.7876811027526855,{}
869,6952,110136,binding_D4,0.6776979565620422,0.5,1.1486700773239136,1,9,0.4708271026611328,{}
870,6960,110272,binding_D12,0.6617268323898315,0.625,1.4339710474014282,1,17,0.8389973640441895,{}
871,6968,110344,single_D4,0.38851845264434814,0.75,7.344788074493408,1,9,0.45122218132019043,{}
872,6976,110480,binding_D12,0.7073421478271484,0.75,1.2750872373580933,1,17,0.8428599834442139,{}
873,6984,110616,binding_D12,0.7947309613227844,0.25,2.0593888759613037,1,17,0.9286069869995117,{}
874,6992,110656,single_D0,0.16777682304382324,0.875,57.55978012084961,1,5,0.2893373966217041,{}
875,7000,110728,single_D4,0.3145536780357361,0.75,14.217495918273926,1,9,0.5502309799194336,{}
876,7008,110864,binding_D12,0.814532995223999,0.125,1.7507034540176392,1,17,0.8849656581878662,{}
877,7016,110936,single_D4,0.2899542450904846,0.875,44.82249069213867,1,9,0.467606782913208,{}
878,7024,111072,binding_D12,0.7052810192108154,0.5,2.206275463104248,1,17,0.871530294418335,{}
879,7032,111144,single_D4,0.2950637936592102,0.875,30.50196075439453,1,9,0.46904850006103516,{}
880,7040,111232,motion_D0,2.5522077083587646,0.5,312.1614074707031,1,11,0.6233201026916504,{}
881,7048,111464,single_D24,0.6223304271697998,0.75,11.479641914367676,1,29,1.476128339767456,{}
882,7056,111504,single_D0,0.22779344022274017,0.875,57.71047592163086,1,5,0.27582716941833496,{}
883,7064,111736,single_D24,0.6777744889259338,0.625,13.880853652954102,1,29,1.4582853317260742,{}
884,7072,111872,binding_D12,0.6339603066444397,0.625,1.1771328449249268,1,17,0.8876276016235352,{}
885,7080,111960,motion_D0,1.3155122995376587,0.5,356.69683837890625,1,11,0.5910682678222656,{}
886,7088,112096,single_D12,0.7126579284667969,0.625,29.518117904663086,1,17,0.8858706951141357,{}
887,7096,112232,binding_D12,0.6301442384719849,0.625,1.3541730642318726,1,17,0.8818812370300293,{}
888,7104,112304,binding_D4,0.6982300281524658,0.5,1.33461332321167,1,9,0.4690084457397461,{}
889,7112,112536,single_D24,0.6069325804710388,0.625,43.14443588256836,1,29,1.4600937366485596,{}
890,7120,112768,binding_D24,0.737967848777771,0.375,1.432305097579956,1,29,1.4439599514007568,{}
891,7128,113000,single_D24,0.9557764530181885,0.5,69.62101745605469,1,29,1.4900481700897217,{}
892,7136,113136,binding_D12,0.6845043897628784,0.75,1.467005729675293,1,17,0.8896453380584717,{}
893,7144,113176,single_D0,0.1913445144891739,0.875,35.478519439697266,1,5,0.267730712890625,{}
894,7152,113216,single_D0,0.07718022167682648,1.0,34.430267333984375,1,5,0.300492525100708,{}
895,7160,113288,binding_D4,0.6460103392601013,0.625,1.232778549194336,1,9,0.49260449409484863,{}
896,7168,113360,single_D4,0.8300296068191528,0.5,82.73480987548828,1,9,0.46599745750427246,{}
897,7176,113432,single_D4,0.4798838496208191,0.875,55.940773010253906,1,9,0.4742116928100586,"{""first_sensory_field_gradient_norm"": 0.0004644363361876458, ""early_r_gradient_norm"": 0.07328812032938004, ""early_r_rms"": 0.01806498132646084, ""early_a_gradient_norm"": 0.009569340385496616, ""early_a_rms"": 0.0, ""late_r_gradient_norm"": 0.6324240565299988, ""late_r_rms"": 0.2749912738800049, ""late_a_gradient_norm"": null, ""late_a_rms"": 0.04334138333797455, ""encoder_gradient_norm"": 10.241253852844238, ""raw_recurrent_gradient_rms"": 9.253776624973398e-06, ""state_stats"": {""inactive_fraction"": 0.27099609375, ""rectifier_off_fraction"": 0.53515625, ""excitatory_mean"": 0.13911749422550201, ""inhibitory_mean"": 0.2755281329154968, ""tau_r_mean"": 5.177831649780273, ""tau_a_mean"": 36.791831970214844, ""adaptation_gain_mean"": 0.04747213423252106}, ""effective_recurrent_relative_update"": 4.858964530285448e-06}"
898,7184,113568,binding_D12,0.7812774181365967,0.25,1.7290316820144653,1,17,0.9376380443572998,{}
899,7192,113608,binding_D0,0.5255768895149231,0.875,2.067124366760254,1,5,0.28341054916381836,{}
900,7200,113840,binding_D24,0.6682074666023254,0.5,1.7602744102478027,1,29,1.4887385368347168,{}
901,7208,113880,binding_D0,0.5841913223266602,0.875,1.507143497467041,1,5,0.29363155364990234,{}
902,7216,113920,single_D0,0.0492948517203331,1.0,6.709956169128418,1,5,0.2850651741027832,{}
903,7224,113960,single_D0,0.04059296101331711,1.0,5.2930908203125,1,5,0.2633223533630371,{}
904,7232,114000,single_D0,0.5273004770278931,0.75,65.52748107910156,1,5,0.26110315322875977,{}
905,7240,114040,binding_D0,0.6494583487510681,0.625,2.3205997943878174,1,5,0.28376030921936035,{}
906,7248,114112,binding_D4,0.7580875754356384,0.25,1.4928808212280273,1,9,0.47281837463378906,{}
907,7256,114344,binding_D24,0.8446406126022339,0.0,2.163386821746826,1,29,1.4406421184539795,{}
908,7264,114576,single_D24,0.7342700362205505,0.5,18.833885192871094,1,29,1.604825496673584,{}
909,7272,114664,motion_D0,0.07677753269672394,1.0,74.44622039794922,1,11,0.6149580478668213,{}
910,7280,114704,single_D0,0.1254643052816391,1.0,37.96077346801758,1,5,0.26322245597839355,{}
911,7288,114776,single_D4,0.16957610845565796,1.0,9.819029808044434,1,9,0.45212364196777344,{}
912,7296,115008,binding_D24,0.7165465354919434,0.375,2.1479153633117676,1,29,1.451850175857544,{}
913,7304,115144,binding_D12,0.7413983345031738,0.375,2.4718103408813477,1,17,0.8484816551208496,{}
914,7312,115280,single_D12,0.8423964977264404,0.5,37.21538162231445,1,17,0.8392245769500732,{}
915,7320,115416,single_D12,0.7763620018959045,0.5,32.800601959228516,1,17,0.8524043560028076,{}
916,7328,115488,single_D4,0.660820484161377,0.5,29.222814559936523,1,9,0.4565107822418213,{}
917,7336,115720,binding_D24,0.7113286256790161,0.75,1.292282223701477,1,29,1.4572656154632568,{}
918,7344,115952,binding_D24,0.7504099011421204,0.125,1.69895601272583,1,29,1.446861743927002,{}
919,7352,116024,binding_D4,0.6676369905471802,0.5,1.7582367658615112,1,9,0.4582059383392334,{}
920,7360,116160,single_D12,0.7387755513191223,0.375,15.137269020080566,1,17,0.8517930507659912,{}
921,7368,116248,motion_D0,1.585477352142334,0.625,288.1708068847656,1,11,0.5971388816833496,{}
922,7376,116320,binding_D4,0.7135843634605408,0.5,1.2018215656280518,1,9,0.48826098442077637,{}
923,7384,116456,binding_D12,0.7226455211639404,0.75,1.2163077592849731,1,17,0.8515040874481201,{}
924,7392,116528,binding_D4,0.7645142674446106,0.375,1.831072211265564,1,9,0.4756739139556885,{}
925,7400,116808,motion_D24,1.033052682876587,0.375,12.83171558380127,1,35,1.7403762340545654,{}
926,7408,116880,single_D4,0.5829297304153442,0.625,32.240501403808594,1,9,0.479736328125,{}
927,7416,117112,single_D24,0.7325773239135742,0.5,15.459689140319824,1,29,1.44158935546875,{}
928,7424,117248,single_D12,0.7722744941711426,0.5,15.246424674987793,1,17,0.8552646636962891,{}
929,7432,117320,single_D4,0.5706616640090942,0.625,33.97573471069336,1,9,0.4800596237182617,{}
930,7440,117392,binding_D4,0.6357408761978149,0.625,1.0981369018554688,1,9,0.4776895046234131,{}
931,7448,117480,motion_D0,1.919975996017456,0.5,252.414794921875,1,11,0.6107940673828125,{}
932,7456,117760,motion_D24,1.2211169004440308,0.5,12.449458122253418,1,35,1.8275156021118164,{}
933,7464,117800,binding_D0,0.5956439971923828,0.75,1.788571834564209,1,5,0.2871880531311035,{}
934,7472,117840,binding_D0,0.7132032513618469,0.625,1.4339319467544556,1,5,0.2719724178314209,{}
935,7480,118072,binding_D24,0.8553930521011353,0.125,2.1047136783599854,1,29,1.448791265487671,{}
936,7488,118208,binding_D12,0.6997286081314087,0.5,0.861868679523468,0,17,0.856243371963501,{}
937,7496,118488,motion_D24,1.1653131246566772,0.375,7.6802849769592285,1,35,1.766752004623413,{}
938,7504,118560,single_D4,0.3785964250564575,1.0,36.953765869140625,1,9,0.4894826412200928,{}
939,7512,118696,single_D12,0.7022624611854553,0.375,10.006353378295898,1,17,0.8893933296203613,{}
940,7520,118768,binding_D4,0.7740508317947388,0.125,1.1425038576126099,1,9,0.48375535011291504,{}
941,7528,119000,single_D24,0.8408429026603699,0.125,10.854223251342773,1,29,1.4451539516448975,{}
942,7536,119072,single_D4,0.4321199059486389,0.875,18.73409080505371,1,9,0.451568603515625,{}
943,7544,119208,binding_D12,0.7410133481025696,0.625,1.2964311838150024,1,17,0.8401303291320801,{}
944,7552,119248,binding_D0,0.7430057525634766,0.625,2.4932475090026855,1,5,0.2769594192504883,{}
945,7560,119320,binding_D4,0.6829564571380615,0.75,1.0216023921966553,1,9,0.47135353088378906,{}
946,7568,119360,single_D0,0.405204713344574,0.875,88.50827026367188,1,5,0.2662649154663086,{}
947,7576,119400,single_D0,0.39422938227653503,0.75,38.579429626464844,1,5,0.27396678924560547,{}
948,7584,119632,binding_D24,0.6913236379623413,0.5,0.9045782685279846,0,29,1.4204721450805664,{}
949,7592,119672,binding_D0,0.6893970966339111,0.625,1.2982733249664307,1,5,0.2825314998626709,{}
950,7600,119712,binding_D0,0.7313380837440491,0.5,2.05957293510437,1,5,0.2862586975097656,{}
951,7608,119784,single_D4,0.4765045642852783,0.875,30.88770866394043,1,9,0.47496914863586426,{}
952,7616,119824,binding_D0,0.6253856420516968,0.875,1.2650730609893799,1,5,0.2939183712005615,{}
953,7624,119960,single_D12,0.6789725422859192,0.5,6.587634563446045,1,17,0.8691911697387695,{}
954,7632,120096,binding_D12,0.7412453293800354,0.5,1.2057706117630005,1,17,0.8667829036712646,{}
955,7640,120328,single_D24,0.6823960542678833,0.625,2.164330244064331,1,29,1.459465503692627,{}
956,7648,120608,motion_D24,1.0740636587142944,0.625,3.5883491039276123,1,35,1.7470080852508545,{}
957,7656,120744,single_D12,0.6918472051620483,0.25,14.716123580932617,1,17,0.8395509719848633,{}
958,7664,120976,single_D24,0.7192929983139038,0.625,10.502002716064453,1,29,1.4440617561340332,{}
959,7672,121208,binding_D24,0.6968795657157898,0.5,1.0273252725601196,1,29,1.4954299926757812,{}
960,7680,121344,single_D12,0.719628095626831,0.375,6.702403545379639,1,17,0.9173345565795898,{}
961,7688,121480,binding_D12,0.6486372351646423,0.5,1.1009328365325928,1,17,0.8247511386871338,{}
962,7696,121520,single_D0,0.018623320385813713,1.0,4.285285949707031,1,5,0.28403282165527344,{}
963,7704,121656,single_D12,0.685333251953125,0.5,11.892581939697266,1,17,0.8283405303955078,{}
964,7712,121888,binding_D24,0.6847559213638306,0.375,0.9310715198516846,0,29,1.4107012748718262,{}
965,7720,122120,binding_D24,0.7285981178283691,0.625,1.0478111505508423,1,29,1.410942792892456,{}
966,7728,122352,binding_D24,0.7349158525466919,0.375,1.1293892860412598,1,29,1.4673705101013184,{}
967,7736,122488,binding_D12,0.620449423789978,0.75,1.2559043169021606,1,17,0.8618242740631104,{}
968,7744,122624,binding_D12,0.696080207824707,0.5,1.0311315059661865,1,17,0.8457434177398682,{}
969,7752,122664,binding_D0,0.7183864116668701,0.375,1.5347429513931274,1,5,0.27604198455810547,{}
970,7760,122736,binding_D4,0.7097421884536743,0.375,1.1046061515808105,1,9,0.49411916732788086,{}
971,7768,123016,motion_D24,1.0652707815170288,0.75,6.432869911193848,1,35,1.7499969005584717,{}
972,7776,123088,single_D4,0.2485111802816391,1.0,22.090974807739258,1,9,0.4889397621154785,{}
973,7784,123320,single_D24,0.7475964426994324,0.375,8.843764305114746,1,29,1.448998212814331,{}
974,7792,123392,binding_D4,0.7145019769668579,0.5,1.1026979684829712,1,9,0.46382689476013184,{}
975,7800,123464,single_D4,0.3038857579231262,0.875,8.56972885131836,1,9,0.4794905185699463,{}
976,7808,123552,motion_D0,0.08551014959812164,1.0,33.71917724609375,1,11,0.5946757793426514,{}
977,7816,123688,single_D12,0.6774948239326477,0.5,21.15675926208496,1,17,0.8595583438873291,{}
978,7824,123728,binding_D0,0.674271821975708,0.5,1.1518751382827759,1,5,0.2890923023223877,{}
979,7832,123768,binding_D0,0.5748081803321838,0.875,2.087002992630005,1,5,0.3004579544067383,{}
980,7840,124000,binding_D24,0.7182860970497131,0.5,1.0642074346542358,1,29,1.4248054027557373,{}
981,7848,124232,single_D24,0.7209844589233398,0.5,8.643864631652832,1,29,1.448838710784912,{}
982,7856,124272,single_D0,0.42344826459884644,0.875,67.75344848632812,1,5,0.2719588279724121,{}
983,7864,124312,binding_D0,0.7235813736915588,0.375,1.09945809841156,1,5,0.28749537467956543,{}
984,7872,124352,single_D0,0.1314234435558319,1.0,25.52337074279785,1,5,0.2614254951477051,{}
985,7880,124584,single_D24,0.7842819690704346,0.5,16.52725601196289,1,29,1.4301965236663818,{}
986,7888,124672,motion_D0,0.6413946747779846,0.875,75.15831756591797,1,11,0.6031434535980225,{}
987,7896,124744,binding_D4,0.6806755661964417,0.625,1.0706247091293335,1,9,0.47264862060546875,{}
988,7904,125024,motion_D24,1.3938294649124146,0.375,9.11304759979248,1,35,1.7650744915008545,{}
989,7912,125096,binding_D4,0.7312077879905701,0.375,1.2027918100357056,1,9,0.48062729835510254,{}
990,7920,125232,binding_D12,0.7047200798988342,0.5,0.9245433807373047,0,17,0.8331921100616455,{}
991,7928,125304,binding_D4,0.7473551034927368,0.5,1.1260453462600708,1,9,0.4530158042907715,{}
992,7936,125344,single_D0,0.1403944194316864,0.875,28.646831512451172,1,5,0.26253676414489746,{}
993,7944,125432,motion_D0,0.7377612590789795,0.625,118.53921508789062,1,11,0.6131143569946289,{}
994,7952,125472,binding_D0,0.6797350645065308,0.5,2.445737361907959,1,5,0.2729506492614746,{}
995,7960,125752,motion_D24,1.1303033828735352,0.5,4.753278732299805,1,35,1.760303020477295,{}
996,7968,125888,binding_D12,0.7235432267189026,0.25,1.4739781618118286,1,17,0.8631422519683838,{}
997,7976,125960,single_D4,0.07749447971582413,1.0,8.653471946716309,1,9,0.4871687889099121,{}
998,7984,126192,single_D24,0.7354268431663513,0.5,11.167693138122559,1,29,1.4469900131225586,{}
999,7992,126424,binding_D24,0.6552379131317139,0.75,1.0186103582382202,1,29,1.855041265487671,{}
1000,8000,126464,single_D0,0.2612842917442322,0.875,85.69145202636719,1,5,0.281970739364624,{}
1001,8008,126504,binding_D0,0.618212103843689,0.75,1.6253430843353271,1,5,0.28122520446777344,{}
1002,8016,126640,single_D12,0.700382649898529,0.5,28.639440536499023,1,17,0.8515965938568115,{}
1003,8024,126872,single_D24,0.6337292194366455,0.5,20.182607650756836,1,29,1.448317050933838,{}
1004,8032,127008,binding_D12,0.7316213846206665,0.25,1.0158741474151611,1,17,0.8541216850280762,{}
1005,8040,127144,single_D12,0.7910571098327637,0.5,25.45927619934082,1,17,0.8446581363677979,{}
1006,8048,127280,single_D12,0.7173981666564941,0.5,15.127714157104492,1,17,0.8247566223144531,{}
1007,8056,127512,single_D24,0.7462154030799866,0.5,20.063026428222656,1,29,1.4681084156036377,{}
1008,8064,127584,single_D4,0.19421134889125824,1.0,41.72608947753906,1,9,0.46262240409851074,{}
1009,8072,127720,single_D12,0.6829710006713867,0.5,40.9305419921875,1,17,0.8557310104370117,{}
1010,8080,127856,binding_D12,0.7320592999458313,0.375,0.8804211020469666,0,17,0.8533172607421875,{}
1011,8088,127992,single_D12,0.6901669502258301,0.625,7.290387153625488,1,17,0.8492276668548584,{}
1012,8096,128064,single_D4,0.4628593921661377,0.75,28.920576095581055,1,9,0.4667379856109619,{}
1013,8104,128104,single_D0,0.28265896439552307,0.875,78.99095153808594,1,5,0.3002629280090332,{}
1014,8112,128144,single_D0,0.3160803020000458,0.875,57.230506896972656,1,5,0.27454066276550293,{}
1015,8120,128216,binding_D4,0.6791900396347046,0.375,0.8844133615493774,0,9,0.48290419578552246,{}
1016,8128,128448,binding_D24,0.7455870509147644,0.25,2.213765859603882,1,29,1.4223952293395996,{}
1017,8136,128584,single_D12,0.794735848903656,0.25,18.680225372314453,1,17,0.8452894687652588,{}
1018,8144,128624,single_D0,0.053333085030317307,1.0,6.227568626403809,1,5,0.30391359329223633,{}
1019,8152,128712,motion_D0,3.007528781890869,0.625,186.84930419921875,1,11,0.6612401008605957,{}
1020,8160,128944,binding_D24,0.7191863059997559,0.625,1.8763617277145386,1,29,1.4306583404541016,{}
1021,8168,128984,binding_D0,0.6054644584655762,0.75,1.4551801681518555,1,5,0.27271223068237305,{}
1022,8176,129056,single_D4,0.25565844774246216,1.0,38.0088996887207,1,9,0.48868346214294434,{}
1023,8184,129128,binding_D4,0.62373948097229,0.75,1.7782611846923828,1,9,0.5246264934539795,{}
1024,8192,129408,motion_D24,1.1952998638153076,0.375,8.009857177734375,1,35,1.9247636795043945,{}
1025,8200,129480,single_D4,0.23379956185817719,1.0,12.241729736328125,1,9,0.48218250274658203,"{""first_sensory_field_gradient_norm"": 0.00038696060073561966, ""early_r_gradient_norm"": 0.04324842616915703, ""early_r_rms"": 0.017163770273327827, ""early_a_gradient_norm"": 0.004671834874898195, ""early_a_rms"": 0.0, ""late_r_gradient_norm"": 0.4046231508255005, ""late_r_rms"": 0.2244846224784851, ""late_a_gradient_norm"": null, ""late_a_rms"": 0.035345111042261124, ""encoder_gradient_norm"": 1.951214075088501, ""raw_recurrent_gradient_rms"": 1.0879861292778514e-05, ""state_stats"": {""inactive_fraction"": 0.48095703125, ""rectifier_off_fraction"": 0.623046875, ""excitatory_mean"": 0.09348161518573761, ""inhibitory_mean"": 0.22984562814235687, ""tau_r_mean"": 5.178946018218994, ""tau_a_mean"": 36.792503356933594, ""adaptation_gain_mean"": 0.04747255891561508}, ""effective_recurrent_relative_update"": 7.670206287002657e-06}"
1026,8208,129712,single_D24,0.6388341188430786,0.625,9.19605827331543,1,29,1.522862434387207,{}
1027,8216,129848,single_D12,0.8652703166007996,0.625,21.04068374633789,1,17,0.9885199069976807,{}
1028,8224,129920,binding_D4,0.7319514751434326,0.375,1.281294584274292,1,9,0.4597959518432617,{}
1029,8232,130152,single_D24,0.6162832975387573,0.75,22.93257713317871,1,29,1.4393455982208252,{}
1030,8240,130384,single_D24,0.7275425791740417,0.375,25.30181884765625,1,29,1.430983066558838,{}
1031,8248,130456,binding_D4,0.7073808908462524,0.625,1.4346954822540283,1,9,0.44815993309020996,{}
1032,8256,130496,single_D0,0.010385824367403984,1.0,1.6335079669952393,1,5,0.27458953857421875,{}
1033,8264,130536,binding_D0,0.6048064231872559,0.625,1.5015363693237305,1,5,0.2896149158477783,{}
1034,8272,130608,single_D4,0.2662668526172638,0.75,26.513511657714844,1,9,0.4609870910644531,{}
1035,8280,130744,binding_D12,0.740227997303009,0.375,1.543943166732788,1,17,0.8687493801116943,{}
1036,8288,130784,binding_D0,0.760969877243042,0.5,1.9190031290054321,1,5,0.27617430686950684,{}
1037,8296,131016,binding_D24,0.6808862686157227,0.625,1.2438955307006836,1,29,1.4284749031066895,{}
1038,8304,131248,binding_D24,0.7067159414291382,0.625,1.2520254850387573,1,29,1.4886109828948975,{}
1039,8312,131320,single_D4,0.22166524827480316,1.0,17.165842056274414,1,9,0.4639897346496582,{}
1040,8320,131456,binding_D12,0.6930609345436096,0.625,1.862649917602539,1,17,0.8498928546905518,{}
1041,8328,131592,single_D12,0.7535620927810669,0.625,12.94651985168457,1,17,0.8400802612304688,{}
1042,8336,131632,binding_D0,0.615146279335022,0.75,2.779538154602051,1,5,0.26745057106018066,{}
1043,8344,131672,binding_D0,0.6552285552024841,0.625,2.122641086578369,1,5,0.27227354049682617,{}
1044,8352,131808,binding_D12,0.7018587589263916,0.5,1.5626300573349,1,17,0.8577251434326172,{}
1045,8360,131880,binding_D4,0.6409198641777039,0.875,1.4099761247634888,1,9,0.45833921432495117,{}
1046,8368,131920,binding_D0,0.5828283429145813,0.875,1.422851324081421,1,5,0.2735438346862793,{}
1047,8376,131992,single_D4,0.32342225313186646,0.875,35.66777038574219,1,9,0.47231507301330566,{}
1048,8384,132128,binding_D12,0.7285022735595703,0.375,1.3955271244049072,1,17,0.8610856533050537,{}
1049,8392,132264,single_D12,0.6243636012077332,0.5,5.6028547286987305,1,17,0.8386416435241699,{}
1050,8400,132336,single_D4,0.3425888121128082,0.875,8.171926498413086,1,9,0.46535372734069824,{}
1051,8408,132408,binding_D4,0.6660228967666626,0.625,1.095501184463501,1,9,0.48163270950317383,{}
1052,8416,132544,single_D12,0.758002519607544,0.375,4.895188808441162,1,17,0.8442575931549072,{}
1053,8424,132680,binding_D12,0.6733652353286743,0.5,0.7441392540931702,0,17,0.8380391597747803,{}
1054,8432,132720,binding_D0,0.5304607152938843,0.75,1.9654591083526611,1,5,0.28756165504455566,{}
1055,8440,132792,binding_D4,0.7273247241973877,0.375,1.4922360181808472,1,9,0.497880220413208,{}
1056,8448,133024,single_D24,0.6640573740005493,0.625,12.493042945861816,1,29,1.475316047668457,{}
1057,8456,133256,binding_D24,0.7798166275024414,0.5,1.201373815536499,1,29,1.432283878326416,{}
1058,8464,133488,single_D24,0.6924663186073303,0.375,10.060966491699219,1,29,1.4612462520599365,{}
1059,8472,133528,single_D0,0.05242835357785225,1.0,11.966090202331543,1,5,0.26430439949035645,{}
1060,8480,133600,binding_D4,0.7154132127761841,0.5,1.3627231121063232,1,9,0.4771571159362793,{}
1061,8488,133672,single_D4,0.18841107189655304,1.0,13.498260498046875,1,9,0.4686129093170166,{}
1062,8496,133744,single_D4,0.3168678283691406,0.875,13.891789436340332,1,9,0.4547238349914551,{}
1063,8504,133976,binding_D24,0.6864904761314392,0.75,1.0038127899169922,1,29,1.4120824337005615,{}
1064,8512,134016,single_D0,0.11314043402671814,0.875,37.70110321044922,1,5,0.2818894386291504,{}
1065,8520,134248,binding_D24,0.6999301910400391,0.5,1.7204991579055786,1,29,1.4278607368469238,{}
1066,8528,134480,single_D24,0.8020879030227661,0.5,48.21083450317383,1,29,1.4192266464233398,{}
1067,8536,134552,binding_D4,0.6742914915084839,0.625,1.4984265565872192,1,9,0.4920475482940674,{}
1068,8544,134624,single_D4,0.2717626094818115,0.875,82.16926574707031,1,9,0.4848511219024658,{}
1069,8552,134712,motion_D0,2.807344675064087,0.5,396.7441711425781,1,11,0.61080002784729,{}
1070,8560,134800,motion_D0,2.6797378063201904,0.5,514.1567993164062,1,11,0.6367206573486328,{}
1071,8568,135032,binding_D24,0.7674598693847656,0.25,1.9909988641738892,1,29,1.4634652137756348,{}
1072,8576,135104,single_D4,0.27786850929260254,0.875,43.4137077331543,1,9,0.469728946685791,{}
1073,8584,135144,single_D0,0.39552584290504456,0.875,66.90061950683594,1,5,0.26902198791503906,{}
1074,8592,135216,binding_D4,0.6619681715965271,0.625,1.8272782564163208,1,9,0.4799659252166748,{}
1075,8600,135448,binding_D24,0.7069545984268188,0.5,2.650444746017456,1,29,1.4307529926300049,{}
1076,8608,135680,single_D24,0.9313925504684448,0.5,41.39374923706055,1,29,1.449359655380249,{}
1077,8616,135816,binding_D12,0.7538007497787476,0.375,1.5632153749465942,1,17,0.8544275760650635,{}
1078,8624,135952,single_D12,0.6736190915107727,0.625,45.61592483520508,1,17,0.8439245223999023,{}
1079,8632,135992,single_D0,0.053996942937374115,1.0,19.88984489440918,1,5,0.2747657299041748,{}
1080,8640,136272,motion_D24,1.2313895225524902,0.25,34.041385650634766,1,35,1.7690987586975098,{}
1081,8648,136344,binding_D4,0.7807238698005676,0.25,2.75138258934021,1,9,0.47974634170532227,{}
1082,8656,136576,binding_D24,0.7189559936523438,0.5,1.2076995372772217,1,29,1.4165947437286377,{}
1083,8664,136648,single_D4,0.3879924714565277,0.75,29.24746322631836,1,9,0.47695064544677734,{}
1084,8672,136784,binding_D12,0.6502590179443359,0.625,1.177367925643921,1,17,0.8520548343658447,{}
1085,8680,136920,binding_D12,0.6562995910644531,0.625,0.97877037525177,0,17,0.8334789276123047,{}
1086,8688,137008,motion_D0,0.9522883892059326,0.875,209.693603515625,1,11,0.6510040760040283,{}
1087,8696,137240,single_D24,0.72881019115448,0.375,30.81658172607422,1,29,1.434091329574585,{}
1088,8704,137472,single_D24,0.7526397705078125,0.375,47.74452209472656,1,29,1.4192264080047607,{}
1089,8712,137512,single_D0,0.36152127385139465,0.875,49.734310150146484,1,5,0.2800118923187256,{}
1090,8720,137584,binding_D4,0.6031749844551086,0.75,1.5382696390151978,1,9,0.48093461990356445,{}
1091,8728,137816,binding_D24,0.6803030371665955,0.625,0.9189227819442749,0,29,1.4013359546661377,{}
1092,8736,137856,binding_D0,0.5951728820800781,0.5,1.7387266159057617,1,5,0.30025267601013184,{}
1093,8744,137992,single_D12,0.7336328029632568,0.625,58.55489730834961,1,17,0.8522169589996338,{}
1094,8752,138128,binding_D12,0.6987812519073486,0.5,1.187758445739746,1,17,0.8563430309295654,{}
1095,8760,138360,binding_D24,0.6772661805152893,0.5,1.4368020296096802,1,29,1.4050135612487793,{}
1096,8768,138640,motion_D24,0.9734805226325989,0.75,7.859775066375732,1,35,1.7481968402862549,{}
1097,8776,138680,single_D0,0.014994789846241474,1.0,2.430805206298828,1,5,0.27785181999206543,{}
1098,8784,138720,binding_D0,0.6720218658447266,0.75,2.4530093669891357,1,5,0.2692995071411133,{}
1099,8792,138760,binding_D0,0.7185831069946289,0.375,2.504054546356201,1,5,0.27530789375305176,{}
1100,8800,138896,single_D12,0.7139878869056702,0.625,76.11896514892578,1,17,0.8663804531097412,{}
1101,8808,138936,binding_D0,0.7310935258865356,0.375,1.814224362373352,1,5,1.8556475639343262,{}
1102,8816,139216,motion_D24,0.9252848625183105,0.875,7.829837799072266,1,35,1.7475674152374268,{}
1103,8824,139304,motion_D0,3.2089130878448486,0.625,452.75274658203125,1,11,0.5836286544799805,{}
1104,8832,139440,single_D12,0.7624859809875488,0.5,62.16371536254883,1,17,0.8656034469604492,{}
1105,8840,139720,motion_D24,1.2180341482162476,0.375,13.622525215148926,1,35,1.7315714359283447,{}
1106,8848,139952,single_D24,0.6393855810165405,0.875,8.305811882019043,1,29,1.4511010646820068,{}
1107,8856,139992,single_D0,0.21724173426628113,0.875,136.40562438964844,1,5,0.25574207305908203,{}
1108,8864,140128,binding_D12,0.7229406833648682,0.375,1.5490467548370361,1,17,0.9492795467376709,{}
1109,8872,140360,single_D24,0.7546034455299377,0.25,21.412111282348633,1,29,1.4220097064971924,{}
1110,8880,140496,binding_D12,0.6536527276039124,0.625,1.4754719734191895,1,17,0.8376302719116211,{}
1111,8888,140536,single_D0,0.011561600491404533,1.0,3.8666834831237793,1,5,0.28225231170654297,{}
1112,8896,140576,binding_D0,0.623472273349762,0.75,1.3409154415130615,1,5,0.3119840621948242,{}
1113,8904,140616,single_D0,0.12305641174316406,0.875,19.90683937072754,1,5,0.33567118644714355,{}
1114,8912,140688,binding_D4,0.6965301632881165,0.625,0.8438747525215149,0,9,0.5133578777313232,{}
1115,8920,140760,single_D4,0.1788543164730072,1.0,17.103139877319336,1,9,0.47035932540893555,{}
1116,8928,140992,single_D24,0.6527736186981201,0.75,14.37328815460205,1,29,1.4509365558624268,{}
1117,8936,141128,single_D12,0.6260427236557007,0.625,17.374385833740234,1,17,0.8652908802032471,{}
1118,8944,141360,binding_D24,0.7645768523216248,0.625,1.3555554151535034,1,29,1.4389238357543945,{}
1119,8952,141496,single_D12,0.720244288444519,0.5,15.588445663452148,1,17,0.8846230506896973,{}
1120,8960,141568,single_D4,0.2531130015850067,0.875,20.63177490234375,1,9,0.4646286964416504,{}
1121,8968,141640,single_D4,0.4118121564388275,0.875,100.97496032714844,1,9,0.5144948959350586,{}
1122,8976,141776,single_D12,0.7719027996063232,0.5,35.081703186035156,1,17,0.8815064430236816,{}
1123,8984,142056,motion_D24,1.0591586828231812,0.625,6.650681495666504,1,35,1.787235975265503,{}
1124,8992,142096,binding_D0,0.5791698694229126,0.75,1.77424156665802,1,5,0.2873044013977051,{}
1125,9000,142232,single_D12,0.6227582693099976,0.5,19.424001693725586,1,17,0.8528163433074951,{}
1126,9008,142464,binding_D24,0.7922343611717224,0.125,1.8541218042373657,1,29,1.4119060039520264,{}
1127,9016,142536,single_D4,0.17464189231395721,1.0,46.6831169128418,1,9,0.4940481185913086,{}
1128,9024,142576,single_D0,0.09503237158060074,0.875,42.91769027709961,1,5,0.29486656188964844,{}
1129,9032,142808,binding_D24,0.7156873941421509,0.375,1.1164966821670532,1,29,1.4614143371582031,{}
1130,9040,142880,single_D4,0.09916944056749344,1.0,17.35609245300293,1,9,0.45552754402160645,{}
1131,9048,143016,single_D12,0.7469490766525269,0.5,15.893180847167969,1,17,0.8530111312866211,{}
1132,9056,143248,single_D24,0.7364387512207031,0.375,13.30395221710205,1,29,1.4211087226867676,{}
1133,9064,143288,binding_D0,0.8079127669334412,0.25,1.882820963859558,1,5,0.26940131187438965,{}
1134,9072,143424,binding_D12,0.7221262454986572,0.375,1.4011293649673462,1,17,0.8607621192932129,{}
1135,9080,143496,binding_D4,0.6856509447097778,0.5,1.0536396503448486,1,9,0.44823312759399414,{}
1136,9088,143632,single_D12,0.7289553880691528,0.5,9.177094459533691,1,17,0.8480865955352783,{}
1137,9096,143864,binding_D24,0.6833980679512024,0.5,1.049962043762207,1,29,1.4137067794799805,{}
1138,9104,143904,single_D0,0.3379393517971039,0.875,26.52180290222168,1,5,0.25759005546569824,{}
1139,9112,143944,single_D0,0.10123297572135925,1.0,27.279712677001953,1,5,0.26492857933044434,{}
1140,9120,144080,single_D12,0.6610214710235596,0.625,22.356903076171875,1,17,0.8376953601837158,{}
1141,9128,144152,binding_D4,0.7149419188499451,0.375,1.2940515279769897,1,9,0.4766390323638916,{}
1142,9136,144224,binding_D4,0.7773792147636414,0.125,1.0704373121261597,1,9,0.4699087142944336,{}
1143,9144,144456,binding_D24,0.7683850526809692,0.375,1.4451926946640015,1,29,1.4060230255126953,{}
1144,9152,144736,motion_D24,1.125243067741394,0.625,8.441368103027344,1,35,1.7359697818756104,{}
1145,9160,144776,binding_D0,0.7049810290336609,0.625,1.6159956455230713,1,5,0.2745363712310791,{}
1146,9168,144848,binding_D4,0.6693998575210571,0.5,0.9688549637794495,0,9,0.4868037700653076,{}
1147,9176,144984,single_D12,0.686810314655304,0.625,8.173783302307129,1,17,0.9432570934295654,{}
1148,9184,145216,binding_D24,0.6718464493751526,0.625,1.057257056236267,1,29,1.4375112056732178,{}
1149,9192,145352,single_D12,0.5535691976547241,1.0,7.992072582244873,1,17,0.8732800483703613,{}
1150,9200,145392,single_D0,0.0983336865901947,1.0,18.841062545776367,1,5,0.26388978958129883,{}
1151,9208,145624,binding_D24,0.7200084924697876,0.5,0.9018318057060242,0,29,1.4294373989105225,{}
1152,9216,145696,binding_D4,0.652796745300293,0.5,0.9701297283172607,0,9,0.4547576904296875,{}
1153,9224,145928,single_D24,0.663158655166626,0.625,10.36727523803711,1,29,1.4776408672332764,"{""first_sensory_field_gradient_norm"": 5.025877908337861e-05, ""early_r_gradient_norm"": 0.008848173543810844, ""early_r_rms"": 0.01630193367600441, ""early_a_gradient_norm"": 0.0039358134381473064, ""early_a_rms"": 0.0, ""late_r_gradient_norm"": 0.7964276075363159, ""late_r_rms"": 0.13303418457508087, ""late_a_gradient_norm"": null, ""late_a_rms"": 0.037457823753356934, ""encoder_gradient_norm"": 6.9022746086120605, ""raw_recurrent_gradient_rms"": 4.223936230118852e-06, ""state_stats"": {""inactive_fraction"": 0.42626953125, ""rectifier_off_fraction"": 0.69140625, ""excitatory_mean"": 0.05328696593642235, ""inhibitory_mean"": 0.10148796439170837, ""tau_r_mean"": 5.180261611938477, ""tau_a_mean"": 36.79300308227539, ""adaptation_gain_mean"": 0.04747248440980911}, ""effective_recurrent_relative_update"": 6.333438250294421e-06}"
1154,9232,146064,single_D12,0.6495458483695984,0.625,20.57893943786621,1,17,0.8385863304138184,{}
1155,9240,146296,single_D24,0.7690521478652954,0.5,46.095458984375,1,29,1.4494616985321045,{}
1156,9248,146528,binding_D24,0.6804736852645874,0.5,0.974187433719635,0,29,1.4134502410888672,{}
1157,9256,146760,single_D24,0.6372600197792053,0.625,8.849989891052246,1,29,1.484086036682129,{}
1158,9264,146896,binding_D12,0.6677157282829285,0.625,1.0027496814727783,1,17,0.884835958480835,{}
1159,9272,147128,single_D24,0.7118015885353088,0.5,26.878999710083008,1,29,1.4269580841064453,{}
1160,9280,147264,binding_D12,0.6942331790924072,0.5,0.9619908332824707,0,17,0.8449819087982178,{}
1161,9288,147400,binding_D12,0.6762802004814148,0.75,0.7879765033721924,0,17,0.8538615703582764,{}
1162,9296,147440,single_D0,0.10122725367546082,1.0,30.729995727539062,1,5,0.268998384475708,{}
1163,9304,147576,binding_D12,0.6601053476333618,0.625,1.0275510549545288,1,17,0.8586330413818359,{}
1164,9312,147616,binding_D0,0.6695432662963867,0.625,1.1201180219650269,1,5,0.2614917755126953,{}
1165,9320,147896,motion_D24,1.1102290153503418,0.75,6.644964218139648,1,35,1.7543864250183105,{}
1166,9328,147968,single_D4,0.2211303412914276,1.0,15.479291915893555,1,9,0.4664878845214844,{}
1167,9336,148056,motion_D0,0.4682757258415222,0.875,268.3981018066406,1,11,0.610396146774292,{}
1168,9344,148128,binding_D4,0.7337210774421692,0.375,1.1369231939315796,1,9,0.49843692779541016,{}
1169,9352,148200,binding_D4,0.7097132205963135,0.25,0.8790018558502197,0,9,0.49833035469055176,{}
1170,9360,148240,single_D0,0.02142910473048687,1.0,9.459150314331055,1,5,0.3049297332763672,{}
1171,9368,148376,binding_D12,0.7677825093269348,0.25,1.0706782341003418,1,17,0.8565738201141357,{}
1172,9376,148608,single_D24,0.5927736163139343,0.75,16.46739959716797,1,29,1.4209368228912354,{}
1173,9384,148648,single_D0,0.21469636261463165,0.875,32.43655014038086,1,5,0.2551608085632324,{}
1174,9392,148880,binding_D24,0.6001230478286743,1.0,1.1357009410858154,1,29,1.409485101699829,{}
1175,9400,148952,single_D4,0.17797884345054626,1.0,34.95456314086914,1,9,0.45630455017089844,{}
1176,9408,148992,binding_D0,0.6729283928871155,0.5,1.422340750694275,1,5,0.27477216720581055,{}
1177,9416,149224,single_D24,0.7083946466445923,0.5,26.606475830078125,1,29,1.430525541305542,{}
1178,9424,149456,single_D24,0.7914585471153259,0.25,16.00349998474121,1,29,1.414215326309204,{}
1179,9432,149688,binding_D24,0.7059421539306641,0.375,0.7615852952003479,0,29,1.43864107131958,{}
1180,9440,149968,motion_D24,0.9582703113555908,0.625,9.896071434020996,1,35,1.7574481964111328,{}
1181,9448,150008,single_D0,0.5926831960678101,0.75,21.804555892944336,1,5,0.2719426155090332,{}
1182,9456,150144,binding_D12,0.7548972964286804,0.375,1.220809817314148,1,17,0.8537812232971191,{}
1183,9464,150280,binding_D12,0.6784350275993347,0.625,0.8563491702079773,0,17,0.8226611614227295,{}
1184,9472,150368,motion_D0,4.078886985778809,0.375,654.2236328125,1,11,0.5748722553253174,{}
1185,9480,150408,single_D0,0.14394937455654144,0.875,49.995079040527344,1,5,0.2636113166809082,{}
1186,9488,150448,binding_D0,0.6122417449951172,0.875,1.1313706636428833,1,5,0.28564929962158203,{}
1187,9496,150520,single_D4,0.2790732681751251,0.875,45.660850524902344,1,9,0.44986748695373535,{}
1188,9504,150592,single_D4,0.27085354924201965,0.875,47.86810302734375,1,9,0.4610779285430908,{}
1189,9512,150664,single_D4,0.3627743124961853,0.875,45.38788604736328,1,9,0.4481942653656006,{}
1190,9520,150736,binding_D4,0.6814153790473938,0.625,1.126419186592102,1,9,0.5867493152618408,{}
1191,9528,150808,binding_D4,0.6841515302658081,0.5,0.6718606948852539,0,9,0.48453402519226074,{}
1192,9536,150896,motion_D0,0.0012703975662589073,1.0,0.4298594892024994,0,11,0.6399672031402588,{}
1193,9544,150968,single_D4,0.4003356695175171,0.875,19.102357864379883,1,9,0.5003271102905273,{}
1194,9552,151008,binding_D0,0.6712062358856201,0.625,1.441896915435791,1,5,0.26999664306640625,{}
1195,9560,151240,single_D24,0.8185566067695618,0.5,42.59870529174805,1,29,1.445911169052124,{}
1196,9568,151376,single_D12,0.7818623185157776,0.5,16.377214431762695,1,17,0.8560736179351807,{}
1197,9576,151464,motion_D0,2.761962890625,0.5,393.6480407714844,1,11,0.5797133445739746,{}
1198,9584,151504,binding_D0,0.679239809513092,0.625,1.601770043373108,1,5,0.27542638778686523,{}
1199,9592,151544,binding_D0,0.6395097970962524,0.5,1.4114121198654175,1,5,0.2815215587615967,{}
1200,9600,151680,binding_D12,0.7490925788879395,0.375,0.9623866677284241,0,17,0.8541271686553955,{}
1201,9608,151752,binding_D4,0.63067626953125,0.75,0.8504124283790588,0,9,0.5022139549255371,{}
1202,9616,151792,binding_D0,0.7282650470733643,0.5,1.3440666198730469,1,5,0.2930610179901123,{}
1203,9624,151864,binding_D4,0.6342938542366028,0.75,1.170819640159607,1,9,0.4679892063140869,{}
1204,9632,151936,binding_D4,0.6309192776679993,0.875,0.8856977820396423,0,9,0.46666860580444336,{}
1205,9640,152168,single_D24,0.9140086770057678,0.375,57.577613830566406,1,29,1.4115605354309082,{}
1206,9648,152304,single_D12,0.7956076860427856,0.375,53.270484924316406,1,17,0.8733658790588379,{}
1207,9656,152376,single_D4,0.6730247139930725,0.75,85.12955474853516,1,9,0.5051119327545166,{}
1208,9664,152608,single_D24,0.7070276737213135,0.875,25.78048324584961,1,29,1.4459247589111328,{}
1209,9672,152648,binding_D0,0.6396002769470215,0.375,1.247249960899353,1,5,0.2987782955169678,{}
1210,9680,152784,single_D12,0.5596234798431396,0.75,15.346967697143555,1,17,0.8818590641021729,{}
1211,9688,153016,single_D24,0.6919866800308228,0.5,10.975744247436523,1,29,1.4432833194732666,{}
1212,9696,153056,binding_D0,0.5992181897163391,0.75,1.4766136407852173,1,5,0.2640407085418701,{}
1213,9704,153288,binding_D24,0.7471797466278076,0.375,1.199105978012085,1,29,1.4866313934326172,{}
1214,9712,153424,binding_D12,0.6970285177230835,0.5,0.9014397263526917,0,17,0.8370680809020996,{}
1215,9720,153656,single_D24,0.6602303981781006,0.5,5.376542568206787,1,29,1.4359104633331299,{}
1216,9728,153728,binding_D4,0.6032606363296509,0.75,1.5874656438827515,1,9,0.46671056747436523,{}
1217,9736,153800,binding_D4,0.6417410969734192,0.625,0.8698306083679199,0,9,0.4797987937927246,{}
1218,9744,154032,binding_D24,0.7031359076499939,0.375,1.1340889930725098,1,29,1.4182007312774658,{}
1219,9752,154104,single_D4,0.3528662919998169,1.0,24.85931396484375,1,9,0.47307634353637695,{}
1220,9760,154192,motion_D0,5.423358917236328,0.5,449.1217956542969,1,11,0.6145026683807373,{}
1221,9768,154424,binding_D24,0.6806613802909851,0.625,1.022891879081726,1,29,1.4572882652282715,{}
1222,9776,154496,single_D4,0.587527871131897,0.75,7.595127582550049,1,9,0.4692060947418213,{}
1223,9784,154776,motion_D24,0.9902637004852295,0.625,9.138777732849121,1,35,1.785799503326416,{}
1224,9792,154848,binding_D4,0.6722985506057739,0.5,0.9015591144561768,0,9,0.5280053615570068,{}
1225,9800,154984,binding_D12,0.6562685370445251,0.625,1.096213459968567,1,17,0.8772392272949219,{}
1226,9808,155056,binding_D4,0.7282779812812805,0.375,1.1966283321380615,1,9,0.4640519618988037,{}
1227,9816,155192,binding_D12,0.6927840113639832,0.625,1.2634326219558716,1,17,0.8570549488067627,{}
1228,9824,155264,single_D4,0.3128282129764557,1.0,15.58814525604248,1,9,0.46841859817504883,{}
1229,9832,155304,binding_D0,0.681081235408783,0.625,1.1321355104446411,1,5,0.28621411323547363,{}
1230,9840,155344,binding_D0,0.5367922186851501,0.625,1.6788084506988525,1,5,0.287609338760376,{}
1231,9848,155384,binding_D0,0.7357462048530579,0.625,1.2595436573028564,1,5,0.29184627532958984,{}
1232,9856,155456,single_D4,0.4124135971069336,0.75,13.405961990356445,1,9,0.47998642921447754,{}
1233,9864,155496,single_D0,0.3019777238368988,0.875,36.892887115478516,1,5,0.28357577323913574,{}
1234,9872,155536,single_D0,0.16099263727664948,0.875,33.33475112915039,1,5,0.27590513229370117,{}
1235,9880,155576,single_D0,0.005170405376702547,1.0,0.6657789349555969,0,5,0.2590329647064209,{}
1236,9888,155712,single_D12,0.6230771541595459,0.625,18.715633392333984,1,17,0.8617186546325684,{}
1237,9896,155784,binding_D4,0.6578187942504883,0.5,1.6570378541946411,1,9,0.4561161994934082,{}
1238,9904,156016,binding_D24,0.7283200621604919,0.375,1.0459996461868286,1,29,1.441101312637329,{}
1239,9912,156248,single_D24,0.6898642778396606,0.5,19.603174209594727,1,29,1.4517159461975098,{}
1240,9920,156320,binding_D4,0.7121801972389221,0.375,1.0104233026504517,1,9,0.4635303020477295,{}
1241,9928,156600,motion_D24,0.9185961484909058,0.75,8.927301406860352,1,35,1.755075216293335,{}
1242,9936,156736,binding_D12,0.6507651805877686,0.75,1.5048589706420898,1,17,0.8601818084716797,{}
1243,9944,156808,single_D4,0.36454930901527405,0.875,42.89128112792969,1,9,0.4589722156524658,{}
1244,9952,156848,single_D0,0.08247756212949753,1.0,6.295987129211426,1,5,0.27025866508483887,{}
1245,9960,156984,single_D12,0.6131123900413513,0.625,15.356178283691406,1,17,0.8695669174194336,{}
1246,9968,157264,motion_D24,1.107797384262085,0.875,2.5467529296875,1,35,1.7524518966674805,{}
1247,9976,157400,single_D12,0.7571729421615601,0.5,57.318782806396484,1,17,0.8390495777130127,{}
1248,9984,157632,single_D24,0.9073807001113892,0.5,101.34011840820312,1,29,1.4594502449035645,{}
1249,9992,157704,single_D4,0.20516681671142578,0.875,56.741607666015625,1,9,0.4604029655456543,{}
1250,10000,157840,binding_D12,0.6817945837974548,0.5,1.9135057926177979,1,17,0.8705461025238037,{}
1251,10008,157912,single_D4,0.5334305763244629,0.625,77.1016845703125,1,9,0.49063587188720703,{}
1252,10016,158048,binding_D12,0.6843458414077759,0.5,1.3111120462417603,1,17,0.890031099319458,{}
1253,10024,158088,binding_D0,0.5312880873680115,0.75,1.2798750400543213,1,5,0.26928019523620605,{}
1254,10032,158224,single_D12,0.6313111186027527,0.625,10.99429988861084,1,17,0.8557562828063965,{}
1255,10040,158296,single_D4,0.15062306821346283,0.875,16.63204002380371,1,9,0.4469878673553467,{}
1256,10048,158336,binding_D0,0.7214498519897461,0.75,1.8179843425750732,1,5,0.2804882526397705,{}
1257,10056,158568,single_D24,0.6053870916366577,0.75,10.597349166870117,1,29,1.5000083446502686,{}
1258,10064,158800,single_D24,0.622090220451355,0.75,21.004859924316406,1,29,1.4723811149597168,{}
1259,10072,159032,single_D24,0.8425878882408142,0.375,48.3671989440918,1,29,1.540433406829834,{}
1260,10080,159264,binding_D24,0.8082003593444824,0.25,1.88211190700531,1,29,1.49324631690979,{}
1261,10088,159544,motion_D24,1.1221472024917603,0.625,7.867828845977783,1,35,1.78294038772583,{}
1262,10096,159776,binding_D24,0.646499752998352,0.75,1.6085867881774902,1,29,1.4994380474090576,{}
1263,10104,159912,binding_D12,0.7222902178764343,0.5,1.2351739406585693,1,17,0.8789029121398926,{}
1264,10112,159952,single_D0,0.06936368346214294,1.0,12.706414222717285,1,5,0.26627182960510254,{}
1265,10120,159992,binding_D0,0.7430607080459595,0.5,1.7276790142059326,1,5,0.2868843078613281,{}
1266,10128,160080,motion_D0,0.9688591957092285,0.625,289.8350524902344,1,11,0.6106774806976318,{}
1267,10136,160120,single_D0,0.14658644795417786,0.875,53.77434158325195,1,5,0.2739083766937256,{}
1268,10144,160352,binding_D24,0.7636908292770386,0.375,1.3290343284606934,1,29,1.5281157493591309,{}
1269,10152,160488,single_D12,0.8848041296005249,0.375,26.715991973876953,1,17,0.8466849327087402,{}
1270,10160,160624,binding_D12,0.6555206775665283,0.625,1.750327229499817,1,17,0.8406336307525635,{}
1271,10168,160712,motion_D0,1.5027799606323242,0.75,167.76101684570312,1,11,0.598790168762207,{}
1272,10176,160848,single_D12,0.7855547666549683,0.5,11.73626708984375,1,17,0.8769447803497314,{}
1273,10184,160888,single_D0,0.33106109499931335,0.75,52.772586822509766,1,5,0.2693812847137451,{}
1274,10192,161024,single_D12,0.7464956045150757,0.625,28.25509262084961,1,17,0.8672657012939453,{}
1275,10200,161112,motion_D0,1.3841758966445923,0.625,202.45498657226562,1,11,0.6280174255371094,{}
1276,10208,161344,binding_D24,0.726208508014679,0.625,1.167700171470642,1,29,1.4304840564727783,{}
1277,10216,161576,binding_D24,0.8557065725326538,0.25,2.2111992835998535,1,29,1.4272472858428955,{}
1278,10224,161616,single_D0,0.044478967785835266,1.0,9.104535102844238,1,5,0.2673342227935791,{}
1279,10232,161656,single_D0,0.340732216835022,0.75,25.104480743408203,1,5,0.2915949821472168,{}
1280,10240,161792,binding_D12,0.7865837812423706,0.375,1.6099815368652344,1,17,0.8533720970153809,{}
1281,10248,161864,single_D4,0.39665308594703674,0.875,38.39486312866211,1,9,0.4706110954284668,"{""first_sensory_field_gradient_norm"": 0.0003923774929717183, ""early_r_gradient_norm"": 0.060920506715774536, ""early_r_rms"": 0.017756670713424683, ""early_a_gradient_norm"": 0.006021796725690365, ""early_a_rms"": 0.0, ""late_r_gradient_norm"": 0.5700321197509766, ""late_r_rms"": 0.1480993777513504, ""late_a_gradient_norm"": null, ""late_a_rms"": 0.028522774577140808, ""encoder_gradient_norm"": 6.774679183959961, ""raw_recurrent_gradient_rms"": 8.207369319279678e-06, ""state_stats"": {""inactive_fraction"": 0.3408203125, ""rectifier_off_fraction"": 0.66357421875, ""excitatory_mean"": 0.06876999884843826, ""inhibitory_mean"": 0.15280665457248688, ""tau_r_mean"": 5.181924819946289, ""tau_a_mean"": 36.79389190673828, ""adaptation_gain_mean"": 0.04747577756643295}, ""effective_recurrent_relative_update"": 7.370968432951486e-06}"
1282,10256,161904,binding_D0,0.6163692474365234,0.75,1.3422425985336304,1,5,0.27518725395202637,{}
1283,10264,161976,binding_D4,0.6341808438301086,0.625,1.136535882949829,1,9,0.5133934020996094,{}
1284,10272,162208,binding_D24,0.6801534295082092,0.5,1.366662859916687,1,29,1.4583098888397217,{}
1285,10280,162248,binding_D0,0.592086672782898,0.75,1.8955342769622803,1,5,0.2735104560852051,{}
1286,10288,162384,binding_D12,0.656923234462738,0.625,0.7914527654647827,0,17,0.8584139347076416,{}
1287,10296,162424,binding_D0,0.6867752075195312,0.5,0.99345862865448,0,5,0.26900815963745117,{}
1288,10304,162656,binding_D24,0.7179301381111145,0.375,0.945877194404602,0,29,1.4428367614746094,{}
1289,10312,162696,single_D0,0.5493075251579285,0.5,58.8782958984375,1,5,0.2638969421386719,{}
1290,10320,162784,motion_D0,6.509603977203369,0.625,377.7320556640625,1,11,0.6052699089050293,{}
1291,10328,162920,binding_D12,0.6586205959320068,0.625,0.9430756568908691,0,17,0.871206521987915,{}
1292,10336,163200,motion_D24,1.1626532077789307,0.625,19.751636505126953,1,35,1.7497673034667969,{}
1293,10344,163288,motion_D0,2.907106637954712,0.625,323.6652526855469,1,11,0.5933125019073486,{}
1294,10352,163520,binding_D24,0.7058778405189514,0.375,0.9483843445777893,0,29,1.4323294162750244,{}
1295,10360,163608,motion_D0,4.208093166351318,0.625,228.58267211914062,1,11,0.5908644199371338,{}
1296,10368,163648,single_D0,0.20861704647541046,0.875,27.06028175354004,1,5,0.26683664321899414,{}
1297,10376,163784,single_D12,0.6948129534721375,0.625,6.405274391174316,1,17,0.8579800128936768,{}
1298,10384,164016,single_D24,0.7048987150192261,0.375,14.287769317626953,1,29,1.4640188217163086,{}
1299,10392,164152,binding_D12,0.6511020660400391,0.625,0.8771490454673767,0,17,0.8492438793182373,{}
1300,10400,164288,binding_D12,0.6703397035598755,0.625,1.060006022453308,1,17,0.8578648567199707,{}
1301,10408,164424,single_D12,0.7296977043151855,0.375,10.303153038024902,1,17,0.8322269916534424,{}
1302,10416,164464,binding_D0,0.5305425524711609,1.0,1.363908052444458,1,5,0.28355932235717773,{}
1303,10424,164696,single_D24,0.680856466293335,0.5,2.479940176010132,1,29,1.434706449508667,{}
1304,10432,164832,single_D12,0.7275441884994507,0.5,9.91148567199707,1,17,0.8369507789611816,{}
1305,10440,165064,binding_D24,0.7099542021751404,0.625,1.0497479438781738,1,29,1.4095070362091064,{}
1306,10448,165296,binding_D24,0.6883376836776733,0.625,0.7873979806900024,0,29,1.4155480861663818,{}
1307,10456,165368,single_D4,0.29230475425720215,1.0,10.957438468933105,1,9,0.4538137912750244,{}
1308,10464,165408,single_D0,0.2282838225364685,0.875,28.456623077392578,1,5,0.27507734298706055,{}
1309,10472,165640,single_D24,0.6816027164459229,0.5,11.060019493103027,1,29,1.4414308071136475,{}
1310,10480,165776,single_D12,0.696203887462616,0.5,8.579813003540039,1,17,0.8405289649963379,{}
1311,10488,166008,binding_D24,0.745721697807312,0.25,0.878878653049469,0,29,1.4101612567901611,{}
1312,10496,166080,single_D4,0.17185929417610168,1.0,16.74651527404785,1,9,0.4800136089324951,{}
1313,10504,166312,single_D24,0.6661435961723328,0.625,6.845314025878906,1,29,1.4633104801177979,{}
1314,10512,166448,binding_D12,0.6845284700393677,0.625,1.138667106628418,1,17,0.8389263153076172,{}
1315,10520,166520,binding_D4,0.6744794845581055,0.625,1.4867876768112183,1,9,0.46968889236450195,{}
1316,10528,166656,binding_D12,0.7282346487045288,0.375,1.2560724020004272,1,17,0.8743302822113037,{}
1317,10536,166792,single_D12,0.6432711482048035,0.5,20.364486694335938,1,17,0.8573276996612549,{}
1318,10544,167024,binding_D24,0.79017174243927,0.375,1.3181484937667847,1,29,1.4357147216796875,{}
1319,10552,167160,binding_D12,0.7544066905975342,0.5,1.3245731592178345,1,17,0.8320367336273193,{}
1320,10560,167232,single_D4,0.3970801830291748,0.75,19.61363983154297,1,9,0.4582247734069824,{}
1321,10568,167272,single_D0,0.20312510430812836,0.875,13.654664039611816,1,5,0.2640960216522217,{}
1322,10576,167344,single_D4,0.4006650447845459,0.875,35.026920318603516,1,9,0.46163296699523926,{}
1323,10584,167576,single_D24,0.7282907962799072,0.5,13.436508178710938,1,29,1.4732019901275635,{}
1324,10592,167616,single_D0,0.27076542377471924,0.875,41.428466796875,1,5,0.25838732719421387,{}
1325,10600,167752,single_D12,0.6312430500984192,0.625,7.485711097717285,1,17,0.8651409149169922,{}
1326,10608,167824,binding_D4,0.7535390853881836,0.375,2.1827890872955322,1,9,0.4633767604827881,{}
1327,10616,167960,single_D12,0.9637553691864014,0.25,19.58610725402832,1,17,0.8555331230163574,{}
1328,10624,168000,single_D0,0.004256231710314751,1.0,0.5424696207046509,0,5,0.25626063346862793,{}
1329,10632,168072,binding_D4,0.7362983226776123,0.375,1.891294240951538,1,9,0.464555025100708,{}
1330,10640,168208,binding_D12,0.6578717827796936,0.625,1.2435716390609741,1,17,0.8423106670379639,{}
1331,10648,168280,single_D4,0.14026249945163727,1.0,10.840205192565918,1,9,0.45595884323120117,{}
1332,10656,168416,single_D12,0.8612909317016602,0.5,12.289552688598633,1,17,0.8534126281738281,{}
1333,10664,168696,motion_D24,1.1910277605056763,0.5,10.248222351074219,1,35,1.7530174255371094,{}
1334,10672,168976,motion_D24,1.083234190940857,0.5,9.622223854064941,1,35,1.7517273426055908,{}
1335,10680,169048,single_D4,0.2027224451303482,0.875,12.253037452697754,1,9,0.4760613441467285,{}
1336,10688,169088,single_D0,0.03868183121085167,1.0,4.352392673492432,1,5,0.2608797550201416,{}
1337,10696,169128,binding_D0,0.6827686429023743,0.625,1.082354187965393,1,5,0.2719113826751709,{}
1338,10704,169168,single_D0,0.02235032618045807,1.0,1.287474513053894,1,5,0.28995394706726074,{}
1339,10712,169240,single_D4,0.31841009855270386,1.0,14.020074844360352,1,9,0.4663565158843994,{}
1340,10720,169280,single_D0,0.5506259202957153,0.625,57.12869644165039,1,5,0.26133036613464355,{}
1341,10728,169320,binding_D0,0.8137602806091309,0.125,2.5358855724334717,1,5,0.2864859104156494,{}
1342,10736,169552,binding_D24,0.8003909587860107,0.25,1.1451812982559204,1,29,1.4109981060028076,{}
1343,10744,169832,motion_D24,1.0378464460372925,0.75,4.308032512664795,1,35,1.7508001327514648,{}
1344,10752,169920,motion_D0,1.8802586793899536,0.75,144.80604553222656,1,11,0.5857033729553223,{}
1345,10760,169992,binding_D4,0.7097734212875366,0.5,1.753112554550171,1,9,0.48296284675598145,{}
1346,10768,170032,binding_D0,0.6728383302688599,0.625,1.4983595609664917,1,5,0.27063965797424316,{}
1347,10776,170264,binding_D24,0.8027290105819702,0.25,1.2032350301742554,1,29,1.4266066551208496,{}
1348,10784,170496,single_D24,0.7671411037445068,0.25,17.377113342285156,1,29,1.4258852005004883,{}
1349,10792,170728,single_D24,0.7705835103988647,0.25,15.527921676635742,1,29,1.4252960681915283,{}
1350,10800,170960,single_D24,0.7249088287353516,0.625,14.185120582580566,1,29,1.418355941772461,{}
1351,10808,171032,binding_D4,0.6046841144561768,0.75,1.146503210067749,1,9,0.4941544532775879,{}
1352,10816,171104,binding_D4,0.6406816244125366,0.5,0.82965487241745,0,9,0.480100154876709,{}
1353,10824,171176,binding_D4,0.6588194966316223,0.75,0.7505124807357788,0,9,0.4524955749511719,{}
1354,10832,171216,binding_D0,0.5502837300300598,0.75,1.6520718336105347,1,5,0.28005266189575195,{}
1355,10840,171352,binding_D12,0.7374745607376099,0.375,1.0627003908157349,1,17,0.8701095581054688,{}
1356,10848,171488,single_D12,0.7305251955986023,0.5,18.07210922241211,1,17,0.8372297286987305,{}
1357,10856,171528,binding_D0,0.6169244647026062,0.625,1.6398752927780151,1,5,0.2803962230682373,{}
1358,10864,171600,single_D4,0.34207335114479065,0.875,39.41451644897461,1,9,0.45458173751831055,{}
1359,10872,171832,single_D24,0.6928383111953735,0.5,16.659812927246094,1,29,1.4471583366394043,{}
1360,10880,171904,binding_D4,0.6374131441116333,0.75,1.2013174295425415,1,9,0.50154709815979,{}
1361,10888,172040,single_D12,0.6238704323768616,0.5,25.603195190429688,1,17,0.8565959930419922,{}
1362,10896,172176,binding_D12,0.678362250328064,0.625,0.8716781735420227,0,17,0.8313684463500977,{}
1363,10904,172248,binding_D4,0.6824692487716675,0.5,0.9597194194793701,0,9,0.4612085819244385,{}
1364,10912,172384,single_D12,0.6699410080909729,0.625,23.076440811157227,1,17,0.8429265022277832,{}
1365,10920,172520,single_D12,0.555931568145752,0.875,24.382505416870117,1,17,0.8605120182037354,{}
1366,10928,172752,single_D24,0.6642459630966187,0.625,12.157173156738281,1,29,1.421417236328125,{}
1367,10936,172888,binding_D12,0.6276451945304871,0.75,1.404356598854065,1,17,0.8346133232116699,{}
1368,10944,172960,single_D4,0.3279944062232971,0.875,28.358064651489258,1,9,0.46996355056762695,{}
1369,10952,173048,motion_D0,1.2275854349136353,0.875,90.04840850830078,1,11,0.5892434120178223,{}
1370,10960,173280,single_D24,0.7056191563606262,0.5,8.02620792388916,1,29,1.4346539974212646,{}
1371,10968,173416,binding_D12,0.6942334175109863,0.5,1.2007383108139038,1,17,0.8372619152069092,{}
1372,10976,173456,binding_D0,0.5903158783912659,0.875,1.879902958869934,1,5,0.2828521728515625,{}
1373,10984,173592,binding_D12,0.6915144324302673,0.625,1.1083482503890991,1,17,0.8384804725646973,{}
1374,10992,173728,single_D12,0.7215050458908081,0.625,13.226971626281738,1,17,0.8481581211090088,{}
1375,11000,173800,binding_D4,0.6094268560409546,0.625,0.8472376465797424,0,9,0.5009000301361084,{}
1376,11008,173936,binding_D12,0.7452341914176941,0.375,1.4333139657974243,1,17,0.8438265323638916,{}
1377,11016,174216,motion_D24,0.8826103210449219,0.875,4.3388495445251465,1,35,1.7411808967590332,{}
1378,11024,174256,single_D0,0.3006336987018585,0.875,31.527976989746094,1,5,0.2806661128997803,{}
1379,11032,174488,single_D24,0.7772775292396545,0.5,15.679558753967285,1,29,1.4146392345428467,{}
1380,11040,174560,single_D4,0.15142637491226196,1.0,31.551939010620117,1,9,0.4769260883331299,{}
1381,11048,174792,binding_D24,0.7806335687637329,0.25,2.0982468128204346,1,29,1.477144718170166,{}
1382,11056,174832,single_D0,0.043293267488479614,1.0,4.977057456970215,1,5,0.25854945182800293,{}
1383,11064,174968,binding_D12,0.6824426651000977,0.625,1.2226567268371582,1,17,0.8738822937011719,{}
1384,11072,175040,single_D4,0.437877893447876,0.75,16.0915584564209,1,9,0.449648380279541,{}
1385,11080,175112,binding_D4,0.7412046194076538,0.375,1.928762674331665,1,9,0.5493760108947754,{}
1386,11088,175344,single_D24,0.8224996328353882,0.375,16.754114151000977,1,29,1.4395487308502197,{}
1387,11096,175384,single_D0,0.14989438652992249,0.875,25.374784469604492,1,5,0.2603163719177246,{}
1388,11104,175616,binding_D24,0.5316720008850098,0.875,1.4867298603057861,1,29,1.420687198638916,{}
1389,11112,175752,single_D12,0.7877644300460815,0.375,48.550621032714844,1,17,0.8565351963043213,{}
1390,11120,175824,binding_D4,0.6762286424636841,0.625,1.49211847782135,1,9,0.5063774585723877,{}
1391,11128,175896,binding_D4,0.5883391499519348,0.875,1.0865516662597656,1,9,0.4782259464263916,{}
1392,11136,175936,binding_D0,0.6030585765838623,1.0,2.51947021484375,1,5,0.2787775993347168,{}
1393,11144,176024,motion_D0,2.6214423179626465,0.875,123.76525115966797,1,11,0.6028232574462891,{}
1394,11152,176096,single_D4,0.10654737055301666,1.0,18.95193099975586,1,9,0.48644566535949707,{}
1395,11160,176168,binding_D4,0.6177208423614502,0.75,0.9483934640884399,0,9,0.45167112350463867,{}
1396,11168,176208,binding_D0,0.7026099562644958,0.5,1.6045877933502197,1,5,0.26799893379211426,{}
1397,11176,176248,single_D0,0.15274828672409058,0.875,8.245800018310547,1,5,0.28888535499572754,{}
1398,11184,176288,binding_D0,0.5179811716079712,0.75,2.1134684085845947,1,5,0.2631645202636719,{}
1399,11192,176424,single_D12,0.8343826532363892,0.375,43.41602325439453,1,17,0.8401646614074707,{}
1400,11200,176496,single_D4,0.3994932472705841,0.875,66.79241180419922,1,9,0.46428728103637695,{}
1401,11208,176536,single_D0,0.07391610741615295,1.0,18.556264877319336,1,5,0.25803709030151367,{}
1402,11216,176608,single_D4,0.30121415853500366,0.875,12.88337230682373,1,9,0.47134923934936523,{}
1403,11224,176744,binding_D12,0.6732478141784668,0.625,1.3742071390151978,1,17,0.8456902503967285,{}
1404,11232,176976,binding_D24,0.7162420749664307,0.375,0.8361228108406067,0,29,1.3980433940887451,{}
1405,11240,177208,single_D24,0.6271607875823975,0.75,6.8875908851623535,1,29,1.4204511642456055,{}
1406,11248,177280,binding_D4,0.6000384092330933,0.75,3.2165706157684326,1,9,0.46300387382507324,{}
1407,11256,177320,single_D0,0.4091970920562744,0.875,87.45279693603516,1,5,0.2614626884460449,{}
1408,11264,177456,single_D12,0.6408140063285828,0.75,21.06064224243164,1,17,0.8488936424255371,{}
1409,11272,177688,single_D24,0.7008519172668457,0.375,51.029361724853516,1,29,1.4593312740325928,"{""first_sensory_field_gradient_norm"": 6.116123404353857e-05, ""early_r_gradient_norm"": 0.010325616225600243, ""early_r_rms"": 0.016749627888202667, ""early_a_gradient_norm"": 0.003654622472822666, ""early_a_rms"": 0.0, ""late_r_gradient_norm"": 0.812157154083252, ""late_r_rms"": 0.1874609887599945, ""late_a_gradient_norm"": null, ""late_a_rms"": 0.04069797694683075, ""encoder_gradient_norm"": 16.880847930908203, ""raw_recurrent_gradient_rms"": 7.485740752599668e-06, ""state_stats"": {""inactive_fraction"": 0.43505859375, ""rectifier_off_fraction"": 0.65869140625, ""excitatory_mean"": 0.08132843673229218, ""inhibitory_mean"": 0.15377791225910187, ""tau_r_mean"": 5.183237552642822, ""tau_a_mean"": 36.792903900146484, ""adaptation_gain_mean"": 0.04747968912124634}, ""effective_recurrent_relative_update"": 7.501698291889625e-06}"
1410,11280,177920,binding_D24,0.7854143977165222,0.375,1.522222876548767,1,29,1.4708757400512695,{}
1411,11288,178152,binding_D24,0.5751413702964783,0.625,1.0841245651245117,1,29,1.392137050628662,{}
1412,11296,178192,binding_D0,0.5480729341506958,0.75,1.6902116537094116,1,5,0.26909756660461426,{}
1413,11304,178232,binding_D0,0.6440168619155884,0.625,2.209859848022461,1,5,0.27840113639831543,{}
1414,11312,178464,single_D24,0.7086348533630371,0.625,4.679178714752197,1,29,1.4202048778533936,{}
1415,11320,178744,motion_D24,1.2835839986801147,0.375,15.649965286254883,1,35,1.7631466388702393,{}
1416,11328,178976,single_D24,0.8182011842727661,0.5,12.305427551269531,1,29,1.4298491477966309,{}
1417,11336,179048,binding_D4,0.6737686395645142,0.625,1.4423021078109741,1,9,0.4515049457550049,{}
1418,11344,179120,single_D4,0.41042211651802063,0.875,15.652993202209473,1,9,0.4592466354370117,{}
1419,11352,179256,single_D12,0.560002863407135,0.75,7.234931468963623,1,17,0.8491718769073486,{}
1420,11360,179488,binding_D24,0.7788704037666321,0.5,1.7333475351333618,1,29,1.4189293384552002,{}
1421,11368,179528,binding_D0,0.5897354483604431,0.75,1.7373418807983398,1,5,0.2748901844024658,{}
1422,11376,179760,binding_D24,0.7722349166870117,0.25,2.3622968196868896,1,29,1.4012744426727295,{}
1423,11384,179800,binding_D0,0.6446128487586975,0.625,1.5657275915145874,1,5,0.27162885665893555,{}
1424,11392,179888,motion_D0,4.269952774047852,0.375,722.50048828125,1,11,0.5810468196868896,{}
1425,11400,180168,motion_D24,1.1706469058990479,0.375,8.340948104858398,1,35,1.8779406547546387,{}
1426,11408,180400,binding_D24,0.7149089574813843,0.375,1.25261390209198,1,29,1.4263505935668945,{}
1427,11416,180536,single_D12,1.0536682605743408,0.375,51.21202087402344,1,17,0.8760089874267578,{}
1428,11424,180608,single_D4,0.19493412971496582,0.875,15.141288757324219,1,9,0.4706850051879883,{}
1429,11432,180840,binding_D24,0.6685417890548706,0.625,0.8317088484764099,0,29,1.4522342681884766,{}
1430,11440,180880,single_D0,0.09818992018699646,0.875,12.800037384033203,1,5,0.26422595977783203,{}
1431,11448,181160,motion_D24,1.0857073068618774,0.875,3.8127501010894775,1,35,1.7399911880493164,{}
1432,11456,181248,motion_D0,0.44757574796676636,0.875,66.2488021850586,1,11,0.6006951332092285,{}
1433,11464,181384,binding_D12,0.7141077518463135,0.625,1.2009387016296387,1,17,0.8745677471160889,{}
1434,11472,181424,binding_D0,0.5765548944473267,0.75,1.609175682067871,1,5,0.2781333923339844,{}
1435,11480,181496,binding_D4,0.7854352593421936,0.25,1.795655369758606,1,9,0.4760158061981201,{}
1436,11488,181536,single_D0,0.0733005702495575,1.0,18.546024322509766,1,5,0.27198362350463867,{}
1437,11496,181576,single_D0,0.23105642199516296,0.875,24.2542724609375,1,5,0.2746756076812744,{}
1438,11504,181648,single_D4,0.20433402061462402,1.0,40.15055465698242,1,9,0.4593214988708496,{}
1439,11512,181880,single_D24,0.7264052629470825,0.375,18.655250549316406,1,29,1.4241149425506592,{}
1440,11520,182016,binding_D12,0.7613988518714905,0.25,1.346659779548645,1,17,0.8317639827728271,{}
1441,11528,182248,single_D24,0.7829877138137817,0.375,32.47425842285156,1,29,1.434741497039795,{}
1442,11536,182480,single_D24,0.7603256106376648,0.5,35.47998046875,1,29,1.4102251529693604,{}
1443,11544,182568,motion_D0,1.4986340999603271,0.625,284.9054260253906,1,11,0.5922255516052246,{}
1444,11552,182848,motion_D24,1.1040006875991821,0.5,11.971412658691406,1,35,1.8231098651885986,{}
1445,11560,182920,single_D4,0.9577523469924927,0.625,174.01234436035156,1,9,0.4572875499725342,{}
1446,11568,182960,binding_D0,0.5546901226043701,0.875,1.8518998622894287,1,5,0.2611265182495117,{}
1447,11576,183096,binding_D12,0.733994722366333,0.125,0.9835774302482605,0,17,0.8471419811248779,{}
1448,11584,183232,single_D12,1.5068159103393555,0.5,141.09646606445312,1,17,0.8583369255065918,{}
1449,11592,183304,binding_D4,0.6813300251960754,0.5,1.1894360780715942,1,9,0.45583224296569824,{}
1450,11600,183536,binding_D24,0.6298558712005615,0.75,1.2078441381454468,1,29,1.4194355010986328,{}
1451,11608,183576,single_D0,0.4202234745025635,0.75,154.64866638183594,1,5,0.25827717781066895,{}
1452,11616,183648,binding_D4,0.7927848696708679,0.375,1.877929925918579,1,9,0.4741220474243164,{}
1453,11624,183880,binding_D24,0.6324896216392517,0.625,1.205112099647522,1,29,1.3975389003753662,{}
1454,11632,184016,single_D12,1.5920910835266113,0.5,173.02862548828125,1,17,0.8400933742523193,{}
1455,11640,184152,binding_D12,0.7045844197273254,0.5,1.6640896797180176,1,17,0.8279197216033936,{}
1456,11648,184192,single_D0,0.18302422761917114,1.0,77.15521240234375,1,5,0.2656280994415283,{}
1457,11656,184424,binding_D24,0.6396492123603821,0.75,1.1852458715438843,1,29,1.4142165184020996,{}
1458,11664,184560,binding_D12,0.7400746941566467,0.375,1.3717381954193115,1,17,0.8515033721923828,{}
1459,11672,184696,single_D12,0.9227498769760132,0.375,93.59344482421875,1,17,0.8243937492370605,{}
1460,11680,184736,binding_D0,0.5589768290519714,0.875,2.2608747482299805,1,5,0.270357608795166,{}
1461,11688,184808,binding_D4,0.7287740707397461,0.5,1.8849674463272095,1,9,0.4687676429748535,{}
1462,11696,184880,single_D4,0.334370493888855,0.75,96.7962646484375,1,9,0.4935917854309082,{}
1463,11704,185016,binding_D12,0.6738055348396301,0.625,1.1319795846939087,1,17,0.8677873611450195,{}
1464,11712,185248,binding_D24,0.7263115644454956,0.375,1.1477831602096558,1,29,1.5246307849884033,{}
1465,11720,185320,single_D4,0.2846304178237915,0.875,26.48090362548828,1,9,0.49107789993286133,{}
1466,11728,185408,motion_D0,0.8205187916755676,0.75,324.4065856933594,1,11,0.6159453392028809,{}
1467,11736,185688,motion_D24,0.8140134215354919,1.0,8.096394538879395,1,35,1.760591983795166,{}
1468,11744,185824,binding_D12,0.7689681053161621,0.5,2.0194766521453857,1,17,0.831434965133667,{}
1469,11752,185896,binding_D4,0.7457711100578308,0.25,1.0798741579055786,1,9,0.45514774322509766,{}
1470,11760,186032,binding_D12,0.8313196897506714,0.25,1.5813961029052734,1,17,0.8632962703704834,{}
1471,11768,186072,single_D0,0.02519584819674492,1.0,2.671919822692871,1,5,0.2603638172149658,{}
1472,11776,186144,single_D4,0.35554060339927673,0.875,10.285198211669922,1,9,0.45416259765625,{}
1473,11784,186184,binding_D0,0.6190270185470581,0.625,2.2349369525909424,1,5,0.2830641269683838,{}
1474,11792,186256,single_D4,0.27809062600135803,0.875,7.99278450012207,1,9,0.47517824172973633,{}
1475,11800,186328,single_D4,0.3386688232421875,0.875,19.224143981933594,1,9,0.45340633392333984,{}
1476,11808,186560,single_D24,0.607806384563446,0.5,31.30854606628418,1,29,1.410858154296875,{}
1477,11816,186696,single_D12,0.5147237777709961,0.75,32.376346588134766,1,17,0.8566880226135254,{}
1478,11824,186736,single_D0,0.12939119338989258,1.0,36.89814376831055,1,5,0.2628505229949951,{}
1479,11832,186968,single_D24,1.2707186937332153,0.125,35.79253005981445,1,29,1.4085698127746582,{}
1480,11840,187040,binding_D4,0.7117490768432617,0.5,1.7664625644683838,1,9,0.44591450691223145,{}
1481,11848,187080,binding_D0,0.5756649971008301,0.875,3.3457436561584473,1,5,0.28501081466674805,{}
1482,11856,187312,single_D24,1.0545369386672974,0.375,104.99031066894531,1,29,1.4238276481628418,{}
1483,11864,187384,binding_D4,0.709226667881012,0.625,1.9543402194976807,1,9,0.4609537124633789,{}
1484,11872,187472,motion_D0,1.3637843132019043,0.5,398.3476867675781,1,11,0.5967297554016113,{}
1485,11880,187512,single_D0,0.033560123294591904,1.0,6.457190036773682,1,5,0.2542285919189453,{}
1486,11888,187648,single_D12,0.7789364457130432,0.375,78.46147918701172,1,17,0.8607711791992188,{}
1487,11896,187928,motion_D24,1.121763825416565,0.5,23.356664657592773,1,35,1.7474267482757568,{}
1488,11904,187968,single_D0,0.005902580916881561,1.0,1.5762653350830078,1,5,0.26880359649658203,{}
1489,11912,188040,single_D4,0.24359886348247528,0.875,11.324899673461914,1,9,0.44557929039001465,{}
1490,11920,188080,binding_D0,0.5759640336036682,0.875,2.605999231338501,1,5,0.2734334468841553,{}
1491,11928,188216,single_D12,0.696463942527771,0.375,15.019452095031738,1,17,0.8584787845611572,{}
1492,11936,188288,single_D4,0.3400324583053589,0.75,65.48143768310547,1,9,0.45871448516845703,{}
1493,11944,188568,motion_D24,1.114180088043213,0.375,9.969804763793945,1,35,1.7878003120422363,{}
1494,11952,188640,binding_D4,0.6307618021965027,0.75,1.8619204759597778,1,9,0.5103912353515625,{}
1495,11960,188776,single_D12,0.8370988965034485,0.25,18.070390701293945,1,17,0.8659181594848633,{}
1496,11968,189008,single_D24,0.7928873896598816,0.5,23.917356491088867,1,29,1.443589687347412,{}
1497,11976,189240,single_D24,0.6910375952720642,0.5,15.838924407958984,1,29,1.5471508502960205,{}
1498,11984,189472,binding_D24,0.7304410338401794,0.5,1.8082650899887085,1,29,1.4881772994995117,{}
1499,11992,189704,binding_D24,0.6182152032852173,0.875,0.9759107232093811,0,29,1.5292072296142578,{}
1500,12000,189744,binding_D0,0.6448979377746582,0.5,1.9509836435317993,1,5,0.2643890380859375,{}
1501,12008,189976,single_D24,0.7096524238586426,0.625,19.77587127685547,1,29,1.4533305168151855,{}
1502,12016,190112,single_D12,0.664588987827301,0.625,4.349628448486328,1,17,0.8638591766357422,{}
1503,12024,190184,binding_D4,0.6519243717193604,0.625,1.6479499340057373,1,9,0.4809746742248535,{}
1504,12032,190320,binding_D12,0.6551658511161804,0.5,1.680540680885315,1,17,0.8734841346740723,{}
1505,12040,190456,binding_D12,0.7018098831176758,0.25,1.4413167238235474,1,17,0.8884451389312744,{}
1506,12048,190496,single_D0,0.034738317131996155,1.0,13.458024024963379,1,5,0.2776145935058594,{}
1507,12056,190728,binding_D24,0.6515458822250366,0.625,1.652025818824768,1,29,1.3958346843719482,{}
1508,12064,190800,single_D4,0.329880952835083,1.0,18.590242385864258,1,9,0.4492316246032715,{}
1509,12072,190840,binding_D0,0.6843277215957642,0.5,4.204161167144775,1,5,0.27404284477233887,{}
1510,12080,190976,single_D12,0.670184850692749,0.625,10.116244316101074,1,17,0.835853099822998,{}
1511,12088,191208,single_D24,0.7696799635887146,0.25,4.312764644622803,1,29,1.4101035594940186,{}
1512,12096,191248,single_D0,0.04934319481253624,1.0,14.402585983276367,1,5,0.26482582092285156,{}
1513,12104,191288,binding_D0,0.6527325510978699,0.625,2.014572858810425,1,5,0.27295804023742676,{}
1514,12112,191376,motion_D0,2.692587375640869,0.75,332.8131408691406,1,11,0.6326262950897217,{}
1515,12120,191448,binding_D4,0.6471404433250427,0.625,2.1468586921691895,1,9,0.47440624237060547,{}
1516,12128,191680,binding_D24,0.762656033039093,0.375,1.8518927097320557,1,29,1.4155960083007812,{}
1517,12136,191720,single_D0,0.031126702204346657,1.0,7.938706398010254,1,5,0.263012170791626,{}
1518,12144,191856,binding_D12,0.7045525908470154,0.25,1.3932697772979736,1,17,0.8519613742828369,{}
1519,12152,191896,binding_D0,0.5255655646324158,1.0,1.754158616065979,1,5,0.2647738456726074,{}
1520,12160,192128,binding_D24,0.5913905501365662,0.875,1.6034661531448364,1,29,1.4109230041503906,{}
1521,12168,192264,single_D12,0.899520218372345,0.5,25.526168823242188,1,17,0.8413472175598145,{}
1522,12176,192400,binding_D12,0.689970850944519,0.5,1.5833280086517334,1,17,0.8285102844238281,{}
1523,12184,192680,motion_D24,0.9409629106521606,0.875,9.000274658203125,1,35,1.7694389820098877,{}
1524,12192,192912,binding_D24,0.67991703748703,0.625,1.1033587455749512,1,29,1.4014804363250732,{}
1525,12200,193192,motion_D24,0.9942977428436279,0.875,4.559779167175293,1,35,1.7183916568756104,{}
1526,12208,193472,motion_D24,1.1119327545166016,0.625,13.1719970703125,1,35,1.7495663166046143,{}
1527,12216,193608,binding_D12,0.6514981985092163,0.625,1.9994885921478271,1,17,0.8329348564147949,{}
1528,12224,193744,binding_D12,0.8318877220153809,0.125,2.0241923332214355,1,17,0.8242707252502441,{}
1529,12232,193784,binding_D0,0.764816164970398,0.5,2.771310329437256,1,5,0.2750821113586426,{}
1530,12240,193856,binding_D4,0.6975094676017761,0.75,3.505152940750122,1,9,0.46315979957580566,{}
1531,12248,193896,single_D0,0.03460957482457161,1.0,5.69086217880249,1,5,0.26471734046936035,{}
1532,12256,193968,binding_D4,0.7500328421592712,0.375,1.8021332025527954,1,9,0.45685553550720215,{}
1533,12264,194040,binding_D4,0.6075025200843811,0.625,1.6292774677276611,1,9,0.49312472343444824,{}
1534,12272,194112,single_D4,0.11673379689455032,1.0,9.521141052246094,1,9,0.44873547554016113,{}
1535,12280,194248,single_D12,0.7015305161476135,0.5,34.38047409057617,1,17,0.8337423801422119,{}
1536,12288,194480,binding_D24,0.733971357345581,0.5,1.4655176401138306,1,29,1.4087872505187988,{}
1537,12296,194712,single_D24,0.7439557313919067,0.5,13.451617240905762,1,29,1.4719619750976562,"{""first_sensory_field_gradient_norm"": 6.467756611527875e-05, ""early_r_gradient_norm"": 0.009363431483507156, ""early_r_rms"": 0.012733367271721363, ""early_a_gradient_norm"": 0.003343182848766446, ""early_a_rms"": 0.0, ""late_r_gradient_norm"": 0.8370611667633057, ""late_r_rms"": 0.19656965136528015, ""late_a_gradient_norm"": null, ""late_a_rms"": 0.03527774289250374, ""encoder_gradient_norm"": 3.1214001178741455, ""raw_recurrent_gradient_rms"": 7.82602910476271e-06, ""state_stats"": {""inactive_fraction"": 0.408203125, ""rectifier_off_fraction"": 0.66845703125, ""excitatory_mean"": 0.08144557476043701, ""inhibitory_mean"": 0.177780881524086, ""tau_r_mean"": 5.18515682220459, ""tau_a_mean"": 36.79490661621094, ""adaptation_gain_mean"": 0.047478292137384415}, ""effective_recurrent_relative_update"": 1.2158459867350757e-05}"
1538,12304,194752,binding_D0,0.6793268322944641,0.625,2.6305766105651855,1,5,0.30548095703125,{}
1539,12312,194792,binding_D0,0.687929093837738,0.75,3.472337484359741,1,5,0.2836461067199707,{}
1540,12320,194928,binding_D12,0.6967385411262512,0.625,0.838900089263916,0,17,0.841294527053833,{}
1541,12328,195160,binding_D24,0.7081651091575623,0.375,2.1959376335144043,1,29,1.3939597606658936,{}
1542,12336,195296,single_D12,0.6756974458694458,0.5,3.2505760192871094,1,17,0.8357746601104736,{}
1543,12344,195528,single_D24,0.6842250823974609,0.375,8.218443870544434,1,29,1.446256399154663,{}
1544,12352,195760,binding_D24,0.753326416015625,0.25,1.855907678604126,1,29,1.4121243953704834,{}
1545,12360,195992,single_D24,0.6327251195907593,0.5,32.73963928222656,1,29,1.4078621864318848,{}
1546,12368,196128,single_D12,0.7780861258506775,0.25,12.615402221679688,1,17,0.8333399295806885,{}
1547,12376,196264,single_D12,0.6994520425796509,0.375,10.159492492675781,1,17,0.8322765827178955,{}
1548,12384,196352,motion_D0,3.87754487991333,0.625,436.7561950683594,1,11,0.5919234752655029,{}
1549,12392,196424,binding_D4,0.8091152310371399,0.25,2.6872880458831787,1,9,0.4963202476501465,{}
1550,12400,196464,single_D0,0.17689751088619232,0.875,36.362884521484375,1,5,0.2627241611480713,{}
1551,12408,196504,binding_D0,0.5916878581047058,0.75,1.9371764659881592,1,5,0.2710845470428467,{}
1552,12416,196736,binding_D24,0.7420442700386047,0.5,4.129227638244629,1,29,1.420271873474121,{}
1553,12424,196808,single_D4,0.31534793972969055,0.875,11.832260131835938,1,9,0.5061981678009033,{}
1554,12432,197040,single_D24,0.7248288989067078,0.5,24.365943908691406,1,29,1.4827032089233398,{}
1555,12440,197112,single_D4,0.5476283431053162,0.75,29.342357635498047,1,9,0.47724223136901855,{}
1556,12448,197248,binding_D12,0.5768718123435974,0.75,1.4172403812408447,1,17,0.8961746692657471,{}
1557,12456,197336,motion_D0,3.6154227256774902,0.5,530.6302490234375,1,11,0.5912561416625977,{}
1558,12464,197376,single_D0,0.02927583083510399,1.0,7.896235942840576,1,5,0.2764465808868408,{}
1559,12472,197416,binding_D0,0.7412869334220886,0.625,4.456197738647461,1,5,0.28484320640563965,{}
1560,12480,197648,binding_D24,0.6508939266204834,0.625,1.6014821529388428,1,29,1.4696242809295654,{}
1561,12488,197736,motion_D0,1.181919813156128,0.625,175.3751678466797,1,11,0.6147236824035645,{}
1562,12496,197968,single_D24,0.7571947574615479,0.5,19.616352081298828,1,29,1.4710988998413086,{}
1563,12504,198008,binding_D0,0.6348647475242615,0.75,1.9608426094055176,1,5,0.29985499382019043,{}
1564,12512,198048,binding_D0,0.7284409999847412,0.5,2.8296689987182617,1,5,0.2887282371520996,{}
1565,12520,198120,binding_D4,0.7311732769012451,0.5,2.3068599700927734,1,9,0.4817516803741455,{}
1566,12528,198256,binding_D12,0.6859936118125916,0.625,2.334068536758423,1,17,0.8504877090454102,{}
1567,12536,198488,binding_D24,0.6727081537246704,0.5,1.4929192066192627,1,29,1.4750514030456543,{}
1568,12544,198560,binding_D4,0.6112093925476074,0.625,1.4191738367080688,1,9,0.46860718727111816,{}
1569,12552,198632,binding_D4,0.627008855342865,0.625,1.293836236000061,1,9,0.4858548641204834,{}
1570,12560,198672,single_D0,0.141230508685112,0.875,63.23115921020508,1,5,0.26407694816589355,{}
1571,12568,198744,binding_D4,0.686795711517334,0.5,1.1458688974380493,1,9,0.46411895751953125,{}
1572,12576,198880,single_D12,0.7167214155197144,0.5,19.659564971923828,1,17,0.8696441650390625,{}
1573,12584,198920,single_D0,0.16732189059257507,0.875,28.425525665283203,1,5,0.25990939140319824,{}
1574,12592,198992,single_D4,0.2586086690425873,0.875,9.97262191772461,1,9,0.46909403800964355,{}
1575,12600,199032,single_D0,0.052799396216869354,1.0,39.928497314453125,1,5,0.29534387588500977,{}
1576,12608,199168,single_D12,0.7532555460929871,0.5,12.624324798583984,1,17,0.8726160526275635,{}
1577,12616,199400,single_D24,0.5681036114692688,0.875,50.862876892089844,1,29,1.6077163219451904,{}
1578,12624,199472,binding_D4,0.6182632446289062,0.625,1.0756559371948242,1,9,0.48882579803466797,{}
1579,12632,199704,single_D24,0.6724393367767334,0.625,21.684024810791016,1,29,1.4738194942474365,{}
1580,12640,199776,single_D4,0.6289859414100647,0.75,96.16734313964844,1,9,0.4838259220123291,{}
1581,12648,199848,single_D4,0.360605388879776,0.75,69.9496841430664,1,9,0.48628783226013184,{}
1582,12656,199888,single_D0,0.19550171494483948,0.875,75.30001068115234,1,5,0.27228307723999023,{}
1583,12664,200024,binding_D12,0.8111605644226074,0.25,1.7729508876800537,1,17,0.9795396327972412,{}
1584,12672,200064,binding_D0,0.644328236579895,0.625,2.0459654331207275,1,5,0.2747921943664551,{}
1585,12680,200296,single_D24,0.66316819190979,0.625,4.870265483856201,1,29,1.4399700164794922,{}
1586,12688,200336,single_D0,0.06354529410600662,1.0,30.195234298706055,1,5,0.28313207626342773,{}
1587,12696,200376,single_D0,0.16223138570785522,0.875,4.155086517333984,1,5,0.2877063751220703,{}
1588,12704,200512,single_D12,0.7035684585571289,0.375,5.140833854675293,1,17,0.8607418537139893,{}
1589,12712,200648,single_D12,0.6733711957931519,0.75,5.6275177001953125,1,17,0.8418304920196533,{}
1590,12720,200880,single_D24,0.7308103442192078,0.375,4.904578685760498,1,29,1.5498881340026855,{}
1591,12728,201016,binding_D12,0.7011803984642029,0.5,1.6065043210983276,1,17,0.8649334907531738,{}
1592,12736,201104,motion_D0,3.7762937545776367,0.5,391.6747741699219,1,11,0.5929827690124512,{}
1593,12744,201240,binding_D12,0.6892074346542358,0.375,1.558120846748352,1,17,0.8638598918914795,{}
1594,12752,201312,single_D4,0.40173977613449097,0.875,22.02960777282715,1,9,0.4677121639251709,{}
1595,12760,201592,motion_D24,0.9505147933959961,0.75,11.124788284301758,1,35,1.8033266067504883,{}
1596,12768,201824,binding_D24,0.7929011583328247,0.375,1.989358901977539,1,29,1.439988613128662,{}
1597,12776,201896,single_D4,0.3622662127017975,0.75,19.46937370300293,1,9,0.45238733291625977,{}
1598,12784,201968,single_D4,0.3625135123729706,0.75,11.301355361938477,1,9,0.45151734352111816,{}
1599,12792,202008,binding_D0,0.5951234698295593,0.625,1.797621250152588,1,5,0.27475428581237793,{}
1600,12800,202240,binding_D24,0.715445339679718,0.5,1.6218111515045166,1,29,1.4287843704223633,{}
1601,12808,202472,binding_D24,0.7259436249732971,0.375,0.9901518821716309,0,29,1.4336979389190674,{}
1602,12816,202512,single_D0,0.10675738751888275,1.0,17.72831153869629,1,5,0.2670736312866211,{}
1603,12824,202552,binding_D0,0.5858885049819946,0.625,1.6277201175689697,1,5,0.282482385635376,{}
1604,12832,202640,motion_D0,1.594736099243164,0.75,143.0015411376953,1,11,0.5974569320678711,{}
1605,12840,202776,binding_D12,0.6617781519889832,0.5,1.2304236888885498,1,17,0.8394794464111328,{}
1606,12848,202912,binding_D12,0.6330187320709229,0.875,0.9735392928123474,0,17,0.8350422382354736,{}
1607,12856,202952,binding_D0,0.5478463172912598,0.875,1.8918375968933105,1,5,0.2758064270019531,{}
1608,12864,203024,single_D4,0.41185417771339417,0.75,7.846715450286865,1,9,0.4564368724822998,{}
1609,12872,203256,binding_D24,0.7208144664764404,0.375,0.8780534267425537,0,29,1.406766414642334,{}
1610,12880,203536,motion_D24,1.1718189716339111,0.5,5.8827033042907715,1,35,1.759404182434082,{}
1611,12888,203608,single_D4,0.24414455890655518,1.0,9.782999992370605,1,9,0.46213841438293457,{}
1612,12896,203744,binding_D12,0.6627005338668823,0.75,0.7889841794967651,0,17,0.846773624420166,{}
1613,12904,203816,binding_D4,0.7219209671020508,0.25,0.9763469696044922,0,9,0.4667234420776367,{}
1614,12912,204048,single_D24,0.7519510984420776,0.375,7.557469844818115,1,29,1.463334083557129,{}
1615,12920,204120,binding_D4,0.6770507097244263,0.5,1.1054692268371582,1,9,0.4601013660430908,{}
1616,12928,204256,single_D12,0.7269724607467651,0.5,4.73800802230835,1,17,0.8290464878082275,{}
1617,12936,204296,single_D0,0.7838548421859741,0.75,36.65074920654297,1,5,0.25691938400268555,{}
1618,12944,204368,binding_D4,0.6377112865447998,0.625,1.2002710103988647,1,9,0.46120429039001465,{}
1619,12952,204504,binding_D12,0.8869621157646179,0.125,2.4007201194763184,1,17,0.8427677154541016,{}
1620,12960,204640,binding_D12,0.8295530080795288,0.125,1.7706598043441772,1,17,0.8363399505615234,{}
1621,12968,204680,single_D0,0.05171205848455429,1.0,22.7690372467041,1,5,0.26320862770080566,{}
1622,12976,204912,binding_D24,0.6691633462905884,0.75,0.9830729961395264,0,29,1.4103565216064453,{}
1623,12984,205144,single_D24,0.9797840118408203,0.5,159.1063232421875,1,29,1.4159836769104004,{}
1624,12992,205184,single_D0,0.07706429809331894,1.0,24.35979652404785,1,5,0.2599606513977051,{}
1625,13000,205224,binding_D0,0.6581198573112488,0.375,1.9558749198913574,1,5,0.27517271041870117,{}
1626,13008,205456,binding_D24,0.7626835107803345,0.25,1.5686975717544556,1,29,1.404451608657837,{}
1627,13016,205528,single_D4,0.31616970896720886,0.875,52.56905746459961,1,9,0.472775936126709,{}
1628,13024,205760,single_D24,0.7130216956138611,0.5,21.32438850402832,1,29,1.400547742843628,{}
1629,13032,205992,single_D24,0.6235976815223694,0.625,4.7479424476623535,1,29,1.3987741470336914,{}
1630,13040,206064,single_D4,0.462011456489563,0.75,53.76002883911133,1,9,0.4470374584197998,{}
1631,13048,206296,binding_D24,0.7541787624359131,0.375,1.2939906120300293,1,29,1.4136931896209717,{}
1632,13056,206432,single_D12,0.658372163772583,0.625,21.844818115234375,1,17,0.8517191410064697,{}
1633,13064,206472,binding_D0,0.5726422667503357,0.625,1.5309735536575317,1,5,0.2711644172668457,{}
1634,13072,206608,single_D12,0.6408714056015015,0.75,17.47374725341797,1,17,0.8452324867248535,{}
1635,13080,206680,binding_D4,0.6177399158477783,0.625,1.6687071323394775,1,9,0.4728355407714844,{}
1636,13088,206752,binding_D4,0.6435278654098511,0.75,1.0088163614273071,1,9,0.457547664642334,{}
1637,13096,206888,binding_D12,0.7637305855751038,0.25,1.9966435432434082,1,17,0.8390152454376221,{}
1638,13104,207168,motion_D24,0.9571778774261475,0.625,11.17505168914795,1,35,1.7351109981536865,{}
1639,13112,207304,single_D12,0.7873777151107788,0.5,18.748565673828125,1,17,0.8318653106689453,{}
1640,13120,207344,binding_D0,0.5279265642166138,0.875,1.71897554397583,1,5,0.2694108486175537,{}
1641,13128,207384,binding_D0,0.4982897639274597,1.0,2.339285135269165,1,5,0.2808527946472168,{}
1642,13136,207616,single_D24,0.6646960377693176,0.5,13.85897445678711,1,29,1.4259960651397705,{}
1643,13144,207688,single_D4,0.2909063696861267,0.875,14.861015319824219,1,9,0.44551539421081543,{}
1644,13152,207728,binding_D0,0.6401315927505493,0.75,1.6557408571243286,1,5,0.27245378494262695,{}
1645,13160,207864,single_D12,0.6201689839363098,0.75,7.3722429275512695,1,17,0.8322126865386963,{}
1646,13168,207904,single_D0,0.7033868432044983,0.75,46.5253791809082,1,5,0.26101040840148926,{}
1647,13176,208136,binding_D24,0.7681731581687927,0.375,1.6911050081253052,1,29,1.399857521057129,{}
1648,13184,208208,binding_D4,0.6074303984642029,0.875,1.3999183177947998,1,9,0.46492767333984375,{}
1649,13192,208440,single_D24,0.7504990696907043,0.25,5.6544270515441895,1,29,1.4175057411193848,{}
1650,13200,208528,motion_D0,4.243607997894287,0.625,295.5189514160156,1,11,0.5723702907562256,{}
1651,13208,208568,single_D0,0.25769397616386414,0.75,21.903160095214844,1,5,0.2620046138763428,{}
1652,13216,208704,binding_D12,0.8188481330871582,0.25,2.101012706756592,1,17,0.8554048538208008,{}
1653,13224,208792,motion_D0,1.2759995460510254,0.75,225.2202606201172,1,11,0.5806922912597656,{}
1654,13232,209072,motion_D24,0.9813669919967651,0.875,8.339875221252441,1,35,1.7603492736816406,{}
1655,13240,209112,binding_D0,0.6655484437942505,0.5,2.4531915187835693,1,5,0.28191685676574707,{}
1656,13248,209200,motion_D0,0.1679486632347107,0.875,100.20443725585938,1,11,0.591200590133667,{}
1657,13256,209240,binding_D0,0.4832923412322998,0.875,1.7393975257873535,1,5,0.2809944152832031,{}
1658,13264,209280,single_D0,0.18707726895809174,0.875,23.835739135742188,1,5,0.26654601097106934,{}
1659,13272,209352,single_D4,0.25667375326156616,0.875,54.998565673828125,1,9,0.4549882411956787,{}
1660,13280,209424,single_D4,0.3599223494529724,0.875,16.7316951751709,1,9,0.4514932632446289,{}
1661,13288,209656,binding_D24,0.7746871709823608,0.25,1.6174914836883545,1,29,1.401968002319336,{}
1662,13296,209792,binding_D12,0.6140400171279907,0.875,1.7034605741500854,1,17,0.8381876945495605,{}
1663,13304,210024,binding_D24,0.7815494537353516,0.375,1.1894623041152954,1,29,1.4047603607177734,{}
1664,13312,210064,single_D0,0.08396074920892715,1.0,16.247112274169922,1,5,0.2612900733947754,{}
1665,13320,210136,single_D4,0.5070841908454895,0.75,84.46438598632812,1,9,0.48888230323791504,"{""first_sensory_field_gradient_norm"": 0.0003849350905511528, ""early_r_gradient_norm"": 0.07508762925863266, ""early_r_rms"": 0.014110099524259567, ""early_a_gradient_norm"": 0.009229042567312717, ""early_a_rms"": 0.0, ""late_r_gradient_norm"": 0.6749914288520813, ""late_r_rms"": 0.20584803819656372, ""late_a_gradient_norm"": null, ""late_a_rms"": 0.0367993600666523, ""encoder_gradient_norm"": 16.237993240356445, ""raw_recurrent_gradient_rms"": 2.8554137315950356e-05, ""state_stats"": {""inactive_fraction"": 0.27001953125, ""rectifier_off_fraction"": 0.490234375, ""excitatory_mean"": 0.10945603996515274, ""inhibitory_mean"": 0.20793968439102173, ""tau_r_mean"": 5.186717987060547, ""tau_a_mean"": 36.79362869262695, ""adaptation_gain_mean"": 0.04748130962252617}, ""effective_recurrent_relative_update"": 8.137037184496876e-06}"
1666,13328,210208,binding_D4,0.6408317685127258,0.75,1.322743535041809,1,9,0.48333287239074707,{}
1667,13336,210344,binding_D12,0.6135184168815613,0.625,1.1668205261230469,1,17,0.8416287899017334,{}
1668,13344,210480,single_D12,0.597033679485321,0.625,9.77352237701416,1,17,0.8751187324523926,{}
1669,13352,210520,single_D0,0.09799711406230927,1.0,6.912050724029541,1,5,0.2745540142059326,{}
1670,13360,210800,motion_D24,1.110856533050537,0.375,12.175140380859375,1,35,1.8192241191864014,{}
1671,13368,210936,single_D12,0.6377030611038208,0.625,9.031973838806152,1,17,0.8578879833221436,{}
1672,13376,211072,single_D12,0.690945565700531,0.625,8.252504348754883,1,17,0.8190479278564453,{}
1673,13384,211304,binding_D24,0.7702705264091492,0.375,2.481624126434326,1,29,1.411694049835205,{}
1674,13392,211440,single_D12,0.7151734828948975,0.375,14.345195770263672,1,17,0.8337795734405518,{}
1675,13400,211672,single_D24,0.6752685904502869,0.5,9.473772048950195,1,29,1.435981273651123,{}
1676,13408,211744,binding_D4,0.6488245129585266,0.75,1.0355020761489868,1,9,0.4674038887023926,{}
1677,13416,211816,binding_D4,0.6150249242782593,0.625,0.8370994329452515,0,9,0.4664318561553955,{}
1678,13424,212048,single_D24,0.8006814122200012,0.375,27.36323356628418,1,29,1.5300250053405762,{}
1679,13432,212120,single_D4,0.5470402836799622,0.625,51.63384246826172,1,9,0.49408793449401855,{}
1680,13440,212352,single_D24,0.6703962087631226,0.625,5.066348075866699,1,29,1.4542536735534668,{}
1681,13448,212392,binding_D0,0.5180470943450928,0.875,2.435472249984741,1,5,0.27211833000183105,{}
1682,13456,212624,binding_D24,0.6149784922599792,0.875,1.3404537439346313,1,29,1.4385550022125244,{}
1683,13464,212856,single_D24,0.6170679330825806,0.875,6.60103178024292,1,29,1.4509215354919434,{}
1684,13472,212928,binding_D4,0.5317660570144653,1.0,1.7199326753616333,1,9,0.5136573314666748,{}
1685,13480,213000,single_D4,0.3143567442893982,0.875,30.42604637145996,1,9,0.4796311855316162,{}
1686,13488,213136,single_D12,0.75971919298172,0.5,9.533707618713379,1,17,0.8381350040435791,{}
1687,13496,213272,single_D12,0.6710232496261597,0.625,9.292238235473633,1,17,1.1992161273956299,{}
1688,13504,213344,binding_D4,0.6600340008735657,0.375,1.501046895980835,1,9,0.5136327743530273,{}
1689,13512,213384,single_D0,0.10501429438591003,1.0,17.881731033325195,1,5,0.25930047035217285,{}
1690,13520,213616,single_D24,0.8394263982772827,0.5,10.646556854248047,1,29,1.423837661743164,{}
1691,13528,213752,binding_D12,0.7404582500457764,0.5,1.6529420614242554,1,17,0.8372313976287842,{}
1692,13536,213984,binding_D24,0.825486421585083,0.25,2.5349576473236084,1,29,1.3816843032836914,{}
1693,13544,214216,single_D24,0.7921038269996643,0.5,20.139419555664062,1,29,1.390160083770752,{}
1694,13552,214496,motion_D24,1.236322283744812,0.375,23.38323402404785,1,35,1.7754318714141846,{}
1695,13560,214776,motion_D24,1.0982661247253418,0.5,22.702205657958984,1,35,1.7362382411956787,{}
1696,13568,214816,binding_D0,0.6507374048233032,0.625,1.8634841442108154,1,5,0.29010462760925293,{}
1697,13576,215048,single_D24,0.5744819641113281,0.625,11.719014167785645,1,29,1.433441400527954,{}
1698,13584,215184,binding_D12,0.6722249388694763,0.5,1.2187180519104004,1,17,0.883460283279419,{}
1699,13592,215320,single_D12,0.7295616865158081,0.5,8.165861129760742,1,17,0.8587701320648193,{}
1700,13600,215360,binding_D0,0.5657173991203308,0.625,2.132894277572632,1,5,0.2848024368286133,{}
1701,13608,215448,motion_D0,5.5660505294799805,0.375,275.13916015625,1,11,0.5860748291015625,{}
1702,13616,215520,binding_D4,0.7742459177970886,0.375,1.671740174293518,1,9,0.49296069145202637,{}
1703,13624,215752,binding_D24,0.7162417769432068,0.375,1.1107497215270996,1,29,1.4495928287506104,{}
1704,13632,215792,single_D0,0.004441055003553629,1.0,0.158958300948143,0,5,0.257387638092041,{}
1705,13640,215832,binding_D0,0.5566505789756775,0.625,2.2156643867492676,1,5,0.2809269428253174,{}
1706,13648,215872,single_D0,0.16757813096046448,0.875,41.171321868896484,1,5,0.27196621894836426,{}
1707,13656,215912,single_D0,0.0536762960255146,1.0,11.848649978637695,1,5,0.27580928802490234,{}
1708,13664,216144,binding_D24,0.7312989234924316,0.5,2.0973103046417236,1,29,1.4196715354919434,{}
1709,13672,216184,binding_D0,0.6284983158111572,0.75,1.9331986904144287,1,5,0.3346080780029297,{}
1710,13680,216224,binding_D0,0.5715645551681519,0.75,1.4620721340179443,1,5,0.2734370231628418,{}
1711,13688,216504,motion_D24,0.8664230108261108,0.875,3.689664840698242,1,35,1.719907522201538,{}
1712,13696,216640,single_D12,0.6979838609695435,0.25,16.399446487426758,1,17,0.8429405689239502,{}
1713,13704,216712,single_D4,0.27211612462997437,0.875,37.692115783691406,1,9,0.4561140537261963,{}
1714,13712,216784,binding_D4,0.5770469903945923,0.75,1.1591159105300903,1,9,0.47016143798828125,{}
1715,13720,216856,single_D4,0.21288973093032837,1.0,9.531099319458008,1,9,0.45499706268310547,{}
1716,13728,216896,single_D0,0.06324375420808792,1.0,14.365593910217285,1,5,0.2553722858428955,{}
1717,13736,217032,binding_D12,0.6713937520980835,0.375,2.4534237384796143,1,17,0.8772323131561279,{}
1718,13744,217104,single_D4,0.12679186463356018,1.0,11.424166679382324,1,9,0.44999098777770996,{}
1719,13752,217144,binding_D0,0.5028846263885498,1.0,1.8578448295593262,1,5,0.2629375457763672,{}
1720,13760,217376,binding_D24,0.6476926207542419,0.5,1.1203557252883911,1,29,1.420393705368042,{}
1721,13768,217416,single_D0,0.03960077464580536,1.0,5.091897487640381,1,5,0.2599775791168213,{}
1722,13776,217648,binding_D24,0.6943477988243103,0.5,1.1565697193145752,1,29,1.4134297370910645,{}
1723,13784,217720,single_D4,0.055133476853370667,1.0,14.535447120666504,1,9,0.4560537338256836,{}
1724,13792,217856,binding_D12,0.740924596786499,0.5,1.4550620317459106,1,17,0.8441705703735352,{}
1725,13800,217928,single_D4,0.36431196331977844,0.875,40.33561706542969,1,9,0.45904088020324707,{}
1726,13808,218000,single_D4,0.4178764522075653,0.75,28.735666275024414,1,9,0.47220373153686523,{}
1727,13816,218232,binding_D24,0.6965627670288086,0.75,1.129671335220337,1,29,1.4846210479736328,{}
1728,13824,218368,single_D12,0.7641909122467041,0.625,45.0150032043457,1,17,0.8751342296600342,{}
1729,13832,218440,single_D4,0.40690508484840393,0.75,43.41857147216797,1,9,0.4684619903564453,{}
1730,13840,218480,single_D0,0.05332489311695099,1.0,14.422101020812988,1,5,0.2654578685760498,{}
1731,13848,218712,single_D24,0.7215912938117981,0.5,70.95664978027344,1,29,1.4504966735839844,{}
1732,13856,218784,binding_D4,0.6549081206321716,0.75,1.3490633964538574,1,9,0.48612165451049805,{}
1733,13864,218920,binding_D12,0.6355730295181274,0.625,1.3216469287872314,1,17,0.8779771327972412,{}
1734,13872,218992,binding_D4,0.678058922290802,0.5,1.7306463718414307,1,9,0.47742795944213867,{}
1735,13880,219128,binding_D12,0.6449337601661682,0.75,1.401283860206604,1,17,0.8592636585235596,{}
1736,13888,219200,binding_D4,0.7105674743652344,0.5,2.3616039752960205,1,9,0.473921537399292,{}
1737,13896,219288,motion_D0,4.282881259918213,0.375,739.6627807617188,1,11,0.6169369220733643,{}
1738,13904,219424,binding_D12,0.6824114322662354,0.5,1.5979236364364624,1,17,0.8741812705993652,{}
1739,13912,219496,binding_D4,0.6629931926727295,0.375,1.5009865760803223,1,9,0.47464513778686523,{}
1740,13920,219728,binding_D24,0.7171717882156372,0.5,1.1677700281143188,1,29,1.5374436378479004,{}
1741,13928,219768,binding_D0,0.6337636709213257,0.625,1.9042155742645264,1,5,0.2753183841705322,{}
1742,13936,220000,single_D24,0.8785271644592285,0.5,117.83587646484375,1,29,1.4491932392120361,{}
1743,13944,220136,binding_D12,0.6576302647590637,0.5,2.0148701667785645,1,17,0.8620364665985107,{}
1744,13952,220224,motion_D0,3.3167755603790283,0.5,413.9296569824219,1,11,0.5947017669677734,{}
1745,13960,220456,binding_D24,0.69621342420578,0.625,1.6824126243591309,1,29,1.4673335552215576,{}
1746,13968,220592,binding_D12,0.7628619074821472,0.75,1.3754463195800781,1,17,0.8552050590515137,{}
1747,13976,220664,binding_D4,0.5487316846847534,0.875,2.3222928047180176,1,9,0.472973108291626,{}
1748,13984,220752,motion_D0,1.920305848121643,0.625,311.17364501953125,1,11,0.6060547828674316,{}
1749,13992,220888,single_D12,0.6965140104293823,0.625,79.21696472167969,1,17,0.8967635631561279,{}
1750,14000,220928,single_D0,0.05074622109532356,1.0,19.225162506103516,1,5,0.26521944999694824,{}
1751,14008,221000,single_D4,0.22949373722076416,0.875,76.28887176513672,1,9,0.49198460578918457,{}
1752,14016,221232,single_D24,0.6262385845184326,0.625,7.903985500335693,1,29,1.454496145248413,{}
1753,14024,221464,single_D24,0.6549252867698669,0.75,5.466982364654541,1,29,1.4510016441345215,{}
1754,14032,221600,single_D12,0.754014790058136,0.375,6.578922271728516,1,17,0.8655986785888672,{}
1755,14040,221640,single_D0,0.07055439800024033,1.0,20.61562156677246,1,5,0.2654297351837158,{}
1756,14048,221776,single_D12,0.7655593156814575,0.375,31.458486557006836,1,17,0.856905460357666,{}
1757,14056,221816,binding_D0,0.6819652318954468,0.625,2.875791072845459,1,5,0.36585378646850586,{}
1758,14064,222096,motion_D24,1.1591578722000122,0.625,12.477299690246582,1,35,1.9273796081542969,{}
1759,14072,222232,single_D12,0.7440537214279175,0.375,13.388565063476562,1,17,0.842268705368042,{}
1760,14080,222464,single_D24,0.6930782198905945,0.5,18.390640258789062,1,29,1.5798673629760742,{}
1761,14088,222600,binding_D12,0.6720569133758545,0.625,2.021216630935669,1,17,1.140228033065796,{}
1762,14096,222832,single_D24,0.6769974231719971,0.625,4.274673938751221,1,29,1.5466816425323486,{}
1763,14104,222920,motion_D0,2.6840639114379883,0.375,254.66236877441406,1,11,0.6366298198699951,{}
1764,14112,222960,single_D0,0.056147389113903046,1.0,10.947922706604004,1,5,0.2650611400604248,{}
1765,14120,223240,motion_D24,1.0344091653823853,0.875,5.5360212326049805,1,35,1.829606294631958,{}
1766,14128,223472,binding_D24,0.6365827322006226,0.5,1.246098279953003,1,29,1.8100740909576416,{}
1767,14136,223512,single_D0,0.030882347375154495,1.0,13.89903736114502,1,5,0.26773929595947266,{}
1768,14144,223584,single_D4,0.3488374352455139,0.75,23.424427032470703,1,9,0.46884679794311523,{}
1769,14152,223720,binding_D12,0.6560345888137817,0.625,1.7699918746948242,1,17,0.9125649929046631,{}
1770,14160,223760,binding_D0,0.5369253158569336,0.75,1.5909608602523804,1,5,0.27536678314208984,{}
1771,14168,223992,single_D24,0.8058689832687378,0.5,16.972797393798828,1,29,1.485680103302002,{}
1772,14176,224224,single_D24,0.6615632176399231,0.625,24.676095962524414,1,29,1.4540085792541504,{}
1773,14184,224264,binding_D0,0.6287449598312378,0.625,2.360410451889038,1,5,0.2705821990966797,{}
1774,14192,224496,binding_D24,0.7341969013214111,0.5,1.109649658203125,1,29,1.444084644317627,{}
1775,14200,224632,single_D12,0.8567535281181335,0.125,33.20578384399414,1,17,0.8525221347808838,{}
1776,14208,224864,binding_D24,0.7731479406356812,0.5,1.4003750085830688,1,29,1.439805269241333,{}
1777,14216,224904,single_D0,0.02340523898601532,1.0,5.07430362701416,1,5,0.26898694038391113,{}
1778,14224,224944,single_D0,0.03252730518579483,1.0,5.707108020782471,1,5,0.2829592227935791,{}
1779,14232,225224,motion_D24,0.9832174181938171,0.625,4.8297295570373535,1,35,1.7821383476257324,{}
1780,14240,225456,binding_D24,0.7427818179130554,0.25,1.7469823360443115,1,29,1.4188342094421387,{}
1781,14248,225688,single_D24,0.7796846628189087,0.625,29.043489456176758,1,29,1.4555304050445557,{}
1782,14256,225824,binding_D12,0.6832114458084106,0.5,1.1633296012878418,1,17,0.8638520240783691,{}
1783,14264,225896,single_D4,0.36375153064727783,0.875,41.434513092041016,1,9,0.44428586959838867,{}
1784,14272,226032,binding_D12,0.6448538899421692,0.5,2.0229148864746094,1,17,0.8426802158355713,{}
1785,14280,226168,single_D12,0.6193018555641174,0.875,10.280854225158691,1,17,0.8394570350646973,{}
1786,14288,226400,single_D24,0.5771247744560242,0.75,13.790989875793457,1,29,1.4427828788757324,{}
1787,14296,226632,binding_D24,0.7782902121543884,0.375,1.734939455986023,1,29,1.4011199474334717,{}
1788,14304,226768,single_D12,0.755003809928894,0.375,30.44254493713379,1,17,0.8390374183654785,{}
1789,14312,226840,binding_D4,0.8111228346824646,0.375,1.725841760635376,1,9,0.4957726001739502,{}
1790,14320,227072,single_D24,0.7200599908828735,0.5,14.28053092956543,1,29,1.4861125946044922,{}
1791,14328,227304,binding_D24,0.6933394074440002,0.75,1.2712135314941406,1,29,1.4397146701812744,{}
1792,14336,227440,binding_D12,0.722430944442749,0.625,2.201453447341919,1,17,0.8477904796600342,{}
1793,14344,227512,binding_D4,0.6877824068069458,0.5,1.4271948337554932,1,9,0.46922755241394043,"{""first_sensory_field_gradient_norm"": 0.0003234489413443953, ""early_r_gradient_norm"": 0.06975377351045609, ""early_r_rms"": 0.01541878841817379, ""early_a_gradient_norm"": 0.004058350808918476, ""early_a_rms"": 0.0, ""late_r_gradient_norm"": 0.6833999752998352, ""late_r_rms"": 0.07311024516820908, ""late_a_gradient_norm"": null, ""late_a_rms"": 0.009600971825420856, ""encoder_gradient_norm"": 0.9125732183456421, ""raw_recurrent_gradient_rms"": 1.6463978909087018e-06, ""state_stats"": {""inactive_fraction"": 0.859375, ""rectifier_off_fraction"": 0.91796875, ""excitatory_mean"": 0.007069563493132591, ""inhibitory_mean"": 0.04355311393737793, ""tau_r_mean"": 5.188800811767578, ""tau_a_mean"": 36.794830322265625, ""adaptation_gain_mean"": 0.04748353362083435}, ""effective_recurrent_relative_update"": 5.526982477022102e-06}"
1794,14352,227600,motion_D0,1.5492526292800903,0.75,177.65966796875,1,11,0.6190860271453857,{}
1795,14360,227736,single_D12,0.7582905888557434,0.625,9.056479454040527,1,17,0.8454735279083252,{}
1796,14368,227776,single_D0,0.004438597243279219,1.0,0.2805425226688385,0,5,0.2628598213195801,{}
1797,14376,227816,binding_D0,0.4670804738998413,0.875,2.472580909729004,1,5,0.26227807998657227,{}
1798,14384,227888,binding_D4,0.7575026750564575,0.375,2.011683702468872,1,9,0.4749910831451416,{}
1799,14392,227928,binding_D0,0.7359169721603394,0.625,2.0041210651397705,1,5,0.2756228446960449,{}
1800,14400,228064,single_D12,0.7795477509498596,0.125,19.47693634033203,1,17,0.8601701259613037,{}
1801,14408,228200,binding_D12,0.5575705766677856,0.875,1.0041784048080444,1,17,0.8769056797027588,{}
1802,14416,228240,binding_D0,0.6941217184066772,0.5,2.1826608180999756,1,5,0.27974820137023926,{}
1803,14424,228376,single_D12,0.6490613222122192,0.75,19.456445693969727,1,17,0.86907958984375,{}
1804,14432,228512,single_D12,0.6425067782402039,0.625,40.40043258666992,1,17,0.8533487319946289,{}
1805,14440,228792,motion_D24,0.9902381896972656,0.75,4.5674943923950195,1,35,1.8047740459442139,{}
1806,14448,228864,single_D4,0.6341643333435059,0.625,136.6856689453125,1,9,0.47298479080200195,{}
1807,14456,228904,single_D0,0.13349689543247223,0.875,20.62319564819336,1,5,0.26366424560546875,{}
1808,14464,228976,single_D4,0.29785287380218506,0.75,24.103485107421875,1,9,0.4717562198638916,{}
1809,14472,229256,motion_D24,0.9653434157371521,0.75,6.625304698944092,1,35,1.8242173194885254,{}
1810,14480,229488,binding_D24,0.6572281122207642,0.625,0.9275854229927063,0,29,1.4356777667999268,{}
1811,14488,229560,binding_D4,0.6512890458106995,0.5,2.070235013961792,1,9,0.45802879333496094,{}
1812,14496,229600,single_D0,0.011024406179785728,1.0,0.8108971118927002,0,5,0.2628977298736572,{}
1813,14504,229832,single_D24,0.6969811916351318,0.5,5.720374584197998,1,29,1.4051423072814941,{}
1814,14512,229904,single_D4,0.2348039746284485,0.875,9.546248435974121,1,9,0.4550654888153076,{}
1815,14520,230136,binding_D24,0.7365628480911255,0.5,1.3374356031417847,1,29,1.4036030769348145,{}
1816,14528,230176,single_D0,0.0024382779374718666,1.0,0.19323982298374176,0,5,0.2557399272918701,{}
1817,14536,230248,single_D4,0.5064965486526489,0.75,69.71145629882812,1,9,0.4581162929534912,{}
1818,14544,230384,single_D12,0.6408830881118774,0.625,11.296868324279785,1,17,0.8275434970855713,{}
1819,14552,230424,binding_D0,0.6082013845443726,0.75,1.9375145435333252,1,5,0.280989408493042,{}
1820,14560,230512,motion_D0,0.597906231880188,0.875,172.5345458984375,1,11,0.5780625343322754,{}
1821,14568,230648,binding_D12,0.786281943321228,0.375,1.8718008995056152,1,17,0.8528759479522705,{}
1822,14576,230784,binding_D12,0.7970203161239624,0.375,2.0204029083251953,1,17,0.834986686706543,{}
1823,14584,230824,binding_D0,0.5498351454734802,0.875,1.9179940223693848,1,5,0.2752556800842285,{}
1824,14592,230960,binding_D12,0.7324105501174927,0.5,2.135929584503174,1,17,0.8435285091400146,{}
1825,14600,231000,binding_D0,0.45473289489746094,0.875,2.9420759677886963,1,5,0.28783369064331055,{}
1826,14608,231232,binding_D24,0.7296736240386963,0.5,1.5628585815429688,1,29,1.4102778434753418,{}
1827,14616,231464,single_D24,0.7462020516395569,0.625,20.203330993652344,1,29,1.4180402755737305,{}
1828,14624,231552,motion_D0,0.3888402581214905,0.875,96.19491577148438,1,11,0.5978140830993652,{}
1829,14632,231624,binding_D4,0.7049069404602051,0.625,2.4414544105529785,1,9,0.478360652923584,{}
1830,14640,231696,binding_D4,0.6267169117927551,0.625,1.229653000831604,1,9,0.45580410957336426,{}
1831,14648,231768,single_D4,0.29728665947914124,0.875,10.488105773925781,1,9,0.474855899810791,{}
1832,14656,231808,single_D0,0.011485558934509754,1.0,1.4813587665557861,1,5,0.26552891731262207,{}
1833,14664,231880,binding_D4,0.6147904992103577,0.75,1.5437566041946411,1,9,0.46303582191467285,{}
1834,14672,231952,single_D4,0.45790913701057434,0.75,9.500916481018066,1,9,0.45630955696105957,{}
1835,14680,232088,single_D12,0.7041754722595215,0.625,19.0362606048584,1,17,0.8186674118041992,{}
1836,14688,232160,binding_D4,0.6327418088912964,0.75,1.7640900611877441,1,9,0.4715752601623535,{}
1837,14696,232392,single_D24,0.6406324505805969,0.5,2.9789319038391113,1,29,1.4092183113098145,{}
1838,14704,232464,single_D4,0.12135817855596542,1.0,23.653732299804688,1,9,0.44993066787719727,{}
1839,14712,232536,binding_D4,0.666875958442688,0.375,1.2402355670928955,1,9,0.4604666233062744,{}
1840,14720,232576,binding_D0,0.5651379227638245,0.75,2.096281051635742,1,5,0.2680521011352539,{}
1841,14728,232808,single_D24,0.7139225602149963,0.375,4.934131145477295,1,29,1.4225614070892334,{}
1842,14736,232944,binding_D12,0.708126425743103,0.5,1.0805552005767822,1,17,0.8344707489013672,{}
1843,14744,233016,binding_D4,0.7773041725158691,0.375,1.4636539220809937,1,9,0.455902099609375,{}
1844,14752,233088,single_D4,0.23298203945159912,0.875,25.61770248413086,1,9,0.4513688087463379,{}
1845,14760,233128,binding_D0,0.5683305263519287,0.75,2.608036994934082,1,5,0.3050651550292969,{}
1846,14768,233168,binding_D0,0.7277064919471741,0.625,2.238691806793213,1,5,0.28441834449768066,{}
1847,14776,233304,single_D12,0.7215330004692078,0.5,29.812702178955078,1,17,0.8400278091430664,{}
1848,14784,233376,binding_D4,0.5683802962303162,1.0,1.6215336322784424,1,9,0.4488654136657715,{}
1849,14792,233608,binding_D24,0.7139440774917603,0.5,1.378401756286621,1,29,1.3940985202789307,{}
1850,14800,233680,binding_D4,0.6215951442718506,0.625,1.3089042901992798,1,9,0.45377063751220703,{}
1851,14808,233752,binding_D4,0.6846168041229248,0.5,1.187711238861084,1,9,0.46702051162719727,{}
1852,14816,233792,binding_D0,0.6446943283081055,0.625,1.89608895778656,1,5,0.2731056213378906,{}
1853,14824,233832,single_D0,0.009005850180983543,1.0,0.5814597606658936,0,5,0.2652575969696045,{}
1854,14832,233968,binding_D12,0.7088149189949036,0.5,1.548684000968933,1,17,0.8385887145996094,{}
1855,14840,234008,single_D0,0.010981131345033646,1.0,2.7874701023101807,1,5,0.25981974601745605,{}
1856,14848,234144,binding_D12,0.7926504611968994,0.5,1.8100166320800781,1,17,0.8379700183868408,{}
1857,14856,234376,binding_D24,0.731438398361206,0.5,1.63898503780365,1,29,1.3949005603790283,{}
1858,14864,234448,single_D4,0.24590584635734558,0.875,72.92620849609375,1,9,0.44503068923950195,{}
1859,14872,234520,single_D4,0.4535413980484009,0.75,107.64469909667969,1,9,0.4823441505432129,{}
1860,14880,234608,motion_D0,2.859269618988037,0.75,298.66546630859375,1,11,0.5734844207763672,{}
1861,14888,234744,binding_D12,0.9262845516204834,0.0,4.2259345054626465,1,17,0.8473498821258545,{}
1862,14896,234816,single_D4,0.4674943685531616,0.75,33.61962127685547,1,9,0.459564208984375,{}
1863,14904,234952,binding_D12,0.6220076084136963,0.625,1.170946478843689,1,17,0.8438568115234375,{}
1864,14912,234992,single_D0,0.0076439836993813515,1.0,0.6405858397483826,0,5,0.28426241874694824,{}
1865,14920,235064,single_D4,0.41110897064208984,0.875,37.21515655517578,1,9,0.4664428234100342,{}
1866,14928,235200,single_D12,0.8044351935386658,0.625,24.172042846679688,1,17,0.8239688873291016,{}
1867,14936,235272,binding_D4,0.6673953533172607,0.75,0.8813962340354919,0,9,0.4664301872253418,{}
1868,14944,235408,binding_D12,0.6763643622398376,0.625,1.202254056930542,1,17,0.8338990211486816,{}
1869,14952,235448,single_D0,0.09302176535129547,1.0,16.370162963867188,1,5,0.2632303237915039,{}
1870,14960,235680,single_D24,0.7782715559005737,0.5,17.333805084228516,1,29,1.4802665710449219,{}
1871,14968,235720,single_D0,0.04852673411369324,1.0,12.091038703918457,1,5,0.2562861442565918,{}
1872,14976,235792,single_D4,0.31779763102531433,0.75,31.63089370727539,1,9,0.4568650722503662,{}
1873,14984,235832,binding_D0,0.5117985606193542,1.0,3.2513952255249023,1,5,0.2728691101074219,{}
1874,14992,235904,binding_D4,0.7174094319343567,0.5,0.9853598475456238,0,9,0.4855926036834717,{}
1875,15000,236136,single_D24,0.7286966443061829,0.375,17.223539352416992,1,29,1.4027845859527588,{}
1876,15008,236416,motion_D24,1.3822304010391235,0.25,23.065309524536133,1,35,1.7236478328704834,{}
1877,15016,236504,motion_D0,2.092012643814087,0.75,179.65625,1,11,0.6044080257415771,{}
1878,15024,236640,single_D12,0.7355285286903381,0.375,9.968449592590332,1,17,0.8532354831695557,{}
1879,15032,236872,binding_D24,0.7523378133773804,0.375,1.9203602075576782,1,29,1.4061379432678223,{}
1880,15040,236912,single_D0,0.005991816986352205,1.0,1.3028392791748047,1,5,0.25575685501098633,{}
1881,15048,237048,binding_D12,0.7173700928688049,0.5,1.4383049011230469,1,17,0.8480031490325928,{}
1882,15056,237280,binding_D24,0.7228100299835205,0.5,1.736000657081604,1,29,1.4161970615386963,{}
1883,15064,237512,single_D24,0.6390765309333801,0.75,8.476984024047852,1,29,1.4010303020477295,{}
1884,15072,237744,binding_D24,0.7883061170578003,0.375,1.3383585214614868,1,29,1.4001502990722656,{}
1885,15080,237784,binding_D0,0.5441299080848694,0.75,1.8261635303497314,1,5,0.27864551544189453,{}
1886,15088,238016,single_D24,0.7425312995910645,0.375,18.367229461669922,1,29,1.4053888320922852,{}
1887,15096,238056,binding_D0,0.657579779624939,0.5,2.0502634048461914,1,5,0.2728309631347656,{}
1888,15104,238128,binding_D4,0.715630292892456,0.5,1.329690933227539,1,9,0.47008562088012695,{}
1889,15112,238408,motion_D24,0.8576332330703735,0.75,10.935600280761719,1,35,1.7152154445648193,{}
1890,15120,238544,single_D12,0.7024279832839966,0.25,7.699986934661865,1,17,0.8596229553222656,{}
1891,15128,238584,binding_D0,0.5625319480895996,0.875,2.123213291168213,1,5,0.2712280750274658,{}
1892,15136,238720,single_D12,0.6884421110153198,0.75,13.141227722167969,1,17,0.8306779861450195,{}
1893,15144,238760,single_D0,0.10702069848775864,0.875,45.457847595214844,1,5,0.26779794692993164,{}
1894,15152,238800,single_D0,0.48620694875717163,0.875,74.80555725097656,1,5,0.2544074058532715,{}
1895,15160,238936,binding_D12,0.7002390623092651,0.5,1.046509861946106,1,17,0.850832462310791,{}
1896,15168,239072,single_D12,0.6462903022766113,0.5,24.578981399536133,1,17,0.8332910537719727,{}
1897,15176,239304,single_D24,0.6553352475166321,0.875,9.19100570678711,1,29,1.3961331844329834,{}
1898,15184,239344,binding_D0,0.5492099523544312,0.75,2.2412359714508057,1,5,0.2679119110107422,{}
1899,15192,239416,single_D4,0.27983447909355164,1.0,31.14113426208496,1,9,0.4901390075683594,{}
1900,15200,239552,single_D12,0.596956729888916,0.625,16.431381225585938,1,17,0.82291579246521,{}
1901,15208,239832,motion_D24,1.0771074295043945,0.625,8.303996086120605,1,35,1.7337734699249268,{}
1902,15216,240064,binding_D24,0.6880303621292114,0.625,1.156078815460205,1,29,1.4126167297363281,{}
1903,15224,240104,binding_D0,0.6548364758491516,0.5,1.8637336492538452,1,5,0.2686729431152344,{}
1904,15232,240336,single_D24,0.6847087144851685,0.375,12.633459091186523,1,29,1.411189317703247,{}
1905,15240,240408,single_D4,0.39498189091682434,0.875,22.686508178710938,1,9,0.45056939125061035,{}
1906,15248,240640,single_D24,0.8575150370597839,0.5,32.46691131591797,1,29,1.4064862728118896,{}
1907,15256,240872,binding_D24,0.7095767259597778,0.5,2.4253973960876465,1,29,1.3967974185943604,{}
1908,15264,240944,binding_D4,0.7628538608551025,0.375,2.381188154220581,1,9,0.4463918209075928,{}
1909,15272,241176,binding_D24,0.6999067068099976,0.5,1.3857027292251587,1,29,1.4114134311676025,{}
1910,15280,241312,single_D12,0.6827312707901001,0.625,17.84747314453125,1,17,0.8493454456329346,{}
1911,15288,241544,binding_D24,0.6984678506851196,0.5,1.5758490562438965,1,29,1.3966455459594727,{}
1912,15296,241680,single_D12,0.7276172637939453,0.5,10.287798881530762,1,17,0.835472822189331,{}
1913,15304,241768,motion_D0,0.24984315037727356,0.875,109.37813568115234,1,11,0.5711026191711426,{}
1914,15312,241808,single_D0,0.034492626786231995,1.0,5.091837406158447,1,5,0.26686573028564453,{}
1915,15320,242040,single_D24,0.7749708890914917,0.5,15.858626365661621,1,29,1.4078428745269775,{}
1916,15328,242112,single_D4,0.5281100869178772,0.625,18.500782012939453,1,9,0.45122551918029785,{}
1917,15336,242200,motion_D0,1.461767315864563,0.875,166.4866943359375,1,11,0.6043496131896973,{}
1918,15344,242336,binding_D12,0.6692008376121521,0.625,1.3900513648986816,1,17,0.8356242179870605,{}
1919,15352,242408,binding_D4,0.6284351944923401,0.5,0.8886969089508057,0,9,0.45146656036376953,{}
1920,15360,242688,motion_D24,0.9875508546829224,0.625,14.907886505126953,1,35,1.756392002105713,{}
1921,15368,242920,single_D24,0.8004388213157654,0.5,16.42670440673828,1,29,1.467167854309082,"{""first_sensory_field_gradient_norm"": 0.00010827916412381455, ""early_r_gradient_norm"": 0.00808303989470005, ""early_r_rms"": 0.013434391468763351, ""early_a_gradient_norm"": 0.0027703719679266214, ""early_a_rms"": 0.0, ""late_r_gradient_norm"": 0.8550333976745605, ""late_r_rms"": 0.09939233958721161, ""late_a_gradient_norm"": null, ""late_a_rms"": 0.03230651840567589, ""encoder_gradient_norm"": 6.31206750869751, ""raw_recurrent_gradient_rms"": 1.024496668833308e-05, ""state_stats"": {""inactive_fraction"": 0.455078125, ""rectifier_off_fraction"": 0.80859375, ""excitatory_mean"": 0.01510599721223116, ""inhibitory_mean"": 0.08229488879442215, ""tau_r_mean"": 5.190669059753418, ""tau_a_mean"": 36.79673767089844, ""adaptation_gain_mean"": 0.04748036712408066}, ""effective_recurrent_relative_update"": 6.542540177179035e-06}"
1922,15376,243056,binding_D12,0.6373255848884583,0.75,1.0368753671646118,1,17,0.8327028751373291,{}
1923,15384,243096,single_D0,0.06772773712873459,1.0,6.994809627532959,1,5,0.26570701599121094,{}
1924,15392,243184,motion_D0,0.4120654761791229,0.875,136.33262634277344,1,11,0.5848095417022705,{}
1925,15400,243320,binding_D12,0.7201515436172485,0.25,1.2819702625274658,1,17,0.8520548343658447,{}
1926,15408,243392,single_D4,0.5300672650337219,0.625,14.037398338317871,1,9,0.449962854385376,{}
1927,15416,243464,binding_D4,0.7178250551223755,0.375,1.0559413433074951,1,9,0.4699666500091553,{}
1928,15424,243504,binding_D0,0.6151401996612549,0.625,2.497183084487915,1,5,0.27497029304504395,{}
1929,15432,243576,single_D4,0.2828201353549957,0.875,13.733160018920898,1,9,0.4678835868835449,{}
1930,15440,243712,single_D12,0.6828873157501221,0.625,11.899858474731445,1,17,0.8178672790527344,{}
1931,15448,243752,single_D0,0.10297159850597382,0.875,26.335159301757812,1,5,0.267179012298584,{}
1932,15456,243888,binding_D12,0.5931127071380615,0.875,1.4120100736618042,1,17,0.8381960391998291,{}
1933,15464,243960,binding_D4,0.6354534029960632,0.75,0.8770014047622681,0,9,0.48105525970458984,{}
1934,15472,244032,single_D4,0.3769770860671997,0.875,21.146787643432617,1,9,0.4574260711669922,{}
1935,15480,244072,binding_D0,0.6042506694793701,0.75,2.4730823040008545,1,5,0.2650272846221924,{}
1936,15488,244304,single_D24,0.6414152979850769,0.625,3.9849579334259033,1,29,1.407940149307251,{}
1937,15496,244376,binding_D4,0.6136788129806519,0.625,1.0751160383224487,1,9,0.4517481327056885,{}
1938,15504,244512,binding_D12,0.7310906648635864,0.5,1.2182705402374268,1,17,0.8419044017791748,{}
1939,15512,244648,single_D12,0.6154685616493225,0.625,31.4105167388916,1,17,0.8457930088043213,{}
1940,15520,244928,motion_D24,1.3235740661621094,0.25,10.06263542175293,1,35,1.7965428829193115,{}
1941,15528,244968,single_D0,0.048205893486738205,1.0,36.040496826171875,1,5,0.27342844009399414,{}
1942,15536,245200,single_D24,0.872282862663269,0.375,82.18663024902344,1,29,1.4087872505187988,{}
1943,15544,245480,motion_D24,1.0330123901367188,0.75,12.257400512695312,1,35,1.781999111175537,{}
1944,15552,245520,single_D0,0.5355536341667175,0.875,37.65153121948242,1,5,0.27434587478637695,{}
1945,15560,245592,single_D4,0.15760889649391174,0.875,6.799549102783203,1,9,0.44051313400268555,{}
1946,15568,245632,single_D0,0.008660747669637203,1.0,0.682341456413269,0,5,0.26639676094055176,{}
1947,15576,245768,single_D12,0.8433316946029663,0.375,75.69075012207031,1,17,0.8351490497589111,{}
1948,15584,246000,single_D24,0.7576999664306641,0.625,21.842975616455078,1,29,1.4076848030090332,{}
1949,15592,246088,motion_D0,2.6520891189575195,0.375,494.8385925292969,1,11,0.5888891220092773,{}
1950,15600,246320,binding_D24,0.6210999488830566,0.875,1.6989948749542236,1,29,1.4028196334838867,{}
1951,15608,246456,single_D12,0.6277254819869995,0.75,25.96924591064453,1,17,0.8273448944091797,{}
1952,15616,246688,binding_D24,0.6160160303115845,0.75,1.7788970470428467,1,29,1.4091360569000244,{}
1953,15624,246760,binding_D4,0.6917502284049988,0.625,1.1228400468826294,1,9,0.46222615242004395,{}
1954,15632,246992,binding_D24,0.7046999931335449,0.5,1.2741960287094116,1,29,1.4460303783416748,{}
1955,15640,247064,single_D4,0.4139134883880615,0.75,10.532583236694336,1,9,0.4638705253601074,{}
1956,15648,247104,binding_D0,0.5157787799835205,0.625,3.140786647796631,1,5,0.27367234230041504,{}
1957,15656,247144,binding_D0,0.6959902048110962,0.5,2.247026205062866,1,5,0.28495049476623535,{}
1958,15664,247280,binding_D12,0.712522029876709,0.5,1.9326926469802856,1,17,0.8426425457000732,{}
1959,15672,247416,binding_D12,0.7190080285072327,0.375,1.147597074508667,1,17,0.8333830833435059,{}
1960,15680,247456,single_D0,0.0038594533689320087,1.0,0.2711077332496643,0,5,0.2679293155670166,{}
1961,15688,247544,motion_D0,2.489713430404663,0.625,187.33685302734375,1,11,0.5827827453613281,{}
1962,15696,247616,single_D4,0.3079223036766052,0.875,16.92603874206543,1,9,0.4844202995300293,{}
1963,15704,247688,single_D4,0.16476857662200928,0.875,10.381786346435547,1,9,0.4618203639984131,{}
1964,15712,247824,single_D12,0.7549139261245728,0.5,17.227108001708984,1,17,0.8329157829284668,{}
1965,15720,248056,binding_D24,0.6639260053634644,0.5,1.5468459129333496,1,29,1.4394145011901855,{}
1966,15728,248288,single_D24,0.6045700907707214,0.625,11.138510704040527,1,29,1.3953421115875244,{}
1967,15736,248520,single_D24,0.7022426128387451,0.5,12.565435409545898,1,29,1.4025211334228516,{}
1968,15744,248656,binding_D12,0.7023662328720093,0.5,0.9583536386489868,0,17,0.8302412033081055,{}
1969,15752,248696,single_D0,0.017268875613808632,1.0,4.926654815673828,1,5,0.26032066345214844,{}
1970,15760,248768,binding_D4,0.5618913173675537,0.75,1.6465493440628052,1,9,0.45319199562072754,{}
1971,15768,248904,single_D12,0.7403866052627563,0.375,12.759562492370605,1,17,0.8394842147827148,{}
1972,15776,249136,binding_D24,0.7514204978942871,0.375,1.598503589630127,1,29,1.3989026546478271,{}
1973,15784,249224,motion_D0,1.8153916597366333,0.625,195.79013061523438,1,11,0.5663611888885498,{}
1974,15792,249296,binding_D4,0.6568396687507629,0.5,1.2907201051712036,1,9,0.4845902919769287,{}
1975,15800,249528,binding_D24,0.7426431179046631,0.5,1.7603747844696045,1,29,1.4297707080841064,{}
1976,15808,249664,single_D12,0.6273381114006042,0.5,19.95342445373535,1,17,0.8332574367523193,{}
1977,15816,249896,single_D24,0.6849884390830994,0.625,20.389841079711914,1,29,1.5325813293457031,{}
1978,15824,250128,single_D24,0.834531307220459,0.375,41.60790252685547,1,29,1.3998541831970215,{}
1979,15832,250200,single_D4,0.11007149517536163,1.0,20.88417625427246,1,9,0.4521341323852539,{}
1980,15840,250240,single_D0,0.030392944812774658,1.0,19.189308166503906,1,5,0.26227641105651855,{}
1981,15848,250376,binding_D12,0.691419243812561,0.5,1.5625687837600708,1,17,0.8407773971557617,{}
1982,15856,250448,binding_D4,0.6942378282546997,0.625,1.1531137228012085,1,9,0.4545412063598633,{}
1983,15864,250680,binding_D24,0.8088118433952332,0.375,1.7717539072036743,1,29,1.3950915336608887,{}
1984,15872,250720,binding_D0,0.5557703971862793,0.75,2.3294448852539062,1,5,0.2985374927520752,{}
1985,15880,250760,single_D0,0.008287102915346622,1.0,1.8640027046203613,1,5,0.27166104316711426,{}
1986,15888,250832,single_D4,0.35563990473747253,0.875,9.85290241241455,1,9,0.46010613441467285,{}
1987,15896,251064,binding_D24,0.7004932761192322,0.375,1.5676202774047852,1,29,1.3980941772460938,{}
1988,15904,251104,binding_D0,0.645710825920105,0.625,3.444467306137085,1,5,0.2710108757019043,{}
1989,15912,251336,binding_D24,0.7357155084609985,0.5,1.792993426322937,1,29,1.3960740566253662,{}
1990,15920,251376,binding_D0,0.6402857899665833,0.625,2.654242992401123,1,5,0.2623748779296875,{}
1991,15928,251512,single_D12,0.7017584443092346,0.375,4.347084045410156,1,17,0.8477907180786133,{}
1992,15936,251648,binding_D12,0.6739142537117004,0.5,1.9279506206512451,1,17,0.8349630832672119,{}
1993,15944,251784,single_D12,0.660042405128479,0.75,24.869396209716797,1,17,0.8246955871582031,{}
1994,15952,251856,binding_D4,0.5974802374839783,0.75,1.1984615325927734,1,9,0.46696996688842773,{}
1995,15960,251896,binding_D0,0.5154837965965271,1.0,3.2321605682373047,1,5,0.2646818161010742,{}
1996,15968,251968,binding_D4,0.6207912564277649,0.875,1.3914910554885864,1,9,0.46240878105163574,{}
1997,15976,252008,binding_D0,0.6536064147949219,0.5,2.102701187133789,1,5,0.28619837760925293,{}
1998,15984,252240,single_D24,0.6228623390197754,0.75,9.705403327941895,1,29,1.412079095840454,{}
1999,15992,252520,motion_D24,0.9572950601577759,0.875,14.652070045471191,1,35,1.7470428943634033,{}
2000,16000,252800,motion_D24,1.0504473447799683,0.625,4.924066543579102,1,35,1.7261910438537598,{}
2001,16008,253032,single_D24,0.6194477081298828,0.75,23.50299835205078,1,29,1.4164738655090332,{}
2002,16016,253264,single_D24,0.7369899749755859,0.5,30.74262046813965,1,29,1.42490816116333,{}
2003,16024,253336,binding_D4,0.6102307438850403,0.875,1.2521378993988037,1,9,0.46253466606140137,{}
2004,16032,253568,binding_D24,0.7185011506080627,0.375,1.2459758520126343,1,29,1.4237658977508545,{}
2005,16040,253640,binding_D4,0.6159841418266296,0.625,1.0739266872406006,1,9,0.4605264663696289,{}
2006,16048,253712,single_D4,0.4344329237937927,0.75,29.616558074951172,1,9,0.45305562019348145,{}
2007,16056,253784,single_D4,0.29981762170791626,0.875,22.530216217041016,1,9,0.4596736431121826,{}
2008,16064,254016,single_D24,0.7894415855407715,0.25,17.867448806762695,1,29,1.4143242835998535,{}
2009,16072,254152,binding_D12,0.6677380800247192,0.625,1.3433345556259155,1,17,0.837385892868042,{}
2010,16080,254240,motion_D0,1.8564079999923706,0.625,349.1331481933594,1,11,0.5775210857391357,{}
2011,16088,254376,single_D12,0.6872200965881348,0.375,24.40886878967285,1,17,0.8507800102233887,{}
2012,16096,254608,single_D24,0.6728308200836182,0.625,6.424931049346924,1,29,1.4181435108184814,{}
2013,16104,254888,motion_D24,1.0083612203598022,0.75,2.645347833633423,1,35,1.768218994140625,{}
2014,16112,255168,motion_D24,0.9444060325622559,0.75,6.593378067016602,1,35,1.8528671264648438,{}
2015,16120,255208,binding_D0,0.5138200521469116,0.875,2.844223737716675,1,5,0.28666186332702637,{}
2016,16128,255440,binding_D24,0.7471910715103149,0.5,1.5478079319000244,1,29,1.3905866146087646,{}
2017,16136,255512,single_D4,0.5951074361801147,0.375,55.56792449951172,1,9,0.45647597312927246,{}
2018,16144,255552,binding_D0,0.48283883929252625,1.0,2.7776143550872803,1,5,0.2957758903503418,{}
2019,16152,255688,binding_D12,0.6770244240760803,0.5,1.227137804031372,1,17,0.8354756832122803,{}
2020,16160,255760,binding_D4,0.6760717034339905,0.5,1.353880763053894,1,9,0.48601698875427246,{}
2021,16168,255832,binding_D4,0.5769495368003845,0.625,2.742429733276367,1,9,0.45421934127807617,{}
2022,16176,255904,single_D4,0.3157174587249756,0.875,37.27029800415039,1,9,0.4399292469024658,{}
2023,16184,255944,binding_D0,0.518483579158783,0.875,2.1461944580078125,1,5,0.26628828048706055,{}
2024,16192,256176,binding_D24,0.6670281887054443,0.625,1.736992597579956,1,29,1.4001686573028564,{}
2025,16200,256312,single_D12,0.9311403036117554,0.125,14.427736282348633,1,17,0.8597018718719482,{}
2026,16208,256352,single_D0,0.5487634539604187,0.875,19.99437713623047,1,5,0.2557394504547119,{}
2027,16216,256392,single_D0,0.021848704665899277,1.0,6.361944675445557,1,5,0.26886534690856934,{}
2028,16224,256464,binding_D4,0.5955472588539124,0.625,1.268298625946045,1,9,0.47172975540161133,{}
2029,16232,256504,single_D0,0.14226603507995605,0.875,17.133190155029297,1,5,0.2698237895965576,{}
2030,16240,256640,single_D12,0.663281261920929,0.625,14.495275497436523,1,17,0.8415417671203613,{}
2031,16248,256872,binding_D24,0.7763280868530273,0.375,2.3255600929260254,1,29,1.3931565284729004,{}
2032,16256,257008,single_D12,0.6948332786560059,0.5,6.068124771118164,1,17,0.8314073085784912,{}
2033,16264,257096,motion_D0,3.124441146850586,0.375,241.9077606201172,1,11,0.5791544914245605,{}
2034,16272,257136,single_D0,0.08419230580329895,1.0,5.74098539352417,1,5,0.26094651222229004,{}
2035,16280,257208,single_D4,0.2190166413784027,1.0,13.610163688659668,1,9,0.4612700939178467,{}
2036,16288,257344,single_D12,0.6711551547050476,0.5,9.662464141845703,1,17,0.8444774150848389,{}
2037,16296,257384,binding_D0,0.5352091789245605,0.75,3.0924837589263916,1,5,0.2810521125793457,{}
2038,16304,257424,single_D0,0.01829325407743454,1.0,3.3496055603027344,1,5,0.25142383575439453,{}
2039,16312,257496,single_D4,0.3794730603694916,0.75,72.51839447021484,1,9,0.48867082595825195,{}
2040,16320,257632,binding_D12,0.7861314415931702,0.25,3.461803913116455,1,17,0.8267850875854492,{}
2041,16328,257704,binding_D4,0.7152481079101562,0.375,2.111311197280884,1,9,0.4598221778869629,{}
2042,16336,257744,binding_D0,0.59633469581604,0.75,2.265796422958374,1,5,0.25885486602783203,{}
2043,16344,257816,single_D4,0.24634189903736115,1.0,39.464874267578125,1,9,0.46326541900634766,{}
2044,16352,257904,motion_D0,1.6216472387313843,0.75,273.5630187988281,1,11,0.6018359661102295,{}
2045,16360,258040,binding_D12,0.6127951145172119,0.625,1.6229541301727295,1,17,0.8411386013031006,{}
2046,16368,258272,binding_D24,0.7149307727813721,0.375,1.7852824926376343,1,29,1.4015588760375977,{}
2047,16376,258504,single_D24,0.7695034742355347,0.25,7.466806411743164,1,29,1.403404951095581,{}
2048,16384,258736,single_D24,0.7512657642364502,0.25,4.649567604064941,1,29,1.4194574356079102,{}
2049,16392,258776,binding_D0,0.5104053020477295,0.75,2.4628090858459473,1,5,0.31093716621398926,"{""first_sensory_field_gradient_norm"": 0.0006417943513952196, ""early_r_gradient_norm"": 0.12937195599079132, ""early_r_rms"": 0.01517874002456665, ""early_a_gradient_norm"": 0.0041403695940971375, ""early_a_rms"": 0.0, ""late_r_gradient_norm"": 0.5599145889282227, ""late_r_rms"": 0.05282219871878624, ""late_a_gradient_norm"": null, ""late_a_rms"": 0.004441298544406891, ""encoder_gradient_norm"": 1.9529374837875366, ""raw_recurrent_gradient_rms"": 4.461296612134902e-07, ""state_stats"": {""inactive_fraction"": 0.87841796875, ""rectifier_off_fraction"": 0.9208984375, ""excitatory_mean"": 0.009114587679505348, ""inhibitory_mean"": 0.019975686445832253, ""tau_r_mean"": 5.193230628967285, ""tau_a_mean"": 36.798858642578125, ""adaptation_gain_mean"": 0.04747774079442024}, ""effective_recurrent_relative_update"": 8.921038897824474e-06}"
2050,16400,258848,binding_D4,0.6580588221549988,0.625,1.5470763444900513,1,9,0.45194506645202637,{}
2051,16408,259128,motion_D24,1.1164826154708862,0.625,5.245290756225586,1,35,1.7271180152893066,{}
2052,16416,259360,binding_D24,0.7746626138687134,0.375,2.0016818046569824,1,29,1.3917419910430908,{}
2053,16424,259592,single_D24,0.6874247193336487,0.5,32.64498519897461,1,29,1.4111859798431396,{}
2054,16432,259824,single_D24,0.7114965319633484,0.625,4.782331943511963,1,29,1.4249861240386963,{}
2055,16440,259960,single_D12,0.5946710705757141,0.75,7.852993488311768,1,17,0.836254358291626,{}
2056,16448,260240,motion_D24,1.1493194103240967,0.375,12.985966682434082,1,35,1.7619822025299072,{}
2057,16456,260376,single_D12,0.661300539970398,0.625,44.289772033691406,1,17,0.8317708969116211,{}
2058,16464,260608,binding_D24,0.6728442907333374,0.5,2.151726722717285,1,29,1.4037137031555176,{}
2059,16472,260744,binding_D12,0.6845642328262329,0.375,1.852634310722351,1,17,0.8457043170928955,{}
2060,16480,260880,single_D12,0.5255681276321411,0.875,16.34370231628418,1,17,0.8190333843231201,{}
2061,16488,261112,binding_D24,0.6915301084518433,0.625,1.5685696601867676,1,29,1.3845267295837402,{}
2062,16496,261200,motion_D0,4.662806510925293,0.5,329.3663330078125,1,11,0.5787034034729004,{}
2063,16504,261240,single_D0,0.5739065408706665,0.875,124.68783569335938,1,5,0.2567324638366699,{}
2064,16512,261312,binding_D4,0.5906349420547485,0.625,1.9882166385650635,1,9,0.47200965881347656,{}
2065,16520,261352,binding_D0,0.6813054084777832,0.625,2.75079345703125,1,5,0.2712838649749756,{}
2066,16528,261392,binding_D0,0.6007198095321655,0.75,1.781835675239563,1,5,0.268172025680542,{}
2067,16536,261432,single_D0,0.21225900948047638,0.875,133.29641723632812,1,5,0.2723579406738281,{}
2068,16544,261504,single_D4,1.050736904144287,0.625,245.19607543945312,1,9,0.4899768829345703,{}
2069,16552,261640,binding_D12,0.6816946268081665,0.5,2.152399778366089,1,17,0.8411667346954346,{}
2070,16560,261776,binding_D12,0.7856609225273132,0.375,2.2219104766845703,1,17,0.8319699764251709,{}
2071,16568,261816,single_D0,0.007566868327558041,1.0,0.805211067199707,0,5,0.2613525390625,{}
2072,16576,262048,single_D24,1.328131079673767,0.25,137.7865753173828,1,29,1.4057185649871826,{}
2073,16584,262184,single_D12,0.455734521150589,0.75,12.426183700561523,1,17,0.8570220470428467,{}
2074,16592,262256,binding_D4,0.6264162659645081,0.625,1.6507389545440674,1,9,0.452117919921875,{}
2075,16600,262488,binding_D24,0.6572548747062683,0.625,1.9887568950653076,1,29,1.4028480052947998,{}
2076,16608,262624,binding_D12,0.6717001795768738,0.75,1.5589213371276855,1,17,0.8767790794372559,{}
2077,16616,262664,single_D0,0.002759853843599558,1.0,0.4866138994693756,0,5,0.27239322662353516,{}
2078,16624,262800,binding_D12,0.7307005524635315,0.375,3.005880832672119,1,17,0.8554580211639404,{}
2079,16632,262840,binding_D0,0.44501176476478577,1.0,3.0350265502929688,1,5,0.28894591331481934,{}
2080,16640,262912,single_D4,0.6032819151878357,0.75,36.19821548461914,1,9,0.44789862632751465,{}
2081,16648,263000,motion_D0,0.21559205651283264,0.875,136.72564697265625,1,11,0.5873005390167236,{}
2082,16656,263136,single_D12,0.8633872866630554,0.5,53.82033157348633,1,17,0.8265342712402344,{}
2083,16664,263176,binding_D0,0.4974166750907898,0.875,2.7305996417999268,1,5,0.26328301429748535,{}
2084,16672,263216,binding_D0,0.47188490629196167,0.875,2.2349796295166016,1,5,0.26883602142333984,{}
2085,16680,263288,single_D4,0.2189987450838089,1.0,62.634498596191406,1,9,0.45838117599487305,{}
2086,16688,263376,motion_D0,1.502246379852295,0.625,260.8787536621094,1,11,0.5743684768676758,{}
2087,16696,263448,single_D4,0.21811261773109436,1.0,35.238033294677734,1,9,0.4584159851074219,{}
2088,16704,263680,single_D24,0.8575934171676636,0.375,69.16498565673828,1,29,1.404066801071167,{}
2089,16712,263912,binding_D24,0.5468750596046448,0.875,2.4404585361480713,1,29,1.399214506149292,{}
2090,16720,264048,single_D12,0.47602981328964233,0.75,33.42717361450195,1,17,0.8333253860473633,{}
2091,16728,264184,binding_D12,0.7096322178840637,0.625,1.8730565309524536,1,17,0.8330926895141602,{}
2092,16736,264320,binding_D12,0.6837373971939087,0.625,1.8561707735061646,1,17,0.8241109848022461,{}
2093,16744,264552,binding_D24,0.7507019639015198,0.375,1.9377645254135132,1,29,1.399301290512085,{}
2094,16752,264688,single_D12,0.7986471652984619,0.375,62.1987190246582,1,17,0.8337252140045166,{}
2095,16760,264776,motion_D0,1.5137158632278442,0.875,156.948486328125,1,11,0.63521409034729,{}
2096,16768,264848,single_D4,0.32534587383270264,0.875,30.438091278076172,1,9,0.49878859519958496,{}
2097,16776,264936,motion_D0,0.28123021125793457,0.875,116.53434753417969,1,11,0.5735247135162354,{}
2098,16784,265072,binding_D12,0.627985417842865,0.75,1.499569296836853,1,17,0.8463120460510254,{}
2099,16792,265304,single_D24,0.8546123504638672,0.5,27.207529067993164,1,29,1.402271032333374,{}
2100,16800,265440,single_D12,0.5939491987228394,0.625,29.884777069091797,1,17,0.8290841579437256,{}
2101,16808,265672,single_D24,0.6544253826141357,0.625,11.455491065979004,1,29,1.4178757667541504,{}
2102,16816,265808,single_D12,0.7923465371131897,0.5,16.55303382873535,1,17,0.8304216861724854,{}
2103,16824,265944,single_D12,0.7552474141120911,0.375,35.6928825378418,1,17,0.8227701187133789,{}
2104,16832,266080,single_D12,0.6661295890808105,0.5,18.260814666748047,1,17,0.8220829963684082,{}
2105,16840,266216,binding_D12,0.6875820159912109,0.375,1.3857440948486328,1,17,0.8350667953491211,{}
2106,16848,266448,single_D24,0.6553390026092529,0.75,14.709046363830566,1,29,1.401306390762329,{}
2107,16856,266584,single_D12,0.6236158013343811,0.5,12.331756591796875,1,17,0.8350419998168945,{}
2108,16864,266816,single_D24,0.6873465180397034,0.625,9.627315521240234,1,29,1.406881332397461,{}
2109,16872,266856,single_D0,0.00895750243216753,1.0,0.733954668045044,0,5,0.2590951919555664,{}
2110,16880,267088,binding_D24,0.6779347062110901,0.625,1.5110403299331665,1,29,1.4162421226501465,{}
2111,16888,267160,binding_D4,0.6656484007835388,0.625,1.7205171585083008,1,9,0.46340203285217285,{}
2112,16896,267392,single_D24,0.7349677085876465,0.375,15.220649719238281,1,29,1.47813081741333,{}
2113,16904,267528,binding_D12,0.7205463647842407,0.5,1.9593855142593384,1,17,1.006779432296753,{}
2114,16912,267568,single_D0,0.027503568679094315,1.0,4.185021877288818,1,5,0.2568793296813965,{}
2115,16920,267608,single_D0,0.23712235689163208,0.875,64.14952850341797,1,5,0.27755212783813477,{}
2116,16928,267648,binding_D0,0.7453184723854065,0.5,4.249644756317139,1,5,0.3113675117492676,{}
2117,16936,267688,binding_D0,0.539932131767273,0.625,2.2868809700012207,1,5,0.2741703987121582,{}
2118,16944,267728,single_D0,0.6407302618026733,0.75,87.65692138671875,1,5,0.26529526710510254,{}
2119,16952,268008,motion_D24,1.0998437404632568,0.5,6.4707159996032715,1,35,1.7347962856292725,{}
2120,16960,268048,single_D0,0.9072571396827698,0.625,65.9641342163086,1,5,0.27286219596862793,{}
2121,16968,268120,single_D4,0.28044337034225464,0.875,65.0225601196289,1,9,0.45087623596191406,{}
2122,16976,268352,binding_D24,0.6861916184425354,0.625,1.8450326919555664,1,29,1.4210216999053955,{}
2123,16984,268424,single_D4,0.21527299284934998,0.875,27.849470138549805,1,9,0.4430060386657715,{}
2124,16992,268560,binding_D12,0.7214601039886475,0.5,2.283832311630249,1,17,0.8428189754486084,{}
2125,17000,268792,single_D24,0.6501818895339966,0.625,5.310668468475342,1,29,1.3882267475128174,{}
2126,17008,268864,binding_D4,0.5974931716918945,0.75,1.749145269393921,1,9,0.4534492492675781,{}
2127,17016,268936,binding_D4,0.6672472953796387,0.625,1.9266018867492676,1,9,0.46040797233581543,{}
2128,17024,269168,binding_D24,0.7246004939079285,0.375,2.6749508380889893,1,29,1.3885548114776611,{}
2129,17032,269240,binding_D4,0.6746755838394165,0.5,2.273181676864624,1,9,0.44317126274108887,{}
2130,17040,269312,binding_D4,0.6371915340423584,0.625,1.9150595664978027,1,9,0.47029685974121094,{}
2131,17048,269592,motion_D24,1.080087423324585,0.875,5.028586387634277,1,35,1.6986682415008545,{}
2132,17056,269632,single_D0,0.006895630620419979,1.0,1.1554460525512695,1,5,0.2542378902435303,{}
2133,17064,269672,single_D0,0.10515151917934418,0.875,26.68631935119629,1,5,0.2563207149505615,{}
2134,17072,269712,binding_D0,0.37771737575531006,1.0,2.6105897426605225,1,5,0.2623169422149658,{}
2135,17080,269944,binding_D24,0.7644465565681458,0.25,3.2094287872314453,1,29,1.4075891971588135,{}
2136,17088,270176,binding_D24,0.9363383054733276,0.125,5.343111515045166,1,29,1.3890671730041504,{}
2137,17096,270216,binding_D0,0.5031835436820984,0.625,1.9957690238952637,1,5,0.2588186264038086,{}
2138,17104,270256,single_D0,0.39118093252182007,0.875,153.17242431640625,1,5,0.25677967071533203,{}
2139,17112,270296,single_D0,0.019773093983530998,1.0,5.943007469177246,1,5,0.25789308547973633,{}
2140,17120,270432,binding_D12,0.7497638463973999,0.375,1.8866796493530273,1,17,0.857560396194458,{}
2141,17128,270664,single_D24,0.7548721432685852,0.5,17.73850440979004,1,29,1.4863600730895996,{}
2142,17136,270736,binding_D4,0.6754405498504639,0.375,1.4483044147491455,1,9,0.446488618850708,{}
2143,17144,270776,binding_D0,0.5912110805511475,0.75,4.322620391845703,1,5,0.2693965435028076,{}
2144,17152,270848,binding_D4,0.7448106408119202,0.625,2.042344808578491,1,9,0.4615199565887451,{}
2145,17160,271128,motion_D24,1.0387314558029175,0.75,7.091055393218994,1,35,1.720362901687622,{}
2146,17168,271200,binding_D4,0.6525239944458008,0.75,1.6841139793395996,1,9,0.4612545967102051,{}
2147,17176,271336,binding_D12,0.6809368133544922,0.5,1.394627332687378,1,17,0.8312010765075684,{}
2148,17184,271408,single_D4,0.19694451987743378,1.0,10.794999122619629,1,9,0.44982409477233887,{}
2149,17192,271480,single_D4,0.23069816827774048,0.875,26.081628799438477,1,9,0.45095086097717285,{}
2150,17200,271712,binding_D24,0.7033074498176575,0.25,1.5230636596679688,1,29,1.3830668926239014,{}
2151,17208,271752,binding_D0,0.5113145112991333,0.75,2.967487335205078,1,5,0.26174306869506836,{}
2152,17216,271824,single_D4,0.10120193660259247,1.0,2.3941025733947754,1,9,0.4536285400390625,{}
2153,17224,272056,binding_D24,0.7744587659835815,0.375,3.054919719696045,1,29,1.388899326324463,{}
2154,17232,272288,single_D24,0.7344977855682373,0.625,11.872993469238281,1,29,1.4000954627990723,{}
2155,17240,272360,binding_D4,0.7120876908302307,0.5,1.5623799562454224,1,9,0.45174384117126465,{}
2156,17248,272640,motion_D24,1.245933175086975,0.375,8.787979125976562,1,35,1.728468894958496,{}
2157,17256,272776,single_D12,0.6067431569099426,0.625,33.31885528564453,1,17,0.8231043815612793,{}
2158,17264,272848,single_D4,0.28109613060951233,0.875,24.56227684020996,1,9,0.4520106315612793,{}
2159,17272,272984,binding_D12,0.7391418218612671,0.375,2.86305832862854,1,17,0.8231682777404785,{}
2160,17280,273024,binding_D0,0.5547629594802856,0.875,3.1668248176574707,1,5,0.2695446014404297,{}
2161,17288,273160,single_D12,0.7630869746208191,0.25,29.820613861083984,1,17,0.8279082775115967,{}
2162,17296,273296,binding_D12,0.6714243292808533,0.75,1.4126973152160645,1,17,0.8164615631103516,{}
2163,17304,273336,single_D0,0.06356347352266312,1.0,39.04922866821289,1,5,0.2685129642486572,{}
2164,17312,273568,binding_D24,0.7624098658561707,0.25,2.0948336124420166,1,29,1.3894944190979004,{}
2165,17320,273608,binding_D0,0.4248412549495697,0.875,1.9629302024841309,1,5,0.26345038414001465,{}
2166,17328,273680,single_D4,0.5878900289535522,0.625,66.17539978027344,1,9,0.469693660736084,{}
2167,17336,273912,single_D24,0.6823453903198242,0.625,4.776061534881592,1,29,1.4128355979919434,{}
2168,17344,274144,binding_D24,0.7099592089653015,0.5,1.414384126663208,1,29,1.394101858139038,{}
2169,17352,274280,binding_D12,0.6996539831161499,0.625,2.2630221843719482,1,17,0.831906795501709,{}
2170,17360,274416,binding_D12,0.6809831857681274,0.5,1.8265646696090698,1,17,0.8226594924926758,{}
2171,17368,274648,single_D24,0.7554211616516113,0.5,6.54500675201416,1,29,1.4019815921783447,{}
2172,17376,274688,single_D0,0.006544438190758228,1.0,0.3406185209751129,0,5,0.253598690032959,{}
2173,17384,274920,single_D24,0.7005326151847839,0.5,20.963651657104492,1,29,1.4026799201965332,{}
2174,17392,275056,single_D12,0.6690459847450256,0.625,11.59553337097168,1,17,0.8382706642150879,{}
2175,17400,275192,binding_D12,0.7208541631698608,0.75,1.5203953981399536,1,17,0.8291976451873779,{}
2176,17408,275328,single_D12,0.6359876394271851,0.625,15.56810474395752,1,17,0.8272480964660645,{}
2177,17416,275560,single_D24,0.7038134336471558,0.5,20.88437843322754,1,29,1.4354157447814941,"{""first_sensory_field_gradient_norm"": 4.087857814738527e-05, ""early_r_gradient_norm"": 0.00774929067119956, ""early_r_rms"": 0.014707409776747227, ""early_a_gradient_norm"": 0.002925398526713252, ""early_a_rms"": 0.0, ""late_r_gradient_norm"": 0.783778190612793, ""late_r_rms"": 0.11403514444828033, ""late_a_gradient_norm"": null, ""late_a_rms"": 0.03570573776960373, ""encoder_gradient_norm"": 7.111698627471924, ""raw_recurrent_gradient_rms"": 4.513469775702106e-06, ""state_stats"": {""inactive_fraction"": 0.42333984375, ""rectifier_off_fraction"": 0.68701171875, ""excitatory_mean"": 0.03782091662287712, ""inhibitory_mean"": 0.0894632339477539, ""tau_r_mean"": 5.195043563842773, ""tau_a_mean"": 36.79917526245117, ""adaptation_gain_mean"": 0.04748017340898514}, ""effective_recurrent_relative_update"": 5.8536747928883415e-06}"
2178,17424,275632,single_D4,0.3261270523071289,0.875,5.547256946563721,1,9,0.445559024810791,{}
2179,17432,275768,binding_D12,0.7507059574127197,0.25,1.381078839302063,1,17,0.8335025310516357,{}
2180,17440,275808,binding_D0,0.5308020710945129,0.75,3.4038169384002686,1,5,0.2579503059387207,{}
2181,17448,276040,binding_D24,0.7237517237663269,0.25,1.214701533317566,1,29,1.3920373916625977,{}
2182,17456,276080,single_D0,0.06071311607956886,1.0,43.178367614746094,1,5,0.2565433979034424,{}
2183,17464,276152,single_D4,0.25014740228652954,1.0,54.323150634765625,1,9,0.45139074325561523,{}
2184,17472,276288,single_D12,0.49530643224716187,0.75,21.824691772460938,1,17,0.8209009170532227,{}
2185,17480,276424,single_D12,0.5719887018203735,0.75,16.2646427154541,1,17,0.8371152877807617,{}
2186,17488,276464,single_D0,0.7880316972732544,0.75,175.98089599609375,1,5,0.257556676864624,{}
2187,17496,276536,single_D4,0.33533775806427,0.875,145.54183959960938,1,9,0.4415876865386963,{}
2188,17504,276624,motion_D0,0.21627013385295868,0.875,43.01118850708008,1,11,0.5812010765075684,{}
2189,17512,276856,single_D24,0.9360450506210327,0.25,46.64334487915039,1,29,1.3858234882354736,{}
2190,17520,276928,binding_D4,0.7154659032821655,0.375,2.0708024501800537,1,9,0.45664429664611816,{}
2191,17528,277064,binding_D12,0.7250099778175354,0.625,2.2173147201538086,1,17,0.8341543674468994,{}
2192,17536,277344,motion_D24,1.0477936267852783,0.625,8.239795684814453,1,35,1.7077677249908447,{}
2193,17544,277576,binding_D24,0.7034844756126404,0.375,2.1816251277923584,1,29,1.3761465549468994,{}
2194,17552,277712,single_D12,0.6966237425804138,0.625,18.44053840637207,1,17,0.839221715927124,{}
2195,17560,277944,binding_D24,0.6995288133621216,0.625,2.5674495697021484,1,29,1.388702154159546,{}
2196,17568,277984,single_D0,0.18648874759674072,0.875,12.186952590942383,1,5,0.24804186820983887,{}
2197,17576,278216,binding_D24,0.761631965637207,0.25,3.5081844329833984,1,29,1.392836093902588,{}
2198,17584,278352,single_D12,0.620320737361908,0.75,37.86320495605469,1,17,0.8318414688110352,{}
2199,17592,278632,motion_D24,1.0027936697006226,0.875,9.568828582763672,1,35,1.7021024227142334,{}
2200,17600,278672,single_D0,0.007659630849957466,1.0,0.6971098184585571,0,5,0.2607994079589844,{}
2201,17608,278904,binding_D24,0.7037093043327332,0.25,1.0101665258407593,1,29,2.838757276535034,{}
2202,17616,279040,binding_D12,0.6946417689323425,0.375,1.1680845022201538,1,17,0.8256082534790039,{}
2203,17624,279080,binding_D0,0.7136187553405762,0.375,6.265061378479004,1,5,0.27725696563720703,{}
2204,17632,279312,single_D24,0.8402034640312195,0.375,33.44755172729492,1,29,1.392033576965332,{}
2205,17640,279544,binding_D24,0.69886314868927,0.25,1.2782186269760132,1,29,1.395500659942627,{}
2206,17648,279776,single_D24,0.6997426152229309,0.625,29.633527755737305,1,29,1.3848471641540527,{}
2207,17656,279848,single_D4,0.5628534555435181,0.75,138.17018127441406,1,9,0.4531435966491699,{}
2208,17664,279920,binding_D4,0.676001250743866,0.625,1.9098663330078125,1,9,0.4638519287109375,{}
2209,17672,280008,motion_D0,2.030177593231201,0.75,215.87188720703125,1,11,0.5693643093109131,{}
2210,17680,280048,binding_D0,0.653762698173523,0.5,4.904168605804443,1,5,0.26654720306396484,{}
2211,17688,280136,motion_D0,2.0798892974853516,0.625,320.6075439453125,1,11,0.5701899528503418,{}
2212,17696,280368,single_D24,0.6158368587493896,0.5,65.97881317138672,1,29,1.3890223503112793,{}
2213,17704,280504,single_D12,0.900453507900238,0.375,93.27435302734375,1,17,0.827134370803833,{}
2214,17712,280640,binding_D12,0.789882242679596,0.125,2.4358811378479004,1,17,0.8139164447784424,{}
2215,17720,280680,single_D0,0.2506645917892456,0.875,100.93307495117188,1,5,0.2607853412628174,{}
2216,17728,280720,single_D0,0.12690456211566925,0.875,69.53190612792969,1,5,0.24760699272155762,{}
2217,17736,280792,binding_D4,0.5587230920791626,0.875,1.9145171642303467,1,9,0.4572279453277588,{}
2218,17744,280864,binding_D4,0.6788398623466492,0.5,2.521047353744507,1,9,0.460158109664917,{}
2219,17752,281000,single_D12,0.7188824415206909,0.375,74.82991027832031,1,17,0.8350574970245361,{}
2220,17760,281072,binding_D4,0.6368148326873779,0.75,2.461397886276245,1,9,0.45192813873291016,{}
2221,17768,281208,binding_D12,0.7244462370872498,0.375,1.483973741531372,1,17,0.828927755355835,{}
2222,17776,281440,single_D24,0.7652209997177124,0.375,34.44037628173828,1,29,1.4050486087799072,{}
2223,17784,281480,binding_D0,0.656963586807251,0.5,3.8827314376831055,1,5,0.26059842109680176,{}
2224,17792,281520,binding_D0,0.6403586268424988,0.5,2.9771182537078857,1,5,0.26287078857421875,{}
2225,17800,281560,single_D0,0.017724083736538887,1.0,4.924326419830322,1,5,0.25595641136169434,{}
2226,17808,281632,binding_D4,0.6116901636123657,0.875,1.5356742143630981,1,9,0.4550812244415283,{}
2227,17816,281672,binding_D0,0.6243554949760437,0.625,2.9861199855804443,1,5,0.2582063674926758,{}
2228,17824,281904,binding_D24,0.7243918180465698,0.375,2.258105516433716,1,29,1.3897128105163574,{}
2229,17832,281976,single_D4,0.15913014113903046,1.0,33.20078659057617,1,9,0.4493370056152344,{}
2230,17840,282048,binding_D4,0.7705601453781128,0.375,2.139333724975586,1,9,0.4620037078857422,{}
2231,17848,282088,binding_D0,0.5523121356964111,0.75,3.1760761737823486,1,5,0.25411462783813477,{}
2232,17856,282176,motion_D0,0.14670325815677643,1.0,40.09859085083008,1,11,0.561997652053833,{}
2233,17864,282248,single_D4,0.3649275302886963,0.75,28.236841201782227,1,9,0.46399998664855957,{}
2234,17872,282528,motion_D24,0.8560864329338074,0.625,17.474411010742188,1,35,1.6899325847625732,{}
2235,17880,282600,single_D4,0.34967222809791565,0.75,62.34484100341797,1,9,0.4525167942047119,{}
2236,17888,282672,binding_D4,0.6137356758117676,0.75,1.140189528465271,1,9,0.44110798835754395,{}
2237,17896,282712,binding_D0,0.6025577783584595,0.625,3.4294636249542236,1,5,0.2622840404510498,{}
2238,17904,282784,single_D4,0.41728174686431885,0.75,14.723039627075195,1,9,0.4529592990875244,{}
2239,17912,283064,motion_D24,1.1869460344314575,0.5,16.47308349609375,1,35,1.6984531879425049,{}
2240,17920,283136,binding_D4,0.6168888211250305,0.625,1.2751696109771729,1,9,0.4581153392791748,{}
2241,17928,283224,motion_D0,1.0365698337554932,0.625,154.40077209472656,1,11,0.5665624141693115,{}
2242,17936,283360,single_D12,0.8668265342712402,0.25,20.398834228515625,1,17,0.8382375240325928,{}
2243,17944,283592,single_D24,0.7477155923843384,0.5,44.63568115234375,1,29,1.3976528644561768,{}
2244,17952,283824,binding_D24,0.7407374382019043,0.25,3.178337335586548,1,29,1.3878116607666016,{}
2245,17960,283960,single_D12,0.6777747273445129,0.5,56.79751205444336,1,17,0.8451919555664062,{}
2246,17968,284000,binding_D0,0.5397161245346069,0.75,3.8964791297912598,1,5,0.2597975730895996,{}
2247,17976,284072,binding_D4,0.7413755655288696,0.5,2.2393972873687744,1,9,0.44580721855163574,{}
2248,17984,284144,single_D4,0.8323045372962952,0.5,218.4147491455078,1,9,0.4575636386871338,{}
2249,17992,284216,single_D4,1.079261064529419,0.375,207.53839111328125,1,9,0.4373612403869629,{}
2250,18000,284256,single_D0,0.0476568341255188,1.0,4.525585174560547,1,5,0.2556428909301758,{}
2251,18008,284296,single_D0,0.014435737393796444,1.0,1.542059302330017,1,5,0.26669812202453613,{}
2252,18016,284432,binding_D12,0.6279111504554749,0.625,1.599181890487671,1,17,0.8310694694519043,{}
2253,18024,284664,binding_D24,0.7142166495323181,0.375,2.942570209503174,1,29,1.3858115673065186,{}
2254,18032,284704,binding_D0,0.6914302706718445,0.625,2.710965871810913,1,5,0.2588651180267334,{}
2255,18040,284936,single_D24,1.1495509147644043,0.5,166.5098114013672,1,29,1.389897346496582,{}
2256,18048,285072,single_D12,1.0997920036315918,0.5,143.05592346191406,1,17,0.8210334777832031,{}
2257,18056,285112,binding_D0,0.5380802154541016,0.75,2.398531198501587,1,5,0.2681870460510254,{}
2258,18064,285200,motion_D0,3.562140703201294,0.75,78.05342102050781,1,11,0.5833532810211182,{}
2259,18072,285240,single_D0,0.11357563734054565,1.0,25.0876407623291,1,5,0.2654998302459717,{}
2260,18080,285376,single_D12,0.8306859731674194,0.375,98.05792999267578,1,17,0.8529295921325684,{}
2261,18088,285448,binding_D4,0.6729681491851807,0.625,1.3625308275222778,1,9,0.49610400199890137,{}
2262,18096,285520,single_D4,0.45409345626831055,0.625,121.8031005859375,1,9,0.47905921936035156,{}
2263,18104,285800,motion_D24,1.050808072090149,0.75,9.475529670715332,1,35,1.746917963027954,{}
2264,18112,285936,single_D12,0.6239379048347473,0.5,25.322019577026367,1,17,0.8467211723327637,{}
2265,18120,286072,binding_D12,0.7101935148239136,0.5,2.1964263916015625,1,17,0.8434970378875732,{}
2266,18128,286160,motion_D0,2.4445114135742188,0.75,326.5923156738281,1,11,0.6302378177642822,{}
2267,18136,286392,binding_D24,0.6580743193626404,0.5,1.6206592321395874,1,29,1.4022891521453857,{}
2268,18144,286432,single_D0,0.009035791270434856,1.0,4.154090881347656,1,5,0.2694861888885498,{}
2269,18152,286504,single_D4,0.1807907670736313,1.0,26.153553009033203,1,9,0.45392417907714844,{}
2270,18160,286736,binding_D24,0.6883568167686462,0.625,1.5275987386703491,1,29,1.4270563125610352,{}
2271,18168,286808,binding_D4,0.6030209064483643,0.625,1.6968441009521484,1,9,0.4548783302307129,{}
2272,18176,286880,binding_D4,0.5797832012176514,0.75,2.14410400390625,1,9,0.4646282196044922,{}
2273,18184,286920,binding_D0,0.3509359657764435,1.0,3.1012964248657227,1,5,0.2631065845489502,{}
2274,18192,286992,single_D4,0.19451916217803955,1.0,25.994897842407227,1,9,0.4548203945159912,{}
2275,18200,287224,single_D24,0.7067765593528748,0.625,43.65620422363281,1,29,1.560819387435913,{}
2276,18208,287264,single_D0,0.38421833515167236,0.875,143.18814086914062,1,5,0.271697998046875,{}
2277,18216,287496,binding_D24,0.6700049638748169,0.5,1.471305251121521,1,29,1.392204761505127,{}
2278,18224,287584,motion_D0,0.4231022596359253,0.75,132.60061645507812,1,11,0.5890305042266846,{}
2279,18232,287720,single_D12,0.9626427888870239,0.375,28.592308044433594,1,17,0.8465583324432373,{}
2280,18240,287856,binding_D12,0.6065874099731445,0.875,1.2765028476715088,1,17,0.8373219966888428,{}
2281,18248,288088,binding_D24,0.7658928632736206,0.375,2.0552477836608887,1,29,1.4115986824035645,{}
2282,18256,288224,single_D12,0.7922687530517578,0.375,29.10601043701172,1,17,0.8272695541381836,{}
2283,18264,288296,single_D4,0.12649105489253998,1.0,11.314237594604492,1,9,0.458233118057251,{}
2284,18272,288368,binding_D4,0.5733672380447388,0.75,1.8928557634353638,1,9,0.4626591205596924,{}
2285,18280,288600,binding_D24,0.6172089576721191,0.875,3.8190481662750244,1,29,1.4130029678344727,{}
2286,18288,288832,binding_D24,0.6973679661750793,0.375,1.3392752408981323,1,29,1.4641926288604736,{}
2287,18296,288872,single_D0,0.036478303372859955,1.0,5.867489337921143,1,5,0.251939058303833,{}
2288,18304,288912,binding_D0,0.6029168963432312,0.75,2.895346164703369,1,5,0.2728445529937744,{}
2289,18312,288984,binding_D4,0.7685278654098511,0.375,2.125220775604248,1,9,0.46278977394104004,{}
2290,18320,289056,binding_D4,0.49489501118659973,0.75,1.4096263647079468,1,9,0.4488556385040283,{}
2291,18328,289192,single_D12,0.7562150955200195,0.5,16.205778121948242,1,17,0.8406059741973877,{}
2292,18336,289472,motion_D24,1.1856848001480103,0.375,11.09991455078125,1,35,1.7399616241455078,{}
2293,18344,289544,single_D4,0.050518859177827835,1.0,10.817924499511719,1,9,0.46251916885375977,{}
2294,18352,289680,binding_D12,0.7724774479866028,0.5,3.044431447982788,1,17,0.8429126739501953,{}
2295,18360,289816,binding_D12,0.724852442741394,0.625,2.502910614013672,1,17,0.8237507343292236,{}
2296,18368,290048,binding_D24,0.6310346126556396,0.625,3.1734046936035156,1,29,1.3966577053070068,{}
2297,18376,290088,binding_D0,0.3190387487411499,1.0,3.2832717895507812,1,5,0.26253819465637207,{}
2298,18384,290224,binding_D12,0.6503738164901733,0.75,2.4749653339385986,1,17,0.8518493175506592,{}
2299,18392,290264,binding_D0,0.584633469581604,0.625,4.737521171569824,1,5,0.2628762722015381,{}
2300,18400,290304,binding_D0,0.45368558168411255,0.875,3.182645797729492,1,5,0.2693214416503906,{}
2301,18408,290536,single_D24,0.7345717549324036,0.375,8.518450736999512,1,29,1.409466028213501,{}
2302,18416,290608,binding_D4,0.5087153315544128,0.875,1.686366081237793,1,9,0.4591844081878662,{}
2303,18424,290744,binding_D12,0.6540349721908569,0.75,3.447958469390869,1,17,0.8575575351715088,{}
2304,18432,290784,single_D0,0.02498471364378929,1.0,14.075658798217773,1,5,0.2701249122619629,{}
2305,18440,290824,single_D0,0.5591890215873718,0.875,58.59170913696289,1,5,0.2779817581176758,"{""first_sensory_field_gradient_norm"": 0.0019675057847052813, ""early_r_gradient_norm"": 0.14066791534423828, ""early_r_rms"": 0.023576658219099045, ""early_a_gradient_norm"": 0.013938439078629017, ""early_a_rms"": 0.0, ""late_r_gradient_norm"": 0.5932462215423584, ""late_r_rms"": 0.34828153252601624, ""late_a_gradient_norm"": null, ""late_a_rms"": 0.029159052297472954, ""encoder_gradient_norm"": 43.10322189331055, ""raw_recurrent_gradient_rms"": 6.623006811423693e-06, ""state_stats"": {""inactive_fraction"": 0.17431640625, ""rectifier_off_fraction"": 0.43798828125, ""excitatory_mean"": 0.22447820007801056, ""inhibitory_mean"": 0.26982951164245605, ""tau_r_mean"": 5.196727752685547, ""tau_a_mean"": 36.801109313964844, ""adaptation_gain_mean"": 0.047476693987846375}, ""effective_recurrent_relative_update"": 4.854040071222698e-06}"
2306,18448,291056,single_D24,0.8736543655395508,0.5,75.16354370117188,1,29,1.5202207565307617,{}
2307,18456,291288,single_D24,0.7948139309883118,0.5,58.12596130371094,1,29,1.4027705192565918,{}
2308,18464,291568,motion_D24,1.1183512210845947,0.5,8.58686637878418,1,35,1.7489228248596191,{}
2309,18472,291640,single_D4,0.5655892491340637,0.625,74.87968444824219,1,9,0.4694368839263916,{}
2310,18480,291712,binding_D4,0.5913599133491516,0.5,3.4167912006378174,1,9,0.54793381690979,{}
2311,18488,291848,binding_D12,0.8442524075508118,0.25,4.404291152954102,1,17,0.873809814453125,{}
2312,18496,291888,binding_D0,0.3405086100101471,1.0,2.6047587394714355,1,5,0.2761876583099365,{}
2313,18504,291928,single_D0,0.1736283004283905,0.875,29.381900787353516,1,5,0.2837364673614502,{}
2314,18512,292000,single_D4,0.1097588837146759,1.0,6.009950160980225,1,9,0.47561168670654297,{}
2315,18520,292232,single_D24,0.648129940032959,0.625,16.034631729125977,1,29,1.43550443649292,{}
2316,18528,292464,single_D24,0.80720055103302,0.375,26.792856216430664,1,29,1.4527990818023682,{}
2317,18536,292696,single_D24,0.7042599320411682,0.375,19.478708267211914,1,29,1.4465389251708984,{}
2318,18544,292832,binding_D12,0.6506944894790649,0.5,2.657304048538208,1,17,0.8663482666015625,{}
2319,18552,293112,motion_D24,1.0805264711380005,0.5,5.861496448516846,1,35,1.7685225009918213,{}
2320,18560,293248,single_D12,0.6285045146942139,0.5,27.440277099609375,1,17,0.8790709972381592,{}
2321,18568,293384,single_D12,0.6390036940574646,0.5,29.08664321899414,1,17,0.8453540802001953,{}
2322,18576,293472,motion_D0,1.0770537853240967,0.75,164.33203125,1,11,0.5922658443450928,{}
2323,18584,293512,single_D0,0.18128308653831482,0.875,39.80691146850586,1,5,0.2638392448425293,{}
2324,18592,293792,motion_D24,1.108648657798767,0.875,6.178916931152344,1,35,1.7679882049560547,{}
2325,18600,293928,binding_D12,0.7935576438903809,0.5,4.572598934173584,1,17,0.9119532108306885,{}
2326,18608,293968,single_D0,0.02591153420507908,1.0,4.098710060119629,1,5,0.2730531692504883,{}
2327,18616,294200,binding_D24,0.7346688508987427,0.5,1.55860435962677,1,29,1.4468765258789062,{}
2328,18624,294240,single_D0,0.01181719545274973,1.0,1.7258236408233643,1,5,0.30901384353637695,{}
2329,18632,294376,single_D12,0.6449344754219055,0.625,8.477988243103027,1,17,1.0182924270629883,{}
2330,18640,294448,single_D4,0.42066895961761475,0.75,17.550731658935547,1,9,0.470426082611084,{}
2331,18648,294680,single_D24,0.8188682794570923,0.25,12.968701362609863,1,29,1.4456419944763184,{}
2332,18656,294816,binding_D12,0.7460926175117493,0.375,1.9364362955093384,1,17,0.8701529502868652,{}
2333,18664,294888,binding_D4,0.6306684017181396,0.5,2.2546727657318115,1,9,0.46459531784057617,{}
2334,18672,294928,binding_D0,0.542074978351593,0.75,2.9773736000061035,1,5,0.2828347682952881,{}
2335,18680,294968,single_D0,0.014485265128314495,1.0,4.422262191772461,1,5,0.28324270248413086,{}
2336,18688,295104,single_D12,0.8612551093101501,0.25,82.98095703125,1,17,0.8531115055084229,{}
2337,18696,295176,binding_D4,0.6276519894599915,0.75,1.9112976789474487,1,9,0.4718747138977051,{}
2338,18704,295408,single_D24,0.7903262972831726,0.25,19.976903915405273,1,29,1.4357984066009521,{}
2339,18712,295544,single_D12,0.7122709155082703,0.5,29.599428176879883,1,17,0.8573629856109619,{}
2340,18720,295776,single_D24,0.717060923576355,0.5,6.934390544891357,1,29,1.4475207328796387,{}
2341,18728,296008,binding_D24,0.6677126884460449,0.75,1.5314959287643433,1,29,1.4501104354858398,{}
2342,18736,296048,binding_D0,0.5882024765014648,0.875,3.6811368465423584,1,5,0.2923450469970703,{}
2343,18744,296120,binding_D4,0.6977396011352539,0.5,1.991554617881775,1,9,0.4710710048675537,{}
2344,18752,296160,binding_D0,0.6334027647972107,0.625,5.017801284790039,1,5,0.29723453521728516,{}
2345,18760,296392,binding_D24,0.6117300391197205,0.625,2.351215124130249,1,29,1.5998663902282715,{}
2346,18768,296464,binding_D4,0.7553586959838867,0.25,3.2314324378967285,1,9,0.47762274742126465,{}
2347,18776,296600,single_D12,0.8586972951889038,0.125,77.61958312988281,1,17,0.8826980590820312,{}
2348,18784,296672,single_D4,0.3910708725452423,0.75,115.4302749633789,1,9,0.45616626739501953,{}
2349,18792,296952,motion_D24,1.0002655982971191,0.5,13.845706939697266,1,35,1.7824242115020752,{}
2350,18800,297184,binding_D24,0.7095040082931519,0.625,2.0052361488342285,1,29,1.4299380779266357,{}
2351,18808,297416,single_D24,0.6373317241668701,0.625,19.280519485473633,1,29,1.4500937461853027,{}
2352,18816,297552,single_D12,0.7294977903366089,0.375,31.142621994018555,1,17,0.8480324745178223,{}
2353,18824,297624,single_D4,0.17932309210300446,0.875,72.22811126708984,1,9,0.46828532218933105,{}
2354,18832,297760,single_D12,0.6477857828140259,0.5,23.52178192138672,1,17,0.8579649925231934,{}
2355,18840,297896,binding_D12,0.6795182824134827,0.5,4.818080425262451,1,17,0.861720085144043,{}
2356,18848,297984,motion_D0,0.5856499075889587,0.75,162.58673095703125,1,11,0.5851864814758301,{}
2357,18856,298056,binding_D4,0.5939491987228394,0.5,4.496284008026123,1,9,0.49903082847595215,{}
2358,18864,298288,binding_D24,0.8300785422325134,0.5,4.699315071105957,1,29,1.4319875240325928,{}
2359,18872,298424,single_D12,0.7850456237792969,0.5,27.593366622924805,1,17,0.8658802509307861,{}
2360,18880,298560,binding_D12,0.6779420375823975,0.625,3.7489125728607178,1,17,0.8474318981170654,{}
2361,18888,298696,single_D12,0.7018176913261414,0.625,32.75313186645508,1,17,0.8708891868591309,{}
2362,18896,298832,binding_D12,0.7083867788314819,0.375,2.035731554031372,1,17,0.8423404693603516,{}
2363,18904,298920,motion_D0,0.10713425278663635,1.0,58.5264892578125,1,11,0.5937190055847168,{}
2364,18912,298960,single_D0,0.8071141242980957,0.75,136.28274536132812,1,5,0.27236223220825195,{}
2365,18920,299192,single_D24,0.7451390027999878,0.375,13.858911514282227,1,29,1.4413321018218994,{}
2366,18928,299264,binding_D4,0.5331956744194031,0.875,2.227216958999634,1,9,0.47895026206970215,{}
2367,18936,299496,single_D24,0.6991282105445862,0.375,23.222747802734375,1,29,1.437835931777954,{}
2368,18944,299536,binding_D0,0.3611034154891968,1.0,4.169931411743164,1,5,0.27184557914733887,{}
2369,18952,299672,binding_D12,0.6984267830848694,0.625,2.203453540802002,1,17,0.8613827228546143,{}
2370,18960,299904,single_D24,0.7016990184783936,0.625,12.527405738830566,1,29,1.4404032230377197,{}
2371,18968,300136,binding_D24,0.7827383875846863,0.25,2.1711933612823486,1,29,1.470137596130371,{}
2372,18976,300176,single_D0,0.07216520607471466,1.0,29.31528663635254,1,5,0.26384806632995605,{}
2373,18984,300216,binding_D0,0.382723331451416,0.875,3.9539215564727783,1,5,0.28209829330444336,{}
2374,18992,300352,binding_D12,0.6531727313995361,0.75,2.8442697525024414,1,17,0.8671989440917969,{}
2375,19000,300424,single_D4,0.243564173579216,0.875,38.08012390136719,1,9,0.45526695251464844,{}
2376,19008,300464,single_D0,0.02307228557765484,1.0,9.970081329345703,1,5,0.3073122501373291,{}
2377,19016,300696,binding_D24,0.7483055591583252,0.5,2.4273159503936768,1,29,1.4456992149353027,{}
2378,19024,300768,binding_D4,0.582062840461731,0.75,2.7051100730895996,1,9,0.4754188060760498,{}
2379,19032,300808,binding_D0,0.4461701810359955,0.75,2.311798334121704,1,5,0.2700352668762207,{}
2380,19040,300880,single_D4,0.20002451539039612,1.0,17.919166564941406,1,9,0.47069621086120605,{}
2381,19048,301016,binding_D12,0.7507015466690063,0.5,3.6353254318237305,1,17,0.8558340072631836,{}
2382,19056,301056,single_D0,0.09394392371177673,1.0,40.79159164428711,1,5,0.2770192623138428,{}
2383,19064,301096,binding_D0,0.4509035646915436,0.75,2.337982416152954,1,5,0.27513623237609863,{}
2384,19072,301168,single_D4,0.2755383253097534,1.0,25.353229522705078,1,9,0.4716298580169678,{}
2385,19080,301208,binding_D0,0.32569074630737305,1.0,3.374561071395874,1,5,0.28469038009643555,{}
2386,19088,301440,single_D24,0.7048914432525635,0.5,4.542673110961914,1,29,1.6639788150787354,{}
2387,19096,301512,single_D4,0.24148884415626526,1.0,6.915507793426514,1,9,0.5926709175109863,{}
2388,19104,301648,binding_D12,0.6306549906730652,0.625,3.0566463470458984,1,17,0.9019508361816406,{}
2389,19112,301736,motion_D0,2.906289577484131,0.5,200.4175262451172,1,11,0.6314747333526611,{}
2390,19120,301776,binding_D0,0.5026662945747375,0.625,3.9868688583374023,1,5,0.2807154655456543,{}
2391,19128,301816,single_D0,0.493917316198349,0.75,48.82427215576172,1,5,0.2652711868286133,{}
2392,19136,302048,binding_D24,0.6786680817604065,0.625,1.7830870151519775,1,29,1.4435644149780273,{}
2393,19144,302280,binding_D24,0.788201093673706,0.375,1.5885099172592163,1,29,1.4438118934631348,{}
2394,19152,302352,single_D4,0.13129839301109314,1.0,43.59428405761719,1,9,0.47739648818969727,{}
2395,19160,302424,single_D4,0.19543196260929108,1.0,48.10768127441406,1,9,0.47212767601013184,{}
2396,19168,302704,motion_D24,1.1183595657348633,0.625,9.514461517333984,1,35,1.7580771446228027,{}
2397,19176,302936,single_D24,0.6724846363067627,0.625,19.826425552368164,1,29,1.4734032154083252,{}
2398,19184,303008,binding_D4,0.44853463768959045,1.0,1.7986122369766235,1,9,0.47400808334350586,{}
2399,19192,303080,binding_D4,0.7100139856338501,0.5,2.0130157470703125,1,9,0.4967162609100342,{}
2400,19200,303360,motion_D24,1.018446445465088,0.875,8.989842414855957,1,35,1.7768878936767578,{}
2401,19208,303496,binding_D12,0.7667436003684998,0.5,2.375490427017212,1,17,0.921811580657959,{}
2402,19216,303568,binding_D4,0.5481075048446655,0.875,2.100160598754883,1,9,0.47784876823425293,{}
2403,19224,303608,single_D0,0.02502085268497467,1.0,16.571678161621094,1,5,0.27300357818603516,{}
2404,19232,303648,single_D0,0.0028553232550621033,1.0,0.2750683128833771,0,5,0.291365385055542,{}
2405,19240,303880,binding_D24,0.7318986654281616,0.375,3.173240900039673,1,29,1.5019817352294922,{}
2406,19248,304112,binding_D24,0.7453254461288452,0.5,1.5591830015182495,1,29,1.4781837463378906,{}
2407,19256,304248,binding_D12,0.6918630599975586,0.5,2.4204535484313965,1,17,0.8621494770050049,{}
2408,19264,304320,binding_D4,0.6375842094421387,0.75,2.053377866744995,1,9,0.4639570713043213,{}
2409,19272,304360,binding_D0,0.3326893150806427,1.0,3.4113481044769287,1,5,0.2879500389099121,{}
2410,19280,304400,single_D0,0.07669701427221298,1.0,20.39668846130371,1,5,0.294095516204834,{}
2411,19288,304536,binding_D12,0.5847135782241821,0.625,4.740964889526367,1,17,0.8530683517456055,{}
2412,19296,304672,binding_D12,0.7716740369796753,0.5,1.8341482877731323,1,17,0.8623440265655518,{}
2413,19304,304712,binding_D0,0.45379647612571716,0.875,4.57627010345459,1,5,0.27533745765686035,{}
2414,19312,304752,binding_D0,0.4796593189239502,0.625,4.459141254425049,1,5,0.26756715774536133,{}
2415,19320,304984,single_D24,0.804999828338623,0.5,23.322818756103516,1,29,1.4480705261230469,{}
2416,19328,305056,binding_D4,0.5560978055000305,0.75,3.165761947631836,1,9,0.535999059677124,{}
2417,19336,305128,single_D4,0.09405916929244995,1.0,34.69086837768555,1,9,0.4672434329986572,{}
2418,19344,305168,single_D0,0.0023868680000305176,1.0,0.16375677287578583,0,5,0.2652273178100586,{}
2419,19352,305400,binding_D24,0.5632351636886597,0.75,3.242655038833618,1,29,1.4584300518035889,{}
2420,19360,305536,binding_D12,0.6665418744087219,0.625,2.58158540725708,1,17,1.0077061653137207,{}
2421,19368,305608,binding_D4,0.6634818315505981,0.5,6.109947204589844,1,9,0.4671630859375,{}
2422,19376,305744,single_D12,0.7173348069190979,0.625,13.402626991271973,1,17,0.8781535625457764,{}
2423,19384,306024,motion_D24,0.9401999711990356,0.75,11.970246315002441,1,35,1.7936046123504639,{}
2424,19392,306304,motion_D24,1.234363317489624,0.375,4.228184223175049,1,35,1.7921581268310547,{}
2425,19400,306392,motion_D0,1.4293854236602783,0.625,236.0602264404297,1,11,0.5997545719146729,{}
2426,19408,306528,binding_D12,0.6573883295059204,0.625,2.498748302459717,1,17,0.8745145797729492,{}
2427,19416,306760,single_D24,0.7544234395027161,0.5,11.555608749389648,1,29,1.4867000579833984,{}
2428,19424,306832,single_D4,0.22852282226085663,0.875,28.72124671936035,1,9,0.5068264007568359,{}
2429,19432,307064,single_D24,0.769882082939148,0.125,7.93872594833374,1,29,1.4513218402862549,{}
2430,19440,307296,binding_D24,0.6227439641952515,0.75,1.769237995147705,1,29,1.462874174118042,{}
2431,19448,307432,single_D12,0.6821375489234924,0.375,11.158655166625977,1,17,0.869434118270874,{}
2432,19456,307472,binding_D0,0.35823753476142883,0.875,3.137376070022583,1,5,0.277477502822876,{}
2433,19464,307704,single_D24,0.7617617845535278,0.375,32.502288818359375,1,29,1.5208160877227783,"{""first_sensory_field_gradient_norm"": 4.03707854275126e-05, ""early_r_gradient_norm"": 0.007833248935639858, ""early_r_rms"": 0.017377648502588272, ""early_a_gradient_norm"": 0.003180653089657426, ""early_a_rms"": 0.0, ""late_r_gradient_norm"": 0.8140305280685425, ""late_r_rms"": 0.20391103625297546, ""late_a_gradient_norm"": null, ""late_a_rms"": 0.04245889186859131, ""encoder_gradient_norm"": 18.34932518005371, ""raw_recurrent_gradient_rms"": 6.7851410676667e-06, ""state_stats"": {""inactive_fraction"": 0.44091796875, ""rectifier_off_fraction"": 0.68310546875, ""excitatory_mean"": 0.0783473327755928, ""inhibitory_mean"": 0.1774466335773468, ""tau_r_mean"": 5.1991047859191895, ""tau_a_mean"": 36.80402755737305, ""adaptation_gain_mean"": 0.04747182875871658}, ""effective_recurrent_relative_update"": 5.789004262624076e-06}"
2434,19472,307840,binding_D12,0.7268697619438171,0.25,2.3985421657562256,1,17,0.8666348457336426,{}
2435,19480,308072,binding_D24,0.7089870572090149,0.375,2.40248703956604,1,29,1.4646716117858887,{}
2436,19488,308144,binding_D4,0.6002984642982483,0.5,3.7198426723480225,1,9,0.49959874153137207,{}
2437,19496,308216,single_D4,0.17142072319984436,1.0,8.555063247680664,1,9,0.48905038833618164,{}
2438,19504,308352,single_D12,0.5903140306472778,0.875,18.818084716796875,1,17,0.8488295078277588,{}
2439,19512,308584,binding_D24,0.6645877361297607,0.625,1.899398922920227,1,29,1.4342923164367676,{}
2440,19520,308864,motion_D24,1.164433240890503,0.375,15.30611801147461,1,35,1.8297345638275146,{}
2441,19528,308936,binding_D4,0.7300323843955994,0.375,2.910629987716675,1,9,0.4776489734649658,{}
2442,19536,309168,single_D24,0.8309733867645264,0.25,25.12315559387207,1,29,1.415597677230835,{}
2443,19544,309240,single_D4,0.20209310948848724,1.0,8.048343658447266,1,9,0.45899081230163574,{}
2444,19552,309376,single_D12,0.6416065096855164,0.625,9.023392677307129,1,17,0.8403224945068359,{}
2445,19560,309416,single_D0,0.017207009717822075,1.0,6.259480953216553,1,5,0.2588775157928467,{}
2446,19568,309488,single_D4,0.3835768699645996,1.0,41.455257415771484,1,9,0.4811832904815674,{}
2447,19576,309528,single_D0,0.008925896137952805,1.0,1.259218692779541,1,5,0.275468111038208,{}
2448,19584,309600,binding_D4,0.5949122905731201,0.5,4.120746612548828,1,9,0.4732811450958252,{}
2449,19592,309640,single_D0,0.057953447103500366,1.0,26.255496978759766,1,5,0.2645738124847412,{}
2450,19600,309776,single_D12,0.6044039726257324,0.75,9.665824890136719,1,17,0.8355803489685059,{}
2451,19608,309816,single_D0,0.19779446721076965,0.875,57.51394271850586,1,5,0.2652261257171631,{}
2452,19616,310048,single_D24,0.5956953763961792,0.75,8.246610641479492,1,29,1.4377381801605225,{}
2453,19624,310280,binding_D24,0.7152869701385498,0.5,2.806222677230835,1,29,1.4888522624969482,{}
2454,19632,310320,binding_D0,0.6088517904281616,0.625,4.419670581817627,1,5,0.2659614086151123,{}
2455,19640,310456,single_D12,0.6372254490852356,0.75,19.73284149169922,1,17,0.8506512641906738,{}
2456,19648,310544,motion_D0,0.7145009636878967,0.625,177.7661895751953,1,11,0.5801026821136475,{}
2457,19656,310584,binding_D0,0.43182843923568726,0.875,4.503906726837158,1,5,0.2762429714202881,{}
2458,19664,310656,single_D4,0.29232117533683777,0.875,40.37372589111328,1,9,0.48659348487854004,{}
2459,19672,310936,motion_D24,0.9894056916236877,0.75,7.231478691101074,1,35,1.8190460205078125,{}
2460,19680,311072,single_D12,0.6133735775947571,0.625,15.4782133102417,1,17,0.8422837257385254,{}
2461,19688,311208,single_D12,0.8696635365486145,0.25,31.747262954711914,1,17,0.8442385196685791,{}
2462,19696,311248,single_D0,0.28732889890670776,0.875,93.88965606689453,1,5,0.26162290573120117,{}
2463,19704,311384,binding_D12,0.7976454496383667,0.5,3.053971767425537,1,17,0.8882782459259033,{}
2464,19712,311616,single_D24,0.774434506893158,0.375,18.727333068847656,1,29,1.4242198467254639,{}
2465,19720,311848,single_D24,0.752236545085907,0.375,17.116525650024414,1,29,1.422555923461914,{}
2466,19728,311920,binding_D4,0.7253347039222717,0.5,2.610841989517212,1,9,0.46341800689697266,{}
2467,19736,312152,binding_D24,0.754738450050354,0.375,1.6988682746887207,1,29,1.4185025691986084,{}
2468,19744,312240,motion_D0,1.5349211692810059,0.625,168.5432891845703,1,11,0.5991325378417969,{}
2469,19752,312280,binding_D0,0.5975548028945923,0.75,5.9802117347717285,1,5,0.2684483528137207,{}
2470,19760,312352,single_D4,0.47577664256095886,0.75,98.77399444580078,1,9,0.4585385322570801,{}
2471,19768,312584,binding_D24,0.7580368518829346,0.5,3.254981517791748,1,29,1.4071872234344482,{}
2472,19776,312672,motion_D0,1.1340646743774414,0.625,98.46654510498047,1,11,0.6049835681915283,{}
2473,19784,312808,binding_D12,0.8080248236656189,0.25,3.2643091678619385,1,17,0.848773717880249,{}
2474,19792,312880,single_D4,0.601500391960144,0.75,33.012638092041016,1,9,0.4611208438873291,{}
2475,19800,312952,binding_D4,0.6416772603988647,0.5,3.3102192878723145,1,9,0.46640706062316895,{}
2476,19808,312992,binding_D0,0.44374459981918335,0.75,3.095999240875244,1,5,0.2727675437927246,{}
2477,19816,313128,single_D12,0.6952860951423645,0.5,59.193809509277344,1,17,0.8591940402984619,{}
2478,19824,313168,binding_D0,0.5199446678161621,0.75,4.245631694793701,1,5,0.2705676555633545,{}
2479,19832,313240,single_D4,0.34126415848731995,0.75,76.58120727539062,1,9,0.45056605339050293,{}
2480,19840,313472,single_D24,0.7564968466758728,0.375,45.30084991455078,1,29,1.4184391498565674,{}
2481,19848,313512,single_D0,0.03766535222530365,1.0,13.17819881439209,1,5,0.2527017593383789,{}
2482,19856,313648,binding_D12,0.6689893007278442,0.625,2.1487696170806885,1,17,0.8852829933166504,{}
2483,19864,313784,binding_D12,0.641772449016571,0.625,1.9035073518753052,1,17,0.8428776264190674,{}
2484,19872,313920,single_D12,0.585835337638855,0.5,36.294708251953125,1,17,0.9487090110778809,{}
2485,19880,313992,binding_D4,0.5763181447982788,0.625,1.9098179340362549,1,9,0.5316452980041504,{}
2486,19888,314224,single_D24,0.8798234462738037,0.375,25.071195602416992,1,29,1.6039361953735352,{}
2487,19896,314296,binding_D4,0.5816437005996704,0.625,2.4160444736480713,1,9,0.5121300220489502,{}
2488,19904,314384,motion_D0,0.8621377348899841,0.75,352.5040588378906,1,11,0.668170690536499,{}
2489,19912,314520,binding_D12,0.6789580583572388,0.5,2.2460992336273193,1,17,0.8827395439147949,{}
2490,19920,314800,motion_D24,1.2919915914535522,0.5,7.976477146148682,1,35,1.8448317050933838,{}
2491,19928,314936,single_D12,0.6077161431312561,0.625,45.84003448486328,1,17,0.8514914512634277,{}
2492,19936,314976,single_D0,0.3109435737133026,0.875,53.496761322021484,1,5,0.26617002487182617,{}
2493,19944,315016,single_D0,0.039130110293626785,1.0,15.986627578735352,1,5,0.26647353172302246,{}
2494,19952,315152,single_D12,0.6917816996574402,0.5,28.493738174438477,1,17,0.8470425605773926,{}
2495,19960,315224,binding_D4,0.5400677919387817,0.875,2.0744271278381348,1,9,0.44983530044555664,{}
2496,19968,315360,single_D12,0.5106115937232971,0.875,30.323129653930664,1,17,0.8534901142120361,{}
2497,19976,315400,binding_D0,0.5872911810874939,0.625,3.6797170639038086,1,5,0.274463415145874,{}
2498,19984,315440,binding_D0,0.6833884119987488,0.375,5.515786647796631,1,5,0.2759284973144531,{}
2499,19992,315672,binding_D24,0.7633574604988098,0.25,2.3765416145324707,1,29,1.4591038227081299,{}
2500,20000,315712,single_D0,0.5366756319999695,0.875,45.67555618286133,1,5,0.2740650177001953,{}
2501,20008,315784,single_D4,0.255127489566803,1.0,53.04091262817383,1,9,0.4597783088684082,{}
2502,20016,316016,binding_D24,0.7792335152626038,0.5,1.9777554273605347,1,29,1.4399025440216064,{}
2503,20024,316104,motion_D0,2.4360761642456055,0.625,330.82147216796875,1,11,0.5835955142974854,{}
2504,20032,316240,binding_D12,0.7932701706886292,0.375,2.772629737854004,1,17,0.8638238906860352,{}
2505,20040,316312,single_D4,0.050405703485012054,1.0,2.9749796390533447,1,9,0.49453091621398926,{}
2506,20048,316448,binding_D12,0.890247106552124,0.125,5.186099529266357,1,17,0.8893246650695801,{}
2507,20056,316680,binding_D24,0.7740662097930908,0.625,3.1075949668884277,1,29,1.4542255401611328,{}
2508,20064,316752,single_D4,0.17798523604869843,0.875,22.69175148010254,1,9,0.49041080474853516,{}
2509,20072,316888,binding_D12,0.8135355710983276,0.25,7.244760990142822,1,17,0.8638429641723633,{}
2510,20080,316960,single_D4,0.05382984131574631,1.0,15.703152656555176,1,9,0.46636962890625,{}
2511,20088,317000,single_D0,0.009035144001245499,1.0,1.3559341430664062,1,5,0.27408647537231445,{}
2512,20096,317040,binding_D0,0.46102866530418396,0.875,8.561613082885742,1,5,0.26722145080566406,{}
2513,20104,317176,single_D12,0.9213463068008423,0.5,42.2536506652832,1,17,0.8906862735748291,{}
2514,20112,317312,binding_D12,0.6671304702758789,0.625,2.1300241947174072,1,17,0.8537330627441406,{}
2515,20120,317448,single_D12,0.6970008015632629,0.5,56.710350036621094,1,17,0.8326218128204346,{}
2516,20128,317488,single_D0,0.010040752589702606,1.0,0.5947474241256714,0,5,0.2664661407470703,{}
2517,20136,317624,single_D12,0.7706975340843201,0.625,53.975685119628906,1,17,0.8663136959075928,{}
2518,20144,317856,single_D24,0.5699905753135681,0.625,8.681806564331055,1,29,1.4043748378753662,{}
2519,20152,317928,single_D4,0.20812861621379852,0.875,15.620195388793945,1,9,0.45206475257873535,{}
2520,20160,318160,single_D24,0.6293303966522217,0.5,10.292293548583984,1,29,1.4732115268707275,{}
2521,20168,318296,single_D12,0.640608012676239,0.375,43.252994537353516,1,17,0.8536641597747803,{}
2522,20176,318528,single_D24,0.7647539973258972,0.375,51.97133255004883,1,29,1.4111673831939697,{}
2523,20184,318760,binding_D24,0.8584271669387817,0.375,4.459417819976807,1,29,1.407088279724121,{}
2524,20192,318992,single_D24,0.7815886735916138,0.625,71.99513244628906,1,29,1.4247863292694092,{}
2525,20200,319032,single_D0,1.0660399198532104,0.75,87.99748992919922,1,5,0.25930333137512207,{}
2526,20208,319264,binding_D24,0.7418143153190613,0.25,3.138634443283081,1,29,1.4230756759643555,{}
2527,20216,319544,motion_D24,0.984157919883728,0.75,7.443624496459961,1,35,1.7966957092285156,{}
2528,20224,319584,binding_D0,0.3573412299156189,0.75,4.110629558563232,1,5,0.2991938591003418,{}
2529,20232,319624,single_D0,0.03224731981754303,1.0,19.343345642089844,1,5,0.25781989097595215,{}
2530,20240,319664,binding_D0,0.49619483947753906,0.75,4.863365173339844,1,5,0.2634556293487549,{}
2531,20248,319896,single_D24,1.2687034606933594,0.25,59.4070930480957,1,29,1.406541347503662,{}
2532,20256,320128,binding_D24,0.7331444025039673,0.5,1.5760921239852905,1,29,1.41365385055542,{}
2533,20264,320360,binding_D24,0.7041285634040833,0.625,3.0436413288116455,1,29,1.4101173877716064,{}
2534,20272,320640,motion_D24,1.1687511205673218,0.625,4.911951065063477,1,35,1.726510763168335,{}
2535,20280,320680,binding_D0,0.619693398475647,0.75,5.302839279174805,1,5,0.280426025390625,{}
2536,20288,320912,binding_D24,0.7128406763076782,0.75,2.3315906524658203,1,29,1.3936281204223633,{}
2537,20296,321144,binding_D24,0.7796437740325928,0.125,1.7835826873779297,1,29,1.4149315357208252,{}
2538,20304,321216,binding_D4,0.5731984376907349,0.75,3.1666324138641357,1,9,0.46358799934387207,{}
2539,20312,321352,binding_D12,0.7531359195709229,0.375,2.3017005920410156,1,17,0.8448793888092041,{}
2540,20320,321424,single_D4,0.463049978017807,0.75,68.14672088623047,1,9,0.4559013843536377,{}
2541,20328,321464,single_D0,0.33112630248069763,0.875,88.8445816040039,1,5,0.2696866989135742,{}
2542,20336,321744,motion_D24,1.0983506441116333,0.25,9.363815307617188,1,35,1.752211332321167,{}
2543,20344,321976,single_D24,0.7890051007270813,0.5,20.166908264160156,1,29,1.4080734252929688,{}
2544,20352,322048,binding_D4,0.7003105878829956,0.625,2.7714426517486572,1,9,0.4618079662322998,{}
2545,20360,322184,binding_D12,0.6729063987731934,0.75,1.4558814764022827,1,17,0.8566570281982422,{}
2546,20368,322256,single_D4,0.21043792366981506,0.875,64.11343383789062,1,9,0.46210455894470215,{}
2547,20376,322328,binding_D4,0.6365290284156799,0.625,2.72713303565979,1,9,0.4775512218475342,{}
2548,20384,322560,single_D24,0.7551772594451904,0.375,14.073874473571777,1,29,1.407393217086792,{}
2549,20392,322632,binding_D4,0.7343990802764893,0.5,2.402576208114624,1,9,0.4575011730194092,{}
2550,20400,322768,single_D12,0.5938067436218262,0.625,36.13972854614258,1,17,0.838233232498169,{}
2551,20408,322840,single_D4,0.34631142020225525,0.75,47.49983215332031,1,9,0.453732967376709,{}
2552,20416,322880,binding_D0,0.4464118778705597,0.75,3.4490487575531006,1,5,0.27155613899230957,{}
2553,20424,322952,binding_D4,0.6783037185668945,0.375,2.4270551204681396,1,9,0.47530293464660645,{}
2554,20432,323024,binding_D4,0.6933086514472961,0.375,1.902241826057434,1,9,0.4853978157043457,{}
2555,20440,323112,motion_D0,1.7206907272338867,0.5,247.80206298828125,1,11,0.5924715995788574,{}
2556,20448,323344,single_D24,0.6426267623901367,0.75,4.956261157989502,1,29,1.410167932510376,{}
2557,20456,323384,binding_D0,0.5544026494026184,0.625,2.793342351913452,1,5,0.2746713161468506,{}
2558,20464,323472,motion_D0,0.7257720232009888,0.625,150.97755432128906,1,11,0.5847258567810059,{}
2559,20472,323512,binding_D0,0.5736672282218933,0.875,4.129651069641113,1,5,0.2717137336730957,{}
2560,20480,323584,single_D4,0.524462103843689,0.75,20.278053283691406,1,9,0.47145652770996094,{}
2561,20488,323656,single_D4,0.30296698212623596,0.875,14.12895393371582,1,9,0.4758603572845459,"{""first_sensory_field_gradient_norm"": 0.00021001105778850615, ""early_r_gradient_norm"": 0.044197697192430496, ""early_r_rms"": 0.013811172917485237, ""early_a_gradient_norm"": 0.004739947617053986, ""early_a_rms"": 0.0, ""late_r_gradient_norm"": 0.4568065106868744, ""late_r_rms"": 0.1562841832637787, ""late_a_gradient_norm"": null, ""late_a_rms"": 0.029372448101639748, ""encoder_gradient_norm"": 10.076902389526367, ""raw_recurrent_gradient_rms"": 4.888526746071875e-06, ""state_stats"": {""inactive_fraction"": 0.34765625, ""rectifier_off_fraction"": 0.56396484375, ""excitatory_mean"": 0.08270643651485443, ""inhibitory_mean"": 0.1291096806526184, ""tau_r_mean"": 5.200994491577148, ""tau_a_mean"": 36.805179595947266, ""adaptation_gain_mean"": 0.04747091233730316}, ""effective_recurrent_relative_update"": 6.134706381999422e-06}"
2562,20496,323728,binding_D4,0.6787365078926086,0.5,1.7320618629455566,1,9,0.4649043083190918,{}
2563,20504,323816,motion_D0,0.661172091960907,0.75,108.76468658447266,1,11,0.5801334381103516,{}
2564,20512,323888,binding_D4,0.6220394372940063,0.625,1.1417150497436523,1,9,0.49707674980163574,{}
2565,20520,324024,binding_D12,0.6945548057556152,0.625,2.0980567932128906,1,17,0.8277394771575928,{}
2566,20528,324064,binding_D0,0.4823143184185028,0.625,4.9853925704956055,1,5,0.2674286365509033,{}
2567,20536,324136,binding_D4,0.5730679631233215,0.75,1.7247275114059448,1,9,0.45860815048217773,{}
2568,20544,324368,binding_D24,0.6502065658569336,0.625,1.8679178953170776,1,29,1.42518949508667,{}
2569,20552,324440,single_D4,0.29303449392318726,0.75,23.64624786376953,1,9,0.4472777843475342,{}
2570,20560,324576,single_D12,0.5753812193870544,0.875,3.9620513916015625,1,17,0.8458747863769531,{}
2571,20568,324648,single_D4,0.47577282786369324,0.75,19.57373046875,1,9,0.4560713768005371,{}
2572,20576,324784,binding_D12,0.7200085520744324,0.25,2.0321567058563232,1,17,0.8357744216918945,{}
2573,20584,325016,single_D24,0.7040414214134216,0.5,12.57855224609375,1,29,1.4262707233428955,{}
2574,20592,325152,single_D12,0.7424812912940979,0.25,16.44752311706543,1,17,0.842984676361084,{}
2575,20600,325224,single_D4,0.20795518159866333,0.875,16.898412704467773,1,9,0.4469892978668213,{}
2576,20608,325360,single_D12,0.7453030943870544,0.5,19.286949157714844,1,17,0.8910725116729736,{}
2577,20616,325640,motion_D24,1.0200750827789307,0.625,12.040512084960938,1,35,1.7872650623321533,{}
2578,20624,325920,motion_D24,1.1066570281982422,0.375,22.515363693237305,1,35,1.8660597801208496,{}
2579,20632,325992,binding_D4,0.8155132532119751,0.625,4.375272274017334,1,9,0.4858565330505371,{}
2580,20640,326032,single_D0,0.01095040887594223,1.0,2.564058780670166,1,5,0.25223350524902344,{}
2581,20648,326312,motion_D24,1.0899226665496826,0.625,7.717243671417236,1,35,1.8133211135864258,{}
2582,20656,326384,binding_D4,0.5818115472793579,0.875,2.291344165802002,1,9,0.4757814407348633,{}
2583,20664,326424,single_D0,0.02902344986796379,1.0,6.9692158699035645,1,5,0.26686835289001465,{}
2584,20672,326560,single_D12,0.667900025844574,0.625,19.816530227661133,1,17,0.8440897464752197,{}
2585,20680,326648,motion_D0,2.3639633655548096,0.625,278.60919189453125,1,11,0.6124863624572754,{}
2586,20688,326736,motion_D0,0.41915184259414673,0.875,149.5243377685547,1,11,0.6014702320098877,{}
2587,20696,326776,single_D0,0.29983097314834595,0.875,93.18914794921875,1,5,0.26264286041259766,{}
2588,20704,327008,binding_D24,0.7327947616577148,0.375,3.247605323791504,1,29,1.4918479919433594,{}
2589,20712,327144,single_D12,0.6188627481460571,0.625,22.791526794433594,1,17,0.8529505729675293,{}
2590,20720,327376,binding_D24,0.6538617610931396,0.5,1.6189554929733276,1,29,1.4257559776306152,{}
2591,20728,327416,binding_D0,0.5455271601676941,0.875,3.5183680057525635,1,5,0.29581189155578613,{}
2592,20736,327488,binding_D4,0.6327730417251587,0.75,1.941395878791809,1,9,0.5072391033172607,{}
2593,20744,327624,single_D12,0.8122593760490417,0.75,55.911285400390625,1,17,0.8638119697570801,{}
2594,20752,327856,single_D24,0.6704419851303101,0.75,112.03458404541016,1,29,1.440570592880249,{}
2595,20760,327944,motion_D0,0.6752689480781555,0.875,123.83455657958984,1,11,0.6193797588348389,{}
2596,20768,328176,single_D24,1.0631331205368042,0.5,173.4739990234375,1,29,1.4442315101623535,{}
2597,20776,328216,binding_D0,0.4632143974304199,0.75,4.5686445236206055,1,5,0.28830575942993164,{}
2598,20784,328352,binding_D12,0.7781537175178528,0.375,2.8292789459228516,1,17,0.8472278118133545,{}
2599,20792,328392,binding_D0,0.31796157360076904,1.0,3.214231014251709,1,5,0.30221009254455566,{}
2600,20800,328432,single_D0,0.496721088886261,0.75,138.3757781982422,1,5,0.26525187492370605,{}
2601,20808,328472,binding_D0,0.5375982522964478,0.625,3.222186803817749,1,5,0.28230881690979004,{}
2602,20816,328544,binding_D4,0.5919612646102905,0.625,2.1096885204315186,1,9,0.4731934070587158,{}
2603,20824,328680,binding_D12,0.702127993106842,0.625,1.7884079217910767,1,17,0.838165283203125,{}
2604,20832,328720,single_D0,0.4095301628112793,0.875,16.51007843017578,1,5,0.2755420207977295,{}
2605,20840,328760,single_D0,0.023998452350497246,1.0,3.3004374504089355,1,5,0.2538268566131592,{}
2606,20848,328832,single_D4,0.2887004613876343,0.875,9.426872253417969,1,9,0.4602334499359131,{}
2607,20856,329064,single_D24,0.7008841633796692,0.625,6.1592912673950195,1,29,1.4116907119750977,{}
2608,20864,329200,single_D12,0.6858606338500977,0.625,9.307595252990723,1,17,0.8377437591552734,{}
2609,20872,329240,binding_D0,0.7294076681137085,0.625,5.690826892852783,1,5,0.27251195907592773,{}
2610,20880,329472,single_D24,0.697379469871521,0.375,10.586670875549316,1,29,1.4319629669189453,{}
2611,20888,329704,binding_D24,0.9479175209999084,0.125,8.266875267028809,1,29,1.4098811149597168,{}
2612,20896,329776,single_D4,0.41581499576568604,0.625,39.02101135253906,1,9,0.4768397808074951,{}
2613,20904,329912,single_D12,0.6902576684951782,0.375,22.361665725708008,1,17,0.8471963405609131,{}
2614,20912,330048,binding_D12,0.7333991527557373,0.375,2.6905910968780518,1,17,0.842078447341919,{}
2615,20920,330280,single_D24,0.6189149022102356,0.5,14.813152313232422,1,29,1.3976235389709473,{}
2616,20928,330416,binding_D12,0.6274296045303345,0.625,1.7205822467803955,1,17,0.840630292892456,{}
2617,20936,330648,single_D24,0.7635877728462219,0.25,7.475934982299805,1,29,1.4348585605621338,{}
2618,20944,330880,single_D24,0.6780843138694763,0.75,10.535247802734375,1,29,1.4107294082641602,{}
2619,20952,330952,binding_D4,0.7391632199287415,0.5,2.6559996604919434,1,9,0.4600062370300293,{}
2620,20960,330992,single_D0,0.9639084935188293,0.75,77.52452087402344,1,5,0.2743971347808838,{}
2621,20968,331064,single_D4,0.1514938473701477,1.0,8.065643310546875,1,9,0.46488213539123535,{}
2622,20976,331296,single_D24,0.6608399748802185,0.5,7.154726505279541,1,29,1.4308388233184814,{}
2623,20984,331368,binding_D4,0.5420787334442139,0.75,2.0134027004241943,1,9,0.4559776782989502,{}
2624,20992,331408,single_D0,0.18893584609031677,0.875,12.803945541381836,1,5,0.27067041397094727,{}
2625,21000,331448,binding_D0,0.5658046007156372,0.625,2.980109930038452,1,5,0.28309202194213867,{}
2626,21008,331584,binding_D12,0.7906876802444458,0.5,4.269425868988037,1,17,0.8299915790557861,{}
2627,21016,331624,binding_D0,0.4860756993293762,0.75,3.0781729221343994,1,5,0.2769341468811035,{}
2628,21024,331760,single_D12,0.6101577877998352,0.625,16.848134994506836,1,17,0.8370344638824463,{}
2629,21032,331992,binding_D24,0.6730296015739441,0.625,2.5762906074523926,1,29,1.3986186981201172,{}
2630,21040,332064,single_D4,0.8975652456283569,0.625,196.45469665527344,1,9,0.45674967765808105,{}
2631,21048,332296,binding_D24,0.7738665342330933,0.375,2.2541470527648926,1,29,1.4138760566711426,{}
2632,21056,332368,single_D4,0.633866548538208,0.625,153.85963439941406,1,9,0.4473989009857178,{}
2633,21064,332504,binding_D12,0.8334293961524963,0.25,3.817023277282715,1,17,0.8625895977020264,{}
2634,21072,332640,binding_D12,0.6800999641418457,0.5,2.131721258163452,1,17,0.8446433544158936,{}
2635,21080,332872,binding_D24,0.6356745362281799,0.625,2.7320444583892822,1,29,1.400463342666626,{}
2636,21088,333104,binding_D24,0.7980659008026123,0.5,5.033124923706055,1,29,1.4031250476837158,{}
2637,21096,333384,motion_D24,1.0932961702346802,0.625,11.10417652130127,1,35,1.742753505706787,{}
2638,21104,333616,binding_D24,0.5970922708511353,0.75,3.206134796142578,1,29,1.404146671295166,{}
2639,21112,333656,single_D0,0.16874496638774872,0.875,43.935611724853516,1,5,0.25809550285339355,{}
2640,21120,333696,binding_D0,0.49250200390815735,0.75,4.224738597869873,1,5,0.2729527950286865,{}
2641,21128,333768,binding_D4,0.5131483674049377,0.75,1.5848628282546997,1,9,0.5075857639312744,{}
2642,21136,333904,binding_D12,0.6747336387634277,0.5,2.4188196659088135,1,17,0.8765287399291992,{}
2643,21144,333992,motion_D0,1.2922163009643555,0.625,162.5244903564453,1,11,0.5826296806335449,{}
2644,21152,334224,single_D24,0.6317682862281799,0.875,7.372988224029541,1,29,1.423689842224121,{}
2645,21160,334360,binding_D12,0.6131792664527893,0.625,2.2843427658081055,1,17,0.8409686088562012,{}
2646,21168,334432,single_D4,0.27572089433670044,0.875,8.559901237487793,1,9,0.4581608772277832,{}
2647,21176,334504,binding_D4,0.5191419124603271,0.625,3.525172472000122,1,9,0.46872401237487793,{}
2648,21184,334576,single_D4,0.20302848517894745,1.0,37.07685089111328,1,9,0.47265052795410156,{}
2649,21192,334808,binding_D24,0.6516780257225037,0.5,1.7936699390411377,1,29,1.4136395454406738,{}
2650,21200,334944,single_D12,0.5860753059387207,0.75,16.695354461669922,1,17,0.8639514446258545,{}
2651,21208,335080,binding_D12,0.7398006916046143,0.5,4.906130790710449,1,17,0.8434007167816162,{}
2652,21216,335312,single_D24,0.6446260809898376,0.625,15.099632263183594,1,29,1.4310543537139893,{}
2653,21224,335352,single_D0,0.3039514124393463,0.875,50.30620574951172,1,5,0.2613859176635742,{}
2654,21232,335632,motion_D24,1.0653719902038574,0.625,19.410587310791016,1,35,1.708662986755371,{}
2655,21240,335672,binding_D0,0.39592722058296204,0.875,5.001843452453613,1,5,0.2906224727630615,{}
2656,21248,335904,binding_D24,0.8544930815696716,0.25,6.1212921142578125,1,29,1.397900104522705,{}
2657,21256,335944,binding_D0,0.4223378002643585,0.75,6.617282390594482,1,5,0.2636070251464844,{}
2658,21264,336176,single_D24,0.723633348941803,0.375,12.64041519165039,1,29,1.4233777523040771,{}
2659,21272,336216,binding_D0,0.6110911965370178,0.625,11.530862808227539,1,5,0.27965521812438965,{}
2660,21280,336496,motion_D24,1.1054080724716187,0.625,7.822978973388672,1,35,1.741389274597168,{}
2661,21288,336728,binding_D24,0.8040842413902283,0.25,5.485903739929199,1,29,1.4193305969238281,{}
2662,21296,336768,single_D0,0.05260561406612396,1.0,19.823118209838867,1,5,0.26236534118652344,{}
2663,21304,336840,binding_D4,0.504285991191864,0.875,4.677249908447266,1,9,0.4701361656188965,{}
2664,21312,336912,single_D4,0.428204208612442,0.75,67.29976654052734,1,9,0.5486977100372314,{}
2665,21320,337000,motion_D0,0.261527955532074,0.875,110.64553833007812,1,11,0.6381697654724121,{}
2666,21328,337232,binding_D24,0.8168165683746338,0.25,3.856714963912964,1,29,1.4909684658050537,{}
2667,21336,337368,single_D12,0.7342666983604431,0.5,7.641382217407227,1,17,0.8661227226257324,{}
2668,21344,337440,single_D4,0.4176514744758606,0.75,70.96326446533203,1,9,0.5392541885375977,{}
2669,21352,337576,single_D12,0.7287515997886658,0.375,12.432255744934082,1,17,1.2959935665130615,{}
2670,21360,337712,binding_D12,0.8061038255691528,0.375,3.0072081089019775,1,17,1.0520925521850586,{}
2671,21368,337944,binding_D24,0.6772118210792542,0.5,5.359949111938477,1,29,1.6546902656555176,{}
2672,21376,337984,binding_D0,0.4569508135318756,0.75,4.472951889038086,1,5,0.27725887298583984,{}
2673,21384,338120,single_D12,0.6458911299705505,0.75,3.3185577392578125,1,17,0.8422329425811768,{}
2674,21392,338256,binding_D12,0.7043622136116028,0.5,4.554208755493164,1,17,0.8389570713043213,{}
2675,21400,338392,single_D12,0.6215366721153259,0.5,7.1416449546813965,1,17,0.8344285488128662,{}
2676,21408,338624,binding_D24,0.7731064558029175,0.5,3.898573875427246,1,29,1.4163308143615723,{}
2677,21416,338696,single_D4,0.19414250552654266,0.875,11.097068786621094,1,9,0.45853710174560547,{}
2678,21424,338928,binding_D24,0.6578783988952637,0.625,1.8451125621795654,1,29,1.4334568977355957,{}
2679,21432,338968,binding_D0,0.5683314204216003,0.625,6.697372913360596,1,5,0.28967738151550293,{}
2680,21440,339008,single_D0,0.17815789580345154,0.875,55.899654388427734,1,5,0.2717578411102295,{}
2681,21448,339080,binding_D4,0.517929196357727,0.875,1.8007633686065674,1,9,0.482480525970459,{}
2682,21456,339312,single_D24,0.6560479998588562,0.625,8.691279411315918,1,29,1.852107286453247,{}
2683,21464,339592,motion_D24,1.0894410610198975,0.5,19.747013092041016,1,35,1.9007487297058105,{}
2684,21472,339824,single_D24,0.681306004524231,0.375,27.140968322753906,1,29,1.457932710647583,{}
2685,21480,340056,binding_D24,0.6184669137001038,0.75,2.6878511905670166,1,29,1.4685845375061035,{}
2686,21488,340288,single_D24,0.6760421395301819,0.5,7.015423774719238,1,29,1.4530987739562988,{}
2687,21496,340360,single_D4,0.28382837772369385,0.875,22.774642944335938,1,9,0.47783374786376953,{}
2688,21504,340432,single_D4,0.20849137008190155,1.0,10.536092758178711,1,9,0.4800832271575928,{}
2689,21512,340472,binding_D0,0.3911910057067871,0.875,3.2930262088775635,1,5,0.28551316261291504,"{""first_sensory_field_gradient_norm"": 0.0008121095597743988, ""early_r_gradient_norm"": 0.10968843847513199, ""early_r_rms"": 0.01818888448178768, ""early_a_gradient_norm"": 0.0033326258417218924, ""early_a_rms"": 0.0, ""late_r_gradient_norm"": 0.47772979736328125, ""late_r_rms"": 0.06460704654455185, ""late_a_gradient_norm"": null, ""late_a_rms"": 0.005439502652734518, ""encoder_gradient_norm"": 2.1709842681884766, ""raw_recurrent_gradient_rms"": 1.2005979215246043e-06, ""state_stats"": {""inactive_fraction"": 0.85498046875, ""rectifier_off_fraction"": 0.89697265625, ""excitatory_mean"": 0.012991041876375675, ""inhibitory_mean"": 0.030772114172577858, ""tau_r_mean"": 5.2026238441467285, ""tau_a_mean"": 36.80732727050781, ""adaptation_gain_mean"": 0.047468408942222595}, ""effective_recurrent_relative_update"": 9.785308066057041e-06}"
2690,21520,340544,single_D4,0.5397652983665466,0.75,26.713420867919922,1,9,0.49335813522338867,{}
2691,21528,340584,binding_D0,0.4715396463871002,0.75,6.089194297790527,1,5,0.2901790142059326,{}
2692,21536,340720,single_D12,0.7414140701293945,0.5,10.941377639770508,1,17,0.8562119007110596,{}
2693,21544,340856,binding_D12,0.7920218110084534,0.375,4.96874475479126,1,17,0.8691034317016602,{}
2694,21552,340896,single_D0,0.004969589877873659,1.0,0.3582010567188263,0,5,0.2897765636444092,{}
2695,21560,341032,binding_D12,0.6535602807998657,0.625,3.9304490089416504,1,17,0.8888189792633057,{}
2696,21568,341072,single_D0,0.012991372495889664,1.0,4.915598392486572,1,5,0.27217960357666016,{}
2697,21576,341144,binding_D4,0.6300911903381348,0.625,3.1845016479492188,1,9,0.4830152988433838,{}
2698,21584,341184,single_D0,0.025918854400515556,1.0,11.782742500305176,1,5,0.2750093936920166,{}
2699,21592,341320,single_D12,0.5578598380088806,0.75,23.203231811523438,1,17,0.8661665916442871,{}
2700,21600,341456,single_D12,0.6141051054000854,0.625,10.151784896850586,1,17,0.8545634746551514,{}
2701,21608,341528,single_D4,0.256021648645401,1.0,47.255462646484375,1,9,0.46851181983947754,{}
2702,21616,341568,single_D0,0.002440085168927908,1.0,0.6236375570297241,0,5,0.2681436538696289,{}
2703,21624,341800,single_D24,0.6080724596977234,0.875,15.248260498046875,1,29,1.4729974269866943,{}
2704,21632,341936,binding_D12,0.6896383762359619,0.5,3.226722002029419,1,17,0.8815276622772217,{}
2705,21640,341976,binding_D0,0.38519325852394104,0.75,2.9410336017608643,1,5,0.2772188186645508,{}
2706,21648,342208,single_D24,0.8624984622001648,0.375,35.67500686645508,1,29,1.4522159099578857,{}
2707,21656,342344,single_D12,0.7099810838699341,0.5,4.5479302406311035,1,17,0.8649487495422363,{}
2708,21664,342384,single_D0,0.24819111824035645,0.875,59.609256744384766,1,5,0.27243494987487793,{}
2709,21672,342616,single_D24,0.8273983001708984,0.25,6.106230735778809,1,29,1.5220232009887695,{}
2710,21680,342688,binding_D4,0.5865861177444458,0.625,4.024303913116455,1,9,0.486661434173584,{}
2711,21688,342776,motion_D0,2.015354871749878,0.625,341.0527648925781,1,11,0.6159656047821045,{}
2712,21696,342864,motion_D0,1.0200895071029663,0.5,277.7946472167969,1,11,0.6115434169769287,{}
2713,21704,342904,binding_D0,0.37074583768844604,0.875,3.551940679550171,1,5,0.29097485542297363,{}
2714,21712,342976,binding_D4,0.6233011484146118,0.625,4.197623252868652,1,9,0.47774815559387207,{}
2715,21720,343208,binding_D24,0.7074564695358276,0.5,1.9922590255737305,1,29,1.4878921508789062,{}
2716,21728,343280,binding_D4,0.5535714626312256,0.75,2.7265419960021973,1,9,0.508265495300293,{}
2717,21736,343560,motion_D24,0.8606748580932617,0.875,2.790354013442993,1,35,1.852158546447754,{}
2718,21744,343632,binding_D4,0.6357495784759521,0.5,2.9112420082092285,1,9,0.5081822872161865,{}
2719,21752,343768,binding_D12,0.6173081398010254,0.75,2.188020944595337,1,17,0.8990156650543213,{}
2720,21760,343808,single_D0,0.30140265822410583,0.875,58.31416320800781,1,5,0.27780890464782715,{}
2721,21768,343848,binding_D0,0.7640290856361389,0.5,8.228106498718262,1,5,0.2863926887512207,{}
2722,21776,344080,binding_D24,0.6862566471099854,0.375,6.166507244110107,1,29,1.499542236328125,{}
2723,21784,344312,single_D24,1.137354850769043,0.5,192.889404296875,1,29,1.5246102809906006,{}
2724,21792,344544,binding_D24,0.6533471345901489,0.625,3.547412395477295,1,29,1.4842383861541748,{}
2725,21800,344632,motion_D0,4.163272380828857,0.375,460.2062683105469,1,11,0.6235103607177734,{}
2726,21808,344768,single_D12,0.8881546854972839,0.125,76.30430603027344,1,17,0.9037826061248779,{}
2727,21816,344808,single_D0,0.14231953024864197,0.875,50.463043212890625,1,5,0.28356266021728516,{}
2728,21824,344944,binding_D12,0.7946820855140686,0.375,7.897697925567627,1,17,0.9041409492492676,{}
2729,21832,345080,single_D12,0.701935887336731,0.375,40.14440155029297,1,17,0.8317079544067383,{}
2730,21840,345312,binding_D24,0.6874597668647766,0.5,2.4730818271636963,1,29,1.4069795608520508,{}
2731,21848,345384,single_D4,0.5538800358772278,0.75,76.98634338378906,1,9,0.449505090713501,{}
2732,21856,345616,single_D24,0.7457122802734375,0.375,19.25640106201172,1,29,1.4134297370910645,{}
2733,21864,345656,binding_D0,0.5191987156867981,0.75,8.758368492126465,1,5,0.2718322277069092,{}
2734,21872,345728,binding_D4,0.5563238263130188,0.875,2.1135094165802,1,9,0.46444153785705566,{}
2735,21880,345800,binding_D4,0.5398050546646118,0.75,2.3451948165893555,1,9,0.4547107219696045,{}
2736,21888,345936,binding_D12,0.7594361901283264,0.375,3.4207279682159424,1,17,0.8346703052520752,{}
2737,21896,346168,binding_D24,0.7531211376190186,0.375,3.8447601795196533,1,29,1.4069304466247559,{}
2738,21904,346208,single_D0,0.24069452285766602,0.875,36.95975875854492,1,5,0.25470709800720215,{}
2739,21912,346248,binding_D0,0.24424567818641663,0.875,3.1161677837371826,1,5,0.27170753479003906,{}
2740,21920,346384,single_D12,0.8644189834594727,0.375,90.55387878417969,1,17,0.8363816738128662,{}
2741,21928,346424,single_D0,0.5360249280929565,0.75,75.172119140625,1,5,0.2617044448852539,{}
2742,21936,346656,single_D24,0.937915563583374,0.5,67.37240600585938,1,29,1.4744138717651367,{}
2743,21944,346888,binding_D24,0.6527626514434814,0.75,3.1288957595825195,1,29,1.4582104682922363,{}
2744,21952,346960,binding_D4,0.4900490939617157,0.75,3.0176520347595215,1,9,0.4609801769256592,{}
2745,21960,347096,binding_D12,0.7329440116882324,0.625,2.226348400115967,1,17,0.8370976448059082,{}
2746,21968,347232,single_D12,0.5947773456573486,0.75,29.977779388427734,1,17,0.8270316123962402,{}
2747,21976,347304,single_D4,0.20249049365520477,1.0,14.864477157592773,1,9,0.4685516357421875,{}
2748,21984,347376,single_D4,0.11756965517997742,1.0,13.782979011535645,1,9,0.4556877613067627,{}
2749,21992,347512,binding_D12,0.7469267249107361,0.5,2.80940842628479,1,17,0.8385381698608398,{}
2750,22000,347744,single_D24,0.6893076300621033,0.5,27.040788650512695,1,29,1.4229018688201904,{}
2751,22008,347880,binding_D12,0.6947407722473145,0.375,2.730365037918091,1,17,0.8394327163696289,{}
2752,22016,348112,binding_D24,0.758798360824585,0.5,4.708034038543701,1,29,1.4857170581817627,{}
2753,22024,348152,binding_D0,0.4906192421913147,0.75,3.544818639755249,1,5,0.26491475105285645,{}
2754,22032,348288,single_D12,0.8674220442771912,0.5,22.79007339477539,1,17,0.8459103107452393,{}
2755,22040,348360,single_D4,0.1932627260684967,0.875,84.71513366699219,1,9,0.4798872470855713,{}
2756,22048,348592,single_D24,0.6624182462692261,0.625,9.929594039916992,1,29,1.5267589092254639,{}
2757,22056,348664,single_D4,0.44532158970832825,0.75,157.65472412109375,1,9,0.4725151062011719,{}
2758,22064,348736,binding_D4,0.6059755086898804,0.75,2.568255662918091,1,9,0.4657130241394043,{}
2759,22072,348872,binding_D12,0.7212340831756592,0.5,3.264055013656616,1,17,0.8188443183898926,{}
2760,22080,348944,binding_D4,0.4639062285423279,0.875,3.8677515983581543,1,9,0.46308255195617676,{}
2761,22088,348984,single_D0,0.012907743453979492,1.0,1.1690056324005127,1,5,0.2608959674835205,{}
2762,22096,349024,single_D0,0.5158998370170593,0.875,23.08841323852539,1,5,0.27683568000793457,{}
2763,22104,349160,single_D12,0.6602351665496826,0.5,65.15605163574219,1,17,0.8351247310638428,{}
2764,22112,349440,motion_D24,1.0966198444366455,0.5,9.47392463684082,1,35,1.7290549278259277,{}
2765,22120,349480,single_D0,0.1564052850008011,0.875,56.07699966430664,1,5,0.29291510581970215,{}
2766,22128,349520,single_D0,0.030053846538066864,1.0,13.268834114074707,1,5,0.26195573806762695,{}
2767,22136,349656,single_D12,0.6766377687454224,0.625,15.848085403442383,1,17,0.8369874954223633,{}
2768,22144,349888,binding_D24,0.6252022385597229,0.625,2.3846938610076904,1,29,1.3961997032165527,{}
2769,22152,350168,motion_D24,0.9705919027328491,0.75,13.239017486572266,1,35,1.738083839416504,{}
2770,22160,350400,single_D24,0.6758484244346619,0.625,8.861780166625977,1,29,1.4095299243927002,{}
2771,22168,350472,single_D4,0.13179334998130798,1.0,32.380828857421875,1,9,0.44751858711242676,{}
2772,22176,350608,binding_D12,0.7068381905555725,0.375,2.6059610843658447,1,17,0.8487813472747803,{}
2773,22184,350648,binding_D0,0.372014582157135,0.875,5.055800914764404,1,5,0.2663688659667969,{}
2774,22192,350880,single_D24,0.6617857217788696,0.5,16.444194793701172,1,29,1.414693832397461,{}
2775,22200,350968,motion_D0,2.061354398727417,0.625,177.25709533691406,1,11,0.581174373626709,{}
2776,22208,351008,single_D0,0.1698714643716812,1.0,70.29955291748047,1,5,0.2523458003997803,{}
2777,22216,351240,binding_D24,0.7236105799674988,0.625,2.96980881690979,1,29,1.409505844116211,{}
2778,22224,351312,single_D4,0.49855220317840576,0.75,41.191856384277344,1,9,0.4533238410949707,{}
2779,22232,351352,binding_D0,0.4075283408164978,0.875,7.981754302978516,1,5,0.29380059242248535,{}
2780,22240,351632,motion_D24,1.0585969686508179,0.75,4.553605556488037,1,35,1.8422057628631592,{}
2781,22248,351704,binding_D4,0.6055616140365601,0.625,3.048109292984009,1,9,0.5928168296813965,{}
2782,22256,351792,motion_D0,0.6551641821861267,0.625,271.8463439941406,1,11,0.639174222946167,{}
2783,22264,351864,single_D4,0.22995008528232574,1.0,14.355710983276367,1,9,0.4890172481536865,{}
2784,22272,352000,binding_D12,0.793653130531311,0.25,7.873674392700195,1,17,0.9399511814117432,{}
2785,22280,352040,binding_D0,0.40283748507499695,0.75,3.7176716327667236,1,5,0.2814462184906006,{}
2786,22288,352080,binding_D0,0.3318096399307251,1.0,4.855175018310547,1,5,0.2933385372161865,{}
2787,22296,352168,motion_D0,1.870694637298584,0.625,219.2302703857422,1,11,0.6079106330871582,{}
2788,22304,352304,single_D12,0.7367854118347168,0.375,10.45656967163086,1,17,0.8860573768615723,{}
2789,22312,352344,single_D0,0.029358191415667534,1.0,5.649679183959961,1,5,0.31433773040771484,{}
2790,22320,352480,single_D12,0.6873866319656372,0.5,4.163480281829834,1,17,0.9167850017547607,{}
2791,22328,352760,motion_D24,1.071237564086914,0.625,5.897397041320801,1,35,1.8181004524230957,{}
2792,22336,352800,binding_D0,0.6105186939239502,0.75,11.0285005569458,1,5,0.30200672149658203,{}
2793,22344,352872,binding_D4,0.617255449295044,0.625,3.5703394412994385,1,9,0.5021677017211914,{}
2794,22352,352944,binding_D4,0.6604222655296326,0.5,3.744607925415039,1,9,0.49315452575683594,{}
2795,22360,353016,binding_D4,0.5001758337020874,0.875,5.462118148803711,1,9,0.48489928245544434,{}
2796,22368,353152,binding_D12,0.6685452461242676,0.5,5.6123576164245605,1,17,0.8846306800842285,{}
2797,22376,353384,binding_D24,0.8280706405639648,0.25,3.843151807785034,1,29,1.555415391921997,{}
2798,22384,353616,single_D24,0.7077982425689697,0.5,26.17835807800293,1,29,1.42606782913208,{}
2799,22392,353848,single_D24,0.7768775224685669,0.25,16.230377197265625,1,29,1.4486756324768066,{}
2800,22400,353920,single_D4,0.13762862980365753,1.0,11.445632934570312,1,9,0.45583677291870117,{}
2801,22408,353992,binding_D4,0.6511589288711548,0.75,3.8445210456848145,1,9,0.47108030319213867,{}
2802,22416,354128,single_D12,0.6814982891082764,0.625,23.630002975463867,1,17,0.8503091335296631,{}
2803,22424,354360,single_D24,0.6741591691970825,0.375,39.30641555786133,1,29,1.457756519317627,{}
2804,22432,354400,binding_D0,0.48929882049560547,0.75,5.887807846069336,1,5,0.2581462860107422,{}
2805,22440,354440,single_D0,0.16069845855236053,0.875,26.45309829711914,1,5,0.26862382888793945,{}
2806,22448,354512,single_D4,0.14523255825042725,1.0,31.214759826660156,1,9,0.45961833000183105,{}
2807,22456,354792,motion_D24,1.2309421300888062,0.375,24.18179702758789,1,35,1.7560102939605713,{}
2808,22464,354880,motion_D0,1.4600229263305664,0.75,163.57675170898438,1,11,0.5976700782775879,{}
2809,22472,354920,binding_D0,0.2663772702217102,1.0,4.7180705070495605,1,5,0.26160430908203125,{}
2810,22480,354992,binding_D4,0.627621591091156,0.75,2.7182657718658447,1,9,0.4692051410675049,{}
2811,22488,355224,single_D24,0.995455265045166,0.5,127.89279174804688,1,29,1.420116662979126,{}
2812,22496,355360,binding_D12,0.7061152458190918,0.5,2.215395212173462,1,17,0.8374569416046143,{}
2813,22504,355432,single_D4,0.3476773202419281,0.875,51.58002853393555,1,9,0.47276902198791504,{}
2814,22512,355568,binding_D12,0.7327930927276611,0.375,2.8590450286865234,1,17,0.841210126876831,{}
2815,22520,355608,binding_D0,0.420458048582077,0.875,7.3591766357421875,1,5,0.26986098289489746,{}
2816,22528,355744,binding_D12,0.6902433633804321,0.5,2.845181941986084,1,17,0.8481857776641846,{}
2817,22536,355816,binding_D4,0.5425028800964355,0.75,1.9896098375320435,1,9,0.4624302387237549,"{""first_sensory_field_gradient_norm"": 0.0003453790850471705, ""early_r_gradient_norm"": 0.06010877713561058, ""early_r_rms"": 0.017826255410909653, ""early_a_gradient_norm"": 0.0035703263711184263, ""early_a_rms"": 0.0, ""late_r_gradient_norm"": 0.5993624925613403, ""late_r_rms"": 0.07423599064350128, ""late_a_gradient_norm"": null, ""late_a_rms"": 0.011443626135587692, ""encoder_gradient_norm"": 1.4862561225891113, ""raw_recurrent_gradient_rms"": 6.177803015816608e-07, ""state_stats"": {""inactive_fraction"": 0.87451171875, ""rectifier_off_fraction"": 0.9111328125, ""excitatory_mean"": 0.013256487436592579, ""inhibitory_mean"": 0.032389916479587555, ""tau_r_mean"": 5.2067484855651855, ""tau_a_mean"": 36.813385009765625, ""adaptation_gain_mean"": 0.047456294298172}, ""effective_recurrent_relative_update"": 6.723272690578597e-06}"
2818,22544,355952,single_D12,0.6074293851852417,0.625,56.072513580322266,1,17,0.8546853065490723,{}
2819,22552,355992,binding_D0,0.22876426577568054,1.0,4.212454319000244,1,5,0.28968143463134766,{}
2820,22560,356224,binding_D24,0.6951183676719666,0.75,4.367831230163574,1,29,1.4214391708374023,{}
2821,22568,356360,binding_D12,0.610561192035675,0.75,2.6085124015808105,1,17,0.8388581275939941,{}
2822,22576,356592,binding_D24,0.7373080849647522,0.25,3.417501926422119,1,29,1.402784824371338,{}
2823,22584,356824,single_D24,0.7447417378425598,0.375,35.22005844116211,1,29,1.4249207973480225,{}
2824,22592,357056,binding_D24,0.6940974593162537,0.5,2.517282247543335,1,29,1.4145071506500244,{}
2825,22600,357128,binding_D4,0.5156854391098022,0.75,3.3807976245880127,1,9,0.4528839588165283,{}
2826,22608,357168,single_D0,0.007724759168922901,1.0,2.255485773086548,1,5,0.26346731185913086,{}
2827,22616,357208,binding_D0,0.5510409474372864,0.625,6.075467586517334,1,5,0.27880334854125977,{}
2828,22624,357280,binding_D4,0.5439783334732056,0.625,7.922218322753906,1,9,0.4491884708404541,{}
2829,22632,357368,motion_D0,2.662992238998413,0.5,168.65452575683594,1,11,0.595242977142334,{}
2830,22640,357504,single_D12,0.6451891660690308,0.75,16.547950744628906,1,17,0.8315315246582031,{}
2831,22648,357784,motion_D24,0.9735713005065918,0.875,9.602811813354492,1,35,1.7246191501617432,{}
2832,22656,357856,binding_D4,0.6474676132202148,0.625,3.317699909210205,1,9,0.47745752334594727,{}
2833,22664,357944,motion_D0,0.6324909329414368,0.75,148.77841186523438,1,11,0.5797996520996094,{}
2834,22672,358224,motion_D24,0.8462722301483154,1.0,7.345348834991455,1,35,1.747159481048584,{}
2835,22680,358456,single_D24,0.8362089991569519,0.375,21.502605438232422,1,29,1.407318353652954,{}
2836,22688,358496,binding_D0,0.46734902262687683,0.75,5.679929733276367,1,5,0.2728416919708252,{}
2837,22696,358632,single_D12,0.7124102115631104,0.625,15.108077049255371,1,17,0.8435602188110352,{}
2838,22704,358864,binding_D24,0.7429743409156799,0.5,2.60749888420105,1,29,1.4122684001922607,{}
2839,22712,358904,single_D0,0.020514635369181633,1.0,7.532905578613281,1,5,0.25510573387145996,{}
2840,22720,358976,binding_D4,0.496372252702713,1.0,3.39797043800354,1,9,0.46289730072021484,{}
2841,22728,359112,binding_D12,0.6676279902458191,0.625,2.73044490814209,1,17,0.8346185684204102,{}
2842,22736,359184,single_D4,0.16086004674434662,1.0,22.153488159179688,1,9,0.4490835666656494,{}
2843,22744,359256,single_D4,0.2937254011631012,0.75,44.229705810546875,1,9,0.45582103729248047,{}
2844,22752,359392,single_D12,0.630805492401123,0.5,13.203560829162598,1,17,0.836284875869751,{}
2845,22760,359528,binding_D12,0.7334598898887634,0.625,5.28293514251709,1,17,0.8310127258300781,{}
2846,22768,359664,binding_D12,0.7302635908126831,0.625,4.9410505294799805,1,17,0.8340108394622803,{}
2847,22776,359800,binding_D12,0.6723717451095581,0.5,3.0471014976501465,1,17,0.837383508682251,{}
2848,22784,360080,motion_D24,0.9291374087333679,0.75,6.914279460906982,1,35,1.7099268436431885,{}
2849,22792,360152,single_D4,0.35298246145248413,0.875,88.37421417236328,1,9,0.4624488353729248,{}
2850,22800,360384,binding_D24,0.7204495072364807,0.375,3.668144464492798,1,29,1.3972468376159668,{}
2851,22808,360616,single_D24,0.9402552247047424,0.5,63.15315246582031,1,29,1.4060869216918945,{}
2852,22816,360656,single_D0,0.07896468043327332,1.0,44.74886703491211,1,5,0.26244497299194336,{}
2853,22824,360792,single_D12,0.8170791268348694,0.5,106.28619384765625,1,17,0.9108960628509521,{}
2854,22832,360832,binding_D0,0.24513548612594604,0.875,5.608583450317383,1,5,0.2636106014251709,{}
2855,22840,360904,single_D4,0.39254745841026306,0.75,93.83987426757812,1,9,0.4478774070739746,{}
2856,22848,360944,single_D0,0.3904343247413635,0.875,122.50189971923828,1,5,0.28152894973754883,{}
2857,22856,361176,single_D24,0.7263760566711426,0.5,37.990257263183594,1,29,1.471217155456543,{}
2858,22864,361248,binding_D4,0.5515955090522766,0.75,5.632282257080078,1,9,0.47998857498168945,{}
2859,22872,361480,binding_D24,0.7220656871795654,0.625,5.187228679656982,1,29,1.407149314880371,{}
2860,22880,361712,single_D24,0.7093250751495361,0.5,30.527847290039062,1,29,1.4094064235687256,{}
2861,22888,361848,single_D12,0.6961203813552856,0.5,10.94762897491455,1,17,0.8316864967346191,{}
2862,22896,361920,single_D4,0.15912190079689026,1.0,22.40776252746582,1,9,0.4450812339782715,{}
2863,22904,362056,single_D12,0.7367127537727356,0.375,26.64040184020996,1,17,0.8370282649993896,{}
2864,22912,362128,binding_D4,0.5515190362930298,0.875,5.689175605773926,1,9,0.4681522846221924,{}
2865,22920,362360,binding_D24,0.7885633111000061,0.5,3.084409475326538,1,29,1.3986778259277344,{}
2866,22928,362496,binding_D12,0.6790111064910889,0.5,2.5255916118621826,1,17,0.8397626876831055,{}
2867,22936,362568,single_D4,0.12556372582912445,0.875,26.10748863220215,1,9,0.46552133560180664,{}
2868,22944,362608,binding_D0,0.2681664228439331,1.0,3.396122694015503,1,5,0.2651488780975342,{}
2869,22952,362648,single_D0,0.6045701503753662,0.875,86.03397369384766,1,5,0.27351903915405273,{}
2870,22960,362736,motion_D0,1.264135718345642,0.75,211.571533203125,1,11,0.5938422679901123,{}
2871,22968,362968,binding_D24,0.9258439540863037,0.25,7.0218377113342285,1,29,1.4958500862121582,{}
2872,22976,363008,single_D0,0.005470423959195614,1.0,0.5023978352546692,0,5,0.2519724369049072,{}
2873,22984,363080,single_D4,0.2461041659116745,1.0,138.8015899658203,1,9,0.4657166004180908,{}
2874,22992,363120,single_D0,0.6389474272727966,0.875,20.86677360534668,1,5,0.2644777297973633,{}
2875,23000,363160,single_D0,0.000971649307757616,1.0,0.21193858981132507,0,5,0.25530409812927246,{}
2876,23008,363296,single_D12,0.990950345993042,0.25,123.38494110107422,1,17,0.842432975769043,{}
2877,23016,363528,single_D24,0.7418272495269775,0.625,52.53214645385742,1,29,1.4116809368133545,{}
2878,23024,363760,binding_D24,0.7714983820915222,0.25,6.231425762176514,1,29,1.4061057567596436,{}
2879,23032,363992,single_D24,0.8417622447013855,0.375,39.54450607299805,1,29,1.4092957973480225,{}
2880,23040,364032,binding_D0,0.35673952102661133,0.75,7.59835958480835,1,5,0.2598133087158203,{}
2881,23048,364264,binding_D24,0.8464744687080383,0.25,6.306553840637207,1,29,1.404202938079834,{}
2882,23056,364352,motion_D0,0.6427409052848816,0.75,133.5848846435547,1,11,0.578937292098999,{}
2883,23064,364424,binding_D4,0.6682576537132263,0.625,3.1947789192199707,1,9,0.4766263961791992,{}
2884,23072,364656,single_D24,0.7062282562255859,0.375,29.913278579711914,1,29,1.4104411602020264,{}
2885,23080,364696,single_D0,0.01883796788752079,1.0,6.081918239593506,1,5,0.2496018409729004,{}
2886,23088,364736,single_D0,0.19039437174797058,0.875,45.05721664428711,1,5,0.26401257514953613,{}
2887,23096,364776,binding_D0,0.31746000051498413,0.875,3.335681676864624,1,5,0.27604055404663086,{}
2888,23104,364912,single_D12,0.6920292973518372,0.5,34.584739685058594,1,17,0.846886157989502,{}
2889,23112,364952,single_D0,0.6494445204734802,0.875,175.80111694335938,1,5,0.2653186321258545,{}
2890,23120,365088,binding_D12,0.7139272689819336,0.625,2.0245938301086426,1,17,0.8207051753997803,{}
2891,23128,365320,single_D24,0.9823960661888123,0.375,70.31172943115234,1,29,1.4082245826721191,{}
2892,23136,365456,single_D12,0.5249925851821899,0.75,6.529035568237305,1,17,0.8419947624206543,{}
2893,23144,365496,single_D0,0.014724738895893097,1.0,6.602595806121826,1,5,0.25693297386169434,{}
2894,23152,365632,binding_D12,0.713040828704834,0.5,3.9922895431518555,1,17,0.8482272624969482,{}
2895,23160,365768,binding_D12,0.7677411437034607,0.5,4.206318378448486,1,17,0.8367874622344971,{}
2896,23168,365904,single_D12,0.8450291156768799,0.375,14.440956115722656,1,17,0.8198368549346924,{}
2897,23176,366184,motion_D24,0.9738319516181946,0.625,11.457904815673828,1,35,1.7308518886566162,{}
2898,23184,366224,single_D0,0.15191210806369781,0.875,34.39181137084961,1,5,0.2654447555541992,{}
2899,23192,366296,single_D4,0.06156081706285477,1.0,21.131832122802734,1,9,0.45223474502563477,{}
2900,23200,366368,binding_D4,0.5174508690834045,0.75,2.3382229804992676,1,9,0.4562997817993164,{}
2901,23208,366408,single_D0,0.023762434720993042,1.0,16.1050968170166,1,5,0.25426602363586426,{}
2902,23216,366640,single_D24,0.6601826548576355,0.5,8.924476623535156,1,29,1.428072214126587,{}
2903,23224,366712,binding_D4,0.6382331252098083,0.75,5.205101013183594,1,9,0.4680194854736328,{}
2904,23232,366800,motion_D0,1.1250429153442383,0.625,225.70272827148438,1,11,0.5873668193817139,{}
2905,23240,366936,binding_D12,0.6648691892623901,0.625,2.5353403091430664,1,17,0.8326199054718018,{}
2906,23248,367008,binding_D4,0.4399785101413727,0.875,2.7471089363098145,1,9,0.4625892639160156,{}
2907,23256,367080,single_D4,0.5055603981018066,0.75,60.986785888671875,1,9,0.4440114498138428,{}
2908,23264,367152,single_D4,0.19180461764335632,0.875,46.166725158691406,1,9,0.45185279846191406,{}
2909,23272,367432,motion_D24,0.9829329252243042,0.75,8.467292785644531,1,35,1.7072508335113525,{}
2910,23280,367568,single_D12,0.7441356778144836,0.625,15.502974510192871,1,17,0.8595046997070312,{}
2911,23288,367800,binding_D24,0.7524219751358032,0.5,3.5920698642730713,1,29,1.4156320095062256,{}
2912,23296,368032,single_D24,0.6944818496704102,0.5,18.537689208984375,1,29,1.4094657897949219,{}
2913,23304,368168,single_D12,0.6179406046867371,0.75,13.427117347717285,1,17,0.8304030895233154,{}
2914,23312,368240,single_D4,0.4581652283668518,0.625,75.56324005126953,1,9,0.45789003372192383,{}
2915,23320,368280,single_D0,0.2249763011932373,0.875,124.83121490478516,1,5,0.26367664337158203,{}
2916,23328,368320,binding_D0,0.37124791741371155,0.875,3.4496285915374756,1,5,0.28000903129577637,{}
2917,23336,368552,binding_D24,0.812049925327301,0.25,8.771211624145508,1,29,1.4162626266479492,{}
2918,23344,368592,single_D0,0.039607059210538864,1.0,16.920333862304688,1,5,0.2570369243621826,{}
2919,23352,368632,binding_D0,0.5743532180786133,0.75,5.278619766235352,1,5,0.2724118232727051,{}
2920,23360,368768,single_D12,0.776059091091156,0.375,68.0947494506836,1,17,0.8395628929138184,{}
2921,23368,368840,binding_D4,0.5601366758346558,0.875,4.791940689086914,1,9,0.4577822685241699,{}
2922,23376,369072,binding_D24,0.6575621366500854,0.75,3.4681718349456787,1,29,1.411292314529419,{}
2923,23384,369304,single_D24,0.7407806515693665,0.5,53.885154724121094,1,29,1.4066967964172363,{}
2924,23392,369392,motion_D0,0.10988842695951462,1.0,84.32754516601562,1,11,0.5935590267181396,{}
2925,23400,369624,binding_D24,0.7304882407188416,0.25,2.740049362182617,1,29,1.7625792026519775,{}
2926,23408,369696,binding_D4,0.5085931420326233,0.875,2.9668960571289062,1,9,0.5323193073272705,{}
2927,23416,369768,single_D4,0.4203982949256897,0.625,109.96307373046875,1,9,0.4885072708129883,{}
2928,23424,369904,binding_D12,0.8048648834228516,0.375,5.06117057800293,1,17,0.8774731159210205,{}
2929,23432,369944,binding_D0,0.6077708601951599,0.625,7.984986782073975,1,5,0.28185367584228516,{}
2930,23440,370080,single_D12,0.6775129437446594,0.5,11.868742942810059,1,17,0.8651931285858154,{}
2931,23448,370360,motion_D24,1.0763154029846191,0.75,5.664445877075195,1,35,1.81148362159729,{}
2932,23456,370592,binding_D24,0.7135557532310486,0.375,3.0525572299957275,1,29,1.4876129627227783,{}
2933,23464,370824,binding_D24,0.7057136297225952,0.5,3.0490360260009766,1,29,1.4499542713165283,{}
2934,23472,371104,motion_D24,0.9858337640762329,0.875,6.189624309539795,1,35,1.8111693859100342,{}
2935,23480,371240,binding_D12,0.5645534992218018,0.875,4.27708625793457,1,17,0.8764693737030029,{}
2936,23488,371280,binding_D0,0.45327484607696533,0.875,2.838538885116577,1,5,0.2845191955566406,{}
2937,23496,371416,single_D12,0.6194002032279968,0.625,15.654566764831543,1,17,0.880030632019043,{}
2938,23504,371456,binding_D0,0.6530601978302002,0.75,5.933912754058838,1,5,0.28090858459472656,{}
2939,23512,371688,binding_D24,0.6936406493186951,0.375,2.4146294593811035,1,29,1.5110795497894287,{}
2940,23520,371920,single_D24,0.7356148362159729,0.375,21.331071853637695,1,29,1.599226951599121,{}
2941,23528,372152,single_D24,0.8181620836257935,0.25,23.278034210205078,1,29,1.5114235877990723,{}
2942,23536,372288,binding_D12,0.7831023931503296,0.25,4.217051029205322,1,17,0.8902521133422852,{}
2943,23544,372520,single_D24,0.7072950005531311,0.625,20.2274112701416,1,29,1.487267017364502,{}
2944,23552,372592,binding_D4,0.5834271907806396,0.75,3.100090265274048,1,9,0.49088597297668457,{}
2945,23560,372664,binding_D4,0.5649400353431702,0.75,2.30122447013855,1,9,0.5082509517669678,"{""first_sensory_field_gradient_norm"": 0.0002604633627925068, ""early_r_gradient_norm"": 0.061439283192157745, ""early_r_rms"": 0.0164249949157238, ""early_a_gradient_norm"": 0.003713349113240838, ""early_a_rms"": 0.0, ""late_r_gradient_norm"": 0.6019792556762695, ""late_r_rms"": 0.07012751698493958, ""late_a_gradient_norm"": null, ""late_a_rms"": 0.010209310799837112, ""encoder_gradient_norm"": 1.7602084875106812, ""raw_recurrent_gradient_rms"": 5.664678042194282e-07, ""state_stats"": {""inactive_fraction"": 0.88134765625, ""rectifier_off_fraction"": 0.91455078125, ""excitatory_mean"": 0.010776896961033344, ""inhibitory_mean"": 0.03238781541585922, ""tau_r_mean"": 5.210583209991455, ""tau_a_mean"": 36.81761932373047, ""adaptation_gain_mean"": 0.04745298624038696}, ""effective_recurrent_relative_update"": 5.235527623881353e-06}"
2946,23568,372800,binding_D12,0.6352664232254028,0.75,5.542605876922607,1,17,0.8841345310211182,{}
2947,23576,372936,binding_D12,0.758759081363678,0.25,3.250455141067505,1,17,0.882807731628418,{}
2948,23584,373008,single_D4,0.3093002140522003,0.875,73.7816390991211,1,9,0.4768650531768799,{}
2949,23592,373240,binding_D24,0.6783413290977478,0.375,1.8649688959121704,1,29,1.4684484004974365,{}
2950,23600,373280,single_D0,0.2849009335041046,0.75,77.85995483398438,1,5,0.2712993621826172,{}
2951,23608,373320,binding_D0,0.4269682466983795,0.75,3.3700902462005615,1,5,0.2914855480194092,{}
2952,23616,373552,single_D24,0.6455515623092651,0.5,11.295503616333008,1,29,1.481386661529541,{}
2953,23624,373688,single_D12,0.7381536960601807,0.25,16.899242401123047,1,17,0.8767521381378174,{}
2954,23632,373776,motion_D0,1.1527501344680786,0.75,96.92731475830078,1,11,0.6062207221984863,{}
2955,23640,373848,single_D4,0.352464884519577,0.75,25.47175407409668,1,9,0.5019340515136719,{}
2956,23648,373920,binding_D4,0.5987237691879272,0.625,4.198885440826416,1,9,0.493074893951416,{}
2957,23656,373960,binding_D0,0.37454909086227417,0.75,4.464559078216553,1,5,0.2785024642944336,{}
2958,23664,374032,single_D4,0.147027850151062,1.0,9.593379020690918,1,9,0.47930431365966797,{}
2959,23672,374104,single_D4,0.34897303581237793,0.875,27.071971893310547,1,9,0.47081685066223145,{}
2960,23680,374144,binding_D0,0.4955369234085083,0.75,6.197620391845703,1,5,0.2933368682861328,{}
2961,23688,374232,motion_D0,2.867004156112671,0.5,280.8315734863281,1,11,0.5996406078338623,{}
2962,23696,374464,single_D24,0.7445489168167114,0.5,23.435110092163086,1,29,1.509056568145752,{}
2963,23704,374600,single_D12,0.915848433971405,0.5,26.414628982543945,1,17,0.8763773441314697,{}
2964,23712,374688,motion_D0,0.06890570372343063,1.0,33.46903610229492,1,11,0.6063117980957031,{}
2965,23720,374728,binding_D0,0.678740382194519,0.75,6.386642932891846,1,5,0.28244876861572266,{}
2966,23728,374864,binding_D12,0.684743344783783,0.625,4.432751655578613,1,17,0.8766369819641113,{}
2967,23736,375144,motion_D24,1.1067464351654053,0.25,9.129951477050781,1,35,1.8129785060882568,{}
2968,23744,375184,binding_D0,0.47529399394989014,0.75,4.941196441650391,1,5,0.28581666946411133,{}
2969,23752,375416,single_D24,0.6681843400001526,0.375,23.91208839416504,1,29,1.4882609844207764,{}
2970,23760,375488,binding_D4,0.6117236018180847,0.625,6.269723415374756,1,9,0.4800589084625244,{}
2971,23768,375720,single_D24,0.7809996604919434,0.25,33.323524475097656,1,29,1.4824249744415283,{}
2972,23776,375856,binding_D12,0.7754411101341248,0.625,3.8019280433654785,1,17,0.8864755630493164,{}
2973,23784,376088,single_D24,0.7632997035980225,0.375,28.044260025024414,1,29,1.4717097282409668,{}
2974,23792,376224,single_D12,0.7453733682632446,0.375,51.91682815551758,1,17,0.8779120445251465,{}
2975,23800,376296,single_D4,0.14344923198223114,1.0,33.496246337890625,1,9,0.46933627128601074,{}
2976,23808,376336,binding_D0,0.4161556363105774,0.875,5.141224384307861,1,5,0.2796187400817871,{}
2977,23816,376472,binding_D12,0.7202340960502625,0.625,5.759141445159912,1,17,0.8657529354095459,{}
2978,23824,376544,binding_D4,0.6003143191337585,0.625,2.3172078132629395,1,9,0.4761974811553955,{}
2979,23832,376776,single_D24,0.7785384654998779,0.5,10.833633422851562,1,29,1.5193026065826416,{}
2980,23840,376848,single_D4,0.2056485414505005,1.0,16.412660598754883,1,9,0.47912144660949707,{}
2981,23848,377080,binding_D24,0.716698944568634,0.375,2.139988899230957,1,29,1.47739577293396,{}
2982,23856,377312,single_D24,0.6469086408615112,0.625,21.835664749145508,1,29,1.4911494255065918,{}
2983,23864,377400,motion_D0,2.182016611099243,0.5,346.50537109375,1,11,0.6076309680938721,{}
2984,23872,377440,single_D0,0.08548847585916519,1.0,32.56186294555664,1,5,0.28316164016723633,{}
2985,23880,377576,single_D12,0.6548250913619995,0.625,30.42709732055664,1,17,0.8842484951019287,{}
2986,23888,377712,binding_D12,0.615226149559021,0.75,3.6992173194885254,1,17,0.8997220993041992,{}
2987,23896,377992,motion_D24,0.9262370467185974,1.0,6.798819065093994,1,35,1.8347315788269043,{}
2988,23904,378064,binding_D4,0.5514233112335205,0.75,4.1384687423706055,1,9,0.4964587688446045,{}
2989,23912,378104,binding_D0,0.5185281038284302,0.75,10.36068344116211,1,5,0.3737926483154297,{}
2990,23920,378176,binding_D4,0.5163296461105347,0.75,3.341263771057129,1,9,0.49646973609924316,{}
2991,23928,378408,binding_D24,0.7264759540557861,0.375,2.3404664993286133,1,29,1.507652997970581,{}
2992,23936,378688,motion_D24,0.9803187251091003,0.875,4.533074855804443,1,35,1.8177049160003662,{}
2993,23944,378824,single_D12,0.7634556889533997,0.5,26.64169692993164,1,17,0.8754923343658447,{}
2994,23952,379056,binding_D24,0.6632483005523682,0.625,4.090121746063232,1,29,1.4819557666778564,{}
2995,23960,379096,single_D0,0.020651308819651604,1.0,10.430450439453125,1,5,0.27152132987976074,{}
2996,23968,379328,single_D24,0.7078371047973633,0.5,15.295207023620605,1,29,1.4889798164367676,{}
2997,23976,379400,single_D4,0.0643172338604927,1.0,3.9438490867614746,1,9,0.49442052841186523,{}
2998,23984,379488,motion_D0,1.257570743560791,0.625,212.9508514404297,1,11,0.639998197555542,{}
2999,23992,379528,single_D0,0.055965084582567215,1.0,12.393133163452148,1,5,0.3813178539276123,{}
3000,24000,379760,binding_D24,0.6404464840888977,0.5,2.8018136024475098,1,29,1.537008285522461,{}
3001,24008,379896,single_D12,0.8027066588401794,0.5,37.549232482910156,1,17,0.8331634998321533,{}
3002,24016,380032,single_D12,0.8634415864944458,0.5,20.16162109375,1,17,0.830859899520874,{}
3003,24024,380104,single_D4,0.2533651888370514,0.875,49.88352966308594,1,9,0.4523890018463135,{}
3004,24032,380176,binding_D4,0.6655160188674927,0.625,3.9502217769622803,1,9,0.4510962963104248,{}
3005,24040,380216,single_D0,0.12417380511760712,0.875,50.555702209472656,1,5,0.262890100479126,{}
3006,24048,380448,binding_D24,0.7061240673065186,0.375,3.106020450592041,1,29,1.4179034233093262,{}
3007,24056,380584,single_D12,0.8354197144508362,0.375,10.081039428710938,1,17,0.8420045375823975,{}
3008,24064,380720,binding_D12,0.8291445970535278,0.5,7.986127853393555,1,17,0.8317325115203857,{}
3009,24072,380760,binding_D0,0.2862851321697235,1.0,4.548040390014648,1,5,0.27199387550354004,{}
3010,24080,380800,binding_D0,0.45459601283073425,0.875,3.893151044845581,1,5,0.26603221893310547,{}
3011,24088,380872,single_D4,0.23502831161022186,0.875,30.854450225830078,1,9,0.46620678901672363,{}
3012,24096,381104,binding_D24,0.6171015501022339,0.625,2.717397689819336,1,29,1.4162471294403076,{}
3013,24104,381176,single_D4,0.18959060311317444,0.875,13.256176948547363,1,9,0.44494104385375977,{}
3014,24112,381216,single_D0,0.014232601970434189,1.0,1.2337156534194946,1,5,0.2646059989929199,{}
3015,24120,381256,single_D0,0.0013586817076429725,1.0,0.15492378175258636,0,5,0.26711034774780273,{}
3016,24128,381328,binding_D4,0.5306475758552551,0.875,2.8717198371887207,1,9,0.45242929458618164,{}
3017,24136,381560,single_D24,0.7441977262496948,0.5,10.743449211120605,1,29,1.4147076606750488,{}
3018,24144,381696,binding_D12,0.6961076259613037,0.625,2.932750940322876,1,17,0.8403725624084473,{}
3019,24152,381768,binding_D4,0.7172229290008545,0.5,3.390878677368164,1,9,0.4570636749267578,{}
3020,24160,381904,single_D12,0.6070041060447693,0.75,26.14731216430664,1,17,0.8493263721466064,{}
3021,24168,382136,single_D24,0.7242650389671326,0.5,22.17923355102539,1,29,1.4208791255950928,{}
3022,24176,382176,binding_D0,0.18431635200977325,0.875,2.305104970932007,1,5,0.2605750560760498,{}
3023,24184,382312,binding_D12,0.7271239757537842,0.5,6.859330177307129,1,17,0.841156005859375,{}
3024,24192,382544,binding_D24,0.7671182155609131,0.375,3.052593469619751,1,29,1.4141907691955566,{}
3025,24200,382776,binding_D24,0.7034608125686646,0.375,2.7671825885772705,1,29,1.4196643829345703,{}
3026,24208,382912,single_D12,0.628099799156189,0.625,21.907114028930664,1,17,0.8397979736328125,{}
3027,24216,382984,single_D4,0.14704902470111847,1.0,11.928607940673828,1,9,0.45028090476989746,{}
3028,24224,383024,binding_D0,0.5154913663864136,0.875,6.653810501098633,1,5,0.2702524662017822,{}
3029,24232,383160,binding_D12,0.693077027797699,0.375,3.248399496078491,1,17,0.8528542518615723,{}
3030,24240,383200,single_D0,0.041476231068372726,1.0,22.172115325927734,1,5,0.26090025901794434,{}
3031,24248,383240,single_D0,0.1978381872177124,0.875,69.43566131591797,1,5,0.26416921615600586,{}
3032,24256,383312,single_D4,0.18477101624011993,0.875,57.898372650146484,1,9,0.46369242668151855,{}
3033,24264,383352,single_D0,0.01158208679407835,1.0,7.5934929847717285,1,5,0.257415771484375,{}
3034,24272,383584,binding_D24,0.6348000764846802,0.875,3.822310447692871,1,29,1.4013690948486328,{}
3035,24280,383624,binding_D0,0.5377665758132935,0.625,5.173142433166504,1,5,0.2616894245147705,{}
3036,24288,383904,motion_D24,1.0873839855194092,0.5,24.393980026245117,1,35,1.749969482421875,{}
3037,24296,384040,binding_D12,0.7166498899459839,0.625,3.0876059532165527,1,17,0.8395588397979736,{}
3038,24304,384112,binding_D4,0.579380214214325,0.75,7.015942096710205,1,9,0.46087193489074707,{}
3039,24312,384184,single_D4,0.7370901107788086,0.625,229.85935974121094,1,9,0.46129822731018066,{}
3040,24320,384256,binding_D4,0.6445842385292053,0.625,2.9470672607421875,1,9,0.47220396995544434,{}
3041,24328,384344,motion_D0,0.08528145402669907,1.0,73.84796905517578,1,11,0.5769400596618652,{}
3042,24336,384384,binding_D0,0.23648908734321594,0.875,6.166125297546387,1,5,0.2706115245819092,{}
3043,24344,384456,single_D4,1.357966661453247,0.5,345.2562561035156,1,9,0.47529172897338867,{}
3044,24352,384528,binding_D4,0.4908411502838135,0.875,5.3238372802734375,1,9,0.4687204360961914,{}
3045,24360,384664,binding_D12,0.7691879272460938,0.375,3.1906850337982178,1,17,0.8318474292755127,{}
3046,24368,384736,single_D4,0.946855902671814,0.375,353.4249267578125,1,9,0.464266300201416,{}
3047,24376,385016,motion_D24,1.117519497871399,0.625,10.621952056884766,1,35,1.7167973518371582,{}
3048,24384,385152,binding_D12,0.6689377427101135,0.625,2.173142433166504,1,17,0.8482875823974609,{}
3049,24392,385192,binding_D0,0.38706663250923157,0.875,6.4267964363098145,1,5,0.2679159641265869,{}
3050,24400,385328,binding_D12,0.6969854235649109,0.5,2.442440986633301,1,17,0.8319563865661621,{}
3051,24408,385608,motion_D24,1.18229341506958,0.625,9.028935432434082,1,35,1.730527639389038,{}
3052,24416,385888,motion_D24,1.0918041467666626,0.625,13.880228996276855,1,35,1.7198176383972168,{}
3053,24424,385960,single_D4,0.14772342145442963,0.875,31.127412796020508,1,9,0.46427035331726074,{}
3054,24432,386032,binding_D4,0.5667928457260132,0.75,3.5990912914276123,1,9,0.4512040615081787,{}
3055,24440,386168,single_D12,0.6599503755569458,0.625,31.259126663208008,1,17,0.8362150192260742,{}
3056,24448,386240,binding_D4,0.4313332140445709,1.0,4.698415279388428,1,9,0.45407891273498535,{}
3057,24456,386376,binding_D12,0.7267113327980042,0.75,2.370398759841919,1,17,0.8394451141357422,{}
3058,24464,386448,binding_D4,0.7461605668067932,0.625,6.372143745422363,1,9,0.47765612602233887,{}
3059,24472,386488,single_D0,0.05707036331295967,1.0,8.292531967163086,1,5,0.2591876983642578,{}
3060,24480,386720,binding_D24,0.6558541059494019,0.875,3.050175905227661,1,29,1.39890456199646,{}
3061,24488,386856,single_D12,0.6797797083854675,0.5,61.27016830444336,1,17,0.831859827041626,{}
3062,24496,387088,single_D24,0.7554639577865601,0.375,14.735212326049805,1,29,1.4107396602630615,{}
3063,24504,387224,single_D12,0.7147358059883118,0.375,46.569217681884766,1,17,0.835456132888794,{}
3064,24512,387456,single_D24,0.7347564697265625,0.625,11.031188011169434,1,29,1.4055588245391846,{}
3065,24520,387528,binding_D4,0.4160856008529663,1.0,5.256202697753906,1,9,0.45407605171203613,{}
3066,24528,387760,binding_D24,0.7247240543365479,0.5,5.717780113220215,1,29,1.4104743003845215,{}
3067,24536,387800,single_D0,0.0034498206805437803,1.0,0.16281497478485107,0,5,0.2779574394226074,{}
3068,24544,387840,binding_D0,0.43882817029953003,0.625,6.414352893829346,1,5,0.2848520278930664,{}
3069,24552,387976,binding_D12,0.7090774178504944,0.625,3.937563180923462,1,17,0.8333041667938232,{}
3070,24560,388208,binding_D24,0.7733994722366333,0.5,6.31519889831543,1,29,1.399108648300171,{}
3071,24568,388440,binding_D24,0.7543126344680786,0.5,3.283576250076294,1,29,1.4020915031433105,{}
3072,24576,388480,single_D0,0.33526742458343506,0.75,59.95351791381836,1,5,0.2591228485107422,{}
3073,24584,388520,binding_D0,0.2682137191295624,0.875,4.132467746734619,1,5,0.2803323268890381,"{""first_sensory_field_gradient_norm"": 0.000491593440528959, ""early_r_gradient_norm"": 0.09025058895349503, ""early_r_rms"": 0.017823737114667892, ""early_a_gradient_norm"": 0.003238056320697069, ""early_a_rms"": 0.0, ""late_r_gradient_norm"": 0.38892897963523865, ""late_r_rms"": 0.06036290153861046, ""late_a_gradient_norm"": null, ""late_a_rms"": 0.005105535499751568, ""encoder_gradient_norm"": 3.174182891845703, ""raw_recurrent_gradient_rms"": 1.2052182682964485e-06, ""state_stats"": {""inactive_fraction"": 0.84326171875, ""rectifier_off_fraction"": 0.87841796875, ""excitatory_mean"": 0.012711814604699612, ""inhibitory_mean"": 0.025048499926924706, ""tau_r_mean"": 5.214054107666016, ""tau_a_mean"": 36.82232666015625, ""adaptation_gain_mean"": 0.04744945466518402}, ""effective_recurrent_relative_update"": 7.876997187850066e-06}"
3074,24592,388752,binding_D24,0.6148396134376526,0.625,7.212996482849121,1,29,1.4128522872924805,{}
3075,24600,388824,single_D4,0.28925228118896484,0.75,48.516387939453125,1,9,0.4525277614593506,{}
3076,24608,389056,single_D24,0.9538367390632629,0.5,80.61412811279297,1,29,1.403113603591919,{}
3077,24616,389128,single_D4,0.36358773708343506,0.75,27.103435516357422,1,9,0.4606494903564453,{}
3078,24624,389200,binding_D4,0.7021502256393433,0.625,5.437337398529053,1,9,0.45565342903137207,{}
3079,24632,389272,single_D4,0.22605669498443604,0.875,36.439788818359375,1,9,0.45030713081359863,{}
3080,24640,389408,single_D12,0.781618595123291,0.5,36.59354782104492,1,17,0.8332834243774414,{}
3081,24648,389448,single_D0,0.49298837780952454,0.625,75.55480194091797,1,5,0.264113187789917,{}
3082,24656,389680,single_D24,0.6667534112930298,0.5,5.40556001663208,1,29,1.4141030311584473,{}
3083,24664,389720,binding_D0,0.5210832357406616,0.75,4.995428562164307,1,5,0.2646634578704834,{}
3084,24672,389792,single_D4,0.33319202065467834,0.875,7.930975437164307,1,9,0.47198963165283203,{}
3085,24680,389832,binding_D0,0.3428833484649658,0.75,5.692129611968994,1,5,0.2735626697540283,{}
3086,24688,389872,single_D0,0.09192601591348648,1.0,54.55138397216797,1,5,0.2655208110809326,{}
3087,24696,390104,binding_D24,0.8383133411407471,0.25,5.508378028869629,1,29,1.4028232097625732,{}
3088,24704,390336,binding_D24,0.7126489877700806,0.5,2.5368947982788086,1,29,1.4029030799865723,{}
3089,24712,390568,binding_D24,0.7488150000572205,0.25,3.863367795944214,1,29,1.4514250755310059,{}
3090,24720,390704,single_D12,0.6550602912902832,0.625,36.21766662597656,1,17,0.8366613388061523,{}
3091,24728,390744,single_D0,0.14161542057991028,0.875,71.28575897216797,1,5,0.2570772171020508,{}
3092,24736,390784,binding_D0,0.3355582356452942,0.75,3.693031072616577,1,5,0.2600429058074951,{}
3093,24744,390824,single_D0,0.011002755723893642,1.0,0.4346068203449249,0,5,0.2642204761505127,{}
3094,24752,390960,binding_D12,0.5913775563240051,0.75,2.6685805320739746,1,17,0.8369026184082031,{}
3095,24760,391000,binding_D0,0.3351515531539917,0.75,6.0864057540893555,1,5,0.26499247550964355,{}
3096,24768,391040,single_D0,0.02132362872362137,1.0,8.836475372314453,1,5,0.26251935958862305,{}
3097,24776,391128,motion_D0,2.398470163345337,0.5,382.3744201660156,1,11,0.5865178108215332,{}
3098,24784,391360,single_D24,0.7145832777023315,0.5,13.63778305053711,1,29,1.4096789360046387,{}
3099,24792,391432,single_D4,0.16998191177845,0.875,56.246917724609375,1,9,0.450000524520874,{}
3100,24800,391568,binding_D12,0.8526443839073181,0.375,11.733317375183105,1,17,0.8345441818237305,{}
3101,24808,391640,binding_D4,0.6403533220291138,0.5,4.249173164367676,1,9,0.4537351131439209,{}
3102,24816,391776,single_D12,0.5692005157470703,0.75,26.123882293701172,1,17,0.831073522567749,{}
3103,24824,391816,single_D0,0.004105181898921728,1.0,0.863625168800354,0,5,0.27747249603271484,{}
3104,24832,392048,single_D24,0.8222551345825195,0.25,23.94713020324707,1,29,1.408200979232788,{}
3105,24840,392328,motion_D24,1.1432430744171143,0.5,18.938295364379883,1,35,1.714064121246338,{}
3106,24848,392400,binding_D4,0.5484108328819275,0.75,2.356125831604004,1,9,0.4691660404205322,{}
3107,24856,392536,single_D12,0.7416844367980957,0.375,47.51457595825195,1,17,0.8249289989471436,{}
3108,24864,392608,single_D4,0.4035212993621826,0.75,61.31564712524414,1,9,0.45372772216796875,{}
3109,24872,392696,motion_D0,1.9231317043304443,0.75,302.5063171386719,1,11,0.5780677795410156,{}
3110,24880,392928,single_D24,0.7385131120681763,0.375,21.542951583862305,1,29,1.4085237979888916,{}
3111,24888,393064,single_D12,0.6538931131362915,0.625,7.278328895568848,1,17,0.8439624309539795,{}
3112,24896,393104,binding_D0,0.18147264420986176,1.0,6.764372825622559,1,5,0.26814770698547363,{}
3113,24904,393336,single_D24,0.7313084006309509,0.375,14.706093788146973,1,29,1.4207754135131836,{}
3114,24912,393568,single_D24,0.6362780332565308,0.75,13.062835693359375,1,29,1.4207375049591064,{}
3115,24920,393704,single_D12,0.6656064391136169,0.625,5.828536033630371,1,17,0.8309788703918457,{}
3116,24928,393840,binding_D12,0.7277323603630066,0.375,3.065641164779663,1,17,0.8177797794342041,{}
3117,24936,393976,binding_D12,0.6506282091140747,0.625,2.884582042694092,1,17,0.8411216735839844,{}
3118,24944,394048,binding_D4,0.4406743049621582,0.875,3.638655424118042,1,9,0.46199679374694824,{}
3119,24952,394280,binding_D24,0.6891319155693054,0.5,4.387477874755859,1,29,1.3986101150512695,{}
3120,24960,394368,motion_D0,0.5985468029975891,0.875,233.7835235595703,1,11,0.5742800235748291,{}
3121,24968,394504,single_D12,0.6849062442779541,0.5,23.844308853149414,1,17,0.8512382507324219,{}
3122,24976,394640,single_D12,0.691325306892395,0.5,14.666668891906738,1,17,0.8374645709991455,{}
3123,24984,394712,single_D4,0.14989231526851654,1.0,16.155521392822266,1,9,0.4557328224182129,{}
3124,24992,394752,single_D0,0.07181746512651443,1.0,7.834776401519775,1,5,0.2619638442993164,{}
3125,25000,394824,binding_D4,0.4369972348213196,0.875,3.0282483100891113,1,9,0.4649534225463867,{}
3126,25008,394960,binding_D12,0.6577283143997192,0.5,5.579113960266113,1,17,0.8374242782592773,{}
3127,25016,395000,single_D0,0.4256882667541504,0.875,101.37434387207031,1,5,0.2598898410797119,{}
3128,25024,395072,single_D4,0.1679467260837555,1.0,14.980642318725586,1,9,0.4517056941986084,{}
3129,25032,395304,single_D24,0.6894527077674866,0.5,12.097359657287598,1,29,1.678626298904419,{}
3130,25040,395344,single_D0,1.0767345428466797,0.875,40.24631881713867,1,5,0.28750061988830566,{}
3131,25048,395576,single_D24,0.7243285775184631,0.625,16.56615447998047,1,29,1.4259521961212158,{}
3132,25056,395712,binding_D12,0.7853071093559265,0.125,6.740665912628174,1,17,0.8293547630310059,{}
3133,25064,395848,binding_D12,0.5989170670509338,0.75,2.1115198135375977,1,17,0.832808256149292,{}
3134,25072,395920,binding_D4,0.41520774364471436,0.875,2.20859956741333,1,9,0.484072208404541,{}
3135,25080,396056,single_D12,0.7458318471908569,0.5,79.63632202148438,1,17,0.8285584449768066,{}
3136,25088,396128,single_D4,0.3150484263896942,0.75,39.658145904541016,1,9,0.45221877098083496,{}
3137,25096,396408,motion_D24,0.8881398439407349,0.875,7.64349365234375,1,35,1.710927963256836,{}
3138,25104,396544,binding_D12,0.6739137768745422,0.625,3.0922930240631104,1,17,0.834719181060791,{}
3139,25112,396776,single_D24,0.9561945199966431,0.5,83.42855834960938,1,29,1.3988885879516602,{}
3140,25120,397008,binding_D24,0.8341429233551025,0.375,5.512894630432129,1,29,1.4090619087219238,{}
3141,25128,397080,binding_D4,0.5902290344238281,0.75,3.3449437618255615,1,9,0.46074867248535156,{}
3142,25136,397312,binding_D24,0.7124906778335571,0.5,3.77188777923584,1,29,1.4085304737091064,{}
3143,25144,397448,single_D12,0.8387603759765625,0.375,80.66238403320312,1,17,0.8279318809509277,{}
3144,25152,397584,single_D12,0.617203414440155,0.625,7.482255458831787,1,17,0.8278689384460449,{}
3145,25160,397656,binding_D4,0.6144419312477112,0.75,4.516817092895508,1,9,0.45917391777038574,{}
3146,25168,397888,binding_D24,0.7175632119178772,0.5,3.683769941329956,1,29,1.4123799800872803,{}
3147,25176,397960,binding_D4,0.6732444763183594,0.75,5.986328125,1,9,0.4527559280395508,{}
3148,25184,398096,single_D12,0.605122983455658,0.75,9.379661560058594,1,17,0.8359842300415039,{}
3149,25192,398136,single_D0,0.03891389071941376,1.0,10.82348346710205,1,5,0.25623035430908203,{}
3150,25200,398368,single_D24,0.7891771793365479,0.125,32.38447189331055,1,29,1.4119915962219238,{}
3151,25208,398440,single_D4,0.1776060163974762,1.0,10.917770385742188,1,9,0.4481997489929199,{}
3152,25216,398480,single_D0,0.2611377239227295,0.875,29.58018684387207,1,5,0.2685866355895996,{}
3153,25224,398552,single_D4,0.12134456634521484,1.0,23.915029525756836,1,9,0.4532172679901123,{}
3154,25232,398592,binding_D0,0.20793145895004272,1.0,5.177457809448242,1,5,0.29578232765197754,{}
3155,25240,398632,single_D0,0.01871090568602085,1.0,6.068115234375,1,5,0.2702500820159912,{}
3156,25248,398704,binding_D4,0.5030013918876648,0.625,3.621382474899292,1,9,0.47027015686035156,{}
3157,25256,398936,single_D24,0.7277459502220154,0.5,18.498510360717773,1,29,1.4105572700500488,{}
3158,25264,398976,single_D0,0.0035449673887342215,1.0,0.2844808101654053,0,5,0.2501046657562256,{}
3159,25272,399048,binding_D4,0.559860110282898,0.75,4.843939304351807,1,9,0.46628808975219727,{}
3160,25280,399088,binding_D0,0.39963385462760925,0.75,4.822427749633789,1,5,0.2706420421600342,{}
3161,25288,399128,binding_D0,0.19458727538585663,1.0,6.1568803787231445,1,5,0.26276683807373047,{}
3162,25296,399408,motion_D24,1.0749073028564453,0.375,17.09617805480957,1,35,1.7191789150238037,{}
3163,25304,399480,single_D4,0.04386557266116142,1.0,13.830815315246582,1,9,0.4666564464569092,{}
3164,25312,399712,binding_D24,0.7925571799278259,0.375,7.987786769866943,1,29,1.3991749286651611,{}
3165,25320,399800,motion_D0,2.223339319229126,0.75,251.75039672851562,1,11,0.5783326625823975,{}
3166,25328,399936,binding_D12,0.7457548975944519,0.5,3.718334436416626,1,17,0.8506388664245605,{}
3167,25336,400008,binding_D4,0.6149426698684692,0.5,2.9994442462921143,1,9,0.45232439041137695,{}
3168,25344,400080,single_D4,0.0761997401714325,1.0,2.936584711074829,1,9,0.4462752342224121,{}
3169,25352,400312,binding_D24,0.7532375454902649,0.5,5.6474809646606445,1,29,1.3970963954925537,{}
3170,25360,400352,binding_D0,0.4181649684906006,0.875,9.373404502868652,1,5,0.26665449142456055,{}
3171,25368,400488,binding_D12,0.621900200843811,0.75,3.173435688018799,1,17,0.8431391716003418,{}
3172,25376,400720,single_D24,1.1429578065872192,0.375,58.46205520629883,1,29,1.3969800472259521,{}
3173,25384,400952,binding_D24,0.7097500562667847,0.5,4.054566383361816,1,29,1.3964171409606934,{}
3174,25392,401040,motion_D0,2.2567508220672607,0.625,259.4403381347656,1,11,0.5912373065948486,{}
3175,25400,401112,binding_D4,0.45151466131210327,0.875,4.830873966217041,1,9,0.48026037216186523,{}
3176,25408,401152,single_D0,0.23336391150951385,0.875,61.81552505493164,1,5,0.2512655258178711,{}
3177,25416,401288,single_D12,0.8154891133308411,0.5,20.458419799804688,1,17,0.8759918212890625,{}
3178,25424,401520,binding_D24,0.7921546697616577,0.25,3.7631967067718506,1,29,1.3948798179626465,{}
3179,25432,401592,single_D4,0.4051508903503418,0.875,50.458404541015625,1,9,0.4454765319824219,{}
3180,25440,401632,binding_D0,0.5520175695419312,0.75,20.556278228759766,1,5,0.2738223075866699,{}
3181,25448,401768,binding_D12,0.7582706809043884,0.375,3.124342918395996,1,17,0.8312246799468994,{}
3182,25456,401840,single_D4,0.09787727147340775,1.0,13.062577247619629,1,9,0.4457254409790039,{}
3183,25464,401880,binding_D0,0.7759274840354919,0.75,12.650896072387695,1,5,0.2697129249572754,{}
3184,25472,402112,binding_D24,0.7185309529304504,0.625,7.205751895904541,1,29,1.4106106758117676,{}
3185,25480,402344,single_D24,0.748519241809845,0.625,47.01460647583008,1,29,1.404179573059082,{}
3186,25488,402480,single_D12,0.7976746559143066,0.375,130.2729949951172,1,17,0.8344693183898926,{}
3187,25496,402616,single_D12,0.9294774532318115,0.375,91.92388916015625,1,17,0.8220043182373047,{}
3188,25504,402896,motion_D24,1.1121745109558105,0.75,2.831993818283081,1,35,1.7297425270080566,{}
3189,25512,402984,motion_D0,1.263744592666626,0.5,89.775146484375,1,11,0.5826618671417236,{}
3190,25520,403024,binding_D0,0.3369613289833069,0.875,8.864208221435547,1,5,0.27352309226989746,{}
3191,25528,403064,binding_D0,0.40579041838645935,0.75,4.5096001625061035,1,5,0.26380395889282227,{}
3192,25536,403296,binding_D24,0.8239522576332092,0.25,4.624693393707275,1,29,1.402620553970337,{}
3193,25544,403384,motion_D0,2.140010118484497,0.5,269.49432373046875,1,11,0.5677428245544434,{}
3194,25552,403424,single_D0,0.004235157277435064,1.0,0.8545246124267578,0,5,0.2576131820678711,{}
3195,25560,403656,single_D24,0.657589852809906,0.625,48.65477752685547,1,29,1.4373295307159424,{}
3196,25568,403792,binding_D12,0.6941999197006226,0.5,3.2312707901000977,1,17,0.916175127029419,{}
3197,25576,404072,motion_D24,1.021980881690979,0.625,14.538274765014648,1,35,1.766988754272461,{}
3198,25584,404112,binding_D0,0.42230647802352905,0.875,3.317976951599121,1,5,0.27086687088012695,{}
3199,25592,404344,single_D24,0.8592771291732788,0.375,73.57785034179688,1,29,1.419919490814209,{}
3200,25600,404480,binding_D12,0.7255434989929199,0.375,3.55935001373291,1,17,0.8374536037445068,{}
3201,25608,404616,binding_D12,0.6469755172729492,0.625,3.1353752613067627,1,17,0.8567256927490234,"{""first_sensory_field_gradient_norm"": 0.00013518363994080573, ""early_r_gradient_norm"": 0.025105509907007217, ""early_r_rms"": 0.015907492488622665, ""early_a_gradient_norm"": 0.003826139261946082, ""early_a_rms"": 0.0, ""late_r_gradient_norm"": 0.6630902290344238, ""late_r_rms"": 0.09072451293468475, ""late_a_gradient_norm"": null, ""late_a_rms"": 0.01961151510477066, ""encoder_gradient_norm"": 1.9786020517349243, ""raw_recurrent_gradient_rms"": 2.980033514177194e-06, ""state_stats"": {""inactive_fraction"": 0.85888671875, ""rectifier_off_fraction"": 0.9072265625, ""excitatory_mean"": 0.00979804340749979, ""inhibitory_mean"": 0.04812435060739517, ""tau_r_mean"": 5.2164764404296875, ""tau_a_mean"": 36.82610321044922, ""adaptation_gain_mean"": 0.04744374006986618}, ""effective_recurrent_relative_update"": 1.0168267181143165e-05}"
3202,25616,404848,single_D24,0.8685277104377747,0.625,73.45308685302734,1,29,1.4034209251403809,{}
3203,25624,404984,binding_D12,0.7871924042701721,0.375,4.010531902313232,1,17,0.835289478302002,{}
3204,25632,405216,binding_D24,0.6766796112060547,0.625,2.3262979984283447,1,29,1.3985395431518555,{}
3205,25640,405256,single_D0,0.05934842303395271,1.0,31.360994338989258,1,5,0.2581908702850342,{}
3206,25648,405344,motion_D0,0.9398512840270996,0.875,155.84190368652344,1,11,0.5973677635192871,{}
3207,25656,405416,binding_D4,0.5543801784515381,0.75,4.755439281463623,1,9,0.46761178970336914,{}
3208,25664,405456,binding_D0,0.5666681528091431,0.75,10.166178703308105,1,5,0.266338586807251,{}
3209,25672,405688,single_D24,0.739178478717804,0.375,65.9384536743164,1,29,1.4242732524871826,{}
3210,25680,405824,single_D12,0.666808009147644,0.75,27.40749740600586,1,17,0.8266704082489014,{}
3211,25688,405960,single_D12,0.7220330238342285,0.375,12.280988693237305,1,17,0.8194959163665771,{}
3212,25696,406240,motion_D24,1.0178382396697998,0.625,7.056061744689941,1,35,1.707853078842163,{}
3213,25704,406312,binding_D4,0.7526158094406128,0.625,7.448162078857422,1,9,0.46713757514953613,{}
3214,25712,406448,binding_D12,0.710970401763916,0.5,3.491529941558838,1,17,0.8273117542266846,{}
3215,25720,406488,single_D0,0.11355746537446976,1.0,50.014137268066406,1,5,0.2732546329498291,{}
3216,25728,406720,single_D24,0.9367563724517822,0.25,71.31795501708984,1,29,1.4027659893035889,{}
3217,25736,406856,binding_D12,0.680849015712738,0.625,2.653359889984131,1,17,0.839019775390625,{}
3218,25744,406896,binding_D0,0.13819719851016998,1.0,2.7990336418151855,1,5,0.2743337154388428,{}
3219,25752,406936,single_D0,0.2826142907142639,0.875,72.21109771728516,1,5,0.2534029483795166,{}
3220,25760,406976,binding_D0,0.46360498666763306,0.625,6.53915548324585,1,5,0.269956111907959,{}
3221,25768,407208,single_D24,0.6121228933334351,0.625,47.60595703125,1,29,1.4012646675109863,{}
3222,25776,407248,single_D0,0.08911044150590897,1.0,12.403295516967773,1,5,0.2605929374694824,{}
3223,25784,407384,binding_D12,0.6120420694351196,0.625,4.638855457305908,1,17,0.8489499092102051,{}
3224,25792,407520,single_D12,0.9195895791053772,0.125,74.2450942993164,1,17,0.8318686485290527,{}
3225,25800,407656,binding_D12,0.6671842932701111,0.625,3.3755462169647217,1,17,0.822638988494873,{}
3226,25808,407696,single_D0,0.11079937219619751,1.0,72.27281188964844,1,5,0.2740452289581299,{}
3227,25816,407768,single_D4,0.3886287808418274,0.875,44.92522430419922,1,9,0.43900227546691895,{}
3228,25824,408000,binding_D24,0.8086091876029968,0.375,5.8190765380859375,1,29,1.3916363716125488,{}
3229,25832,408072,single_D4,0.40933966636657715,0.75,24.876596450805664,1,9,0.46199488639831543,{}
3230,25840,408304,binding_D24,0.6607716679573059,0.625,2.149484634399414,1,29,1.4047746658325195,{}
3231,25848,408584,motion_D24,0.8063046932220459,0.75,4.111158847808838,1,35,1.7055847644805908,{}
3232,25856,408816,binding_D24,0.6136029958724976,0.625,3.2825822830200195,1,29,1.4085524082183838,{}
3233,25864,408952,single_D12,0.7360401749610901,0.5,79.63501739501953,1,17,0.825695276260376,{}
3234,25872,408992,single_D0,0.018760921433568,1.0,4.949650287628174,1,5,0.26799678802490234,{}
3235,25880,409064,binding_D4,0.5764808654785156,0.75,2.948035955429077,1,9,0.4432413578033447,{}
3236,25888,409104,single_D0,0.004832133650779724,1.0,1.1317803859710693,1,5,0.26686716079711914,{}
3237,25896,409144,binding_D0,0.6020822525024414,0.75,6.216832637786865,1,5,0.27643442153930664,{}
3238,25904,409280,single_D12,0.7342936396598816,0.375,78.41349792480469,1,17,0.8261871337890625,{}
3239,25912,409368,motion_D0,0.11784062534570694,1.0,44.541748046875,1,11,0.5624434947967529,{}
3240,25920,409408,binding_D0,0.37489932775497437,1.0,5.905897617340088,1,5,0.2848060131072998,{}
3241,25928,409544,binding_D12,0.7495245337486267,0.5,6.541594505310059,1,17,0.8404715061187744,{}
3242,25936,409616,single_D4,0.4366688132286072,0.75,121.66085815429688,1,9,0.44612669944763184,{}
3243,25944,409752,single_D12,0.6340901255607605,0.5,129.80812072753906,1,17,0.8327648639678955,{}
3244,25952,409888,single_D12,0.676690936088562,0.5,92.42182159423828,1,17,0.8291089534759521,{}
3245,25960,409976,motion_D0,1.265695333480835,0.5,300.5367736816406,1,11,0.5641043186187744,{}
3246,25968,410112,binding_D12,0.6802409887313843,0.5,3.9971773624420166,1,17,0.847646951675415,{}
3247,25976,410392,motion_D24,1.027275562286377,0.75,20.579992294311523,1,35,1.7162237167358398,{}
3248,25984,410624,binding_D24,0.7262670397758484,0.5,2.6822826862335205,1,29,1.3894381523132324,{}
3249,25992,410760,single_D12,0.6273890733718872,0.625,19.745296478271484,1,17,0.8419966697692871,{}
3250,26000,410992,binding_D24,0.6562766432762146,0.5,3.289548397064209,1,29,1.3841440677642822,{}
3251,26008,411224,single_D24,0.7664002180099487,0.5,10.216038703918457,1,29,1.4041545391082764,{}
3252,26016,411296,single_D4,0.38451439142227173,0.75,28.882944107055664,1,9,0.4535408020019531,{}
3253,26024,411576,motion_D24,1.0115346908569336,0.75,13.046187400817871,1,35,1.7232286930084229,{}
3254,26032,411648,binding_D4,0.6454542279243469,0.5,4.0936503410339355,1,9,0.47608160972595215,{}
3255,26040,411688,binding_D0,0.3324788212776184,0.875,7.405470848083496,1,5,0.26142215728759766,{}
3256,26048,411920,single_D24,0.694169282913208,0.5,8.346114158630371,1,29,1.4016625881195068,{}
3257,26056,411992,binding_D4,0.6326817274093628,0.625,2.643739938735962,1,9,0.45479893684387207,{}
3258,26064,412064,binding_D4,0.5921943187713623,0.625,3.0492188930511475,1,9,0.4588761329650879,{}
3259,26072,412296,binding_D24,0.707135796546936,0.5,3.567505359649658,1,29,1.4259185791015625,{}
3260,26080,412528,single_D24,0.7516053915023804,0.375,10.69266128540039,1,29,1.3954169750213623,{}
3261,26088,412664,single_D12,0.7861886024475098,0.375,11.100700378417969,1,17,0.836451530456543,{}
3262,26096,412704,binding_D0,0.2459663301706314,1.0,3.882234811782837,1,5,0.2669188976287842,{}
3263,26104,412840,binding_D12,0.6239429712295532,0.625,5.2213592529296875,1,17,0.8407626152038574,{}
3264,26112,412880,binding_D0,0.2743381857872009,0.875,3.1302199363708496,1,5,0.2680695056915283,{}
3265,26120,412952,single_D4,0.18229539692401886,0.875,16.931577682495117,1,9,0.4422488212585449,{}
3266,26128,413184,binding_D24,0.7449160814285278,0.5,6.554149627685547,1,29,1.4008173942565918,{}
3267,26136,413416,binding_D24,0.7758041024208069,0.25,3.611879825592041,1,29,1.393874168395996,{}
3268,26144,413488,single_D4,0.27455440163612366,1.0,12.200754165649414,1,9,0.4675018787384033,{}
3269,26152,413720,single_D24,0.7490491271018982,0.375,13.216994285583496,1,29,1.4321880340576172,{}
3270,26160,413792,single_D4,0.10410132259130478,1.0,9.605650901794434,1,9,0.4427037239074707,{}
3271,26168,414024,single_D24,0.8337060213088989,0.5,40.56444549560547,1,29,1.4060628414154053,{}
3272,26176,414064,binding_D0,0.2821310758590698,0.75,4.795419692993164,1,5,0.2706177234649658,{}
3273,26184,414136,single_D4,0.24388590455055237,1.0,23.64949607849121,1,9,0.45188307762145996,{}
3274,26192,414176,single_D0,0.007270290516316891,1.0,1.4993624687194824,1,5,0.28023457527160645,{}
3275,26200,414248,binding_D4,0.5899267792701721,0.75,3.1103432178497314,1,9,0.4520435333251953,{}
3276,26208,414336,motion_D0,2.5028693675994873,0.625,208.72305297851562,1,11,0.5849332809448242,{}
3277,26216,414408,binding_D4,0.5502366423606873,0.625,5.586767196655273,1,9,0.45944786071777344,{}
3278,26224,414448,single_D0,0.006207062862813473,1.0,0.7567077279090881,0,5,0.2566804885864258,{}
3279,26232,414520,binding_D4,0.4381116032600403,0.875,4.021080493927002,1,9,0.46886396408081055,{}
3280,26240,414592,single_D4,0.20726951956748962,0.875,45.809207916259766,1,9,0.4379587173461914,{}
3281,26248,414680,motion_D0,1.489902138710022,0.5,104.01952362060547,1,11,0.5896346569061279,{}
3282,26256,414752,binding_D4,0.6241103410720825,0.625,4.589604377746582,1,9,0.47423315048217773,{}
3283,26264,414984,single_D24,0.7245656847953796,0.5,9.680561065673828,1,29,1.4232733249664307,{}
3284,26272,415216,single_D24,0.7268284559249878,0.5,11.388672828674316,1,29,1.4066131114959717,{}
3285,26280,415256,binding_D0,0.1823994666337967,1.0,5.149306774139404,1,5,0.2649829387664795,{}
3286,26288,415488,single_D24,0.617712676525116,0.625,13.603471755981445,1,29,1.3971049785614014,{}
3287,26296,415720,single_D24,0.7417593002319336,0.625,40.15312194824219,1,29,1.3903005123138428,{}
3288,26304,415856,single_D12,1.0947810411453247,0.125,154.3899383544922,1,17,0.8316361904144287,{}
3289,26312,415944,motion_D0,3.6232073307037354,0.375,428.714599609375,1,11,0.5627117156982422,{}
3290,26320,416080,binding_D12,0.6271596550941467,0.625,7.203891754150391,1,17,0.8455235958099365,{}
3291,26328,416120,binding_D0,0.41685885190963745,0.875,4.774363994598389,1,5,0.2822906970977783,{}
3292,26336,416256,binding_D12,0.6933102607727051,0.625,8.356561660766602,1,17,0.8356058597564697,{}
3293,26344,416392,binding_D12,0.7191799879074097,0.25,5.223838806152344,1,17,0.8214724063873291,{}
3294,26352,416432,binding_D0,0.1366223692893982,1.0,3.560659885406494,1,5,0.2733442783355713,{}
3295,26360,416504,single_D4,0.498075008392334,0.625,202.830078125,1,9,0.43830442428588867,{}
3296,26368,416736,binding_D24,0.5715916156768799,0.875,3.8535990715026855,1,29,1.3991897106170654,{}
3297,26376,416776,binding_D0,0.25821998715400696,0.75,6.449631690979004,1,5,0.26929569244384766,{}
3298,26384,416864,motion_D0,1.6492005586624146,0.625,231.7151336669922,1,11,0.5733771324157715,{}
3299,26392,416904,single_D0,0.02273627184331417,1.0,19.09333038330078,1,5,0.2630116939544678,{}
3300,26400,417136,single_D24,0.7110509872436523,0.5,38.317317962646484,1,29,1.3923790454864502,{}
3301,26408,417272,binding_D12,0.6124025583267212,0.5,4.873484134674072,1,17,2.313453197479248,{}
3302,26416,417344,binding_D4,0.44850584864616394,0.875,6.442253112792969,1,9,0.48777151107788086,{}
3303,26424,417432,motion_D0,1.5248687267303467,0.625,159.24630737304688,1,11,0.5942590236663818,{}
3304,26432,417568,binding_D12,0.7471699118614197,0.625,3.7993476390838623,1,17,0.858696460723877,{}
3305,26440,417608,single_D0,0.3757714629173279,0.875,26.317276000976562,1,5,0.25891637802124023,{}
3306,26448,417840,single_D24,0.8678638935089111,0.5,50.89472961425781,1,29,1.412224531173706,{}
3307,26456,417912,single_D4,0.21068812906742096,0.875,13.679139137268066,1,9,0.45162105560302734,{}
3308,26464,418048,single_D12,0.6898795962333679,0.5,13.152700424194336,1,17,0.850069522857666,{}
3309,26472,418328,motion_D24,0.9658156037330627,0.875,11.006007194519043,1,35,1.7468645572662354,{}
3310,26480,418368,single_D0,0.0661344975233078,1.0,22.998470306396484,1,5,0.2680928707122803,{}
3311,26488,418504,single_D12,0.6776537895202637,0.625,20.168729782104492,1,17,0.8271832466125488,{}
3312,26496,418736,single_D24,0.7046923637390137,0.625,20.671173095703125,1,29,1.389817476272583,{}
3313,26504,418776,binding_D0,0.34583592414855957,0.75,5.833886623382568,1,5,0.26821446418762207,{}
3314,26512,418816,binding_D0,0.32546132802963257,0.75,9.203688621520996,1,5,0.2770411968231201,{}
3315,26520,418888,binding_D4,0.4456476867198944,0.75,2.52129864692688,1,9,0.46651625633239746,{}
3316,26528,419120,single_D24,0.782084047794342,0.375,9.058084487915039,1,29,1.402343511581421,{}
3317,26536,419400,motion_D24,0.9514679312705994,0.75,22.715364456176758,1,35,1.7128276824951172,{}
3318,26544,419536,single_D12,0.6983942985534668,0.5,36.0811882019043,1,17,0.8345963954925537,{}
3319,26552,419608,single_D4,0.16747328639030457,0.875,35.31160354614258,1,9,0.4539778232574463,{}
3320,26560,419680,binding_D4,0.6738513708114624,0.5,3.5497164726257324,1,9,0.47654080390930176,{}
3321,26568,419912,single_D24,0.6244133710861206,0.625,15.962687492370605,1,29,1.4030160903930664,{}
3322,26576,419952,single_D0,0.24971671402454376,0.875,61.405208587646484,1,5,0.2582390308380127,{}
3323,26584,419992,single_D0,0.04178217425942421,1.0,13.034405708312988,1,5,0.2551608085632324,{}
3324,26592,420064,single_D4,0.22292101383209229,0.75,92.45906066894531,1,9,0.442840576171875,{}
3325,26600,420296,binding_D24,0.7650506496429443,0.25,3.9415013790130615,1,29,1.3964428901672363,{}
3326,26608,420432,single_D12,0.8363026976585388,0.375,92.03380584716797,1,17,0.8411471843719482,{}
3327,26616,420504,binding_D4,0.5562301278114319,0.625,5.0222649574279785,1,9,0.4514000415802002,{}
3328,26624,420736,binding_D24,0.6758700609207153,0.625,2.4381942749023438,1,29,1.400075912475586,{}
3329,26632,420808,binding_D4,0.6156687140464783,0.5,5.844053268432617,1,9,0.4631814956665039,"{""first_sensory_field_gradient_norm"": 0.00035748782102018595, ""early_r_gradient_norm"": 0.06961547583341599, ""early_r_rms"": 0.017862852662801743, ""early_a_gradient_norm"": 0.004625304602086544, ""early_a_rms"": 0.0, ""late_r_gradient_norm"": 0.6581103205680847, ""late_r_rms"": 0.07774356007575989, ""late_a_gradient_norm"": null, ""late_a_rms"": 0.010993944481015205, ""encoder_gradient_norm"": 3.9298014640808105, ""raw_recurrent_gradient_rms"": 3.4348099688941147e-06, ""state_stats"": {""inactive_fraction"": 0.85107421875, ""rectifier_off_fraction"": 0.87548828125, ""excitatory_mean"": 0.014405974186956882, ""inhibitory_mean"": 0.036636918783187866, ""tau_r_mean"": 5.220834732055664, ""tau_a_mean"": 36.830650329589844, ""adaptation_gain_mean"": 0.04744202271103859}, ""effective_recurrent_relative_update"": 8.64156481839018e-06}"
3330,26640,420848,single_D0,0.14391504228115082,0.875,67.18173217773438,1,5,0.25223565101623535,{}
3331,26648,421080,binding_D24,0.766409158706665,0.375,3.9459402561187744,1,29,1.4229052066802979,{}
3332,26656,421216,binding_D12,0.5353381633758545,0.75,2.315999746322632,1,17,0.8132233619689941,{}
3333,26664,421288,single_D4,0.11102406680583954,1.0,23.97579002380371,1,9,0.45850324630737305,{}
3334,26672,421424,single_D12,0.6260595321655273,0.625,17.51007652282715,1,17,0.8474433422088623,{}
3335,26680,421464,single_D0,0.014173354022204876,1.0,2.6028380393981934,1,5,0.25716733932495117,{}
3336,26688,421536,single_D4,0.3772527575492859,0.75,11.378035545349121,1,9,0.44985365867614746,{}
3337,26696,421576,binding_D0,0.38889917731285095,0.875,6.3697028160095215,1,5,0.27561116218566895,{}
3338,26704,421648,single_D4,0.08163441717624664,1.0,20.300134658813477,1,9,0.4498002529144287,{}
3339,26712,421720,binding_D4,0.48289939761161804,0.875,5.369660377502441,1,9,0.4567601680755615,{}
3340,26720,421760,single_D0,0.0037994023878127337,1.0,0.1635405421257019,0,5,0.25880908966064453,{}
3341,26728,421800,single_D0,0.07190469652414322,1.0,10.426471710205078,1,5,0.26932239532470703,{}
3342,26736,422080,motion_D24,1.0696959495544434,0.625,10.101127624511719,1,35,1.7188730239868164,{}
3343,26744,422360,motion_D24,1.147753357887268,0.5,8.263466835021973,1,35,1.7144582271575928,{}
3344,26752,422432,single_D4,0.29844337701797485,0.875,3.2763054370880127,1,9,0.46607112884521484,{}
3345,26760,422472,binding_D0,0.15392214059829712,1.0,7.104033946990967,1,5,0.26203083992004395,{}
3346,26768,422544,binding_D4,0.5058990120887756,0.75,6.550466060638428,1,9,0.45789456367492676,{}
3347,26776,422584,binding_D0,0.26840144395828247,0.875,13.570303916931152,1,5,0.29111695289611816,{}
3348,26784,422720,binding_D12,0.662416398525238,0.5,4.780416965484619,1,17,0.8309156894683838,{}
3349,26792,422792,single_D4,0.33374571800231934,0.875,71.86656188964844,1,9,0.44954538345336914,{}
3350,26800,422928,single_D12,0.6517401337623596,0.625,18.35628318786621,1,17,0.8312423229217529,{}
3351,26808,423000,binding_D4,0.5535312294960022,0.875,5.9381232261657715,1,9,0.45638322830200195,{}
3352,26816,423232,binding_D24,0.8251790404319763,0.5,6.907533645629883,1,29,1.3943796157836914,{}
3353,26824,423464,binding_D24,0.7979671955108643,0.5,9.26541519165039,1,29,1.4021778106689453,{}
3354,26832,423696,binding_D24,0.7887701988220215,0.25,14.339597702026367,1,29,1.3958189487457275,{}
3355,26840,423832,binding_D12,0.6280528903007507,0.625,3.523322343826294,1,17,0.8261260986328125,{}
3356,26848,424064,binding_D24,0.6747831702232361,0.625,6.182747840881348,1,29,1.393543004989624,{}
3357,26856,424200,single_D12,0.7151187062263489,0.5,45.04049301147461,1,17,0.8239891529083252,{}
3358,26864,424336,single_D12,0.9543114900588989,0.375,96.09459686279297,1,17,0.8245937824249268,{}
3359,26872,424472,binding_D12,0.6628838777542114,0.625,4.873946189880371,1,17,0.827244758605957,{}
3360,26880,424704,binding_D24,0.6801822781562805,0.75,4.550288677215576,1,29,1.3916006088256836,{}
3361,26888,424936,binding_D24,0.6927024126052856,0.5,4.763694763183594,1,29,1.3928461074829102,{}
3362,26896,425168,binding_D24,0.6326909065246582,0.625,3.646695375442505,1,29,1.4114608764648438,{}
3363,26904,425208,binding_D0,0.3688632547855377,0.875,12.499119758605957,1,5,0.2621304988861084,{}
3364,26912,425280,single_D4,0.320866197347641,0.75,25.204246520996094,1,9,0.46837520599365234,{}
3365,26920,425512,single_D24,0.7034492492675781,0.625,12.290377616882324,1,29,1.4018080234527588,{}
3366,26928,425744,single_D24,0.6480439305305481,0.625,5.0697760581970215,1,29,1.4002389907836914,{}
3367,26936,425880,single_D12,0.5074142217636108,1.0,24.605478286743164,1,17,0.8435311317443848,{}
3368,26944,425968,motion_D0,0.6413304209709167,0.875,160.29261779785156,1,11,0.5722978115081787,{}
3369,26952,426008,single_D0,0.18750502169132233,0.875,63.24766540527344,1,5,0.2710399627685547,{}
3370,26960,426048,single_D0,0.1494533121585846,0.875,61.424137115478516,1,5,0.2712726593017578,{}
3371,26968,426328,motion_D24,0.9885064959526062,0.75,4.402543544769287,1,35,1.7166047096252441,{}
3372,26976,426400,single_D4,0.4493810534477234,0.75,75.72371673583984,1,9,0.4800987243652344,{}
3373,26984,426440,single_D0,0.479427307844162,0.875,89.27644348144531,1,5,0.2555973529815674,{}
3374,26992,426512,single_D4,0.34477394819259644,0.875,47.68970489501953,1,9,0.45919013023376465,{}
3375,27000,426744,single_D24,0.8354805111885071,0.5,109.11577606201172,1,29,1.4204883575439453,{}
3376,27008,426880,binding_D12,0.8286275267601013,0.375,4.063714981079102,1,17,0.8416619300842285,{}
3377,27016,426920,binding_D0,0.20270083844661713,1.0,3.2432022094726562,1,5,0.26593470573425293,{}
3378,27024,426992,single_D4,0.333393394947052,0.75,38.98149490356445,1,9,0.4515717029571533,{}
3379,27032,427080,motion_D0,2.4191343784332275,0.625,74.17893981933594,1,11,0.5796997547149658,{}
3380,27040,427152,binding_D4,0.5321152806282043,0.75,4.378662109375,1,9,0.464601993560791,{}
3381,27048,427224,binding_D4,0.3990957736968994,1.0,3.581357955932617,1,9,0.45867419242858887,{}
3382,27056,427360,single_D12,0.7230073809623718,0.625,9.685830116271973,1,17,0.8382747173309326,{}
3383,27064,427432,single_D4,0.0919707641005516,1.0,5.018693447113037,1,9,0.44947123527526855,{}
3384,27072,427568,binding_D12,0.5638578534126282,0.75,3.7221271991729736,1,17,0.8281123638153076,{}
3385,27080,427640,binding_D4,0.5481638312339783,0.625,6.131473064422607,1,9,0.4585280418395996,{}
3386,27088,427680,binding_D0,0.46917423605918884,0.625,11.774273872375488,1,5,0.2660789489746094,{}
3387,27096,427752,binding_D4,0.6777123212814331,0.625,6.962509632110596,1,9,0.4688854217529297,{}
3388,27104,427888,single_D12,0.8474820256233215,0.5,13.844544410705566,1,17,0.8279056549072266,{}
3389,27112,428120,binding_D24,0.8146507740020752,0.25,5.234432697296143,1,29,1.4074592590332031,{}
3390,27120,428160,binding_D0,0.40623894333839417,0.75,6.931779384613037,1,5,0.2648143768310547,{}
3391,27128,428296,single_D12,0.6740572452545166,0.625,22.51285743713379,1,17,0.8456487655639648,{}
3392,27136,428576,motion_D24,1.0720698833465576,0.75,14.380424499511719,1,35,1.7245652675628662,{}
3393,27144,428712,single_D12,0.8286077976226807,0.375,30.26031494140625,1,17,0.8235244750976562,{}
3394,27152,428848,single_D12,0.6050029397010803,0.75,25.333507537841797,1,17,0.828057050704956,{}
3395,27160,428984,binding_D12,0.9505080580711365,0.25,6.856245994567871,1,17,0.8298327922821045,{}
3396,27168,429120,single_D12,0.5834324359893799,0.75,45.9063606262207,1,17,0.8322353363037109,{}
3397,27176,429160,binding_D0,0.476471871137619,0.75,8.470367431640625,1,5,0.2685215473175049,{}
3398,27184,429392,binding_D24,0.5719212293624878,0.75,2.537402629852295,1,29,1.395148515701294,{}
3399,27192,429432,single_D0,0.20453481376171112,0.875,47.05657958984375,1,5,0.2566792964935303,{}
3400,27200,429472,single_D0,0.005724082700908184,1.0,0.7503367066383362,0,5,0.2567436695098877,{}
3401,27208,429512,binding_D0,0.3693993091583252,0.75,8.154867172241211,1,5,0.26392626762390137,{}
3402,27216,429552,single_D0,0.03011511079967022,1.0,7.995693206787109,1,5,0.2647852897644043,{}
3403,27224,429592,binding_D0,0.38361114263534546,0.75,9.68154239654541,1,5,0.26851797103881836,{}
3404,27232,429680,motion_D0,0.6132418513298035,0.75,216.34329223632812,1,11,0.599231481552124,{}
3405,27240,429720,binding_D0,0.18904303014278412,1.0,4.508703708648682,1,5,0.26192378997802734,{}
3406,27248,429760,single_D0,0.003407156327739358,1.0,0.5730030536651611,0,5,0.2626957893371582,{}
3407,27256,429832,single_D4,1.2242413759231567,0.625,164.05117797851562,1,9,0.44919705390930176,{}
3408,27264,429904,binding_D4,0.5694352388381958,0.75,3.3247482776641846,1,9,0.4561119079589844,{}
3409,27272,429976,binding_D4,0.3644770383834839,0.875,3.2430977821350098,1,9,0.44759678840637207,{}
3410,27280,430112,binding_D12,0.6697096824645996,0.625,4.533255100250244,1,17,0.8403823375701904,{}
3411,27288,430248,single_D12,0.9600250720977783,0.5,116.95481872558594,1,17,0.83074951171875,{}
3412,27296,430288,single_D0,0.0066839549690485,1.0,0.5988476276397705,0,5,0.2604687213897705,{}
3413,27304,430520,binding_D24,0.7199037075042725,0.5,5.793515205383301,1,29,1.4091949462890625,{}
3414,27312,430752,binding_D24,0.7781210541725159,0.25,5.176901817321777,1,29,1.394568920135498,{}
3415,27320,431032,motion_D24,0.9770503640174866,1.0,9.35356616973877,1,35,1.7173216342926025,{}
3416,27328,431168,binding_D12,0.7419458031654358,0.5,3.84751033782959,1,17,0.8257396221160889,{}
3417,27336,431400,single_D24,1.2852466106414795,0.5,159.73419189453125,1,29,1.4005672931671143,{}
3418,27344,431632,binding_D24,0.8638941645622253,0.375,4.922189235687256,1,29,1.394928216934204,{}
3419,27352,431672,single_D0,0.3658370077610016,0.875,132.85316467285156,1,5,0.2557525634765625,{}
3420,27360,431808,binding_D12,0.6216073036193848,0.75,3.691373825073242,1,17,0.8550736904144287,{}
3421,27368,432040,binding_D24,0.8366956114768982,0.375,4.008207321166992,1,29,1.3917067050933838,{}
3422,27376,432112,single_D4,0.290779709815979,0.875,27.510677337646484,1,9,0.44290828704833984,{}
3423,27384,432392,motion_D24,0.9069606065750122,0.875,3.335028648376465,1,35,1.7093160152435303,{}
3424,27392,432624,single_D24,0.8321607112884521,0.5,19.521217346191406,1,29,1.4018352031707764,{}
3425,27400,432856,single_D24,0.7452456951141357,0.5,44.52526092529297,1,29,1.4078316688537598,{}
3426,27408,432944,motion_D0,3.138277769088745,0.5,520.6648559570312,1,11,0.5704131126403809,{}
3427,27416,433176,single_D24,0.7506940960884094,0.375,29.086469650268555,1,29,1.404503583908081,{}
3428,27424,433216,binding_D0,0.31884464621543884,0.875,4.96875524520874,1,5,0.2622251510620117,{}
3429,27432,433352,single_D12,0.6563414931297302,0.625,13.409915924072266,1,17,0.8316383361816406,{}
3430,27440,433488,binding_D12,0.7177760601043701,0.5,4.358890533447266,1,17,0.8269698619842529,{}
3431,27448,433720,binding_D24,0.6670692563056946,0.625,3.803551197052002,1,29,1.3925139904022217,{}
3432,27456,433792,single_D4,0.3648402988910675,0.75,23.260408401489258,1,9,0.4510171413421631,{}
3433,27464,433864,binding_D4,0.5686924457550049,0.75,3.026435613632202,1,9,0.4609062671661377,{}
3434,27472,433936,single_D4,0.42350074648857117,0.75,17.107816696166992,1,9,0.44129109382629395,{}
3435,27480,434008,binding_D4,0.8543657064437866,0.375,9.193402290344238,1,9,0.4599928855895996,{}
3436,27488,434144,binding_D12,0.6856769323348999,0.5,5.0876336097717285,1,17,0.8193435668945312,{}
3437,27496,434280,binding_D12,0.6986477375030518,0.25,4.495174884796143,1,17,0.8324453830718994,{}
3438,27504,434512,single_D24,0.6858489513397217,0.625,7.452705383300781,1,29,1.402418851852417,{}
3439,27512,434584,binding_D4,0.5104813575744629,0.875,4.437711238861084,1,9,0.4470350742340088,{}
3440,27520,434816,single_D24,0.6872211694717407,0.625,42.81529235839844,1,29,1.4073970317840576,{}
3441,27528,434856,binding_D0,0.387987345457077,0.625,7.395699501037598,1,5,0.26868486404418945,{}
3442,27536,434992,single_D12,0.7898620367050171,0.5,35.86478805541992,1,17,0.8421547412872314,{}
3443,27544,435128,binding_D12,0.6872245073318481,0.5,3.6348297595977783,1,17,0.8543577194213867,{}
3444,27552,435200,binding_D4,0.4427676498889923,0.75,6.067012786865234,1,9,0.45448756217956543,{}
3445,27560,435272,binding_D4,0.5263595581054688,0.75,8.76109504699707,1,9,0.45158910751342773,{}
3446,27568,435344,binding_D4,0.6433249711990356,0.625,3.8399391174316406,1,9,0.45679211616516113,{}
3447,27576,435576,single_D24,0.7981990575790405,0.625,34.83251953125,1,29,1.4062864780426025,{}
3448,27584,435712,binding_D12,0.6094281673431396,0.625,3.1485660076141357,1,17,0.8395678997039795,{}
3449,27592,435784,single_D4,0.5128949880599976,0.75,103.88798522949219,1,9,0.4462857246398926,{}
3450,27600,435920,single_D12,0.7431352734565735,0.625,37.48903274536133,1,17,0.8511476516723633,{}
3451,27608,436152,single_D24,0.6771306395530701,0.5,10.621392250061035,1,29,1.4081780910491943,{}
3452,27616,436192,single_D0,0.003259039716795087,1.0,0.3130161762237549,0,5,0.25567150115966797,{}
3453,27624,436232,single_D0,0.5145319104194641,0.875,86.29530334472656,1,5,0.26824212074279785,{}
3454,27632,436304,binding_D4,0.5018356442451477,0.625,6.324032783508301,1,9,0.46186161041259766,{}
3455,27640,436344,binding_D0,0.4229770600795746,0.75,11.105506896972656,1,5,0.27025318145751953,{}
3456,27648,436384,single_D0,0.18303675949573517,0.875,70.06311798095703,1,5,0.27147364616394043,{}
3457,27656,436424,single_D0,0.014002351090312004,1.0,1.8464888334274292,1,5,0.26497673988342285,"{""first_sensory_field_gradient_norm"": 6.234159809537232e-05, ""early_r_gradient_norm"": 0.008437808603048325, ""early_r_rms"": 0.015479245223104954, ""early_a_gradient_norm"": 0.000814945378806442, ""early_a_rms"": 0.0, ""late_r_gradient_norm"": 0.037094440311193466, ""late_r_rms"": 0.3400237560272217, ""late_a_gradient_norm"": null, ""late_a_rms"": 0.020975906401872635, ""encoder_gradient_norm"": 0.6702589392662048, ""raw_recurrent_gradient_rms"": 8.799090096545115e-07, ""state_stats"": {""inactive_fraction"": 0.22021484375, ""rectifier_off_fraction"": 0.4296875, ""excitatory_mean"": 0.19912749528884888, ""inhibitory_mean"": 0.275296688079834, ""tau_r_mean"": 5.225638389587402, ""tau_a_mean"": 36.83623504638672, ""adaptation_gain_mean"": 0.047438379377126694}, ""effective_recurrent_relative_update"": 1.8014126908383332e-05}"
3458,27664,436560,single_D12,0.5805431604385376,0.625,41.5395393371582,1,17,0.8383822441101074,{}
3459,27672,436792,binding_D24,0.7922390103340149,0.375,4.392580509185791,1,29,1.4057338237762451,{}
3460,27680,437024,binding_D24,0.6483400464057922,0.5,4.25203275680542,1,29,1.3971853256225586,{}
3461,27688,437096,single_D4,0.19778212904930115,0.875,18.348848342895508,1,9,0.43652772903442383,{}
3462,27696,437328,binding_D24,0.6718863844871521,0.625,5.240985870361328,1,29,1.4087011814117432,{}
3463,27704,437560,single_D24,0.7754140496253967,0.125,28.79766082763672,1,29,1.4002885818481445,{}
3464,27712,437648,motion_D0,0.982022762298584,0.75,183.9014434814453,1,11,0.5719783306121826,{}
3465,27720,437688,single_D0,0.2807422876358032,0.875,9.737495422363281,1,5,0.2661585807800293,{}
3466,27728,437760,binding_D4,0.548966646194458,0.75,4.174710750579834,1,9,0.46079158782958984,{}
3467,27736,437848,motion_D0,0.7331206202507019,0.625,241.71543884277344,1,11,0.5747857093811035,{}
3468,27744,438128,motion_D24,0.9175647497177124,0.75,10.503072738647461,1,35,1.707803726196289,{}
3469,27752,438360,single_D24,0.6862618923187256,0.625,20.640775680541992,1,29,1.3951265811920166,{}
3470,27760,438432,single_D4,0.08671281486749649,1.0,6.764596939086914,1,9,0.4424936771392822,{}
3471,27768,438504,single_D4,0.28755295276641846,0.75,21.246952056884766,1,9,0.4492621421813965,{}
3472,27776,438544,binding_D0,0.5454216003417969,0.875,8.468074798583984,1,5,0.28241848945617676,{}
3473,27784,438584,single_D0,0.4196477234363556,0.875,26.57213020324707,1,5,0.2601320743560791,{}
3474,27792,438656,binding_D4,0.40555134415626526,0.875,4.186972141265869,1,9,0.47499680519104004,{}
3475,27800,438792,single_D12,0.6433204412460327,0.625,22.824581146240234,1,17,0.8212032318115234,{}
3476,27808,439024,single_D24,0.7178367376327515,0.375,18.36296272277832,1,29,1.393509864807129,{}
3477,27816,439160,binding_D12,0.6645625829696655,0.75,2.813361883163452,1,17,0.8306913375854492,{}
3478,27824,439200,binding_D0,0.2822760343551636,0.75,4.248181343078613,1,5,0.26673293113708496,{}
3479,27832,439432,single_D24,0.6865114569664001,0.625,6.620390892028809,1,29,1.4050984382629395,{}
3480,27840,439472,single_D0,0.13626541197299957,0.875,132.1568145751953,1,5,0.2505192756652832,{}
3481,27848,439544,single_D4,0.24981951713562012,1.0,26.82107162475586,1,9,0.45583367347717285,{}
3482,27856,439584,binding_D0,0.6980043053627014,0.625,14.40161418914795,1,5,0.27163052558898926,{}
3483,27864,439816,binding_D24,0.8655574321746826,0.5,11.100154876708984,1,29,1.382957935333252,{}
3484,27872,439952,single_D12,0.7577926516532898,0.625,12.009644508361816,1,17,0.8531248569488525,{}
3485,27880,439992,single_D0,0.05818807706236839,1.0,7.40147590637207,1,5,0.25745153427124023,{}
3486,27888,440032,binding_D0,0.438235342502594,0.75,9.982651710510254,1,5,0.25983262062072754,{}
3487,27896,440120,motion_D0,2.3700473308563232,0.625,173.47706604003906,1,11,0.5931217670440674,{}
3488,27904,440352,single_D24,0.6473649144172668,0.5,17.896129608154297,1,29,1.4236085414886475,{}
3489,27912,440392,binding_D0,0.261447012424469,0.875,7.5287628173828125,1,5,0.2604975700378418,{}
3490,27920,440624,binding_D24,0.6115155816078186,0.625,4.4268388748168945,1,29,1.3926758766174316,{}
3491,27928,440760,single_D12,0.6822210550308228,0.75,31.61809539794922,1,17,0.8240563869476318,{}
3492,27936,440832,binding_D4,0.5700376033782959,0.75,2.95831561088562,1,9,0.4546821117401123,{}
3493,27944,441112,motion_D24,1.169386386871338,0.5,10.512072563171387,1,35,1.7194883823394775,{}
3494,27952,441184,single_D4,0.25453123450279236,1.0,31.02335548400879,1,9,0.46476197242736816,{}
3495,27960,441256,single_D4,0.03752859681844711,1.0,8.382503509521484,1,9,0.47994279861450195,{}
3496,27968,441296,binding_D0,0.5813326239585876,0.75,9.66940689086914,1,5,0.26702094078063965,{}
3497,27976,441576,motion_D24,1.1131865978240967,0.5,7.880388259887695,1,35,1.7314846515655518,{}
3498,27984,441648,binding_D4,0.4836246967315674,0.875,4.751589298248291,1,9,0.48402881622314453,{}
3499,27992,441928,motion_D24,0.9823522567749023,0.875,6.000219821929932,1,35,1.7138268947601318,{}
3500,28000,442016,motion_D0,0.007509035989642143,1.0,4.127482891082764,1,11,0.5759744644165039,{}
3501,28008,442152,single_D12,0.7247996926307678,0.375,10.291526794433594,1,17,0.8333632946014404,{}
3502,28016,442288,binding_D12,0.7056821584701538,0.375,5.458423137664795,1,17,0.8347725868225098,{}
3503,28024,442424,binding_D12,0.5053056478500366,0.875,2.8830947875976562,1,17,0.8265500068664551,{}
3504,28032,442560,single_D12,0.7017883062362671,0.5,8.397322654724121,1,17,0.8287761211395264,{}
3505,28040,442696,binding_D12,0.7389090061187744,0.25,3.675353765487671,1,17,0.8268213272094727,{}
3506,28048,442928,single_D24,0.6793182492256165,0.5,11.95593547821045,1,29,1.4058136940002441,{}
3507,28056,443064,binding_D12,0.751623809337616,0.375,6.715714931488037,1,17,0.8328378200531006,{}
3508,28064,443200,binding_D12,0.7193591594696045,0.5,3.9476146697998047,1,17,0.8275933265686035,{}
3509,28072,443240,binding_D0,0.5406906008720398,0.75,15.103848457336426,1,5,0.27132344245910645,{}
3510,28080,443312,single_D4,0.10818842798471451,1.0,12.342389106750488,1,9,0.4447307586669922,{}
3511,28088,443544,binding_D24,0.5881446003913879,0.875,5.7023749351501465,1,29,1.3921408653259277,{}
3512,28096,443776,binding_D24,0.7167994976043701,0.625,3.117060422897339,1,29,1.4061896800994873,{}
3513,28104,443848,single_D4,0.11008358001708984,1.0,11.277429580688477,1,9,0.4537067413330078,{}
3514,28112,444080,binding_D24,0.6837844252586365,0.375,6.742303848266602,1,29,1.4036109447479248,{}
3515,28120,444216,single_D12,0.7015527486801147,0.625,13.78843879699707,1,17,0.8205206394195557,{}
3516,28128,444448,single_D24,0.8018094301223755,0.5,23.528297424316406,1,29,1.3983240127563477,{}
3517,28136,444488,single_D0,0.028923911973834038,1.0,6.277603626251221,1,5,0.2518346309661865,{}
3518,28144,444560,binding_D4,0.4658645689487457,0.875,6.274961948394775,1,9,0.4670143127441406,{}
3519,28152,444792,binding_D24,0.6959788799285889,0.375,4.984714031219482,1,29,1.3941144943237305,{}
3520,28160,444928,binding_D12,0.81205153465271,0.25,4.484676361083984,1,17,0.8315935134887695,{}
3521,28168,445160,binding_D24,0.7008582353591919,0.5,5.51297664642334,1,29,1.396777868270874,{}
3522,28176,445232,single_D4,0.22684459388256073,0.875,19.15616798400879,1,9,0.44457459449768066,{}
3523,28184,445304,binding_D4,0.4557705223560333,0.875,4.837980270385742,1,9,0.4718451499938965,{}
3524,28192,445536,single_D24,0.7169128656387329,0.5,16.504560470581055,1,29,1.4059150218963623,{}
3525,28200,445576,single_D0,0.007692752871662378,1.0,1.2181074619293213,1,5,0.2589883804321289,{}
3526,28208,445808,binding_D24,0.7865890860557556,0.375,6.227572917938232,1,29,1.3919599056243896,{}
3527,28216,446040,single_D24,0.7125057578086853,0.5,28.456890106201172,1,29,1.389054536819458,{}
3528,28224,446272,single_D24,0.7673655152320862,0.625,26.39764976501465,1,29,1.394801378250122,{}
3529,28232,446312,binding_D0,0.7076773047447205,0.5,11.526557922363281,1,5,0.2702038288116455,{}
3530,28240,446544,binding_D24,0.7404873967170715,0.375,10.416375160217285,1,29,1.4024865627288818,{}
3531,28248,446616,single_D4,0.45918288826942444,0.75,35.58876037597656,1,9,0.47611570358276367,{}
3532,28256,446848,single_D24,0.841052770614624,0.25,27.270158767700195,1,29,1.408337116241455,{}
3533,28264,446984,single_D12,0.631967306137085,0.625,19.54936408996582,1,17,0.8356978893280029,{}
3534,28272,447216,binding_D24,0.8470662832260132,0.375,15.246931076049805,1,29,1.4012184143066406,{}
3535,28280,447352,binding_D12,0.7063716053962708,0.375,5.692617416381836,1,17,0.8282303810119629,{}
3536,28288,447488,single_D12,0.8172829747200012,0.5,17.273723602294922,1,17,0.8175690174102783,{}
3537,28296,447560,binding_D4,0.6110287308692932,0.625,7.0060343742370605,1,9,0.4647643566131592,{}
3538,28304,447792,single_D24,0.7423709630966187,0.375,8.99389362335205,1,29,1.4086496829986572,{}
3539,28312,447832,binding_D0,0.2656075656414032,0.875,5.223114490509033,1,5,0.2635042667388916,{}
3540,28320,447872,binding_D0,0.23536309599876404,0.875,4.686313152313232,1,5,0.2895054817199707,{}
3541,28328,447944,single_D4,0.4582623243331909,0.75,22.697834014892578,1,9,0.4526698589324951,{}
3542,28336,448080,binding_D12,0.6318529844284058,0.625,5.4232869148254395,1,17,0.8455297946929932,{}
3543,28344,448216,single_D12,0.8010399341583252,0.25,36.36791229248047,1,17,0.8334643840789795,{}
3544,28352,448256,single_D0,0.4494686722755432,0.875,69.66998291015625,1,5,0.26446962356567383,{}
3545,28360,448488,binding_D24,0.7961466312408447,0.125,10.530475616455078,1,29,1.3945035934448242,{}
3546,28368,448624,single_D12,0.6395794749259949,0.75,9.764914512634277,1,17,0.8353157043457031,{}
3547,28376,448760,single_D12,0.8122789859771729,0.25,49.284637451171875,1,17,0.8315539360046387,{}
3548,28384,448848,motion_D0,0.48475325107574463,0.5,169.60665893554688,1,11,0.5701828002929688,{}
3549,28392,448984,binding_D12,0.6525368690490723,0.5,4.976996898651123,1,17,0.849266767501831,{}
3550,28400,449056,single_D4,0.27167680859565735,1.0,26.312047958374023,1,9,0.4618253707885742,{}
3551,28408,449192,single_D12,0.7019044756889343,0.375,42.51815414428711,1,17,0.8340520858764648,{}
3552,28416,449232,single_D0,0.20372003316879272,0.875,38.623592376708984,1,5,0.25595736503601074,{}
3553,28424,449272,single_D0,0.15843188762664795,0.875,38.46487808227539,1,5,0.25377774238586426,{}
3554,28432,449344,binding_D4,0.6693971157073975,0.5,3.058173418045044,1,9,0.4725472927093506,{}
3555,28440,449384,binding_D0,0.28408077359199524,0.75,9.540654182434082,1,5,0.2699704170227051,{}
3556,28448,449424,single_D0,0.058246124535799026,1.0,10.144898414611816,1,5,0.2619516849517822,{}
3557,28456,449656,single_D24,0.668243408203125,0.75,5.856375217437744,1,29,1.4078047275543213,{}
3558,28464,449728,binding_D4,0.604105532169342,0.5,4.18095064163208,1,9,0.45134806632995605,{}
3559,28472,449816,motion_D0,1.512943148612976,0.75,167.4600830078125,1,11,0.5836737155914307,{}
3560,28480,449888,binding_D4,0.4741436839103699,0.75,3.2317159175872803,1,9,0.46801018714904785,{}
3561,28488,449960,single_D4,0.20750682055950165,1.0,85.96995544433594,1,9,0.44788384437561035,{}
3562,28496,450048,motion_D0,2.229424238204956,0.5,221.2292022705078,1,11,0.5770182609558105,{}
3563,28504,450088,binding_D0,0.6047143340110779,0.75,31.783700942993164,1,5,0.26102685928344727,{}
3564,28512,450320,single_D24,0.7903788685798645,0.125,18.681560516357422,1,29,1.3963170051574707,{}
3565,28520,450552,single_D24,0.7616454362869263,0.375,10.555156707763672,1,29,1.395921230316162,{}
3566,28528,450592,single_D0,0.5161902904510498,0.875,32.703922271728516,1,5,0.26337552070617676,{}
3567,28536,450728,binding_D12,0.7166050672531128,0.5,8.754661560058594,1,17,0.8623204231262207,{}
3568,28544,450800,binding_D4,0.5608202219009399,0.875,7.385638236999512,1,9,0.4525187015533447,{}
3569,28552,450872,single_D4,0.21162064373493195,0.875,12.041543006896973,1,9,0.46256065368652344,{}
3570,28560,450912,single_D0,0.352874219417572,0.625,73.99815368652344,1,5,0.25165605545043945,{}
3571,28568,451000,motion_D0,3.6749017238616943,0.5,202.03933715820312,1,11,0.5708332061767578,{}
3572,28576,451232,binding_D24,0.8053364753723145,0.375,5.0774922370910645,1,29,1.3914592266082764,{}
3573,28584,451304,binding_D4,0.4861638844013214,0.875,5.644179344177246,1,9,0.4534320831298828,{}
3574,28592,451440,binding_D12,0.6834190487861633,0.5,4.690136432647705,1,17,0.8340458869934082,{}
3575,28600,451512,single_D4,0.13685867190361023,1.0,6.853366851806641,1,9,0.45171689987182617,{}
3576,28608,451552,binding_D0,0.22627697885036469,0.875,6.80845832824707,1,5,0.29079604148864746,{}
3577,28616,451624,single_D4,0.30979666113853455,0.875,29.280887603759766,1,9,0.46343159675598145,{}
3578,28624,451664,binding_D0,0.3206324875354767,0.875,4.621044635772705,1,5,0.2656748294830322,{}
3579,28632,451944,motion_D24,1.1408984661102295,0.625,5.612382888793945,1,35,1.7150661945343018,{}
3580,28640,452080,single_D12,0.5408841371536255,0.875,10.637603759765625,1,17,0.8385610580444336,{}
3581,28648,452216,binding_D12,0.7676641941070557,0.25,3.7315869331359863,1,17,0.8260040283203125,{}
3582,28656,452496,motion_D24,0.9955778121948242,0.625,7.698535919189453,1,35,1.7019269466400146,{}
3583,28664,452536,binding_D0,0.5019035935401917,0.75,21.449243545532227,1,5,0.2802596092224121,{}
3584,28672,452608,binding_D4,0.24419201910495758,1.0,3.463209867477417,1,9,0.449321985244751,{}
3585,28680,452744,binding_D12,0.6382315158843994,0.625,3.1263506412506104,1,17,0.8551089763641357,"{""first_sensory_field_gradient_norm"": 0.00011150936916237697, ""early_r_gradient_norm"": 0.025579847395420074, ""early_r_rms"": 0.018029512837529182, ""early_a_gradient_norm"": 0.0027981458697468042, ""early_a_rms"": 0.0, ""late_r_gradient_norm"": 0.6498417854309082, ""late_r_rms"": 0.10408298671245575, ""late_a_gradient_norm"": null, ""late_a_rms"": 0.02127734012901783, ""encoder_gradient_norm"": 1.9704837799072266, ""raw_recurrent_gradient_rms"": 2.277886096635484e-06, ""state_stats"": {""inactive_fraction"": 0.82275390625, ""rectifier_off_fraction"": 0.91455078125, ""excitatory_mean"": 0.010092600248754025, ""inhibitory_mean"": 0.0536675862967968, ""tau_r_mean"": 5.228513717651367, ""tau_a_mean"": 36.84020233154297, ""adaptation_gain_mean"": 0.047432370483875275}, ""effective_recurrent_relative_update"": 1.5509740478591993e-05}"
3586,28688,452976,single_D24,0.7617375254631042,0.25,23.354717254638672,1,29,1.3999674320220947,{}
3587,28696,453048,binding_D4,0.35559287667274475,1.0,5.4348649978637695,1,9,0.4542524814605713,{}
3588,28704,453184,binding_D12,0.6600732207298279,0.625,4.067468643188477,1,17,0.8289358615875244,{}
3589,28712,453464,motion_D24,0.9586210250854492,0.75,6.8911333084106445,1,35,1.718663215637207,{}
3590,28720,453600,binding_D12,0.6130856871604919,0.625,4.159117221832275,1,17,0.8303341865539551,{}
3591,28728,453736,single_D12,0.5978734493255615,0.625,8.014179229736328,1,17,0.8258147239685059,{}
3592,28736,453808,single_D4,0.2165401577949524,0.875,23.919004440307617,1,9,0.4447972774505615,{}
3593,28744,453944,single_D12,0.6770234107971191,0.5,9.749213218688965,1,17,0.8227689266204834,{}
3594,28752,453984,single_D0,0.0423949658870697,1.0,6.480397701263428,1,5,0.25432705879211426,{}
3595,28760,454216,binding_D24,0.7974948883056641,0.25,4.937984943389893,1,29,1.3886747360229492,{}
3596,28768,454448,binding_D24,0.6597516536712646,0.75,4.583069801330566,1,29,1.4086580276489258,{}
3597,28776,454728,motion_D24,1.0743391513824463,0.5,18.293283462524414,1,35,1.7857558727264404,{}
3598,28784,454768,single_D0,0.14847607910633087,0.875,95.18179321289062,1,5,0.2572786808013916,{}
3599,28792,454808,binding_D0,0.3382548987865448,0.875,9.08351993560791,1,5,0.27108001708984375,{}
3600,28800,455040,binding_D24,0.8366509675979614,0.375,5.794859886169434,1,29,1.384739637374878,{}
3601,28808,455272,binding_D24,0.7183266282081604,0.375,7.495989799499512,1,29,1.390491247177124,{}
3602,28816,455408,binding_D12,0.5803536772727966,0.75,4.382359981536865,1,17,0.8260343074798584,{}
3603,28824,455544,binding_D12,0.8701038956642151,0.375,6.08235502243042,1,17,0.8323087692260742,{}
3604,28832,455616,single_D4,0.28745579719543457,0.75,18.555320739746094,1,9,0.4457743167877197,{}
3605,28840,455896,motion_D24,1.078338384628296,0.375,10.797279357910156,1,35,1.7031447887420654,{}
3606,28848,456128,single_D24,0.9232929944992065,0.5,185.1129150390625,1,29,1.4116556644439697,{}
3607,28856,456168,single_D0,0.2616942822933197,0.875,66.10584259033203,1,5,0.2538304328918457,{}
3608,28864,456256,motion_D0,2.290315866470337,0.75,275.3226013183594,1,11,0.5768003463745117,{}
3609,28872,456392,binding_D12,0.7634396553039551,0.5,4.587316513061523,1,17,0.8258371353149414,{}
3610,28880,456432,binding_D0,0.6812169551849365,0.75,11.027920722961426,1,5,0.2677958011627197,{}
3611,28888,456664,binding_D24,0.8512856960296631,0.5,5.122436046600342,1,29,1.386028528213501,{}
3612,28896,456736,binding_D4,0.5145653486251831,0.75,4.809994220733643,1,9,0.4664905071258545,{}
3613,28904,456968,binding_D24,0.8548503518104553,0.25,4.330541610717773,1,29,1.3991072177886963,{}
3614,28912,457104,binding_D12,0.7873269319534302,0.25,3.992750406265259,1,17,0.8322341442108154,{}
3615,28920,457144,single_D0,0.2537710964679718,0.875,30.32255744934082,1,5,0.2533118724822998,{}
3616,28928,457184,single_D0,0.02474784664809704,1.0,5.380131244659424,1,5,0.25483179092407227,{}
3617,28936,457320,single_D12,0.714938759803772,0.5,15.101862907409668,1,17,0.8342592716217041,{}
3618,28944,457552,single_D24,0.7832338809967041,0.375,20.90545654296875,1,29,1.4141778945922852,{}
3619,28952,457784,binding_D24,0.6184596419334412,0.625,3.7897017002105713,1,29,1.3928024768829346,{}
3620,28960,457856,binding_D4,0.27886494994163513,1.0,4.393064975738525,1,9,0.4617195129394531,{}
3621,28968,458088,single_D24,0.713507354259491,0.5,25.589174270629883,1,29,1.399312973022461,{}
3622,28976,458160,binding_D4,0.4897730350494385,0.75,3.084390163421631,1,9,0.45147013664245605,{}
3623,28984,458296,binding_D12,0.751473069190979,0.5,6.8105902671813965,1,17,0.8243520259857178,{}
3624,28992,458576,motion_D24,1.2150700092315674,0.375,16.802865982055664,1,35,1.7459547519683838,{}
3625,29000,458808,single_D24,0.804497241973877,0.25,31.410085678100586,1,29,1.4003312587738037,{}
3626,29008,458880,single_D4,0.1409779042005539,0.875,20.912792205810547,1,9,0.45063304901123047,{}
3627,29016,458920,single_D0,0.18289922177791595,0.875,31.721006393432617,1,5,0.2649240493774414,{}
3628,29024,458992,single_D4,0.11636614799499512,1.0,10.413671493530273,1,9,0.4671933650970459,{}
3629,29032,459032,binding_D0,0.2861022353172302,1.0,11.10081958770752,1,5,0.2701864242553711,{}
3630,29040,459264,binding_D24,0.6777097582817078,0.625,2.553114652633667,1,29,1.3891174793243408,{}
3631,29048,459400,binding_D12,0.6912215948104858,0.5,3.5040290355682373,1,17,0.8226027488708496,{}
3632,29056,459440,single_D0,0.022349607199430466,1.0,10.477168083190918,1,5,0.26279568672180176,{}
3633,29064,459512,binding_D4,0.6663994193077087,0.75,4.205138206481934,1,9,0.4511864185333252,{}
3634,29072,459648,binding_D12,0.6937604546546936,0.5,4.037273406982422,1,17,0.8398587703704834,{}
3635,29080,459784,single_D12,0.7200531959533691,0.5,16.50778579711914,1,17,0.8252184391021729,{}
3636,29088,459856,single_D4,0.06497610360383987,1.0,4.3678693771362305,1,9,0.4601607322692871,{}
3637,29096,459896,binding_D0,0.3568430542945862,0.875,9.001532554626465,1,5,0.26734352111816406,{}
3638,29104,459968,single_D4,0.26752564311027527,0.875,9.351813316345215,1,9,0.45395588874816895,{}
3639,29112,460200,single_D24,0.6895491480827332,0.625,18.402252197265625,1,29,1.415923833847046,{}
3640,29120,460432,binding_D24,0.8006551265716553,0.125,3.4465384483337402,1,29,1.3940153121948242,{}
3641,29128,460664,single_D24,0.7961248159408569,0.5,36.28580093383789,1,29,1.3982009887695312,{}
3642,29136,460704,binding_D0,0.6633583903312683,0.375,11.74328327178955,1,5,0.26243114471435547,{}
3643,29144,460776,binding_D4,0.4727962911128998,0.75,3.508110761642456,1,9,0.4635305404663086,{}
3644,29152,461008,single_D24,0.8296125531196594,0.25,48.05840301513672,1,29,1.4052956104278564,{}
3645,29160,461144,binding_D12,0.5466974973678589,0.75,4.35838508605957,1,17,0.8324704170227051,{}
3646,29168,461184,single_D0,0.03035866469144821,1.0,1.7679699659347534,1,5,0.26161837577819824,{}
3647,29176,461416,binding_D24,0.7012906670570374,0.75,4.718621253967285,1,29,1.4084315299987793,{}
3648,29184,461456,single_D0,0.007393821142613888,1.0,0.6104323863983154,0,5,0.2776346206665039,{}
3649,29192,461592,single_D12,0.8170120716094971,0.375,89.48868560791016,1,17,0.8381214141845703,{}
3650,29200,461824,binding_D24,0.7948624491691589,0.25,5.220517158508301,1,29,1.3901526927947998,{}
3651,29208,461864,binding_D0,0.36099788546562195,0.875,11.000467300415039,1,5,0.2595643997192383,{}
3652,29216,462000,single_D12,0.8191918730735779,0.5,86.43872833251953,1,17,0.8429775238037109,{}
3653,29224,462040,binding_D0,0.2727607786655426,0.875,15.04465389251709,1,5,0.2624232769012451,{}
3654,29232,462112,binding_D4,0.3598272204399109,0.875,4.073513031005859,1,9,0.4471762180328369,{}
3655,29240,462152,single_D0,1.067807674407959,0.625,125.93668365478516,1,5,0.27631330490112305,{}
3656,29248,462288,single_D12,1.0835686922073364,0.5,121.37458038330078,1,17,0.8215889930725098,{}
3657,29256,462520,binding_D24,0.636780858039856,0.5,6.599817276000977,1,29,1.3946020603179932,{}
3658,29264,462592,single_D4,0.07197080552577972,1.0,15.987837791442871,1,9,0.4398488998413086,{}
3659,29272,462824,single_D24,0.8231454491615295,0.5,61.93808364868164,1,29,1.4432682991027832,{}
3660,29280,462896,single_D4,0.05843193084001541,1.0,17.157333374023438,1,9,0.4522264003753662,{}
3661,29288,463128,single_D24,0.6872671842575073,0.5,52.6285400390625,1,29,1.397782325744629,{}
3662,29296,463168,binding_D0,0.40563783049583435,0.75,21.57177734375,1,5,0.2687032222747803,{}
3663,29304,463240,binding_D4,0.5381283164024353,0.75,6.005308151245117,1,9,0.4607052803039551,{}
3664,29312,463376,single_D12,0.6259340643882751,0.625,66.56817626953125,1,17,0.8327522277832031,{}
3665,29320,463448,single_D4,0.16840417683124542,0.875,17.553203582763672,1,9,0.4528477191925049,{}
3666,29328,463728,motion_D24,1.1744930744171143,0.5,14.495375633239746,1,35,1.7135491371154785,{}
3667,29336,463864,single_D12,1.0122023820877075,0.375,61.95310974121094,1,17,0.8233702182769775,{}
3668,29344,463936,single_D4,0.21710233390331268,0.875,120.63810729980469,1,9,0.4536595344543457,{}
3669,29352,463976,binding_D0,0.22152169048786163,0.875,9.759575843811035,1,5,0.26847028732299805,{}
3670,29360,464112,binding_D12,0.6834992170333862,0.5,6.969318866729736,1,17,0.8395423889160156,{}
3671,29368,464152,binding_D0,0.26916640996932983,0.875,4.76210880279541,1,5,0.28292179107666016,{}
3672,29376,464240,motion_D0,3.3472533226013184,0.625,247.67056274414062,1,11,0.5767972469329834,{}
3673,29384,464280,single_D0,0.009816051460802555,1.0,6.470109939575195,1,5,0.2573380470275879,{}
3674,29392,464352,binding_D4,0.6376324892044067,0.75,8.737109184265137,1,9,0.4559943675994873,{}
3675,29400,464488,single_D12,1.5839558839797974,0.5,273.994140625,1,17,0.8339574337005615,{}
3676,29408,464576,motion_D0,0.3814318776130676,0.875,59.91575241088867,1,11,0.5759110450744629,{}
3677,29416,464856,motion_D24,0.9858745336532593,0.75,2.6767220497131348,1,35,1.714010238647461,{}
3678,29424,464944,motion_D0,1.280526876449585,0.375,477.54547119140625,1,11,0.580380916595459,{}
3679,29432,465080,single_D12,0.8513391017913818,0.5,184.63523864746094,1,17,0.8340160846710205,{}
3680,29440,465152,binding_D4,0.5545638203620911,0.75,3.3677783012390137,1,9,0.4541053771972656,{}
3681,29448,465288,single_D12,0.9399634003639221,0.25,67.89344787597656,1,17,0.8326694965362549,{}
3682,29456,465360,binding_D4,0.6351508498191833,0.625,8.286637306213379,1,9,0.4647517204284668,{}
3683,29464,465592,binding_D24,0.6921566724777222,0.5,10.234965324401855,1,29,1.4070301055908203,{}
3684,29472,465728,binding_D12,0.6428941488265991,0.625,4.01707649230957,1,17,0.8335344791412354,{}
3685,29480,465768,binding_D0,0.11844749003648758,1.0,6.2851786613464355,1,5,0.271559476852417,{}
3686,29488,465840,single_D4,0.43776950240135193,0.875,65.23458099365234,1,9,0.44483423233032227,{}
3687,29496,465976,single_D12,0.6375378370285034,0.5,15.247119903564453,1,17,0.838594913482666,{}
3688,29504,466256,motion_D24,1.0951437950134277,0.375,24.638906478881836,1,35,1.7099413871765137,{}
3689,29512,466344,motion_D0,3.3428139686584473,0.5,359.5313720703125,1,11,0.5760903358459473,{}
3690,29520,466384,binding_D0,0.4716637134552002,0.75,9.356614112854004,1,5,0.2581489086151123,{}
3691,29528,466456,single_D4,0.13022026419639587,1.0,24.11864471435547,1,9,0.45261526107788086,{}
3692,29536,466592,single_D12,0.7499522566795349,0.375,38.70912551879883,1,17,0.8284640312194824,{}
3693,29544,466728,single_D12,0.6857458353042603,0.5,26.295289993286133,1,17,0.8170275688171387,{}
3694,29552,466800,single_D4,0.13881224393844604,1.0,17.651952743530273,1,9,0.4506409168243408,{}
3695,29560,466872,binding_D4,0.599307656288147,0.75,5.691534042358398,1,9,0.47296833992004395,{}
3696,29568,467008,binding_D12,0.6949277520179749,0.5,9.58199691772461,1,17,0.825131893157959,{}
3697,29576,467240,binding_D24,0.6065016388893127,0.75,5.330247402191162,1,29,1.3907818794250488,{}
3698,29584,467520,motion_D24,1.1465996503829956,0.625,10.810815811157227,1,35,1.7172820568084717,{}
3699,29592,467656,single_D12,0.7270362377166748,0.625,31.78327178955078,1,17,0.835334062576294,{}
3700,29600,467744,motion_D0,1.7804858684539795,0.75,248.151123046875,1,11,0.5766239166259766,{}
3701,29608,467784,binding_D0,0.5083014965057373,0.875,5.896663665771484,1,5,0.2711303234100342,{}
3702,29616,467824,binding_D0,0.3857450485229492,0.75,7.496095657348633,1,5,0.27100610733032227,{}
3703,29624,468104,motion_D24,1.0176560878753662,0.875,4.703783988952637,1,35,1.7045257091522217,{}
3704,29632,468176,single_D4,0.27924343943595886,0.875,58.98198318481445,1,9,0.4564061164855957,{}
3705,29640,468216,binding_D0,0.38391706347465515,0.875,13.713651657104492,1,5,0.2826070785522461,{}
3706,29648,468448,single_D24,0.7774738073348999,0.5,13.53978443145752,1,29,1.4008734226226807,{}
3707,29656,468488,binding_D0,0.550106942653656,0.875,14.30497932434082,1,5,0.26371312141418457,{}
3708,29664,468768,motion_D24,1.034614086151123,0.625,12.677858352661133,1,35,1.7096014022827148,{}
3709,29672,468840,binding_D4,0.525570273399353,0.75,3.4077181816101074,1,9,0.46335792541503906,{}
3710,29680,469072,single_D24,0.8704724907875061,0.5,16.575721740722656,1,29,1.3966662883758545,{}
3711,29688,469208,single_D12,0.7811006307601929,0.5,9.485806465148926,1,17,0.8254098892211914,{}
3712,29696,469344,single_D12,0.6579824090003967,0.75,19.927446365356445,1,17,0.8197565078735352,{}
3713,29704,469384,binding_D0,0.1936115026473999,1.0,7.478326797485352,1,5,0.2955191135406494,"{""first_sensory_field_gradient_norm"": 0.0006612513680011034, ""early_r_gradient_norm"": 0.06790843605995178, ""early_r_rms"": 0.01818966679275036, ""early_a_gradient_norm"": 0.0023396725300699472, ""early_a_rms"": 0.0, ""late_r_gradient_norm"": 0.2986013889312744, ""late_r_rms"": 0.07490371912717819, ""late_a_gradient_norm"": null, ""late_a_rms"": 0.00519270496442914, ""encoder_gradient_norm"": 4.363914489746094, ""raw_recurrent_gradient_rms"": 2.3364452772511868e-06, ""state_stats"": {""inactive_fraction"": 0.74462890625, ""rectifier_off_fraction"": 0.8310546875, ""excitatory_mean"": 0.017679596319794655, ""inhibitory_mean"": 0.03650806099176407, ""tau_r_mean"": 5.234747886657715, ""tau_a_mean"": 36.84960174560547, ""adaptation_gain_mean"": 0.04741935431957245}, ""effective_recurrent_relative_update"": 2.8091977583244443e-05}"
3714,29712,469616,binding_D24,0.843957245349884,0.375,13.335171699523926,1,29,1.4131159782409668,{}
3715,29720,469704,motion_D0,2.8087246417999268,0.625,136.664794921875,1,11,0.5651149749755859,{}
3716,29728,469936,binding_D24,0.6791647672653198,0.5,3.4210805892944336,1,29,1.4032089710235596,{}
3717,29736,470072,binding_D12,0.7980916500091553,0.375,4.4907941818237305,1,17,0.8200287818908691,{}
3718,29744,470208,binding_D12,0.543580174446106,0.875,2.7569077014923096,1,17,0.8277559280395508,{}
3719,29752,470280,single_D4,0.19576583802700043,0.875,12.127721786499023,1,9,0.4592916965484619,{}
3720,29760,470320,single_D0,0.8846938014030457,0.875,45.286888122558594,1,5,0.2654762268066406,{}
3721,29768,470360,single_D0,0.013763712719082832,1.0,5.621760845184326,1,5,0.26876378059387207,{}
3722,29776,470592,binding_D24,0.6035373210906982,0.625,5.96777868270874,1,29,1.3929862976074219,{}
3723,29784,470728,binding_D12,0.794331967830658,0.625,5.108071327209473,1,17,0.8363168239593506,{}
3724,29792,470960,single_D24,0.8596521615982056,0.5,13.204147338867188,1,29,1.4556553363800049,{}
3725,29800,471192,single_D24,0.8038513660430908,0.5,10.170707702636719,1,29,1.3903274536132812,{}
3726,29808,471328,binding_D12,0.8011395335197449,0.5,4.350420951843262,1,17,0.828972339630127,{}
3727,29816,471400,binding_D4,0.5851990580558777,0.75,8.13983154296875,1,9,0.466280460357666,{}
3728,29824,471536,single_D12,0.6543499231338501,0.5,7.843445777893066,1,17,0.8265359401702881,{}
3729,29832,471576,binding_D0,0.48274219036102295,0.625,14.310600280761719,1,5,0.2704758644104004,{}
3730,29840,471616,single_D0,0.6388953924179077,0.75,103.80477905273438,1,5,0.25181150436401367,{}
3731,29848,471752,single_D12,0.6401253938674927,0.875,69.98594665527344,1,17,0.8407340049743652,{}
3732,29856,471824,single_D4,0.4322049915790558,0.625,77.22606658935547,1,9,0.4428985118865967,{}
3733,29864,471864,single_D0,0.26989424228668213,0.875,134.99551391601562,1,5,0.2543950080871582,{}
3734,29872,471904,single_D0,0.002065930049866438,1.0,0.5329418182373047,0,5,0.27278804779052734,{}
3735,29880,472136,single_D24,0.6477678418159485,0.75,15.768868446350098,1,29,1.4010374546051025,{}
3736,29888,472368,binding_D24,0.639397919178009,0.5,4.932255744934082,1,29,1.4101471900939941,{}
3737,29896,472440,single_D4,0.22907672822475433,1.0,33.1667366027832,1,9,0.45299553871154785,{}
3738,29904,472480,single_D0,0.044232819229364395,1.0,17.069602966308594,1,5,0.26122117042541504,{}
3739,29912,472520,single_D0,0.3194931149482727,0.875,73.93321990966797,1,5,0.27552270889282227,{}
3740,29920,472656,binding_D12,0.6219140887260437,0.5,8.510979652404785,1,17,0.8346781730651855,{}
3741,29928,472792,binding_D12,0.6121742725372314,0.625,3.19832706451416,1,17,0.8121848106384277,{}
3742,29936,472928,binding_D12,0.6817660927772522,0.5,6.58942985534668,1,17,0.8313338756561279,{}
3743,29944,473000,binding_D4,0.7268927693367004,0.625,7.323298454284668,1,9,0.5037169456481934,{}
3744,29952,473232,single_D24,0.8012727499008179,0.375,33.907196044921875,1,29,1.4091038703918457,{}
3745,29960,473464,binding_D24,0.6807035803794861,0.625,2.65370512008667,1,29,1.3945467472076416,{}
3746,29968,473536,binding_D4,0.6840333342552185,0.625,4.268746852874756,1,9,0.46240687370300293,{}
3747,29976,473608,binding_D4,0.3870381712913513,0.875,3.414870262145996,1,9,0.4742286205291748,{}
3748,29984,473840,binding_D24,0.7720249891281128,0.25,7.556245803833008,1,29,1.4244658946990967,{}
3749,29992,473912,binding_D4,0.5775326490402222,0.75,5.793881893157959,1,9,0.4463038444519043,{}
3750,30000,474000,motion_D0,3.235707998275757,0.625,414.2744445800781,1,11,0.5877678394317627,{}
3751,30008,474040,single_D0,0.623668909072876,0.75,51.65703201293945,1,5,0.25290775299072266,{}
3752,30016,474112,single_D4,0.5021983981132507,0.625,53.97303771972656,1,9,0.4489161968231201,{}
3753,30024,474344,single_D24,0.7910552024841309,0.5,26.055551528930664,1,29,1.397109031677246,{}
3754,30032,474576,binding_D24,0.8589714765548706,0.25,6.539407730102539,1,29,1.4042983055114746,{}
3755,30040,474648,binding_D4,0.5955913662910461,0.5,3.5398483276367188,1,9,0.4530789852142334,{}
3756,30048,474880,single_D24,0.6298932433128357,0.625,16.19424819946289,1,29,1.4131689071655273,{}
3757,30056,475112,single_D24,0.5236659646034241,0.75,26.841310501098633,1,29,1.4279379844665527,{}
3758,30064,475184,single_D4,0.2077859789133072,1.0,14.042471885681152,1,9,0.44232940673828125,{}
3759,30072,475224,binding_D0,0.7089283466339111,0.5,7.824273586273193,1,5,0.26894044876098633,{}
3760,30080,475264,single_D0,0.9053075909614563,0.875,58.51858139038086,1,5,0.25989460945129395,{}
3761,30088,475352,motion_D0,0.24076096713542938,0.875,54.33877944946289,1,11,0.5664181709289551,{}
3762,30096,475392,binding_D0,0.48288875818252563,0.75,6.399151802062988,1,5,0.2741658687591553,{}
3763,30104,475624,binding_D24,0.6369047164916992,0.5,3.8069276809692383,1,29,1.393019199371338,{}
3764,30112,475856,binding_D24,0.8176295757293701,0.375,5.5273847579956055,1,29,1.4048209190368652,{}
3765,30120,475992,single_D12,0.8376856446266174,0.5,21.43341636657715,1,17,0.8488004207611084,{}
3766,30128,476032,binding_D0,0.46070194244384766,0.75,8.636996269226074,1,5,0.2794663906097412,{}
3767,30136,476072,binding_D0,0.2615876793861389,0.875,2.6027867794036865,1,5,0.2778787612915039,{}
3768,30144,476144,binding_D4,0.4258659780025482,1.0,3.4105401039123535,1,9,0.47963762283325195,{}
3769,30152,476184,binding_D0,0.15341217815876007,1.0,4.6732096672058105,1,5,0.2795124053955078,{}
3770,30160,476320,binding_D12,0.6979385018348694,0.5,4.5197601318359375,1,17,0.8354663848876953,{}
3771,30168,476392,single_D4,0.18847553431987762,1.0,10.974081993103027,1,9,0.480088472366333,{}
3772,30176,476528,single_D12,0.7024061679840088,0.625,22.51528549194336,1,17,0.8358607292175293,{}
3773,30184,476568,single_D0,0.06464994698762894,1.0,23.253297805786133,1,5,0.26124095916748047,{}
3774,30192,476656,motion_D0,3.050114393234253,0.25,297.1527404785156,1,11,0.5740413665771484,{}
3775,30200,476792,binding_D12,0.5900424122810364,0.75,3.1611058712005615,1,17,0.8450002670288086,{}
3776,30208,477024,binding_D24,0.6897993087768555,0.5,3.097945213317871,1,29,1.4231266975402832,{}
3777,30216,477160,binding_D12,0.8143743872642517,0.375,4.915520191192627,1,17,0.8277204036712646,{}
3778,30224,477296,single_D12,0.6607369780540466,0.5,27.48295021057129,1,17,0.8258762359619141,{}
3779,30232,477432,binding_D12,0.7359997034072876,0.375,5.42969274520874,1,17,0.8417489528656006,{}
3780,30240,477472,single_D0,0.006422462873160839,1.0,1.1421360969543457,1,5,0.26117634773254395,{}
3781,30248,477608,binding_D12,0.8148432374000549,0.5,6.277174949645996,1,17,0.8383641242980957,{}
3782,30256,477840,binding_D24,0.6083720922470093,0.625,5.512049674987793,1,29,1.4129180908203125,{}
3783,30264,478072,binding_D24,0.6713896989822388,0.625,2.391185998916626,1,29,1.3931071758270264,{}
3784,30272,478160,motion_D0,2.332486391067505,0.75,208.07537841796875,1,11,0.5731229782104492,{}
3785,30280,478200,single_D0,0.47924259305000305,0.875,44.28760528564453,1,5,0.2621939182281494,{}
3786,30288,478480,motion_D24,0.9945693612098694,0.75,13.3152494430542,1,35,1.7090198993682861,{}
3787,30296,478552,binding_D4,0.5412129163742065,0.75,8.012072563171387,1,9,0.4712257385253906,{}
3788,30304,478624,single_D4,0.37755435705184937,0.75,31.628084182739258,1,9,0.44359564781188965,{}
3789,30312,478760,single_D12,0.9274673461914062,0.25,69.52557373046875,1,17,0.8340532779693604,{}
3790,30320,478896,single_D12,0.7203530073165894,0.5,17.569110870361328,1,17,0.8308601379394531,{}
3791,30328,478968,single_D4,0.5077357292175293,0.75,95.2200698852539,1,9,0.45313572883605957,{}
3792,30336,479040,binding_D4,0.3136737644672394,1.0,5.565743446350098,1,9,0.47420191764831543,{}
3793,30344,479176,binding_D12,0.6845298409461975,0.625,5.5008955001831055,1,17,0.8251543045043945,{}
3794,30352,479408,single_D24,0.759171187877655,0.375,8.269275665283203,1,29,1.4424455165863037,{}
3795,30360,479480,single_D4,0.1779523640871048,1.0,27.8355655670166,1,9,0.4547560214996338,{}
3796,30368,479712,single_D24,0.8013262748718262,0.5,17.08391571044922,1,29,1.4274089336395264,{}
3797,30376,479752,single_D0,0.034518737345933914,1.0,4.647155284881592,1,5,0.2590670585632324,{}
3798,30384,479888,single_D12,0.6251633167266846,0.875,5.427786350250244,1,17,0.8743021488189697,{}
3799,30392,480120,single_D24,0.7198448181152344,0.625,25.882429122924805,1,29,1.408935308456421,{}
3800,30400,480256,binding_D12,0.5941094160079956,0.625,2.932056188583374,1,17,0.8387513160705566,{}
3801,30408,480296,single_D0,0.01826879382133484,1.0,4.018919467926025,1,5,0.25977587699890137,{}
3802,30416,480432,single_D12,0.6005673408508301,0.75,6.771351337432861,1,17,0.8364050388336182,{}
3803,30424,480712,motion_D24,0.962815523147583,0.75,7.664233684539795,1,35,1.7254128456115723,{}
3804,30432,480752,binding_D0,0.5951672196388245,0.75,10.267046928405762,1,5,0.2789459228515625,{}
3805,30440,480792,single_D0,0.7216787338256836,0.625,83.91731262207031,1,5,0.2581467628479004,{}
3806,30448,480928,binding_D12,0.5829356908798218,0.625,3.2776999473571777,1,17,0.8315737247467041,{}
3807,30456,481160,binding_D24,0.7708680033683777,0.375,5.078345775604248,1,29,1.3831017017364502,{}
3808,30464,481232,binding_D4,0.44313737750053406,0.75,4.911775588989258,1,9,0.4523742198944092,{}
3809,30472,481464,single_D24,0.7432712912559509,0.5,25.901710510253906,1,29,1.407005786895752,{}
3810,30480,481536,binding_D4,0.3329715132713318,0.875,6.745224952697754,1,9,0.4517834186553955,{}
3811,30488,481672,single_D12,0.667286217212677,0.625,25.779855728149414,1,17,0.8337194919586182,{}
3812,30496,481712,binding_D0,0.4315541982650757,0.75,5.497704029083252,1,5,0.2617456912994385,{}
3813,30504,481784,single_D4,0.20928366482257843,1.0,17.727182388305664,1,9,0.46556997299194336,{}
3814,30512,481872,motion_D0,1.0972758531570435,0.75,249.22006225585938,1,11,0.5758717060089111,{}
3815,30520,482008,single_D12,0.7197913527488708,0.5,21.309276580810547,1,17,0.8242952823638916,{}
3816,30528,482080,single_D4,0.036776408553123474,1.0,3.397289276123047,1,9,0.45281410217285156,{}
3817,30536,482312,single_D24,0.7739172577857971,0.375,17.854427337646484,1,29,1.3991634845733643,{}
3818,30544,482352,binding_D0,0.40605223178863525,0.875,12.472921371459961,1,5,0.2630136013031006,{}
3819,30552,482584,binding_D24,0.6012039184570312,0.75,4.1740007400512695,1,29,1.3901169300079346,{}
3820,30560,482656,binding_D4,0.6209032535552979,0.625,6.818022727966309,1,9,0.4564931392669678,{}
3821,30568,482696,single_D0,0.4194076359272003,0.875,69.6372299194336,1,5,0.25499916076660156,{}
3822,30576,482928,single_D24,0.7555873394012451,0.5,9.047371864318848,1,29,1.4015321731567383,{}
3823,30584,483000,binding_D4,0.38083675503730774,0.875,4.293490409851074,1,9,0.44605469703674316,{}
3824,30592,483040,binding_D0,0.13425928354263306,1.0,8.622179985046387,1,5,0.277172327041626,{}
3825,30600,483272,binding_D24,0.756129264831543,0.375,7.487840175628662,1,29,1.3999269008636475,{}
3826,30608,483344,single_D4,0.08249904960393906,1.0,6.093884468078613,1,9,0.4462096691131592,{}
3827,30616,483624,motion_D24,0.9412524700164795,0.625,13.968710899353027,1,35,1.7011518478393555,{}
3828,30624,483696,single_D4,0.029894769191741943,1.0,1.497843623161316,1,9,0.4736058712005615,{}
3829,30632,483832,binding_D12,0.4764600396156311,0.875,6.9572224617004395,1,17,0.8253107070922852,{}
3830,30640,484112,motion_D24,1.1501355171203613,0.5,23.478107452392578,1,35,1.713939905166626,{}
3831,30648,484344,single_D24,0.7694719433784485,0.375,66.34036254882812,1,29,1.4039890766143799,{}
3832,30656,484416,binding_D4,0.5683961510658264,0.5,6.1033430099487305,1,9,0.4480111598968506,{}
3833,30664,484456,single_D0,0.25364044308662415,0.875,84.4897232055664,1,5,0.2847898006439209,{}
3834,30672,484496,single_D0,1.0279182195663452,0.625,37.008846282958984,1,5,0.2769498825073242,{}
3835,30680,484728,single_D24,0.9916085600852966,0.25,71.75430297851562,1,29,1.4012117385864258,{}
3836,30688,484960,single_D24,0.8879991769790649,0.375,52.18092727661133,1,29,1.7342827320098877,{}
3837,30696,485032,single_D4,0.3495047390460968,0.75,101.06838989257812,1,9,0.4373154640197754,{}
3838,30704,485104,binding_D4,0.5086623430252075,0.875,11.113694190979004,1,9,0.4728050231933594,{}
3839,30712,485144,binding_D0,0.08320135623216629,1.0,3.2668004035949707,1,5,0.26097583770751953,{}
3840,30720,485376,binding_D24,0.7892078757286072,0.625,7.049093246459961,1,29,1.402681589126587,{}
3841,30728,485608,binding_D24,0.6703478693962097,0.75,5.065539360046387,1,29,1.4426333904266357,"{""first_sensory_field_gradient_norm"": 6.23931919108145e-05, ""early_r_gradient_norm"": 0.007321368902921677, ""early_r_rms"": 0.01884329691529274, ""early_a_gradient_norm"": 0.0019326743204146624, ""early_a_rms"": 0.0, ""late_r_gradient_norm"": 0.6631571054458618, ""late_r_rms"": 0.12257630378007889, ""late_a_gradient_norm"": null, ""late_a_rms"": 0.03719685226678848, ""encoder_gradient_norm"": 4.196900844573975, ""raw_recurrent_gradient_rms"": 1.4766766298635048e-06, ""state_stats"": {""inactive_fraction"": 0.75341796875, ""rectifier_off_fraction"": 0.90478515625, ""excitatory_mean"": 0.011954974383115768, ""inhibitory_mean"": 0.07749388366937637, ""tau_r_mean"": 5.237990379333496, ""tau_a_mean"": 36.853492736816406, ""adaptation_gain_mean"": 0.04741572588682175}, ""effective_recurrent_relative_update"": 1.5478130080737174e-05}"
3842,30736,485680,binding_D4,0.5696948766708374,0.75,3.56825590133667,1,9,0.4546334743499756,{}
3843,30744,485816,binding_D12,0.7030651569366455,0.375,5.472110748291016,1,17,0.8559846878051758,{}
3844,30752,485888,binding_D4,0.37269851565361023,0.875,3.503413200378418,1,9,0.4468355178833008,{}
3845,30760,485976,motion_D0,0.899077832698822,0.75,358.32257080078125,1,11,0.5879247188568115,{}
3846,30768,486048,single_D4,0.8094828128814697,0.75,91.17213439941406,1,9,0.4760010242462158,{}
3847,30776,486280,binding_D24,0.7168023586273193,0.375,4.339015960693359,1,29,1.3929309844970703,{}
3848,30784,486416,single_D12,0.6773719787597656,0.5,127.83731842041016,1,17,0.8328597545623779,{}
3849,30792,486696,motion_D24,1.2090845108032227,0.5,15.057594299316406,1,35,1.7064158916473389,{}
3850,30800,486928,single_D24,0.7791494727134705,0.5,27.022605895996094,1,29,1.3994145393371582,{}
3851,30808,487160,single_D24,0.833459734916687,0.25,74.72352600097656,1,29,1.4077634811401367,{}
3852,30816,487232,binding_D4,0.6416422128677368,0.625,12.607754707336426,1,9,0.4544951915740967,{}
3853,30824,487464,single_D24,0.8188520669937134,0.25,17.58554458618164,1,29,1.4028198719024658,{}
3854,30832,487600,binding_D12,0.7026716470718384,0.625,9.59306812286377,1,17,0.8322255611419678,{}
3855,30840,487672,binding_D4,0.424482524394989,0.75,12.158609390258789,1,9,0.45538783073425293,{}
3856,30848,487712,binding_D0,0.9036151170730591,0.625,19.449588775634766,1,5,0.27927327156066895,{}
3857,30856,487944,single_D24,0.692401111125946,0.5,10.813948631286621,1,29,1.403602123260498,{}
3858,30864,488176,single_D24,0.7116839289665222,0.5,10.46004867553711,1,29,1.3985621929168701,{}
3859,30872,488408,binding_D24,0.7787101864814758,0.375,8.299202919006348,1,29,1.3978779315948486,{}
3860,30880,488448,binding_D0,0.17416296899318695,0.875,8.518991470336914,1,5,0.2897012233734131,{}
3861,30888,488584,binding_D12,0.6066996455192566,0.625,5.270035266876221,1,17,0.8368239402770996,{}
3862,30896,488656,single_D4,0.1977241486310959,1.0,54.429931640625,1,9,0.4573025703430176,{}
3863,30904,488792,binding_D12,0.7747436165809631,0.375,9.035029411315918,1,17,0.8558499813079834,{}
3864,30912,488928,single_D12,0.6085579991340637,0.625,36.191043853759766,1,17,0.8460366725921631,{}
3865,30920,489000,binding_D4,0.5652360320091248,0.75,8.288188934326172,1,9,0.4582033157348633,{}
3866,30928,489232,binding_D24,0.76493239402771,0.5,6.269292831420898,1,29,1.3949010372161865,{}
3867,30936,489272,single_D0,0.43986397981643677,0.875,73.0468521118164,1,5,0.25777482986450195,{}
3868,30944,489408,single_D12,0.8382555842399597,0.375,29.648950576782227,1,17,0.8367176055908203,{}
3869,30952,489448,single_D0,0.032845668494701385,1.0,3.3123843669891357,1,5,0.2605612277984619,{}
3870,30960,489488,single_D0,0.015706408768892288,1.0,6.858957767486572,1,5,0.2549271583557129,{}
3871,30968,489720,single_D24,0.98454749584198,0.25,65.42667388916016,1,29,1.4062209129333496,{}
3872,30976,489856,binding_D12,0.649522066116333,0.625,8.897991180419922,1,17,0.8511357307434082,{}
3873,30984,489928,binding_D4,0.4192200303077698,0.875,7.970552921295166,1,9,0.44212770462036133,{}
3874,30992,490064,single_D12,0.9452489614486694,0.25,70.52761840820312,1,17,0.8305525779724121,{}
3875,31000,490296,binding_D24,0.7317619323730469,0.5,3.6415205001831055,1,29,1.3907792568206787,{}
3876,31008,490368,single_D4,0.07909519225358963,1.0,33.05946731567383,1,9,0.4525787830352783,{}
3877,31016,490456,motion_D0,0.05585009977221489,1.0,19.637422561645508,1,11,0.584498405456543,{}
3878,31024,490496,single_D0,0.039649203419685364,1.0,14.689597129821777,1,5,0.2525043487548828,{}
3879,31032,490728,single_D24,0.7065748572349548,0.625,23.159420013427734,1,29,1.4149200916290283,{}
3880,31040,490768,binding_D0,0.4778555929660797,0.875,11.28931999206543,1,5,0.26023244857788086,{}
3881,31048,490808,single_D0,0.0180381927639246,1.0,2.4077625274658203,1,5,0.2593860626220703,{}
3882,31056,490944,single_D12,0.7832097411155701,0.625,11.540225982666016,1,17,0.8242933750152588,{}
3883,31064,491016,single_D4,0.22190997004508972,0.875,9.602487564086914,1,9,0.4498324394226074,{}
3884,31072,491056,single_D0,0.18960462510585785,0.875,10.546647071838379,1,5,0.2605462074279785,{}
3885,31080,491336,motion_D24,1.143647313117981,0.5,10.88368034362793,1,35,1.7229855060577393,{}
3886,31088,491376,single_D0,0.08371568471193314,1.0,15.11485767364502,1,5,0.28070998191833496,{}
3887,31096,491656,motion_D24,0.9745019674301147,0.875,10.427629470825195,1,35,1.7438173294067383,{}
3888,31104,491792,single_D12,0.7446973323822021,0.375,38.10591506958008,1,17,0.8410193920135498,{}
3889,31112,492024,binding_D24,0.6264166235923767,0.625,5.16121768951416,1,29,1.4505627155303955,{}
3890,31120,492160,binding_D12,0.8136047720909119,0.375,6.131075382232666,1,17,0.8359076976776123,{}
3891,31128,492232,single_D4,0.08102797716856003,1.0,13.819929122924805,1,9,0.4517996311187744,{}
3892,31136,492368,single_D12,0.6853901147842407,0.625,4.6246514320373535,1,17,0.8423259258270264,{}
3893,31144,492440,single_D4,0.10558948665857315,1.0,16.748403549194336,1,9,0.4485740661621094,{}
3894,31152,492480,binding_D0,0.21528175473213196,0.875,15.111572265625,1,5,0.28220105171203613,{}
3895,31160,492552,single_D4,0.07139921188354492,1.0,33.27437973022461,1,9,0.47019267082214355,{}
3896,31168,492592,binding_D0,0.25520724058151245,0.875,9.158004760742188,1,5,0.2799696922302246,{}
3897,31176,492632,binding_D0,0.6372412443161011,0.625,15.49396800994873,1,5,0.2766079902648926,{}
3898,31184,492912,motion_D24,1.1063486337661743,0.625,8.414090156555176,1,35,1.70143723487854,{}
3899,31192,493144,binding_D24,0.769607663154602,0.375,4.781854152679443,1,29,1.3998088836669922,{}
3900,31200,493216,binding_D4,0.5241778492927551,0.75,6.326628684997559,1,9,0.45648765563964844,{}
3901,31208,493352,binding_D12,0.6951702833175659,0.75,2.7181832790374756,1,17,0.8347275257110596,{}
3902,31216,493392,single_D0,0.486653596162796,0.875,115.9256362915039,1,5,0.26339030265808105,{}
3903,31224,493464,single_D4,0.904003381729126,0.625,203.2694091796875,1,9,0.45787835121154785,{}
3904,31232,493536,binding_D4,0.5389242768287659,0.875,6.4478068351745605,1,9,0.4615492820739746,{}
3905,31240,493768,binding_D24,0.7403690814971924,0.375,5.954394340515137,1,29,1.4050085544586182,{}
3906,31248,493904,binding_D12,0.6089679598808289,0.625,7.240734577178955,1,17,0.8470273017883301,{}
3907,31256,494136,single_D24,0.7914609313011169,0.5,89.18730163574219,1,29,1.403029441833496,{}
3908,31264,494224,motion_D0,6.086916923522949,0.5,439.84906005859375,1,11,0.5669302940368652,{}
3909,31272,494296,single_D4,0.26120415329933167,0.75,63.859893798828125,1,9,0.4695169925689697,{}
3910,31280,494336,single_D0,0.5312037467956543,0.875,30.604461669921875,1,5,0.257643461227417,{}
3911,31288,494408,binding_D4,0.518190324306488,0.625,8.287308692932129,1,9,0.4584848880767822,{}
3912,31296,494448,binding_D0,0.21907491981983185,0.875,9.547894477844238,1,5,0.2832174301147461,{}
3913,31304,494584,single_D12,0.6934666633605957,0.625,7.432356357574463,1,17,0.824915885925293,{}
3914,31312,494624,binding_D0,0.51970374584198,0.625,6.666335582733154,1,5,0.2770678997039795,{}
3915,31320,494760,single_D12,0.6236382126808167,0.75,5.791903972625732,1,17,0.8239562511444092,{}
3916,31328,494896,binding_D12,0.7187155485153198,0.375,9.394064903259277,1,17,0.8234214782714844,{}
3917,31336,495128,binding_D24,0.6004946231842041,0.625,5.334660530090332,1,29,1.420201063156128,{}
3918,31344,495168,binding_D0,0.6696954369544983,0.75,20.75093650817871,1,5,0.2803804874420166,{}
3919,31352,495256,motion_D0,0.7719451785087585,0.75,178.2181854248047,1,11,0.5733366012573242,{}
3920,31360,495488,single_D24,0.7413454055786133,0.5,10.63741397857666,1,29,1.4060688018798828,{}
3921,31368,495624,single_D12,0.6123335361480713,0.375,21.2576904296875,1,17,0.8312761783599854,{}
3922,31376,495664,single_D0,0.009696580469608307,1.0,3.308199644088745,1,5,0.2547891139984131,{}
3923,31384,495736,single_D4,0.48369935154914856,0.625,55.48252487182617,1,9,0.4533500671386719,{}
3924,31392,495808,single_D4,0.05585611239075661,1.0,3.594788074493408,1,9,0.45496106147766113,{}
3925,31400,496040,single_D24,0.7249810099601746,0.5,16.599483489990234,1,29,1.3967735767364502,{}
3926,31408,496272,binding_D24,0.7516006231307983,0.375,6.0539093017578125,1,29,1.4001317024230957,{}
3927,31416,496344,binding_D4,0.4358628988265991,0.875,4.788434982299805,1,9,0.4589235782623291,{}
3928,31424,496480,binding_D12,0.7821036577224731,0.375,15.191609382629395,1,17,0.834970235824585,{}
3929,31432,496520,binding_D0,0.35684266686439514,0.75,6.041339874267578,1,5,0.2814900875091553,{}
3930,31440,496656,binding_D12,0.6670392751693726,0.75,4.818567276000977,1,17,0.8317756652832031,{}
3931,31448,496728,binding_D4,0.5082152485847473,0.625,8.7837495803833,1,9,0.4553186893463135,{}
3932,31456,496800,binding_D4,0.39788419008255005,0.875,10.003328323364258,1,9,0.45606231689453125,{}
3933,31464,496840,single_D0,0.48728230595588684,0.875,65.66755676269531,1,5,0.25635409355163574,{}
3934,31472,496912,single_D4,0.19425280392169952,1.0,26.403093338012695,1,9,0.45021677017211914,{}
3935,31480,497000,motion_D0,1.1789385080337524,0.625,286.5458679199219,1,11,0.5840878486633301,{}
3936,31488,497232,single_D24,0.7025679349899292,0.5,13.312575340270996,1,29,1.4146955013275146,{}
3937,31496,497272,single_D0,0.012124746106564999,1.0,2.2062063217163086,1,5,0.2600414752960205,{}
3938,31504,497344,binding_D4,0.4767886996269226,0.75,4.08144998550415,1,9,0.4627878665924072,{}
3939,31512,497576,binding_D24,0.7671966552734375,0.625,14.142455101013184,1,29,1.4012088775634766,{}
3940,31520,497712,single_D12,0.7338638305664062,0.5,15.161531448364258,1,17,0.8319497108459473,{}
3941,31528,497752,single_D0,0.047829560935497284,1.0,5.10955810546875,1,5,0.26210999488830566,{}
3942,31536,497888,binding_D12,0.8410437107086182,0.375,9.618616104125977,1,17,0.8505852222442627,{}
3943,31544,498120,binding_D24,0.674706220626831,0.625,5.864703178405762,1,29,1.389869213104248,{}
3944,31552,498256,binding_D12,0.6135748624801636,0.875,3.7551090717315674,1,17,0.8319129943847656,{}
3945,31560,498296,single_D0,0.012135040014982224,1.0,3.042616844177246,1,5,0.2591564655303955,{}
3946,31568,498368,binding_D4,0.44287359714508057,0.625,3.819148063659668,1,9,0.44397401809692383,{}
3947,31576,498408,binding_D0,0.06582039594650269,1.0,2.9035236835479736,1,5,0.27695131301879883,{}
3948,31584,498544,binding_D12,0.6630041599273682,0.625,3.9759209156036377,1,17,0.8400998115539551,{}
3949,31592,498632,motion_D0,1.292140007019043,0.625,285.3471984863281,1,11,0.6581344604492188,{}
3950,31600,498864,binding_D24,0.9162997007369995,0.125,6.543757438659668,1,29,1.3997187614440918,{}
3951,31608,499144,motion_D24,1.1993942260742188,0.375,13.719924926757812,1,35,1.743525505065918,{}
3952,31616,499376,binding_D24,0.6823197603225708,0.5,9.29481029510498,1,29,1.422926902770996,{}
3953,31624,499448,single_D4,0.20073823630809784,0.875,35.94932174682617,1,9,0.4573023319244385,{}
3954,31632,499488,binding_D0,0.24479691684246063,0.875,15.272604942321777,1,5,0.2894721031188965,{}
3955,31640,499528,single_D0,0.35080620646476746,0.875,24.853164672851562,1,5,0.29079198837280273,{}
3956,31648,499760,single_D24,0.851954996585846,0.375,33.33213806152344,1,29,1.4270267486572266,{}
3957,31656,500040,motion_D24,0.9784801006317139,0.875,9.967432022094727,1,35,1.7452278137207031,{}
3958,31664,500112,single_D4,0.07644130289554596,1.0,5.097221374511719,1,9,0.4663548469543457,{}
3959,31672,500152,binding_D0,0.6502771973609924,0.75,27.91876220703125,1,5,0.2752537727355957,{}
3960,31680,500192,single_D0,0.043283332139253616,1.0,8.363300323486328,1,5,0.28671908378601074,{}
3961,31688,500264,binding_D4,0.31263989210128784,0.875,8.43935489654541,1,9,0.4742588996887207,{}
3962,31696,500400,single_D12,0.438300222158432,0.875,20.955907821655273,1,17,0.8703608512878418,{}
3963,31704,500536,binding_D12,0.6199985146522522,0.75,4.103161811828613,1,17,0.8492438793182373,{}
3964,31712,500672,single_D12,0.6449145078659058,0.5,22.534517288208008,1,17,0.8642780780792236,{}
3965,31720,500744,single_D4,0.3055671155452728,0.875,28.09569549560547,1,9,0.4574398994445801,{}
3966,31728,500880,single_D12,0.7282896041870117,0.5,12.268136024475098,1,17,0.8588149547576904,{}
3967,31736,500952,binding_D4,0.5323750376701355,0.625,9.414408683776855,1,9,0.4646604061126709,{}
3968,31744,501184,single_D24,0.6257854700088501,0.75,15.377275466918945,1,29,1.4275317192077637,{}
3969,31752,501320,binding_D12,0.6569416522979736,0.75,3.873868465423584,1,17,0.8681051731109619,"{""first_sensory_field_gradient_norm"": 0.00010032946738647297, ""early_r_gradient_norm"": 0.02549053728580475, ""early_r_rms"": 0.015475223772227764, ""early_a_gradient_norm"": 0.002500849310308695, ""early_a_rms"": 0.0, ""late_r_gradient_norm"": 0.6456115245819092, ""late_r_rms"": 0.09248576313257217, ""late_a_gradient_norm"": null, ""late_a_rms"": 0.01804223656654358, ""encoder_gradient_norm"": 3.1357312202453613, ""raw_recurrent_gradient_rms"": 8.400774049732718e-07, ""state_stats"": {""inactive_fraction"": 0.9111328125, ""rectifier_off_fraction"": 0.9326171875, ""excitatory_mean"": 0.008740582503378391, ""inhibitory_mean"": 0.04992468282580376, ""tau_r_mean"": 5.240827560424805, ""tau_a_mean"": 36.85247039794922, ""adaptation_gain_mean"": 0.047423355281353}, ""effective_recurrent_relative_update"": 1.0441023732710164e-05}"
3970,31760,501600,motion_D24,1.1159348487854004,0.5,15.460854530334473,1,35,1.7313361167907715,{}
3971,31768,501832,binding_D24,0.6216394901275635,0.75,4.869505405426025,1,29,1.4065699577331543,{}
3972,31776,501872,single_D0,0.01353310514241457,1.0,1.063960313796997,1,5,0.26510024070739746,{}
3973,31784,502152,motion_D24,0.9759108424186707,0.625,12.341238021850586,1,35,1.7525732517242432,{}
3974,31792,502192,binding_D0,0.35363852977752686,0.875,8.854433059692383,1,5,0.2789421081542969,{}
3975,31800,502264,binding_D4,0.3318420946598053,0.875,5.135772228240967,1,9,0.44839930534362793,{}
3976,31808,502400,binding_D12,0.7203534245491028,0.75,4.680212497711182,1,17,0.8406686782836914,{}
3977,31816,502632,single_D24,0.6888842582702637,0.625,7.477012634277344,1,29,1.4105839729309082,{}
3978,31824,502768,single_D12,0.5607718229293823,0.875,19.256103515625,1,17,0.8415074348449707,{}
3979,31832,502808,binding_D0,0.9144213795661926,0.5,17.12672233581543,1,5,0.27530980110168457,{}
3980,31840,503040,single_D24,0.7888495326042175,0.375,48.071346282958984,1,29,1.4119312763214111,{}
3981,31848,503272,binding_D24,0.6980178356170654,0.375,4.1192779541015625,1,29,1.501366138458252,{}
3982,31856,503312,binding_D0,0.4426954686641693,0.75,17.991933822631836,1,5,0.26712489128112793,{}
3983,31864,503448,single_D12,0.6491533517837524,0.375,19.178836822509766,1,17,0.8432571887969971,{}
3984,31872,503584,single_D12,0.7137923836708069,0.5,25.19706916809082,1,17,0.8346681594848633,{}
3985,31880,503672,motion_D0,0.8560967445373535,0.875,148.4043731689453,1,11,0.567429780960083,{}
3986,31888,503808,single_D12,0.6134083271026611,0.625,30.326580047607422,1,17,0.9896433353424072,{}
3987,31896,503880,single_D4,0.3182266056537628,0.875,41.4569206237793,1,9,0.5086686611175537,{}
3988,31904,504112,single_D24,0.6684101819992065,0.625,15.373916625976562,1,29,1.4921245574951172,{}
3989,31912,504184,single_D4,0.21035337448120117,0.875,48.8751106262207,1,9,0.46630144119262695,{}
3990,31920,504272,motion_D0,0.6527763605117798,0.75,165.10400390625,1,11,0.6216998100280762,{}
3991,31928,504344,single_D4,0.36237776279449463,0.625,110.35152435302734,1,9,0.4866907596588135,{}
3992,31936,504480,binding_D12,0.7379653453826904,0.375,5.364072322845459,1,17,0.8667314052581787,{}
3993,31944,504712,single_D24,0.6733770966529846,0.375,13.685226440429688,1,29,1.4909934997558594,{}
3994,31952,504752,binding_D0,0.3315930664539337,0.875,7.898098468780518,1,5,0.28532838821411133,{}
3995,31960,504792,binding_D0,0.15691885352134705,0.875,10.135398864746094,1,5,0.29631781578063965,{}
3996,31968,504832,single_D0,0.9983618855476379,0.75,67.02172088623047,1,5,0.29634690284729004,{}
3997,31976,505064,binding_D24,0.6763666272163391,0.625,8.067000389099121,1,29,1.4486603736877441,{}
3998,31984,505136,binding_D4,0.5451535582542419,0.875,4.035183429718018,1,9,0.47467565536499023,{}
3999,31992,505368,single_D24,0.7157365679740906,0.5,29.314720153808594,1,29,1.452613353729248,{}
4000,32000,505600,binding_D24,0.9824017286300659,0.25,20.56270408630371,1,29,1.4512836933135986,{}
4001,32008,505736,binding_D12,0.5404923558235168,0.625,4.401456832885742,1,17,0.8612282276153564,{}
4002,32016,505776,single_D0,0.054123714566230774,1.0,5.1759209632873535,1,5,0.272205114364624,{}
4003,32024,505864,motion_D0,0.48407047986984253,0.875,100.75228118896484,1,11,0.5889935493469238,{}
4004,32032,505936,single_D4,0.12230605632066727,1.0,33.53305435180664,1,9,0.48867225646972656,{}
4005,32040,506168,single_D24,0.7332572937011719,0.5,71.24089050292969,1,29,1.4853785037994385,{}
4006,32048,506304,single_D12,0.8809751272201538,0.25,70.36613464355469,1,17,0.8692178726196289,{}
4007,32056,506536,single_D24,0.8275981545448303,0.25,62.496307373046875,1,29,1.458225965499878,{}
4008,32064,506672,single_D12,0.6978523135185242,0.5,6.20229434967041,1,17,0.8636221885681152,{}
4009,32072,506808,binding_D12,0.7937048077583313,0.5,6.790528774261475,1,17,0.8537943363189697,{}
4010,32080,506944,binding_D12,0.6875942945480347,0.625,5.0263495445251465,1,17,0.855198860168457,{}
4011,32088,507080,single_D12,0.545741081237793,0.875,45.43278121948242,1,17,0.8534681797027588,{}
4012,32096,507152,single_D4,0.24143925309181213,0.75,18.625308990478516,1,9,0.46338987350463867,{}
4013,32104,507288,single_D12,0.5645229816436768,0.75,27.293292999267578,1,17,0.8710548877716064,{}
4014,32112,507328,binding_D0,0.4349680244922638,0.875,10.683289527893066,1,5,0.29627299308776855,{}
4015,32120,507400,single_D4,0.11253015697002411,1.0,15.584166526794434,1,9,0.47067880630493164,{}
4016,32128,507472,binding_D4,0.551322340965271,0.5,6.725057601928711,1,9,0.49428582191467285,{}
4017,32136,507512,binding_D0,0.3451416790485382,0.875,4.632783889770508,1,5,0.2754170894622803,{}
4018,32144,507792,motion_D24,1.0028990507125854,0.75,8.066536903381348,1,35,1.8288183212280273,{}
4019,32152,507864,single_D4,0.11493602395057678,1.0,12.257800102233887,1,9,0.4836151599884033,{}
4020,32160,508096,single_D24,0.6431761384010315,0.875,15.516500473022461,1,29,1.4897589683532715,{}
4021,32168,508328,single_D24,0.720868706703186,0.375,13.301922798156738,1,29,1.4830009937286377,{}
4022,32176,508560,single_D24,0.6321125626564026,0.875,6.627807140350342,1,29,1.5085718631744385,{}
4023,32184,508696,binding_D12,0.6138821244239807,0.75,5.451681613922119,1,17,0.8803088665008545,{}
4024,32192,508928,single_D24,0.7594996094703674,0.375,34.54315185546875,1,29,1.4720771312713623,{}
4025,32200,509208,motion_D24,1.0061694383621216,0.75,3.113201379776001,1,35,1.817425012588501,{}
4026,32208,509440,binding_D24,0.6921059489250183,0.5,11.349780082702637,1,29,1.4761433601379395,{}
4027,32216,509672,binding_D24,0.6728866100311279,0.625,5.329867839813232,1,29,1.5809133052825928,{}
4028,32224,509712,single_D0,0.07060317695140839,1.0,3.490534543991089,1,5,0.27228879928588867,{}
4029,32232,509944,binding_D24,0.8875085711479187,0.375,5.693565845489502,1,29,1.4962327480316162,{}
4030,32240,510016,single_D4,0.022811949253082275,1.0,4.90514612197876,1,9,0.5176205635070801,{}
4031,32248,510152,binding_D12,0.6616648435592651,0.5,6.748544216156006,1,17,0.8937885761260986,{}
4032,32256,510288,binding_D12,0.7930313348770142,0.25,10.104789733886719,1,17,0.8563439846038818,{}
4033,32264,510328,single_D0,0.7216745018959045,0.875,65.75236511230469,1,5,0.27022385597229004,{}
4034,32272,510400,single_D4,0.05813048034906387,1.0,6.291475772857666,1,9,0.4540374279022217,{}
4035,32280,510536,binding_D12,0.683620274066925,0.5,3.066166400909424,1,17,0.8490948677062988,{}
4036,32288,510672,binding_D12,0.6935026049613953,0.75,4.504428386688232,1,17,0.8448421955108643,{}
4037,32296,510904,single_D24,0.6275016069412231,0.75,11.449877738952637,1,29,1.409867286682129,{}
4038,32304,510976,binding_D4,0.7080872654914856,0.625,9.654528617858887,1,9,0.4581165313720703,{}
4039,32312,511112,single_D12,0.5858907103538513,0.75,12.302265167236328,1,17,0.8381483554840088,{}
4040,32320,511152,single_D0,0.01741296425461769,1.0,2.990567445755005,1,5,0.2620875835418701,{}
4041,32328,511224,binding_D4,0.6250270009040833,0.625,6.972650051116943,1,9,0.4910759925842285,{}
4042,32336,511264,single_D0,0.030827345326542854,1.0,9.948869705200195,1,5,0.26459646224975586,{}
4043,32344,511400,single_D12,0.4917973577976227,0.875,41.77049255371094,1,17,0.8679995536804199,{}
4044,32352,511536,binding_D12,0.7043637037277222,0.5,7.814768314361572,1,17,0.8594703674316406,{}
4045,32360,511576,binding_D0,0.2929702401161194,0.875,8.820428848266602,1,5,0.28148889541625977,{}
4046,32368,511648,binding_D4,0.563225507736206,0.625,11.546515464782715,1,9,0.4848318099975586,{}
4047,32376,511784,single_D12,0.7203279733657837,0.375,44.46165084838867,1,17,0.8510985374450684,{}
4048,32384,511856,single_D4,0.2441832423210144,0.875,77.43168640136719,1,9,0.45432329177856445,{}
4049,32392,511992,single_D12,0.7570899724960327,0.375,82.7391586303711,1,17,0.8428831100463867,{}
4050,32400,512080,motion_D0,3.834740400314331,0.5,377.669921875,1,11,0.5912020206451416,{}
4051,32408,512312,binding_D24,0.7072991728782654,0.5,9.582717895507812,1,29,1.5040721893310547,{}
4052,32416,512384,binding_D4,0.5549110770225525,0.75,3.8899924755096436,1,9,0.45395994186401367,{}
4053,32424,512616,binding_D24,0.6915921568870544,0.5,8.07257080078125,1,29,1.415055274963379,{}
4054,32432,512656,single_D0,0.06237776204943657,1.0,47.70103073120117,1,5,0.2600884437561035,{}
4055,32440,512888,binding_D24,0.6713235378265381,0.625,4.409643173217773,1,29,1.4107322692871094,{}
4056,32448,512960,binding_D4,0.4059547781944275,0.875,3.4391188621520996,1,9,0.46779513359069824,{}
4057,32456,513032,binding_D4,0.6133819818496704,0.75,11.106012344360352,1,9,0.49094223976135254,{}
4058,32464,513168,single_D12,0.6996619701385498,0.625,27.64835548400879,1,17,0.8380880355834961,{}
4059,32472,513208,binding_D0,0.36211085319519043,0.75,8.268259048461914,1,5,0.2849912643432617,{}
4060,32480,513280,single_D4,0.08461567759513855,1.0,10.423587799072266,1,9,0.4472479820251465,{}
4061,32488,513320,single_D0,0.23188908398151398,0.875,97.884521484375,1,5,0.26254892349243164,{}
4062,32496,513552,binding_D24,0.6619628667831421,0.625,4.377056121826172,1,29,1.4142670631408691,{}
4063,32504,513624,binding_D4,0.37942782044410706,0.875,6.90683126449585,1,9,0.464475154876709,{}
4064,32512,513664,binding_D0,0.24951715767383575,0.875,8.952423095703125,1,5,0.27722620964050293,{}
4065,32520,513896,binding_D24,0.8302444815635681,0.375,6.690777778625488,1,29,1.4090709686279297,{}
4066,32528,514128,binding_D24,0.6889175772666931,0.625,4.887303829193115,1,29,1.4015617370605469,{}
4067,32536,514168,binding_D0,0.2884722054004669,0.875,9.872964859008789,1,5,0.26995205879211426,{}
4068,32544,514448,motion_D24,1.1181640625,0.625,9.946919441223145,1,35,1.7290375232696533,{}
4069,32552,514680,single_D24,0.7307907342910767,0.5,12.624296188354492,1,29,1.4047260284423828,{}
4070,32560,514768,motion_D0,1.2218880653381348,0.5,244.38784790039062,1,11,0.570145845413208,{}
4071,32568,515048,motion_D24,1.019075870513916,1.0,6.192946910858154,1,35,1.7320947647094727,{}
4072,32576,515280,single_D24,0.6878572702407837,0.625,6.533454895019531,1,29,1.4282755851745605,{}
4073,32584,515320,single_D0,0.49985289573669434,0.75,45.751949310302734,1,5,0.263425350189209,{}
4074,32592,515360,binding_D0,0.8831148743629456,0.5,15.480616569519043,1,5,0.2834789752960205,{}
4075,32600,515432,single_D4,0.22704660892486572,1.0,19.9768123626709,1,9,0.46315932273864746,{}
4076,32608,515520,motion_D0,0.5973049998283386,0.75,188.14437866210938,1,11,0.5755500793457031,{}
4077,32616,515560,binding_D0,0.4117313623428345,0.75,15.41723346710205,1,5,0.2676389217376709,{}
4078,32624,515600,binding_D0,0.423993319272995,0.625,10.973370552062988,1,5,0.2896702289581299,{}
4079,32632,515640,single_D0,0.015763970091938972,1.0,1.8065000772476196,1,5,0.2560844421386719,{}
4080,32640,515712,binding_D4,0.45588773488998413,0.75,5.597243785858154,1,9,0.46373701095581055,{}
4081,32648,515848,binding_D12,0.6953198909759521,0.625,4.315793037414551,1,17,0.8366508483886719,{}
4082,32656,515984,binding_D12,0.6926782131195068,0.5,9.127957344055176,1,17,0.8484702110290527,{}
4083,32664,516056,binding_D4,0.5203309059143066,0.875,7.160717010498047,1,9,0.48688673973083496,{}
4084,32672,516336,motion_D24,1.0435373783111572,0.625,8.213051795959473,1,35,1.779020071029663,{}
4085,32680,516472,single_D12,0.7506635189056396,0.375,13.344855308532715,1,17,0.8389139175415039,{}
4086,32688,516544,binding_D4,0.5050030946731567,0.75,7.327810764312744,1,9,0.4575459957122803,{}
4087,32696,516632,motion_D0,0.4452311098575592,0.875,150.44105529785156,1,11,0.5868649482727051,{}
4088,32704,516768,binding_D12,0.732514500617981,0.375,4.228946685791016,1,17,0.8459703922271729,{}
4089,32712,517000,single_D24,0.7385814189910889,0.5,12.503979682922363,1,29,1.4485185146331787,{}
4090,32720,517232,single_D24,0.7087968587875366,0.375,24.431251525878906,1,29,1.429764747619629,{}
4091,32728,517368,single_D12,0.7419016361236572,0.5,53.21586608886719,1,17,0.8396508693695068,{}
4092,32736,517440,single_D4,0.3442346453666687,0.75,161.3121795654297,1,9,0.4476628303527832,{}
4093,32744,517672,single_D24,0.6811014413833618,0.5,50.1185302734375,1,29,1.4142088890075684,{}
4094,32752,517712,single_D0,0.02842547371983528,1.0,15.387434959411621,1,5,0.2624354362487793,{}
4095,32760,517944,single_D24,0.6459117531776428,0.75,61.56043243408203,1,29,1.4172062873840332,{}
4096,32768,518176,binding_D24,0.6769652366638184,0.625,7.153808116912842,1,29,1.4433903694152832,{}
4097,32776,518408,binding_D24,0.7269424796104431,0.5,8.452332496643066,1,29,1.4832561016082764,"{""first_sensory_field_gradient_norm"": 3.51524940924719e-05, ""early_r_gradient_norm"": 0.007357573136687279, ""early_r_rms"": 0.017317354679107666, ""early_a_gradient_norm"": 0.001978844404220581, ""early_a_rms"": 0.0, ""late_r_gradient_norm"": 0.6896451115608215, ""late_r_rms"": 0.12051821500062943, ""late_a_gradient_norm"": null, ""late_a_rms"": 0.03412296250462532, ""encoder_gradient_norm"": 5.238153457641602, ""raw_recurrent_gradient_rms"": 7.042430752335349e-06, ""state_stats"": {""inactive_fraction"": 0.82861328125, ""rectifier_off_fraction"": 0.91455078125, ""excitatory_mean"": 0.009107456542551517, ""inhibitory_mean"": 0.0775488093495369, ""tau_r_mean"": 5.246402263641357, ""tau_a_mean"": 36.8590087890625, ""adaptation_gain_mean"": 0.04741890728473663}, ""effective_recurrent_relative_update"": 1.0033811122411862e-05}"
4098,32784,518544,single_D12,0.7053343057632446,0.625,9.863909721374512,1,17,0.870654821395874,{}
4099,32792,518776,single_D24,0.7265751957893372,0.5,42.523868560791016,1,29,1.4883038997650146,{}
4100,32800,518912,single_D12,0.9532763957977295,0.25,72.24357604980469,1,17,0.8402106761932373,{}
4101,32808,518952,binding_D0,0.9742622971534729,0.625,23.130285263061523,1,5,0.2714555263519287,{}
4102,32816,519088,single_D12,0.7665023803710938,0.5,26.298660278320312,1,17,0.8477578163146973,{}
4103,32824,519128,binding_D0,0.5909294486045837,0.625,16.13623809814453,1,5,0.26642656326293945,{}
4104,32832,519200,binding_D4,0.42655569314956665,0.75,5.896623134613037,1,9,0.46711134910583496,{}
4105,32840,519272,binding_D4,0.58575040102005,0.625,8.466339111328125,1,9,0.4694371223449707,{}
4106,32848,519344,binding_D4,0.46185967326164246,0.625,6.7322096824646,1,9,0.4689066410064697,{}
4107,32856,519416,single_D4,0.2825853228569031,0.875,48.12980270385742,1,9,0.49330687522888184,{}
4108,32864,519456,single_D0,0.00790809839963913,1.0,0.9437698721885681,0,5,0.2867271900177002,{}
4109,32872,519528,binding_D4,0.2882055640220642,1.0,6.115710735321045,1,9,0.46263885498046875,{}
4110,32880,519760,single_D24,0.7049176692962646,0.375,29.762542724609375,1,29,1.4467594623565674,{}
4111,32888,519992,binding_D24,0.7615292072296143,0.375,9.030043601989746,1,29,1.4700350761413574,{}
4112,32896,520064,single_D4,0.3244774043560028,0.875,42.4764518737793,1,9,0.46907758712768555,{}
4113,32904,520296,binding_D24,0.7304856181144714,0.5,11.296767234802246,1,29,1.4599401950836182,{}
4114,32912,520528,binding_D24,0.7430884838104248,0.625,6.4394145011901855,1,29,1.4839260578155518,{}
4115,32920,520664,single_D12,0.6690608859062195,0.5,45.99154281616211,1,17,0.8722827434539795,{}
4116,32928,520800,binding_D12,0.6831802725791931,0.625,4.435925006866455,1,17,0.8811149597167969,{}
4117,32936,520872,single_D4,0.20763570070266724,0.875,75.68065643310547,1,9,0.4699831008911133,{}
4118,32944,520912,binding_D0,0.6182687878608704,0.75,21.43212127685547,1,5,0.27915334701538086,{}
4119,32952,520952,single_D0,0.014609024859964848,1.0,6.39027214050293,1,5,0.2847404479980469,{}
4120,32960,521184,binding_D24,0.7211220264434814,0.25,3.294621706008911,1,29,1.4587149620056152,{}
4121,32968,521320,binding_D12,0.6720529794692993,0.625,4.7657470703125,1,17,0.8654341697692871,{}
4122,32976,521552,binding_D24,0.6950807571411133,0.5,4.983344554901123,1,29,1.4764106273651123,{}
4123,32984,521592,single_D0,0.013432139530777931,1.0,2.672635316848755,1,5,0.2680516242980957,{}
4124,32992,521728,binding_D12,0.754581868648529,0.25,3.4271881580352783,1,17,0.8630759716033936,{}
4125,33000,521816,motion_D0,2.4709720611572266,0.5,269.24322509765625,1,11,0.5770263671875,{}
4126,33008,521856,single_D0,0.1959148496389389,0.875,57.5926399230957,1,5,0.2728602886199951,{}
4127,33016,521928,single_D4,0.07717302441596985,1.0,7.432612419128418,1,9,0.475736141204834,{}
4128,33024,521968,binding_D0,0.1352534145116806,1.0,5.364578723907471,1,5,0.27691173553466797,{}
4129,33032,522104,single_D12,0.5938345789909363,0.625,16.918758392333984,1,17,0.8587081432342529,{}
4130,33040,522176,single_D4,0.07621274143457413,1.0,7.747889995574951,1,9,0.5059678554534912,{}
4131,33048,522312,binding_D12,0.6006472110748291,0.625,8.170266151428223,1,17,0.8724393844604492,{}
4132,33056,522384,single_D4,0.38565483689308167,0.75,27.4332332611084,1,9,0.4694504737854004,{}
4133,33064,522472,motion_D0,1.4741809368133545,0.875,134.29385375976562,1,11,0.6288251876831055,{}
4134,33072,522512,single_D0,0.1853010207414627,0.875,68.43399047851562,1,5,0.2726304531097412,{}
4135,33080,522584,single_D4,0.32066407799720764,0.75,42.83340072631836,1,9,0.4670224189758301,{}
4136,33088,522656,single_D4,0.17015382647514343,1.0,24.616077423095703,1,9,0.4889798164367676,{}
4137,33096,522696,binding_D0,0.35139623284339905,0.75,19.40329360961914,1,5,0.27660250663757324,{}
4138,33104,522928,single_D24,0.7342658042907715,0.5,26.86697006225586,1,29,1.5154616832733154,{}
4139,33112,523000,binding_D4,0.5298627614974976,0.75,10.527666091918945,1,9,0.5020182132720947,{}
4140,33120,523040,binding_D0,0.07048573344945908,1.0,5.679648399353027,1,5,0.29289698600769043,{}
4141,33128,523112,binding_D4,0.7092188596725464,0.625,6.109538555145264,1,9,0.5176925659179688,{}
4142,33136,523184,binding_D4,0.49597057700157166,0.75,8.348358154296875,1,9,0.4881894588470459,{}
4143,33144,523224,single_D0,0.02787185274064541,1.0,17.461544036865234,1,5,0.29843688011169434,{}
4144,33152,523264,binding_D0,0.09763020277023315,1.0,3.8999288082122803,1,5,0.2879016399383545,{}
4145,33160,523400,single_D12,0.8600670099258423,0.375,78.89999389648438,1,17,0.8526051044464111,{}
4146,33168,523632,single_D24,0.893409013748169,0.375,79.327880859375,1,29,1.4733433723449707,{}
4147,33176,523672,binding_D0,0.8175055384635925,0.625,17.365617752075195,1,5,0.26479554176330566,{}
4148,33184,523808,binding_D12,0.7883142828941345,0.25,14.91910171508789,1,17,0.8545458316802979,{}
4149,33192,523848,single_D0,0.007194221951067448,1.0,0.45700085163116455,0,5,0.26645660400390625,{}
4150,33200,524080,single_D24,0.7929133772850037,0.375,65.44617462158203,1,29,1.4201135635375977,{}
4151,33208,524360,motion_D24,0.872718334197998,0.75,4.795285224914551,1,35,1.7948219776153564,{}
4152,33216,524592,binding_D24,0.7380096912384033,0.5,7.084224224090576,1,29,1.4180762767791748,{}
4153,33224,524872,motion_D24,1.1091818809509277,0.5,7.880926132202148,1,35,1.7472810745239258,{}
4154,33232,525008,binding_D12,0.6155197024345398,0.625,3.5366289615631104,1,17,0.8404011726379395,{}
4155,33240,525144,single_D12,0.64404296875,0.75,29.863893508911133,1,17,0.8360605239868164,{}
4156,33248,525184,binding_D0,0.22804215550422668,0.875,10.301675796508789,1,5,0.2765326499938965,{}
4157,33256,525416,binding_D24,0.7842069268226624,0.5,11.028423309326172,1,29,1.4071874618530273,{}
4158,33264,525504,motion_D0,0.3809284567832947,0.875,169.66851806640625,1,11,0.5881779193878174,{}
4159,33272,525784,motion_D24,0.9543290138244629,0.625,4.92521333694458,1,35,1.7396886348724365,{}
4160,33280,525824,single_D0,0.0041669812053442,1.0,0.6461647152900696,0,5,0.2647981643676758,{}
4161,33288,526104,motion_D24,1.0265530347824097,0.625,6.941311836242676,1,35,1.7359189987182617,{}
4162,33296,526176,binding_D4,0.465755820274353,0.75,10.790557861328125,1,9,0.49709463119506836,{}
4163,33304,526248,binding_D4,0.38320180773735046,0.75,6.699212551116943,1,9,0.46073007583618164,{}
4164,33312,526288,binding_D0,0.3827338218688965,0.875,14.275456428527832,1,5,0.2674870491027832,{}
4165,33320,526424,binding_D12,0.5731599926948547,0.625,3.587463617324829,1,17,0.8489720821380615,{}
4166,33328,526656,single_D24,0.6142271161079407,0.75,24.341257095336914,1,29,1.4074275493621826,{}
4167,33336,526728,binding_D4,0.451729953289032,0.75,7.186676979064941,1,9,0.45489048957824707,{}
4168,33344,526864,binding_D12,0.6884918808937073,0.625,4.669235706329346,1,17,0.863091230392456,{}
4169,33352,527000,single_D12,0.7184136509895325,0.375,40.82276153564453,1,17,0.8400139808654785,{}
4170,33360,527040,single_D0,0.6748073697090149,0.875,86.50082397460938,1,5,0.2638278007507324,{}
4171,33368,527080,binding_D0,0.3345882296562195,0.875,15.396162986755371,1,5,0.266493558883667,{}
4172,33376,527216,binding_D12,0.7271726131439209,0.625,6.445713996887207,1,17,0.8546075820922852,{}
4173,33384,527448,single_D24,0.7834575176239014,0.125,33.02088165283203,1,29,1.4353890419006348,{}
4174,33392,527488,binding_D0,0.31455573439598083,0.75,8.00969123840332,1,5,0.2654454708099365,{}
4175,33400,527624,single_D12,0.8651038408279419,0.375,15.492494583129883,1,17,0.8723325729370117,{}
4176,33408,527904,motion_D24,0.9395084977149963,0.875,8.538290977478027,1,35,1.7309129238128662,{}
4177,33416,528136,binding_D24,0.6086572408676147,0.5,3.7877042293548584,1,29,1.4100022315979004,{}
4178,33424,528272,binding_D12,0.7272500991821289,0.5,8.021605491638184,1,17,0.8314812183380127,{}
4179,33432,528312,single_D0,0.005832773633301258,1.0,1.8439408540725708,1,5,0.2643587589263916,{}
4180,33440,528352,single_D0,0.014077816158533096,1.0,3.6991772651672363,1,5,0.26752734184265137,{}
4181,33448,528584,binding_D24,0.7102406024932861,0.625,6.032442092895508,1,29,1.408853530883789,{}
4182,33456,528624,single_D0,0.6443508267402649,0.875,89.99943542480469,1,5,0.2661895751953125,{}
4183,33464,528856,binding_D24,0.6019261479377747,0.75,3.3249411582946777,1,29,1.4644789695739746,{}
4184,33472,528992,single_D12,0.7623510956764221,0.25,85.65939331054688,1,17,0.846158504486084,{}
4185,33480,529080,motion_D0,2.012181282043457,0.625,215.57362365722656,1,11,0.5786519050598145,{}
4186,33488,529216,single_D12,1.157414197921753,0.5,146.35350036621094,1,17,0.8444724082946777,{}
4187,33496,529352,binding_D12,0.6131002902984619,0.75,3.977128267288208,1,17,0.8376495838165283,{}
4188,33504,529584,binding_D24,0.6966067552566528,0.5,4.0473222732543945,1,29,1.405526876449585,{}
4189,33512,529720,single_D12,0.7612791061401367,0.25,81.80018615722656,1,17,0.8553109169006348,{}
4190,33520,529760,single_D0,0.0014216459821909666,1.0,0.12818850576877594,0,5,0.2590968608856201,{}
4191,33528,529896,single_D12,0.8738332986831665,0.5,92.2557144165039,1,17,0.8415770530700684,{}
4192,33536,530128,binding_D24,0.7937979102134705,0.25,8.945082664489746,1,29,1.4061222076416016,{}
4193,33544,530168,single_D0,0.6284494400024414,0.75,67.59514617919922,1,5,0.25796055793762207,{}
4194,33552,530240,single_D4,0.21681427955627441,1.0,12.866864204406738,1,9,0.47687649726867676,{}
4195,33560,530472,single_D24,0.8049739599227905,0.375,22.223485946655273,1,29,1.4147059917449951,{}
4196,33568,530704,single_D24,0.6809127926826477,0.625,21.4802303314209,1,29,1.4132001399993896,{}
4197,33576,530792,motion_D0,0.9270130395889282,0.875,140.47393798828125,1,11,0.5856132507324219,{}
4198,33584,530864,single_D4,0.20004205405712128,0.875,24.140806198120117,1,9,0.4763011932373047,{}
4199,33592,531096,single_D24,0.727154016494751,0.5,31.818115234375,1,29,1.4181604385375977,{}
4200,33600,531168,single_D4,0.36566996574401855,0.75,35.99421691894531,1,9,0.4529688358306885,{}
4201,33608,531240,binding_D4,0.4308943748474121,1.0,5.732315540313721,1,9,0.46565842628479004,{}
4202,33616,531312,single_D4,0.3149338364601135,0.875,64.80496978759766,1,9,0.4504585266113281,{}
4203,33624,531544,binding_D24,0.7738685011863708,0.5,9.803600311279297,1,29,1.4147601127624512,{}
4204,33632,531584,single_D0,0.2538953721523285,0.875,81.08930969238281,1,5,0.2749600410461426,{}
4205,33640,531656,binding_D4,0.46030527353286743,0.75,5.981483459472656,1,9,0.4690718650817871,{}
4206,33648,531728,binding_D4,0.3509688079357147,0.875,4.399364948272705,1,9,0.46167802810668945,{}
4207,33656,531800,single_D4,0.08701464533805847,1.0,23.17957878112793,1,9,0.4453725814819336,{}
4208,33664,531936,single_D12,0.5834713578224182,0.625,13.007107734680176,1,17,0.8459174633026123,{}
4209,33672,532072,single_D12,0.602519690990448,0.75,18.793315887451172,1,17,0.8323497772216797,{}
4210,33680,532144,single_D4,0.6083437204360962,0.625,65.66704559326172,1,9,0.45203518867492676,{}
4211,33688,532376,single_D24,0.7239976525306702,0.375,16.60950469970703,1,29,1.4224393367767334,{}
4212,33696,532416,binding_D0,0.6765167713165283,0.625,23.88808250427246,1,5,0.2707784175872803,{}
4213,33704,532648,single_D24,0.7190694212913513,0.375,16.641557693481445,1,29,1.4132912158966064,{}
4214,33712,532720,binding_D4,0.6778014898300171,0.5,10.348311424255371,1,9,0.4583437442779541,{}
4215,33720,532952,binding_D24,0.7808789014816284,0.5,8.462416648864746,1,29,1.4265365600585938,{}
4216,33728,533184,binding_D24,0.7397423982620239,0.5,3.615537405014038,1,29,1.4784104824066162,{}
4217,33736,533272,motion_D0,3.351313591003418,0.75,133.67181396484375,1,11,0.5808837413787842,{}
4218,33744,533312,binding_D0,0.3739534914493561,0.875,4.919778347015381,1,5,0.25993895530700684,{}
4219,33752,533544,single_D24,0.7829277515411377,0.625,58.375160217285156,1,29,1.4133367538452148,{}
4220,33760,533616,binding_D4,0.3817099332809448,0.875,5.3576130867004395,1,9,0.4671142101287842,{}
4221,33768,533752,binding_D12,0.617616593837738,0.75,5.505600452423096,1,17,0.8484146595001221,{}
4222,33776,533888,binding_D12,0.7024279236793518,0.5,9.139209747314453,1,17,0.845391035079956,{}
4223,33784,533960,binding_D4,0.5463224053382874,0.75,4.068326950073242,1,9,0.4527411460876465,{}
4224,33792,534096,single_D12,0.7487090826034546,0.625,46.042049407958984,1,17,0.850884199142456,{}
4225,33800,534136,single_D0,0.006311187520623207,1.0,0.5944257974624634,0,5,0.27048826217651367,"{""first_sensory_field_gradient_norm"": 1.5920251826173626e-05, ""early_r_gradient_norm"": 0.0028225090354681015, ""early_r_rms"": 0.019639478996396065, ""early_a_gradient_norm"": 0.0002567556221038103, ""early_a_rms"": 0.0, ""late_r_gradient_norm"": 0.01261991448700428, ""late_r_rms"": 0.33493688702583313, ""late_a_gradient_norm"": null, ""late_a_rms"": 0.0246248971670866, ""encoder_gradient_norm"": 0.11357482522726059, ""raw_recurrent_gradient_rms"": 3.551422764758172e-07, ""state_stats"": {""inactive_fraction"": 0.16357421875, ""rectifier_off_fraction"": 0.38623046875, ""excitatory_mean"": 0.20980626344680786, ""inhibitory_mean"": 0.2962433397769928, ""tau_r_mean"": 5.252327919006348, ""tau_a_mean"": 36.867469787597656, ""adaptation_gain_mean"": 0.04740274325013161}, ""effective_recurrent_relative_update"": 1.4310622646007687e-05}"
4226,33808,534368,binding_D24,0.7445313930511475,0.5,7.081058979034424,1,29,1.424938678741455,{}
4227,33816,534440,single_D4,0.12913984060287476,1.0,14.509267807006836,1,9,0.45802831649780273,{}
4228,33824,534480,binding_D0,0.7795122861862183,0.75,15.311076164245605,1,5,0.2776758670806885,{}
4229,33832,534616,binding_D12,0.6272675395011902,0.625,12.054938316345215,1,17,0.8438894748687744,{}
4230,33840,534896,motion_D24,1.1091015338897705,0.5,8.016340255737305,1,35,1.7438862323760986,{}
4231,33848,535128,single_D24,0.6474286317825317,0.5,18.09665870666504,1,29,1.40960693359375,{}
4232,33856,535216,motion_D0,2.185903549194336,0.375,187.26466369628906,1,11,0.578404426574707,{}
4233,33864,535256,single_D0,0.00696988869458437,1.0,2.397937059402466,1,5,0.26332831382751465,{}
4234,33872,535296,binding_D0,0.34280118346214294,0.875,10.194591522216797,1,5,0.27614259719848633,{}
4235,33880,535336,binding_D0,0.0772496685385704,1.0,6.13216495513916,1,5,0.26581907272338867,{}
4236,33888,535616,motion_D24,1.0540510416030884,0.625,8.369558334350586,1,35,1.7428276538848877,{}
4237,33896,535688,single_D4,0.3855074644088745,0.875,222.08233642578125,1,9,0.46153807640075684,{}
4238,33904,535760,single_D4,0.3686508238315582,0.75,155.2493896484375,1,9,0.45328521728515625,{}
4239,33912,535896,binding_D12,0.7498782873153687,0.5,8.94027328491211,1,17,0.8439812660217285,{}
4240,33920,535936,binding_D0,0.20630845427513123,0.875,11.683218002319336,1,5,0.2706143856048584,{}
4241,33928,536216,motion_D24,0.9399081468582153,0.75,5.62621545791626,1,35,1.722975254058838,{}
4242,33936,536256,single_D0,0.006878518965095282,1.0,0.44850659370422363,0,5,0.272036075592041,{}
4243,33944,536392,binding_D12,0.6398931741714478,0.75,3.1486129760742188,1,17,0.8396568298339844,{}
4244,33952,536464,binding_D4,0.34173712134361267,0.875,7.8272528648376465,1,9,0.46846985816955566,{}
4245,33960,536744,motion_D24,0.9197843670845032,0.75,3.4312870502471924,1,35,1.7432043552398682,{}
4246,33968,536784,binding_D0,0.20976749062538147,1.0,5.562832355499268,1,5,0.2774348258972168,{}
4247,33976,536824,single_D0,0.0019050298724323511,1.0,1.0509274005889893,1,5,0.25911402702331543,{}
4248,33984,537056,binding_D24,0.6754446625709534,0.75,4.554202079772949,1,29,1.4125757217407227,{}
4249,33992,537128,binding_D4,0.4743887782096863,0.75,4.269320011138916,1,9,0.4576594829559326,{}
4250,34000,537360,single_D24,0.7031926512718201,0.375,55.22930908203125,1,29,1.4061684608459473,{}
4251,34008,537432,binding_D4,0.4735715091228485,0.75,6.729790210723877,1,9,0.4581944942474365,{}
4252,34016,537664,binding_D24,0.7812049388885498,0.5,8.936012268066406,1,29,1.400743007659912,{}
4253,34024,537704,single_D0,0.015837382525205612,1.0,2.2411136627197266,1,5,0.2583892345428467,{}
4254,34032,537744,single_D0,0.020594872534275055,1.0,2.7233150005340576,1,5,0.2611570358276367,{}
4255,34040,537976,single_D24,0.6272585988044739,0.75,38.12211608886719,1,29,1.411935806274414,{}
4256,34048,538016,binding_D0,0.44487908482551575,0.75,19.345121383666992,1,5,0.26291871070861816,{}
4257,34056,538248,single_D24,0.7882657647132874,0.375,27.310937881469727,1,29,1.4014291763305664,{}
4258,34064,538480,single_D24,0.81754469871521,0.375,17.41437530517578,1,29,1.422414779663086,{}
4259,34072,538568,motion_D0,3.0413122177124023,0.375,391.0855407714844,1,11,0.5791716575622559,{}
4260,34080,538640,binding_D4,0.3412611186504364,0.875,5.203585624694824,1,9,0.4803128242492676,{}
4261,34088,538872,binding_D24,0.7503397464752197,0.5,6.100772380828857,1,29,1.4687697887420654,{}
4262,34096,539008,single_D12,0.5542008280754089,0.625,26.264568328857422,1,17,0.8339111804962158,{}
4263,34104,539080,binding_D4,0.4373140335083008,0.75,13.05702018737793,1,9,0.4620554447174072,{}
4264,34112,539312,single_D24,0.7689207792282104,0.625,53.953369140625,1,29,1.4080226421356201,{}
4265,34120,539544,binding_D24,0.7914226055145264,0.375,9.354460716247559,1,29,1.4190502166748047,{}
4266,34128,539776,single_D24,0.6371576189994812,0.75,25.16375160217285,1,29,1.4323956966400146,{}
4267,34136,539848,binding_D4,0.3555995523929596,0.875,5.802931308746338,1,9,0.4582836627960205,{}
4268,34144,539984,single_D12,0.5357422828674316,0.75,85.32946014404297,1,17,0.8378055095672607,{}
4269,34152,540216,binding_D24,0.8347218632698059,0.5,4.708444595336914,1,29,1.4220619201660156,{}
4270,34160,540256,binding_D0,0.21998924016952515,0.875,10.989787101745605,1,5,0.2643709182739258,{}
4271,34168,540392,binding_D12,0.6539075374603271,0.75,5.323738098144531,1,17,0.8493821620941162,{}
4272,34176,540624,binding_D24,0.6595658659934998,0.625,4.297086238861084,1,29,1.429351568222046,{}
4273,34184,540664,binding_D0,0.25655224919319153,0.75,15.715328216552734,1,5,0.2661614418029785,{}
4274,34192,540704,binding_D0,0.3740033209323883,0.875,20.822111129760742,1,5,0.2761538028717041,{}
4275,34200,540744,single_D0,0.05205719545483589,1.0,25.33652687072754,1,5,0.26584696769714355,{}
4276,34208,540816,single_D4,0.10693599283695221,1.0,28.091108322143555,1,9,0.462923526763916,{}
4277,34216,540952,single_D12,0.6656679511070251,0.625,36.596763610839844,1,17,0.8388352394104004,{}
4278,34224,541040,motion_D0,2.4749507904052734,0.375,206.06063842773438,1,11,0.5874004364013672,{}
4279,34232,541112,binding_D4,0.5384863018989563,0.75,5.491007328033447,1,9,0.48601365089416504,{}
4280,34240,541184,binding_D4,0.42280933260917664,0.75,4.121120929718018,1,9,0.45215797424316406,{}
4281,34248,541272,motion_D0,0.014835796318948269,1.0,7.161710739135742,1,11,0.5949578285217285,{}
4282,34256,541408,binding_D12,0.7718821167945862,0.5,7.889467239379883,1,17,0.8445191383361816,{}
4283,34264,541640,single_D24,0.6906040906906128,0.5,16.669607162475586,1,29,1.6508615016937256,{}
4284,34272,541776,binding_D12,0.6373018622398376,0.625,7.513767242431641,1,17,0.9239063262939453,{}
4285,34280,541848,single_D4,0.42667558789253235,0.75,19.374452590942383,1,9,0.4818291664123535,{}
4286,34288,541888,single_D0,0.045016828924417496,1.0,18.02541732788086,1,5,0.31064701080322266,{}
4287,34296,541928,binding_D0,0.9098249673843384,0.5,14.167216300964355,1,5,0.3037703037261963,{}
4288,34304,542000,single_D4,0.18028481304645538,0.875,18.621292114257812,1,9,0.46817779541015625,{}
4289,34312,542232,binding_D24,0.7146391272544861,0.625,8.045198440551758,1,29,1.500077247619629,{}
4290,34320,542368,single_D12,0.7211701273918152,0.375,37.3136100769043,1,17,0.891991138458252,{}
4291,34328,542600,single_D24,0.7884525060653687,0.625,67.57207489013672,1,29,1.4574594497680664,{}
4292,34336,542832,single_D24,0.7682969570159912,0.5,77.78937530517578,1,29,1.4816195964813232,{}
4293,34344,542904,single_D4,0.13168957829475403,1.0,23.430173873901367,1,9,0.48377466201782227,{}
4294,34352,543040,single_D12,0.507305920124054,0.875,14.196083068847656,1,17,0.8669631481170654,{}
4295,34360,543128,motion_D0,3.0953938961029053,0.75,136.54429626464844,1,11,0.6121354103088379,{}
4296,34368,543168,single_D0,0.27762457728385925,0.75,84.14746856689453,1,5,0.28687191009521484,{}
4297,34376,543304,binding_D12,0.882880687713623,0.5,7.626621246337891,1,17,0.879124641418457,{}
4298,34384,543440,binding_D12,0.6319273114204407,0.625,2.5411510467529297,1,17,0.869086742401123,{}
4299,34392,543576,binding_D12,0.529678225517273,0.75,9.17833137512207,1,17,0.8559532165527344,{}
4300,34400,543712,single_D12,0.6754975318908691,0.75,21.096446990966797,1,17,0.8433687686920166,{}
4301,34408,543752,binding_D0,0.16896016895771027,0.875,3.355814218521118,1,5,0.31797170639038086,{}
4302,34416,544032,motion_D24,1.016770362854004,0.75,13.164494514465332,1,35,1.785069227218628,{}
4303,34424,544168,binding_D12,0.7897731065750122,0.5,7.7065019607543945,1,17,0.8773949146270752,{}
4304,34432,544304,binding_D12,0.7028343677520752,0.625,5.97221565246582,1,17,0.8651762008666992,{}
4305,34440,544344,binding_D0,0.37268325686454773,0.875,5.771900653839111,1,5,0.28637099266052246,{}
4306,34448,544416,single_D4,0.10376524180173874,1.0,2.967495918273926,1,9,0.4603753089904785,{}
4307,34456,544456,single_D0,0.0015204144874587655,1.0,0.45553475618362427,0,5,0.2779085636138916,{}
4308,34464,544688,binding_D24,0.5268224477767944,0.75,3.452971935272217,1,29,1.448082447052002,{}
4309,34472,544968,motion_D24,0.9106534719467163,0.75,9.193108558654785,1,35,1.8315041065216064,{}
4310,34480,545008,binding_D0,0.12863212823867798,1.0,4.745248794555664,1,5,0.29391026496887207,{}
4311,34488,545080,single_D4,0.26512834429740906,0.875,32.538448333740234,1,9,0.4952046871185303,{}
4312,34496,545152,single_D4,0.3764505386352539,0.875,47.98126983642578,1,9,0.49108076095581055,{}
4313,34504,545384,binding_D24,0.8483065366744995,0.25,5.4222307205200195,1,29,1.460601806640625,{}
4314,34512,545520,single_D12,0.7271315455436707,0.5,78.20032501220703,1,17,0.8687629699707031,{}
4315,34520,545560,single_D0,0.0036155025009065866,1.0,0.95339435338974,0,5,0.2772343158721924,{}
4316,34528,545632,single_D4,0.05054594576358795,1.0,12.21824836730957,1,9,0.4753589630126953,{}
4317,34536,545768,single_D12,0.5967792272567749,0.625,34.65431213378906,1,17,0.87990403175354,{}
4318,34544,545904,single_D12,0.8540549874305725,0.5,116.49060821533203,1,17,0.8678271770477295,{}
4319,34552,545976,single_D4,0.12303978204727173,1.0,21.975130081176758,1,9,0.4660794734954834,{}
4320,34560,546048,binding_D4,0.47046318650245667,0.875,5.948658466339111,1,9,0.4904637336730957,{}
4321,34568,546280,single_D24,0.7536730766296387,0.25,28.255578994750977,1,29,1.4746737480163574,{}
4322,34576,546416,binding_D12,0.658873438835144,0.75,5.4894232749938965,1,17,0.8644824028015137,{}
4323,34584,546456,binding_D0,0.21966683864593506,0.875,7.713061809539795,1,5,0.304335355758667,{}
4324,34592,546688,single_D24,0.7298533320426941,0.5,14.493078231811523,1,29,1.4754838943481445,{}
4325,34600,546920,single_D24,0.735740065574646,0.5,9.301193237304688,1,29,1.469480037689209,{}
4326,34608,547152,binding_D24,0.6988875865936279,0.625,8.866288185119629,1,29,1.4466331005096436,{}
4327,34616,547384,binding_D24,0.7163444757461548,0.625,3.3071846961975098,1,29,1.4531264305114746,{}
4328,34624,547616,single_D24,0.7911673784255981,0.625,39.57810974121094,1,29,1.467456579208374,{}
4329,34632,547848,binding_D24,0.9389837980270386,0.375,12.972087860107422,1,29,1.4655108451843262,{}
4330,34640,547888,single_D0,0.7979410886764526,0.875,146.25665283203125,1,5,0.278853178024292,{}
4331,34648,548024,binding_D12,0.6409278512001038,0.5,4.56913423538208,1,17,0.9332234859466553,{}
4332,34656,548256,single_D24,0.6841176152229309,0.625,34.25635528564453,1,29,1.4594669342041016,{}
4333,34664,548296,binding_D0,0.480593740940094,0.75,19.439895629882812,1,5,0.28281188011169434,{}
4334,34672,548368,single_D4,0.06155307963490486,1.0,10.437813758850098,1,9,0.4725503921508789,{}
4335,34680,548504,binding_D12,0.7959994673728943,0.5,4.928175449371338,1,17,0.8772811889648438,{}
4336,34688,548544,single_D0,0.07519740611314774,1.0,66.92250061035156,1,5,0.27630162239074707,{}
4337,34696,548632,motion_D0,1.1723713874816895,0.75,22.719497680664062,1,11,0.6037747859954834,{}
4338,34704,548672,binding_D0,0.3215673863887787,0.875,12.402082443237305,1,5,0.281644344329834,{}
4339,34712,548744,binding_D4,0.5560059547424316,0.75,12.286356925964355,1,9,0.47550082206726074,{}
4340,34720,548880,binding_D12,0.5924552083015442,0.625,3.6418633460998535,1,17,0.863518238067627,{}
4341,34728,549112,binding_D24,0.6705162525177002,0.5,3.70839262008667,1,29,1.4730639457702637,{}
4342,34736,549200,motion_D0,0.6287252902984619,0.875,121.37702941894531,1,11,0.6047966480255127,{}
4343,34744,549240,binding_D0,0.40760713815689087,0.75,15.512959480285645,1,5,0.29291868209838867,{}
4344,34752,549280,single_D0,0.006609654054045677,1.0,3.1560118198394775,1,5,0.2701449394226074,{}
4345,34760,549352,single_D4,0.04595087468624115,1.0,4.1352128982543945,1,9,0.4740898609161377,{}
4346,34768,549424,binding_D4,0.32394129037857056,0.875,5.9543585777282715,1,9,0.5135049819946289,{}
4347,34776,549656,binding_D24,0.8318998217582703,0.125,7.925728797912598,1,29,1.458069086074829,{}
4348,34784,549792,single_D12,0.5674406290054321,0.75,10.97849178314209,1,17,0.8879706859588623,{}
4349,34792,549928,binding_D12,0.6624128222465515,0.625,6.194855213165283,1,17,0.891416072845459,{}
4350,34800,550064,single_D12,0.5823078751564026,0.625,21.79123878479004,1,17,0.863853931427002,{}
4351,34808,550136,single_D4,0.10324853658676147,1.0,33.02437973022461,1,9,0.46871042251586914,{}
4352,34816,550176,single_D0,0.6910915970802307,0.875,120.56598663330078,1,5,0.28459835052490234,{}
4353,34824,550408,binding_D24,0.7329363822937012,0.375,6.071634769439697,1,29,1.5212130546569824,"{""first_sensory_field_gradient_norm"": 4.0426784835290164e-05, ""early_r_gradient_norm"": 0.007443404756486416, ""early_r_rms"": 0.020181261003017426, ""early_a_gradient_norm"": 0.001992102013900876, ""early_a_rms"": 0.0, ""late_r_gradient_norm"": 0.694086492061615, ""late_r_rms"": 0.12167453020811081, ""late_a_gradient_norm"": null, ""late_a_rms"": 0.040400635451078415, ""encoder_gradient_norm"": 4.446037292480469, ""raw_recurrent_gradient_rms"": 1.4177004459270393e-06, ""state_stats"": {""inactive_fraction"": 0.85693359375, ""rectifier_off_fraction"": 0.9091796875, ""excitatory_mean"": 0.014301085844635963, ""inhibitory_mean"": 0.06062309443950653, ""tau_r_mean"": 5.259322166442871, ""tau_a_mean"": 36.877559661865234, ""adaptation_gain_mean"": 0.047388043254613876}, ""effective_recurrent_relative_update"": 1.4290836588770617e-05}"
4354,34832,550448,single_D0,0.02973094955086708,1.0,14.801056861877441,1,5,0.2690086364746094,{}
4355,34840,550680,single_D24,0.8369666934013367,0.5,102.1284408569336,1,29,1.4822437763214111,{}
4356,34848,550720,single_D0,0.03864743188023567,1.0,30.25990867614746,1,5,0.29616260528564453,{}
4357,34856,550760,binding_D0,0.37078848481178284,1.0,6.298044204711914,1,5,0.28609204292297363,{}
4358,34864,550800,binding_D0,0.49452006816864014,0.75,11.733622550964355,1,5,0.27843451499938965,{}
4359,34872,550936,single_D12,0.7208520174026489,0.625,31.25261116027832,1,17,0.8735311031341553,{}
4360,34880,551008,binding_D4,0.41892945766448975,0.625,4.506241798400879,1,9,0.4745643138885498,{}
4361,34888,551048,single_D0,0.021205676719546318,1.0,3.8214359283447266,1,5,0.28667330741882324,{}
4362,34896,551184,single_D12,0.5257742404937744,0.75,26.289825439453125,1,17,0.8708798885345459,{}
4363,34904,551464,motion_D24,1.084641695022583,0.5,12.484683990478516,1,35,1.7892169952392578,{}
4364,34912,551696,single_D24,0.8401483297348022,0.5,61.547088623046875,1,29,1.45979642868042,{}
4365,34920,551928,single_D24,0.8621345162391663,0.5,124.94860076904297,1,29,1.4712371826171875,{}
4366,34928,552000,binding_D4,0.4813210964202881,0.75,5.1586174964904785,1,9,0.4814436435699463,{}
4367,34936,552072,single_D4,0.012931492179632187,1.0,4.311343193054199,1,9,0.50933837890625,{}
4368,34944,552160,motion_D0,2.7065210342407227,0.5,131.55625915527344,1,11,0.6102275848388672,{}
4369,34952,552232,binding_D4,0.3616759479045868,1.0,6.72131872177124,1,9,0.5013256072998047,{}
4370,34960,552368,binding_D12,0.9758974313735962,0.5,16.561079025268555,1,17,0.8694314956665039,{}
4371,34968,552648,motion_D24,1.0073928833007812,0.625,11.181673049926758,1,35,1.8120574951171875,{}
4372,34976,552880,binding_D24,0.6416276693344116,0.75,5.9470624923706055,1,29,1.4725608825683594,{}
4373,34984,552920,binding_D0,0.3692930340766907,0.875,10.030588150024414,1,5,0.2841942310333252,{}
4374,34992,553056,single_D12,0.7602481842041016,0.625,32.58980941772461,1,17,0.8902506828308105,{}
4375,35000,553192,single_D12,0.5254808664321899,0.75,28.84579086303711,1,17,0.8833668231964111,{}
4376,35008,553424,single_D24,0.8139365911483765,0.375,80.03331756591797,1,29,1.5017142295837402,{}
4377,35016,553560,single_D12,0.3437599837779999,0.875,22.64898109436035,1,17,0.8645026683807373,{}
4378,35024,553632,binding_D4,0.6643174886703491,0.5,13.711772918701172,1,9,0.4854862689971924,{}
4379,35032,553720,motion_D0,2.0327346324920654,0.625,260.87103271484375,1,11,0.6021947860717773,{}
4380,35040,553856,single_D12,0.619485080242157,0.625,73.18273162841797,1,17,0.8919820785522461,{}
4381,35048,553928,single_D4,0.01325837429612875,1.0,7.172435283660889,1,9,0.47443413734436035,{}
4382,35056,554160,binding_D24,0.7266321182250977,0.5,3.2046589851379395,1,29,1.459411859512329,{}
4383,35064,554296,binding_D12,0.786056637763977,0.375,5.539249420166016,1,17,0.8759136199951172,{}
4384,35072,554336,single_D0,0.0022578758653253317,1.0,0.5884115099906921,0,5,0.2662332057952881,{}
4385,35080,554408,single_D4,0.546755850315094,0.875,170.55714416503906,1,9,0.47686314582824707,{}
4386,35088,554480,binding_D4,0.6507810950279236,0.75,8.056971549987793,1,9,0.48533058166503906,{}
4387,35096,554552,binding_D4,0.6570421457290649,0.625,9.352068901062012,1,9,0.579829216003418,{}
4388,35104,554624,single_D4,0.11917483806610107,0.875,52.254268646240234,1,9,0.4956815242767334,{}
4389,35112,554696,single_D4,0.05101685971021652,1.0,16.623443603515625,1,9,0.4861910343170166,{}
4390,35120,554736,binding_D0,0.3644520044326782,0.875,5.803185939788818,1,5,0.27861928939819336,{}
4391,35128,554808,binding_D4,0.6613438129425049,0.625,10.573753356933594,1,9,0.506779670715332,{}
4392,35136,555088,motion_D24,1.043372392654419,0.75,11.454179763793945,1,35,1.8030242919921875,{}
4393,35144,555320,binding_D24,0.6032181978225708,0.875,4.089417934417725,1,29,1.4651188850402832,{}
4394,35152,555456,single_D12,1.295387625694275,0.25,240.29208374023438,1,17,0.8816623687744141,{}
4395,35160,555592,binding_D12,0.7584528923034668,0.5,6.935215950012207,1,17,0.8751163482666016,{}
4396,35168,555664,single_D4,0.644768476486206,0.75,224.53904724121094,1,9,0.47531700134277344,{}
4397,35176,555704,binding_D0,0.24520564079284668,0.875,10.186769485473633,1,5,0.28032732009887695,{}
4398,35184,555840,binding_D12,0.72144615650177,0.625,5.993680953979492,1,17,0.8745872974395752,{}
4399,35192,555880,single_D0,1.3663713932037354,0.75,131.83444213867188,1,5,0.27195000648498535,{}
4400,35200,556160,motion_D24,1.0196205377578735,0.75,6.997900485992432,1,35,1.8304107189178467,{}
