update,episodes,cell,loss,accuracy,grad_norm,seconds,wait_seconds
1,64,orientation_cued_D0,0.69170,0.5156,0.4917,2.162,1.422
2,128,orientation_cued_D0,0.70533,0.5000,1.4864,0.077,0.004
3,192,orientation_cued_D0,0.69343,0.5000,0.4736,0.083,0.005
4,256,orientation_cued_D0,0.69721,0.5000,0.9264,0.078,0.005
5,320,orientation_cued_D0,0.70035,0.5000,1.0338,0.076,0.005
6,384,orientation_cued_D0,0.69616,0.4844,0.6684,0.075,0.004
7,448,orientation_cued_D0,0.69089,0.5312,0.4152,0.089,0.004
8,512,orientation_cued_D0,0.69466,0.5000,0.7841,0.076,0.005
9,576,orientation_cued_D0,0.68934,0.4844,0.7513,0.070,0.005
10,640,orientation_cued_D0,0.69775,0.5469,0.5539,0.088,0.006
11,704,orientation_cued_D0,0.69359,0.5156,0.6353,0.076,0.014
12,768,orientation_cued_D0,0.68546,0.6250,0.5027,0.081,0.004
13,832,orientation_cued_D0,0.69139,0.5312,0.6900,0.083,0.007
14,896,orientation_cued_D0,0.70645,0.3906,0.9783,0.077,0.004
15,960,orientation_cued_D0,0.69640,0.4375,0.8435,0.105,0.005
16,1024,orientation_cued_D0,0.69667,0.5469,0.7967,0.094,0.008
17,1088,orientation_cued_D0,0.69391,0.5000,0.6127,0.103,0.009
18,1152,orientation_cued_D0,0.69160,0.5469,0.6379,0.101,0.007
19,1216,orientation_cued_D0,0.69831,0.4531,0.6999,0.091,0.007
20,1280,orientation_cued_D0,0.69468,0.5000,0.6635,0.089,0.011
21,1344,orientation_cued_D0,0.68939,0.5156,0.8228,0.099,0.008
22,1408,orientation_cued_D0,0.68785,0.5938,0.6175,0.094,0.004
23,1472,orientation_cued_D0,0.69716,0.4062,0.4942,0.106,0.008
24,1536,orientation_cued_D0,0.69621,0.4688,1.0834,0.077,0.006
25,1600,orientation_cued_D0,0.68332,0.5781,0.7998,0.078,0.006
26,1664,orientation_cued_D0,0.68913,0.4844,0.9331,0.079,0.005
27,1728,orientation_cued_D0,0.69577,0.4688,0.6788,0.070,0.004
28,1792,orientation_cued_D0,0.68594,0.5625,0.7952,0.074,0.004
29,1856,orientation_cued_D0,0.69022,0.4688,0.6043,0.080,0.004
30,1920,orientation_cued_D0,0.68601,0.5781,0.9986,0.079,0.005
31,1984,orientation_cued_D0,0.68652,0.5625,0.4738,0.077,0.004
32,2048,orientation_cued_D0,0.68676,0.5469,0.6185,0.075,0.004
33,2112,orientation_cued_D0,0.68164,0.5781,0.6242,0.078,0.005
34,2176,orientation_cued_D0,0.69092,0.4375,0.4870,0.078,0.005
35,2240,orientation_cued_D0,0.70295,0.4844,0.6797,0.077,0.005
36,2304,orientation_cued_D0,0.70028,0.5000,0.6750,0.083,0.004
37,2368,orientation_cued_D0,0.69619,0.5625,0.9756,0.087,0.005
38,2432,orientation_cued_D0,0.68164,0.5625,1.2056,0.081,0.007
39,2496,orientation_cued_D0,0.70510,0.4219,1.3828,0.077,0.005
40,2560,orientation_cued_D0,0.68865,0.5312,0.6048,0.077,0.005
41,2624,orientation_cued_D0,0.70323,0.4531,0.8550,0.081,0.005
42,2688,orientation_cued_D0,0.68187,0.5469,1.2204,0.072,0.004
43,2752,orientation_cued_D0,0.69618,0.4844,0.4695,0.075,0.005
44,2816,orientation_cued_D0,0.68872,0.4688,0.4756,0.080,0.007
45,2880,orientation_cued_D0,0.69553,0.4844,0.6749,0.101,0.008
46,2944,orientation_cued_D0,0.68839,0.5625,0.4553,0.104,0.007
47,3008,orientation_cued_D0,0.69868,0.4375,0.9361,0.087,0.012
48,3072,orientation_cued_D0,0.69133,0.6094,0.5799,0.091,0.007
49,3136,orientation_cued_D0,0.69812,0.4375,0.5743,0.076,0.005
50,3200,orientation_cued_D0,0.69641,0.4844,0.3644,0.077,0.004
51,3264,orientation_cued_D0,0.69342,0.5469,0.3639,0.062,0.004
52,3328,orientation_cued_D0,0.68828,0.6250,0.5538,0.080,0.007
53,3392,orientation_cued_D0,0.68956,0.5469,0.4157,0.083,0.007
54,3456,orientation_cued_D0,0.69282,0.5000,0.4374,0.081,0.008
55,3520,orientation_cued_D0,0.69970,0.4531,0.6159,0.088,0.006
56,3584,orientation_cued_D0,0.69108,0.5781,0.2830,0.076,0.006
57,3648,orientation_cued_D0,0.69470,0.4688,0.2910,0.084,0.006
58,3712,orientation_cued_D0,0.69147,0.4531,0.3606,0.085,0.009
59,3776,orientation_cued_D0,0.69361,0.5156,0.2970,0.086,0.005
60,3840,orientation_cued_D0,0.69237,0.5156,0.3737,0.087,0.006
61,3904,orientation_cued_D0,0.69234,0.5938,0.2383,0.079,0.005
62,3968,orientation_cued_D0,0.69073,0.5156,0.2519,0.104,0.005
63,4032,orientation_cued_D0,0.70003,0.4531,0.3977,0.095,0.007
64,4096,orientation_cued_D0,0.69019,0.5625,0.2594,0.099,0.005
65,4160,orientation_cued_D0,0.69378,0.4688,0.2507,0.091,0.009
66,4224,orientation_cued_D0,0.68601,0.5469,0.3109,0.071,0.004
67,4288,orientation_cued_D0,0.69500,0.4375,0.2414,0.077,0.005
68,4352,orientation_cued_D0,0.69373,0.4688,0.3193,0.085,0.005
69,4416,orientation_cued_D0,0.69306,0.4688,0.2555,0.102,0.006
70,4480,orientation_cued_D0,0.69003,0.5469,0.3423,0.097,0.008
71,4544,orientation_cued_D0,0.69265,0.5000,0.2505,0.073,0.008
72,4608,orientation_cued_D0,0.69102,0.5625,0.2503,0.078,0.005
73,4672,orientation_cued_D0,0.68766,0.6250,0.2429,0.088,0.008
74,4736,orientation_cued_D0,0.68750,0.6562,0.3066,0.069,0.006
75,4800,orientation_cued_D0,0.69163,0.5312,0.3019,0.074,0.005
76,4864,orientation_cued_D0,0.68991,0.5938,0.2581,0.078,0.005
77,4928,orientation_cued_D0,0.68594,0.5938,0.3707,0.095,0.010
78,4992,orientation_cued_D0,0.69027,0.5625,0.2719,0.084,0.009
79,5056,orientation_cued_D0,0.69231,0.5156,0.3960,0.070,0.006
80,5120,orientation_cued_D0,0.68509,0.5469,0.4394,0.073,0.005
81,5184,orientation_cued_D0,0.68369,0.5938,0.5597,0.090,0.005
82,5248,orientation_cued_D0,0.68294,0.6094,0.4985,0.084,0.005
83,5312,orientation_cued_D0,0.68851,0.5625,0.6509,0.083,0.005
84,5376,orientation_cued_D0,0.68201,0.5625,0.5528,0.082,0.008
85,5440,orientation_cued_D0,0.68268,0.5312,0.8428,0.079,0.005
86,5504,orientation_cued_D0,0.66650,0.6406,0.9601,0.081,0.008
87,5568,orientation_cued_D0,0.67989,0.6094,0.9014,0.079,0.007
88,5632,orientation_cued_D0,0.68589,0.5625,0.9130,0.067,0.005
89,5696,orientation_cued_D0,0.66756,0.5938,0.8413,0.082,0.007
90,5760,orientation_cued_D0,0.67814,0.5625,1.1672,0.088,0.005
91,5824,orientation_cued_D0,0.66072,0.6562,1.1477,0.081,0.004
92,5888,orientation_cued_D0,0.69450,0.5625,1.0414,0.090,0.005
93,5952,orientation_cued_D0,0.67163,0.6094,1.0446,0.086,0.006
94,6016,orientation_cued_D0,0.68501,0.5312,1.1215,0.076,0.005
95,6080,orientation_cued_D0,0.66975,0.5625,1.1199,0.074,0.004
96,6144,orientation_cued_D0,0.65534,0.6562,1.1389,0.081,0.007
97,6208,orientation_cued_D0,0.67101,0.5938,1.2533,0.077,0.004
98,6272,orientation_cued_D0,0.65331,0.5781,1.3558,0.072,0.008
99,6336,orientation_cued_D0,0.63073,0.6875,1.1940,0.099,0.012
100,6400,orientation_cued_D0,0.63295,0.6562,1.1595,0.091,0.008
101,6464,orientation_cued_D0,0.64095,0.5938,2.3747,0.107,0.007
102,6528,orientation_cued_D0,0.61854,0.6719,1.8204,0.081,0.008
103,6592,orientation_cued_D0,0.61892,0.6094,1.5559,0.082,0.008
104,6656,orientation_cued_D0,0.63016,0.6875,1.2686,0.077,0.005
105,6720,orientation_cued_D0,0.64623,0.5938,1.6670,0.077,0.004
106,6784,orientation_cued_D0,0.59902,0.7031,1.8142,0.077,0.004
107,6848,orientation_cued_D0,0.61263,0.6719,3.0144,0.076,0.005
108,6912,orientation_cued_D0,0.59289,0.7188,2.7262,0.091,0.006
109,6976,orientation_cued_D0,0.59497,0.6875,2.1276,0.079,0.005
110,7040,orientation_cued_D0,0.54739,0.7031,3.4571,0.104,0.009
111,7104,orientation_cued_D0,0.54281,0.7656,2.5599,0.091,0.008
112,7168,orientation_cued_D0,0.55250,0.6875,3.2633,0.086,0.010
113,7232,orientation_cued_D0,0.58033,0.7344,7.4227,0.095,0.008
114,7296,orientation_cued_D0,0.48899,0.7656,3.5643,0.090,0.007
115,7360,orientation_cued_D0,0.62669,0.6250,8.9833,0.080,0.005
116,7424,orientation_cued_D0,0.55107,0.7188,4.4233,0.068,0.008
117,7488,orientation_cued_D0,0.51179,0.7500,6.8167,0.093,0.006
118,7552,orientation_cued_D0,0.55015,0.7188,7.3784,0.092,0.008
119,7616,orientation_cued_D0,0.51757,0.7031,3.6041,0.082,0.004
120,7680,orientation_cued_D0,0.51767,0.7500,6.1569,0.080,0.008
121,7744,orientation_cued_D0,0.46654,0.7812,3.8488,0.077,0.005
122,7808,orientation_cued_D0,0.44733,0.8438,3.9539,0.071,0.005
123,7872,orientation_cued_D0,0.47523,0.7188,2.5902,0.083,0.008
124,7936,orientation_cued_D0,0.44736,0.8125,5.2125,0.083,0.006
125,8000,orientation_cued_D0,0.46267,0.7969,3.9599,0.089,0.006
126,8064,orientation_cued_D0,0.36180,0.8594,3.8705,0.073,0.005
127,8128,orientation_cued_D0,0.43184,0.7812,3.5218,0.080,0.005
128,8192,orientation_cued_D0,0.42056,0.7969,10.0868,0.072,0.005
129,8256,orientation_cued_D0,0.37038,0.8281,5.2092,0.081,0.005
130,8320,orientation_cued_D0,0.37265,0.8906,8.2181,0.080,0.007
131,8384,orientation_cued_D0,0.39634,0.8594,8.8187,0.077,0.005
132,8448,orientation_cued_D0,0.29163,0.9375,5.3654,0.084,0.006
133,8512,orientation_cued_D0,0.43795,0.7969,10.2860,0.078,0.006
134,8576,orientation_cued_D0,0.31785,0.9219,7.5870,0.072,0.006
135,8640,orientation_cued_D0,0.27873,0.9375,6.4412,0.087,0.006
136,8704,orientation_cued_D0,0.29828,0.8750,7.4753,0.076,0.005
137,8768,orientation_cued_D0,0.28495,0.9062,5.9579,0.085,0.005
138,8832,orientation_cued_D0,0.31943,0.8438,8.8894,0.077,0.006
139,8896,orientation_cued_D0,0.30880,0.8438,13.1342,0.078,0.006
140,8960,orientation_cued_D0,0.23609,0.8906,10.1888,0.076,0.005
141,9024,orientation_cued_D0,0.19749,0.9688,6.0240,0.083,0.005
142,9088,orientation_cued_D0,0.25313,0.8906,19.0808,0.078,0.005
143,9152,orientation_cued_D0,0.24949,0.9062,6.9689,0.076,0.005
144,9216,orientation_cued_D0,0.20302,0.9375,9.3982,0.077,0.005
145,9280,orientation_cued_D0,0.14564,0.9844,5.4609,0.072,0.005
146,9344,orientation_cued_D0,0.15588,0.9688,4.7397,0.075,0.006
147,9408,orientation_cued_D0,0.18906,0.9375,7.9802,0.087,0.005
148,9472,orientation_cued_D0,0.15051,0.9688,11.5003,0.083,0.006
149,9536,orientation_cued_D0,0.21380,0.9062,8.3732,0.085,0.005
150,9600,orientation_cued_D0,0.23040,0.9219,11.0637,0.088,0.006
151,9664,orientation_cued_D0,0.12317,0.9688,6.8573,0.077,0.006
152,9728,orientation_cued_D0,0.23616,0.8750,12.2285,0.077,0.005
153,9792,orientation_cued_D0,0.13925,0.9531,9.9379,0.077,0.004
154,9856,orientation_cued_D0,0.15993,0.9375,7.4783,0.079,0.004
155,9920,orientation_cued_D0,0.18468,0.9375,8.4088,0.061,0.006
156,9984,orientation_cued_D0,0.17899,0.9375,13.8738,0.083,0.007
157,10048,orientation_cued_D0,0.18788,0.9531,13.6181,0.085,0.005
158,10112,orientation_cued_D0,0.17460,0.9219,6.9085,0.081,0.005
159,10176,orientation_cued_D0,0.17656,0.9531,9.7366,0.099,0.006
160,10240,orientation_cued_D0,0.20226,0.9062,14.7409,0.087,0.007
161,10304,orientation_cued_D0,0.14993,0.9531,9.0949,0.080,0.005
162,10368,orientation_cued_D0,0.13111,0.9844,7.4641,0.077,0.004
163,10432,orientation_cued_D0,0.13858,0.9531,9.5294,0.078,0.004
164,10496,orientation_cued_D0,0.07685,0.9844,4.3080,0.071,0.004
165,10560,orientation_cued_D0,0.09626,0.9688,8.9143,0.081,0.005
166,10624,orientation_cued_D0,0.12723,0.9375,7.2393,0.085,0.005
167,10688,orientation_cued_D0,0.13727,0.9688,6.0688,0.082,0.005
168,10752,orientation_cued_D0,0.09550,0.9688,8.8147,0.090,0.007
169,10816,orientation_cued_D0,0.05416,1.0000,3.5465,0.082,0.006
170,10880,orientation_cued_D0,0.10759,0.9688,5.7218,0.077,0.004
171,10944,orientation_cued_D0,0.06876,0.9844,6.3936,0.080,0.006
172,11008,orientation_cued_D0,0.05567,1.0000,3.1375,0.083,0.005
173,11072,orientation_cued_D0,0.09859,0.9688,8.7973,0.083,0.006
174,11136,orientation_cued_D0,0.05186,0.9844,4.4577,0.077,0.005
175,11200,orientation_cued_D0,0.07668,0.9844,4.8042,0.077,0.004
176,11264,orientation_cued_D0,0.09407,0.9531,7.3685,0.072,0.004
177,11328,orientation_cued_D0,0.05068,0.9844,4.7139,0.084,0.008
178,11392,orientation_cued_D0,0.11275,0.9531,11.1992,0.078,0.005
179,11456,orientation_cued_D0,0.04101,0.9844,4.0719,0.082,0.008
180,11520,orientation_cued_D0,0.06089,0.9844,4.0058,0.078,0.005
181,11584,orientation_cued_D0,0.05249,1.0000,4.2454,0.064,0.004
182,11648,orientation_cued_D0,0.07189,0.9844,8.9094,0.080,0.005
183,11712,orientation_cued_D0,0.07209,0.9844,4.0056,0.082,0.005
184,11776,orientation_cued_D0,0.08114,0.9688,8.7470,0.075,0.006
185,11840,orientation_cued_D0,0.06731,0.9688,5.7415,0.083,0.005
186,11904,orientation_cued_D0,0.04927,0.9844,4.0982,0.077,0.004
187,11968,orientation_cued_D0,0.04393,1.0000,6.2425,0.071,0.006
188,12032,orientation_cued_D0,0.02860,1.0000,7.6361,0.081,0.005
189,12096,orientation_cued_D0,0.11750,0.9375,11.3944,0.076,0.005
190,12160,orientation_cued_D0,0.03431,1.0000,4.9596,0.073,0.007
191,12224,orientation_cued_D0,0.05558,1.0000,5.9087,0.080,0.008
192,12288,orientation_cued_D0,0.05491,0.9688,9.2294,0.069,0.005
193,12352,orientation_cued_D0,0.07413,0.9688,10.6127,0.086,0.007
194,12416,orientation_cued_D0,0.06040,0.9844,8.5402,0.084,0.007
195,12480,orientation_cued_D0,0.11547,0.9531,13.9051,0.069,0.005
196,12544,orientation_cued_D0,0.05428,0.9844,8.4797,0.090,0.011
197,12608,orientation_cued_D0,0.02261,1.0000,1.8315,0.077,0.005
198,12672,orientation_cued_D0,0.06727,0.9844,8.2008,0.078,0.005
199,12736,orientation_cued_D0,0.07068,0.9688,12.0477,0.081,0.007
200,12800,orientation_cued_D0,0.08879,0.9844,7.4875,0.075,0.004
201,12864,orientation_cued_D0,0.09793,0.9531,9.7634,0.061,0.003
202,12928,orientation_cued_D0,0.05348,0.9688,15.1177,0.079,0.005
203,12992,orientation_cued_D0,0.04827,0.9844,5.9674,0.081,0.004
204,13056,orientation_cued_D0,0.05832,0.9531,12.8377,0.085,0.005
205,13120,orientation_cued_D0,0.04385,0.9844,2.5182,0.085,0.007
206,13184,orientation_cued_D0,0.08985,0.9688,9.2818,0.078,0.005
207,13248,orientation_cued_D0,0.04398,0.9844,6.2519,0.078,0.004
208,13312,orientation_cued_D0,0.04868,0.9844,8.6696,0.078,0.004
209,13376,orientation_cued_D0,0.04904,0.9844,9.7354,0.078,0.004
210,13440,orientation_cued_D0,0.06542,0.9844,10.4012,0.078,0.004
211,13504,orientation_cued_D0,0.01805,1.0000,1.0357,0.068,0.004
212,13568,orientation_cued_D0,0.04962,0.9844,14.4075,0.079,0.004
213,13632,orientation_cued_D0,0.10897,0.9531,16.9527,0.079,0.005
214,13696,orientation_cued_D0,0.02988,1.0000,6.6453,0.087,0.005
215,13760,orientation_cued_D0,0.03062,0.9844,7.9824,0.080,0.006
216,13824,orientation_cued_D0,0.09765,0.9688,8.4950,0.073,0.005
217,13888,orientation_cued_D0,0.07820,0.9531,16.2052,0.095,0.007
218,13952,orientation_cued_D0,0.08712,0.9844,12.2345,0.087,0.008
219,14016,orientation_cued_D0,0.02325,1.0000,3.5824,0.076,0.005
220,14080,orientation_cued_D0,0.03525,0.9844,11.6286,0.080,0.006
221,14144,orientation_cued_D0,0.07218,0.9844,8.4645,0.079,0.007
222,14208,orientation_cued_D0,0.06399,0.9844,7.4578,0.067,0.004
223,14272,orientation_cued_D0,0.02455,1.0000,3.8323,0.078,0.005
224,14336,orientation_cued_D0,0.09127,0.9375,14.4477,0.085,0.008
225,14400,orientation_cued_D0,0.07988,0.9531,12.6387,0.094,0.007
226,14464,orientation_cued_D0,0.03867,1.0000,5.9086,0.079,0.004
227,14528,orientation_cued_D0,0.07930,0.9688,15.4428,0.074,0.005
228,14592,orientation_cued_D0,0.05853,0.9844,11.2093,0.084,0.008
229,14656,orientation_cued_D0,0.06382,0.9688,18.5186,0.084,0.007
230,14720,orientation_cued_D0,0.02320,0.9844,6.8091,0.082,0.006
231,14784,orientation_cued_D0,0.05070,0.9844,10.9196,0.081,0.007
232,14848,orientation_cued_D0,0.02926,1.0000,5.7560,0.080,0.006
233,14912,orientation_cued_D0,0.08409,0.9688,8.3017,0.073,0.005
234,14976,orientation_cued_D0,0.12926,0.9531,13.2854,0.079,0.005
235,15040,orientation_cued_D0,0.02265,1.0000,3.7121,0.082,0.006
236,15104,orientation_cued_D0,0.03907,0.9844,7.1581,0.077,0.005
237,15168,orientation_cued_D0,0.06390,0.9688,9.8890,0.075,0.007
238,15232,orientation_cued_D0,0.05948,0.9688,10.7240,0.081,0.005
239,15296,orientation_cued_D0,0.03597,0.9844,5.0271,0.069,0.006
240,15360,orientation_cued_D0,0.02573,1.0000,4.2048,0.081,0.005
241,15424,orientation_cued_D0,0.05763,0.9844,5.0218,0.081,0.005
242,15488,orientation_cued_D0,0.01397,1.0000,2.0007,0.077,0.006
243,15552,orientation_cued_D0,0.05836,0.9844,6.2458,0.079,0.005
244,15616,orientation_cued_D0,0.03649,0.9844,7.9163,0.078,0.006
245,15680,orientation_cued_D0,0.04132,0.9688,8.2981,0.077,0.005
246,15744,orientation_cued_D0,0.01204,1.0000,1.1326,0.072,0.004
247,15808,orientation_cued_D0,0.03549,1.0000,6.1750,0.078,0.004
248,15872,orientation_cued_D0,0.00884,1.0000,0.6777,0.077,0.005
249,15936,orientation_cued_D0,0.09809,0.9844,7.9497,0.078,0.004
250,16000,orientation_cued_D0,0.08226,0.9688,15.9326,0.078,0.004
251,16064,orientation_cued_D0,0.06062,0.9844,11.9328,0.062,0.005
252,16128,orientation_cued_D0,0.02059,1.0000,3.6634,0.089,0.008
253,16192,orientation_cued_D0,0.03964,0.9844,11.3045,0.079,0.004
254,16256,orientation_cued_D0,0.02695,1.0000,4.0987,0.081,0.005
255,16320,orientation_cued_D0,0.04249,0.9844,9.9837,0.084,0.005
256,16384,orientation_cued_D0,0.06984,0.9688,9.6703,0.080,0.006
257,16448,orientation_cued_D0,0.11263,0.9531,14.9944,0.078,0.006
258,16512,orientation_cued_D0,0.13187,0.9531,12.0431,0.078,0.004
259,16576,orientation_cued_D0,0.09719,0.9531,13.2663,0.076,0.004
260,16640,orientation_cued_D0,0.01080,1.0000,0.9594,0.077,0.005
261,16704,orientation_cued_D0,0.03796,0.9844,5.8983,0.074,0.005
262,16768,orientation_cued_D0,0.11524,0.9688,9.7490,0.098,0.008
263,16832,orientation_cued_D0,0.02706,1.0000,4.3736,0.083,0.004
264,16896,orientation_cued_D0,0.01504,1.0000,2.4664,0.089,0.008
265,16960,orientation_cued_D0,0.07450,0.9688,7.0313,0.076,0.006
266,17024,orientation_cued_D0,0.08736,0.9688,11.5276,0.091,0.007
267,17088,orientation_cued_D0,0.08202,0.9531,13.8263,0.079,0.005
268,17152,orientation_cued_D0,0.02563,0.9844,7.3372,0.077,0.005
269,17216,orientation_cued_D0,0.02108,0.9844,4.9618,0.079,0.005
270,17280,orientation_cued_D0,0.11251,0.9688,14.2361,0.073,0.005
271,17344,orientation_cued_D0,0.03022,0.9844,7.5977,0.082,0.006
272,17408,orientation_cued_D0,0.05903,0.9688,14.6210,0.080,0.005
273,17472,orientation_cued_D0,0.02189,1.0000,4.8255,0.088,0.005
274,17536,orientation_cued_D0,0.00996,1.0000,1.0998,0.096,0.011
275,17600,orientation_cued_D0,0.01364,1.0000,4.7288,0.072,0.005
276,17664,orientation_cued_D0,0.02901,0.9844,6.5287,0.069,0.005
277,17728,orientation_cued_D0,0.04734,0.9844,8.6066,0.074,0.006
278,17792,orientation_cued_D0,0.05812,0.9844,7.4992,0.081,0.005
279,17856,orientation_cued_D0,0.13552,0.9375,14.1969,0.084,0.007
280,17920,orientation_cued_D0,0.00894,1.0000,1.3720,0.077,0.006
281,17984,orientation_cued_D0,0.03906,0.9844,6.7315,0.076,0.005
282,18048,orientation_cued_D0,0.03527,0.9688,8.1503,0.068,0.004
283,18112,orientation_cued_D0,0.01161,1.0000,2.1386,0.080,0.006
284,18176,orientation_cued_D0,0.01720,1.0000,4.1694,0.081,0.005
285,18240,orientation_cued_D0,0.02006,1.0000,4.3846,0.090,0.006
286,18304,orientation_cued_D0,0.02024,0.9844,8.8872,0.080,0.004
287,18368,orientation_cued_D0,0.04595,0.9688,13.3658,0.068,0.004
288,18432,orientation_cued_D0,0.03041,0.9844,10.0747,0.078,0.005
289,18496,orientation_cued_D0,0.03997,0.9844,7.8429,0.081,0.006
290,18560,orientation_cued_D0,0.12587,0.9531,10.4478,0.102,0.007
291,18624,orientation_cued_D0,0.03192,1.0000,8.2738,0.086,0.006
292,18688,orientation_cued_D0,0.03045,0.9844,7.2790,0.088,0.005
293,18752,orientation_cued_D0,0.07893,0.9688,9.3615,0.083,0.004
294,18816,orientation_cued_D0,0.02258,1.0000,7.0701,0.081,0.006
295,18880,orientation_cued_D0,0.05217,0.9844,11.7752,0.075,0.005
296,18944,orientation_cued_D0,0.02722,1.0000,4.8726,0.075,0.005
297,19008,orientation_cued_D0,0.07826,0.9844,6.0704,0.084,0.006
298,19072,orientation_cued_D0,0.01557,1.0000,3.5520,0.079,0.008
299,19136,orientation_cued_D0,0.13531,0.9531,22.5176,0.086,0.005
300,19200,orientation_cued_D0,0.02342,0.9844,8.6901,0.102,0.009
301,19264,orientation_cued_D0,0.01599,1.0000,4.7377,0.081,0.008
302,19328,orientation_cued_D0,0.02435,0.9844,5.8388,0.095,0.008
303,19392,orientation_cued_D0,0.00760,1.0000,1.6297,0.086,0.007
304,19456,orientation_cued_D0,0.03526,0.9844,10.6329,0.076,0.004
305,19520,orientation_cued_D0,0.01811,1.0000,4.7406,0.077,0.004
306,19584,orientation_cued_D0,0.07707,0.9688,14.3815,0.077,0.004
307,19648,orientation_cued_D0,0.03824,0.9844,11.9472,0.079,0.005
308,19712,orientation_cued_D0,0.08755,0.9531,12.9106,0.082,0.004
309,19776,orientation_cued_D0,0.04681,0.9844,8.2796,0.060,0.004
310,19840,orientation_cued_D0,0.01758,1.0000,3.8698,0.081,0.007
311,19904,orientation_cued_D0,0.01145,1.0000,1.8890,0.080,0.005
312,19968,orientation_cued_D0,0.02990,0.9844,6.4500,0.082,0.005
313,20032,orientation_cued_D0,0.01982,1.0000,3.3213,0.087,0.006
314,20096,orientation_cued_D0,0.04093,1.0000,5.6681,0.079,0.005
315,20160,orientation_cued_D0,0.14539,0.9531,16.1932,0.081,0.005
316,20224,orientation_cued_D0,0.05546,0.9844,6.2137,0.081,0.005
317,20288,orientation_cued_D0,0.00903,1.0000,1.8057,0.077,0.005
318,20352,orientation_cued_D0,0.08532,0.9688,15.7433,0.080,0.004
319,20416,orientation_cued_D0,0.03266,0.9844,8.7610,0.056,0.004
320,20480,orientation_cued_D0,0.05021,0.9844,13.7153,0.084,0.007
321,20544,orientation_cued_D0,0.02628,0.9844,8.0519,0.095,0.009
322,20608,orientation_cued_D0,0.02451,1.0000,8.1222,0.079,0.005
323,20672,orientation_cued_D0,0.06169,0.9844,10.4981,0.086,0.005
324,20736,orientation_cued_D0,0.04643,0.9844,11.2270,0.085,0.006
325,20800,orientation_cued_D0,0.06217,0.9688,9.8777,0.079,0.005
326,20864,orientation_cued_D0,0.03206,1.0000,6.1237,0.078,0.005
327,20928,orientation_cued_D0,0.01893,1.0000,3.5180,0.080,0.004
328,20992,orientation_cued_D0,0.02680,0.9844,6.3051,0.070,0.005
329,21056,orientation_cued_D0,0.14266,0.9375,24.8399,0.070,0.005
330,21120,orientation_cued_D0,0.03985,0.9844,11.6619,0.081,0.005
331,21184,orientation_cued_D0,0.01945,1.0000,6.1067,0.081,0.005
332,21248,orientation_cued_D0,0.01042,1.0000,3.0675,0.092,0.007
333,21312,orientation_cued_D0,0.03796,0.9844,12.0049,0.085,0.007
334,21376,orientation_cued_D0,0.07495,0.9688,15.4334,0.068,0.009
335,21440,orientation_cued_D0,0.04387,0.9844,10.4561,0.085,0.006
336,21504,orientation_cued_D0,0.02236,1.0000,5.9204,0.083,0.005
337,21568,orientation_cued_D0,0.06771,0.9844,14.7714,0.090,0.010
338,21632,orientation_cued_D0,0.02190,1.0000,5.9530,0.077,0.005
339,21696,orientation_cued_D0,0.00821,1.0000,2.5659,0.073,0.004
340,21760,orientation_cued_D0,0.02088,0.9844,7.4729,0.074,0.007
341,21824,orientation_cued_D0,0.04908,0.9688,14.4155,0.078,0.005
342,21888,orientation_cued_D0,0.04671,0.9688,8.1273,0.081,0.005
343,21952,orientation_cued_D0,0.11328,0.9688,9.2357,0.080,0.011
344,22016,orientation_cued_D0,0.08400,0.9844,9.5699,0.077,0.004
345,22080,orientation_cued_D0,0.03237,0.9844,7.3182,0.069,0.004
346,22144,orientation_cued_D0,0.07966,0.9844,5.6433,0.082,0.007
347,22208,orientation_cued_D0,0.00897,1.0000,2.2006,0.081,0.005
348,22272,orientation_cued_D0,0.02262,0.9844,9.3577,0.100,0.009
349,22336,orientation_cued_D0,0.02052,0.9844,7.0035,0.092,0.008
350,22400,orientation_cued_D0,0.01424,1.0000,3.6882,0.090,0.008
351,22464,orientation_cued_D0,0.01344,1.0000,6.6061,0.091,0.007
352,22528,orientation_cued_D0,0.03577,0.9844,9.1897,0.078,0.009
353,22592,orientation_cued_D0,0.02804,0.9844,7.9797,0.088,0.009
354,22656,orientation_cued_D0,0.00381,1.0000,0.2932,0.085,0.007
355,22720,orientation_cued_D0,0.01181,1.0000,2.3249,0.080,0.012
356,22784,orientation_cued_D0,0.04582,0.9688,11.2612,0.092,0.008
357,22848,orientation_cued_D0,0.04796,0.9844,9.2849,0.093,0.005
358,22912,orientation_cued_D0,0.05278,0.9844,9.9150,0.086,0.008
359,22976,orientation_cued_D0,0.00650,1.0000,1.5205,0.078,0.004
360,23040,orientation_cued_D0,0.00712,1.0000,1.0446,0.077,0.004
361,23104,orientation_cued_D0,0.04036,0.9844,11.6370,0.077,0.004
362,23168,orientation_cued_D0,0.08285,0.9844,6.6221,0.078,0.004
363,23232,orientation_cued_D0,0.08354,0.9531,13.0998,0.077,0.004
364,23296,orientation_cued_D0,0.05105,0.9844,8.6296,0.077,0.004
365,23360,orientation_cued_D0,0.02166,0.9844,7.8611,0.076,0.004
366,23424,orientation_cued_D0,0.03494,0.9844,10.5305,0.063,0.004
367,23488,orientation_cued_D0,0.03477,0.9844,7.4155,0.084,0.007
368,23552,orientation_cued_D0,0.00613,1.0000,1.2770,0.079,0.005
369,23616,orientation_cued_D0,0.04340,0.9688,12.2683,0.079,0.005
370,23680,orientation_cued_D0,0.01523,1.0000,5.5934,0.086,0.007
371,23744,orientation_cued_D0,0.03021,0.9844,10.1101,0.066,0.005
372,23808,orientation_cued_D0,0.09636,0.9688,12.0843,0.079,0.005
373,23872,orientation_cued_D0,0.00273,1.0000,0.2177,0.078,0.005
374,23936,orientation_cued_D0,0.04307,0.9688,12.5805,0.078,0.004
375,24000,orientation_cued_D0,0.01623,1.0000,5.4303,0.078,0.004
376,24064,orientation_cued_D0,0.16589,0.9531,18.5428,0.064,0.004
377,24128,orientation_cued_D0,0.00648,1.0000,0.6381,0.066,0.005
378,24192,orientation_cued_D0,0.01533,1.0000,4.1476,0.083,0.005
379,24256,orientation_cued_D0,0.07148,0.9688,11.5577,0.080,0.006
380,24320,orientation_cued_D0,0.02901,0.9844,9.7353,0.083,0.005
381,24384,orientation_cued_D0,0.11731,0.9688,8.7633,0.080,0.007
382,24448,orientation_cued_D0,0.00420,1.0000,0.5519,0.077,0.006
383,24512,orientation_cued_D0,0.01502,1.0000,4.8634,0.077,0.004
384,24576,orientation_cued_D0,0.00880,1.0000,4.2653,0.078,0.004
385,24640,orientation_cued_D0,0.00394,1.0000,0.3235,0.077,0.005
386,24704,orientation_cued_D0,0.00512,1.0000,0.5313,0.077,0.004
387,24768,orientation_cued_D0,0.00895,1.0000,1.1386,0.067,0.004
388,24832,orientation_cued_D0,0.01823,1.0000,5.1136,0.079,0.005
389,24896,orientation_cued_D0,0.01504,1.0000,6.3535,0.080,0.004
390,24960,orientation_cued_D0,0.03231,0.9844,6.6175,0.091,0.006
391,25024,orientation_cued_D0,0.08357,0.9688,12.1764,0.089,0.010
392,25088,orientation_cued_D0,0.01025,1.0000,2.7723,0.070,0.004
393,25152,orientation_cued_D0,0.00513,1.0000,0.5462,0.082,0.005
394,25216,orientation_cued_D0,0.04078,0.9844,8.9898,0.083,0.006
395,25280,orientation_cued_D0,0.00357,1.0000,0.2307,0.085,0.006
396,25344,orientation_cued_D0,0.03078,0.9844,8.8456,0.081,0.006
397,25408,orientation_cued_D0,0.03880,0.9844,9.1745,0.078,0.009
398,25472,orientation_cued_D0,0.00738,1.0000,1.0312,0.069,0.005
399,25536,orientation_cued_D0,0.00603,1.0000,0.8475,0.081,0.005
400,25600,orientation_cued_D0,0.08155,0.9688,8.3058,0.080,0.006
401,25664,orientation_cued_D0,0.00577,1.0000,1.2740,0.074,0.004
402,25728,orientation_cued_D0,0.02542,0.9844,6.4429,0.079,0.007
403,25792,orientation_cued_D0,0.00374,1.0000,0.2831,0.067,0.005
404,25856,orientation_cued_D0,0.04905,0.9844,8.8344,0.074,0.005
405,25920,orientation_cued_D0,0.00708,1.0000,0.8960,0.071,0.007
406,25984,orientation_cued_D0,0.03429,0.9688,11.3135,0.084,0.006
407,26048,orientation_cued_D0,0.01246,1.0000,4.1744,0.087,0.006
408,26112,orientation_cued_D0,0.02615,0.9844,9.3984,0.079,0.007
409,26176,orientation_cued_D0,0.08234,0.9688,12.9770,0.078,0.006
410,26240,orientation_cued_D0,0.04457,0.9688,6.5856,0.072,0.004
411,26304,orientation_cued_D0,0.01244,1.0000,3.1070,0.077,0.007
412,26368,orientation_cued_D0,0.00892,1.0000,2.2271,0.077,0.004
413,26432,orientation_cued_D0,0.11394,0.9688,10.9890,0.077,0.004
414,26496,orientation_cued_D0,0.00817,1.0000,3.1249,0.077,0.006
415,26560,orientation_cued_D0,0.05206,0.9844,12.2953,0.060,0.004
416,26624,orientation_cued_D0,0.01097,1.0000,3.2577,0.077,0.006
417,26688,orientation_cued_D0,0.04799,0.9844,12.4823,0.082,0.008
418,26752,orientation_cued_D0,0.01174,1.0000,3.8253,0.082,0.004
419,26816,orientation_cued_D0,0.08470,0.9844,5.4601,0.084,0.006
420,26880,orientation_cued_D0,0.02297,0.9844,6.6099,0.075,0.008
421,26944,orientation_cued_D0,0.05519,0.9844,14.9720,0.077,0.005
422,27008,orientation_cued_D0,0.00698,1.0000,1.2018,0.077,0.005
423,27072,orientation_cued_D0,0.00547,1.0000,0.5731,0.080,0.006
424,27136,orientation_cued_D0,0.00787,1.0000,2.6253,0.077,0.004
425,27200,orientation_cued_D0,0.00412,1.0000,0.4010,0.058,0.004
426,27264,orientation_cued_D0,0.00452,1.0000,1.2173,0.082,0.010
427,27328,orientation_cued_D0,0.01832,0.9844,4.4494,0.078,0.005
428,27392,orientation_cued_D0,0.05785,0.9844,14.0018,0.081,0.005
429,27456,orientation_cued_D0,0.00825,1.0000,2.4996,0.088,0.009
430,27520,orientation_cued_D0,0.00465,1.0000,0.8671,0.071,0.005
431,27584,orientation_cued_D0,0.00524,1.0000,1.1681,0.077,0.005
432,27648,orientation_cued_D0,0.00455,1.0000,0.4174,0.078,0.007
433,27712,orientation_cued_D0,0.01470,1.0000,4.5540,0.077,0.004
434,27776,orientation_cued_D0,0.00352,1.0000,0.6855,0.077,0.004
435,27840,orientation_cued_D0,0.00579,1.0000,0.8060,0.067,0.007
436,27904,orientation_cued_D0,0.00509,1.0000,0.8159,0.079,0.004
437,27968,orientation_cued_D0,0.00592,1.0000,1.2344,0.079,0.004
438,28032,orientation_cued_D0,0.09292,0.9531,14.5471,0.088,0.008
439,28096,orientation_cued_D0,0.01390,1.0000,5.5988,0.077,0.006
440,28160,orientation_cued_D0,0.01601,1.0000,7.2673,0.075,0.005
441,28224,orientation_cued_D0,0.02149,0.9844,5.5984,0.081,0.007
442,28288,orientation_cued_D0,0.07616,0.9688,9.5473,0.081,0.005
443,28352,orientation_cued_D0,0.05684,0.9844,10.0049,0.074,0.005
444,28416,orientation_cued_D0,0.01939,0.9844,8.0683,0.081,0.011
445,28480,orientation_cued_D0,0.01065,1.0000,5.3595,0.077,0.005
446,28544,orientation_cued_D0,0.01534,1.0000,5.9213,0.066,0.004
447,28608,orientation_cued_D0,0.01039,1.0000,3.8778,0.086,0.007
448,28672,orientation_cued_D0,0.00334,1.0000,0.7788,0.085,0.006
449,28736,orientation_cued_D0,0.00308,1.0000,0.3759,0.081,0.005
450,28800,orientation_cued_D0,0.03690,0.9844,6.7156,0.078,0.006
451,28864,orientation_cued_D0,0.01737,0.9844,10.0532,0.077,0.005
452,28928,orientation_cued_D0,0.00284,1.0000,0.3171,0.081,0.004
453,28992,orientation_cued_D0,0.01653,0.9844,7.1144,0.090,0.006
454,29056,orientation_cued_D0,0.01090,1.0000,4.6101,0.084,0.005
455,29120,orientation_cued_D0,0.01223,1.0000,3.9433,0.091,0.007
456,29184,orientation_cued_D0,0.00214,1.0000,0.1525,0.082,0.005
457,29248,orientation_cued_D0,0.05566,0.9844,7.7712,0.075,0.005
458,29312,orientation_cued_D0,0.02208,0.9844,8.8912,0.082,0.006
459,29376,orientation_cued_D0,0.00293,1.0000,0.4656,0.075,0.005
460,29440,orientation_cued_D0,0.00526,1.0000,0.9950,0.075,0.005
461,29504,orientation_cued_D0,0.05206,0.9688,16.2395,0.074,0.006
462,29568,orientation_cued_D0,0.04416,0.9688,11.0804,0.082,0.007
463,29632,orientation_cued_D0,0.01818,0.9844,11.0145,0.083,0.008
464,29696,orientation_cued_D0,0.00825,1.0000,2.3321,0.109,0.011
465,29760,orientation_cued_D0,0.02097,0.9844,7.4675,0.084,0.004
466,29824,orientation_cued_D0,0.01584,0.9844,8.5965,0.088,0.011
467,29888,orientation_cued_D0,0.01508,0.9844,3.9620,0.077,0.006
468,29952,orientation_cued_D0,0.00746,1.0000,1.3912,0.077,0.004
469,30016,orientation_cued_D0,0.02377,0.9844,10.1016,0.071,0.005
470,30080,orientation_cued_D0,0.02739,0.9844,9.9719,0.075,0.005
471,30144,orientation_cued_D0,0.00284,1.0000,0.4812,0.078,0.004
472,30208,orientation_cued_D0,0.02057,0.9844,7.5381,0.079,0.006
473,30272,orientation_cued_D0,0.02638,0.9844,6.2011,0.081,0.006
474,30336,orientation_cued_D0,0.00262,1.0000,0.3254,0.067,0.004
475,30400,orientation_cued_D0,0.01606,1.0000,5.0319,0.068,0.004
476,30464,orientation_cued_D0,0.00638,1.0000,3.0801,0.080,0.005
477,30528,orientation_cued_D0,0.02609,0.9688,12.1100,0.079,0.004
478,30592,orientation_cued_D0,0.00353,1.0000,0.5856,0.086,0.006
479,30656,orientation_cued_D0,0.00484,1.0000,1.2711,0.079,0.007
480,30720,orientation_cued_D0,0.01506,0.9844,5.7537,0.078,0.005
481,30784,orientation_cued_D0,0.01097,1.0000,2.2717,0.079,0.004
482,30848,orientation_cued_D0,0.00349,1.0000,0.5116,0.078,0.004
483,30912,orientation_cued_D0,0.00815,1.0000,2.7607,0.078,0.005
484,30976,orientation_cued_D0,0.00679,1.0000,1.8141,0.073,0.004
485,31040,orientation_cued_D0,0.09467,0.9844,3.6303,0.062,0.005
486,31104,orientation_cued_D0,0.00344,1.0000,0.4041,0.079,0.005
487,31168,orientation_cued_D0,0.00443,1.0000,1.1840,0.080,0.005
488,31232,orientation_cued_D0,0.10150,0.9844,6.1263,0.085,0.006
489,31296,orientation_cued_D0,0.04952,0.9844,11.1585,0.080,0.005
490,31360,orientation_cued_D0,0.00334,1.0000,0.4994,0.076,0.005
491,31424,orientation_cued_D0,0.00331,1.0000,0.4657,0.077,0.005
492,31488,orientation_cued_D0,0.00586,1.0000,1.4643,0.077,0.004
493,31552,orientation_cued_D0,0.04309,0.9844,13.0922,0.077,0.005
494,31616,orientation_cued_D0,0.02466,0.9844,6.1700,0.077,0.004
495,31680,orientation_cued_D0,0.00458,1.0000,0.8023,0.074,0.004
496,31744,orientation_cued_D0,0.00559,1.0000,1.1199,0.092,0.007
497,31808,orientation_cued_D0,0.00489,1.0000,1.0445,0.074,0.007
498,31872,orientation_cued_D0,0.00375,1.0000,0.7936,0.083,0.006
499,31936,orientation_cued_D0,0.02662,0.9844,8.8836,0.082,0.006
500,32000,orientation_cued_D0,0.09000,0.9688,14.4461,0.069,0.004
501,32064,orientation_cued_D0,0.00912,1.0000,1.8664,0.098,0.009
502,32128,orientation_cued_D0,0.00411,1.0000,0.8533,0.095,0.008
503,32192,orientation_cued_D0,0.07051,0.9844,9.8598,0.087,0.010
504,32256,orientation_cued_D0,0.00287,1.0000,0.5515,0.077,0.004
505,32320,orientation_cued_D0,0.00958,1.0000,3.2521,0.070,0.005
506,32384,orientation_cued_D0,0.03036,0.9844,8.9259,0.083,0.006
507,32448,orientation_cued_D0,0.01406,1.0000,6.5630,0.076,0.005
508,32512,orientation_cued_D0,0.05274,0.9688,15.3904,0.102,0.008
509,32576,orientation_cued_D0,0.02433,0.9844,6.2359,0.078,0.006
510,32640,orientation_cued_D0,0.00556,1.0000,1.5804,0.077,0.004
511,32704,orientation_cued_D0,0.00483,1.0000,1.7739,0.066,0.004
512,32768,orientation_cued_D0,0.00666,1.0000,2.9260,0.074,0.005
513,32832,orientation_cued_D0,0.00588,1.0000,1.9934,0.083,0.007
514,32896,orientation_cued_D0,0.01700,1.0000,7.9609,0.072,0.006
515,32960,orientation_cued_D0,0.01165,1.0000,6.5199,0.076,0.006
516,33024,orientation_cued_D0,0.08612,0.9688,18.8983,0.088,0.005
517,33088,orientation_cued_D0,0.00791,1.0000,2.3668,0.084,0.007
518,33152,orientation_cued_D0,0.01068,1.0000,2.5262,0.079,0.009
519,33216,orientation_cued_D0,0.00561,1.0000,2.2756,0.069,0.005
520,33280,orientation_cued_D0,0.01086,1.0000,4.7891,0.078,0.005
521,33344,orientation_cued_D0,0.03573,1.0000,11.6645,0.092,0.008
522,33408,orientation_cued_D0,0.01465,1.0000,4.9445,0.095,0.009
523,33472,orientation_cued_D0,0.00410,1.0000,1.1026,0.090,0.011
524,33536,orientation_cued_D0,0.02415,0.9844,8.0676,0.074,0.005
525,33600,orientation_cued_D0,0.02271,0.9844,9.1532,0.078,0.006
526,33664,orientation_cued_D0,0.00237,1.0000,0.9675,0.082,0.005
527,33728,orientation_cued_D0,0.00282,1.0000,0.7576,0.077,0.005
528,33792,orientation_cued_D0,0.00396,1.0000,1.6391,0.077,0.005
529,33856,orientation_cued_D0,0.00283,1.0000,0.9482,0.073,0.004
530,33920,orientation_cued_D0,0.00414,1.0000,0.9825,0.079,0.004
531,33984,orientation_cued_D0,0.01026,1.0000,4.1126,0.077,0.004
532,34048,orientation_cued_D0,0.00592,1.0000,3.3287,0.077,0.004
533,34112,orientation_cued_D0,0.01163,1.0000,5.2978,0.077,0.004
534,34176,orientation_cued_D0,0.00286,1.0000,0.3744,0.051,0.004
535,34240,orientation_cued_D0,0.01462,1.0000,7.2341,0.080,0.007
536,34304,orientation_cued_D0,0.00406,1.0000,0.6233,0.084,0.006
537,34368,orientation_cued_D0,0.00685,1.0000,1.4078,0.083,0.005
538,34432,orientation_cued_D0,0.04249,0.9688,11.6862,0.088,0.006
539,34496,orientation_cued_D0,0.00773,1.0000,5.0734,0.079,0.006
540,34560,orientation_cued_D0,0.00149,1.0000,0.2349,0.081,0.006
541,34624,orientation_cued_D0,0.01530,1.0000,8.1152,0.077,0.005
542,34688,orientation_cued_D0,0.05924,0.9844,12.0789,0.077,0.004
543,34752,orientation_cued_D0,0.00193,1.0000,0.3358,0.079,0.004
544,34816,orientation_cued_D0,0.00566,1.0000,2.7736,0.066,0.005
545,34880,orientation_cued_D0,0.00161,1.0000,0.2065,0.079,0.005
546,34944,orientation_cued_D0,0.00251,1.0000,0.5453,0.079,0.005
547,35008,orientation_cued_D0,0.00130,1.0000,0.1497,0.084,0.005
548,35072,orientation_cued_D0,0.11220,0.9844,6.8291,0.086,0.008
549,35136,orientation_cued_D0,0.03420,0.9688,16.9888,0.078,0.006
550,35200,orientation_cued_D0,0.01523,1.0000,8.5768,0.079,0.005
551,35264,orientation_cued_D0,0.01576,1.0000,8.0395,0.077,0.004
552,35328,orientation_cued_D0,0.02130,0.9844,8.1291,0.077,0.004
553,35392,orientation_cued_D0,0.00166,1.0000,0.1278,0.073,0.004
554,35456,orientation_cued_D0,0.00846,1.0000,2.6190,0.066,0.005
555,35520,orientation_cued_D0,0.06344,0.9688,21.0162,0.078,0.005
556,35584,orientation_cued_D0,0.00256,1.0000,0.4813,0.079,0.005
557,35648,orientation_cued_D0,0.01542,0.9844,9.2072,0.086,0.006
558,35712,orientation_cued_D0,0.00226,1.0000,0.5902,0.079,0.007
559,35776,orientation_cued_D0,0.03357,0.9844,14.2753,0.073,0.005
560,35840,orientation_cued_D0,0.00358,1.0000,1.2052,0.073,0.004
561,35904,orientation_cued_D0,0.05039,0.9844,11.9431,0.082,0.006
562,35968,orientation_cued_D0,0.00220,1.0000,0.4573,0.080,0.005
563,36032,orientation_cued_D0,0.00421,1.0000,1.5802,0.098,0.012
564,36096,orientation_cued_D0,0.00289,1.0000,2.0056,0.083,0.007
565,36160,orientation_cued_D0,0.00893,1.0000,3.7675,0.065,0.004
566,36224,orientation_cued_D0,0.00398,1.0000,2.5507,0.085,0.006
567,36288,orientation_cued_D0,0.00852,1.0000,3.7807,0.089,0.007
568,36352,orientation_cued_D0,0.05920,0.9688,12.1496,0.086,0.007
569,36416,orientation_cued_D0,0.00563,1.0000,1.1743,0.085,0.007
570,36480,orientation_cued_D0,0.04977,0.9844,13.0067,0.067,0.006
571,36544,orientation_cued_D0,0.00319,1.0000,0.9496,0.083,0.004
572,36608,orientation_cued_D0,0.00526,1.0000,0.9946,0.076,0.005
573,36672,orientation_cued_D0,0.01779,0.9844,9.1142,0.074,0.007
574,36736,orientation_cued_D0,0.00624,1.0000,1.2078,0.076,0.007
575,36800,orientation_cued_D0,0.05534,0.9844,5.2249,0.080,0.006
576,36864,orientation_cued_D0,0.03041,0.9844,8.8952,0.072,0.006
577,36928,orientation_cued_D0,0.00906,1.0000,4.2759,0.082,0.006
578,36992,orientation_cued_D0,0.02454,0.9844,11.2991,0.077,0.006
579,37056,orientation_cued_D0,0.00505,1.0000,2.9913,0.074,0.006
580,37120,orientation_cued_D0,0.00335,1.0000,1.2097,0.076,0.005
581,37184,orientation_cued_D0,0.02403,0.9844,11.5622,0.071,0.006
582,37248,orientation_cued_D0,0.00390,1.0000,1.9240,0.074,0.005
583,37312,orientation_cued_D0,0.01968,0.9844,11.9517,0.069,0.006
584,37376,orientation_cued_D0,0.02100,0.9844,8.9067,0.083,0.005
585,37440,orientation_cued_D0,0.00721,1.0000,4.4746,0.087,0.006
586,37504,orientation_cued_D0,0.00551,1.0000,2.1424,0.086,0.006
587,37568,orientation_cued_D0,0.03178,0.9844,8.4642,0.086,0.006
588,37632,orientation_cued_D0,0.04940,0.9844,12.4304,0.082,0.008
589,37696,orientation_cued_D0,0.01221,1.0000,4.0568,0.078,0.005
590,37760,orientation_cued_D0,0.00329,1.0000,1.0580,0.077,0.004
591,37824,orientation_cued_D0,0.00999,1.0000,4.7828,0.079,0.005
592,37888,orientation_cued_D0,0.01365,1.0000,4.8703,0.079,0.004
593,37952,orientation_cued_D0,0.01875,0.9844,8.5487,0.077,0.005
594,38016,orientation_cued_D0,0.05934,0.9844,10.7085,0.074,0.004
595,38080,orientation_cued_D0,0.00591,1.0000,2.6964,0.085,0.004
596,38144,orientation_cued_D0,0.00651,1.0000,1.8935,0.084,0.008
597,38208,orientation_cued_D0,0.00542,1.0000,1.3695,0.088,0.005
598,38272,orientation_cued_D0,0.00437,1.0000,1.8451,0.099,0.008
599,38336,orientation_cued_D0,0.02277,0.9844,8.3097,0.076,0.004
600,38400,orientation_cued_D0,0.14425,0.9688,15.4226,0.079,0.004
601,38464,orientation_cued_D0,0.02311,0.9844,9.4384,0.066,0.004
602,38528,orientation_cued_D0,0.02985,0.9844,13.0674,0.079,0.005
603,38592,orientation_cued_D0,0.04556,0.9844,10.9879,0.079,0.005
604,38656,orientation_cued_D0,0.00628,1.0000,1.9353,0.085,0.005
605,38720,orientation_cued_D0,0.04961,0.9688,19.0781,0.081,0.007
606,38784,orientation_cued_D0,0.04538,0.9844,10.3747,0.077,0.004
607,38848,orientation_cued_D0,0.00849,1.0000,2.5900,0.069,0.004
608,38912,orientation_cued_D0,0.09017,0.9844,6.9271,0.079,0.006
609,38976,orientation_cued_D0,0.04026,0.9844,9.3508,0.081,0.005
610,39040,orientation_cued_D0,0.00870,1.0000,2.3068,0.086,0.007
611,39104,orientation_cued_D0,0.01003,1.0000,2.8921,0.078,0.005
612,39168,orientation_cued_D0,0.03768,0.9688,11.5612,0.072,0.004
613,39232,orientation_cued_D0,0.00352,1.0000,0.6302,0.081,0.005
614,39296,orientation_cued_D0,0.04311,0.9844,8.4831,0.079,0.006
615,39360,orientation_cued_D0,0.05232,0.9844,13.7071,0.097,0.005
616,39424,orientation_cued_D0,0.00828,1.0000,4.4550,0.080,0.005
617,39488,orientation_cued_D0,0.00694,1.0000,1.6163,0.081,0.008
618,39552,orientation_cued_D0,0.10567,0.9688,14.1003,0.070,0.004
619,39616,orientation_cued_D0,0.08312,0.9531,13.5044,0.076,0.005
620,39680,orientation_cued_D0,0.03360,0.9844,12.2358,0.086,0.010
621,39744,orientation_cued_D0,0.03975,0.9844,11.4368,0.078,0.006
622,39808,orientation_cued_D0,0.03285,0.9844,7.8108,0.082,0.005
623,39872,orientation_cued_D0,0.00243,1.0000,0.6328,0.076,0.005
624,39936,orientation_cued_D0,0.08268,0.9531,19.3962,0.079,0.005
625,40000,orientation_cued_D0,0.00583,1.0000,2.2690,0.081,0.005
626,40064,orientation_cued_D0,0.00206,1.0000,0.2447,0.078,0.007
627,40128,orientation_cued_D0,0.10907,0.9688,11.5830,0.086,0.007
628,40192,orientation_cued_D0,0.03443,0.9844,9.9058,0.080,0.004
629,40256,orientation_cued_D0,0.03205,1.0000,11.5613,0.051,0.005
630,40320,orientation_cued_D0,0.02724,0.9844,9.0037,0.053,0.005
631,40384,orientation_cued_D0,0.00299,1.0000,0.4005,0.071,0.007
632,40448,orientation_cued_D0,0.00712,1.0000,2.5694,0.054,0.005
633,40512,orientation_cued_D0,0.00507,1.0000,1.0158,0.054,0.006
634,40576,orientation_cued_D0,0.02113,0.9844,8.2895,0.075,0.007
635,40640,orientation_cued_D0,0.00185,1.0000,0.2971,0.054,0.005
636,40704,orientation_cued_D0,0.01854,0.9844,7.6746,0.057,0.005
637,40768,orientation_cued_D0,0.01043,1.0000,3.3198,0.073,0.007
638,40832,orientation_cued_D0,0.00437,1.0000,0.8472,0.055,0.005
639,40896,orientation_cued_D0,0.00992,1.0000,4.8142,0.056,0.005
640,40960,orientation_cued_D0,0.00258,1.0000,0.3592,0.069,0.007
641,41024,orientation_cued_D0,0.00687,1.0000,4.5240,0.057,0.005
642,41088,orientation_cued_D0,0.00276,1.0000,0.5976,0.058,0.005
643,41152,orientation_cued_D0,0.00217,1.0000,0.8720,0.078,0.008
644,41216,orientation_cued_D0,0.00240,1.0000,0.5424,0.075,0.007
645,41280,orientation_cued_D0,0.00201,1.0000,0.2096,0.055,0.007
646,41344,orientation_cued_D0,0.02316,0.9844,7.2387,0.061,0.008
647,41408,orientation_cued_D0,0.00717,1.0000,2.2023,0.075,0.006
648,41472,orientation_cued_D0,0.00564,1.0000,1.9851,0.069,0.005
649,41536,orientation_cued_D0,0.00913,1.0000,5.9330,0.061,0.008
650,41600,orientation_cued_D0,0.00240,1.0000,0.3914,0.061,0.005
651,41664,orientation_cued_D0,0.00363,1.0000,1.0873,0.073,0.005
652,41728,orientation_cued_D0,0.00383,1.0000,1.7267,0.067,0.005
653,41792,orientation_cued_D0,0.00291,1.0000,1.4572,0.055,0.005
654,41856,orientation_cued_D0,0.04359,0.9844,10.9499,0.056,0.005
655,41920,orientation_cued_D0,0.00350,1.0000,0.6756,0.064,0.007
656,41984,orientation_cued_D0,0.03608,0.9844,12.2130,0.079,0.005
657,42048,orientation_cued_D0,0.00962,1.0000,5.0651,0.052,0.006
658,42112,orientation_cued_D0,0.04154,0.9688,12.2269,0.057,0.007
659,42176,orientation_cued_D0,0.09082,0.9844,5.2560,0.056,0.005
660,42240,orientation_cued_D0,0.00127,1.0000,0.0702,0.063,0.004
661,42304,orientation_cued_D0,0.00124,1.0000,0.0801,0.074,0.009
662,42368,orientation_cued_D0,0.02414,0.9844,11.4738,0.081,0.005
663,42432,orientation_cued_D0,0.03097,0.9844,9.7518,0.060,0.004
664,42496,orientation_cued_D0,0.02021,0.9844,7.8425,0.059,0.007
665,42560,orientation_cued_D0,0.03108,0.9844,11.1052,0.071,0.007
666,42624,orientation_cued_D0,0.05967,0.9844,8.8977,0.070,0.006
667,42688,orientation_cued_D0,0.09469,0.9688,21.9478,0.079,0.006
668,42752,orientation_cued_D0,0.00248,1.0000,0.3080,0.075,0.005
669,42816,orientation_cued_D0,0.02998,0.9844,9.3834,0.071,0.004
670,42880,orientation_cued_D0,0.00157,1.0000,0.1849,0.066,0.005
671,42944,orientation_cued_D0,0.01958,0.9844,9.2058,0.064,0.005
672,43008,orientation_cued_D0,0.00304,1.0000,0.7515,0.066,0.005
673,43072,orientation_cued_D0,0.06843,0.9688,16.2634,0.073,0.009
674,43136,orientation_cued_D0,0.03126,0.9844,11.6792,0.077,0.006
675,43200,orientation_cued_D0,0.00208,1.0000,0.2521,0.070,0.004
676,43264,orientation_cued_D0,0.04492,0.9844,12.4005,0.053,0.007
677,43328,orientation_cued_D0,0.10406,0.9531,14.8498,0.056,0.006
678,43392,orientation_cued_D0,0.07131,0.9844,8.6898,0.057,0.004
679,43456,orientation_cued_D0,0.00756,1.0000,1.8921,0.071,0.007
680,43520,orientation_cued_D0,0.00298,1.0000,0.4118,0.075,0.005
681,43584,orientation_cued_D0,0.00282,1.0000,0.5585,0.080,0.004
682,43648,orientation_cued_D0,0.04205,0.9844,6.8718,0.080,0.007
683,43712,orientation_cued_D0,0.01130,1.0000,2.9038,0.074,0.007
684,43776,orientation_cued_D0,0.07907,0.9531,22.0771,0.074,0.008
685,43840,orientation_cued_D0,0.01655,0.9844,8.1461,0.075,0.005
686,43904,orientation_cued_D0,0.00861,1.0000,2.0390,0.072,0.007
687,43968,orientation_cued_D0,0.01560,1.0000,4.0859,0.082,0.006
688,44032,orientation_cued_D0,0.02730,1.0000,7.0154,0.083,0.005
689,44096,orientation_cued_D0,0.03688,0.9844,11.3772,0.081,0.006
690,44160,orientation_cued_D0,0.01647,0.9844,6.2147,0.085,0.006
691,44224,orientation_cued_D0,0.00327,1.0000,0.3341,0.078,0.005
692,44288,orientation_cued_D0,0.00541,1.0000,1.7697,0.061,0.005
693,44352,orientation_cued_D0,0.00811,1.0000,2.7813,0.062,0.005
694,44416,orientation_cued_D0,0.01585,0.9844,2.7822,0.059,0.004
695,44480,orientation_cued_D0,0.00330,1.0000,0.5685,0.059,0.005
696,44544,orientation_cued_D0,0.00671,1.0000,2.6665,0.067,0.004
697,44608,orientation_cued_D0,0.00648,1.0000,1.5708,0.074,0.005
698,44672,orientation_cued_D0,0.02224,1.0000,6.9749,0.074,0.005
699,44736,orientation_cued_D0,0.00734,1.0000,2.1184,0.075,0.005
700,44800,orientation_cued_D0,0.00805,1.0000,2.4477,0.079,0.005
701,44864,orientation_cued_D0,0.00463,1.0000,0.9567,0.065,0.005
702,44928,orientation_cued_D0,0.03405,0.9844,10.8928,0.058,0.005
703,44992,orientation_cued_D0,0.01159,1.0000,2.7439,0.058,0.005
704,45056,orientation_cued_D0,0.02820,0.9844,14.2901,0.068,0.005
705,45120,orientation_cued_D0,0.05441,0.9844,9.3790,0.070,0.004
706,45184,orientation_cued_D0,0.00149,1.0000,0.1946,0.098,0.006
707,45248,orientation_cued_D0,0.01416,1.0000,6.0608,0.064,0.006
708,45312,orientation_cued_D0,0.00292,1.0000,0.3485,0.078,0.005
709,45376,orientation_cued_D0,0.00442,1.0000,0.7644,0.082,0.005
710,45440,orientation_cued_D0,0.00103,1.0000,0.0410,0.071,0.005
711,45504,orientation_cued_D0,0.06860,0.9688,16.9487,0.057,0.006
712,45568,orientation_cued_D0,0.00265,1.0000,0.6759,0.060,0.005
713,45632,orientation_cued_D0,0.04537,0.9844,10.6907,0.059,0.005
714,45696,orientation_cued_D0,0.00698,1.0000,2.7491,0.060,0.005
715,45760,orientation_cued_D0,0.05269,0.9844,9.8487,0.072,0.005
716,45824,orientation_cued_D0,0.00167,1.0000,0.2528,0.069,0.006
717,45888,orientation_cued_D0,0.00703,1.0000,2.6361,0.082,0.005
718,45952,orientation_cued_D0,0.00129,1.0000,0.0577,0.084,0.005
719,46016,orientation_cued_D0,0.11270,0.9531,13.4535,0.080,0.005
720,46080,orientation_cued_D0,0.02036,0.9844,4.7791,0.070,0.005
721,46144,orientation_cued_D0,0.00171,1.0000,0.1828,0.096,0.007
722,46208,orientation_cued_D0,0.00385,1.0000,1.2178,0.088,0.004
723,46272,orientation_cued_D0,0.01170,1.0000,4.4993,0.105,0.005
724,46336,orientation_cued_D0,0.00783,1.0000,1.9937,0.088,0.005
725,46400,orientation_cued_D0,0.00276,1.0000,0.5512,0.083,0.005
726,46464,orientation_cued_D0,0.00507,1.0000,2.5506,0.077,0.005
727,46528,orientation_cued_D0,0.00717,1.0000,2.9280,0.084,0.005
728,46592,orientation_cued_D0,0.00400,1.0000,1.1665,0.080,0.005
729,46656,orientation_cued_D0,0.00785,1.0000,2.8124,0.077,0.005
730,46720,orientation_cued_D0,0.01273,1.0000,6.0570,0.080,0.005
731,46784,orientation_cued_D0,0.00551,1.0000,1.8826,0.075,0.004
732,46848,orientation_cued_D0,0.07023,0.9688,14.5735,0.079,0.006
733,46912,orientation_cued_D0,0.00551,1.0000,2.4764,0.088,0.005
734,46976,orientation_cued_D0,0.00250,1.0000,0.5032,0.079,0.005
735,47040,orientation_cued_D0,0.03412,0.9844,9.6033,0.094,0.005
736,47104,orientation_cued_D0,0.00362,1.0000,1.3975,0.100,0.008
737,47168,orientation_cued_D0,0.00591,1.0000,1.5377,0.080,0.005
738,47232,orientation_cued_D0,0.02037,0.9844,6.2164,0.078,0.006
739,47296,orientation_cued_D0,0.00242,1.0000,0.4218,0.076,0.005
740,47360,orientation_cued_D0,0.00143,1.0000,0.2063,0.068,0.004
741,47424,orientation_cued_D0,0.00119,1.0000,0.1087,0.077,0.006
742,47488,orientation_cued_D0,0.00143,1.0000,0.1320,0.083,0.005
743,47552,orientation_cued_D0,0.04851,0.9844,10.3332,0.080,0.005
744,47616,orientation_cued_D0,0.05901,0.9844,13.2978,0.085,0.005
745,47680,orientation_cued_D0,0.00162,1.0000,0.1706,0.089,0.008
746,47744,orientation_cued_D0,0.04350,0.9844,8.7969,0.086,0.006
747,47808,orientation_cued_D0,0.01843,0.9844,7.2823,0.077,0.008
748,47872,orientation_cued_D0,0.00232,1.0000,0.5429,0.076,0.005
749,47936,orientation_cued_D0,0.00175,1.0000,0.2744,0.079,0.005
750,48000,orientation_cued_D0,0.00595,1.0000,2.6337,0.080,0.005
751,48064,orientation_cued_D0,0.00232,1.0000,0.5199,0.087,0.006
752,48128,orientation_cued_D0,0.00378,1.0000,0.8055,0.081,0.007
753,48192,orientation_cued_D0,0.02041,0.9844,8.9912,0.109,0.008
754,48256,orientation_cued_D0,0.00633,1.0000,2.1880,0.075,0.006
755,48320,orientation_cued_D0,0.00118,1.0000,0.0778,0.080,0.005
756,48384,orientation_cued_D0,0.00208,1.0000,0.2600,0.083,0.005
757,48448,orientation_cued_D0,0.00213,1.0000,0.3306,0.079,0.005
758,48512,orientation_cued_D0,0.00768,1.0000,4.1674,0.075,0.006
759,48576,orientation_cued_D0,0.00314,1.0000,0.8086,0.079,0.005
760,48640,orientation_cued_D0,0.00177,1.0000,0.2626,0.066,0.005
761,48704,orientation_cued_D0,0.01184,1.0000,5.5833,0.071,0.006
762,48768,orientation_cued_D0,0.00556,1.0000,1.8181,0.089,0.006
763,48832,orientation_cued_D0,0.00122,1.0000,0.0862,0.095,0.008
764,48896,orientation_cued_D0,0.00551,1.0000,1.5624,0.074,0.007
765,48960,orientation_cued_D0,0.00190,1.0000,0.2596,0.080,0.007
766,49024,orientation_cued_D0,0.02773,0.9844,10.5570,0.065,0.005
767,49088,orientation_cued_D0,0.00181,1.0000,0.5262,0.081,0.005
768,49152,orientation_cued_D0,0.00199,1.0000,0.2476,0.081,0.005
769,49216,orientation_cued_D0,0.01358,0.9844,6.8983,0.090,0.006
770,49280,orientation_cued_D0,0.00500,1.0000,1.9036,0.085,0.010
771,49344,orientation_cued_D0,0.02887,0.9844,8.7553,0.073,0.005
772,49408,orientation_cued_D0,0.09012,0.9844,4.7494,0.071,0.006
773,49472,orientation_cued_D0,0.00106,1.0000,0.0953,0.069,0.006
774,49536,orientation_cued_D0,0.00602,1.0000,2.3964,0.081,0.005
775,49600,orientation_cued_D0,0.00471,1.0000,2.0854,0.078,0.005
776,49664,orientation_cued_D0,0.00155,1.0000,0.1844,0.092,0.009
777,49728,orientation_cued_D0,0.05434,0.9844,8.9787,0.082,0.005
778,49792,orientation_cued_D0,0.00103,1.0000,0.0998,0.096,0.005
779,49856,orientation_cued_D0,0.00552,1.0000,3.5362,0.080,0.009
780,49920,orientation_cued_D0,0.00429,1.0000,1.6861,0.099,0.008
781,49984,orientation_cued_D0,0.00185,1.0000,0.3845,0.098,0.005
782,50048,orientation_cued_D0,0.00321,1.0000,1.1786,0.089,0.007
783,50112,orientation_cued_D0,0.01770,0.9844,12.5882,0.093,0.007
784,50176,orientation_cued_D0,0.00911,1.0000,5.6039,0.082,0.006
785,50240,orientation_cued_D0,0.00233,1.0000,0.5041,0.081,0.004
786,50304,orientation_cued_D0,0.00366,1.0000,1.1281,0.080,0.005
787,50368,orientation_cued_D0,0.03147,0.9844,8.2006,0.076,0.006
788,50432,orientation_cued_D0,0.00120,1.0000,0.1402,0.056,0.005
789,50496,orientation_cued_D0,0.00336,1.0000,1.4257,0.081,0.005
790,50560,orientation_cued_D0,0.01471,1.0000,8.7519,0.088,0.005
791,50624,orientation_cued_D0,0.00617,1.0000,2.7154,0.085,0.005
792,50688,orientation_cued_D0,0.00292,1.0000,0.6359,0.090,0.007
793,50752,orientation_cued_D0,0.00686,1.0000,2.3049,0.074,0.006
794,50816,orientation_cued_D0,0.00514,1.0000,2.2981,0.076,0.005
795,50880,orientation_cued_D0,0.02021,0.9844,10.6490,0.078,0.006
796,50944,orientation_cued_D0,0.00235,1.0000,0.4437,0.076,0.005
797,51008,orientation_cued_D0,0.00412,1.0000,2.2780,0.079,0.005
798,51072,orientation_cued_D0,0.00229,1.0000,0.7699,0.081,0.005
799,51136,orientation_cued_D0,0.00160,1.0000,0.4207,0.080,0.006
800,51200,orientation_cued_D0,0.00125,1.0000,0.1467,0.081,0.006
801,51264,orientation_cued_D0,0.01059,1.0000,3.1756,0.078,0.005
802,51328,orientation_cued_D0,0.00257,1.0000,0.9402,0.079,0.005
803,51392,orientation_cued_D0,0.01096,1.0000,4.7187,0.086,0.005
804,51456,orientation_cued_D0,0.00180,1.0000,0.4480,0.078,0.006
805,51520,orientation_cued_D0,0.00574,1.0000,3.1655,0.074,0.005
806,51584,orientation_cued_D0,0.00281,1.0000,1.1310,0.076,0.005
807,51648,orientation_cued_D0,0.00098,1.0000,0.1411,0.080,0.005
808,51712,orientation_cued_D0,0.00418,1.0000,2.1865,0.078,0.006
809,51776,orientation_cued_D0,0.00218,1.0000,0.6013,0.096,0.010
810,51840,orientation_cued_D0,0.00569,1.0000,4.2565,0.078,0.008
811,51904,orientation_cued_D0,0.03930,0.9844,14.4293,0.080,0.007
812,51968,orientation_cued_D0,0.00124,1.0000,0.1585,0.094,0.005
813,52032,orientation_cued_D0,0.00107,1.0000,0.1477,0.099,0.007
814,52096,orientation_cued_D0,0.01151,1.0000,6.9674,0.081,0.006
815,52160,orientation_cued_D0,0.00340,1.0000,1.3756,0.078,0.005
816,52224,orientation_cued_D0,0.04711,0.9844,12.8966,0.082,0.005
817,52288,orientation_cued_D0,0.00336,1.0000,1.3377,0.087,0.006
818,52352,orientation_cued_D0,0.00093,1.0000,0.1415,0.071,0.006
819,52416,orientation_cued_D0,0.00106,1.0000,0.1143,0.074,0.005
820,52480,orientation_cued_D0,0.00466,1.0000,3.5728,0.081,0.009
821,52544,orientation_cued_D0,0.01722,1.0000,7.7103,0.065,0.006
822,52608,orientation_cued_D0,0.00993,1.0000,3.2491,0.094,0.008
823,52672,orientation_cued_D0,0.01963,0.9844,4.2573,0.069,0.006
824,52736,orientation_cued_D0,0.00379,1.0000,2.9378,0.090,0.007
825,52800,orientation_cued_D0,0.00063,1.0000,0.0326,0.100,0.005
826,52864,orientation_cued_D0,0.01254,0.9844,6.7566,0.084,0.005
827,52928,orientation_cued_D0,0.00767,1.0000,4.5659,0.080,0.005
828,52992,orientation_cued_D0,0.00582,1.0000,4.8542,0.080,0.007
829,53056,orientation_cued_D0,0.00452,1.0000,1.5266,0.084,0.008
830,53120,orientation_cued_D0,0.00817,1.0000,6.0968,0.094,0.007
831,53184,orientation_cued_D0,0.00125,1.0000,0.1486,0.077,0.004
832,53248,orientation_cued_D0,0.00140,1.0000,0.6070,0.092,0.007
833,53312,orientation_cued_D0,0.00207,1.0000,0.6325,0.074,0.007
834,53376,orientation_cued_D0,0.04699,0.9688,19.6779,0.081,0.009
835,53440,orientation_cued_D0,0.00136,1.0000,0.3522,0.095,0.008
836,53504,orientation_cued_D0,0.00214,1.0000,0.9282,0.089,0.008
837,53568,orientation_cued_D0,0.00160,1.0000,0.5718,0.090,0.009
838,53632,orientation_cued_D0,0.05095,0.9844,12.3778,0.087,0.007
839,53696,orientation_cued_D0,0.08758,0.9688,17.5411,0.091,0.007
840,53760,orientation_cued_D0,0.08543,0.9688,17.2488,0.092,0.007
841,53824,orientation_cued_D0,0.01816,0.9844,8.7215,0.080,0.007
842,53888,orientation_cued_D0,0.00345,1.0000,1.3207,0.096,0.007
843,53952,orientation_cued_D0,0.00131,1.0000,0.3125,0.091,0.008
844,54016,orientation_cued_D0,0.00701,1.0000,2.3939,0.081,0.005
845,54080,orientation_cued_D0,0.00106,1.0000,0.1199,0.096,0.005
846,54144,orientation_cued_D0,0.00204,1.0000,0.4534,0.090,0.008
847,54208,orientation_cued_D0,0.00849,1.0000,2.8429,0.076,0.005
848,54272,orientation_cued_D0,0.00896,1.0000,4.1257,0.077,0.004
849,54336,orientation_cued_D0,0.02919,0.9844,10.9925,0.079,0.005
850,54400,orientation_cued_D0,0.08836,0.9688,17.8533,0.075,0.007
851,54464,orientation_cued_D0,0.00353,1.0000,1.4151,0.082,0.008
852,54528,orientation_cued_D0,0.00367,1.0000,1.6407,0.083,0.006
853,54592,orientation_cued_D0,0.00779,1.0000,4.8868,0.086,0.009
854,54656,orientation_cued_D0,0.00577,1.0000,2.6510,0.076,0.006
855,54720,orientation_cued_D0,0.00490,1.0000,1.7696,0.070,0.005
856,54784,orientation_cued_D0,0.01055,1.0000,5.5173,0.095,0.008
857,54848,orientation_cued_D0,0.00286,1.0000,1.2787,0.080,0.008
858,54912,orientation_cued_D0,0.00880,1.0000,4.8782,0.077,0.008
859,54976,orientation_cued_D0,0.00516,1.0000,2.4644,0.080,0.005
860,55040,orientation_cued_D0,0.01316,1.0000,6.8589,0.078,0.007
861,55104,orientation_cued_D0,0.01339,1.0000,7.3712,0.083,0.008
862,55168,orientation_cued_D0,0.04794,0.9844,10.9452,0.103,0.009
863,55232,orientation_cued_D0,0.00131,1.0000,0.1224,0.086,0.008
864,55296,orientation_cued_D0,0.02805,0.9844,10.1766,0.082,0.006
865,55360,orientation_cued_D0,0.00876,1.0000,2.8442,0.077,0.004
866,55424,orientation_cued_D0,0.00477,1.0000,1.6615,0.074,0.005
867,55488,orientation_cued_D0,0.00104,1.0000,0.0774,0.083,0.006
868,55552,orientation_cued_D0,0.00685,1.0000,3.9824,0.079,0.006
869,55616,orientation_cued_D0,0.01978,0.9844,6.3324,0.080,0.007
870,55680,orientation_cued_D0,0.00923,1.0000,3.1510,0.080,0.005
871,55744,orientation_cued_D0,0.00530,1.0000,2.8528,0.077,0.005
872,55808,orientation_cued_D0,0.00219,1.0000,1.1264,0.080,0.007
873,55872,orientation_cued_D0,0.00215,1.0000,0.6562,0.077,0.006
874,55936,orientation_cued_D0,0.00132,1.0000,0.1994,0.077,0.005
875,56000,orientation_cued_D0,0.04767,0.9844,11.5850,0.082,0.007
876,56064,orientation_cued_D0,0.00304,1.0000,1.0092,0.072,0.006
877,56128,orientation_cued_D0,0.00184,1.0000,0.4673,0.082,0.005
878,56192,orientation_cued_D0,0.00801,1.0000,3.9561,0.082,0.005
879,56256,orientation_cued_D0,0.00219,1.0000,0.6078,0.088,0.012
880,56320,orientation_cued_D0,0.00096,1.0000,0.1249,0.102,0.008
881,56384,orientation_cued_D0,0.00480,1.0000,2.7057,0.094,0.008
882,56448,orientation_cued_D0,0.00078,1.0000,0.1522,0.078,0.009
883,56512,orientation_cued_D0,0.01182,0.9844,5.9562,0.090,0.007
884,56576,orientation_cued_D0,0.00166,1.0000,0.4469,0.090,0.008
885,56640,orientation_cued_D0,0.00655,1.0000,3.5935,0.077,0.004
886,56704,orientation_cued_D0,0.00080,1.0000,0.1054,0.076,0.004
887,56768,orientation_cued_D0,0.00064,1.0000,0.0328,0.078,0.004
888,56832,orientation_cued_D0,0.00865,1.0000,5.1895,0.079,0.004
889,56896,orientation_cued_D0,0.00916,1.0000,6.4989,0.083,0.005
890,56960,orientation_cued_D0,0.00294,1.0000,1.4045,0.089,0.008
891,57024,orientation_cued_D0,0.00086,1.0000,0.0986,0.089,0.008
892,57088,orientation_cued_D0,0.00110,1.0000,0.1932,0.101,0.010
893,57152,orientation_cued_D0,0.04908,0.9844,13.7894,0.076,0.005
894,57216,orientation_cued_D0,0.00358,1.0000,2.0230,0.077,0.005
895,57280,orientation_cued_D0,0.00080,1.0000,0.0577,0.077,0.005
896,57344,orientation_cued_D0,0.00110,1.0000,0.4109,0.068,0.006
897,57408,orientation_cued_D0,0.00168,1.0000,0.4787,0.090,0.006
898,57472,orientation_cued_D0,0.00491,1.0000,4.0271,0.088,0.008
899,57536,orientation_cued_D0,0.00110,1.0000,0.3262,0.090,0.008
900,57600,orientation_cued_D0,0.01456,0.9844,8.8359,0.107,0.006
901,57664,orientation_cued_D0,0.00096,1.0000,0.2334,0.092,0.009
902,57728,orientation_cued_D0,0.00092,1.0000,0.1112,0.076,0.007
903,57792,orientation_cued_D0,0.00066,1.0000,0.0483,0.080,0.006
904,57856,orientation_cued_D0,0.05073,0.9844,13.5040,0.074,0.008
905,57920,orientation_cued_D0,0.00078,1.0000,0.0850,0.079,0.005
906,57984,orientation_cued_D0,0.00069,1.0000,0.0565,0.079,0.006
907,58048,orientation_cued_D0,0.00097,1.0000,0.1560,0.070,0.009
908,58112,orientation_cued_D0,0.00162,1.0000,0.5430,0.083,0.005
909,58176,orientation_cued_D0,0.00138,1.0000,0.3170,0.086,0.006
910,58240,orientation_cued_D0,0.00089,1.0000,0.1565,0.075,0.008
911,58304,orientation_cued_D0,0.00175,1.0000,0.4373,0.088,0.006
912,58368,orientation_cued_D0,0.06003,0.9688,14.5166,0.098,0.008
913,58432,orientation_cued_D0,0.00198,1.0000,0.5690,0.095,0.011
914,58496,orientation_cued_D0,0.00171,1.0000,0.4053,0.076,0.005
915,58560,orientation_cued_D0,0.01087,1.0000,5.2673,0.076,0.004
916,58624,orientation_cued_D0,0.01724,1.0000,6.7131,0.102,0.008
917,58688,orientation_cued_D0,0.00079,1.0000,0.0905,0.085,0.009
918,58752,orientation_cued_D0,0.06778,0.9844,17.3377,0.094,0.010
919,58816,orientation_cued_D0,0.04769,0.9844,11.7954,0.073,0.007
920,58880,orientation_cued_D0,0.00118,1.0000,0.1728,0.099,0.008
921,58944,orientation_cued_D0,0.00221,1.0000,0.5427,0.092,0.007
922,59008,orientation_cued_D0,0.00093,1.0000,0.1102,0.088,0.005
923,59072,orientation_cued_D0,0.00332,1.0000,0.8643,0.076,0.005
924,59136,orientation_cued_D0,0.01385,1.0000,5.3932,0.079,0.005
925,59200,orientation_cued_D0,0.01708,1.0000,8.3237,0.084,0.005
926,59264,orientation_cued_D0,0.02467,1.0000,11.3636,0.082,0.005
927,59328,orientation_cued_D0,0.14440,0.9531,27.5110,0.080,0.005
928,59392,orientation_cued_D0,0.00149,1.0000,0.3311,0.072,0.006
929,59456,orientation_cued_D0,0.00120,1.0000,0.3396,0.068,0.006
930,59520,orientation_cued_D0,0.00212,1.0000,0.7074,0.119,0.005
931,59584,orientation_cued_D0,0.00115,1.0000,0.1334,0.099,0.007
932,59648,orientation_cued_D0,0.00574,1.0000,2.9201,0.073,0.005
933,59712,orientation_cued_D0,0.01124,1.0000,7.2685,0.084,0.006
934,59776,orientation_cued_D0,0.03734,0.9844,13.6083,0.085,0.008
935,59840,orientation_cued_D0,0.01488,1.0000,7.1583,0.074,0.005
936,59904,orientation_cued_D0,0.03880,0.9844,19.0894,0.076,0.004
937,59968,orientation_cued_D0,0.00274,1.0000,0.9646,0.080,0.005
938,60032,orientation_cued_D0,0.00240,1.0000,0.8787,0.076,0.005
939,60096,orientation_cued_D0,0.07965,0.9844,9.4287,0.079,0.005
940,60160,orientation_cued_D0,0.00751,1.0000,2.5027,0.077,0.005
941,60224,orientation_cued_D0,0.00143,1.0000,0.1798,0.076,0.005
942,60288,orientation_cued_D0,0.01628,0.9844,7.2522,0.066,0.004
943,60352,orientation_cued_D0,0.00439,1.0000,0.8687,0.080,0.006
944,60416,orientation_cued_D0,0.01347,1.0000,6.8309,0.082,0.006
945,60480,orientation_cued_D0,0.08866,0.9844,7.3947,0.081,0.005
946,60544,orientation_cued_D0,0.06231,0.9688,13.1866,0.089,0.005
947,60608,orientation_cued_D0,0.04843,0.9844,18.6904,0.086,0.008
948,60672,orientation_cued_D0,0.12527,0.9844,4.5900,0.079,0.005
949,60736,orientation_cued_D0,0.00376,1.0000,1.1475,0.078,0.005
950,60800,orientation_cued_D0,0.00174,1.0000,0.3536,0.076,0.005
951,60864,orientation_cued_D0,0.00308,1.0000,1.0651,0.070,0.005
952,60928,orientation_cued_D0,0.02576,0.9688,11.0541,0.070,0.005
953,60992,orientation_cued_D0,0.02524,0.9844,10.3356,0.082,0.005
954,61056,orientation_cued_D0,0.00225,1.0000,0.6199,0.082,0.005
955,61120,orientation_cued_D0,0.00633,1.0000,3.7868,0.081,0.005
956,61184,orientation_cued_D0,0.00291,1.0000,1.3681,0.084,0.007
957,61248,orientation_cued_D0,0.00175,1.0000,0.2808,0.082,0.007
958,61312,orientation_cued_D0,0.00536,1.0000,3.6835,0.078,0.006
959,61376,orientation_cued_D0,0.03252,0.9844,9.4854,0.076,0.005
960,61440,orientation_cued_D0,0.05986,0.9844,12.0109,0.082,0.005
961,61504,orientation_cued_D0,0.00990,1.0000,5.6749,0.063,0.005
962,61568,orientation_cued_D0,0.03024,0.9844,13.1919,0.099,0.006
963,61632,orientation_cued_D0,0.00593,1.0000,2.9652,0.093,0.005
964,61696,orientation_cued_D0,0.02800,0.9844,12.6874,0.088,0.006
965,61760,orientation_cued_D0,0.00492,1.0000,1.7069,0.096,0.007
966,61824,orientation_cued_D0,0.00162,1.0000,0.2673,0.096,0.005
967,61888,orientation_cued_D0,0.00533,1.0000,4.1762,0.095,0.010
968,61952,orientation_cued_D0,0.00504,1.0000,2.3747,0.095,0.005
969,62016,orientation_cued_D0,0.11990,0.9531,23.4586,0.085,0.007
970,62080,orientation_cued_D0,0.00410,1.0000,1.7665,0.073,0.005
971,62144,orientation_cued_D0,0.02140,0.9844,9.3005,0.097,0.009
972,62208,orientation_cued_D0,0.00546,1.0000,2.3647,0.084,0.008
973,62272,orientation_cued_D0,0.06356,0.9688,17.1169,0.083,0.005
974,62336,orientation_cued_D0,0.01113,1.0000,4.8918,0.084,0.007
975,62400,orientation_cued_D0,0.00107,1.0000,0.1158,0.076,0.005
976,62464,orientation_cued_D0,0.00400,1.0000,0.9278,0.092,0.005
977,62528,orientation_cued_D0,0.00946,1.0000,2.9017,0.108,0.008
978,62592,orientation_cued_D0,0.00125,1.0000,0.2845,0.088,0.006
979,62656,orientation_cued_D0,0.00919,1.0000,4.0815,0.091,0.008
980,62720,orientation_cued_D0,0.00674,1.0000,2.8753,0.084,0.010
981,62784,orientation_cued_D0,0.11564,0.9688,11.9309,0.102,0.009
982,62848,orientation_cued_D0,0.00450,1.0000,1.9468,0.099,0.008
983,62912,orientation_cued_D0,0.00971,1.0000,6.1153,0.081,0.008
984,62976,orientation_cued_D0,0.02236,0.9844,9.7971,0.085,0.010
985,63040,orientation_cued_D0,0.01742,0.9844,8.4605,0.076,0.008
986,63104,orientation_cued_D0,0.00268,1.0000,0.8121,0.100,0.008
987,63168,orientation_cued_D0,0.00529,1.0000,2.1227,0.084,0.008
988,63232,orientation_cued_D0,0.05704,0.9688,15.8430,0.081,0.006
989,63296,orientation_cued_D0,0.01124,1.0000,6.3541,0.081,0.005
990,63360,orientation_cued_D0,0.00831,1.0000,5.3086,0.077,0.005
991,63424,orientation_cued_D0,0.00187,1.0000,0.3864,0.079,0.007
992,63488,orientation_cued_D0,0.00261,1.0000,0.9573,0.076,0.005
993,63552,orientation_cued_D0,0.00833,1.0000,3.9804,0.081,0.004
994,63616,orientation_cued_D0,0.00482,1.0000,1.5388,0.078,0.007
995,63680,orientation_cued_D0,0.00213,1.0000,0.9797,0.072,0.005
996,63744,orientation_cued_D0,0.05350,0.9844,9.2957,0.070,0.005
997,63808,orientation_cued_D0,0.02566,0.9844,10.8934,0.082,0.009
998,63872,orientation_cued_D0,0.00168,1.0000,0.3102,0.084,0.006
999,63936,orientation_cued_D0,0.00328,1.0000,1.4420,0.091,0.005
1000,64000,orientation_cued_D0,0.00211,1.0000,0.7210,0.089,0.008
1001,64064,orientation_cued_D0,0.00111,1.0000,0.2244,0.063,0.004
1002,64128,orientation_cued_D0,0.00138,1.0000,0.1469,0.060,0.004
1003,64192,orientation_cued_D0,0.00310,1.0000,1.7497,0.081,0.007
1004,64256,orientation_cued_D0,0.00203,1.0000,0.5169,0.085,0.005
1005,64320,orientation_cued_D0,0.00447,1.0000,1.9559,0.097,0.007
1006,64384,orientation_cued_D0,0.02013,0.9844,7.6744,0.080,0.005
1007,64448,orientation_cued_D0,0.01458,1.0000,6.6705,0.091,0.008
1008,64512,orientation_cued_D0,0.00245,1.0000,0.4169,0.094,0.009
1009,64576,orientation_cued_D0,0.00063,1.0000,0.0297,0.084,0.008
1010,64640,orientation_cued_D0,0.00096,1.0000,0.1336,0.084,0.007
1011,64704,orientation_cued_D0,0.00535,1.0000,1.9336,0.089,0.007
1012,64768,orientation_cued_D0,0.01449,1.0000,4.5026,0.060,0.006
1013,64832,orientation_cued_D0,0.00272,1.0000,0.9152,0.087,0.006
1014,64896,orientation_cued_D0,0.00284,1.0000,0.6738,0.083,0.006
1015,64960,orientation_cued_D0,0.00130,1.0000,0.3101,0.104,0.011
1016,65024,orientation_cued_D0,0.00439,1.0000,2.4332,0.093,0.008
1017,65088,orientation_cued_D0,0.00394,1.0000,2.1575,0.067,0.005
1018,65152,orientation_cued_D0,0.00151,1.0000,0.4636,0.087,0.006
1019,65216,orientation_cued_D0,0.00470,1.0000,2.6838,0.089,0.005
1020,65280,orientation_cued_D0,0.01175,1.0000,4.7632,0.083,0.006
1021,65344,orientation_cued_D0,0.00874,1.0000,4.1434,0.073,0.007
1022,65408,orientation_cued_D0,0.00066,1.0000,0.0511,0.078,0.005
1023,65472,orientation_cued_D0,0.00135,1.0000,0.2423,0.070,0.006
1024,65536,orientation_cued_D0,0.00227,1.0000,1.0542,0.079,0.005
1025,65600,orientation_cued_D0,0.01943,0.9844,9.4869,0.076,0.005
1026,65664,orientation_cued_D0,0.00084,1.0000,0.0807,0.075,0.006
1027,65728,orientation_cued_D0,0.00056,1.0000,0.0348,0.082,0.009
1028,65792,orientation_cued_D0,0.03280,0.9844,12.0406,0.085,0.006
1029,65856,orientation_cued_D0,0.00180,1.0000,0.3277,0.089,0.006
1030,65920,orientation_cued_D0,0.00048,1.0000,0.0168,0.092,0.009
1031,65984,orientation_cued_D0,0.00050,1.0000,0.0187,0.102,0.008
1032,66048,orientation_cued_D0,0.02932,0.9688,12.4777,0.076,0.006
1033,66112,orientation_cued_D0,0.00541,1.0000,3.4163,0.081,0.008
1034,66176,orientation_cued_D0,0.00905,1.0000,5.0160,0.075,0.005
1035,66240,orientation_cued_D0,0.03937,0.9844,12.5406,0.071,0.005
1036,66304,orientation_cued_D0,0.02247,0.9844,11.2007,0.075,0.004
1037,66368,orientation_cued_D0,0.00424,1.0000,1.8987,0.076,0.006
1038,66432,orientation_cued_D0,0.00086,1.0000,0.1907,0.078,0.004
1039,66496,orientation_cued_D0,0.00366,1.0000,2.4309,0.078,0.007
1040,66560,orientation_cued_D0,0.00256,1.0000,1.5155,0.055,0.005
1041,66624,orientation_cued_D0,0.00971,1.0000,4.8368,0.094,0.006
1042,66688,orientation_cued_D0,0.00100,1.0000,0.1426,0.087,0.005
1043,66752,orientation_cued_D0,0.00238,1.0000,0.8144,0.085,0.005
1044,66816,orientation_cued_D0,0.00071,1.0000,0.1136,0.086,0.006
1045,66880,orientation_cued_D0,0.00138,1.0000,0.5792,0.074,0.004
1046,66944,orientation_cued_D0,0.00087,1.0000,0.0730,0.078,0.005
1047,67008,orientation_cued_D0,0.00546,1.0000,3.2285,0.077,0.004
1048,67072,orientation_cued_D0,0.00094,1.0000,0.2027,0.079,0.004
1049,67136,orientation_cued_D0,0.01561,0.9844,9.7272,0.077,0.005
1050,67200,orientation_cued_D0,0.03812,0.9844,12.2337,0.076,0.005
1051,67264,orientation_cued_D0,0.00121,1.0000,0.4119,0.086,0.005
1052,67328,orientation_cued_D0,0.12629,0.9531,28.0852,0.089,0.006
1053,67392,orientation_cued_D0,0.00283,1.0000,1.3754,0.099,0.007
1054,67456,orientation_cued_D0,0.02105,0.9844,10.7514,0.084,0.006
1055,67520,orientation_cued_D0,0.00309,1.0000,1.3156,0.079,0.006
1056,67584,orientation_cued_D0,0.00308,1.0000,1.3593,0.097,0.008
1057,67648,orientation_cued_D0,0.00613,1.0000,2.2896,0.089,0.007
1058,67712,orientation_cued_D0,0.01146,1.0000,7.0839,0.067,0.005
1059,67776,orientation_cued_D0,0.09892,0.9688,15.9563,0.093,0.008
1060,67840,orientation_cued_D0,0.02969,0.9844,11.3690,0.103,0.008
1061,67904,orientation_cued_D0,0.00158,1.0000,0.3653,0.095,0.010
1062,67968,orientation_cued_D0,0.01870,1.0000,8.1840,0.085,0.008
1063,68032,orientation_cued_D0,0.00355,1.0000,1.8202,0.098,0.008
1064,68096,orientation_cued_D0,0.00450,1.0000,2.8200,0.073,0.009
1065,68160,orientation_cued_D0,0.00123,1.0000,0.2440,0.093,0.010
1066,68224,orientation_cued_D0,0.01214,1.0000,4.9947,0.076,0.005
1067,68288,orientation_cued_D0,0.00406,1.0000,1.7992,0.066,0.007
1068,68352,orientation_cued_D0,0.00083,1.0000,0.1740,0.083,0.006
1069,68416,orientation_cued_D0,0.00084,1.0000,0.1808,0.087,0.005
1070,68480,orientation_cued_D0,0.00298,1.0000,0.7566,0.083,0.006
1071,68544,orientation_cued_D0,0.05861,0.9844,17.4062,0.080,0.005
1072,68608,orientation_cued_D0,0.00758,1.0000,3.2319,0.078,0.005
1073,68672,orientation_cued_D0,0.00057,1.0000,0.0446,0.082,0.005
1074,68736,orientation_cued_D0,0.00101,1.0000,0.1629,0.075,0.006
1075,68800,orientation_cued_D0,0.00074,1.0000,0.0810,0.079,0.005
1076,68864,orientation_cued_D0,0.00164,1.0000,0.5457,0.092,0.010
1077,68928,orientation_cued_D0,0.00188,1.0000,0.8676,0.091,0.008
1078,68992,orientation_cued_D0,0.00099,1.0000,0.2045,0.061,0.005
1079,69056,orientation_cued_D0,0.00718,1.0000,2.5132,0.078,0.009
1080,69120,orientation_cued_D0,0.00766,1.0000,4.2762,0.073,0.005
1081,69184,orientation_cued_D0,0.00132,1.0000,0.2825,0.081,0.007
1082,69248,orientation_cued_D0,0.00610,1.0000,2.5195,0.074,0.005
1083,69312,orientation_cued_D0,0.00922,1.0000,5.8597,0.077,0.006
1084,69376,orientation_cued_D0,0.00332,1.0000,2.2560,0.116,0.005
1085,69440,orientation_cued_D0,0.06284,0.9844,10.7680,0.093,0.008
1086,69504,orientation_cued_D0,0.00744,1.0000,2.9929,0.077,0.008
1087,69568,orientation_cued_D0,0.00303,1.0000,2.2042,0.099,0.010
1088,69632,orientation_cued_D0,0.00144,1.0000,0.4917,0.085,0.005
1089,69696,orientation_cued_D0,0.00204,1.0000,0.5936,0.079,0.005
1090,69760,orientation_cued_D0,0.00139,1.0000,0.1904,0.076,0.005
1091,69824,orientation_cued_D0,0.00112,1.0000,0.2331,0.087,0.005
1092,69888,orientation_cued_D0,0.00056,1.0000,0.0475,0.088,0.007
1093,69952,orientation_cued_D0,0.00413,1.0000,2.4856,0.077,0.004
1094,70016,orientation_cued_D0,0.05098,0.9844,11.3374,0.077,0.004
1095,70080,orientation_cued_D0,0.00093,1.0000,0.1540,0.078,0.007
1096,70144,orientation_cued_D0,0.02929,0.9844,9.9445,0.071,0.004
1097,70208,orientation_cued_D0,0.00120,1.0000,0.4605,0.078,0.005
1098,70272,orientation_cued_D0,0.00041,1.0000,0.0159,0.083,0.008
1099,70336,orientation_cued_D0,0.00224,1.0000,1.1190,0.087,0.005
1100,70400,orientation_cued_D0,0.00062,1.0000,0.1173,0.101,0.011
1101,70464,orientation_cued_D0,0.00083,1.0000,0.2138,0.089,0.007
1102,70528,orientation_cued_D0,0.02067,0.9844,10.4843,0.076,0.006
1103,70592,orientation_cued_D0,0.00069,1.0000,0.0734,0.092,0.007
1104,70656,orientation_cued_D0,0.00079,1.0000,0.2128,0.081,0.007
1105,70720,orientation_cued_D0,0.00072,1.0000,0.0625,0.078,0.011
1106,70784,orientation_cued_D0,0.00134,1.0000,0.7753,0.081,0.005
1107,70848,orientation_cued_D0,0.00088,1.0000,0.2241,0.083,0.005
1108,70912,orientation_cued_D0,0.00108,1.0000,0.5612,0.082,0.005
1109,70976,orientation_cued_D0,0.00075,1.0000,0.1717,0.077,0.007
1110,71040,orientation_cued_D0,0.00058,1.0000,0.0436,0.081,0.007
1111,71104,orientation_cued_D0,0.00145,1.0000,0.4477,0.076,0.005
1112,71168,orientation_cued_D0,0.00067,1.0000,0.1806,0.076,0.005
1113,71232,orientation_cued_D0,0.00058,1.0000,0.0550,0.077,0.005
1114,71296,orientation_cued_D0,0.02404,0.9844,13.6225,0.067,0.004
1115,71360,orientation_cued_D0,0.00152,1.0000,0.6485,0.097,0.008
1116,71424,orientation_cued_D0,0.02884,0.9844,14.6388,0.092,0.008
1117,71488,orientation_cued_D0,0.04466,0.9688,17.3777,0.108,0.010
1118,71552,orientation_cued_D0,0.01185,1.0000,6.4686,0.080,0.008
1119,71616,orientation_cued_D0,0.00199,1.0000,0.6346,0.098,0.009
1120,71680,orientation_cued_D0,0.00748,1.0000,3.2724,0.099,0.010
1121,71744,orientation_cued_D0,0.00111,1.0000,0.1866,0.085,0.011
1122,71808,orientation_cued_D0,0.01288,0.9844,7.2848,0.088,0.007
1123,71872,orientation_cued_D0,0.06477,0.9844,13.5114,0.092,0.008
1124,71936,orientation_cued_D0,0.08257,0.9844,14.3255,0.078,0.006
1125,72000,orientation_cued_D0,0.14238,0.9688,19.6301,0.089,0.007
1126,72064,orientation_cued_D0,0.03967,0.9688,12.1857,0.084,0.008
1127,72128,orientation_cued_D0,0.00197,1.0000,0.4540,0.067,0.005
1128,72192,orientation_cued_D0,0.00220,1.0000,1.3342,0.086,0.006
1129,72256,orientation_cued_D0,0.03240,0.9844,9.2879,0.084,0.006
1130,72320,orientation_cued_D0,0.00286,1.0000,1.9518,0.102,0.007
1131,72384,orientation_cued_D0,0.04308,0.9844,13.3722,0.081,0.005
1132,72448,orientation_cued_D0,0.00428,1.0000,2.0536,0.080,0.009
1133,72512,orientation_cued_D0,0.01440,1.0000,7.5857,0.081,0.005
1134,72576,orientation_cued_D0,0.00245,1.0000,0.7978,0.080,0.005
1135,72640,orientation_cued_D0,0.01866,1.0000,11.9886,0.079,0.005
1136,72704,orientation_cued_D0,0.00111,1.0000,0.3216,0.089,0.010
1137,72768,orientation_cued_D0,0.00415,1.0000,1.4921,0.078,0.005
1138,72832,orientation_cued_D0,0.00084,1.0000,0.0945,0.072,0.006
1139,72896,orientation_cued_D0,0.00057,1.0000,0.0394,0.110,0.009
1140,72960,orientation_cued_D0,0.00198,1.0000,0.8912,0.118,0.005
1141,73024,orientation_cued_D0,0.09663,0.9844,10.3278,0.091,0.007
1142,73088,orientation_cued_D0,0.00207,1.0000,0.5734,0.098,0.005
1143,73152,orientation_cued_D0,0.00954,1.0000,3.6287,0.119,0.006
1144,73216,orientation_cued_D0,0.02058,0.9844,10.7201,0.083,0.005
1145,73280,orientation_cued_D0,0.03913,0.9844,12.1274,0.085,0.005
1146,73344,orientation_cued_D0,0.00386,1.0000,1.1607,0.082,0.007
1147,73408,orientation_cued_D0,0.02441,0.9844,8.5094,0.064,0.005
1148,73472,orientation_cued_D0,0.00089,1.0000,0.1649,0.076,0.008
1149,73536,orientation_cued_D0,0.06554,0.9844,8.8726,0.094,0.005
1150,73600,orientation_cued_D0,0.00193,1.0000,0.5877,0.076,0.004
1151,73664,orientation_cued_D0,0.01492,1.0000,5.0705,0.076,0.005
1152,73728,orientation_cued_D0,0.00236,1.0000,1.0298,0.066,0.004
1153,73792,orientation_cued_D0,0.00115,1.0000,0.1368,0.078,0.006
1154,73856,orientation_cued_D0,0.00325,1.0000,1.0467,0.079,0.006
1155,73920,orientation_cued_D0,0.00116,1.0000,0.1519,0.077,0.005
1156,73984,orientation_cued_D0,0.00152,1.0000,0.2381,0.077,0.004
1157,74048,orientation_cued_D0,0.00260,1.0000,0.5952,0.070,0.005
1158,74112,orientation_cued_D0,0.00199,1.0000,0.4755,0.073,0.008
1159,74176,orientation_cued_D0,0.00136,1.0000,0.2769,0.085,0.005
1160,74240,orientation_cued_D0,0.00238,1.0000,0.6353,0.090,0.008
1161,74304,orientation_cued_D0,0.07571,0.9688,12.0810,0.088,0.005
1162,74368,orientation_cued_D0,0.00303,1.0000,1.4775,0.079,0.006
1163,74432,orientation_cued_D0,0.03388,0.9844,11.0027,0.081,0.005
1164,74496,orientation_cued_D0,0.00073,1.0000,0.0631,0.078,0.006
1165,74560,orientation_cued_D0,0.00086,1.0000,0.0568,0.081,0.005
1166,74624,orientation_cued_D0,0.00099,1.0000,0.1570,0.078,0.005
1167,74688,orientation_cued_D0,0.00086,1.0000,0.1307,0.091,0.005
1168,74752,orientation_cued_D0,0.03362,0.9844,7.4572,0.099,0.009
1169,74816,orientation_cued_D0,0.00065,1.0000,0.0689,0.091,0.008
1170,74880,orientation_cued_D0,0.00369,1.0000,1.3941,0.090,0.009
1171,74944,orientation_cued_D0,0.00100,1.0000,0.2190,0.067,0.005
1172,75008,orientation_cued_D0,0.00319,1.0000,1.0487,0.078,0.005
1173,75072,orientation_cued_D0,0.03536,0.9844,10.9206,0.082,0.005
1174,75136,orientation_cued_D0,0.00169,1.0000,0.5186,0.068,0.005
1175,75200,orientation_cued_D0,0.00508,1.0000,1.7044,0.088,0.005
1176,75264,orientation_cued_D0,0.00129,1.0000,0.1622,0.087,0.007
1177,75328,orientation_cued_D0,0.00742,1.0000,4.8768,0.104,0.005
1178,75392,orientation_cued_D0,0.00202,1.0000,0.6195,0.087,0.008
1179,75456,orientation_cued_D0,0.00523,1.0000,3.5405,0.077,0.006
1180,75520,orientation_cued_D0,0.00167,1.0000,0.7301,0.090,0.006
1181,75584,orientation_cued_D0,0.00061,1.0000,0.0330,0.074,0.008
1182,75648,orientation_cued_D0,0.00048,1.0000,0.0295,0.083,0.009
1183,75712,orientation_cued_D0,0.00053,1.0000,0.0814,0.081,0.005
1184,75776,orientation_cued_D0,0.00100,1.0000,0.1058,0.079,0.008
1185,75840,orientation_cued_D0,0.00128,1.0000,0.2233,0.082,0.006
1186,75904,orientation_cued_D0,0.00167,1.0000,0.3943,0.095,0.009
1187,75968,orientation_cued_D0,0.00209,1.0000,0.8190,0.096,0.010
1188,76032,orientation_cued_D0,0.00068,1.0000,0.0770,0.077,0.005
1189,76096,orientation_cued_D0,0.02463,0.9844,10.6695,0.095,0.008
1190,76160,orientation_cued_D0,0.00175,1.0000,0.3462,0.076,0.005
1191,76224,orientation_cued_D0,0.01014,1.0000,5.4936,0.089,0.005
1192,76288,orientation_cued_D0,0.00069,1.0000,0.0575,0.084,0.005
1193,76352,orientation_cued_D0,0.00810,1.0000,5.9710,0.089,0.005
1194,76416,orientation_cued_D0,0.00150,1.0000,0.2782,0.081,0.005
1195,76480,orientation_cued_D0,0.00168,1.0000,0.4321,0.078,0.005
1196,76544,orientation_cued_D0,0.00840,1.0000,2.9651,0.076,0.005
1197,76608,orientation_cued_D0,0.00890,1.0000,3.7360,0.076,0.006
1198,76672,orientation_cued_D0,0.00098,1.0000,0.2257,0.077,0.004
1199,76736,orientation_cued_D0,0.01179,1.0000,4.5577,0.077,0.004
1200,76800,orientation_cued_D0,0.00152,1.0000,0.4729,0.080,0.005
1201,76864,orientation_cued_D0,0.00414,1.0000,3.2985,0.075,0.004
1202,76928,orientation_cued_D0,0.00340,1.0000,1.8026,0.077,0.004
1203,76992,orientation_cued_D0,0.00069,1.0000,0.0670,0.075,0.006
1204,77056,orientation_cued_D0,0.00182,1.0000,0.5717,0.089,0.006
1205,77120,orientation_cued_D0,0.00524,1.0000,3.3282,0.079,0.006
1206,77184,orientation_cued_D0,0.00291,1.0000,0.8920,0.073,0.005
1207,77248,orientation_cued_D0,0.00070,1.0000,0.0500,0.082,0.008
1208,77312,orientation_cued_D0,0.00065,1.0000,0.1304,0.081,0.007
1209,77376,orientation_cued_D0,0.01905,0.9844,11.0051,0.087,0.005
1210,77440,orientation_cued_D0,0.00041,1.0000,0.0193,0.075,0.007
1211,77504,orientation_cued_D0,0.02830,0.9844,11.4561,0.080,0.006
1212,77568,orientation_cued_D0,0.00050,1.0000,0.0549,0.082,0.006
1213,77632,orientation_cued_D0,0.00098,1.0000,0.2754,0.081,0.005
1214,77696,orientation_cued_D0,0.00124,1.0000,0.3760,0.078,0.005
1215,77760,orientation_cued_D0,0.00166,1.0000,1.0139,0.079,0.005
1216,77824,orientation_cued_D0,0.00053,1.0000,0.0460,0.091,0.006
1217,77888,orientation_cued_D0,0.02061,0.9844,12.9541,0.098,0.010
1218,77952,orientation_cued_D0,0.00042,1.0000,0.0277,0.096,0.010
1219,78016,orientation_cued_D0,0.03720,0.9844,13.5966,0.071,0.007
1220,78080,orientation_cued_D0,0.00234,1.0000,1.6381,0.100,0.008
1221,78144,orientation_cued_D0,0.00058,1.0000,0.0523,0.098,0.008
1222,78208,orientation_cued_D0,0.00145,1.0000,0.4607,0.103,0.006
1223,78272,orientation_cued_D0,0.00162,1.0000,0.5519,0.088,0.008
1224,78336,orientation_cued_D0,0.00082,1.0000,0.1304,0.074,0.005
1225,78400,orientation_cued_D0,0.02883,0.9844,11.6657,0.085,0.007
1226,78464,orientation_cued_D0,0.00212,1.0000,0.8038,0.077,0.006
1227,78528,orientation_cued_D0,0.00089,1.0000,0.1251,0.084,0.008
1228,78592,orientation_cued_D0,0.00606,1.0000,2.8127,0.077,0.005
1229,78656,orientation_cued_D0,0.00209,1.0000,0.8396,0.075,0.005
1230,78720,orientation_cued_D0,0.01588,1.0000,8.1685,0.085,0.009
1231,78784,orientation_cued_D0,0.00166,1.0000,0.8120,0.094,0.005
1232,78848,orientation_cued_D0,0.00478,1.0000,3.1928,0.086,0.008
1233,78912,orientation_cued_D0,0.00109,1.0000,0.3034,0.079,0.005
1234,78976,orientation_cued_D0,0.00217,1.0000,1.3728,0.088,0.005
1235,79040,orientation_cued_D0,0.05887,0.9844,9.2908,0.077,0.007
1236,79104,orientation_cued_D0,0.00888,1.0000,7.4300,0.075,0.009
1237,79168,orientation_cued_D0,0.00131,1.0000,0.2864,0.095,0.005
1238,79232,orientation_cued_D0,0.00063,1.0000,0.0769,0.092,0.009
1239,79296,orientation_cued_D0,0.00298,1.0000,1.0624,0.077,0.006
1240,79360,orientation_cued_D0,0.00116,1.0000,0.3873,0.077,0.005
1241,79424,orientation_cued_D0,0.00049,1.0000,0.0635,0.069,0.007
1242,79488,orientation_cued_D0,0.03972,0.9844,12.5999,0.078,0.006
1243,79552,orientation_cued_D0,0.00127,1.0000,0.5813,0.080,0.005
1244,79616,orientation_cued_D0,0.00055,1.0000,0.0526,0.078,0.007
1245,79680,orientation_cued_D0,0.00776,1.0000,5.2255,0.077,0.004
1246,79744,orientation_cued_D0,0.02700,0.9844,11.9552,0.061,0.004
1247,79808,orientation_cued_D0,0.00044,1.0000,0.0281,0.089,0.008
1248,79872,orientation_cued_D0,0.00285,1.0000,1.8957,0.090,0.006
1249,79936,orientation_cued_D0,0.00069,1.0000,0.0819,0.081,0.005
1250,80000,orientation_cued_D0,0.00036,1.0000,0.0116,0.091,0.010
1251,80064,orientation_cued_D0,0.00032,1.0000,0.0145,0.092,0.010
1252,80128,orientation_cued_D0,0.00960,1.0000,3.8905,0.083,0.007
1253,80192,orientation_cued_D0,0.00065,1.0000,0.0838,0.078,0.007
1254,80256,orientation_cued_D0,0.01239,1.0000,6.3916,0.079,0.004
1255,80320,orientation_cued_D0,0.00094,1.0000,0.3286,0.062,0.005
1256,80384,orientation_cued_D0,0.00166,1.0000,0.5696,0.080,0.010
1257,80448,orientation_cued_D0,0.00055,1.0000,0.1077,0.078,0.006
1258,80512,orientation_cued_D0,0.00271,1.0000,0.9438,0.078,0.005
1259,80576,orientation_cued_D0,0.00055,1.0000,0.0833,0.103,0.008
1260,80640,orientation_cued_D0,0.03633,0.9844,16.1545,0.088,0.011
1261,80704,orientation_cued_D0,0.01143,0.9844,7.2448,0.077,0.005
1262,80768,orientation_cued_D0,0.00052,1.0000,0.0576,0.079,0.008
1263,80832,orientation_cued_D0,0.00040,1.0000,0.0275,0.082,0.008
1264,80896,orientation_cued_D0,0.00039,1.0000,0.0219,0.077,0.004
1265,80960,orientation_cued_D0,0.04455,0.9844,20.8649,0.074,0.007
1266,81024,orientation_cued_D0,0.00381,1.0000,2.2840,0.077,0.006
1267,81088,orientation_cued_D0,0.01128,1.0000,7.4727,0.080,0.005
1268,81152,orientation_cued_D0,0.00057,1.0000,0.1113,0.084,0.008
1269,81216,orientation_cued_D0,0.00045,1.0000,0.0275,0.084,0.006
1270,81280,orientation_cued_D0,0.00925,1.0000,7.8839,0.073,0.005
1271,81344,orientation_cued_D0,0.00062,1.0000,0.1057,0.068,0.005
1272,81408,orientation_cued_D0,0.00137,1.0000,0.3960,0.088,0.009
1273,81472,orientation_cued_D0,0.02689,0.9844,11.3390,0.079,0.005
1274,81536,orientation_cued_D0,0.00048,1.0000,0.0432,0.089,0.007
1275,81600,orientation_cued_D0,0.05222,0.9844,12.5221,0.084,0.009
1276,81664,orientation_cued_D0,0.00261,1.0000,0.9656,0.072,0.005
1277,81728,orientation_cued_D0,0.03260,0.9844,9.9496,0.079,0.005
1278,81792,orientation_cued_D0,0.01234,1.0000,5.1738,0.086,0.008
1279,81856,orientation_cued_D0,0.15882,0.9531,17.8600,0.090,0.006
1280,81920,orientation_cued_D0,0.00142,1.0000,0.4562,0.080,0.005
1281,81984,orientation_cued_D0,0.00051,1.0000,0.0583,0.074,0.007
1282,82048,orientation_cued_D0,0.08580,0.9688,14.5875,0.081,0.007
1283,82112,orientation_cued_D0,0.02315,0.9844,10.7482,0.077,0.008
1284,82176,orientation_cued_D0,0.00054,1.0000,0.0570,0.079,0.010
1285,82240,orientation_cued_D0,0.02224,0.9844,9.9286,0.077,0.007
1286,82304,orientation_cued_D0,0.00115,1.0000,0.2129,0.092,0.008
1287,82368,orientation_cued_D0,0.00407,1.0000,2.5812,0.070,0.005
1288,82432,orientation_cued_D0,0.00074,1.0000,0.0747,0.088,0.009
1289,82496,orientation_cued_D0,0.00267,1.0000,1.1449,0.084,0.005
1290,82560,orientation_cued_D0,0.00091,1.0000,0.3210,0.094,0.006
1291,82624,orientation_cued_D0,0.00467,1.0000,2.6214,0.097,0.007
1292,82688,orientation_cued_D0,0.00672,1.0000,4.4549,0.077,0.006
1293,82752,orientation_cued_D0,0.08470,0.9688,12.9798,0.088,0.005
1294,82816,orientation_cued_D0,0.02559,0.9844,8.4085,0.092,0.005
1295,82880,orientation_cued_D0,0.00176,1.0000,0.7507,0.086,0.006
1296,82944,orientation_cued_D0,0.00256,1.0000,1.3908,0.083,0.005
1297,83008,orientation_cued_D0,0.00238,1.0000,1.6639,0.077,0.005
1298,83072,orientation_cued_D0,0.00178,1.0000,0.7634,0.070,0.005
1299,83136,orientation_cued_D0,0.00173,1.0000,0.6641,0.079,0.005
1300,83200,orientation_cued_D0,0.00736,1.0000,4.5889,0.080,0.005
1301,83264,orientation_cued_D0,0.00217,1.0000,0.4448,0.081,0.005
1302,83328,orientation_cued_D0,0.00086,1.0000,0.0916,0.078,0.005
1303,83392,orientation_cued_D0,0.00107,1.0000,0.1164,0.065,0.004
1304,83456,orientation_cued_D0,0.00216,1.0000,0.5012,0.078,0.004
1305,83520,orientation_cued_D0,0.00289,1.0000,1.1787,0.081,0.006
1306,83584,orientation_cued_D0,0.00098,1.0000,0.2385,0.077,0.005
1307,83648,orientation_cued_D0,0.00055,1.0000,0.0525,0.089,0.005
1308,83712,orientation_cued_D0,0.00208,1.0000,0.3970,0.100,0.011
1309,83776,orientation_cued_D0,0.06575,0.9844,8.7877,0.082,0.007
1310,83840,orientation_cued_D0,0.00348,1.0000,0.8931,0.076,0.004
1311,83904,orientation_cued_D0,0.00059,1.0000,0.0608,0.076,0.005
1312,83968,orientation_cued_D0,0.06021,0.9844,14.2327,0.068,0.006
1313,84032,orientation_cued_D0,0.00404,1.0000,2.0021,0.091,0.009
1314,84096,orientation_cued_D0,0.00061,1.0000,0.0791,0.083,0.008
1315,84160,orientation_cued_D0,0.00607,1.0000,3.8382,0.079,0.005
1316,84224,orientation_cued_D0,0.00072,1.0000,0.1099,0.083,0.006
1317,84288,orientation_cued_D0,0.00051,1.0000,0.0292,0.095,0.011
1318,84352,orientation_cued_D0,0.00362,1.0000,1.0488,0.082,0.007
1319,84416,orientation_cued_D0,0.00102,1.0000,0.1662,0.077,0.004
1320,84480,orientation_cued_D0,0.00103,1.0000,0.3050,0.077,0.005
1321,84544,orientation_cued_D0,0.02681,0.9844,12.2234,0.066,0.005
1322,84608,orientation_cued_D0,0.00063,1.0000,0.0757,0.084,0.005
1323,84672,orientation_cued_D0,0.00373,1.0000,1.7746,0.084,0.007
1324,84736,orientation_cued_D0,0.03920,0.9844,11.6711,0.083,0.006
1325,84800,orientation_cued_D0,0.01136,1.0000,7.0383,0.108,0.005
1326,84864,orientation_cued_D0,0.00132,1.0000,0.5670,0.094,0.007
1327,84928,orientation_cued_D0,0.01734,0.9844,8.6341,0.071,0.009
1328,84992,orientation_cued_D0,0.00221,1.0000,0.7352,0.088,0.006
1329,85056,orientation_cued_D0,0.00127,1.0000,0.3545,0.088,0.006
1330,85120,orientation_cued_D0,0.01013,1.0000,6.2855,0.078,0.006
1331,85184,orientation_cued_D0,0.00733,1.0000,5.0572,0.078,0.006
1332,85248,orientation_cued_D0,0.00235,1.0000,0.7887,0.069,0.005
1333,85312,orientation_cued_D0,0.00413,1.0000,3.2202,0.083,0.005
1334,85376,orientation_cued_D0,0.00567,1.0000,2.3466,0.083,0.006
1335,85440,orientation_cued_D0,0.00099,1.0000,0.2287,0.084,0.006
1336,85504,orientation_cued_D0,0.01289,1.0000,5.6762,0.084,0.006
1337,85568,orientation_cued_D0,0.00152,1.0000,0.2072,0.064,0.005
1338,85632,orientation_cued_D0,0.03287,0.9844,13.8001,0.086,0.005
1339,85696,orientation_cued_D0,0.00575,1.0000,2.9147,0.081,0.005
1340,85760,orientation_cued_D0,0.00084,1.0000,0.0851,0.081,0.005
1341,85824,orientation_cued_D0,0.00116,1.0000,0.2074,0.075,0.006
1342,85888,orientation_cued_D0,0.05975,0.9844,10.8960,0.073,0.005
1343,85952,orientation_cued_D0,0.00169,1.0000,0.7157,0.076,0.005
1344,86016,orientation_cued_D0,0.01272,0.9844,7.7036,0.090,0.005
1345,86080,orientation_cued_D0,0.00116,1.0000,0.2876,0.089,0.005
1346,86144,orientation_cued_D0,0.00049,1.0000,0.0450,0.082,0.005
1347,86208,orientation_cued_D0,0.00099,1.0000,0.2200,0.088,0.006
1348,86272,orientation_cued_D0,0.00146,1.0000,0.4588,0.069,0.005
1349,86336,orientation_cued_D0,0.13402,0.9688,8.4303,0.100,0.009
1350,86400,orientation_cued_D0,0.00217,1.0000,1.0482,0.113,0.008
1351,86464,orientation_cued_D0,0.00948,1.0000,5.9135,0.093,0.005
1352,86528,orientation_cued_D0,0.00049,1.0000,0.0286,0.092,0.005
1353,86592,orientation_cued_D0,0.00217,1.0000,0.4407,0.095,0.008
1354,86656,orientation_cued_D0,0.00410,1.0000,1.6665,0.085,0.007
1355,86720,orientation_cued_D0,0.00330,1.0000,1.3048,0.073,0.004
1356,86784,orientation_cued_D0,0.01307,1.0000,8.4444,0.077,0.005
1357,86848,orientation_cued_D0,0.00094,1.0000,0.1607,0.077,0.005
1358,86912,orientation_cued_D0,0.01812,0.9844,7.0264,0.077,0.004
1359,86976,orientation_cued_D0,0.00122,1.0000,0.3827,0.078,0.007
1360,87040,orientation_cued_D0,0.00049,1.0000,0.0374,0.069,0.004
1361,87104,orientation_cued_D0,0.00159,1.0000,0.4700,0.079,0.004
1362,87168,orientation_cued_D0,0.00132,1.0000,0.3030,0.082,0.008
1363,87232,orientation_cued_D0,0.00193,1.0000,0.6019,0.097,0.005
1364,87296,orientation_cued_D0,0.03520,0.9844,9.2523,0.099,0.006
1365,87360,orientation_cued_D0,0.00074,1.0000,0.1163,0.089,0.008
1366,87424,orientation_cued_D0,0.00156,1.0000,0.5807,0.081,0.004
1367,87488,orientation_cued_D0,0.00059,1.0000,0.0393,0.094,0.007
1368,87552,orientation_cued_D0,0.00392,1.0000,3.2321,0.077,0.007
1369,87616,orientation_cued_D0,0.00111,1.0000,0.2452,0.081,0.008
1370,87680,orientation_cued_D0,0.00295,1.0000,1.0098,0.092,0.008
1371,87744,orientation_cued_D0,0.00089,1.0000,0.1116,0.107,0.008
1372,87808,orientation_cued_D0,0.00046,1.0000,0.0254,0.087,0.008
1373,87872,orientation_cued_D0,0.00047,1.0000,0.0547,0.091,0.008
1374,87936,orientation_cued_D0,0.00075,1.0000,0.0868,0.089,0.008
1375,88000,orientation_cued_D0,0.01697,1.0000,9.9895,0.077,0.004
1376,88064,orientation_cued_D0,0.00086,1.0000,0.1448,0.077,0.007
1377,88128,orientation_cued_D0,0.07587,0.9688,17.4949,0.081,0.005
1378,88192,orientation_cued_D0,0.00194,1.0000,0.8329,0.085,0.005
1379,88256,orientation_cued_D0,0.00338,1.0000,1.4073,0.085,0.005
1380,88320,orientation_cued_D0,0.00163,1.0000,1.0992,0.088,0.007
1381,88384,orientation_cued_D0,0.00176,1.0000,0.5912,0.082,0.005
1382,88448,orientation_cued_D0,0.01783,0.9844,9.1584,0.083,0.005
1383,88512,orientation_cued_D0,0.00065,1.0000,0.0583,0.084,0.005
1384,88576,orientation_cued_D0,0.00178,1.0000,0.8666,0.103,0.009
1385,88640,orientation_cued_D0,0.01607,0.9844,9.1594,0.082,0.009
1386,88704,orientation_cued_D0,0.02877,0.9844,11.5837,0.079,0.005
1387,88768,orientation_cued_D0,0.00103,1.0000,0.2435,0.101,0.005
1388,88832,orientation_cued_D0,0.00128,1.0000,0.4424,0.093,0.006
1389,88896,orientation_cued_D0,0.03888,0.9844,11.1865,0.084,0.008
1390,88960,orientation_cued_D0,0.00165,1.0000,0.6049,0.080,0.005
1391,89024,orientation_cued_D0,0.00119,1.0000,0.1473,0.089,0.007
1392,89088,orientation_cued_D0,0.04220,0.9844,12.0811,0.067,0.005
1393,89152,orientation_cued_D0,0.00133,1.0000,0.1525,0.081,0.006
1394,89216,orientation_cued_D0,0.00135,1.0000,0.2083,0.079,0.005
1395,89280,orientation_cued_D0,0.06950,0.9844,11.7698,0.093,0.005
1396,89344,orientation_cued_D0,0.03964,0.9844,14.7459,0.117,0.012
1397,89408,orientation_cued_D0,0.00528,1.0000,3.2723,0.098,0.008
1398,89472,orientation_cued_D0,0.00133,1.0000,0.4525,0.081,0.007
1399,89536,orientation_cued_D0,0.00236,1.0000,0.5785,0.084,0.005
1400,89600,orientation_cued_D0,0.02711,0.9844,13.1386,0.084,0.008
1401,89664,orientation_cued_D0,0.03436,0.9844,13.2521,0.049,0.007
1402,89728,orientation_cued_D0,0.00942,1.0000,4.7322,0.078,0.005
1403,89792,orientation_cued_D0,0.00293,1.0000,0.9918,0.078,0.005
1404,89856,orientation_cued_D0,0.02762,1.0000,14.9751,0.084,0.008
1405,89920,orientation_cued_D0,0.02368,0.9844,10.6115,0.086,0.007
1406,89984,orientation_cued_D0,0.00829,1.0000,2.8844,0.068,0.005
1407,90048,orientation_cued_D0,0.00584,1.0000,3.6457,0.077,0.007
1408,90112,orientation_cued_D0,0.08156,0.9688,13.6495,0.080,0.005
1409,90176,orientation_cued_D0,0.05479,0.9844,8.1737,0.079,0.005
1410,90240,orientation_cued_D0,0.00485,1.0000,0.9232,0.079,0.007
1411,90304,orientation_cued_D0,0.00805,1.0000,3.5099,0.071,0.006
1412,90368,orientation_cued_D0,0.00233,1.0000,0.3819,0.088,0.008
1413,90432,orientation_cued_D0,0.00129,1.0000,0.3608,0.092,0.007
1414,90496,orientation_cued_D0,0.00298,1.0000,1.1878,0.108,0.007
1415,90560,orientation_cued_D0,0.01027,1.0000,4.5747,0.085,0.008
1416,90624,orientation_cued_D0,0.09403,0.9844,9.2961,0.079,0.005
1417,90688,orientation_cued_D0,0.20893,0.9375,23.0559,0.087,0.007
1418,90752,orientation_cued_D0,0.00183,1.0000,0.2222,0.081,0.005
1419,90816,orientation_cued_D0,0.01786,0.9844,6.9569,0.068,0.005
1420,90880,orientation_cued_D0,0.00125,1.0000,0.2278,0.075,0.005
1421,90944,orientation_cued_D0,0.00293,1.0000,1.2406,0.085,0.005
1422,91008,orientation_cued_D0,0.00046,1.0000,0.0558,0.076,0.006
1423,91072,orientation_cued_D0,0.00656,1.0000,2.6130,0.088,0.008
1424,91136,orientation_cued_D0,0.01788,0.9844,8.6132,0.083,0.007
1425,91200,orientation_cued_D0,0.00495,1.0000,1.6164,0.077,0.007
1426,91264,orientation_cued_D0,0.00105,1.0000,0.1171,0.089,0.006
1427,91328,orientation_cued_D0,0.00191,1.0000,0.3906,0.081,0.006
1428,91392,orientation_cued_D0,0.07445,0.9844,7.1855,0.085,0.006
1429,91456,orientation_cued_D0,0.00353,1.0000,1.1963,0.078,0.006
1430,91520,orientation_cued_D0,0.00148,1.0000,0.3578,0.076,0.005
1431,91584,orientation_cued_D0,0.06283,0.9844,9.4590,0.071,0.005
1432,91648,orientation_cued_D0,0.00158,1.0000,0.5170,0.092,0.006
1433,91712,orientation_cued_D0,0.00115,1.0000,0.1874,0.074,0.007
1434,91776,orientation_cued_D0,0.00597,1.0000,2.7310,0.088,0.007
1435,91840,orientation_cued_D0,0.00350,1.0000,1.9645,0.090,0.007
1436,91904,orientation_cued_D0,0.01415,0.9844,7.0504,0.075,0.007
1437,91968,orientation_cued_D0,0.00278,1.0000,0.8032,0.081,0.005
1438,92032,orientation_cued_D0,0.00453,1.0000,1.9468,0.098,0.005
1439,92096,orientation_cued_D0,0.00447,1.0000,1.9898,0.131,0.010
1440,92160,orientation_cued_D0,0.12033,0.9844,5.1492,0.082,0.007
1441,92224,orientation_cued_D0,0.00064,1.0000,0.0501,0.097,0.008
1442,92288,orientation_cued_D0,0.01292,0.9844,7.1630,0.090,0.008
1443,92352,orientation_cued_D0,0.03056,0.9844,9.4278,0.094,0.009
1444,92416,orientation_cued_D0,0.00079,1.0000,0.0617,0.087,0.008
1445,92480,orientation_cued_D0,0.00093,1.0000,0.1190,0.089,0.005
1446,92544,orientation_cued_D0,0.00271,1.0000,1.0260,0.087,0.011
1447,92608,orientation_cued_D0,0.00797,1.0000,3.7195,0.085,0.008
1448,92672,orientation_cued_D0,0.00161,1.0000,0.3766,0.103,0.009
1449,92736,orientation_cued_D0,0.00188,1.0000,0.4508,0.090,0.008
1450,92800,orientation_cued_D0,0.00080,1.0000,0.0554,0.094,0.007
1451,92864,orientation_cued_D0,0.00207,1.0000,0.5262,0.085,0.007
1452,92928,orientation_cued_D0,0.01269,0.9844,4.6932,0.075,0.008
1453,92992,orientation_cued_D0,0.00271,1.0000,0.6743,0.092,0.007
1454,93056,orientation_cued_D0,0.01535,0.9844,6.9212,0.090,0.007
1455,93120,orientation_cued_D0,0.00086,1.0000,0.0907,0.069,0.004
1456,93184,orientation_cued_D0,0.00165,1.0000,0.2641,0.072,0.005
1457,93248,orientation_cued_D0,0.00551,1.0000,2.2902,0.089,0.005
1458,93312,orientation_cued_D0,0.00211,1.0000,1.1315,0.081,0.005
1459,93376,orientation_cued_D0,0.00281,1.0000,0.8946,0.079,0.005
1460,93440,orientation_cued_D0,0.01572,0.9844,6.1633,0.077,0.005
1461,93504,orientation_cued_D0,0.00230,1.0000,0.5789,0.087,0.007
1462,93568,orientation_cued_D0,0.01765,1.0000,6.8597,0.076,0.005
1463,93632,orientation_cued_D0,0.03015,0.9844,11.1626,0.076,0.005
1464,93696,orientation_cued_D0,0.00219,1.0000,0.6596,0.079,0.005
1465,93760,orientation_cued_D0,0.00157,1.0000,0.2860,0.064,0.005
1466,93824,orientation_cued_D0,0.00360,1.0000,1.0246,0.087,0.005
1467,93888,orientation_cued_D0,0.00394,1.0000,0.9415,0.080,0.005
1468,93952,orientation_cued_D0,0.00048,1.0000,0.0234,0.076,0.005
1469,94016,orientation_cued_D0,0.00359,1.0000,1.0743,0.085,0.005
1470,94080,orientation_cued_D0,0.00122,1.0000,0.3046,0.091,0.007
1471,94144,orientation_cued_D0,0.00355,1.0000,0.5944,0.082,0.006
1472,94208,orientation_cued_D0,0.00365,1.0000,1.2316,0.077,0.006
1473,94272,orientation_cued_D0,0.01045,1.0000,5.1696,0.081,0.005
1474,94336,orientation_cued_D0,0.00103,1.0000,0.1526,0.089,0.008
1475,94400,orientation_cued_D0,0.00114,1.0000,0.2722,0.096,0.008
1476,94464,orientation_cued_D0,0.00050,1.0000,0.0592,0.077,0.008
1477,94528,orientation_cued_D0,0.00376,1.0000,2.2601,0.102,0.007
1478,94592,orientation_cued_D0,0.00092,1.0000,0.1223,0.102,0.010
1479,94656,orientation_cued_D0,0.02025,0.9844,8.4509,0.085,0.005
1480,94720,orientation_cued_D0,0.00334,1.0000,1.3225,0.102,0.008
1481,94784,orientation_cued_D0,0.00265,1.0000,0.9985,0.094,0.008
1482,94848,orientation_cued_D0,0.00905,1.0000,6.1990,0.079,0.006
1483,94912,orientation_cued_D0,0.04294,0.9844,8.7403,0.077,0.005
1484,94976,orientation_cued_D0,0.00103,1.0000,0.3083,0.084,0.005
1485,95040,orientation_cued_D0,0.00049,1.0000,0.0325,0.088,0.008
1486,95104,orientation_cued_D0,0.04732,0.9844,7.4942,0.074,0.005
1487,95168,orientation_cued_D0,0.11991,0.9531,21.3778,0.089,0.008
1488,95232,orientation_cued_D0,0.00119,1.0000,0.3966,0.083,0.005
1489,95296,orientation_cued_D0,0.00058,1.0000,0.0443,0.079,0.006
1490,95360,orientation_cued_D0,0.00259,1.0000,0.6899,0.083,0.005
1491,95424,orientation_cued_D0,0.00343,1.0000,1.5577,0.087,0.008
1492,95488,orientation_cued_D0,0.00667,1.0000,2.7927,0.094,0.007
1493,95552,orientation_cued_D0,0.00143,1.0000,0.3952,0.075,0.005
1494,95616,orientation_cued_D0,0.00619,1.0000,2.3270,0.079,0.005
1495,95680,orientation_cued_D0,0.01168,1.0000,4.8669,0.083,0.006
1496,95744,orientation_cued_D0,0.00326,1.0000,1.2372,0.084,0.005
1497,95808,orientation_cued_D0,0.07675,0.9688,16.0666,0.080,0.010
1498,95872,orientation_cued_D0,0.00324,1.0000,1.0337,0.076,0.006
1499,95936,orientation_cued_D0,0.00119,1.0000,0.2028,0.084,0.006
1500,96000,orientation_cued_D0,0.04232,0.9844,9.6347,0.106,0.008
1501,96064,orientation_cued_D0,0.01154,1.0000,4.7179,0.111,0.005
1502,96128,orientation_cued_D0,0.00546,1.0000,2.8045,0.094,0.006
1503,96192,orientation_cued_D0,0.01746,0.9844,7.1979,0.094,0.007
1504,96256,orientation_cued_D0,0.00107,1.0000,0.2700,0.083,0.007
1505,96320,orientation_cued_D0,0.01265,0.9844,6.6890,0.080,0.005
1506,96384,orientation_cued_D0,0.00132,1.0000,0.1970,0.081,0.005
1507,96448,orientation_cued_D0,0.00053,1.0000,0.0474,0.076,0.005
1508,96512,orientation_cued_D0,0.00111,1.0000,0.3338,0.077,0.004
1509,96576,orientation_cued_D0,0.06725,0.9531,12.4946,0.079,0.005
1510,96640,orientation_cued_D0,0.00251,1.0000,0.8722,0.077,0.004
1511,96704,orientation_cued_D0,0.00133,1.0000,0.3082,0.097,0.008
1512,96768,orientation_cued_D0,0.00252,1.0000,1.3099,0.080,0.005
1513,96832,orientation_cued_D0,0.00126,1.0000,0.2917,0.098,0.008
1514,96896,orientation_cued_D0,0.04470,0.9844,13.3217,0.093,0.006
1515,96960,orientation_cued_D0,0.00318,1.0000,1.8371,0.079,0.006
1516,97024,orientation_cued_D0,0.01932,0.9844,8.2759,0.078,0.005
1517,97088,orientation_cued_D0,0.00063,1.0000,0.1134,0.077,0.004
1518,97152,orientation_cued_D0,0.01194,0.9844,8.0065,0.082,0.005
1519,97216,orientation_cued_D0,0.00106,1.0000,0.2514,0.083,0.004
1520,97280,orientation_cued_D0,0.00051,1.0000,0.0285,0.084,0.005
1521,97344,orientation_cued_D0,0.00077,1.0000,0.0998,0.078,0.006
1522,97408,orientation_cued_D0,0.00770,1.0000,4.1605,0.096,0.005
1523,97472,orientation_cued_D0,0.00066,1.0000,0.0629,0.085,0.006
1524,97536,orientation_cued_D0,0.00097,1.0000,0.1179,0.079,0.005
1525,97600,orientation_cued_D0,0.00499,1.0000,2.5760,0.080,0.005
1526,97664,orientation_cued_D0,0.00459,1.0000,1.7213,0.078,0.005
1527,97728,orientation_cued_D0,0.00227,1.0000,0.3634,0.081,0.005
1528,97792,orientation_cued_D0,0.02699,0.9844,10.6613,0.081,0.005
1529,97856,orientation_cued_D0,0.00468,1.0000,1.7028,0.083,0.005
1530,97920,orientation_cued_D0,0.00179,1.0000,0.7274,0.087,0.005
1531,97984,orientation_cued_D0,0.07693,0.9844,13.5673,0.103,0.008
1532,98048,orientation_cued_D0,0.00123,1.0000,0.6375,0.081,0.006
1533,98112,orientation_cued_D0,0.00072,1.0000,0.0872,0.083,0.007
1534,98176,orientation_cued_D0,0.00052,1.0000,0.0302,0.084,0.008
1535,98240,orientation_cued_D0,0.02943,0.9844,10.2542,0.085,0.008
1536,98304,orientation_cued_D0,0.00101,1.0000,0.2077,0.086,0.007
1537,98368,orientation_cued_D0,0.01692,0.9844,6.9926,0.079,0.005
1538,98432,orientation_cued_D0,0.00145,1.0000,0.3599,0.075,0.006
1539,98496,orientation_cued_D0,0.00493,1.0000,1.1282,0.096,0.010
1540,98560,orientation_cued_D0,0.00197,1.0000,0.4034,0.080,0.005
1541,98624,orientation_cued_D0,0.00411,1.0000,1.9664,0.095,0.005
1542,98688,orientation_cued_D0,0.00525,1.0000,2.6641,0.075,0.007
1543,98752,orientation_cued_D0,0.05477,0.9844,9.9139,0.078,0.005
1544,98816,orientation_cued_D0,0.00468,1.0000,1.6958,0.081,0.007
1545,98880,orientation_cued_D0,0.01405,1.0000,4.8930,0.082,0.005
1546,98944,orientation_cued_D0,0.04794,0.9688,17.8501,0.086,0.008
1547,99008,orientation_cued_D0,0.00247,1.0000,1.0057,0.093,0.009
1548,99072,orientation_cued_D0,0.02805,0.9844,7.8092,0.086,0.006
1549,99136,orientation_cued_D0,0.00262,1.0000,1.2467,0.091,0.005
1550,99200,orientation_cued_D0,0.00118,1.0000,0.4606,0.078,0.007
1551,99264,orientation_cued_D0,0.04036,0.9688,15.2626,0.083,0.008
1552,99328,orientation_cued_D0,0.01890,0.9844,10.5432,0.070,0.004
1553,99392,orientation_cued_D0,0.00091,1.0000,0.1507,0.073,0.006
1554,99456,orientation_cued_D0,0.00059,1.0000,0.0749,0.089,0.007
1555,99520,orientation_cued_D0,0.00424,1.0000,1.6236,0.077,0.007
1556,99584,orientation_cued_D0,0.00714,1.0000,1.6458,0.085,0.005
1557,99648,orientation_cued_D0,0.00577,1.0000,2.4336,0.124,0.010
1558,99712,orientation_cued_D0,0.08401,0.9844,8.9261,0.076,0.008
1559,99776,orientation_cued_D0,0.17932,0.9375,23.8222,0.092,0.007
1560,99840,orientation_cued_D0,0.01469,1.0000,7.3048,0.071,0.007
1561,99904,orientation_cued_D0,0.02440,0.9844,8.6299,0.080,0.006
1562,99968,orientation_cued_D0,0.03468,0.9844,9.7396,0.077,0.004
1563,100032,orientation_cued_D0,0.08557,0.9844,8.8039,0.077,0.004
