update,episodes,cell,loss,accuracy,grad_norm,seconds,wait_seconds
1,64,orientation_cued_D2,0.00017,1.0000,0.0089,0.633,1.163
2,128,orientation_cued_D0,0.00009,1.0000,0.0028,0.060,0.007
3,192,orientation_cued_D4,0.04816,0.9844,34.6799,0.148,0.005
4,256,orientation_cued_D4,0.18924,0.9531,80.7790,0.115,0.009
5,320,orientation_cued_D0,0.00007,1.0000,0.0018,0.069,0.008
6,384,orientation_cued_D2,0.00025,1.0000,0.1233,0.098,0.004
7,448,orientation_cued_D0,0.00008,1.0000,0.0027,0.075,0.006
8,512,orientation_cued_D4,0.00042,1.0000,0.1483,0.141,0.004
9,576,orientation_cued_D2,0.00014,1.0000,0.0248,0.090,0.007
10,640,orientation_cued_D0,0.00012,1.0000,0.0179,0.065,0.006
11,704,orientation_cued_D4,0.00048,1.0000,0.2008,0.122,0.005
12,768,orientation_cued_D2,0.00032,1.0000,0.1613,0.088,0.007
13,832,orientation_cued_D0,0.00010,1.0000,0.0045,0.065,0.005
14,896,orientation_cued_D4,0.21303,0.9531,20.6727,0.117,0.004
15,960,orientation_cued_D2,0.08772,0.9844,11.8745,0.096,0.013
16,1024,orientation_cued_D0,0.00009,1.0000,0.0027,0.066,0.006
17,1088,orientation_cued_D4,0.01861,0.9844,8.6098,0.115,0.004
18,1152,orientation_cued_D2,0.02412,0.9844,6.5142,0.087,0.007
19,1216,orientation_cued_D0,0.00026,1.0000,0.0500,0.066,0.006
20,1280,orientation_cued_D4,0.02561,0.9844,33.9182,0.114,0.004
21,1344,orientation_cued_D2,0.00011,1.0000,0.0034,0.087,0.007
22,1408,orientation_cued_D0,0.00012,1.0000,0.0111,0.065,0.006
23,1472,orientation_cued_D4,0.00044,1.0000,0.1600,0.110,0.004
24,1536,orientation_cued_D2,0.00095,1.0000,0.3411,0.086,0.007
25,1600,orientation_cued_D0,0.00017,1.0000,0.0161,0.068,0.006
26,1664,orientation_cued_D4,0.01132,1.0000,10.5912,0.118,0.004
27,1728,orientation_cued_D2,0.00023,1.0000,0.0224,0.090,0.008
28,1792,orientation_cued_D0,0.00012,1.0000,0.0069,0.065,0.006
29,1856,orientation_cued_D4,0.00043,1.0000,0.1004,0.114,0.004
30,1920,orientation_cued_D2,0.00428,1.0000,1.9913,0.087,0.007
31,1984,orientation_cued_D0,0.00211,1.0000,0.6815,0.065,0.006
32,2048,orientation_cued_D4,0.00035,1.0000,0.1289,0.111,0.004
33,2112,orientation_cued_D2,0.00022,1.0000,0.0180,0.086,0.007
34,2176,orientation_cued_D0,0.00010,1.0000,0.0023,0.064,0.006
35,2240,orientation_cued_D4,0.00058,1.0000,0.1092,0.112,0.004
36,2304,orientation_cued_D2,0.02199,0.9844,13.2470,0.120,0.007
37,2368,orientation_cued_D0,0.00028,1.0000,0.0630,0.080,0.005
38,2432,orientation_cued_D4,0.01827,0.9844,9.3273,0.110,0.004
39,2496,orientation_cued_D2,0.00015,1.0000,0.0063,0.102,0.007
40,2560,orientation_cued_D0,0.00134,1.0000,0.5031,0.065,0.005
41,2624,orientation_cued_D4,0.00162,1.0000,0.7778,0.122,0.004
42,2688,orientation_cued_D2,0.00073,1.0000,0.3386,0.087,0.007
43,2752,orientation_cued_D0,0.00584,1.0000,1.8921,0.065,0.006
44,2816,orientation_cued_D4,0.11990,0.9688,15.0549,0.113,0.004
45,2880,orientation_cued_D2,0.00020,1.0000,0.0149,0.089,0.007
46,2944,orientation_cued_D0,0.00056,1.0000,0.1489,0.068,0.005
47,3008,orientation_cued_D4,0.00114,1.0000,0.3562,0.114,0.004
48,3072,orientation_cued_D2,0.00023,1.0000,0.0138,0.090,0.007
49,3136,orientation_cued_D0,0.00017,1.0000,0.0136,0.065,0.006
50,3200,orientation_cued_D4,0.00033,1.0000,0.0974,0.116,0.004
51,3264,orientation_cued_D2,0.00013,1.0000,0.0035,0.087,0.007
52,3328,orientation_cued_D0,0.00312,1.0000,0.9704,0.064,0.006
53,3392,orientation_cued_D4,0.00069,1.0000,0.2788,0.112,0.004
54,3456,orientation_cued_D2,0.00015,1.0000,0.0081,0.086,0.007
55,3520,orientation_cued_D0,0.00022,1.0000,0.0404,0.064,0.006
56,3584,orientation_cued_D4,0.00033,1.0000,0.0608,0.117,0.004
57,3648,orientation_cued_D2,0.00014,1.0000,0.0076,0.088,0.007
58,3712,orientation_cued_D0,0.00016,1.0000,0.0159,0.065,0.006
59,3776,orientation_cued_D4,0.00029,1.0000,0.0499,0.116,0.004
60,3840,orientation_cued_D2,0.00016,1.0000,0.0102,0.100,0.013
61,3904,orientation_cued_D0,0.00024,1.0000,0.0458,0.071,0.006
62,3968,orientation_cued_D4,0.00014,1.0000,0.0049,0.123,0.004
63,4032,orientation_cued_D2,0.00012,1.0000,0.0039,0.096,0.007
64,4096,orientation_cued_D0,0.00019,1.0000,0.0212,0.067,0.005
65,4160,orientation_cued_D4,0.00020,1.0000,0.0157,0.114,0.005
66,4224,orientation_cued_D2,0.00015,1.0000,0.0050,0.101,0.007
67,4288,orientation_cued_D0,0.00009,1.0000,0.0019,0.067,0.006
68,4352,orientation_cued_D4,0.00326,1.0000,2.1604,0.114,0.004
69,4416,orientation_cued_D2,0.00047,1.0000,0.1666,0.088,0.007
70,4480,orientation_cued_D0,0.00019,1.0000,0.0186,0.065,0.006
71,4544,orientation_cued_D4,0.00067,1.0000,0.3702,0.114,0.004
72,4608,orientation_cued_D2,0.00144,1.0000,0.6017,0.087,0.007
73,4672,orientation_cued_D0,0.00009,1.0000,0.0018,0.065,0.006
74,4736,orientation_cued_D4,0.00028,1.0000,0.0684,0.113,0.004
75,4800,orientation_cued_D2,0.00013,1.0000,0.0050,0.086,0.007
76,4864,orientation_cued_D0,0.00012,1.0000,0.0035,0.065,0.005
77,4928,orientation_cued_D4,0.00061,1.0000,0.2828,0.118,0.005
78,4992,orientation_cued_D2,0.00012,1.0000,0.0072,0.088,0.007
79,5056,orientation_cued_D0,0.00012,1.0000,0.0098,0.065,0.006
80,5120,orientation_cued_D4,0.00019,1.0000,0.0167,0.113,0.004
81,5184,orientation_cued_D2,0.00065,1.0000,0.2843,0.088,0.007
82,5248,orientation_cued_D0,0.00010,1.0000,0.0028,0.064,0.006
83,5312,orientation_cued_D4,0.00554,1.0000,4.3919,0.113,0.004
84,5376,orientation_cued_D2,0.00013,1.0000,0.0035,0.087,0.007
85,5440,orientation_cued_D0,0.00010,1.0000,0.0028,0.064,0.006
86,5504,orientation_cued_D4,0.00015,1.0000,0.0140,0.113,0.004
87,5568,orientation_cued_D2,0.00013,1.0000,0.0039,0.096,0.007
88,5632,orientation_cued_D0,0.00045,1.0000,0.2360,0.066,0.005
89,5696,orientation_cued_D4,0.00019,1.0000,0.0170,0.113,0.004
90,5760,orientation_cued_D2,0.00011,1.0000,0.0041,0.087,0.007
91,5824,orientation_cued_D0,0.00009,1.0000,0.0019,0.065,0.006
92,5888,orientation_cued_D4,0.00024,1.0000,0.0365,0.114,0.004
93,5952,orientation_cued_D2,0.00014,1.0000,0.0062,0.087,0.007
94,6016,orientation_cued_D0,0.00010,1.0000,0.0024,0.065,0.006
95,6080,orientation_cued_D4,0.00021,1.0000,0.0608,0.113,0.004
96,6144,orientation_cued_D2,0.00023,1.0000,0.0465,0.087,0.007
97,6208,orientation_cued_D0,0.00010,1.0000,0.0028,0.065,0.005
98,6272,orientation_cued_D4,0.00030,1.0000,0.0639,0.118,0.004
99,6336,orientation_cued_D2,0.00013,1.0000,0.0038,0.088,0.007
100,6400,orientation_cued_D0,0.00015,1.0000,0.0277,0.065,0.006
101,6464,orientation_cued_D4,0.00014,1.0000,0.0048,0.113,0.004
102,6528,orientation_cued_D2,0.00012,1.0000,0.0035,0.087,0.007
103,6592,orientation_cued_D0,0.00014,1.0000,0.0241,0.064,0.006
104,6656,orientation_cued_D4,0.00021,1.0000,0.0439,0.138,0.004
105,6720,orientation_cued_D2,0.00011,1.0000,0.0022,0.092,0.012
106,6784,orientation_cued_D0,0.00013,1.0000,0.0152,0.063,0.005
107,6848,orientation_cued_D4,0.00015,1.0000,0.0081,0.139,0.006
108,6912,orientation_cued_D2,0.00020,1.0000,0.0366,0.093,0.012
109,6976,orientation_cued_D0,0.00009,1.0000,0.0022,0.064,0.005
110,7040,orientation_cued_D4,0.00017,1.0000,0.0233,0.110,0.004
111,7104,orientation_cued_D2,0.00010,1.0000,0.0022,0.086,0.007
112,7168,orientation_cued_D0,0.00009,1.0000,0.0018,0.065,0.005
113,7232,orientation_cued_D4,0.00022,1.0000,0.0490,0.113,0.004
114,7296,orientation_cued_D2,0.00011,1.0000,0.0026,0.091,0.007
115,7360,orientation_cued_D0,0.00009,1.0000,0.0022,0.065,0.006
116,7424,orientation_cued_D4,0.00049,1.0000,0.3166,0.114,0.004
117,7488,orientation_cued_D2,0.00011,1.0000,0.0027,0.093,0.007
118,7552,orientation_cued_D0,0.00010,1.0000,0.0045,0.087,0.006
119,7616,orientation_cued_D4,0.00031,1.0000,0.1940,0.126,0.007
120,7680,orientation_cued_D2,0.00012,1.0000,0.0035,0.093,0.008
121,7744,orientation_cued_D0,0.00009,1.0000,0.0036,0.066,0.006
122,7808,orientation_cued_D4,0.00015,1.0000,0.0342,0.115,0.004
123,7872,orientation_cued_D2,0.00012,1.0000,0.0050,0.087,0.007
124,7936,orientation_cued_D0,0.00091,1.0000,0.3325,0.064,0.006
125,8000,orientation_cued_D4,0.00015,1.0000,0.0068,0.111,0.004
126,8064,orientation_cued_D2,0.00010,1.0000,0.0024,0.086,0.007
127,8128,orientation_cued_D0,0.00009,1.0000,0.0019,0.065,0.006
128,8192,orientation_cued_D4,0.00015,1.0000,0.0070,0.127,0.005
129,8256,orientation_cued_D2,0.00010,1.0000,0.0039,0.097,0.008
130,8320,orientation_cued_D0,0.00013,1.0000,0.0052,0.092,0.006
131,8384,orientation_cued_D4,0.00013,1.0000,0.0075,0.130,0.004
132,8448,orientation_cued_D2,0.00009,1.0000,0.0018,0.094,0.012
133,8512,orientation_cued_D0,0.00008,1.0000,0.0018,0.068,0.009
134,8576,orientation_cued_D4,0.00012,1.0000,0.0043,0.138,0.007
135,8640,orientation_cued_D2,0.00013,1.0000,0.0118,0.092,0.012
136,8704,orientation_cued_D0,0.00009,1.0000,0.0018,0.067,0.009
137,8768,orientation_cued_D4,0.00014,1.0000,0.0080,0.141,0.006
138,8832,orientation_cued_D2,0.00009,1.0000,0.0019,0.093,0.012
139,8896,orientation_cued_D0,0.00008,1.0000,0.0017,0.064,0.006
140,8960,orientation_cued_D4,0.00014,1.0000,0.0064,0.112,0.004
141,9024,orientation_cued_D2,0.00050,1.0000,0.1931,0.088,0.008
142,9088,orientation_cued_D0,0.00008,1.0000,0.0016,0.065,0.006
143,9152,orientation_cued_D4,0.00011,1.0000,0.0034,0.113,0.004
144,9216,orientation_cued_D2,0.00010,1.0000,0.0024,0.086,0.007
145,9280,orientation_cued_D0,0.00010,1.0000,0.0070,0.065,0.006
146,9344,orientation_cued_D4,0.00016,1.0000,0.0508,0.114,0.004
147,9408,orientation_cued_D2,0.00010,1.0000,0.0021,0.087,0.007
148,9472,orientation_cued_D0,0.00009,1.0000,0.0028,0.069,0.005
149,9536,orientation_cued_D4,0.00011,1.0000,0.0042,0.115,0.004
150,9600,orientation_cued_D2,0.00009,1.0000,0.0019,0.088,0.007
151,9664,orientation_cued_D0,0.00009,1.0000,0.0068,0.064,0.006
152,9728,orientation_cued_D4,0.00012,1.0000,0.0119,0.119,0.004
153,9792,orientation_cued_D2,0.00009,1.0000,0.0019,0.087,0.007
154,9856,orientation_cued_D0,0.00016,1.0000,0.0609,0.065,0.005
155,9920,orientation_cued_D4,0.00011,1.0000,0.0032,0.113,0.004
156,9984,orientation_cued_D2,0.00009,1.0000,0.0017,0.086,0.007
157,10048,orientation_cued_D0,0.00008,1.0000,0.0018,0.065,0.005
158,10112,orientation_cued_D4,0.00013,1.0000,0.0079,0.118,0.004
159,10176,orientation_cued_D2,0.00009,1.0000,0.0039,0.089,0.007
160,10240,orientation_cued_D0,0.00008,1.0000,0.0031,0.088,0.006
161,10304,orientation_cued_D4,0.00012,1.0000,0.0099,0.136,0.004
162,10368,orientation_cued_D2,0.00008,1.0000,0.0018,0.085,0.008
163,10432,orientation_cued_D0,0.00007,1.0000,0.0015,0.088,0.005
164,10496,orientation_cued_D4,0.00019,1.0000,0.0687,0.128,0.004
165,10560,orientation_cued_D2,0.00009,1.0000,0.0018,0.084,0.008
166,10624,orientation_cued_D0,0.00007,1.0000,0.0014,0.064,0.006
167,10688,orientation_cued_D4,0.00009,1.0000,0.0021,0.112,0.004
168,10752,orientation_cued_D2,0.00009,1.0000,0.0020,0.089,0.007
169,10816,orientation_cued_D0,0.00008,1.0000,0.0043,0.067,0.006
170,10880,orientation_cued_D4,0.00015,1.0000,0.0351,0.114,0.004
171,10944,orientation_cued_D2,0.00008,1.0000,0.0020,0.091,0.007
172,11008,orientation_cued_D0,0.00007,1.0000,0.0016,0.072,0.006
173,11072,orientation_cued_D4,0.00017,1.0000,0.0521,0.125,0.005
174,11136,orientation_cued_D2,0.00009,1.0000,0.0043,0.094,0.008
175,11200,orientation_cued_D0,0.00007,1.0000,0.0015,0.079,0.006
176,11264,orientation_cued_D4,0.00016,1.0000,0.0292,0.114,0.004
177,11328,orientation_cued_D2,0.00009,1.0000,0.0023,0.119,0.008
178,11392,orientation_cued_D0,0.00007,1.0000,0.0015,0.081,0.006
179,11456,orientation_cued_D4,0.00016,1.0000,0.0831,0.113,0.004
180,11520,orientation_cued_D2,0.00009,1.0000,0.0042,0.116,0.007
181,11584,orientation_cued_D0,0.00007,1.0000,0.0016,0.080,0.005
182,11648,orientation_cued_D4,0.00011,1.0000,0.0115,0.111,0.004
183,11712,orientation_cued_D2,0.00008,1.0000,0.0016,0.114,0.007
184,11776,orientation_cued_D0,0.00006,1.0000,0.0013,0.079,0.005
185,11840,orientation_cued_D4,0.00011,1.0000,0.0095,0.110,0.004
186,11904,orientation_cued_D2,0.00009,1.0000,0.0085,0.115,0.007
187,11968,orientation_cued_D0,0.00006,1.0000,0.0012,0.088,0.006
188,12032,orientation_cued_D4,0.00009,1.0000,0.0033,0.136,0.004
189,12096,orientation_cued_D2,0.00007,1.0000,0.0015,0.081,0.007
190,12160,orientation_cued_D0,0.00007,1.0000,0.0022,0.064,0.005
191,12224,orientation_cued_D4,0.00008,1.0000,0.0018,0.115,0.007
192,12288,orientation_cued_D2,0.00020,1.0000,0.0842,0.085,0.007
193,12352,orientation_cued_D0,0.00007,1.0000,0.0041,0.063,0.005
194,12416,orientation_cued_D4,0.00010,1.0000,0.0055,0.114,0.007
195,12480,orientation_cued_D2,0.00007,1.0000,0.0014,0.085,0.007
196,12544,orientation_cued_D0,0.00011,1.0000,0.0367,0.064,0.006
197,12608,orientation_cued_D4,0.00009,1.0000,0.0043,0.114,0.004
198,12672,orientation_cued_D2,0.00008,1.0000,0.0021,0.091,0.008
199,12736,orientation_cued_D0,0.00008,1.0000,0.0090,0.068,0.006
200,12800,orientation_cued_D4,0.00009,1.0000,0.0088,0.114,0.004
201,12864,orientation_cued_D2,0.00009,1.0000,0.0085,0.083,0.006
202,12928,orientation_cued_D0,0.00007,1.0000,0.0026,0.063,0.005
203,12992,orientation_cued_D4,0.00008,1.0000,0.0022,0.114,0.004
204,13056,orientation_cued_D2,0.00007,1.0000,0.0015,0.086,0.007
205,13120,orientation_cued_D0,0.00007,1.0000,0.0038,0.064,0.006
206,13184,orientation_cued_D4,0.00018,1.0000,0.1146,0.115,0.004
207,13248,orientation_cued_D2,0.00007,1.0000,0.0014,0.109,0.007
208,13312,orientation_cued_D0,0.00016,1.0000,0.0657,0.077,0.006
209,13376,orientation_cued_D4,0.00012,1.0000,0.0397,0.143,0.005
210,13440,orientation_cued_D2,0.00007,1.0000,0.0017,0.106,0.009
211,13504,orientation_cued_D0,0.00009,1.0000,0.0211,0.067,0.006
212,13568,orientation_cued_D4,0.00011,1.0000,0.0177,0.115,0.004
213,13632,orientation_cued_D2,0.00007,1.0000,0.0028,0.088,0.008
214,13696,orientation_cued_D0,0.00005,1.0000,0.0011,0.065,0.006
215,13760,orientation_cued_D4,0.00008,1.0000,0.0049,0.115,0.004
216,13824,orientation_cued_D2,0.00007,1.0000,0.0031,0.087,0.007
217,13888,orientation_cued_D0,0.00006,1.0000,0.0034,0.065,0.006
218,13952,orientation_cued_D4,0.00007,1.0000,0.0016,0.116,0.004
219,14016,orientation_cued_D2,0.00006,1.0000,0.0015,0.090,0.008
220,14080,orientation_cued_D0,0.00006,1.0000,0.0011,0.066,0.006
221,14144,orientation_cued_D4,0.00009,1.0000,0.0073,0.115,0.004
222,14208,orientation_cued_D2,0.00007,1.0000,0.0016,0.088,0.007
223,14272,orientation_cued_D0,0.00006,1.0000,0.0011,0.066,0.006
224,14336,orientation_cued_D4,0.00009,1.0000,0.0132,0.114,0.004
225,14400,orientation_cued_D2,0.00007,1.0000,0.0013,0.089,0.008
226,14464,orientation_cued_D0,0.00006,1.0000,0.0011,0.065,0.006
227,14528,orientation_cued_D4,0.00008,1.0000,0.0028,0.115,0.004
228,14592,orientation_cued_D2,0.00006,1.0000,0.0016,0.088,0.007
229,14656,orientation_cued_D0,0.00006,1.0000,0.0013,0.069,0.006
230,14720,orientation_cued_D4,0.00007,1.0000,0.0017,0.116,0.004
231,14784,orientation_cued_D2,0.00006,1.0000,0.0017,0.091,0.008
232,14848,orientation_cued_D0,0.00006,1.0000,0.0011,0.066,0.006
233,14912,orientation_cued_D4,0.00007,1.0000,0.0018,0.116,0.004
234,14976,orientation_cued_D2,0.00006,1.0000,0.0013,0.088,0.007
235,15040,orientation_cued_D0,0.00005,1.0000,0.0010,0.065,0.006
236,15104,orientation_cued_D4,0.00008,1.0000,0.0041,0.114,0.004
237,15168,orientation_cued_D2,0.00006,1.0000,0.0012,0.087,0.007
238,15232,orientation_cued_D0,0.00005,1.0000,0.0015,0.065,0.005
239,15296,orientation_cued_D4,0.00007,1.0000,0.0026,0.118,0.004
240,15360,orientation_cued_D2,0.00006,1.0000,0.0012,0.092,0.013
241,15424,orientation_cued_D0,0.00005,1.0000,0.0010,0.066,0.006
242,15488,orientation_cued_D4,0.00008,1.0000,0.0042,0.117,0.004
243,15552,orientation_cued_D2,0.00007,1.0000,0.0025,0.088,0.007
244,15616,orientation_cued_D0,0.00045,1.0000,0.3352,0.067,0.006
245,15680,orientation_cued_D4,0.00007,1.0000,0.0026,0.116,0.004
246,15744,orientation_cued_D2,0.00017,1.0000,0.1408,0.088,0.007
247,15808,orientation_cued_D0,0.00006,1.0000,0.0013,0.065,0.006
248,15872,orientation_cued_D4,0.00007,1.0000,0.0037,0.118,0.004
249,15936,orientation_cued_D2,0.00005,1.0000,0.0010,0.090,0.008
250,16000,orientation_cued_D0,0.00005,1.0000,0.0014,0.075,0.010
251,16064,orientation_cued_D4,0.00008,1.0000,0.0076,0.114,0.004
252,16128,orientation_cued_D2,0.00006,1.0000,0.0011,0.088,0.007
253,16192,orientation_cued_D0,0.00005,1.0000,0.0015,0.065,0.006
254,16256,orientation_cued_D4,0.00008,1.0000,0.0021,0.115,0.004
255,16320,orientation_cued_D2,0.00006,1.0000,0.0013,0.087,0.007
256,16384,orientation_cued_D0,0.00005,1.0000,0.0009,0.064,0.005
257,16448,orientation_cued_D4,0.00007,1.0000,0.0032,0.112,0.004
258,16512,orientation_cued_D2,0.00006,1.0000,0.0018,0.087,0.007
259,16576,orientation_cued_D0,0.00005,1.0000,0.0013,0.064,0.005
260,16640,orientation_cued_D4,0.00007,1.0000,0.0026,0.129,0.004
261,16704,orientation_cued_D2,0.00006,1.0000,0.0015,0.088,0.008
262,16768,orientation_cued_D0,0.00005,1.0000,0.0009,0.065,0.006
263,16832,orientation_cued_D4,0.00007,1.0000,0.0045,0.124,0.004
264,16896,orientation_cued_D2,0.00006,1.0000,0.0012,0.098,0.008
265,16960,orientation_cued_D0,0.00005,1.0000,0.0018,0.073,0.006
266,17024,orientation_cued_D4,0.00006,1.0000,0.0013,0.123,0.005
267,17088,orientation_cued_D2,0.00005,1.0000,0.0011,0.090,0.007
268,17152,orientation_cued_D0,0.00005,1.0000,0.0009,0.065,0.006
269,17216,orientation_cued_D4,0.00007,1.0000,0.0014,0.113,0.004
270,17280,orientation_cued_D2,0.00005,1.0000,0.0010,0.092,0.007
271,17344,orientation_cued_D0,0.00005,1.0000,0.0013,0.065,0.006
272,17408,orientation_cued_D4,0.00006,1.0000,0.0013,0.112,0.005
273,17472,orientation_cued_D2,0.00006,1.0000,0.0015,0.086,0.007
274,17536,orientation_cued_D0,0.00005,1.0000,0.0009,0.064,0.006
275,17600,orientation_cued_D4,0.00006,1.0000,0.0012,0.112,0.004
276,17664,orientation_cued_D2,0.00005,1.0000,0.0011,0.086,0.007
277,17728,orientation_cued_D0,0.00005,1.0000,0.0021,0.065,0.006
278,17792,orientation_cued_D4,0.00006,1.0000,0.0019,0.115,0.004
279,17856,orientation_cued_D2,0.00005,1.0000,0.0011,0.087,0.007
280,17920,orientation_cued_D0,0.00005,1.0000,0.0010,0.070,0.006
281,17984,orientation_cued_D4,0.00006,1.0000,0.0020,0.122,0.005
282,18048,orientation_cued_D2,0.00005,1.0000,0.0010,0.089,0.008
283,18112,orientation_cued_D0,0.00005,1.0000,0.0027,0.065,0.006
284,18176,orientation_cued_D4,0.00007,1.0000,0.0049,0.115,0.005
285,18240,orientation_cued_D2,0.00005,1.0000,0.0011,0.088,0.007
286,18304,orientation_cued_D0,0.00004,1.0000,0.0009,0.065,0.006
287,18368,orientation_cued_D4,0.00010,1.0000,0.0322,0.113,0.004
288,18432,orientation_cued_D2,0.00006,1.0000,0.0017,0.087,0.007
289,18496,orientation_cued_D0,0.00007,1.0000,0.0159,0.064,0.006
290,18560,orientation_cued_D4,0.00006,1.0000,0.0015,0.113,0.005
291,18624,orientation_cued_D2,0.00005,1.0000,0.0009,0.089,0.007
292,18688,orientation_cued_D0,0.00005,1.0000,0.0012,0.064,0.007
293,18752,orientation_cued_D4,0.00006,1.0000,0.0015,0.118,0.005
294,18816,orientation_cued_D2,0.00006,1.0000,0.0053,0.087,0.007
295,18880,orientation_cued_D0,0.00004,1.0000,0.0008,0.064,0.006
296,18944,orientation_cued_D4,0.00006,1.0000,0.0013,0.113,0.004
297,19008,orientation_cued_D2,0.00005,1.0000,0.0010,0.087,0.007
298,19072,orientation_cued_D0,0.00004,1.0000,0.0009,0.064,0.006
299,19136,orientation_cued_D4,0.00006,1.0000,0.0029,0.113,0.004
300,19200,orientation_cued_D2,0.00005,1.0000,0.0011,0.087,0.007
301,19264,orientation_cued_D0,0.00004,1.0000,0.0009,0.064,0.006
302,19328,orientation_cued_D4,0.00006,1.0000,0.0012,0.125,0.004
303,19392,orientation_cued_D2,0.00005,1.0000,0.0009,0.088,0.008
304,19456,orientation_cued_D0,0.00005,1.0000,0.0051,0.065,0.006
305,19520,orientation_cued_D4,0.00006,1.0000,0.0012,0.113,0.004
306,19584,orientation_cued_D2,0.00005,1.0000,0.0011,0.087,0.007
307,19648,orientation_cued_D0,0.00004,1.0000,0.0010,0.064,0.006
308,19712,orientation_cued_D4,0.00006,1.0000,0.0035,0.112,0.004
309,19776,orientation_cued_D2,0.00005,1.0000,0.0010,0.086,0.007
310,19840,orientation_cued_D0,0.00005,1.0000,0.0030,0.065,0.006
311,19904,orientation_cued_D4,0.00006,1.0000,0.0029,0.112,0.004
312,19968,orientation_cued_D2,0.00005,1.0000,0.0026,0.090,0.007
313,20032,orientation_cued_D0,0.00007,1.0000,0.0146,0.065,0.006
314,20096,orientation_cued_D4,0.00006,1.0000,0.0027,0.112,0.004
315,20160,orientation_cued_D2,0.00005,1.0000,0.0014,0.087,0.007
316,20224,orientation_cued_D0,0.00004,1.0000,0.0016,0.064,0.006
317,20288,orientation_cued_D4,0.00006,1.0000,0.0041,0.114,0.004
318,20352,orientation_cued_D2,0.00012,1.0000,0.0588,0.087,0.007
319,20416,orientation_cued_D0,0.00004,1.0000,0.0009,0.064,0.006
320,20480,orientation_cued_D4,0.00005,1.0000,0.0010,0.115,0.004
321,20544,orientation_cued_D2,0.00005,1.0000,0.0008,0.092,0.008
322,20608,orientation_cued_D0,0.00004,1.0000,0.0008,0.066,0.006
323,20672,orientation_cued_D4,0.00005,1.0000,0.0034,0.122,0.004
324,20736,orientation_cued_D2,0.00005,1.0000,0.0024,0.097,0.008
325,20800,orientation_cued_D0,0.00005,1.0000,0.0033,0.070,0.006
326,20864,orientation_cued_D4,0.00006,1.0000,0.0041,0.116,0.005
327,20928,orientation_cued_D2,0.00004,1.0000,0.0009,0.089,0.007
328,20992,orientation_cued_D0,0.00004,1.0000,0.0009,0.064,0.006
329,21056,orientation_cued_D4,0.00005,1.0000,0.0020,0.113,0.004
330,21120,orientation_cued_D2,0.00005,1.0000,0.0013,0.087,0.007
331,21184,orientation_cued_D0,0.00004,1.0000,0.0007,0.064,0.006
332,21248,orientation_cued_D4,0.00006,1.0000,0.0066,0.112,0.004
333,21312,orientation_cued_D2,0.00004,1.0000,0.0008,0.091,0.007
334,21376,orientation_cued_D0,0.00004,1.0000,0.0007,0.065,0.006
335,21440,orientation_cued_D4,0.00005,1.0000,0.0009,0.113,0.005
336,21504,orientation_cued_D2,0.00004,1.0000,0.0009,0.087,0.007
337,21568,orientation_cued_D0,0.00005,1.0000,0.0050,0.064,0.006
338,21632,orientation_cued_D4,0.00005,1.0000,0.0012,0.114,0.004
339,21696,orientation_cued_D2,0.00005,1.0000,0.0061,0.087,0.008
340,21760,orientation_cued_D0,0.00004,1.0000,0.0008,0.064,0.006
341,21824,orientation_cued_D4,0.00005,1.0000,0.0011,0.112,0.004
342,21888,orientation_cued_D2,0.00004,1.0000,0.0008,0.086,0.007
343,21952,orientation_cued_D0,0.00004,1.0000,0.0016,0.064,0.006
344,22016,orientation_cued_D4,0.00005,1.0000,0.0015,0.116,0.004
345,22080,orientation_cued_D2,0.00004,1.0000,0.0012,0.086,0.007
346,22144,orientation_cued_D0,0.00004,1.0000,0.0007,0.064,0.006
347,22208,orientation_cued_D4,0.00006,1.0000,0.0073,0.112,0.004
348,22272,orientation_cued_D2,0.00004,1.0000,0.0008,0.087,0.007
349,22336,orientation_cued_D0,0.00004,1.0000,0.0025,0.064,0.006
350,22400,orientation_cued_D4,0.00006,1.0000,0.0058,0.111,0.004
351,22464,orientation_cued_D2,0.00004,1.0000,0.0008,0.086,0.007
352,22528,orientation_cued_D0,0.00004,1.0000,0.0007,0.064,0.006
353,22592,orientation_cued_D4,0.00009,1.0000,0.0887,0.110,0.004
354,22656,orientation_cued_D2,0.00004,1.0000,0.0008,0.090,0.007
355,22720,orientation_cued_D0,0.00004,1.0000,0.0007,0.067,0.006
356,22784,orientation_cued_D4,0.00005,1.0000,0.0022,0.114,0.004
357,22848,orientation_cued_D2,0.00004,1.0000,0.0010,0.087,0.007
358,22912,orientation_cued_D0,0.00003,1.0000,0.0006,0.064,0.006
359,22976,orientation_cued_D4,0.00005,1.0000,0.0009,0.119,0.004
360,23040,orientation_cued_D2,0.00004,1.0000,0.0007,0.085,0.007
361,23104,orientation_cued_D0,0.00003,1.0000,0.0007,0.063,0.006
362,23168,orientation_cued_D4,0.00049,1.0000,0.7420,0.110,0.004
363,23232,orientation_cued_D2,0.00004,1.0000,0.0010,0.085,0.007
364,23296,orientation_cued_D0,0.00004,1.0000,0.0028,0.063,0.005
365,23360,orientation_cued_D4,0.00004,1.0000,0.0012,0.115,0.004
366,23424,orientation_cued_D2,0.00368,1.0000,3.4402,0.086,0.007
367,23488,orientation_cued_D0,0.00003,1.0000,0.0008,0.065,0.006
368,23552,orientation_cued_D4,0.00007,1.0000,0.0229,0.113,0.004
369,23616,orientation_cued_D2,0.00004,1.0000,0.0012,0.100,0.008
370,23680,orientation_cued_D0,0.00003,1.0000,0.0006,0.063,0.006
371,23744,orientation_cued_D4,0.00005,1.0000,0.0028,0.116,0.006
372,23808,orientation_cued_D2,0.00004,1.0000,0.0007,0.087,0.008
373,23872,orientation_cued_D0,0.00003,1.0000,0.0007,0.064,0.006
374,23936,orientation_cued_D4,0.00137,1.0000,1.7977,0.113,0.005
375,24000,orientation_cued_D2,0.00029,1.0000,0.2664,0.088,0.007
376,24064,orientation_cued_D0,0.00003,1.0000,0.0007,0.066,0.006
377,24128,orientation_cued_D4,0.00004,1.0000,0.0022,0.117,0.005
378,24192,orientation_cued_D2,0.00004,1.0000,0.0009,0.088,0.007
379,24256,orientation_cued_D0,0.00003,1.0000,0.0006,0.092,0.006
380,24320,orientation_cued_D4,0.00005,1.0000,0.0057,0.149,0.005
381,24384,orientation_cued_D2,0.00004,1.0000,0.0007,0.088,0.008
382,24448,orientation_cued_D0,0.00004,1.0000,0.0026,0.071,0.006
383,24512,orientation_cued_D4,0.00004,1.0000,0.0014,0.117,0.005
384,24576,orientation_cued_D2,0.00004,1.0000,0.0010,0.088,0.007
385,24640,orientation_cued_D0,0.00003,1.0000,0.0010,0.065,0.006
386,24704,orientation_cued_D4,0.00006,1.0000,0.0360,0.121,0.005
387,24768,orientation_cued_D2,0.00019,1.0000,0.2651,0.088,0.008
388,24832,orientation_cued_D0,0.00003,1.0000,0.0006,0.064,0.006
389,24896,orientation_cued_D4,0.00020,1.0000,0.2560,0.118,0.005
390,24960,orientation_cued_D2,0.00004,1.0000,0.0030,0.088,0.007
391,25024,orientation_cued_D0,0.00003,1.0000,0.0006,0.062,0.006
392,25088,orientation_cued_D4,0.00006,1.0000,0.0281,0.120,0.005
393,25152,orientation_cued_D2,0.00003,1.0000,0.0007,0.087,0.008
394,25216,orientation_cued_D0,0.00003,1.0000,0.0006,0.064,0.006
395,25280,orientation_cued_D4,0.00004,1.0000,0.0034,0.120,0.005
396,25344,orientation_cued_D2,0.00004,1.0000,0.0008,0.089,0.007
397,25408,orientation_cued_D0,0.00003,1.0000,0.0006,0.066,0.006
398,25472,orientation_cued_D4,0.00008,1.0000,0.0484,0.117,0.005
399,25536,orientation_cued_D2,0.00004,1.0000,0.0007,0.088,0.007
400,25600,orientation_cued_D0,0.00003,1.0000,0.0006,0.063,0.006
401,25664,orientation_cued_D4,0.00004,1.0000,0.0021,0.103,0.004
402,25728,orientation_cued_D2,0.00005,1.0000,0.0119,0.083,0.009
403,25792,orientation_cued_D0,0.00003,1.0000,0.0007,0.068,0.006
404,25856,orientation_cued_D4,0.00011,1.0000,0.1421,0.118,0.005
405,25920,orientation_cued_D2,0.00003,1.0000,0.0007,0.087,0.008
406,25984,orientation_cued_D0,0.00003,1.0000,0.0006,0.062,0.005
407,26048,orientation_cued_D4,0.00005,1.0000,0.0072,0.118,0.006
408,26112,orientation_cued_D2,0.00003,1.0000,0.0007,0.091,0.007
409,26176,orientation_cued_D0,0.00003,1.0000,0.0010,0.081,0.010
410,26240,orientation_cued_D4,0.01612,0.9844,16.5937,0.132,0.007
411,26304,orientation_cued_D2,0.00003,1.0000,0.0007,0.082,0.008
412,26368,orientation_cued_D0,0.00003,1.0000,0.0006,0.079,0.009
413,26432,orientation_cued_D4,0.00007,1.0000,0.0228,0.120,0.007
414,26496,orientation_cued_D2,0.00007,1.0000,0.0250,0.086,0.008
415,26560,orientation_cued_D0,0.00004,1.0000,0.0011,0.067,0.005
416,26624,orientation_cued_D4,0.34881,0.9531,19.2766,0.119,0.005
417,26688,orientation_cued_D2,0.00036,1.0000,0.0843,0.094,0.008
418,26752,orientation_cued_D0,0.22052,0.9688,21.1569,0.071,0.006
419,26816,orientation_cued_D4,0.05159,0.9844,12.7023,0.120,0.005
420,26880,orientation_cued_D2,0.00010,1.0000,0.0088,0.088,0.007
421,26944,orientation_cued_D0,0.01625,1.0000,8.3505,0.065,0.006
422,27008,orientation_cued_D4,0.00409,1.0000,2.3939,0.115,0.004
423,27072,orientation_cued_D2,0.00885,1.0000,3.2554,0.087,0.007
424,27136,orientation_cued_D0,0.00040,1.0000,0.1633,0.064,0.006
425,27200,orientation_cued_D4,0.24177,0.9531,35.8543,0.111,0.004
426,27264,orientation_cued_D2,0.25695,0.9688,8.9283,0.086,0.007
427,27328,orientation_cued_D0,0.00014,1.0000,0.0070,0.064,0.006
428,27392,orientation_cued_D4,0.19167,0.9531,22.1827,0.117,0.004
429,27456,orientation_cued_D2,0.00669,1.0000,4.4512,0.087,0.008
430,27520,orientation_cued_D0,0.00098,1.0000,0.5793,0.064,0.006
431,27584,orientation_cued_D4,0.17043,0.9531,23.3000,0.111,0.004
432,27648,orientation_cued_D2,0.19899,0.9531,23.4358,0.086,0.007
433,27712,orientation_cued_D0,0.00232,1.0000,1.5505,0.064,0.006
434,27776,orientation_cued_D4,0.11962,0.9688,18.5364,0.111,0.004
435,27840,orientation_cued_D2,0.13391,0.9531,16.3036,0.086,0.007
436,27904,orientation_cued_D0,0.00116,1.0000,0.1079,0.067,0.006
437,27968,orientation_cued_D4,0.01007,1.0000,1.4323,0.119,0.004
438,28032,orientation_cued_D2,0.01141,1.0000,2.3545,0.119,0.007
439,28096,orientation_cued_D0,0.00326,1.0000,1.3350,0.066,0.006
440,28160,orientation_cued_D4,0.06053,0.9688,13.3019,0.149,0.004
441,28224,orientation_cued_D2,0.01067,1.0000,2.8655,0.090,0.007
442,28288,orientation_cued_D0,0.00348,1.0000,0.8123,0.065,0.005
443,28352,orientation_cued_D4,0.06431,0.9531,9.6028,0.112,0.004
444,28416,orientation_cued_D2,0.01034,1.0000,2.3425,0.091,0.012
445,28480,orientation_cued_D0,0.00154,1.0000,0.1425,0.064,0.005
446,28544,orientation_cued_D4,0.02837,1.0000,5.4466,0.111,0.004
447,28608,orientation_cued_D2,0.00558,1.0000,0.7591,0.091,0.012
448,28672,orientation_cued_D0,0.00212,1.0000,0.4076,0.068,0.005
449,28736,orientation_cued_D4,0.03428,0.9844,6.2633,0.115,0.004
450,28800,orientation_cued_D2,0.00292,1.0000,0.3087,0.092,0.013
451,28864,orientation_cued_D0,0.01021,1.0000,2.6068,0.065,0.005
452,28928,orientation_cued_D4,0.00619,1.0000,1.0220,0.112,0.004
453,28992,orientation_cued_D2,0.00773,1.0000,1.8171,0.092,0.012
454,29056,orientation_cued_D0,0.00053,1.0000,0.0213,0.065,0.005
455,29120,orientation_cued_D4,0.01166,1.0000,3.6821,0.112,0.004
456,29184,orientation_cued_D2,0.00063,1.0000,0.0250,0.091,0.012
457,29248,orientation_cued_D0,0.00045,1.0000,0.0229,0.064,0.005
458,29312,orientation_cued_D4,0.00216,1.0000,0.6189,0.113,0.004
459,29376,orientation_cued_D2,0.00063,1.0000,0.0352,0.089,0.007
460,29440,orientation_cued_D0,0.00037,1.0000,0.0190,0.065,0.006
461,29504,orientation_cued_D4,0.04793,0.9688,19.5784,0.116,0.007
462,29568,orientation_cued_D2,0.00053,1.0000,0.0241,0.087,0.007
463,29632,orientation_cued_D0,0.00032,1.0000,0.0115,0.065,0.006
464,29696,orientation_cued_D4,0.00190,1.0000,0.6572,0.116,0.007
465,29760,orientation_cued_D2,0.00051,1.0000,0.0267,0.086,0.007
466,29824,orientation_cued_D0,0.03000,0.9844,13.7908,0.064,0.006
467,29888,orientation_cued_D4,0.00186,1.0000,0.3117,0.116,0.007
468,29952,orientation_cued_D2,0.00055,1.0000,0.0378,0.086,0.007
469,30016,orientation_cued_D0,0.00092,1.0000,0.6040,0.068,0.006
470,30080,orientation_cued_D4,0.00416,1.0000,1.7514,0.117,0.007
471,30144,orientation_cued_D2,0.04156,0.9844,11.0717,0.090,0.008
472,30208,orientation_cued_D0,0.00026,1.0000,0.0104,0.070,0.006
473,30272,orientation_cued_D4,0.02870,0.9844,9.5994,0.127,0.007
474,30336,orientation_cued_D2,0.00064,1.0000,0.1105,0.108,0.008
475,30400,orientation_cued_D0,0.00028,1.0000,0.0102,0.079,0.010
476,30464,orientation_cued_D4,0.00103,1.0000,0.2913,0.114,0.006
477,30528,orientation_cued_D2,0.00049,1.0000,0.0340,0.087,0.007
478,30592,orientation_cued_D0,0.00049,1.0000,0.0411,0.066,0.006
479,30656,orientation_cued_D4,0.00094,1.0000,0.1253,0.119,0.004
480,30720,orientation_cued_D2,0.00079,1.0000,0.1589,0.086,0.008
481,30784,orientation_cued_D0,0.00040,1.0000,0.0209,0.064,0.006
482,30848,orientation_cued_D4,0.00211,1.0000,0.4767,0.120,0.005
483,30912,orientation_cued_D2,0.00093,1.0000,0.1454,0.095,0.007
484,30976,orientation_cued_D0,0.00057,1.0000,0.0927,0.066,0.006
485,31040,orientation_cued_D4,0.00895,1.0000,2.6509,0.113,0.004
486,31104,orientation_cued_D2,0.00113,1.0000,0.1478,0.087,0.008
487,31168,orientation_cued_D0,0.00067,1.0000,0.1177,0.066,0.006
488,31232,orientation_cued_D4,0.01002,1.0000,4.1071,0.113,0.004
489,31296,orientation_cued_D2,0.00171,1.0000,0.7212,0.094,0.007
490,31360,orientation_cued_D0,0.03369,0.9844,14.1259,0.065,0.006
491,31424,orientation_cued_D4,0.04872,0.9844,18.3069,0.114,0.004
492,31488,orientation_cued_D2,0.00037,1.0000,0.0205,0.088,0.007
493,31552,orientation_cued_D0,0.00031,1.0000,0.0103,0.064,0.006
494,31616,orientation_cued_D4,0.00114,1.0000,0.1551,0.122,0.005
495,31680,orientation_cued_D2,0.00067,1.0000,0.1312,0.088,0.007
496,31744,orientation_cued_D0,0.00038,1.0000,0.1030,0.065,0.006
497,31808,orientation_cued_D4,0.02082,0.9844,8.4625,0.113,0.005
498,31872,orientation_cued_D2,0.00106,1.0000,0.5071,0.086,0.007
499,31936,orientation_cued_D0,0.03014,0.9844,10.2046,0.065,0.006
500,32000,orientation_cued_D4,0.02970,0.9844,15.4925,0.114,0.004
501,32064,orientation_cued_D2,0.00052,1.0000,0.0350,0.086,0.007
502,32128,orientation_cued_D0,0.00033,1.0000,0.0141,0.064,0.006
503,32192,orientation_cued_D4,0.00108,1.0000,0.1843,0.112,0.004
504,32256,orientation_cued_D2,0.00516,1.0000,2.6473,0.087,0.007
505,32320,orientation_cued_D0,0.00827,1.0000,5.1002,0.063,0.006
506,32384,orientation_cued_D4,0.05619,0.9844,7.9345,0.110,0.004
507,32448,orientation_cued_D2,0.00058,1.0000,0.0304,0.085,0.007
508,32512,orientation_cued_D0,0.03344,0.9844,7.8183,0.063,0.006
509,32576,orientation_cued_D4,0.00596,1.0000,3.1756,0.114,0.004
510,32640,orientation_cued_D2,0.03751,0.9844,16.5113,0.093,0.008
511,32704,orientation_cued_D0,0.00292,1.0000,0.7909,0.066,0.006
512,32768,orientation_cued_D4,0.03705,0.9844,14.0472,0.113,0.004
513,32832,orientation_cued_D2,0.00546,1.0000,3.1494,0.088,0.007
514,32896,orientation_cued_D0,0.00031,1.0000,0.0170,0.064,0.006
515,32960,orientation_cued_D4,0.00083,1.0000,0.0946,0.112,0.004
516,33024,orientation_cued_D2,0.00037,1.0000,0.0228,0.085,0.007
517,33088,orientation_cued_D0,0.00036,1.0000,0.0308,0.063,0.006
518,33152,orientation_cued_D4,0.00050,1.0000,0.0239,0.111,0.004
519,33216,orientation_cued_D2,0.00114,1.0000,0.2918,0.085,0.008
520,33280,orientation_cued_D0,0.00042,1.0000,0.0317,0.064,0.006
521,33344,orientation_cued_D4,0.05346,0.9844,8.8466,0.115,0.004
522,33408,orientation_cued_D2,0.00038,1.0000,0.0228,0.086,0.007
523,33472,orientation_cued_D0,0.03374,0.9844,6.2698,0.067,0.006
524,33536,orientation_cued_D4,0.00136,1.0000,0.2019,0.114,0.005
525,33600,orientation_cued_D2,0.00039,1.0000,0.0165,0.093,0.007
526,33664,orientation_cued_D0,0.00679,1.0000,2.8748,0.064,0.006
527,33728,orientation_cued_D4,0.00256,1.0000,0.3468,0.120,0.005
528,33792,orientation_cued_D2,0.00064,1.0000,0.0438,0.102,0.008
529,33856,orientation_cued_D0,0.00043,1.0000,0.0375,0.066,0.006
530,33920,orientation_cued_D4,0.00308,1.0000,0.5485,0.156,0.004
531,33984,orientation_cued_D2,0.00717,1.0000,2.5399,0.094,0.007
532,34048,orientation_cued_D0,0.00690,1.0000,2.2458,0.086,0.010
533,34112,orientation_cued_D4,0.00295,1.0000,0.4131,0.126,0.007
534,34176,orientation_cued_D2,0.00044,1.0000,0.0227,0.087,0.008
535,34240,orientation_cued_D0,0.00310,1.0000,1.7530,0.066,0.006
536,34304,orientation_cued_D4,0.00367,1.0000,1.1125,0.154,0.004
537,34368,orientation_cued_D2,0.00121,1.0000,0.2892,0.088,0.007
538,34432,orientation_cued_D0,0.00032,1.0000,0.0134,0.065,0.006
539,34496,orientation_cued_D4,0.00152,1.0000,0.1873,0.154,0.004
540,34560,orientation_cued_D2,0.00048,1.0000,0.0295,0.089,0.008
541,34624,orientation_cued_D0,0.00033,1.0000,0.0173,0.065,0.006
542,34688,orientation_cued_D4,0.00080,1.0000,0.0399,0.114,0.004
543,34752,orientation_cued_D2,0.00025,1.0000,0.0072,0.087,0.007
544,34816,orientation_cued_D0,0.00109,1.0000,0.4915,0.066,0.006
545,34880,orientation_cued_D4,0.00171,1.0000,0.2785,0.115,0.004
546,34944,orientation_cued_D2,0.00033,1.0000,0.0185,0.089,0.007
547,35008,orientation_cued_D0,0.00033,1.0000,0.0305,0.065,0.006
548,35072,orientation_cued_D4,0.00049,1.0000,0.0283,0.113,0.004
549,35136,orientation_cued_D2,0.00035,1.0000,0.0176,0.087,0.007
550,35200,orientation_cued_D0,0.01493,0.9844,6.0771,0.067,0.006
551,35264,orientation_cued_D4,0.00055,1.0000,0.0409,0.116,0.004
552,35328,orientation_cued_D2,0.00047,1.0000,0.0316,0.088,0.007
553,35392,orientation_cued_D0,0.00021,1.0000,0.0060,0.065,0.006
554,35456,orientation_cued_D4,0.00059,1.0000,0.0442,0.114,0.005
555,35520,orientation_cued_D2,0.00026,1.0000,0.0074,0.089,0.007
556,35584,orientation_cued_D0,0.00019,1.0000,0.0045,0.071,0.009
557,35648,orientation_cued_D4,0.00078,1.0000,0.1149,0.116,0.004
558,35712,orientation_cued_D2,0.00123,1.0000,0.3805,0.092,0.007
559,35776,orientation_cued_D0,0.00026,1.0000,0.0135,0.074,0.010
560,35840,orientation_cued_D4,0.00068,1.0000,0.1666,0.117,0.004
561,35904,orientation_cued_D2,0.00033,1.0000,0.0191,0.091,0.007
562,35968,orientation_cued_D0,0.00048,1.0000,0.1231,0.071,0.009
563,36032,orientation_cued_D4,0.00048,1.0000,0.0223,0.132,0.007
564,36096,orientation_cued_D2,0.00024,1.0000,0.0081,0.087,0.007
565,36160,orientation_cued_D0,0.00030,1.0000,0.0166,0.065,0.006
566,36224,orientation_cued_D4,0.00070,1.0000,0.1840,0.132,0.004
567,36288,orientation_cued_D2,0.00030,1.0000,0.0184,0.084,0.008
568,36352,orientation_cued_D0,0.00025,1.0000,0.0155,0.064,0.006
569,36416,orientation_cued_D4,0.00048,1.0000,0.0315,0.111,0.004
570,36480,orientation_cued_D2,0.00040,1.0000,0.0229,0.093,0.007
571,36544,orientation_cued_D0,0.00028,1.0000,0.0152,0.069,0.005
572,36608,orientation_cued_D4,0.00109,1.0000,0.1928,0.117,0.004
573,36672,orientation_cued_D2,0.00040,1.0000,0.0907,0.087,0.007
574,36736,orientation_cued_D0,0.00025,1.0000,0.0198,0.065,0.006
575,36800,orientation_cued_D4,0.00055,1.0000,0.0473,0.113,0.004
576,36864,orientation_cued_D2,0.00027,1.0000,0.0128,0.086,0.007
577,36928,orientation_cued_D0,0.00023,1.0000,0.0096,0.065,0.006
578,36992,orientation_cued_D4,0.00040,1.0000,0.0228,0.112,0.004
579,37056,orientation_cued_D2,0.00025,1.0000,0.0081,0.085,0.007
580,37120,orientation_cued_D0,0.00020,1.0000,0.0082,0.064,0.006
581,37184,orientation_cued_D4,0.00114,1.0000,0.1701,0.114,0.004
582,37248,orientation_cued_D2,0.00022,1.0000,0.0137,0.089,0.007
583,37312,orientation_cued_D0,0.00060,1.0000,0.2218,0.068,0.006
584,37376,orientation_cued_D4,0.00118,1.0000,0.2495,0.120,0.005
585,37440,orientation_cued_D2,0.00028,1.0000,0.0123,0.094,0.007
586,37504,orientation_cued_D0,0.00021,1.0000,0.0112,0.068,0.006
587,37568,orientation_cued_D4,0.00030,1.0000,0.0177,0.124,0.005
588,37632,orientation_cued_D2,0.00023,1.0000,0.0071,0.089,0.008
589,37696,orientation_cued_D0,0.00019,1.0000,0.0049,0.064,0.006
590,37760,orientation_cued_D4,0.00053,1.0000,0.0381,0.111,0.005
591,37824,orientation_cued_D2,0.00021,1.0000,0.0062,0.092,0.007
592,37888,orientation_cued_D0,0.00019,1.0000,0.0053,0.065,0.006
593,37952,orientation_cued_D4,0.00029,1.0000,0.0170,0.116,0.005
594,38016,orientation_cued_D2,0.00019,1.0000,0.0055,0.087,0.007
595,38080,orientation_cued_D0,0.00265,1.0000,1.1211,0.062,0.005
596,38144,orientation_cued_D4,0.00031,1.0000,0.0145,0.118,0.005
597,38208,orientation_cued_D2,0.00022,1.0000,0.0091,0.089,0.007
598,38272,orientation_cued_D0,0.00017,1.0000,0.0045,0.062,0.006
599,38336,orientation_cued_D4,0.00045,1.0000,0.0366,0.121,0.005
600,38400,orientation_cued_D2,0.00023,1.0000,0.0118,0.088,0.007
601,38464,orientation_cued_D0,0.00015,1.0000,0.0035,0.055,0.005
602,38528,orientation_cued_D4,0.00053,1.0000,0.0745,0.105,0.004
603,38592,orientation_cued_D2,0.00018,1.0000,0.0049,0.081,0.007
604,38656,orientation_cued_D0,0.00015,1.0000,0.0041,0.063,0.005
605,38720,orientation_cued_D4,0.00037,1.0000,0.0331,0.105,0.004
606,38784,orientation_cued_D2,0.00021,1.0000,0.0072,0.082,0.007
607,38848,orientation_cued_D0,0.00015,1.0000,0.0049,0.060,0.006
608,38912,orientation_cued_D4,0.00027,1.0000,0.0123,0.106,0.004
609,38976,orientation_cued_D2,0.00021,1.0000,0.0141,0.083,0.007
610,39040,orientation_cued_D0,0.00023,1.0000,0.0296,0.059,0.005
611,39104,orientation_cued_D4,0.00028,1.0000,0.0149,0.105,0.004
612,39168,orientation_cued_D2,0.00019,1.0000,0.0052,0.082,0.006
613,39232,orientation_cued_D0,0.00015,1.0000,0.0043,0.061,0.005
614,39296,orientation_cued_D4,0.00047,1.0000,0.1921,0.106,0.004
615,39360,orientation_cued_D2,0.00019,1.0000,0.0048,0.084,0.007
616,39424,orientation_cued_D0,0.00016,1.0000,0.0050,0.064,0.006
617,39488,orientation_cued_D4,0.00023,1.0000,0.0108,0.110,0.004
618,39552,orientation_cued_D2,0.00018,1.0000,0.0047,0.083,0.007
619,39616,orientation_cued_D0,0.00018,1.0000,0.0169,0.061,0.005
620,39680,orientation_cued_D4,0.00041,1.0000,0.0797,0.110,0.004
621,39744,orientation_cued_D2,0.00018,1.0000,0.0046,0.083,0.007
622,39808,orientation_cued_D0,0.00016,1.0000,0.0055,0.060,0.005
623,39872,orientation_cued_D4,0.00035,1.0000,0.0268,0.114,0.005
624,39936,orientation_cued_D2,0.00016,1.0000,0.0037,0.088,0.007
625,40000,orientation_cued_D0,0.00013,1.0000,0.0030,0.065,0.006
626,40064,orientation_cued_D4,0.00040,1.0000,0.1148,0.119,0.005
627,40128,orientation_cued_D2,0.00021,1.0000,0.0123,0.088,0.008
628,40192,orientation_cued_D0,0.00014,1.0000,0.0030,0.061,0.006
629,40256,orientation_cued_D4,0.00026,1.0000,0.0305,0.111,0.005
630,40320,orientation_cued_D2,0.00014,1.0000,0.0035,0.083,0.006
631,40384,orientation_cued_D0,0.00014,1.0000,0.0041,0.062,0.006
632,40448,orientation_cued_D4,0.00020,1.0000,0.0140,0.108,0.005
633,40512,orientation_cued_D2,0.00018,1.0000,0.0133,0.082,0.007
634,40576,orientation_cued_D0,0.00013,1.0000,0.0027,0.061,0.005
635,40640,orientation_cued_D4,0.00030,1.0000,0.0219,0.108,0.004
636,40704,orientation_cued_D2,0.00015,1.0000,0.0036,0.083,0.007
637,40768,orientation_cued_D0,0.00013,1.0000,0.0028,0.063,0.006
638,40832,orientation_cued_D4,0.00022,1.0000,0.0106,0.111,0.004
639,40896,orientation_cued_D2,0.00016,1.0000,0.0049,0.083,0.007
640,40960,orientation_cued_D0,0.00018,1.0000,0.0178,0.061,0.006
641,41024,orientation_cued_D4,0.00021,1.0000,0.0057,0.108,0.004
642,41088,orientation_cued_D2,0.00022,1.0000,0.0291,0.084,0.007
643,41152,orientation_cued_D0,0.00014,1.0000,0.0040,0.061,0.005
644,41216,orientation_cued_D4,0.00022,1.0000,0.0085,0.109,0.005
645,41280,orientation_cued_D2,0.00014,1.0000,0.0031,0.096,0.007
646,41344,orientation_cued_D0,0.00012,1.0000,0.0024,0.093,0.010
647,41408,orientation_cued_D4,0.00030,1.0000,0.0305,0.184,0.007
648,41472,orientation_cued_D2,0.00016,1.0000,0.0067,0.105,0.014
649,41536,orientation_cued_D0,0.00013,1.0000,0.0029,0.069,0.006
650,41600,orientation_cued_D4,0.00020,1.0000,0.0159,0.140,0.007
651,41664,orientation_cued_D2,0.00014,1.0000,0.0046,0.090,0.012
652,41728,orientation_cued_D0,0.00015,1.0000,0.0089,0.061,0.005
653,41792,orientation_cued_D4,0.00020,1.0000,0.0162,0.130,0.006
654,41856,orientation_cued_D2,0.00014,1.0000,0.0031,0.084,0.012
655,41920,orientation_cued_D0,0.00020,1.0000,0.0386,0.061,0.005
656,41984,orientation_cued_D4,0.00017,1.0000,0.0046,0.107,0.004
657,42048,orientation_cued_D2,0.00013,1.0000,0.0039,0.115,0.007
658,42112,orientation_cued_D0,0.00013,1.0000,0.0030,0.062,0.005
659,42176,orientation_cued_D4,0.00016,1.0000,0.0055,0.116,0.004
660,42240,orientation_cued_D2,0.00013,1.0000,0.0026,0.118,0.007
661,42304,orientation_cued_D0,0.00011,1.0000,0.0022,0.063,0.006
662,42368,orientation_cued_D4,0.00017,1.0000,0.0085,0.114,0.004
663,42432,orientation_cued_D2,0.00012,1.0000,0.0025,0.095,0.007
664,42496,orientation_cued_D0,0.00012,1.0000,0.0027,0.067,0.006
665,42560,orientation_cued_D4,0.00021,1.0000,0.0081,0.120,0.004
666,42624,orientation_cued_D2,0.00013,1.0000,0.0029,0.095,0.008
667,42688,orientation_cued_D0,0.00013,1.0000,0.0116,0.072,0.006
668,42752,orientation_cued_D4,0.00020,1.0000,0.0066,0.118,0.004
669,42816,orientation_cued_D2,0.00017,1.0000,0.0103,0.088,0.008
670,42880,orientation_cued_D0,0.00011,1.0000,0.0026,0.065,0.006
671,42944,orientation_cued_D4,0.00019,1.0000,0.0057,0.115,0.004
672,43008,orientation_cued_D2,0.00013,1.0000,0.0031,0.088,0.007
673,43072,orientation_cued_D0,0.00012,1.0000,0.0028,0.065,0.006
674,43136,orientation_cued_D4,0.00019,1.0000,0.0092,0.112,0.004
675,43200,orientation_cued_D2,0.00011,1.0000,0.0024,0.086,0.007
676,43264,orientation_cued_D0,0.00012,1.0000,0.0032,0.064,0.006
677,43328,orientation_cued_D4,0.00014,1.0000,0.0037,0.122,0.005
678,43392,orientation_cued_D2,0.00011,1.0000,0.0025,0.092,0.008
679,43456,orientation_cued_D0,0.00011,1.0000,0.0039,0.071,0.006
680,43520,orientation_cued_D4,0.00019,1.0000,0.0102,0.125,0.005
681,43584,orientation_cued_D2,0.00012,1.0000,0.0025,0.096,0.008
682,43648,orientation_cued_D0,0.00035,1.0000,0.1102,0.068,0.006
683,43712,orientation_cued_D4,0.00015,1.0000,0.0038,0.115,0.004
684,43776,orientation_cued_D2,0.00013,1.0000,0.0038,0.087,0.007
685,43840,orientation_cued_D0,0.00010,1.0000,0.0024,0.065,0.006
686,43904,orientation_cued_D4,0.00013,1.0000,0.0032,0.112,0.004
687,43968,orientation_cued_D2,0.00012,1.0000,0.0030,0.096,0.007
688,44032,orientation_cued_D0,0.00010,1.0000,0.0021,0.065,0.006
689,44096,orientation_cued_D4,0.00013,1.0000,0.0029,0.112,0.004
690,44160,orientation_cued_D2,0.00011,1.0000,0.0026,0.086,0.007
691,44224,orientation_cued_D0,0.00010,1.0000,0.0022,0.063,0.006
692,44288,orientation_cued_D4,0.00015,1.0000,0.0078,0.114,0.004
693,44352,orientation_cued_D2,0.00011,1.0000,0.0022,0.085,0.007
694,44416,orientation_cued_D0,0.00009,1.0000,0.0018,0.067,0.006
695,44480,orientation_cued_D4,0.00013,1.0000,0.0032,0.112,0.005
696,44544,orientation_cued_D2,0.00010,1.0000,0.0023,0.086,0.007
697,44608,orientation_cued_D0,0.00010,1.0000,0.0025,0.070,0.005
698,44672,orientation_cued_D4,0.00012,1.0000,0.0038,0.125,0.005
699,44736,orientation_cued_D2,0.00010,1.0000,0.0022,0.088,0.008
700,44800,orientation_cued_D0,0.00010,1.0000,0.0031,0.063,0.006
701,44864,orientation_cued_D4,0.00016,1.0000,0.0072,0.116,0.005
702,44928,orientation_cued_D2,0.00011,1.0000,0.0023,0.087,0.007
703,44992,orientation_cued_D0,0.00009,1.0000,0.0022,0.061,0.006
704,45056,orientation_cued_D4,0.00015,1.0000,0.0081,0.120,0.005
705,45120,orientation_cued_D2,0.00010,1.0000,0.0023,0.087,0.007
706,45184,orientation_cued_D0,0.00011,1.0000,0.0111,0.064,0.006
707,45248,orientation_cued_D4,0.00012,1.0000,0.0045,0.113,0.004
708,45312,orientation_cued_D2,0.00009,1.0000,0.0019,0.091,0.008
709,45376,orientation_cued_D0,0.00008,1.0000,0.0017,0.065,0.006
710,45440,orientation_cued_D4,0.00011,1.0000,0.0026,0.113,0.004
711,45504,orientation_cued_D2,0.00010,1.0000,0.0022,0.087,0.007
712,45568,orientation_cued_D0,0.00138,1.0000,1.1393,0.064,0.006
713,45632,orientation_cued_D4,0.00017,1.0000,0.0134,0.115,0.004
714,45696,orientation_cued_D2,0.00043,1.0000,0.2279,0.086,0.008
715,45760,orientation_cued_D0,0.00008,1.0000,0.0025,0.064,0.006
716,45824,orientation_cued_D4,0.00013,1.0000,0.0053,0.114,0.004
717,45888,orientation_cued_D2,0.00014,1.0000,0.0397,0.086,0.007
718,45952,orientation_cued_D0,0.00008,1.0000,0.0017,0.064,0.006
719,46016,orientation_cued_D4,0.00010,1.0000,0.0025,0.120,0.004
720,46080,orientation_cued_D2,0.00008,1.0000,0.0017,0.087,0.008
721,46144,orientation_cued_D0,0.00008,1.0000,0.0016,0.066,0.006
722,46208,orientation_cued_D4,0.00010,1.0000,0.0026,0.113,0.004
723,46272,orientation_cued_D2,0.00008,1.0000,0.0017,0.088,0.007
724,46336,orientation_cued_D0,0.00009,1.0000,0.0097,0.064,0.006
725,46400,orientation_cued_D4,0.00019,1.0000,0.0822,0.113,0.004
726,46464,orientation_cued_D2,0.00009,1.0000,0.0017,0.086,0.007
727,46528,orientation_cued_D0,0.00007,1.0000,0.0015,0.064,0.006
728,46592,orientation_cued_D4,0.00010,1.0000,0.0034,0.111,0.004
729,46656,orientation_cued_D2,0.00008,1.0000,0.0017,0.100,0.007
730,46720,orientation_cued_D0,0.00008,1.0000,0.0015,0.065,0.005
731,46784,orientation_cued_D4,0.00009,1.0000,0.0027,0.111,0.004
732,46848,orientation_cued_D2,0.00008,1.0000,0.0016,0.086,0.008
733,46912,orientation_cued_D0,0.00008,1.0000,0.0018,0.067,0.006
734,46976,orientation_cued_D4,0.00009,1.0000,0.0038,0.114,0.004
735,47040,orientation_cued_D2,0.00008,1.0000,0.0020,0.092,0.007
736,47104,orientation_cued_D0,0.00008,1.0000,0.0017,0.075,0.006
737,47168,orientation_cued_D4,0.00010,1.0000,0.0026,0.124,0.005
738,47232,orientation_cued_D2,0.00008,1.0000,0.0016,0.095,0.008
739,47296,orientation_cued_D0,0.00007,1.0000,0.0016,0.071,0.006
740,47360,orientation_cued_D4,0.00010,1.0000,0.0032,0.122,0.005
741,47424,orientation_cued_D2,0.00008,1.0000,0.0016,0.090,0.008
742,47488,orientation_cued_D0,0.00007,1.0000,0.0014,0.062,0.006
743,47552,orientation_cued_D4,0.00009,1.0000,0.0022,0.115,0.005
744,47616,orientation_cued_D2,0.00008,1.0000,0.0016,0.088,0.008
745,47680,orientation_cued_D0,0.00007,1.0000,0.0014,0.061,0.006
746,47744,orientation_cued_D4,0.00009,1.0000,0.0031,0.113,0.004
747,47808,orientation_cued_D2,0.00008,1.0000,0.0016,0.087,0.007
748,47872,orientation_cued_D4,0.00010,1.0000,0.0044,0.109,0.006
749,47936,orientation_cued_D0,0.00007,1.0000,0.0014,0.063,0.007
750,48000,orientation_cued_D2,0.00008,1.0000,0.0017,0.090,0.004
751,48064,orientation_cued_D4,0.00009,1.0000,0.0018,0.116,0.007
752,48128,orientation_cued_D0,0.00007,1.0000,0.0015,0.064,0.008
753,48192,orientation_cued_D2,0.00007,1.0000,0.0014,0.090,0.004
754,48256,orientation_cued_D4,0.00009,1.0000,0.0022,0.112,0.006
755,48320,orientation_cued_D0,0.00007,1.0000,0.0014,0.063,0.007
756,48384,orientation_cued_D2,0.00008,1.0000,0.0023,0.084,0.004
757,48448,orientation_cued_D4,0.00008,1.0000,0.0017,0.116,0.006
758,48512,orientation_cued_D0,0.00007,1.0000,0.0013,0.065,0.008
759,48576,orientation_cued_D2,0.00007,1.0000,0.0015,0.089,0.004
760,48640,orientation_cued_D4,0.00010,1.0000,0.0060,0.124,0.005
761,48704,orientation_cued_D0,0.00006,1.0000,0.0012,0.064,0.008
762,48768,orientation_cued_D2,0.00008,1.0000,0.0017,0.090,0.004
763,48832,orientation_cued_D4,0.00011,1.0000,0.0155,0.112,0.006
764,48896,orientation_cued_D0,0.00007,1.0000,0.0015,0.063,0.007
765,48960,orientation_cued_D2,0.00007,1.0000,0.0014,0.091,0.004
766,49024,orientation_cued_D4,0.00009,1.0000,0.0018,0.111,0.006
767,49088,orientation_cued_D0,0.00007,1.0000,0.0024,0.062,0.008
768,49152,orientation_cued_D2,0.00007,1.0000,0.0015,0.088,0.004
769,49216,orientation_cued_D4,0.00008,1.0000,0.0037,0.109,0.005
770,49280,orientation_cued_D0,0.00007,1.0000,0.0014,0.063,0.007
771,49344,orientation_cued_D2,0.00007,1.0000,0.0014,0.105,0.004
772,49408,orientation_cued_D4,0.00008,1.0000,0.0019,0.133,0.006
773,49472,orientation_cued_D0,0.00007,1.0000,0.0013,0.082,0.007
774,49536,orientation_cued_D2,0.00007,1.0000,0.0016,0.106,0.004
775,49600,orientation_cued_D4,0.00009,1.0000,0.0023,0.113,0.006
776,49664,orientation_cued_D0,0.00007,1.0000,0.0014,0.065,0.007
777,49728,orientation_cued_D2,0.00007,1.0000,0.0017,0.089,0.004
778,49792,orientation_cued_D4,0.00008,1.0000,0.0018,0.111,0.006
779,49856,orientation_cued_D0,0.00007,1.0000,0.0015,0.063,0.008
780,49920,orientation_cued_D2,0.00007,1.0000,0.0016,0.093,0.004
781,49984,orientation_cued_D4,0.00008,1.0000,0.0023,0.125,0.010
782,50048,orientation_cued_D0,0.00011,1.0000,0.0391,0.064,0.008
783,50112,orientation_cued_D2,0.00007,1.0000,0.0033,0.090,0.004
784,50176,orientation_cued_D4,0.00008,1.0000,0.0019,0.112,0.006
785,50240,orientation_cued_D0,0.00007,1.0000,0.0016,0.064,0.008
786,50304,orientation_cued_D2,0.00008,1.0000,0.0016,0.090,0.004
787,50368,orientation_cued_D4,0.00008,1.0000,0.0037,0.111,0.006
788,50432,orientation_cued_D0,0.00006,1.0000,0.0014,0.063,0.008
789,50496,orientation_cued_D2,0.00007,1.0000,0.0016,0.089,0.004
790,50560,orientation_cued_D4,0.00008,1.0000,0.0022,0.111,0.006
791,50624,orientation_cued_D0,0.00007,1.0000,0.0030,0.075,0.008
792,50688,orientation_cued_D2,0.00007,1.0000,0.0022,0.095,0.004
793,50752,orientation_cued_D4,0.00010,1.0000,0.0137,0.122,0.007
794,50816,orientation_cued_D0,0.00006,1.0000,0.0011,0.071,0.008
795,50880,orientation_cued_D2,0.00007,1.0000,0.0019,0.100,0.004
796,50944,orientation_cued_D4,0.00007,1.0000,0.0014,0.117,0.006
797,51008,orientation_cued_D0,0.00008,1.0000,0.0089,0.064,0.007
798,51072,orientation_cued_D2,0.00007,1.0000,0.0015,0.093,0.004
799,51136,orientation_cued_D4,0.00008,1.0000,0.0023,0.111,0.005
800,51200,orientation_cued_D0,0.00006,1.0000,0.0011,0.063,0.008
801,51264,orientation_cued_D2,0.00007,1.0000,0.0014,0.079,0.004
802,51328,orientation_cued_D4,0.00008,1.0000,0.0021,0.107,0.005
803,51392,orientation_cued_D0,0.00008,1.0000,0.0103,0.067,0.007
804,51456,orientation_cued_D2,0.00007,1.0000,0.0013,0.113,0.007
805,51520,orientation_cued_D4,0.00007,1.0000,0.0017,0.124,0.009
806,51584,orientation_cued_D0,0.00006,1.0000,0.0011,0.060,0.009
807,51648,orientation_cued_D2,0.00007,1.0000,0.0015,0.113,0.007
808,51712,orientation_cued_D4,0.00007,1.0000,0.0015,0.118,0.009
809,51776,orientation_cued_D0,0.00006,1.0000,0.0013,0.061,0.009
810,51840,orientation_cued_D2,0.00007,1.0000,0.0013,0.088,0.004
811,51904,orientation_cued_D4,0.00007,1.0000,0.0014,0.113,0.007
812,51968,orientation_cued_D0,0.00006,1.0000,0.0013,0.067,0.007
813,52032,orientation_cued_D2,0.00007,1.0000,0.0014,0.099,0.007
814,52096,orientation_cued_D4,0.00008,1.0000,0.0018,0.113,0.006
815,52160,orientation_cued_D0,0.00007,1.0000,0.0023,0.064,0.008
816,52224,orientation_cued_D2,0.00007,1.0000,0.0013,0.089,0.004
817,52288,orientation_cued_D4,0.00008,1.0000,0.0032,0.115,0.007
818,52352,orientation_cued_D0,0.00031,1.0000,0.3470,0.063,0.007
819,52416,orientation_cued_D2,0.00007,1.0000,0.0014,0.089,0.004
820,52480,orientation_cued_D4,0.00009,1.0000,0.0061,0.114,0.007
821,52544,orientation_cued_D0,0.00006,1.0000,0.0012,0.064,0.007
822,52608,orientation_cued_D2,0.00006,1.0000,0.0014,0.089,0.004
823,52672,orientation_cued_D4,0.00008,1.0000,0.0030,0.120,0.007
824,52736,orientation_cued_D0,0.00006,1.0000,0.0016,0.065,0.007
825,52800,orientation_cued_D2,0.00006,1.0000,0.0013,0.089,0.004
826,52864,orientation_cued_D4,0.00008,1.0000,0.0020,0.114,0.006
827,52928,orientation_cued_D0,0.00006,1.0000,0.0011,0.066,0.007
828,52992,orientation_cued_D2,0.00006,1.0000,0.0013,0.092,0.004
829,53056,orientation_cued_D4,0.00007,1.0000,0.0019,0.120,0.007
830,53120,orientation_cued_D0,0.00006,1.0000,0.0015,0.072,0.008
831,53184,orientation_cued_D2,0.00006,1.0000,0.0013,0.095,0.005
832,53248,orientation_cued_D4,0.00007,1.0000,0.0016,0.129,0.008
833,53312,orientation_cued_D0,0.00006,1.0000,0.0014,0.068,0.009
834,53376,orientation_cued_D2,0.00006,1.0000,0.0013,0.096,0.005
835,53440,orientation_cued_D4,0.00007,1.0000,0.0018,0.125,0.006
836,53504,orientation_cued_D0,0.00006,1.0000,0.0016,0.066,0.008
837,53568,orientation_cued_D2,0.00006,1.0000,0.0012,0.093,0.004
838,53632,orientation_cued_D4,0.00007,1.0000,0.0016,0.114,0.006
839,53696,orientation_cued_D0,0.00006,1.0000,0.0023,0.064,0.007
840,53760,orientation_cued_D2,0.00006,1.0000,0.0013,0.090,0.004
841,53824,orientation_cued_D4,0.00016,1.0000,0.0841,0.113,0.006
842,53888,orientation_cued_D0,0.00006,1.0000,0.0011,0.064,0.008
843,53952,orientation_cued_D2,0.00006,1.0000,0.0013,0.095,0.004
844,54016,orientation_cued_D4,0.00007,1.0000,0.0018,0.120,0.006
845,54080,orientation_cued_D0,0.00006,1.0000,0.0013,0.064,0.008
846,54144,orientation_cued_D2,0.00006,1.0000,0.0012,0.090,0.004
847,54208,orientation_cued_D4,0.00007,1.0000,0.0016,0.114,0.006
848,54272,orientation_cued_D0,0.00006,1.0000,0.0012,0.064,0.007
849,54336,orientation_cued_D2,0.00006,1.0000,0.0011,0.088,0.004
850,54400,orientation_cued_D4,0.00007,1.0000,0.0016,0.113,0.006
851,54464,orientation_cued_D0,0.00006,1.0000,0.0011,0.063,0.008
852,54528,orientation_cued_D2,0.00006,1.0000,0.0012,0.089,0.004
853,54592,orientation_cued_D4,0.00007,1.0000,0.0018,0.114,0.006
854,54656,orientation_cued_D0,0.00006,1.0000,0.0012,0.066,0.008
855,54720,orientation_cued_D2,0.00007,1.0000,0.0016,0.090,0.004
856,54784,orientation_cued_D4,0.00007,1.0000,0.0018,0.113,0.006
857,54848,orientation_cued_D0,0.00006,1.0000,0.0012,0.063,0.007
858,54912,orientation_cued_D2,0.00006,1.0000,0.0012,0.090,0.004
859,54976,orientation_cued_D4,0.00006,1.0000,0.0013,0.113,0.006
860,55040,orientation_cued_D0,0.00006,1.0000,0.0019,0.063,0.007
861,55104,orientation_cued_D2,0.00006,1.0000,0.0012,0.088,0.004
862,55168,orientation_cued_D4,0.00007,1.0000,0.0014,0.112,0.006
863,55232,orientation_cued_D0,0.00006,1.0000,0.0011,0.062,0.008
864,55296,orientation_cued_D2,0.00006,1.0000,0.0013,0.103,0.004
865,55360,orientation_cued_D4,0.00007,1.0000,0.0030,0.113,0.006
866,55424,orientation_cued_D0,0.00005,1.0000,0.0010,0.063,0.007
867,55488,orientation_cued_D2,0.00007,1.0000,0.0020,0.088,0.004
868,55552,orientation_cued_D4,0.00007,1.0000,0.0015,0.113,0.006
869,55616,orientation_cued_D0,0.00005,1.0000,0.0011,0.064,0.011
870,55680,orientation_cued_D2,0.00006,1.0000,0.0012,0.088,0.004
871,55744,orientation_cued_D4,0.00011,1.0000,0.0114,0.112,0.006
872,55808,orientation_cued_D0,0.00006,1.0000,0.0037,0.064,0.011
873,55872,orientation_cued_D2,0.00006,1.0000,0.0012,0.092,0.006
874,55936,orientation_cued_D4,0.00007,1.0000,0.0018,0.114,0.006
875,56000,orientation_cued_D0,0.00005,1.0000,0.0010,0.066,0.008
876,56064,orientation_cued_D2,0.00006,1.0000,0.0015,0.094,0.007
877,56128,orientation_cued_D4,0.00007,1.0000,0.0018,0.114,0.006
878,56192,orientation_cued_D0,0.00006,1.0000,0.0011,0.065,0.007
879,56256,orientation_cued_D2,0.00006,1.0000,0.0012,0.093,0.006
880,56320,orientation_cued_D4,0.00007,1.0000,0.0022,0.112,0.006
881,56384,orientation_cued_D0,0.00005,1.0000,0.0010,0.064,0.008
882,56448,orientation_cued_D2,0.00006,1.0000,0.0012,0.091,0.007
883,56512,orientation_cued_D4,0.00007,1.0000,0.0022,0.111,0.006
884,56576,orientation_cued_D0,0.00005,1.0000,0.0010,0.064,0.007
885,56640,orientation_cued_D2,0.00006,1.0000,0.0017,0.098,0.007
886,56704,orientation_cued_D4,0.00006,1.0000,0.0022,0.122,0.006
887,56768,orientation_cued_D0,0.00005,1.0000,0.0010,0.068,0.007
888,56832,orientation_cued_D2,0.00006,1.0000,0.0012,0.099,0.004
889,56896,orientation_cued_D4,0.00007,1.0000,0.0044,0.120,0.006
890,56960,orientation_cued_D0,0.00005,1.0000,0.0010,0.064,0.008
891,57024,orientation_cued_D2,0.00006,1.0000,0.0011,0.090,0.004
892,57088,orientation_cued_D4,0.00007,1.0000,0.0064,0.111,0.006
893,57152,orientation_cued_D0,0.00005,1.0000,0.0011,0.063,0.007
894,57216,orientation_cued_D2,0.00006,1.0000,0.0012,0.090,0.005
895,57280,orientation_cued_D4,0.00006,1.0000,0.0014,0.120,0.006
896,57344,orientation_cued_D0,0.00008,1.0000,0.0135,0.065,0.008
897,57408,orientation_cued_D2,0.00005,1.0000,0.0011,0.089,0.004
898,57472,orientation_cued_D4,0.00007,1.0000,0.0014,0.112,0.006
899,57536,orientation_cued_D0,0.00005,1.0000,0.0010,0.068,0.008
900,57600,orientation_cued_D2,0.00006,1.0000,0.0012,0.097,0.004
901,57664,orientation_cued_D4,0.00008,1.0000,0.0084,0.114,0.006
902,57728,orientation_cued_D0,0.00005,1.0000,0.0013,0.066,0.007
903,57792,orientation_cued_D2,0.00006,1.0000,0.0012,0.088,0.004
904,57856,orientation_cued_D4,0.00006,1.0000,0.0016,0.111,0.006
905,57920,orientation_cued_D0,0.00005,1.0000,0.0009,0.067,0.007
906,57984,orientation_cued_D2,0.00006,1.0000,0.0011,0.093,0.004
907,58048,orientation_cued_D4,0.00007,1.0000,0.0022,0.143,0.010
908,58112,orientation_cued_D0,0.00005,1.0000,0.0010,0.071,0.013
909,58176,orientation_cued_D2,0.00005,1.0000,0.0011,0.091,0.004
910,58240,orientation_cued_D4,0.00006,1.0000,0.0011,0.142,0.010
911,58304,orientation_cued_D0,0.00005,1.0000,0.0010,0.069,0.013
912,58368,orientation_cued_D2,0.00005,1.0000,0.0011,0.090,0.004
913,58432,orientation_cued_D4,0.00006,1.0000,0.0019,0.140,0.010
914,58496,orientation_cued_D0,0.00005,1.0000,0.0009,0.063,0.012
915,58560,orientation_cued_D2,0.00005,1.0000,0.0011,0.099,0.004
916,58624,orientation_cued_D4,0.00006,1.0000,0.0018,0.110,0.006
917,58688,orientation_cued_D0,0.00005,1.0000,0.0010,0.063,0.007
918,58752,orientation_cued_D2,0.00005,1.0000,0.0010,0.088,0.004
919,58816,orientation_cued_D4,0.00006,1.0000,0.0013,0.112,0.006
920,58880,orientation_cued_D0,0.00012,1.0000,0.0620,0.063,0.007
921,58944,orientation_cued_D2,0.00005,1.0000,0.0010,0.087,0.004
922,59008,orientation_cued_D4,0.00006,1.0000,0.0012,0.111,0.006
923,59072,orientation_cued_D0,0.00005,1.0000,0.0009,0.063,0.007
924,59136,orientation_cued_D2,0.00005,1.0000,0.0011,0.087,0.004
925,59200,orientation_cued_D4,0.00006,1.0000,0.0054,0.117,0.006
926,59264,orientation_cued_D0,0.00005,1.0000,0.0009,0.064,0.007
927,59328,orientation_cued_D2,0.00005,1.0000,0.0012,0.089,0.004
928,59392,orientation_cued_D4,0.00006,1.0000,0.0026,0.112,0.006
929,59456,orientation_cued_D0,0.00005,1.0000,0.0011,0.063,0.008
930,59520,orientation_cued_D2,0.00005,1.0000,0.0010,0.089,0.004
931,59584,orientation_cued_D4,0.00005,1.0000,0.0011,0.113,0.006
932,59648,orientation_cued_D0,0.00004,1.0000,0.0008,0.075,0.007
933,59712,orientation_cued_D2,0.00005,1.0000,0.0010,0.088,0.004
934,59776,orientation_cued_D4,0.00005,1.0000,0.0013,0.111,0.006
935,59840,orientation_cued_D0,0.00004,1.0000,0.0011,0.063,0.007
936,59904,orientation_cued_D2,0.00005,1.0000,0.0009,0.092,0.004
937,59968,orientation_cued_D4,0.00006,1.0000,0.0019,0.115,0.007
938,60032,orientation_cued_D0,0.00004,1.0000,0.0008,0.063,0.007
939,60096,orientation_cued_D2,0.00005,1.0000,0.0014,0.088,0.004
940,60160,orientation_cued_D4,0.00005,1.0000,0.0012,0.114,0.006
941,60224,orientation_cued_D0,0.00076,1.0000,0.8625,0.067,0.008
942,60288,orientation_cued_D2,0.00005,1.0000,0.0011,0.089,0.004
943,60352,orientation_cued_D4,0.00006,1.0000,0.0013,0.119,0.006
944,60416,orientation_cued_D0,0.00004,1.0000,0.0008,0.067,0.008
945,60480,orientation_cued_D2,0.00005,1.0000,0.0025,0.092,0.004
946,60544,orientation_cued_D4,0.00006,1.0000,0.0012,0.117,0.006
947,60608,orientation_cued_D0,0.00004,1.0000,0.0008,0.067,0.008
948,60672,orientation_cued_D2,0.00005,1.0000,0.0010,0.090,0.004
949,60736,orientation_cued_D4,0.00006,1.0000,0.0032,0.113,0.006
950,60800,orientation_cued_D0,0.00005,1.0000,0.0021,0.067,0.007
951,60864,orientation_cued_D2,0.00004,1.0000,0.0009,0.090,0.004
952,60928,orientation_cued_D4,0.00007,1.0000,0.0057,0.112,0.006
953,60992,orientation_cued_D0,0.00004,1.0000,0.0009,0.063,0.007
954,61056,orientation_cued_D2,0.00005,1.0000,0.0009,0.089,0.004
955,61120,orientation_cued_D4,0.00005,1.0000,0.0012,0.112,0.006
956,61184,orientation_cued_D0,0.00004,1.0000,0.0008,0.065,0.007
957,61248,orientation_cued_D2,0.00005,1.0000,0.0009,0.093,0.004
958,61312,orientation_cued_D4,0.00006,1.0000,0.0028,0.114,0.006
959,61376,orientation_cued_D0,0.00005,1.0000,0.0020,0.066,0.008
960,61440,orientation_cued_D2,0.00005,1.0000,0.0009,0.090,0.004
961,61504,orientation_cued_D4,0.00005,1.0000,0.0012,0.117,0.006
962,61568,orientation_cued_D0,0.00006,1.0000,0.0094,0.066,0.007
963,61632,orientation_cued_D2,0.00004,1.0000,0.0009,0.088,0.004
964,61696,orientation_cued_D4,0.00006,1.0000,0.0023,0.120,0.006
965,61760,orientation_cued_D0,0.00004,1.0000,0.0008,0.068,0.007
966,61824,orientation_cued_D2,0.00004,1.0000,0.0009,0.090,0.004
967,61888,orientation_cued_D4,0.00005,1.0000,0.0020,0.121,0.006
968,61952,orientation_cued_D0,0.00004,1.0000,0.0008,0.067,0.008
969,62016,orientation_cued_D2,0.00004,1.0000,0.0009,0.091,0.004
970,62080,orientation_cued_D4,0.00005,1.0000,0.0014,0.113,0.006
971,62144,orientation_cued_D0,0.00004,1.0000,0.0008,0.068,0.007
972,62208,orientation_cued_D2,0.00005,1.0000,0.0010,0.098,0.004
973,62272,orientation_cued_D4,0.00006,1.0000,0.0031,0.129,0.010
974,62336,orientation_cued_D0,0.00004,1.0000,0.0008,0.060,0.015
975,62400,orientation_cued_D2,0.00005,1.0000,0.0010,0.089,0.004
976,62464,orientation_cued_D4,0.00006,1.0000,0.0048,0.111,0.006
977,62528,orientation_cued_D0,0.00004,1.0000,0.0008,0.066,0.008
978,62592,orientation_cued_D2,0.00004,1.0000,0.0010,0.091,0.004
979,62656,orientation_cued_D4,0.00005,1.0000,0.0013,0.113,0.006
980,62720,orientation_cued_D0,0.00004,1.0000,0.0008,0.063,0.007
981,62784,orientation_cued_D2,0.00005,1.0000,0.0009,0.096,0.004
982,62848,orientation_cued_D4,0.00005,1.0000,0.0027,0.111,0.006
983,62912,orientation_cued_D0,0.00005,1.0000,0.0011,0.063,0.008
984,62976,orientation_cued_D2,0.00004,1.0000,0.0009,0.089,0.004
985,63040,orientation_cued_D4,0.00006,1.0000,0.0022,0.115,0.005
986,63104,orientation_cued_D0,0.00004,1.0000,0.0008,0.063,0.007
987,63168,orientation_cued_D2,0.00004,1.0000,0.0009,0.115,0.004
988,63232,orientation_cued_D4,0.00008,1.0000,0.0140,0.124,0.005
989,63296,orientation_cued_D0,0.00004,1.0000,0.0008,0.064,0.009
990,63360,orientation_cued_D2,0.00004,1.0000,0.0008,0.126,0.004
991,63424,orientation_cued_D4,0.00005,1.0000,0.0014,0.125,0.006
992,63488,orientation_cued_D0,0.00004,1.0000,0.0008,0.064,0.008
993,63552,orientation_cued_D2,0.00004,1.0000,0.0009,0.122,0.004
994,63616,orientation_cued_D4,0.00005,1.0000,0.0011,0.120,0.005
995,63680,orientation_cued_D0,0.00004,1.0000,0.0034,0.062,0.008
996,63744,orientation_cued_D2,0.00004,1.0000,0.0009,0.128,0.004
997,63808,orientation_cued_D4,0.00004,1.0000,0.0009,0.130,0.006
998,63872,orientation_cued_D0,0.00006,1.0000,0.0186,0.073,0.008
999,63936,orientation_cued_D2,0.00004,1.0000,0.0010,0.103,0.004
1000,64000,orientation_cued_D4,0.00005,1.0000,0.0012,0.136,0.007
1001,64064,orientation_cued_D0,0.00004,1.0000,0.0009,0.056,0.007
1002,64128,orientation_cued_D2,0.00004,1.0000,0.0008,0.087,0.004
1003,64192,orientation_cued_D4,0.00005,1.0000,0.0012,0.108,0.005
1004,64256,orientation_cued_D0,0.00004,1.0000,0.0008,0.062,0.007
1005,64320,orientation_cued_D2,0.00004,1.0000,0.0008,0.086,0.004
1006,64384,orientation_cued_D4,0.00005,1.0000,0.0010,0.114,0.006
1007,64448,orientation_cued_D0,0.00004,1.0000,0.0008,0.063,0.007
1008,64512,orientation_cued_D2,0.00004,1.0000,0.0008,0.096,0.004
1009,64576,orientation_cued_D4,0.00007,1.0000,0.0160,0.116,0.006
1010,64640,orientation_cued_D0,0.00004,1.0000,0.0007,0.064,0.008
1011,64704,orientation_cued_D2,0.00004,1.0000,0.0008,0.091,0.005
1012,64768,orientation_cued_D4,0.00006,1.0000,0.0029,0.113,0.006
1013,64832,orientation_cued_D0,0.00004,1.0000,0.0007,0.064,0.007
1014,64896,orientation_cued_D2,0.00004,1.0000,0.0009,0.089,0.004
1015,64960,orientation_cued_D4,0.00005,1.0000,0.0010,0.111,0.006
1016,65024,orientation_cued_D0,0.00004,1.0000,0.0007,0.063,0.007
1017,65088,orientation_cued_D2,0.00004,1.0000,0.0009,0.090,0.004
1018,65152,orientation_cued_D4,0.00005,1.0000,0.0010,0.115,0.006
1019,65216,orientation_cued_D0,0.00005,1.0000,0.0046,0.064,0.008
1020,65280,orientation_cued_D2,0.00004,1.0000,0.0010,0.091,0.004
1021,65344,orientation_cued_D4,0.00004,1.0000,0.0013,0.128,0.006
1022,65408,orientation_cued_D0,0.00004,1.0000,0.0007,0.063,0.008
1023,65472,orientation_cued_D2,0.00004,1.0000,0.0009,0.106,0.005
1024,65536,orientation_cued_D4,0.00004,1.0000,0.0011,0.109,0.006
1025,65600,orientation_cued_D0,0.00004,1.0000,0.0007,0.063,0.007
1026,65664,orientation_cued_D2,0.00004,1.0000,0.0008,0.089,0.004
1027,65728,orientation_cued_D4,0.00005,1.0000,0.0010,0.112,0.006
1028,65792,orientation_cued_D0,0.00004,1.0000,0.0008,0.064,0.007
1029,65856,orientation_cued_D2,0.00004,1.0000,0.0008,0.095,0.004
1030,65920,orientation_cued_D4,0.00005,1.0000,0.0009,0.113,0.006
1031,65984,orientation_cued_D0,0.00004,1.0000,0.0042,0.064,0.008
1032,66048,orientation_cued_D2,0.00004,1.0000,0.0008,0.091,0.004
1033,66112,orientation_cued_D4,0.00005,1.0000,0.0011,0.120,0.006
1034,66176,orientation_cued_D0,0.00004,1.0000,0.0007,0.066,0.008
1035,66240,orientation_cued_D2,0.00004,1.0000,0.0008,0.095,0.004
1036,66304,orientation_cued_D4,0.00005,1.0000,0.0018,0.126,0.008
1037,66368,orientation_cued_D0,0.00003,1.0000,0.0007,0.069,0.008
1038,66432,orientation_cued_D2,0.00004,1.0000,0.0008,0.091,0.004
1039,66496,orientation_cued_D4,0.00004,1.0000,0.0010,0.118,0.006
1040,66560,orientation_cued_D0,0.00004,1.0000,0.0007,0.064,0.008
1041,66624,orientation_cued_D2,0.00004,1.0000,0.0008,0.091,0.004
1042,66688,orientation_cued_D4,0.00004,1.0000,0.0010,0.112,0.006
1043,66752,orientation_cued_D0,0.00004,1.0000,0.0013,0.064,0.007
1044,66816,orientation_cued_D2,0.00004,1.0000,0.0008,0.089,0.004
1045,66880,orientation_cued_D4,0.00004,1.0000,0.0009,0.111,0.005
1046,66944,orientation_cued_D0,0.00004,1.0000,0.0008,0.064,0.008
1047,67008,orientation_cued_D2,0.00004,1.0000,0.0008,0.088,0.004
1048,67072,orientation_cued_D4,0.00004,1.0000,0.0009,0.112,0.006
1049,67136,orientation_cued_D0,0.00004,1.0000,0.0009,0.076,0.008
1050,67200,orientation_cued_D2,0.00004,1.0000,0.0008,0.092,0.004
1051,67264,orientation_cued_D4,0.00005,1.0000,0.0023,0.113,0.006
1052,67328,orientation_cued_D0,0.00042,1.0000,0.3723,0.064,0.007
1053,67392,orientation_cued_D2,0.00004,1.0000,0.0011,0.090,0.004
1054,67456,orientation_cued_D4,0.00005,1.0000,0.0011,0.113,0.006
1055,67520,orientation_cued_D0,0.00004,1.0000,0.0023,0.063,0.007
1056,67584,orientation_cued_D2,0.00004,1.0000,0.0007,0.088,0.004
1057,67648,orientation_cued_D4,0.00004,1.0000,0.0008,0.111,0.006
1058,67712,orientation_cued_D0,0.00003,1.0000,0.0007,0.062,0.008
1059,67776,orientation_cued_D2,0.00004,1.0000,0.0008,0.089,0.004
1060,67840,orientation_cued_D4,0.00006,1.0000,0.0040,0.119,0.007
1061,67904,orientation_cued_D0,0.00003,1.0000,0.0007,0.063,0.007
1062,67968,orientation_cued_D2,0.00004,1.0000,0.0008,0.089,0.004
1063,68032,orientation_cued_D4,0.00004,1.0000,0.0008,0.111,0.006
1064,68096,orientation_cued_D0,0.00004,1.0000,0.0010,0.063,0.007
1065,68160,orientation_cued_D2,0.00004,1.0000,0.0008,0.089,0.004
1066,68224,orientation_cued_D4,0.00004,1.0000,0.0010,0.111,0.006
1067,68288,orientation_cued_D0,0.00004,1.0000,0.0012,0.063,0.007
1068,68352,orientation_cued_D2,0.00004,1.0000,0.0007,0.091,0.004
1069,68416,orientation_cued_D4,0.00004,1.0000,0.0028,0.113,0.006
1070,68480,orientation_cued_D0,0.00003,1.0000,0.0007,0.075,0.008
1071,68544,orientation_cued_D2,0.00004,1.0000,0.0008,0.090,0.007
1072,68608,orientation_cued_D4,0.00005,1.0000,0.0012,0.111,0.006
1073,68672,orientation_cued_D0,0.00004,1.0000,0.0011,0.065,0.008
1074,68736,orientation_cued_D2,0.00004,1.0000,0.0008,0.088,0.004
1075,68800,orientation_cued_D4,0.00004,1.0000,0.0009,0.113,0.006
1076,68864,orientation_cued_D0,0.00004,1.0000,0.0055,0.065,0.008
1077,68928,orientation_cued_D2,0.00004,1.0000,0.0010,0.088,0.004
1078,68992,orientation_cued_D4,0.00004,1.0000,0.0011,0.111,0.006
1079,69056,orientation_cued_D0,0.00003,1.0000,0.0007,0.064,0.007
1080,69120,orientation_cued_D2,0.00004,1.0000,0.0007,0.088,0.004
1081,69184,orientation_cued_D4,0.00004,1.0000,0.0008,0.115,0.006
1082,69248,orientation_cued_D0,0.00003,1.0000,0.0007,0.063,0.007
1083,69312,orientation_cued_D2,0.00004,1.0000,0.0008,0.089,0.004
1084,69376,orientation_cued_D4,0.00004,1.0000,0.0009,0.112,0.006
1085,69440,orientation_cued_D0,0.00003,1.0000,0.0007,0.063,0.007
1086,69504,orientation_cued_D2,0.00004,1.0000,0.0008,0.095,0.005
1087,69568,orientation_cued_D4,0.00005,1.0000,0.0047,0.113,0.006
1088,69632,orientation_cued_D0,0.00004,1.0000,0.0007,0.077,0.013
1089,69696,orientation_cued_D2,0.00004,1.0000,0.0008,0.093,0.004
1090,69760,orientation_cued_D4,0.00004,1.0000,0.0019,0.120,0.006
1091,69824,orientation_cued_D0,0.00003,1.0000,0.0006,0.081,0.008
1092,69888,orientation_cued_D2,0.00004,1.0000,0.0007,0.099,0.005
1093,69952,orientation_cued_D4,0.00004,1.0000,0.0007,0.121,0.006
1094,70016,orientation_cued_D0,0.00003,1.0000,0.0006,0.065,0.008
1095,70080,orientation_cued_D2,0.00004,1.0000,0.0007,0.093,0.005
1096,70144,orientation_cued_D4,0.00004,1.0000,0.0009,0.111,0.006
1097,70208,orientation_cued_D0,0.00003,1.0000,0.0006,0.062,0.008
1098,70272,orientation_cued_D2,0.00004,1.0000,0.0007,0.092,0.005
1099,70336,orientation_cued_D4,0.00004,1.0000,0.0012,0.111,0.006
1100,70400,orientation_cued_D0,0.00004,1.0000,0.0039,0.064,0.008
1101,70464,orientation_cued_D2,0.00004,1.0000,0.0007,0.092,0.005
1102,70528,orientation_cued_D4,0.00004,1.0000,0.0021,0.117,0.006
1103,70592,orientation_cued_D0,0.00003,1.0000,0.0007,0.064,0.008
1104,70656,orientation_cued_D2,0.00004,1.0000,0.0019,0.090,0.004
1105,70720,orientation_cued_D4,0.00004,1.0000,0.0010,0.130,0.006
1106,70784,orientation_cued_D0,0.00003,1.0000,0.0006,0.062,0.009
1107,70848,orientation_cued_D2,0.00004,1.0000,0.0008,0.089,0.004
1108,70912,orientation_cued_D4,0.00004,1.0000,0.0011,0.111,0.006
1109,70976,orientation_cued_D0,0.00003,1.0000,0.0006,0.063,0.007
1110,71040,orientation_cued_D2,0.00004,1.0000,0.0007,0.089,0.004
1111,71104,orientation_cued_D4,0.00004,1.0000,0.0013,0.115,0.006
1112,71168,orientation_cued_D0,0.00004,1.0000,0.0043,0.065,0.008
1113,71232,orientation_cued_D2,0.00004,1.0000,0.0009,0.091,0.004
1114,71296,orientation_cued_D4,0.00004,1.0000,0.0007,0.112,0.006
1115,71360,orientation_cued_D0,0.00003,1.0000,0.0008,0.064,0.008
1116,71424,orientation_cued_D2,0.00004,1.0000,0.0009,0.091,0.004
1117,71488,orientation_cued_D4,0.00004,1.0000,0.0010,0.161,0.006
1118,71552,orientation_cued_D0,0.00008,1.0000,0.0439,0.066,0.008
1119,71616,orientation_cued_D2,0.00004,1.0000,0.0008,0.090,0.004
1120,71680,orientation_cued_D4,0.00004,1.0000,0.0008,0.152,0.006
1121,71744,orientation_cued_D0,0.00007,1.0000,0.0229,0.065,0.013
1122,71808,orientation_cued_D2,0.00004,1.0000,0.0007,0.088,0.004
1123,71872,orientation_cued_D4,0.00004,1.0000,0.0007,0.137,0.006
1124,71936,orientation_cued_D0,0.00003,1.0000,0.0007,0.077,0.008
1125,72000,orientation_cued_D2,0.00004,1.0000,0.0007,0.102,0.007
1126,72064,orientation_cued_D4,0.00004,1.0000,0.0009,0.115,0.006
1127,72128,orientation_cued_D0,0.00003,1.0000,0.0006,0.064,0.007
1128,72192,orientation_cued_D2,0.00004,1.0000,0.0007,0.102,0.004
1129,72256,orientation_cued_D4,0.00004,1.0000,0.0009,0.113,0.006
1130,72320,orientation_cued_D0,0.00003,1.0000,0.0006,0.063,0.007
1131,72384,orientation_cued_D2,0.00003,1.0000,0.0007,0.097,0.004
1132,72448,orientation_cued_D4,0.00004,1.0000,0.0018,0.113,0.006
1133,72512,orientation_cued_D0,0.00003,1.0000,0.0006,0.064,0.008
1134,72576,orientation_cued_D2,0.00004,1.0000,0.0007,0.090,0.004
1135,72640,orientation_cued_D4,0.00004,1.0000,0.0011,0.113,0.006
1136,72704,orientation_cued_D0,0.00003,1.0000,0.0006,0.063,0.008
1137,72768,orientation_cued_D2,0.00004,1.0000,0.0007,0.088,0.004
1138,72832,orientation_cued_D4,0.00004,1.0000,0.0009,0.112,0.006
1139,72896,orientation_cued_D0,0.00003,1.0000,0.0011,0.063,0.008
1140,72960,orientation_cued_D2,0.00003,1.0000,0.0007,0.088,0.004
1141,73024,orientation_cued_D4,0.00004,1.0000,0.0008,0.115,0.006
1142,73088,orientation_cued_D0,0.00004,1.0000,0.0040,0.064,0.008
1143,73152,orientation_cued_D2,0.00003,1.0000,0.0007,0.090,0.004
1144,73216,orientation_cued_D4,0.00004,1.0000,0.0009,0.113,0.006
1145,73280,orientation_cued_D0,0.00003,1.0000,0.0006,0.066,0.008
1146,73344,orientation_cued_D2,0.00004,1.0000,0.0007,0.099,0.004
1147,73408,orientation_cued_D4,0.00004,1.0000,0.0009,0.122,0.006
1148,73472,orientation_cued_D0,0.00003,1.0000,0.0006,0.070,0.008
1149,73536,orientation_cued_D2,0.00003,1.0000,0.0007,0.094,0.004
1150,73600,orientation_cued_D4,0.00005,1.0000,0.0017,0.114,0.006
1151,73664,orientation_cued_D0,0.00005,1.0000,0.0130,0.073,0.007
1152,73728,orientation_cued_D2,0.00004,1.0000,0.0007,0.093,0.004
1153,73792,orientation_cued_D4,0.00004,1.0000,0.0009,0.114,0.006
1154,73856,orientation_cued_D0,0.00003,1.0000,0.0006,0.064,0.008
1155,73920,orientation_cued_D2,0.00003,1.0000,0.0007,0.089,0.004
1156,73984,orientation_cued_D4,0.00004,1.0000,0.0008,0.113,0.006
1157,74048,orientation_cued_D0,0.00003,1.0000,0.0006,0.063,0.007
1158,74112,orientation_cued_D2,0.00004,1.0000,0.0008,0.087,0.004
1159,74176,orientation_cued_D4,0.00004,1.0000,0.0008,0.111,0.006
1160,74240,orientation_cued_D0,0.00003,1.0000,0.0006,0.063,0.008
1161,74304,orientation_cued_D2,0.00004,1.0000,0.0008,0.088,0.004
1162,74368,orientation_cued_D4,0.00004,1.0000,0.0007,0.116,0.006
1163,74432,orientation_cued_D0,0.00003,1.0000,0.0006,0.069,0.011
1164,74496,orientation_cued_D2,0.00003,1.0000,0.0007,0.092,0.004
1165,74560,orientation_cued_D4,0.00004,1.0000,0.0007,0.138,0.010
1166,74624,orientation_cued_D0,0.00004,1.0000,0.0013,0.065,0.008
1167,74688,orientation_cued_D2,0.00003,1.0000,0.0007,0.090,0.004
1168,74752,orientation_cued_D4,0.00004,1.0000,0.0012,0.115,0.006
1169,74816,orientation_cued_D0,0.00003,1.0000,0.0007,0.065,0.008
1170,74880,orientation_cued_D2,0.00003,1.0000,0.0006,0.091,0.004
1171,74944,orientation_cued_D4,0.00005,1.0000,0.0041,0.113,0.006
1172,75008,orientation_cued_D0,0.00003,1.0000,0.0006,0.071,0.008
1173,75072,orientation_cued_D2,0.00003,1.0000,0.0007,0.092,0.004
1174,75136,orientation_cued_D4,0.00004,1.0000,0.0008,0.122,0.006
1175,75200,orientation_cued_D0,0.00003,1.0000,0.0006,0.065,0.008
1176,75264,orientation_cued_D2,0.00003,1.0000,0.0007,0.091,0.004
1177,75328,orientation_cued_D4,0.00004,1.0000,0.0008,0.112,0.006
1178,75392,orientation_cued_D0,0.00003,1.0000,0.0006,0.063,0.008
1179,75456,orientation_cued_D2,0.00003,1.0000,0.0006,0.089,0.004
1180,75520,orientation_cued_D4,0.00004,1.0000,0.0008,0.112,0.006
1181,75584,orientation_cued_D0,0.00003,1.0000,0.0006,0.063,0.008
1182,75648,orientation_cued_D2,0.00003,1.0000,0.0007,0.092,0.004
1183,75712,orientation_cued_D4,0.00004,1.0000,0.0008,0.114,0.006
1184,75776,orientation_cued_D0,0.00003,1.0000,0.0008,0.065,0.008
1185,75840,orientation_cued_D2,0.00004,1.0000,0.0007,0.089,0.004
1186,75904,orientation_cued_D4,0.00004,1.0000,0.0008,0.116,0.007
1187,75968,orientation_cued_D0,0.00003,1.0000,0.0006,0.065,0.007
1188,76032,orientation_cued_D2,0.00003,1.0000,0.0007,0.090,0.004
1189,76096,orientation_cued_D4,0.00003,1.0000,0.0007,0.112,0.007
1190,76160,orientation_cued_D0,0.00003,1.0000,0.0006,0.063,0.007
1191,76224,orientation_cued_D2,0.00003,1.0000,0.0007,0.089,0.004
1192,76288,orientation_cued_D4,0.00004,1.0000,0.0017,0.113,0.006
1193,76352,orientation_cued_D0,0.03571,0.9844,34.8526,0.065,0.008
1194,76416,orientation_cued_D2,0.00004,1.0000,0.0009,0.090,0.004
1195,76480,orientation_cued_D4,0.00009,1.0000,0.0175,0.112,0.006
1196,76544,orientation_cued_D0,0.00003,1.0000,0.0007,0.063,0.008
1197,76608,orientation_cued_D2,0.00005,1.0000,0.0031,0.089,0.004
1198,76672,orientation_cued_D4,0.04930,0.9844,22.3442,0.115,0.010
1199,76736,orientation_cued_D0,0.36712,0.9531,18.1920,0.063,0.008
1200,76800,orientation_cued_D2,0.00006,1.0000,0.0118,0.087,0.004
1201,76864,orientation_cued_D4,0.00013,1.0000,0.0233,0.108,0.009
1202,76928,orientation_cued_D0,0.03614,0.9844,7.2743,0.060,0.009
1203,76992,orientation_cued_D2,0.00047,1.0000,0.1449,0.086,0.004
1204,77056,orientation_cued_D4,0.08285,0.9688,14.8689,0.114,0.009
1205,77120,orientation_cued_D0,0.01429,0.9844,5.9623,0.066,0.009
1206,77184,orientation_cued_D2,0.00394,1.0000,1.3028,0.089,0.004
1207,77248,orientation_cued_D4,0.04910,0.9844,6.5528,0.112,0.006
1208,77312,orientation_cued_D0,0.00683,1.0000,1.0677,0.064,0.007
1209,77376,orientation_cued_D2,0.05097,0.9844,6.0697,0.090,0.004
1210,77440,orientation_cued_D4,0.14549,0.9375,12.7014,0.112,0.006
1211,77504,orientation_cued_D0,0.00962,1.0000,2.1993,0.063,0.008
1212,77568,orientation_cued_D2,0.00035,1.0000,0.0229,0.088,0.004
1213,77632,orientation_cued_D4,0.00410,1.0000,0.7789,0.111,0.006
1214,77696,orientation_cued_D0,0.04536,0.9844,10.7255,0.063,0.007
1215,77760,orientation_cued_D2,0.00057,1.0000,0.1529,0.092,0.004
1216,77824,orientation_cued_D4,0.00921,1.0000,1.1092,0.115,0.006
1217,77888,orientation_cued_D0,0.00043,1.0000,0.0372,0.063,0.007
1218,77952,orientation_cued_D2,0.00046,1.0000,0.0859,0.088,0.004
1219,78016,orientation_cued_D4,0.00120,1.0000,0.3924,0.113,0.006
1220,78080,orientation_cued_D0,0.00198,1.0000,0.2570,0.063,0.007
1221,78144,orientation_cued_D2,0.00421,1.0000,0.9727,0.088,0.004
1222,78208,orientation_cued_D4,0.00277,1.0000,0.5935,0.111,0.006
1223,78272,orientation_cued_D0,0.00146,1.0000,0.1334,0.062,0.007
1224,78336,orientation_cued_D2,0.00380,1.0000,1.1229,0.091,0.005
1225,78400,orientation_cued_D4,0.00685,1.0000,3.7539,0.113,0.006
1226,78464,orientation_cued_D0,0.02531,0.9844,8.6917,0.071,0.007
1227,78528,orientation_cued_D2,0.00046,1.0000,0.0318,0.096,0.004
1228,78592,orientation_cued_D4,0.00147,1.0000,0.5013,0.116,0.006
1229,78656,orientation_cued_D0,0.00191,1.0000,0.3315,0.068,0.007
1230,78720,orientation_cued_D2,0.00027,1.0000,0.0160,0.091,0.004
1231,78784,orientation_cued_D4,0.00070,1.0000,0.1623,0.113,0.006
1232,78848,orientation_cued_D0,0.10222,0.9844,5.1702,0.066,0.008
1233,78912,orientation_cued_D2,0.00033,1.0000,0.0344,0.089,0.004
1234,78976,orientation_cued_D4,0.00075,1.0000,0.0951,0.113,0.006
1235,79040,orientation_cued_D0,0.00115,1.0000,0.5878,0.066,0.008
1236,79104,orientation_cued_D2,0.00048,1.0000,0.1029,0.097,0.005
1237,79168,orientation_cued_D4,0.00087,1.0000,0.1104,0.121,0.007
1238,79232,orientation_cued_D0,0.01771,0.9844,4.1473,0.077,0.008
1239,79296,orientation_cued_D2,0.00027,1.0000,0.0128,0.118,0.007
1240,79360,orientation_cued_D4,0.00325,1.0000,1.9531,0.120,0.006
1241,79424,orientation_cued_D0,0.00023,1.0000,0.0164,0.084,0.013
1242,79488,orientation_cued_D2,0.00034,1.0000,0.0296,0.097,0.007
1243,79552,orientation_cued_D4,0.00226,1.0000,0.9056,0.114,0.009
1244,79616,orientation_cued_D0,0.00149,1.0000,0.7933,0.063,0.007
1245,79680,orientation_cued_D2,0.00022,1.0000,0.0203,0.096,0.004
1246,79744,orientation_cued_D4,0.00177,1.0000,1.5080,0.116,0.006
1247,79808,orientation_cued_D0,0.06665,0.9844,9.0037,0.064,0.008
1248,79872,orientation_cued_D2,0.00022,1.0000,0.0090,0.092,0.004
1249,79936,orientation_cued_D4,0.01472,0.9844,9.1080,0.112,0.006
1250,80000,orientation_cued_D0,0.02405,0.9844,6.0290,0.065,0.007
1251,80064,orientation_cued_D2,0.00037,1.0000,0.0508,0.090,0.004
1252,80128,orientation_cued_D4,0.06060,0.9844,9.7406,0.113,0.006
1253,80192,orientation_cued_D0,0.00545,1.0000,2.0354,0.066,0.007
1254,80256,orientation_cued_D2,0.00030,1.0000,0.0168,0.089,0.004
1255,80320,orientation_cued_D4,0.00107,1.0000,0.3641,0.113,0.006
1256,80384,orientation_cued_D0,0.01065,1.0000,2.0201,0.069,0.008
1257,80448,orientation_cued_D2,0.00029,1.0000,0.0274,0.090,0.004
1258,80512,orientation_cued_D4,0.00058,1.0000,0.0428,0.112,0.006
1259,80576,orientation_cued_D0,0.01066,1.0000,3.5523,0.065,0.007
1260,80640,orientation_cued_D2,0.00102,1.0000,0.3402,0.091,0.004
1261,80704,orientation_cued_D4,0.00098,1.0000,0.6305,0.111,0.006
1262,80768,orientation_cued_D0,0.17422,0.9688,10.0440,0.065,0.007
1263,80832,orientation_cued_D2,0.00053,1.0000,0.1167,0.091,0.004
1264,80896,orientation_cued_D4,0.00052,1.0000,0.0371,0.112,0.006
1265,80960,orientation_cued_D0,0.00052,1.0000,0.0704,0.068,0.007
1266,81024,orientation_cued_D2,0.03000,0.9844,13.5433,0.101,0.005
1267,81088,orientation_cued_D4,0.00983,1.0000,3.6978,0.123,0.007
1268,81152,orientation_cued_D0,0.00066,1.0000,0.0981,0.064,0.007
1269,81216,orientation_cued_D2,0.00241,1.0000,0.5628,0.090,0.005
1270,81280,orientation_cued_D4,0.00404,1.0000,0.4559,0.114,0.007
1271,81344,orientation_cued_D0,0.00118,1.0000,0.1034,0.064,0.007
1272,81408,orientation_cued_D2,0.00073,1.0000,0.0589,0.089,0.004
1273,81472,orientation_cued_D4,0.00091,1.0000,0.0505,0.112,0.007
1274,81536,orientation_cued_D0,0.00296,1.0000,0.9324,0.065,0.008
1275,81600,orientation_cued_D2,0.00061,1.0000,0.0382,0.089,0.005
1276,81664,orientation_cued_D4,0.00382,1.0000,0.4998,0.113,0.006
1277,81728,orientation_cued_D0,0.00104,1.0000,0.1350,0.067,0.008
1278,81792,orientation_cued_D2,0.00061,1.0000,0.0610,0.087,0.005
1279,81856,orientation_cued_D4,0.02499,0.9844,6.6463,0.119,0.007
1280,81920,orientation_cued_D0,0.00997,1.0000,2.8311,0.067,0.007
1281,81984,orientation_cued_D2,0.00133,1.0000,0.5940,0.091,0.004
1282,82048,orientation_cued_D4,0.00199,1.0000,0.7437,0.112,0.006
1283,82112,orientation_cued_D0,0.00044,1.0000,0.0308,0.066,0.007
1284,82176,orientation_cued_D2,0.00149,1.0000,0.2628,0.089,0.004
1285,82240,orientation_cued_D4,0.00758,1.0000,5.2901,0.112,0.006
1286,82304,orientation_cued_D0,0.00131,1.0000,0.1431,0.066,0.008
1287,82368,orientation_cued_D2,0.00051,1.0000,0.0312,0.095,0.004
1288,82432,orientation_cued_D4,0.00319,1.0000,0.6687,0.114,0.006
1289,82496,orientation_cued_D0,0.01494,0.9844,5.1480,0.068,0.008
1290,82560,orientation_cued_D2,0.00045,1.0000,0.0245,0.090,0.004
1291,82624,orientation_cued_D4,0.00123,1.0000,0.1873,0.113,0.006
1292,82688,orientation_cued_D0,0.00114,1.0000,0.1432,0.066,0.008
1293,82752,orientation_cued_D2,0.00034,1.0000,0.0169,0.091,0.004
1294,82816,orientation_cued_D4,0.00090,1.0000,0.1383,0.123,0.006
1295,82880,orientation_cued_D0,0.00038,1.0000,0.0180,0.071,0.008
1296,82944,orientation_cued_D2,0.00034,1.0000,0.0192,0.098,0.005
1297,83008,orientation_cued_D4,0.00047,1.0000,0.0782,0.125,0.006
1298,83072,orientation_cued_D0,0.03875,0.9844,10.0532,0.065,0.008
1299,83136,orientation_cued_D2,0.00026,1.0000,0.0111,0.126,0.005
1300,83200,orientation_cued_D4,0.00063,1.0000,0.0393,0.119,0.006
1301,83264,orientation_cued_D0,0.00819,1.0000,1.6524,0.063,0.008
1302,83328,orientation_cued_D2,0.00031,1.0000,0.0172,0.121,0.004
1303,83392,orientation_cued_D4,0.00094,1.0000,0.0545,0.118,0.006
1304,83456,orientation_cued_D0,0.05994,0.9844,3.5635,0.062,0.008
1305,83520,orientation_cued_D2,0.00038,1.0000,0.0212,0.120,0.004
1306,83584,orientation_cued_D4,0.00078,1.0000,0.0970,0.120,0.006
1307,83648,orientation_cued_D0,0.00157,1.0000,0.5074,0.063,0.008
1308,83712,orientation_cued_D2,0.00105,1.0000,0.1020,0.088,0.004
1309,83776,orientation_cued_D4,0.00588,1.0000,1.5065,0.113,0.006
1310,83840,orientation_cued_D0,0.00053,1.0000,0.0401,0.063,0.008
1311,83904,orientation_cued_D2,0.00044,1.0000,0.0196,0.095,0.004
1312,83968,orientation_cued_D4,0.04318,0.9844,7.2768,0.112,0.006
1313,84032,orientation_cued_D0,0.08387,0.9688,6.1085,0.063,0.008
1314,84096,orientation_cued_D2,0.00054,1.0000,0.0265,0.089,0.004
1315,84160,orientation_cued_D4,0.00124,1.0000,0.2330,0.111,0.006
1316,84224,orientation_cued_D0,0.00070,1.0000,0.0588,0.063,0.007
1317,84288,orientation_cued_D2,0.00050,1.0000,0.0245,0.094,0.004
1318,84352,orientation_cued_D4,0.00104,1.0000,0.1080,0.113,0.006
1319,84416,orientation_cued_D0,0.00093,1.0000,0.1748,0.064,0.008
1320,84480,orientation_cued_D2,0.00141,1.0000,0.3194,0.090,0.004
1321,84544,orientation_cued_D4,0.00149,1.0000,0.1961,0.112,0.006
1322,84608,orientation_cued_D0,0.00069,1.0000,0.0561,0.063,0.008
1323,84672,orientation_cued_D2,0.05199,0.9844,13.9804,0.089,0.004
1324,84736,orientation_cued_D4,0.00844,1.0000,4.4937,0.111,0.006
1325,84800,orientation_cued_D0,0.00051,1.0000,0.0520,0.063,0.008
1326,84864,orientation_cued_D2,0.00056,1.0000,0.0293,0.088,0.004
1327,84928,orientation_cued_D4,0.00085,1.0000,0.0457,0.112,0.006
1328,84992,orientation_cued_D0,0.00062,1.0000,0.0357,0.066,0.007
1329,85056,orientation_cued_D2,0.00115,1.0000,0.0654,0.084,0.004
1330,85120,orientation_cued_D4,0.00346,1.0000,1.0287,0.117,0.007
1331,85184,orientation_cued_D0,0.00092,1.0000,0.1368,0.063,0.008
1332,85248,orientation_cued_D2,0.00205,1.0000,0.6746,0.090,0.004
1333,85312,orientation_cued_D4,0.00221,1.0000,0.2277,0.112,0.006
1334,85376,orientation_cued_D0,0.00036,1.0000,0.0125,0.063,0.007
1335,85440,orientation_cued_D2,0.00111,1.0000,0.3103,0.088,0.004
1336,85504,orientation_cued_D4,0.01089,1.0000,3.1021,0.110,0.006
1337,85568,orientation_cued_D0,0.00771,1.0000,2.4382,0.062,0.007
1338,85632,orientation_cued_D2,0.00275,1.0000,0.6189,0.096,0.004
1339,85696,orientation_cued_D4,0.00214,1.0000,1.1209,0.114,0.006
1340,85760,orientation_cued_D0,0.00075,1.0000,0.0998,0.063,0.007
1341,85824,orientation_cued_D2,0.00035,1.0000,0.0214,0.092,0.004
1342,85888,orientation_cued_D4,0.00060,1.0000,0.0980,0.112,0.007
1343,85952,orientation_cued_D0,0.00038,1.0000,0.0290,0.064,0.008
1344,86016,orientation_cued_D2,0.00023,1.0000,0.0116,0.089,0.004
1345,86080,orientation_cued_D4,0.00411,1.0000,1.5636,0.111,0.006
1346,86144,orientation_cued_D0,0.00030,1.0000,0.0342,0.063,0.007
1347,86208,orientation_cued_D2,0.00018,1.0000,0.0091,0.090,0.004
1348,86272,orientation_cued_D4,0.00089,1.0000,0.1357,0.119,0.006
1349,86336,orientation_cued_D0,0.00044,1.0000,0.1409,0.069,0.008
1350,86400,orientation_cued_D2,0.00114,1.0000,0.5298,0.097,0.005
1351,86464,orientation_cued_D4,0.00093,1.0000,0.4769,0.122,0.006
1352,86528,orientation_cued_D0,0.00039,1.0000,0.0938,0.070,0.008
1353,86592,orientation_cued_D2,0.00313,1.0000,2.1380,0.099,0.005
1354,86656,orientation_cued_D4,0.00026,1.0000,0.0294,0.115,0.006
1355,86720,orientation_cued_D0,0.00023,1.0000,0.0432,0.064,0.008
1356,86784,orientation_cued_D2,0.00012,1.0000,0.0042,0.089,0.004
1357,86848,orientation_cued_D4,0.00179,1.0000,0.7942,0.112,0.006
1358,86912,orientation_cued_D0,0.00013,1.0000,0.0046,0.063,0.008
1359,86976,orientation_cued_D2,0.00026,1.0000,0.0206,0.101,0.004
1360,87040,orientation_cued_D4,0.00017,1.0000,0.0067,0.111,0.006
1361,87104,orientation_cued_D0,0.00012,1.0000,0.0039,0.063,0.007
1362,87168,orientation_cued_D2,0.00014,1.0000,0.0056,0.090,0.004
1363,87232,orientation_cued_D4,0.00027,1.0000,0.0138,0.112,0.006
1364,87296,orientation_cued_D0,0.00011,1.0000,0.0035,0.063,0.008
1365,87360,orientation_cued_D2,0.00013,1.0000,0.0041,0.095,0.005
1366,87424,orientation_cued_D4,0.00023,1.0000,0.0302,0.113,0.006
1367,87488,orientation_cued_D0,0.00015,1.0000,0.0088,0.063,0.007
1368,87552,orientation_cued_D2,0.00012,1.0000,0.0034,0.089,0.005
1369,87616,orientation_cued_D4,0.00017,1.0000,0.0097,0.124,0.006
1370,87680,orientation_cued_D0,0.00013,1.0000,0.0076,0.065,0.008
1371,87744,orientation_cued_D2,0.00014,1.0000,0.0043,0.092,0.005
1372,87808,orientation_cued_D4,0.00015,1.0000,0.0225,0.112,0.006
1373,87872,orientation_cued_D0,0.00016,1.0000,0.0236,0.064,0.007
1374,87936,orientation_cued_D2,0.00011,1.0000,0.0041,0.090,0.004
1375,88000,orientation_cued_D4,0.00012,1.0000,0.0041,0.112,0.006
1376,88064,orientation_cued_D0,0.00009,1.0000,0.0024,0.063,0.007
1377,88128,orientation_cued_D2,0.00010,1.0000,0.0054,0.088,0.004
1378,88192,orientation_cued_D4,0.00015,1.0000,0.0180,0.111,0.006
1379,88256,orientation_cued_D0,0.00011,1.0000,0.0034,0.064,0.007
1380,88320,orientation_cued_D2,0.00011,1.0000,0.0039,0.092,0.004
1381,88384,orientation_cued_D4,0.00013,1.0000,0.0055,0.114,0.006
1382,88448,orientation_cued_D0,0.00027,1.0000,0.1103,0.064,0.007
1383,88512,orientation_cued_D2,0.00061,1.0000,0.3217,0.090,0.004
1384,88576,orientation_cued_D4,0.00020,1.0000,0.0124,0.113,0.006
1385,88640,orientation_cued_D0,0.00008,1.0000,0.0017,0.070,0.012
1386,88704,orientation_cued_D2,0.00009,1.0000,0.0024,0.088,0.004
1387,88768,orientation_cued_D4,0.00013,1.0000,0.0038,0.114,0.009
1388,88832,orientation_cued_D0,0.00010,1.0000,0.0116,0.067,0.014
1389,88896,orientation_cued_D2,0.00009,1.0000,0.0025,0.088,0.004
1390,88960,orientation_cued_D4,0.00013,1.0000,0.0044,0.118,0.009
1391,89024,orientation_cued_D0,0.00053,1.0000,0.1914,0.068,0.013
1392,89088,orientation_cued_D2,0.00011,1.0000,0.0092,0.090,0.004
1393,89152,orientation_cued_D4,0.00012,1.0000,0.0040,0.117,0.010
1394,89216,orientation_cued_D0,0.00012,1.0000,0.0090,0.069,0.013
1395,89280,orientation_cued_D2,0.00009,1.0000,0.0030,0.089,0.004
1396,89344,orientation_cued_D4,0.00014,1.0000,0.0131,0.114,0.010
1397,89408,orientation_cued_D0,0.00007,1.0000,0.0016,0.067,0.013
1398,89472,orientation_cued_D2,0.00010,1.0000,0.0033,0.088,0.004
1399,89536,orientation_cued_D4,0.00011,1.0000,0.0037,0.114,0.009
1400,89600,orientation_cued_D0,0.00008,1.0000,0.0020,0.066,0.008
1401,89664,orientation_cued_D2,0.00009,1.0000,0.0024,0.107,0.004
1402,89728,orientation_cued_D4,0.00044,1.0000,0.2539,0.121,0.006
1403,89792,orientation_cued_D0,0.00130,1.0000,0.5942,0.063,0.008
1404,89856,orientation_cued_D2,0.00008,1.0000,0.0026,0.122,0.004
1405,89920,orientation_cued_D4,0.00010,1.0000,0.0035,0.118,0.006
1406,89984,orientation_cued_D0,0.00010,1.0000,0.0047,0.062,0.008
1407,90048,orientation_cued_D2,0.00008,1.0000,0.0024,0.120,0.004
1408,90112,orientation_cued_D4,0.00011,1.0000,0.0043,0.118,0.005
1409,90176,orientation_cued_D0,0.00007,1.0000,0.0017,0.062,0.008
1410,90240,orientation_cued_D2,0.00008,1.0000,0.0024,0.125,0.004
1411,90304,orientation_cued_D4,0.00020,1.0000,0.0160,0.118,0.009
1412,90368,orientation_cued_D0,0.00012,1.0000,0.0116,0.065,0.014
1413,90432,orientation_cued_D2,0.00009,1.0000,0.0026,0.120,0.004
1414,90496,orientation_cued_D4,0.00010,1.0000,0.0043,0.116,0.009
1415,90560,orientation_cued_D0,0.00008,1.0000,0.0036,0.062,0.008
1416,90624,orientation_cued_D2,0.00007,1.0000,0.0017,0.120,0.004
1417,90688,orientation_cued_D4,0.00013,1.0000,0.0074,0.115,0.006
1418,90752,orientation_cued_D0,0.00009,1.0000,0.0119,0.062,0.008
1419,90816,orientation_cued_D2,0.00008,1.0000,0.0023,0.087,0.004
1420,90880,orientation_cued_D4,0.00011,1.0000,0.0053,0.134,0.007
1421,90944,orientation_cued_D0,0.00007,1.0000,0.0019,0.064,0.009
1422,91008,orientation_cued_D2,0.00008,1.0000,0.0021,0.088,0.004
1423,91072,orientation_cued_D4,0.00012,1.0000,0.0141,0.115,0.007
1424,91136,orientation_cued_D0,0.00007,1.0000,0.0021,0.066,0.007
1425,91200,orientation_cued_D2,0.00007,1.0000,0.0016,0.089,0.004
1426,91264,orientation_cued_D4,0.00012,1.0000,0.0108,0.114,0.007
1427,91328,orientation_cued_D0,0.00008,1.0000,0.0025,0.064,0.008
1428,91392,orientation_cued_D2,0.00007,1.0000,0.0019,0.089,0.005
1429,91456,orientation_cued_D4,0.00010,1.0000,0.0025,0.112,0.006
1430,91520,orientation_cued_D0,0.00007,1.0000,0.0032,0.067,0.007
1431,91584,orientation_cued_D2,0.00007,1.0000,0.0023,0.090,0.005
1432,91648,orientation_cued_D4,0.00010,1.0000,0.0046,0.112,0.006
1433,91712,orientation_cued_D0,0.00006,1.0000,0.0021,0.063,0.007
1434,91776,orientation_cued_D2,0.00007,1.0000,0.0015,0.089,0.004
1435,91840,orientation_cued_D4,0.00010,1.0000,0.0034,0.112,0.006
1436,91904,orientation_cued_D0,0.00008,1.0000,0.0087,0.064,0.012
1437,91968,orientation_cued_D2,0.00007,1.0000,0.0015,0.090,0.004
1438,92032,orientation_cued_D4,0.00009,1.0000,0.0050,0.117,0.006
1439,92096,orientation_cued_D0,0.00006,1.0000,0.0014,0.064,0.007
1440,92160,orientation_cued_D2,0.00008,1.0000,0.0019,0.100,0.005
1441,92224,orientation_cued_D4,0.00011,1.0000,0.0115,0.129,0.011
1442,92288,orientation_cued_D0,0.00006,1.0000,0.0013,0.069,0.008
1443,92352,orientation_cued_D2,0.00007,1.0000,0.0017,0.094,0.004
1444,92416,orientation_cued_D4,0.00010,1.0000,0.0079,0.122,0.010
1445,92480,orientation_cued_D0,0.00007,1.0000,0.0029,0.065,0.008
1446,92544,orientation_cued_D2,0.00007,1.0000,0.0016,0.090,0.004
1447,92608,orientation_cued_D4,0.00008,1.0000,0.0019,0.116,0.009
1448,92672,orientation_cued_D0,0.00016,1.0000,0.0755,0.064,0.008
1449,92736,orientation_cued_D2,0.00006,1.0000,0.0015,0.089,0.004
1450,92800,orientation_cued_D4,0.00008,1.0000,0.0019,0.117,0.006
1451,92864,orientation_cued_D0,0.00006,1.0000,0.0014,0.066,0.008
1452,92928,orientation_cued_D2,0.00006,1.0000,0.0016,0.090,0.004
1453,92992,orientation_cued_D4,0.00007,1.0000,0.0015,0.114,0.006
1454,93056,orientation_cued_D0,0.00006,1.0000,0.0012,0.064,0.008
1455,93120,orientation_cued_D2,0.00006,1.0000,0.0019,0.093,0.004
1456,93184,orientation_cued_D4,0.00007,1.0000,0.0020,0.112,0.006
1457,93248,orientation_cued_D0,0.00006,1.0000,0.0014,0.063,0.007
1458,93312,orientation_cued_D2,0.00008,1.0000,0.0048,0.090,0.004
1459,93376,orientation_cued_D4,0.00007,1.0000,0.0018,0.111,0.006
1460,93440,orientation_cued_D0,0.00007,1.0000,0.0023,0.063,0.007
1461,93504,orientation_cued_D2,0.00006,1.0000,0.0012,0.095,0.004
1462,93568,orientation_cued_D4,0.00007,1.0000,0.0019,0.113,0.007
1463,93632,orientation_cued_D0,0.00007,1.0000,0.0022,0.063,0.007
1464,93696,orientation_cued_D2,0.00006,1.0000,0.0012,0.090,0.004
1465,93760,orientation_cued_D4,0.00008,1.0000,0.0021,0.117,0.006
1466,93824,orientation_cued_D0,0.00005,1.0000,0.0011,0.064,0.008
1467,93888,orientation_cued_D2,0.00006,1.0000,0.0018,0.088,0.004
1468,93952,orientation_cued_D4,0.00008,1.0000,0.0025,0.110,0.006
1469,94016,orientation_cued_D0,0.00006,1.0000,0.0012,0.063,0.007
1470,94080,orientation_cued_D2,0.00006,1.0000,0.0013,0.091,0.004
1471,94144,orientation_cued_D4,0.00006,1.0000,0.0014,0.127,0.010
1472,94208,orientation_cued_D0,0.00005,1.0000,0.0012,0.066,0.008
1473,94272,orientation_cued_D2,0.00006,1.0000,0.0014,0.094,0.004
1474,94336,orientation_cued_D4,0.00007,1.0000,0.0015,0.112,0.006
1475,94400,orientation_cued_D0,0.00005,1.0000,0.0014,0.066,0.007
1476,94464,orientation_cued_D2,0.00006,1.0000,0.0022,0.092,0.007
1477,94528,orientation_cued_D4,0.00007,1.0000,0.0019,0.111,0.006
1478,94592,orientation_cued_D0,0.00006,1.0000,0.0013,0.063,0.007
1479,94656,orientation_cued_D2,0.00006,1.0000,0.0013,0.089,0.004
1480,94720,orientation_cued_D4,0.00007,1.0000,0.0027,0.111,0.006
1481,94784,orientation_cued_D0,0.00005,1.0000,0.0010,0.064,0.007
1482,94848,orientation_cued_D2,0.00006,1.0000,0.0014,0.094,0.004
1483,94912,orientation_cued_D4,0.00007,1.0000,0.0032,0.113,0.006
1484,94976,orientation_cued_D0,0.00007,1.0000,0.0069,0.064,0.007
1485,95040,orientation_cued_D2,0.00005,1.0000,0.0011,0.090,0.004
1486,95104,orientation_cued_D4,0.00006,1.0000,0.0012,0.112,0.006
1487,95168,orientation_cued_D0,0.00005,1.0000,0.0010,0.064,0.007
1488,95232,orientation_cued_D2,0.00006,1.0000,0.0012,0.089,0.004
1489,95296,orientation_cued_D4,0.00006,1.0000,0.0016,0.111,0.007
1490,95360,orientation_cued_D0,0.00005,1.0000,0.0009,0.063,0.008
1491,95424,orientation_cued_D2,0.00006,1.0000,0.0012,0.088,0.004
1492,95488,orientation_cued_D4,0.00005,1.0000,0.0011,0.116,0.006
1493,95552,orientation_cued_D0,0.00014,1.0000,0.0373,0.065,0.007
1494,95616,orientation_cued_D2,0.00006,1.0000,0.0014,0.090,0.004
1495,95680,orientation_cued_D4,0.00006,1.0000,0.0013,0.115,0.006
1496,95744,orientation_cued_D0,0.00005,1.0000,0.0010,0.067,0.007
1497,95808,orientation_cued_D2,0.00005,1.0000,0.0011,0.098,0.005
1498,95872,orientation_cued_D4,0.00005,1.0000,0.0016,0.123,0.006
1499,95936,orientation_cued_D0,0.00005,1.0000,0.0010,0.070,0.008
1500,96000,orientation_cued_D2,0.00005,1.0000,0.0011,0.098,0.005
1501,96064,orientation_cued_D4,0.00006,1.0000,0.0013,0.114,0.006
1502,96128,orientation_cued_D0,0.00005,1.0000,0.0022,0.070,0.007
1503,96192,orientation_cued_D2,0.00005,1.0000,0.0011,0.091,0.006
1504,96256,orientation_cued_D4,0.00006,1.0000,0.0012,0.113,0.006
1505,96320,orientation_cued_D0,0.00004,1.0000,0.0009,0.064,0.008
1506,96384,orientation_cued_D2,0.00005,1.0000,0.0009,0.089,0.004
1507,96448,orientation_cued_D4,0.00006,1.0000,0.0014,0.113,0.008
1508,96512,orientation_cued_D0,0.00556,1.0000,4.5364,0.065,0.007
1509,96576,orientation_cued_D2,0.00005,1.0000,0.0009,0.099,0.004
1510,96640,orientation_cued_D4,0.00006,1.0000,0.0020,0.111,0.006
1511,96704,orientation_cued_D0,0.00005,1.0000,0.0016,0.065,0.007
1512,96768,orientation_cued_D2,0.00005,1.0000,0.0009,0.090,0.004
1513,96832,orientation_cued_D4,0.00006,1.0000,0.0027,0.116,0.006
1514,96896,orientation_cued_D0,0.00005,1.0000,0.0009,0.064,0.008
1515,96960,orientation_cued_D2,0.00005,1.0000,0.0011,0.091,0.004
1516,97024,orientation_cued_D4,0.00007,1.0000,0.0056,0.113,0.006
1517,97088,orientation_cued_D0,0.00004,1.0000,0.0008,0.064,0.007
1518,97152,orientation_cued_D2,0.00005,1.0000,0.0014,0.089,0.004
1519,97216,orientation_cued_D4,0.00006,1.0000,0.0018,0.113,0.006
1520,97280,orientation_cued_D0,0.00005,1.0000,0.0035,0.063,0.008
1521,97344,orientation_cued_D2,0.00005,1.0000,0.0011,0.089,0.004
1522,97408,orientation_cued_D4,0.00007,1.0000,0.0028,0.112,0.006
1523,97472,orientation_cued_D0,0.00004,1.0000,0.0009,0.071,0.007
1524,97536,orientation_cued_D2,0.00008,1.0000,0.0186,0.125,0.005
1525,97600,orientation_cued_D4,0.00006,1.0000,0.0015,0.117,0.006
1526,97664,orientation_cued_D0,0.00005,1.0000,0.0012,0.064,0.008
1527,97728,orientation_cued_D2,0.00005,1.0000,0.0009,0.090,0.004
1528,97792,orientation_cued_D4,0.00030,1.0000,0.1340,0.112,0.006
1529,97856,orientation_cued_D0,0.00007,1.0000,0.0113,0.063,0.007
1530,97920,orientation_cued_D2,0.00005,1.0000,0.0010,0.089,0.004
1531,97984,orientation_cued_D4,0.00007,1.0000,0.0037,0.113,0.007
1532,98048,orientation_cued_D0,0.00007,1.0000,0.0077,0.063,0.008
1533,98112,orientation_cued_D2,0.00005,1.0000,0.0019,0.100,0.004
1534,98176,orientation_cued_D4,0.00008,1.0000,0.0175,0.119,0.006
1535,98240,orientation_cued_D0,0.00006,1.0000,0.0092,0.064,0.007
1536,98304,orientation_cued_D2,0.00005,1.0000,0.0012,0.091,0.004
1537,98368,orientation_cued_D4,0.00006,1.0000,0.0030,0.113,0.006
1538,98432,orientation_cued_D0,0.00005,1.0000,0.0016,0.064,0.007
1539,98496,orientation_cued_D2,0.00005,1.0000,0.0010,0.089,0.005
1540,98560,orientation_cued_D4,0.00007,1.0000,0.0023,0.112,0.006
1541,98624,orientation_cued_D0,0.00004,1.0000,0.0009,0.063,0.008
1542,98688,orientation_cued_D2,0.00005,1.0000,0.0014,0.089,0.004
1543,98752,orientation_cued_D4,0.00006,1.0000,0.0018,0.113,0.006
1544,98816,orientation_cued_D0,0.00044,1.0000,0.2644,0.068,0.008
1545,98880,orientation_cued_D2,0.00005,1.0000,0.0012,0.090,0.004
1546,98944,orientation_cued_D4,0.00008,1.0000,0.0118,0.113,0.006
1547,99008,orientation_cued_D0,0.00008,1.0000,0.0077,0.065,0.007
1548,99072,orientation_cued_D2,0.00053,1.0000,0.3899,0.090,0.004
1549,99136,orientation_cued_D4,0.00006,1.0000,0.0048,0.112,0.006
1550,99200,orientation_cued_D0,0.00008,1.0000,0.0110,0.063,0.008
1551,99264,orientation_cued_D2,0.00005,1.0000,0.0010,0.088,0.004
1552,99328,orientation_cued_D4,0.02197,0.9844,17.0085,0.124,0.009
1553,99392,orientation_cued_D0,0.00023,1.0000,0.1015,0.068,0.013
1554,99456,orientation_cued_D2,0.00005,1.0000,0.0010,0.099,0.005
1555,99520,orientation_cued_D4,0.00005,1.0000,0.0011,0.122,0.006
1556,99584,orientation_cued_D0,0.00005,1.0000,0.0033,0.067,0.008
1557,99648,orientation_cued_D2,0.00005,1.0000,0.0012,0.119,0.007
1558,99712,orientation_cued_D4,0.00649,1.0000,5.1330,0.115,0.010
1559,99776,orientation_cued_D0,0.00005,1.0000,0.0013,0.066,0.008
1560,99840,orientation_cued_D2,0.00005,1.0000,0.0013,0.089,0.004
1561,99904,orientation_cued_D4,0.14810,0.9844,2.8923,0.111,0.006
1562,99968,orientation_cued_D0,0.00006,1.0000,0.0048,0.064,0.008
1563,100032,orientation_cued_D2,0.00380,1.0000,3.6152,0.096,0.004
