step,stage,family,condition,episodes,visual_updates,loss,grad_norm,clipped,accuracy,diagnostics,frames,step_seconds,wall_utc
1,focused,motion_direction,motion_anchor,8,16,0.45744776725769043,28.794639587402344,1,0.75,"{""state_mean"": {""input_saturation"": 0.177001953125, ""input_mean"": 0.15575158596038818, ""forget_saturation"": 0.537109375, ""forget_mean"": 0.9115948379039764, ""output_saturation"": 0.003173828125, ""output_mean"": 0.49997544288635254, ""candidate_saturation"": 0.065185546875, ""state0_rms"": 0.15878812596201897, ""state0_max"": 0.7435277700424194, ""state1_rms"": 0.08488458395004272, ""state1_max"": 0.5016337037086487}, ""state_peak"": {""state0_max"": 0.9760024547576904, ""state1_max"": 0.6243376731872559}, ""early_representation_gradient_norm"": 0.0001938421482918784, ""late_representation_gradient_norm"": 0.00019989072461612523, ""core_gradient_norm"": 0.009399189613759518, ""recurrent_gradient_rms"": 1.7225897863681894e-06, ""recurrent_gradient_median_abs"": 1.8036094218132348e-07, ""current_gradient_fraction_below_adam_eps"": 0.00152587890625, ""effective_recurrent_relative_update"": 0.00959760695695877}",2,1.8439999998081475,2026-09-13T03:23:34.377702+00:00
2,focused,motion_direction,motion_L2,16,56,1.3936240673065186,0.31539326906204224,0,0.125,{},5,0.28100000019185245,2026-09-13T03:23:34.651537+00:00
3,focused,orientation,orientation_recall_minimal,24,96,0.7312766909599304,0.3291446566581726,0,0.25,{},5,0.26599999982863665,2026-09-13T03:23:34.916595+00:00
4,focused,motion_direction,motion_L8,32,184,1.3992338180541992,0.36134254932403564,0,0.125,{},11,0.5940000000409782,2026-09-13T03:23:35.512836+00:00
5,focused,orientation,orientation_recall_D4,40,272,0.7079969644546509,0.47436031699180603,0,0.5,{},11,0.5619999999180436,2026-09-13T03:23:36.077227+00:00
6,focused,motion_direction,motion_L2,48,312,1.3929846286773682,0.35724934935569763,0,0.125,{},5,0.2660000000614673,2026-09-13T03:23:36.346587+00:00
7,focused,orientation,orientation_recall_minimal,56,352,0.7312331795692444,0.28533172607421875,0,0.25,{},5,0.26500000013038516,2026-09-13T03:23:36.613054+00:00
8,focused,motion_direction,motion_L8,64,440,1.3848007917404175,0.36235764622688293,0,0.25,{},11,0.6409999998286366,2026-09-13T03:23:37.246560+00:00
9,focused,orientation,orientation_recall_D4,72,528,0.6966028809547424,0.4137033522129059,0,0.5,{},11,0.5630000000819564,2026-09-13T03:23:37.815035+00:00
10,focused,motion_direction,motion_L2,80,568,1.3630841970443726,0.38538122177124023,0,0.375,{},5,0.29600000008940697,2026-09-13T03:23:38.099744+00:00
11,focused,orientation,orientation_anchor,88,584,0.0016037988243624568,0.04365185275673866,0,1.0,{},2,0.10999999986961484,2026-09-13T03:23:38.215348+00:00
12,focused,orientation,orientation_recall_minimal,96,624,0.6973813772201538,0.4126286208629608,0,0.5,{},5,0.2809999999590218,2026-09-13T03:23:38.491068+00:00
13,focused,motion_direction,motion_L8,104,712,1.401071310043335,0.3351166248321533,0,0.375,{},11,0.5940000000409782,2026-09-13T03:23:39.098339+00:00
14,focused,orientation,orientation_recall_D4,112,800,0.6619362831115723,0.2723187804222107,0,0.875,{},11,0.5629999998491257,2026-09-13T03:23:39.667616+00:00
15,focused,motion_direction,motion_L2,120,840,1.3950055837631226,0.3403390049934387,0,0.125,{},5,0.2809999999590218,2026-09-13T03:23:39.945240+00:00
16,focused,orientation,orientation_recall_minimal,128,880,0.6715674996376038,0.4199325442314148,0,0.625,{},5,0.2660000000614673,2026-09-13T03:23:40.220404+00:00
17,focused,motion_direction,motion_L8,136,968,1.4081002473831177,0.3430427312850952,0,0.125,{},11,0.5940000000409782,2026-09-13T03:23:40.814926+00:00
18,focused,orientation,orientation_recall_D4,144,1056,0.688208281993866,0.38450682163238525,0,0.625,{},11,0.5779999999795109,2026-09-13T03:23:41.395185+00:00
19,focused,motion_direction,motion_L2,152,1096,1.3801015615463257,0.34908270835876465,0,0.25,{},5,0.26599999982863665,2026-09-13T03:23:41.664538+00:00
20,focused,orientation,orientation_recall_minimal,160,1136,0.6724658012390137,0.27347323298454285,0,0.625,{},5,0.2660000000614673,2026-09-13T03:23:41.939331+00:00
21,focused,motion_direction,motion_anchor,168,1152,2.3303213119506836,66.32542419433594,1,0.5,{},2,0.13999999989755452,2026-09-13T03:23:42.074866+00:00
22,focused,motion_direction,motion_L8,176,1240,1.4002964496612549,0.34523001313209534,0,0.25,{},11,0.6880000000819564,2026-09-13T03:23:42.756766+00:00
23,focused,orientation,orientation_recall_D4,184,1328,0.7066988945007324,0.3029545247554779,0,0.375,{},11,0.5619999999180436,2026-09-13T03:23:43.329368+00:00
24,focused,motion_direction,motion_L2,192,1368,1.3896269798278809,0.31956416368484497,0,0.25,{},5,0.28100000019185245,2026-09-13T03:23:43.602446+00:00
25,focused,orientation,orientation_recall_minimal,200,1408,0.7255269289016724,0.3214765191078186,0,0.375,{},5,0.28199999989010394,2026-09-13T03:23:43.885336+00:00
26,focused,motion_direction,motion_L8,208,1496,1.396399736404419,0.36843955516815186,0,0.25,{},11,0.5930000001098961,2026-09-13T03:23:44.486559+00:00
27,focused,orientation,orientation_recall_D4,216,1584,0.6853911876678467,0.31731268763542175,0,0.625,{},11,0.578999999910593,2026-09-13T03:23:45.065438+00:00
28,focused,motion_direction,motion_L2,224,1624,1.3798836469650269,0.3219882845878601,0,0.5,{},5,0.2809999999590218,2026-09-13T03:23:45.334544+00:00
29,focused,orientation,orientation_recall_minimal,232,1664,0.7158161997795105,0.2965194880962372,0,0.25,{},5,0.26500000013038516,2026-09-13T03:23:45.609229+00:00
30,focused,motion_direction,motion_L8,240,1752,1.3648642301559448,0.34242331981658936,0,0.375,{},11,0.625,2026-09-13T03:23:46.228739+00:00
31,focused,orientation,orientation_anchor,248,1768,0.007046968676149845,0.5261690020561218,0,1.0,{},2,0.125,2026-09-13T03:23:46.350622+00:00
32,focused,orientation,orientation_recall_D4,256,1856,0.7064013481140137,0.33067113161087036,0,0.375,{},11,0.5939999998081475,2026-09-13T03:23:46.950185+00:00
33,focused,motion_direction,motion_L2,264,1896,1.403988003730774,0.32100337743759155,0,0.0,{},5,0.2970000000204891,2026-09-13T03:23:47.244632+00:00
34,focused,orientation,orientation_recall_minimal,272,1936,0.7005870938301086,0.28392183780670166,0,0.5,{},5,0.2660000000614673,2026-09-13T03:23:47.521348+00:00
35,focused,motion_direction,motion_L8,280,2024,1.3766762018203735,0.319918155670166,0,0.375,{},11,0.6099999998696148,2026-09-13T03:23:48.139926+00:00
36,focused,orientation,orientation_recall_D4,288,2112,0.6817691326141357,0.3925437927246094,0,0.625,{},11,0.5930000001098961,2026-09-13T03:23:48.738144+00:00
37,focused,motion_direction,motion_L2,296,2152,1.3889509439468384,0.33931106328964233,0,0.125,{},5,0.2660000000614673,2026-09-13T03:23:49.019292+00:00
38,focused,orientation,orientation_recall_minimal,304,2192,0.6915543079376221,0.3129049837589264,0,0.375,{},5,0.2809999999590218,2026-09-13T03:23:49.288675+00:00
39,focused,motion_direction,motion_L8,312,2280,1.3827136754989624,0.32266470789909363,0,0.25,{},11,0.8120000001508743,2026-09-13T03:23:50.109729+00:00
40,focused,orientation,orientation_recall_D4,320,2368,0.711717426776886,0.3620995283126831,0,0.375,{},11,0.5319999998901039,2026-09-13T03:23:50.646634+00:00
41,focused,motion_direction,motion_anchor,328,2384,1.3789021968841553,36.04903030395508,1,0.625,{},2,0.18799999984912574,2026-09-13T03:23:50.834951+00:00
42,focused,motion_direction,motion_L2,336,2424,1.3878405094146729,0.3289683163166046,0,0.125,{},5,0.26500000013038516,2026-09-13T03:23:51.111028+00:00
43,focused,orientation,orientation_recall_minimal,344,2464,0.7091166973114014,0.293813019990921,0,0.25,{},5,0.26599999982863665,2026-09-13T03:23:51.370816+00:00
44,focused,motion_direction,motion_L8,352,2552,1.3931108713150024,0.375647634267807,0,0.25,{},11,0.5779999999795109,2026-09-13T03:23:51.948419+00:00
45,focused,orientation,orientation_recall_D4,360,2640,0.6938810348510742,0.32513758540153503,0,0.625,{},11,0.5470000000204891,2026-09-13T03:23:52.496795+00:00
46,focused,motion_direction,motion_L2,368,2680,1.395392894744873,0.3588159382343292,0,0.125,{},5,0.25,2026-09-13T03:23:52.748081+00:00
47,focused,orientation,orientation_recall_minimal,376,2720,0.6883611679077148,0.311778724193573,0,0.5,{},5,0.2660000000614673,2026-09-13T03:23:53.009902+00:00
48,focused,motion_direction,motion_L8,384,2808,1.3601714372634888,0.31407371163368225,0,0.5,{},11,0.5619999999180436,2026-09-13T03:23:53.575406+00:00
49,focused,orientation,orientation_recall_D4,392,2896,0.6957259774208069,0.28874000906944275,0,0.375,{},11,0.5310000001918525,2026-09-13T03:23:54.112664+00:00
50,focused,motion_direction,motion_L2,400,2936,1.395951509475708,0.32249152660369873,0,0.0,{},5,0.26599999982863665,2026-09-13T03:23:54.376618+00:00
51,focused,orientation,orientation_anchor,408,2952,0.003224986372515559,0.11462540924549103,0,1.0,{},2,0.125,2026-09-13T03:23:54.496466+00:00
52,focused,orientation,orientation_recall_minimal,416,2992,0.7439764142036438,0.35046693682670593,0,0.25,{},5,0.25,2026-09-13T03:23:54.745748+00:00
53,focused,motion_direction,motion_L8,424,3080,1.4214046001434326,0.3432621955871582,0,0.25,{},11,0.5779999999795109,2026-09-13T03:23:55.331477+00:00
54,focused,orientation,orientation_recall_D4,432,3168,0.7034352421760559,0.3602447211742401,0,0.5,{},11,0.5470000000204891,2026-09-13T03:23:55.876786+00:00
55,focused,motion_direction,motion_L2,440,3208,1.3995708227157593,0.327658474445343,0,0.125,{},5,0.25,2026-09-13T03:23:56.122974+00:00
56,focused,orientation,orientation_recall_minimal,448,3248,0.6968610882759094,0.3414402902126312,0,0.625,{},5,0.28100000019185245,2026-09-13T03:23:56.395168+00:00
57,focused,motion_direction,motion_L8,456,3336,1.385848879814148,0.35885089635849,0,0.375,{},11,0.5469999997876585,2026-09-13T03:23:56.948957+00:00
58,focused,orientation,orientation_recall_D4,464,3424,0.7104505896568298,0.31022924184799194,0,0.375,{},11,0.5470000000204891,2026-09-13T03:23:57.493876+00:00
59,focused,motion_direction,motion_L2,472,3464,1.3939316272735596,0.3305265009403229,0,0.125,{},5,0.25,2026-09-13T03:23:57.742800+00:00
60,focused,orientation,orientation_recall_minimal,480,3504,0.6708444356918335,0.3270995616912842,0,0.625,{},5,0.2660000000614673,2026-09-13T03:23:58.005027+00:00
61,focused,motion_direction,motion_anchor,488,3520,0.3930946886539459,15.64491081237793,1,0.875,{},2,0.10899999993853271,2026-09-13T03:23:58.120789+00:00
62,focused,motion_direction,motion_L8,496,3608,1.4066956043243408,0.3170457184314728,0,0.0,{},11,0.5630000000819564,2026-09-13T03:23:58.684748+00:00
63,focused,orientation,orientation_recall_D4,504,3696,0.7160921096801758,0.3229506313800812,0,0.375,{},11,0.5309999999590218,2026-09-13T03:23:59.213664+00:00
64,focused,motion_direction,motion_L2,512,3736,1.376915693283081,0.31522929668426514,0,0.5,{},5,0.25,2026-09-13T03:23:59.464693+00:00
65,focused,orientation,orientation_recall_minimal,520,3776,0.7003949880599976,0.3895564675331116,0,0.375,"{""state_mean"": {""input_saturation"": 0.179296875, ""input_mean"": 0.15657778084278107, ""forget_saturation"": 0.5220703125, ""forget_mean"": 0.896409273147583, ""output_saturation"": 0.0, ""output_mean"": 0.49588412046432495, ""candidate_saturation"": 0.09072265625, ""state0_rms"": 0.40629867315292356, ""state0_max"": 2.1594125628471375, ""state1_rms"": 0.13561034351587295, ""state1_max"": 0.6367366254329682}, ""state_peak"": {""state0_max"": 3.6003940105438232, ""state1_max"": 0.7502064108848572}, ""early_representation_gradient_norm"": 0.0004080893413629383, ""late_representation_gradient_norm"": 0.0014122019056230783, ""core_gradient_norm"": 0.016979189589619637, ""recurrent_gradient_rms"": 8.17107138573192e-06, ""recurrent_gradient_median_abs"": 5.450457365441252e-07, ""current_gradient_fraction_below_adam_eps"": 0.00042724609375, ""effective_recurrent_relative_update"": 0.00589705491438508}",5,0.26500000013038516,2026-09-13T03:23:59.728487+00:00
66,focused,motion_direction,motion_L8,528,3864,1.390457034111023,0.3643037974834442,0,0.25,{},11,0.578999999910593,2026-09-13T03:24:00.312930+00:00
67,focused,orientation,orientation_recall_D4,536,3952,0.7212796807289124,0.36622413992881775,0,0.375,{},11,0.5619999999180436,2026-09-13T03:24:00.872294+00:00
68,focused,motion_direction,motion_L2,544,3992,1.37236487865448,0.3505812883377075,0,0.375,{},5,0.2660000000614673,2026-09-13T03:24:01.130744+00:00
69,focused,orientation,orientation_recall_minimal,552,4032,0.6844915151596069,0.3402239978313446,0,0.5,{},5,0.25,2026-09-13T03:24:01.381421+00:00
70,focused,motion_direction,motion_L8,560,4120,1.4145667552947998,0.36426225304603577,0,0.125,{},11,0.5619999999180436,2026-09-13T03:24:01.945519+00:00
71,focused,orientation,orientation_anchor,568,4136,0.0016484842635691166,0.05003230646252632,0,1.0,{},2,0.11000000010244548,2026-09-13T03:24:02.057870+00:00
72,focused,orientation,orientation_recall_D4,576,4224,0.683391809463501,0.25588178634643555,0,0.5,{},11,0.5309999999590218,2026-09-13T03:24:02.587437+00:00
73,focused,motion_direction,motion_L2,584,4264,1.3486766815185547,0.39903581142425537,0,0.5,{},5,0.25,2026-09-13T03:24:02.840930+00:00
74,focused,orientation,orientation_recall_minimal,592,4304,0.6962593197822571,0.33957186341285706,0,0.625,{},5,0.25,2026-09-13T03:24:03.095804+00:00
75,focused,motion_direction,motion_L8,600,4392,1.3857574462890625,0.35804471373558044,0,0.25,{},11,0.5620000001508743,2026-09-13T03:24:03.653577+00:00
76,focused,orientation,orientation_recall_D4,608,4480,0.7060109376907349,0.25275611877441406,0,0.5,{},11,0.5469999997876585,2026-09-13T03:24:04.207506+00:00
77,focused,motion_direction,motion_L2,616,4520,1.3966988325119019,0.3803699314594269,0,0.125,{},5,0.25,2026-09-13T03:24:04.463815+00:00
78,focused,orientation,orientation_recall_minimal,624,4560,0.671099841594696,0.2862967848777771,0,0.625,{},5,0.25,2026-09-13T03:24:04.717276+00:00
79,focused,motion_direction,motion_L8,632,4648,1.3663254976272583,0.38134050369262695,0,0.375,{},11,0.5940000000409782,2026-09-13T03:24:05.317431+00:00
80,focused,orientation,orientation_recall_D4,640,4736,0.6848980784416199,0.2998404800891876,0,0.5,{},11,0.5470000000204891,2026-09-13T03:24:05.869756+00:00
81,focused,motion_direction,motion_anchor,648,4752,0.3832835555076599,20.233497619628906,1,0.875,{},2,0.10900000017136335,2026-09-13T03:24:05.979527+00:00
82,focused,motion_direction,motion_L2,656,4792,1.3900988101959229,0.27906039357185364,0,0.25,{},5,0.26599999982863665,2026-09-13T03:24:06.239876+00:00
83,focused,orientation,orientation_recall_minimal,664,4832,0.7034568190574646,0.3219982385635376,0,0.5,{},5,0.25,2026-09-13T03:24:06.501634+00:00
84,focused,motion_direction,motion_L8,672,4920,1.3960939645767212,0.363262414932251,0,0.25,{},11,0.5630000000819564,2026-09-13T03:24:07.062940+00:00
85,focused,orientation,orientation_recall_D4,680,5008,0.6861258149147034,0.2865563929080963,0,0.5,{},11,0.5619999999180436,2026-09-13T03:24:07.619561+00:00
86,focused,motion_direction,motion_L2,688,5048,1.3958066701889038,0.3884945213794708,0,0.375,{},5,0.2660000000614673,2026-09-13T03:24:07.885339+00:00
87,focused,orientation,orientation_recall_minimal,696,5088,0.6990545392036438,0.25487154722213745,0,0.5,{},5,0.25,2026-09-13T03:24:08.132725+00:00
88,focused,motion_direction,motion_L8,704,5176,1.37317955493927,0.3662601411342621,0,0.25,{},11,0.5619999999180436,2026-09-13T03:24:08.709351+00:00
89,focused,orientation,orientation_recall_D4,712,5264,0.7017087936401367,0.25524020195007324,0,0.5,{},11,0.5309999999590218,2026-09-13T03:24:09.246821+00:00
90,focused,motion_direction,motion_L2,720,5304,1.3896743059158325,0.30999457836151123,0,0.25,{},5,0.25,2026-09-13T03:24:09.504244+00:00
91,focused,orientation,orientation_anchor,728,5320,0.008467265404760838,0.38162362575531006,0,1.0,{},2,0.10900000017136335,2026-09-13T03:24:09.612715+00:00
92,focused,orientation,orientation_recall_minimal,736,5360,0.6648828983306885,0.31874221563339233,0,0.625,{},5,0.26599999982863665,2026-09-13T03:24:09.879392+00:00
93,focused,motion_direction,motion_L8,744,5448,1.3673324584960938,0.32051801681518555,0,0.375,{},11,0.5470000000204891,2026-09-13T03:24:10.431856+00:00
94,focused,orientation,orientation_recall_D4,752,5536,0.6961327791213989,0.28971290588378906,0,0.375,{},11,0.5309999999590218,2026-09-13T03:24:10.972949+00:00
95,focused,motion_direction,motion_L2,760,5576,1.3959605693817139,0.32730361819267273,0,0.25,{},5,0.23499999986961484,2026-09-13T03:24:11.221549+00:00
96,focused,orientation,orientation_recall_minimal,768,5616,0.7289552688598633,0.30310407280921936,0,0.25,{},5,0.26500000013038516,2026-09-13T03:24:11.480018+00:00
97,focused,motion_direction,motion_L8,776,5704,1.3595737218856812,0.36394014954566956,0,0.375,{},11,0.578999999910593,2026-09-13T03:24:12.058133+00:00
98,focused,orientation,orientation_recall_D4,784,5792,0.7015443444252014,0.3568682372570038,0,0.5,{},11,0.546000000089407,2026-09-13T03:24:12.604317+00:00
99,focused,motion_direction,motion_L2,792,5832,1.3846065998077393,0.32296156883239746,0,0.25,{},5,0.25,2026-09-13T03:24:12.854581+00:00
100,focused,orientation,orientation_recall_minimal,800,5872,0.7114900350570679,0.3087867796421051,0,0.25,{},5,0.25,2026-09-13T03:24:13.103498+00:00
101,focused,motion_direction,motion_anchor,808,5888,0.3393763303756714,13.907126426696777,1,0.75,{},2,0.10999999986961484,2026-09-13T03:24:13.221251+00:00
102,focused,motion_direction,motion_L8,816,5976,1.3530418872833252,0.3564791977405548,0,0.5,{},11,0.5620000001508743,2026-09-13T03:24:13.782660+00:00
103,focused,orientation,orientation_recall_D4,824,6064,0.7005583047866821,0.25227078795433044,0,0.5,{},11,0.5469999997876585,2026-09-13T03:24:14.320321+00:00
104,focused,motion_direction,motion_L2,832,6104,1.3693054914474487,0.3899572491645813,0,0.25,{},5,0.25,2026-09-13T03:24:14.571435+00:00
105,focused,orientation,orientation_recall_minimal,840,6144,0.7444362044334412,0.3382208049297333,0,0.25,{},5,0.25,2026-09-13T03:24:14.825869+00:00
106,focused,motion_direction,motion_L8,848,6232,1.3529354333877563,0.35669785737991333,0,0.75,{},11,0.5470000000204891,2026-09-13T03:24:15.376590+00:00
107,focused,orientation,orientation_recall_D4,856,6320,0.7053759694099426,0.338558554649353,0,0.75,{},11,0.5630000000819564,2026-09-13T03:24:15.943281+00:00
108,focused,motion_direction,motion_L2,864,6360,1.4148542881011963,0.3714198172092438,0,0.25,{},5,0.3440000000409782,2026-09-13T03:24:16.300176+00:00
109,focused,orientation,orientation_recall_minimal,872,6400,0.690214216709137,0.2852516770362854,0,0.375,{},5,0.3910000000614673,2026-09-13T03:24:16.678757+00:00
110,focused,motion_direction,motion_L8,880,6488,1.3883819580078125,0.35939821600914,0,0.125,{},11,0.6089999999385327,2026-09-13T03:24:17.295523+00:00
111,focused,orientation,orientation_anchor,888,6504,0.006289949174970388,0.21830886602401733,0,1.0,{},2,0.125,2026-09-13T03:24:17.413705+00:00
112,focused,orientation,orientation_recall_D4,896,6592,0.6954185366630554,0.3198956549167633,0,0.625,{},11,0.5309999999590218,2026-09-13T03:24:17.954976+00:00
113,focused,motion_direction,motion_L2,904,6632,1.3897823095321655,0.37308040261268616,0,0.25,{},5,0.28100000019185245,2026-09-13T03:24:18.232123+00:00
114,focused,orientation,orientation_recall_minimal,912,6672,0.6938478350639343,0.3561139702796936,0,0.5,{},5,0.25,2026-09-13T03:24:18.488547+00:00
115,focused,motion_direction,motion_L8,920,6760,1.3852795362472534,0.43193745613098145,0,0.375,{},11,0.578999999910593,2026-09-13T03:24:19.064295+00:00
116,focused,orientation,orientation_recall_D4,928,6848,0.6914224624633789,0.4052536189556122,0,0.625,{},11,0.546000000089407,2026-09-13T03:24:19.609714+00:00
117,focused,motion_direction,motion_L2,936,6888,1.4106776714324951,0.40243813395500183,0,0.25,{},5,0.25,2026-09-13T03:24:19.863876+00:00
118,focused,orientation,orientation_recall_minimal,944,6928,0.6680420637130737,0.3309616148471832,0,0.625,{},5,0.25,2026-09-13T03:24:20.123478+00:00
119,focused,motion_direction,motion_L8,952,7016,1.3866956233978271,0.36696574091911316,0,0.25,{},11,0.5940000000409782,2026-09-13T03:24:20.710889+00:00
120,focused,orientation,orientation_recall_D4,960,7104,0.7051490545272827,0.3221995234489441,0,0.25,{},11,0.5309999999590218,2026-09-13T03:24:21.252613+00:00
121,focused,motion_direction,motion_anchor,968,7120,0.27379173040390015,14.79103946685791,1,0.875,{},2,0.125,2026-09-13T03:24:21.370942+00:00
122,focused,motion_direction,motion_L2,976,7160,1.4065755605697632,0.7533365488052368,0,0.25,{},5,0.25,2026-09-13T03:24:21.624332+00:00
123,focused,orientation,orientation_recall_minimal,984,7200,0.6914318799972534,0.2974497377872467,0,0.625,{},5,0.25,2026-09-13T03:24:21.878064+00:00
124,focused,motion_direction,motion_L8,992,7288,1.4151495695114136,0.5416267514228821,0,0.25,{},11,0.5630000000819564,2026-09-13T03:24:22.440284+00:00
125,focused,orientation,orientation_recall_D4,1000,7376,0.675654411315918,0.2897210419178009,0,0.625,{},11,0.546000000089407,2026-09-13T03:24:22.979143+00:00
126,focused,motion_direction,motion_L2,1008,7416,1.3496867418289185,0.3459736406803131,0,0.625,{},5,0.25,2026-09-13T03:24:23.232909+00:00
127,focused,orientation,orientation_recall_minimal,1016,7456,0.682508111000061,0.2980695068836212,0,0.625,{},5,0.26599999982863665,2026-09-13T03:24:23.492902+00:00
128,focused,motion_direction,motion_L8,1024,7544,1.4026587009429932,0.34459373354911804,0,0.125,{},11,0.5470000000204891,2026-09-13T03:24:24.043370+00:00
129,focused,orientation,orientation_recall_D4,1032,7632,0.6908320784568787,0.29297640919685364,0,0.625,"{""state_mean"": {""input_saturation"": 0.1631747159090909, ""input_mean"": 0.1554473340511322, ""forget_saturation"": 0.5524236505681818, ""forget_mean"": 0.895044971596111, ""output_saturation"": 0.0010209517045454545, ""output_mean"": 0.4962633550167084, ""candidate_saturation"": 0.06693892045454546, ""state0_rms"": 0.638968059962446, ""state0_max"": 3.2789696780118076, ""state1_rms"": 0.20928167754953558, ""state1_max"": 0.7691102569753473}, ""state_peak"": {""state0_max"": 5.785240173339844, ""state1_max"": 0.8730279207229614}, ""early_representation_gradient_norm"": 0.00032955571077764034, ""late_representation_gradient_norm"": 0.0017980978591367602, ""core_gradient_norm"": 0.012311051599681377, ""recurrent_gradient_rms"": 1.0062262845167425e-05, ""recurrent_gradient_median_abs"": 1.2970267562195659e-06, ""current_gradient_fraction_below_adam_eps"": 9.1552734375e-05, ""effective_recurrent_relative_update"": 0.007356172427535057}",11,0.5470000000204891,2026-09-13T03:24:24.588653+00:00
130,focused,motion_direction,motion_L2,1040,7672,1.3504313230514526,0.36874839663505554,0,0.25,{},5,0.25,2026-09-13T03:24:24.846928+00:00
131,focused,orientation,orientation_anchor,1048,7688,0.004579257220029831,0.16022518277168274,0,1.0,{},2,0.125,2026-09-13T03:24:24.959562+00:00
132,focused,orientation,orientation_recall_minimal,1056,7728,0.6769029498100281,0.3059101402759552,0,0.625,{},5,0.26500000013038516,2026-09-13T03:24:25.232339+00:00
133,focused,motion_direction,motion_L8,1064,7816,1.4146504402160645,0.5860251784324646,0,0.125,{},11,0.578999999910593,2026-09-13T03:24:25.808907+00:00
134,focused,orientation,orientation_recall_D4,1072,7904,0.7011520862579346,0.38306787610054016,0,0.375,{},11,0.546000000089407,2026-09-13T03:24:26.351347+00:00
135,focused,motion_direction,motion_L2,1080,7944,1.3933597803115845,0.3931521773338318,0,0.125,{},5,0.25,2026-09-13T03:24:26.613764+00:00
136,focused,orientation,orientation_recall_minimal,1088,7984,0.6762714385986328,0.3664272427558899,0,0.5,{},5,0.28100000019185245,2026-09-13T03:24:26.904948+00:00
137,focused,motion_direction,motion_L8,1096,8072,1.379002571105957,0.5644518136978149,0,0.25,{},11,0.5939999998081475,2026-09-13T03:24:27.492725+00:00
138,focused,orientation,orientation_recall_D4,1104,8160,0.6943308115005493,0.27584928274154663,0,0.375,{},11,0.5470000000204891,2026-09-13T03:24:28.049546+00:00
139,focused,motion_direction,motion_L2,1112,8200,1.37138831615448,0.3403884172439575,0,0.375,{},5,0.2809999999590218,2026-09-13T03:24:28.318694+00:00
140,focused,orientation,orientation_recall_minimal,1120,8240,0.7091273069381714,0.33787399530410767,0,0.5,{},5,0.25,2026-09-13T03:24:28.573448+00:00
141,focused,motion_direction,motion_anchor,1128,8256,0.007002179976552725,0.68375164270401,0,1.0,{},2,0.125,2026-09-13T03:24:28.693941+00:00
142,focused,motion_direction,motion_L8,1136,8344,1.3800289630889893,0.7529036402702332,0,0.25,{},11,0.5630000000819564,2026-09-13T03:24:29.266772+00:00
143,focused,orientation,orientation_recall_D4,1144,8432,0.6974104046821594,0.31224995851516724,0,0.375,{},11,0.5470000000204891,2026-09-13T03:24:29.807276+00:00
144,focused,motion_direction,motion_L2,1152,8472,1.3803201913833618,0.3093140721321106,0,0.375,{},5,0.2649999998975545,2026-09-13T03:24:30.069718+00:00
145,focused,orientation,orientation_recall_minimal,1160,8512,0.6880688667297363,0.3045499622821808,0,0.5,{},5,0.25,2026-09-13T03:24:30.328752+00:00
146,focused,motion_direction,motion_L8,1168,8600,1.416294813156128,0.39330318570137024,0,0.0,{},11,0.5780000002123415,2026-09-13T03:24:30.899831+00:00
147,focused,orientation,orientation_recall_D4,1176,8688,0.6940632462501526,0.30636823177337646,0,0.625,{},11,0.5319999998901039,2026-09-13T03:24:31.436614+00:00
148,focused,motion_direction,motion_L2,1184,8728,1.3746581077575684,0.3457401990890503,0,0.5,{},5,0.25,2026-09-13T03:24:31.690210+00:00
149,focused,orientation,orientation_recall_minimal,1192,8768,0.7008458971977234,0.344942569732666,0,0.5,{},5,0.2649999998975545,2026-09-13T03:24:31.950517+00:00
150,focused,motion_direction,motion_L8,1200,8856,1.3881332874298096,0.4605826735496521,0,0.25,{},11,0.5780000002123415,2026-09-13T03:24:32.525511+00:00
151,focused,orientation,orientation_anchor,1208,8872,0.024411726742982864,1.1612014770507812,1,1.0,{},2,0.125,2026-09-13T03:24:32.653941+00:00
152,focused,orientation,orientation_recall_D4,1216,8960,0.7248364686965942,0.3730270564556122,0,0.25,{},11,0.5469999997876585,2026-09-13T03:24:33.204514+00:00
153,focused,motion_direction,motion_L2,1224,9000,1.3906453847885132,0.35145461559295654,0,0.125,{},5,0.28100000019185245,2026-09-13T03:24:33.484468+00:00
154,focused,orientation,orientation_recall_minimal,1232,9040,0.7020899057388306,0.31725597381591797,0,0.5,{},5,0.25,2026-09-13T03:24:33.732681+00:00
155,focused,motion_direction,motion_L8,1240,9128,1.3911545276641846,0.38497596979141235,0,0.25,{},11,0.578999999910593,2026-09-13T03:24:34.308554+00:00
156,focused,orientation,orientation_recall_D4,1248,9216,0.7022075653076172,0.30425989627838135,0,0.25,{},11,0.546000000089407,2026-09-13T03:24:34.862620+00:00
157,focused,motion_direction,motion_L2,1256,9256,1.3624155521392822,0.328046590089798,0,0.375,{},5,0.25,2026-09-13T03:24:35.113905+00:00
158,focused,orientation,orientation_recall_minimal,1264,9296,0.6758363246917725,0.31472477316856384,0,0.5,{},5,0.25,2026-09-13T03:24:35.377846+00:00
159,focused,motion_direction,motion_L8,1272,9384,1.3755675554275513,0.362386554479599,0,0.125,{},11,0.5630000000819564,2026-09-13T03:24:35.937454+00:00
160,focused,orientation,orientation_recall_D4,1280,9472,0.7205477356910706,0.4136323034763336,0,0.375,{},11,0.546000000089407,2026-09-13T03:24:36.478103+00:00
161,focused,motion_direction,motion_anchor,1288,9488,0.030613206326961517,2.599928855895996,1,1.0,{},2,0.10999999986961484,2026-09-13T03:24:36.588489+00:00
162,focused,motion_direction,motion_L2,1296,9528,1.3800735473632812,0.32828330993652344,0,0.25,{},5,0.25,2026-09-13T03:24:36.847050+00:00
163,focused,orientation,orientation_recall_minimal,1304,9568,0.680867075920105,0.31763607263565063,0,0.375,{},5,0.26500000013038516,2026-09-13T03:24:37.104048+00:00
164,focused,motion_direction,motion_L8,1312,9656,1.3602787256240845,0.338102251291275,0,0.25,{},11,0.5470000000204891,2026-09-13T03:24:37.661129+00:00
165,focused,orientation,orientation_recall_D4,1320,9744,0.7025678157806396,0.4367416203022003,0,0.5,{},11,0.5309999999590218,2026-09-13T03:24:38.203465+00:00
166,focused,motion_direction,motion_L2,1328,9784,1.3771687746047974,0.3644222319126129,0,0.25,{},5,0.2660000000614673,2026-09-13T03:24:38.462131+00:00
167,focused,orientation,orientation_recall_minimal,1336,9824,0.6837936639785767,0.3527930974960327,0,0.25,{},5,0.25,2026-09-13T03:24:38.716138+00:00
168,focused,motion_direction,motion_L8,1344,9912,1.3991273641586304,0.4570454955101013,0,0.25,{},11,0.5620000001508743,2026-09-13T03:24:39.281120+00:00
169,focused,orientation,orientation_recall_D4,1352,10000,0.6730873584747314,0.2977730929851532,0,0.625,{},11,0.5629999998491257,2026-09-13T03:24:39.839197+00:00
170,focused,motion_direction,motion_L2,1360,10040,1.3897954225540161,0.3381568193435669,0,0.125,{},5,0.25,2026-09-13T03:24:40.098793+00:00
171,focused,orientation,orientation_anchor,1368,10056,0.006197214126586914,0.1543925255537033,0,1.0,{},2,0.10999999986961484,2026-09-13T03:24:40.210754+00:00
172,focused,orientation,orientation_recall_minimal,1376,10096,0.6768229007720947,0.3592738211154938,0,0.75,{},5,0.25,2026-09-13T03:24:40.464032+00:00
173,focused,motion_direction,motion_L8,1384,10184,1.3855938911437988,0.3829183280467987,0,0.375,{},11,0.5620000001508743,2026-09-13T03:24:41.023081+00:00
174,focused,orientation,orientation_recall_D4,1392,10272,0.7226428985595703,0.3088563084602356,0,0.375,{},11,0.5319999998901039,2026-09-13T03:24:41.567074+00:00
175,focused,motion_direction,motion_L2,1400,10312,1.4067025184631348,0.3898204565048218,0,0.25,{},5,0.2660000000614673,2026-09-13T03:24:41.838845+00:00
176,focused,orientation,orientation_recall_minimal,1408,10352,0.6781192421913147,0.38080495595932007,0,0.875,{},5,0.25,2026-09-13T03:24:42.086787+00:00
177,focused,motion_direction,motion_L8,1416,10440,1.3733515739440918,1.238012671470642,1,0.25,{},11,0.5779999999795109,2026-09-13T03:24:42.664797+00:00
178,focused,orientation,orientation_recall_D4,1424,10528,0.6952687501907349,0.3803096115589142,0,0.5,{},11,0.5470000000204891,2026-09-13T03:24:43.212579+00:00
179,focused,motion_direction,motion_L2,1432,10568,1.3633509874343872,0.5536791086196899,0,0.25,{},5,0.26500000013038516,2026-09-13T03:24:43.481611+00:00
180,focused,orientation,orientation_recall_minimal,1440,10608,0.6547017693519592,0.26771289110183716,0,0.875,{},5,0.25,2026-09-13T03:24:43.733297+00:00
181,focused,motion_direction,motion_anchor,1448,10624,0.03951010853052139,3.616136074066162,1,1.0,{},2,0.125,2026-09-13T03:24:43.855161+00:00
182,focused,motion_direction,motion_L8,1456,10712,1.3902952671051025,0.7571901679039001,0,0.25,{},11,0.5470000000204891,2026-09-13T03:24:44.412110+00:00
183,focused,orientation,orientation_recall_D4,1464,10800,0.6824341416358948,0.2850576937198639,0,0.5,{},11,0.5309999999590218,2026-09-13T03:24:44.955367+00:00
184,focused,motion_direction,motion_L2,1472,10840,1.4002763032913208,0.3415590822696686,0,0.25,{},5,0.2660000000614673,2026-09-13T03:24:45.218013+00:00
185,focused,orientation,orientation_recall_minimal,1480,10880,0.6858188509941101,0.30223578214645386,0,0.625,{},5,0.26500000013038516,2026-09-13T03:24:45.479637+00:00
186,focused,motion_direction,motion_L8,1488,10968,1.3679437637329102,0.5899792909622192,0,0.375,{},11,0.5470000000204891,2026-09-13T03:24:46.037492+00:00
187,focused,orientation,orientation_recall_D4,1496,11056,0.7024838924407959,0.24930168688297272,0,0.25,{},11,0.5309999999590218,2026-09-13T03:24:46.580009+00:00
188,focused,motion_direction,motion_L2,1504,11096,1.3862558603286743,0.426642507314682,0,0.25,{},5,0.2660000000614673,2026-09-13T03:24:46.838109+00:00
189,focused,orientation,orientation_recall_minimal,1512,11136,0.6811438202857971,0.30505019426345825,0,0.375,{},5,0.26500000013038516,2026-09-13T03:24:47.099254+00:00
190,focused,motion_direction,motion_L8,1520,11224,1.3432875871658325,0.8834004402160645,0,0.375,{},11,0.5629999998491257,2026-09-13T03:24:47.677086+00:00
191,focused,orientation,orientation_anchor,1528,11240,0.005417441483587027,0.26728320121765137,0,1.0,{},2,0.10899999993853271,2026-09-13T03:24:47.797753+00:00
192,focused,orientation,orientation_recall_D4,1536,11328,0.7021389603614807,0.27785804867744446,0,0.375,{},11,0.5620000001508743,2026-09-13T03:24:48.362997+00:00
193,focused,motion_direction,motion_L2,1544,11368,1.348774790763855,3.1766247749328613,1,0.25,"{""state_mean"": {""input_saturation"": 0.18544921875, ""input_mean"": 0.1551552653312683, ""forget_saturation"": 0.51943359375, ""forget_mean"": 0.8853761792182923, ""output_saturation"": 0.0021484375, ""output_mean"": 0.4946023166179657, ""candidate_saturation"": 0.0748046875, ""state0_rms"": 0.3333315640687943, ""state0_max"": 1.654610776901245, ""state1_rms"": 0.1253194883465767, ""state1_max"": 0.5587976694107055}, ""state_peak"": {""state0_max"": 2.724506139755249, ""state1_max"": 0.7775667905807495}, ""early_representation_gradient_norm"": 0.00129046686924994, ""late_representation_gradient_norm"": 0.0035431513097137213, ""core_gradient_norm"": 0.30609166622161865, ""recurrent_gradient_rms"": 0.0001208431349368766, ""recurrent_gradient_median_abs"": 5.486370355356485e-06, ""current_gradient_fraction_below_adam_eps"": 1.9073486328125e-05, ""effective_recurrent_relative_update"": 0.007931799627840519}",5,0.28199999989010394,2026-09-13T03:24:48.633063+00:00
194,focused,orientation,orientation_recall_minimal,1552,11408,0.6977165341377258,0.45686227083206177,0,0.5,{},5,0.25,2026-09-13T03:24:48.895201+00:00
195,focused,motion_direction,motion_L8,1560,11496,1.3386330604553223,6.14617395401001,1,0.375,{},11,0.5629999998491257,2026-09-13T03:24:49.462732+00:00
196,focused,orientation,orientation_recall_D4,1568,11584,0.6993362903594971,0.3473261892795563,0,0.375,{},11,0.5470000000204891,2026-09-13T03:24:50.021994+00:00
197,focused,motion_direction,motion_L2,1576,11624,1.3688480854034424,0.9887046813964844,0,0.25,{},5,0.26599999982863665,2026-09-13T03:24:50.289413+00:00
198,focused,orientation,orientation_recall_minimal,1584,11664,0.7147462368011475,0.3894214332103729,0,0.375,{},5,0.2660000000614673,2026-09-13T03:24:50.553014+00:00
199,focused,motion_direction,motion_L8,1592,11752,1.4065386056900024,1.7029757499694824,1,0.25,{},11,0.5930000001098961,2026-09-13T03:24:51.151007+00:00
200,focused,orientation,orientation_recall_D4,1600,11840,0.6792715191841125,0.4050358831882477,0,0.625,{},11,0.5319999998901039,2026-09-13T03:24:51.687313+00:00
201,focused,motion_direction,motion_anchor,1608,11856,0.01104565616697073,1.2186455726623535,1,1.0,{},2,0.13999999989755452,2026-09-13T03:24:51.820088+00:00
202,focused,motion_direction,motion_L2,1616,11896,1.353110671043396,1.7623497247695923,1,0.25,{},5,0.2660000000614673,2026-09-13T03:24:52.088993+00:00
203,focused,orientation,orientation_recall_minimal,1624,11936,0.7054781913757324,2.3545897006988525,1,0.5,{},5,0.25,2026-09-13T03:24:52.346146+00:00
204,focused,motion_direction,motion_L8,1632,12024,1.4296455383300781,7.423069477081299,1,0.25,{},11,0.6089999999385327,2026-09-13T03:24:52.944076+00:00
205,focused,orientation,orientation_recall_D4,1640,12112,0.6958999633789062,0.6609625220298767,0,0.5,{},11,0.5630000000819564,2026-09-13T03:24:53.515966+00:00
206,focused,motion_direction,motion_L2,1648,12152,1.3619732856750488,2.9441652297973633,1,0.125,{},5,0.26500000013038516,2026-09-13T03:24:53.784014+00:00
207,focused,orientation,orientation_recall_minimal,1656,12192,0.6801292300224304,0.3756532669067383,0,0.625,{},5,0.25,2026-09-13T03:24:54.033396+00:00
208,focused,motion_direction,motion_L8,1664,12280,1.4010878801345825,0.7257829904556274,0,0.25,{},11,0.5939999998081475,2026-09-13T03:24:54.618171+00:00
209,focused,orientation,orientation_recall_D4,1672,12368,0.6957575678825378,0.3404262065887451,0,0.5,{},11,0.5630000000819564,2026-09-13T03:24:55.180998+00:00
210,focused,motion_direction,motion_L2,1680,12408,1.4247549772262573,0.4161125719547272,0,0.25,{},5,0.2649999998975545,2026-09-13T03:24:55.453917+00:00
211,focused,orientation,orientation_anchor,1688,12424,0.0001335258421022445,0.003770057577639818,0,1.0,{},2,0.125,2026-09-13T03:24:55.575785+00:00
212,focused,orientation,orientation_recall_minimal,1696,12464,0.6661067605018616,0.3162754774093628,0,0.75,{},5,0.2660000000614673,2026-09-13T03:24:55.844551+00:00
213,focused,motion_direction,motion_L8,1704,12552,1.3744009733200073,0.511725664138794,0,0.25,{},11,0.5940000000409782,2026-09-13T03:24:56.443798+00:00
214,focused,orientation,orientation_recall_D4,1712,12640,0.7033412456512451,0.23686181008815765,0,0.5,{},11,0.5780000002123415,2026-09-13T03:24:57.031928+00:00
215,focused,motion_direction,motion_L2,1720,12680,1.3683332204818726,0.3898395001888275,0,0.5,{},5,0.28199999989010394,2026-09-13T03:24:57.313045+00:00
216,focused,orientation,orientation_recall_minimal,1728,12720,0.7124435901641846,0.391206294298172,0,0.125,{},5,0.25,2026-09-13T03:24:57.564117+00:00
217,focused,motion_direction,motion_L8,1736,12808,1.4099581241607666,0.3591288924217224,0,0.125,{},11,0.5779999999795109,2026-09-13T03:24:58.143217+00:00
218,focused,orientation,orientation_recall_D4,1744,12896,0.6958060264587402,0.3058803677558899,0,0.5,{},11,0.5619999999180436,2026-09-13T03:24:58.702128+00:00
219,focused,motion_direction,motion_L2,1752,12936,1.3583488464355469,0.29823973774909973,0,0.375,{},5,0.28100000019185245,2026-09-13T03:24:58.974479+00:00
220,focused,orientation,orientation_recall_minimal,1760,12976,0.6847180724143982,0.2904154062271118,0,0.625,{},5,0.25,2026-09-13T03:24:59.234685+00:00
221,focused,motion_direction,motion_anchor,1768,12992,0.08495953679084778,8.18502140045166,1,1.0,{},2,0.125,2026-09-13T03:24:59.353017+00:00
222,focused,motion_direction,motion_L8,1776,13080,1.3665789365768433,0.3903082609176636,0,0.5,{},11,0.5939999998081475,2026-09-13T03:24:59.954797+00:00
223,focused,orientation,orientation_recall_D4,1784,13168,0.6709697246551514,0.33067595958709717,0,0.75,{},11,0.5940000000409782,2026-09-13T03:25:00.545927+00:00
224,focused,motion_direction,motion_L2,1792,13208,1.392399787902832,0.3414034843444824,0,0.125,{},5,0.2809999999590218,2026-09-13T03:25:00.823083+00:00
225,focused,orientation,orientation_recall_minimal,1800,13248,0.7017000317573547,0.3280099630355835,0,0.5,{},5,0.25,2026-09-13T03:25:01.082425+00:00
226,focused,motion_direction,motion_L8,1808,13336,1.372310996055603,0.3356334865093231,0,0.25,{},11,0.5940000000409782,2026-09-13T03:25:01.664269+00:00
227,focused,orientation,orientation_recall_D4,1816,13424,0.6690937280654907,0.2809874415397644,0,0.75,{},11,0.5620000001508743,2026-09-13T03:25:02.237582+00:00
228,focused,motion_direction,motion_L2,1824,13464,1.3690088987350464,0.3516741991043091,0,0.25,{},5,0.28199999989010394,2026-09-13T03:25:02.514349+00:00
229,focused,orientation,orientation_recall_minimal,1832,13504,0.6994815468788147,0.38960587978363037,0,0.375,{},5,0.26500000013038516,2026-09-13T03:25:02.776158+00:00
230,focused,motion_direction,motion_L8,1840,13592,1.3960301876068115,0.4280584752559662,0,0.125,{},11,0.5779999999795109,2026-09-13T03:25:03.361839+00:00
231,focused,orientation,orientation_anchor,1848,13608,0.0006816337117925286,0.020609436556696892,0,1.0,{},2,0.125,2026-09-13T03:25:03.482952+00:00
232,focused,orientation,orientation_recall_D4,1856,13696,0.6845684051513672,0.2663341462612152,0,0.375,{},11,0.5629999998491257,2026-09-13T03:25:04.051567+00:00
233,focused,motion_direction,motion_L2,1864,13736,1.393764853477478,0.29193270206451416,0,0.125,{},5,0.2649999998975545,2026-09-13T03:25:04.328478+00:00
234,focused,orientation,orientation_recall_minimal,1872,13776,0.6952812075614929,0.2820025086402893,0,0.5,{},5,0.2660000000614673,2026-09-13T03:25:04.591249+00:00
235,focused,motion_direction,motion_L8,1880,13864,1.3882818222045898,0.3581535220146179,0,0.125,{},11,0.6400000001303852,2026-09-13T03:25:05.230074+00:00
236,focused,orientation,orientation_recall_D4,1888,13952,0.7129226922988892,0.37605562806129456,0,0.25,{},11,0.578999999910593,2026-09-13T03:25:05.808968+00:00
237,focused,motion_direction,motion_L2,1896,13992,1.3652476072311401,0.33340203762054443,0,0.25,{},5,0.2649999998975545,2026-09-13T03:25:06.079099+00:00
238,focused,orientation,orientation_recall_minimal,1904,14032,0.656890332698822,0.2775973975658417,0,0.75,{},5,0.28100000019185245,2026-09-13T03:25:06.353794+00:00
239,focused,motion_direction,motion_L8,1912,14120,1.449206829071045,0.43407222628593445,0,0.0,{},11,0.578999999910593,2026-09-13T03:25:06.934281+00:00
240,focused,orientation,orientation_recall_D4,1920,14208,0.6971454620361328,0.26551055908203125,0,0.375,{},11,0.546000000089407,2026-09-13T03:25:07.490524+00:00
241,focused,motion_direction,motion_anchor,1928,14224,0.0411376878619194,3.558852434158325,1,1.0,{},2,0.10900000017136335,2026-09-13T03:25:07.607894+00:00
242,focused,motion_direction,motion_L2,1936,14264,1.3797496557235718,0.29917824268341064,0,0.375,{},5,0.26599999982863665,2026-09-13T03:25:07.878136+00:00
243,focused,orientation,orientation_recall_minimal,1944,14304,0.683686375617981,0.3101117014884949,0,0.375,{},5,0.2660000000614673,2026-09-13T03:25:08.135995+00:00
244,focused,motion_direction,motion_L8,1952,14392,1.3539777994155884,0.48974207043647766,0,0.25,{},11,0.9369999999180436,2026-09-13T03:25:09.091645+00:00
245,focused,orientation,orientation_recall_D4,1960,14480,0.6945174932479858,0.3398277163505554,0,0.5,{},11,0.5779999999795109,2026-09-13T03:25:09.666816+00:00
246,focused,motion_direction,motion_L2,1968,14520,1.3800580501556396,0.35613974928855896,0,0.25,{},5,0.2809999999590218,2026-09-13T03:25:09.954298+00:00
247,focused,orientation,orientation_recall_minimal,1976,14560,0.6682150363922119,0.312103271484375,0,0.75,{},5,0.2660000000614673,2026-09-13T03:25:10.222415+00:00
248,focused,motion_direction,motion_L8,1984,14648,1.3920010328292847,0.42408084869384766,0,0.375,{},11,0.5940000000409782,2026-09-13T03:25:10.817692+00:00
249,focused,orientation,orientation_recall_D4,1992,14736,0.6963558793067932,0.2850436866283417,0,0.375,{},11,0.5630000000819564,2026-09-13T03:25:11.396747+00:00
250,focused,motion_direction,motion_L2,2000,14776,1.3674825429916382,0.3828127086162567,0,0.375,{},5,0.28199999989010394,2026-09-13T03:25:11.689160+00:00
251,focused,orientation,orientation_anchor,2008,14792,0.007253386080265045,0.25609666109085083,0,1.0,{},2,0.125,2026-09-13T03:25:11.811863+00:00
252,focused,orientation,orientation_recall_minimal,2016,14832,0.6921567916870117,0.2994537651538849,0,0.5,{},5,0.2809999999590218,2026-09-13T03:25:12.098727+00:00
253,focused,motion_direction,motion_L8,2024,14920,1.34774911403656,1.9898103475570679,1,0.25,{},11,0.6569999998901039,2026-09-13T03:25:12.759868+00:00
254,focused,orientation,orientation_recall_D4,2032,15008,0.7125349640846252,0.3214026391506195,0,0.375,{},11,0.6089999999385327,2026-09-13T03:25:13.377517+00:00
255,focused,motion_direction,motion_L2,2040,15048,1.3882482051849365,0.8107551336288452,0,0.125,{},5,0.28100000019185245,2026-09-13T03:25:13.648496+00:00
256,focused,orientation,orientation_recall_minimal,2048,15088,0.7052575349807739,0.34681880474090576,0,0.375,{},5,0.26599999982863665,2026-09-13T03:25:13.923303+00:00
257,focused,motion_direction,motion_L8,2056,15176,1.3559550046920776,1.9250246286392212,1,0.625,"{""state_mean"": {""input_saturation"": 0.17072088068181818, ""input_mean"": 0.15548387169837952, ""forget_saturation"": 0.5441672585227273, ""forget_mean"": 0.8793834989721124, ""output_saturation"": 8.87784090909091e-05, ""output_mean"": 0.49667650732127105, ""candidate_saturation"": 0.07510653409090909, ""state0_rms"": 0.7035983245481144, ""state0_max"": 3.9622613462534817, ""state1_rms"": 0.16027147390625693, ""state1_max"": 0.6822524206204847}, ""state_peak"": {""state0_max"": 6.964015007019043, ""state1_max"": 0.8773163557052612}, ""early_representation_gradient_norm"": 0.0015189159894362092, ""late_representation_gradient_norm"": 0.004225346725434065, ""core_gradient_norm"": 0.35764986276626587, ""recurrent_gradient_rms"": 0.0002147685008822009, ""recurrent_gradient_median_abs"": 1.0975638360832818e-05, ""current_gradient_fraction_below_adam_eps"": 7.62939453125e-06, ""effective_recurrent_relative_update"": 0.006532623898237944}",11,0.6410000000614673,2026-09-13T03:25:14.643373+00:00
258,focused,orientation,orientation_recall_D4,2064,15264,0.6714291572570801,0.267766535282135,0,0.75,{},11,0.6089999999385327,2026-09-13T03:25:15.248614+00:00
259,focused,motion_direction,motion_L2,2072,15304,1.3742128610610962,0.44321876764297485,0,0.25,{},5,0.28100000019185245,2026-09-13T03:25:15.522583+00:00
260,focused,orientation,orientation_recall_minimal,2080,15344,0.6751068234443665,0.3299393951892853,0,0.625,{},5,0.26599999982863665,2026-09-13T03:25:15.801750+00:00
261,focused,motion_direction,motion_anchor,2088,15360,0.005624840967357159,0.40005314350128174,0,1.0,{},2,0.125,2026-09-13T03:25:15.927982+00:00
262,focused,motion_direction,motion_L8,2096,15448,1.4596161842346191,5.825409412384033,1,0.25,{},11,0.5930000001098961,2026-09-13T03:25:16.528492+00:00
263,focused,orientation,orientation_recall_D4,2104,15536,0.7010692954063416,0.28303980827331543,0,0.375,{},11,0.5469999997876585,2026-09-13T03:25:17.085351+00:00
264,focused,motion_direction,motion_L2,2112,15576,1.3648217916488647,2.9908664226531982,1,0.25,{},5,0.2809999999590218,2026-09-13T03:25:17.379088+00:00
265,focused,orientation,orientation_recall_minimal,2120,15616,0.7056816816329956,0.42865118384361267,0,0.5,{},5,0.2660000000614673,2026-09-13T03:25:17.640720+00:00
266,focused,motion_direction,motion_L8,2128,15704,1.2972886562347412,4.380846977233887,1,0.375,{},11,0.625,2026-09-13T03:25:18.258229+00:00
267,focused,orientation,orientation_recall_D4,2136,15792,0.6855565309524536,0.29825249314308167,0,0.5,{},11,0.5619999999180436,2026-09-13T03:25:18.830311+00:00
268,focused,motion_direction,motion_L2,2144,15832,1.4183320999145508,2.0988576412200928,1,0.25,{},5,0.2970000000204891,2026-09-13T03:25:19.115218+00:00
269,focused,orientation,orientation_recall_minimal,2152,15872,0.7223888635635376,0.37451300024986267,0,0.25,{},5,0.2660000000614673,2026-09-13T03:25:19.395113+00:00
270,focused,motion_direction,motion_L8,2160,15960,1.4298522472381592,3.8333077430725098,1,0.25,{},11,0.5779999999795109,2026-09-13T03:25:19.984543+00:00
271,focused,orientation,orientation_anchor,2168,15976,0.0007184313726611435,0.018640458583831787,0,1.0,{},2,0.125,2026-09-13T03:25:20.109580+00:00
272,focused,orientation,orientation_recall_D4,2176,16064,0.7042257785797119,0.29454001784324646,0,0.375,{},11,0.578999999910593,2026-09-13T03:25:20.691235+00:00
273,focused,motion_direction,motion_L2,2184,16104,1.382712721824646,0.8472939133644104,0,0.25,{},5,0.2809999999590218,2026-09-13T03:25:20.967082+00:00
274,focused,orientation,orientation_recall_minimal,2192,16144,0.6920645833015442,0.2755707800388336,0,0.5,{},5,0.26500000013038516,2026-09-13T03:25:21.231314+00:00
275,focused,motion_direction,motion_L8,2200,16232,1.362707495689392,1.583400011062622,1,0.25,{},11,0.6409999998286366,2026-09-13T03:25:21.867478+00:00
276,focused,orientation,orientation_recall_D4,2208,16320,0.7114608287811279,0.342399537563324,0,0.5,{},11,0.6090000001713634,2026-09-13T03:25:22.475428+00:00
277,focused,motion_direction,motion_L2,2216,16360,1.3964377641677856,0.4349765181541443,0,0.125,{},5,0.2970000000204891,2026-09-13T03:25:22.772496+00:00
278,focused,orientation,orientation_recall_minimal,2224,16400,0.6832688450813293,0.3835524618625641,0,0.75,{},5,0.26599999982863665,2026-09-13T03:25:23.050282+00:00
279,focused,motion_direction,motion_L8,2232,16488,1.391685128211975,4.450552940368652,1,0.25,{},11,0.5779999999795109,2026-09-13T03:25:23.634823+00:00
280,focused,orientation,orientation_recall_D4,2240,16576,0.684916079044342,0.29127585887908936,0,0.5,{},11,0.5619999999180436,2026-09-13T03:25:24.202461+00:00
281,focused,motion_direction,motion_anchor,2248,16592,0.007903152145445347,0.6814627051353455,0,1.0,{},2,0.125,2026-09-13T03:25:24.318915+00:00
282,focused,motion_direction,motion_L2,2256,16632,1.3661855459213257,1.5896852016448975,1,0.25,{},5,0.2660000000614673,2026-09-13T03:25:24.598912+00:00
283,focused,orientation,orientation_recall_minimal,2264,16672,0.6779192686080933,0.4159013032913208,0,0.75,{},5,0.25,2026-09-13T03:25:24.859139+00:00
284,focused,motion_direction,motion_L8,2272,16760,1.3696472644805908,4.452577114105225,1,0.375,{},11,0.5939999998081475,2026-09-13T03:25:25.445096+00:00
285,focused,orientation,orientation_recall_D4,2280,16848,0.6685982942581177,0.3233143985271454,0,0.75,{},11,0.5470000000204891,2026-09-13T03:25:26.002403+00:00
286,focused,motion_direction,motion_L2,2288,16888,1.364704966545105,1.281376838684082,1,0.25,{},5,0.2970000000204891,2026-09-13T03:25:26.296254+00:00
287,focused,orientation,orientation_recall_minimal,2296,16928,0.6894773244857788,0.3539455831050873,0,0.375,{},5,0.25,2026-09-13T03:25:26.547669+00:00
288,focused,motion_direction,motion_L8,2304,17016,1.367561936378479,0.9210307002067566,0,0.25,{},11,0.5779999999795109,2026-09-13T03:25:27.125965+00:00
289,focused,orientation,orientation_recall_D4,2312,17104,0.6829640865325928,0.3436950743198395,0,0.5,{},11,0.5470000000204891,2026-09-13T03:25:27.676047+00:00
290,focused,motion_direction,motion_L2,2320,17144,1.3985867500305176,2.1068785190582275,1,0.375,{},5,0.2660000000614673,2026-09-13T03:25:27.938747+00:00
291,focused,orientation,orientation_anchor,2328,17160,0.002302408218383789,0.08162660896778107,0,1.0,{},2,0.125,2026-09-13T03:25:28.054999+00:00
292,focused,orientation,orientation_recall_minimal,2336,17200,0.6959510445594788,0.3402399718761444,0,0.375,{},5,0.2649999998975545,2026-09-13T03:25:28.321153+00:00
293,focused,motion_direction,motion_L8,2344,17288,1.2586225271224976,1.548725962638855,1,0.625,{},11,0.5780000002123415,2026-09-13T03:25:28.897168+00:00
294,focused,orientation,orientation_recall_D4,2352,17376,0.6880345940589905,0.5297070145606995,0,0.5,{},11,0.5629999998491257,2026-09-13T03:25:29.472061+00:00
295,focused,motion_direction,motion_L2,2360,17416,1.3267110586166382,1.3044252395629883,1,0.5,{},5,0.2970000000204891,2026-09-13T03:25:29.769177+00:00
296,focused,orientation,orientation_recall_minimal,2368,17456,0.6960205435752869,0.45312967896461487,0,0.5,{},5,0.2809999999590218,2026-09-13T03:25:30.039512+00:00
297,focused,motion_direction,motion_L8,2376,17544,1.315661072731018,14.19188117980957,1,0.25,{},11,0.5940000000409782,2026-09-13T03:25:30.639059+00:00
298,focused,orientation,orientation_recall_D4,2384,17632,0.6760473847389221,1.1797479391098022,1,0.5,{},11,0.5470000000204891,2026-09-13T03:25:31.193788+00:00
299,focused,motion_direction,motion_L2,2392,17672,1.228373646736145,2.4488556385040283,1,0.5,{},5,0.2660000000614673,2026-09-13T03:25:31.465367+00:00
300,focused,orientation,orientation_recall_minimal,2400,17712,0.6120768189430237,1.5608116388320923,1,0.875,{},5,0.26500000013038516,2026-09-13T03:25:31.730707+00:00
301,focused,motion_direction,motion_anchor,2408,17728,0.12709620594978333,13.367913246154785,1,0.875,{},2,0.14099999982863665,2026-09-13T03:25:31.864840+00:00
302,focused,motion_direction,motion_L8,2416,17816,1.5194721221923828,26.554582595825195,1,0.25,{},11,0.5940000000409782,2026-09-13T03:25:32.463088+00:00
303,focused,orientation,orientation_recall_D4,2424,17904,0.7016607522964478,1.0457175970077515,1,0.5,{},11,0.5620000001508743,2026-09-13T03:25:33.030042+00:00
304,focused,motion_direction,motion_L2,2432,17944,1.3412450551986694,12.311306953430176,1,0.25,{},5,0.28199999989010394,2026-09-13T03:25:33.312640+00:00
305,focused,orientation,orientation_recall_minimal,2440,17984,0.6919296979904175,1.2527519464492798,1,0.625,{},5,0.25,2026-09-13T03:25:33.567291+00:00
306,focused,motion_direction,motion_L8,2448,18072,1.3623532056808472,6.885616779327393,1,0.25,{},11,0.5780000002123415,2026-09-13T03:25:34.147205+00:00
307,focused,orientation,orientation_recall_D4,2456,18160,0.7522359490394592,1.1629087924957275,1,0.5,{},11,0.5469999997876585,2026-09-13T03:25:34.700785+00:00
308,focused,motion_direction,motion_L2,2464,18200,1.3507232666015625,2.1953952312469482,1,0.25,{},5,0.2970000000204891,2026-09-13T03:25:34.990701+00:00
309,focused,orientation,orientation_recall_minimal,2472,18240,0.7381184697151184,0.483624666929245,0,0.375,{},5,0.25,2026-09-13T03:25:35.252817+00:00
310,focused,motion_direction,motion_L8,2480,18328,1.3937468528747559,7.2540435791015625,1,0.25,{},11,0.5940000000409782,2026-09-13T03:25:35.838522+00:00
311,focused,orientation,orientation_anchor,2488,18344,0.0029141688719391823,0.09594734013080597,0,1.0,{},2,0.10899999993853271,2026-09-13T03:25:35.956190+00:00
312,focused,orientation,orientation_recall_D4,2496,18432,0.7154194116592407,0.63844895362854,0,0.5,{},11,0.5470000000204891,2026-09-13T03:25:36.505310+00:00
313,focused,motion_direction,motion_L2,2504,18472,1.3813080787658691,3.181109666824341,1,0.25,{},5,0.25,2026-09-13T03:25:36.768034+00:00
314,focused,orientation,orientation_recall_minimal,2512,18512,0.6548668146133423,0.5266234874725342,0,0.75,{},5,0.2809999999590218,2026-09-13T03:25:37.042983+00:00
315,focused,motion_direction,motion_L8,2520,18600,1.3362505435943604,1.565740704536438,1,0.375,{},11,0.5940000000409782,2026-09-13T03:25:37.639479+00:00
316,focused,orientation,orientation_recall_D4,2528,18688,0.7437074780464172,0.5069924592971802,0,0.375,{},11,0.5619999999180436,2026-09-13T03:25:38.208580+00:00
317,focused,motion_direction,motion_L2,2536,18728,1.2921642065048218,1.5109378099441528,1,0.75,{},5,0.26500000013038516,2026-09-13T03:25:38.474139+00:00
318,focused,orientation,orientation_recall_minimal,2544,18768,0.673659086227417,0.5035857558250427,0,0.625,{},5,0.26599999982863665,2026-09-13T03:25:38.755705+00:00
319,focused,motion_direction,motion_L8,2552,18856,1.270216703414917,3.171018362045288,1,0.25,{},11,0.5930000001098961,2026-09-13T03:25:39.354543+00:00
320,focused,orientation,orientation_recall_D4,2560,18944,0.7172901034355164,0.3841263949871063,0,0.5,{},11,0.578999999910593,2026-09-13T03:25:39.934482+00:00
321,focused,motion_direction,motion_anchor,2568,18960,0.034140750765800476,4.2184882164001465,1,1.0,"{""state_mean"": {""input_saturation"": 0.16455078125, ""input_mean"": 0.1537523716688156, ""forget_saturation"": 0.568115234375, ""forget_mean"": 0.9098321199417114, ""output_saturation"": 0.004150390625, ""output_mean"": 0.4923059940338135, ""candidate_saturation"": 0.064697265625, ""state0_rms"": 0.20279505103826523, ""state0_max"": 1.2398737967014313, ""state1_rms"": 0.13172858208417892, ""state1_max"": 0.7741842269897461}, ""state_peak"": {""state0_max"": 1.5725769996643066, ""state1_max"": 0.8678051829338074}, ""early_representation_gradient_norm"": 0.0024423748254776, ""late_representation_gradient_norm"": 0.0014915858628228307, ""core_gradient_norm"": 0.057603124529123306, ""recurrent_gradient_rms"": 1.5864139641053043e-05, ""recurrent_gradient_median_abs"": 7.506459382966568e-07, ""current_gradient_fraction_below_adam_eps"": 0.000553131103515625, ""effective_recurrent_relative_update"": 0.014257712289690971}",2,0.13999999989755452,2026-09-13T03:25:40.070018+00:00
322,focused,motion_direction,motion_L2,2576,19000,1.1867713928222656,3.08048939704895,1,0.625,{},5,0.2660000000614673,2026-09-13T03:25:40.337953+00:00
323,focused,orientation,orientation_recall_minimal,2584,19040,0.6893195509910583,0.9812493324279785,0,0.375,{},5,0.26500000013038516,2026-09-13T03:25:40.612417+00:00
324,focused,motion_direction,motion_L8,2592,19128,1.432742953300476,15.234077453613281,1,0.5,{},11,0.5939999998081475,2026-09-13T03:25:41.204951+00:00
325,focused,orientation,orientation_recall_D4,2600,19216,0.7095969319343567,0.6800422668457031,0,0.5,{},11,0.5470000000204891,2026-09-13T03:25:41.753527+00:00
326,focused,motion_direction,motion_L2,2608,19256,1.157670021057129,61.18531799316406,1,0.5,{},5,0.28100000019185245,2026-09-13T03:25:42.024362+00:00
327,focused,orientation,orientation_recall_minimal,2616,19296,0.6424766182899475,0.8277314305305481,0,0.875,{},5,0.26599999982863665,2026-09-13T03:25:42.290417+00:00
328,focused,motion_direction,motion_L8,2624,19384,1.113213300704956,23.34811019897461,1,0.375,{},11,0.5779999999795109,2026-09-13T03:25:42.866335+00:00
329,focused,orientation,orientation_recall_D4,2632,19472,0.6819510459899902,0.7293485999107361,0,0.625,{},11,0.5630000000819564,2026-09-13T03:25:43.437057+00:00
330,focused,motion_direction,motion_L2,2640,19512,1.2501189708709717,57.191200256347656,1,0.375,{},5,0.3279999999795109,2026-09-13T03:25:43.760572+00:00
331,focused,orientation,orientation_anchor,2648,19528,0.009089307859539986,0.48718053102493286,0,1.0,{},2,0.125,2026-09-13T03:25:43.891716+00:00
332,focused,orientation,orientation_recall_minimal,2656,19568,0.671705961227417,19.07554054260254,1,0.375,{},5,0.2970000000204891,2026-09-13T03:25:44.183205+00:00
333,focused,motion_direction,motion_L8,2664,19656,1.5121036767959595,22.995468139648438,1,0.25,{},11,0.5930000001098961,2026-09-13T03:25:44.778936+00:00
334,focused,orientation,orientation_recall_D4,2672,19744,0.7165578603744507,3.766505479812622,1,0.5,{},11,0.5629999998491257,2026-09-13T03:25:45.337439+00:00
335,focused,motion_direction,motion_L2,2680,19784,1.3549022674560547,37.90131378173828,1,0.25,{},5,0.26500000013038516,2026-09-13T03:25:45.608802+00:00
336,focused,orientation,orientation_recall_minimal,2688,19824,0.7444981336593628,3.7839643955230713,1,0.375,{},5,0.26599999982863665,2026-09-13T03:25:45.870106+00:00
337,focused,motion_direction,motion_L8,2696,19912,1.280422329902649,6.269247055053711,1,0.5,{},11,0.5940000000409782,2026-09-13T03:25:46.467170+00:00
338,focused,orientation,orientation_recall_D4,2704,20000,0.6643016934394836,1.279472827911377,1,0.375,{},11,0.5779999999795109,2026-09-13T03:25:47.038443+00:00
339,focused,motion_direction,motion_L2,2712,20040,1.254789113998413,5.563672065734863,1,0.625,{},5,0.25,2026-09-13T03:25:47.301126+00:00
340,focused,orientation,orientation_recall_minimal,2720,20080,0.7100154161453247,5.779142379760742,1,0.5,{},5,0.2660000000614673,2026-09-13T03:25:47.562736+00:00
341,focused,motion_direction,motion_anchor,2728,20096,0.006332859396934509,0.4407556354999542,0,1.0,{},2,0.125,2026-09-13T03:25:47.685811+00:00
342,focused,motion_direction,motion_L8,2736,20184,1.3283917903900146,16.251684188842773,1,0.375,{},11,0.5930000001098961,2026-09-13T03:25:48.275020+00:00
343,focused,orientation,orientation_recall_D4,2744,20272,0.7193813323974609,1.6563104391098022,1,0.5,{},11,0.5469999997876585,2026-09-13T03:25:48.825369+00:00
344,focused,motion_direction,motion_L2,2752,20312,1.2330344915390015,2.61991810798645,1,0.75,{},5,0.2660000000614673,2026-09-13T03:25:49.088087+00:00
345,focused,orientation,orientation_recall_minimal,2760,20352,0.640719473361969,1.4646992683410645,1,0.625,{},5,0.26500000013038516,2026-09-13T03:25:49.363017+00:00
346,focused,motion_direction,motion_L8,2768,20440,1.5204846858978271,20.53329849243164,1,0.125,{},11,0.578999999910593,2026-09-13T03:25:49.939543+00:00
347,focused,orientation,orientation_recall_D4,2776,20528,0.7622258067131042,0.6511818766593933,0,0.375,{},11,0.5619999999180436,2026-09-13T03:25:50.502804+00:00
348,focused,motion_direction,motion_L2,2784,20568,1.4113072156906128,22.449939727783203,1,0.25,{},5,0.2660000000614673,2026-09-13T03:25:50.767205+00:00
349,focused,orientation,orientation_recall_minimal,2792,20608,0.6430625915527344,2.80796480178833,1,0.75,{},5,0.26500000013038516,2026-09-13T03:25:51.027853+00:00
350,focused,motion_direction,motion_L8,2800,20696,1.3515554666519165,28.545442581176758,1,0.375,{},11,0.5779999999795109,2026-09-13T03:25:51.602182+00:00
351,focused,orientation,orientation_anchor,2808,20712,0.02070683054625988,1.3200377225875854,1,1.0,{},2,0.10999999986961484,2026-09-13T03:25:51.723676+00:00
352,focused,orientation,orientation_recall_D4,2816,20800,0.6787284016609192,0.8177749514579773,0,0.625,{},11,0.5629999998491257,2026-09-13T03:25:52.291558+00:00
353,focused,motion_direction,motion_L2,2824,20840,1.2742130756378174,53.743133544921875,1,0.25,{},5,0.25,2026-09-13T03:25:52.550844+00:00
354,focused,orientation,orientation_recall_minimal,2832,20880,0.728176474571228,7.7566070556640625,1,0.5,{},5,0.2660000000614673,2026-09-13T03:25:52.815833+00:00
355,focused,motion_direction,motion_L8,2840,20968,1.047816276550293,27.24056625366211,1,0.5,{},11,0.5779999999795109,2026-09-13T03:25:53.394090+00:00
356,focused,orientation,orientation_recall_D4,2848,21056,0.6884649395942688,2.0709195137023926,1,0.5,{},11,0.5619999999180436,2026-09-13T03:25:53.951526+00:00
357,focused,motion_direction,motion_L2,2856,21096,1.1719591617584229,29.088136672973633,1,0.5,{},5,0.2660000000614673,2026-09-13T03:25:54.220231+00:00
358,focused,orientation,orientation_recall_minimal,2864,21136,0.6857602596282959,2.4571235179901123,1,0.625,{},5,0.2809999999590218,2026-09-13T03:25:54.489788+00:00
359,focused,motion_direction,motion_L8,2872,21224,1.2595077753067017,18.086597442626953,1,0.25,{},11,0.5779999999795109,2026-09-13T03:25:55.069953+00:00
360,focused,orientation,orientation_recall_D4,2880,21312,0.6606081128120422,3.7216451168060303,1,0.5,{},11,0.5470000000204891,2026-09-13T03:25:55.623096+00:00
361,focused,motion_direction,motion_anchor,2888,21328,0.009500505402684212,1.0815643072128296,1,1.0,{},2,0.10900000017136335,2026-09-13T03:25:55.735653+00:00
362,focused,motion_direction,motion_L2,2896,21368,1.170780897140503,35.31395721435547,1,0.375,{},5,0.28199999989010394,2026-09-13T03:25:56.012234+00:00
363,focused,orientation,orientation_recall_minimal,2904,21408,0.652665376663208,1.772200107574463,1,0.625,{},5,0.25,2026-09-13T03:25:56.265051+00:00
364,focused,motion_direction,motion_L8,2912,21496,1.0397658348083496,2.2431576251983643,1,0.625,{},11,0.625,2026-09-13T03:25:56.889087+00:00
365,focused,orientation,orientation_recall_D4,2920,21584,0.6375795602798462,6.461475849151611,1,0.75,{},11,0.5619999999180436,2026-09-13T03:25:57.456871+00:00
366,focused,motion_direction,motion_L2,2928,21624,1.0091948509216309,29.05329704284668,1,0.625,{},5,0.2660000000614673,2026-09-13T03:25:57.718350+00:00
367,focused,orientation,orientation_recall_minimal,2936,21664,0.6528698205947876,12.340490341186523,1,0.75,{},5,0.2809999999590218,2026-09-13T03:25:57.992100+00:00
368,focused,motion_direction,motion_L8,2944,21752,1.1061956882476807,43.429443359375,1,0.5,{},11,0.5630000000819564,2026-09-13T03:25:58.565134+00:00
369,focused,orientation,orientation_recall_D4,2952,21840,0.6954848170280457,5.420227527618408,1,0.25,{},11,0.5779999999795109,2026-09-13T03:25:59.132194+00:00
370,focused,motion_direction,motion_L2,2960,21880,1.0342329740524292,21.718690872192383,1,0.5,{},5,0.26500000013038516,2026-09-13T03:25:59.399165+00:00
371,focused,orientation,orientation_anchor,2968,21896,0.006686158943921328,0.502450168132782,0,1.0,{},2,0.125,2026-09-13T03:25:59.524513+00:00
372,focused,orientation,orientation_recall_minimal,2976,21936,0.6962717175483704,8.850062370300293,1,0.5,{},5,0.25,2026-09-13T03:25:59.786498+00:00
373,focused,motion_direction,motion_L8,2984,22024,1.5878623723983765,18.55206298828125,1,0.25,{},11,0.5779999999795109,2026-09-13T03:26:00.370361+00:00
374,focused,orientation,orientation_recall_D4,2992,22112,0.7193934917449951,1.9451370239257812,1,0.5,{},11,0.5630000000819564,2026-09-13T03:26:00.938918+00:00
375,focused,motion_direction,motion_L2,3000,22152,1.5901267528533936,6.420866966247559,1,0.25,{},5,0.2809999999590218,2026-09-13T03:26:01.209539+00:00
376,focused,orientation,orientation_recall_minimal,3008,22192,0.6684176325798035,2.6935837268829346,1,0.5,{},5,0.25,2026-09-13T03:26:01.473099+00:00
377,focused,motion_direction,motion_L8,3016,22280,1.1875331401824951,27.467716217041016,1,0.375,{},11,0.5629999998491257,2026-09-13T03:26:02.049114+00:00
378,focused,orientation,orientation_recall_D4,3024,22368,0.7090004682540894,0.991616427898407,0,0.5,{},11,0.5779999999795109,2026-09-13T03:26:02.623305+00:00
379,focused,motion_direction,motion_L2,3032,22408,1.2647956609725952,26.02558135986328,1,0.375,{},5,0.28100000019185245,2026-09-13T03:26:02.902237+00:00
380,focused,orientation,orientation_recall_minimal,3040,22448,0.6380993723869324,2.663231611251831,1,0.5,{},5,0.25,2026-09-13T03:26:03.155681+00:00
381,focused,motion_direction,motion_anchor,3048,22464,0.024919290095567703,3.3322577476501465,1,1.0,{},2,0.10999999986961484,2026-09-13T03:26:03.268534+00:00
382,focused,motion_direction,motion_L8,3056,22552,1.727131962776184,77.65262603759766,1,0.25,{},11,0.5930000001098961,2026-09-13T03:26:03.854828+00:00
383,focused,orientation,orientation_recall_D4,3064,22640,0.6473468542098999,11.083098411560059,1,0.625,{},11,0.5470000000204891,2026-09-13T03:26:04.398619+00:00
384,focused,motion_direction,motion_L2,3072,22680,1.3995084762573242,76.95758056640625,1,0.25,{},5,0.26599999982863665,2026-09-13T03:26:04.669122+00:00
385,focused,orientation,orientation_recall_minimal,3080,22720,0.758230447769165,7.19736909866333,1,0.25,"{""state_mean"": {""input_saturation"": 0.1599609375, ""input_mean"": 0.15442833602428435, ""forget_saturation"": 0.5142578125, ""forget_mean"": 0.8858376741409302, ""output_saturation"": 0.00380859375, ""output_mean"": 0.4921585440635681, ""candidate_saturation"": 0.07763671875, ""state0_rms"": 0.35239962935447694, ""state0_max"": 1.950937819480896, ""state1_rms"": 0.1208960920572281, ""state1_max"": 0.6381353974342346}, ""state_peak"": {""state0_max"": 3.273939609527588, ""state1_max"": 0.8919113278388977}, ""early_representation_gradient_norm"": 0.002310636220499873, ""late_representation_gradient_norm"": 0.018748601898550987, ""core_gradient_norm"": 0.30643200874328613, ""recurrent_gradient_rms"": 0.00017958828539121896, ""recurrent_gradient_median_abs"": 2.0934974600095302e-05, ""current_gradient_fraction_below_adam_eps"": 0.0, ""effective_recurrent_relative_update"": 0.006977863609790802}",5,0.2970000000204891,2026-09-13T03:26:04.963924+00:00
386,focused,motion_direction,motion_L8,3088,22808,1.3550081253051758,28.791603088378906,1,0.375,{},11,0.6870000001508743,2026-09-13T03:26:05.652437+00:00
387,focused,orientation,orientation_recall_D4,3096,22896,0.7302227020263672,1.5709742307662964,1,0.5,{},11,0.5779999999795109,2026-09-13T03:26:06.240191+00:00
388,focused,motion_direction,motion_L2,3104,22936,1.201351523399353,12.663734436035156,1,0.625,{},5,0.25,2026-09-13T03:26:06.503046+00:00
389,focused,orientation,orientation_recall_minimal,3112,22976,0.5851983428001404,7.320355415344238,1,0.75,{},5,0.28100000019185245,2026-09-13T03:26:06.784895+00:00
390,focused,motion_direction,motion_L8,3120,23064,1.2442915439605713,11.903964042663574,1,0.5,{},11,0.6099999998696148,2026-09-13T03:26:07.382967+00:00
391,focused,orientation,orientation_anchor,3128,23080,0.002838401822373271,0.06711254268884659,0,1.0,{},2,0.10899999993853271,2026-09-13T03:26:07.496254+00:00
392,focused,orientation,orientation_recall_D4,3136,23168,0.6358469724655151,6.257199287414551,1,0.625,{},11,0.5630000000819564,2026-09-13T03:26:08.055166+00:00
393,focused,motion_direction,motion_L2,3144,23208,1.2338833808898926,21.832138061523438,1,0.25,{},5,0.2649999998975545,2026-09-13T03:26:08.325563+00:00
394,focused,orientation,orientation_recall_minimal,3152,23248,0.6942762732505798,14.310661315917969,1,0.5,{},5,0.2660000000614673,2026-09-13T03:26:08.584135+00:00
395,focused,motion_direction,motion_L8,3160,23336,1.4794981479644775,56.586090087890625,1,0.25,{},11,0.5779999999795109,2026-09-13T03:26:09.173986+00:00
396,focused,orientation,orientation_recall_D4,3168,23424,0.7939814925193787,11.490299224853516,1,0.25,{},11,0.5940000000409782,2026-09-13T03:26:09.759537+00:00
397,focused,motion_direction,motion_L2,3176,23464,1.1953155994415283,9.704585075378418,1,0.5,{},5,0.26500000013038516,2026-09-13T03:26:10.029024+00:00
398,focused,orientation,orientation_recall_minimal,3184,23504,0.6752727031707764,4.374168395996094,1,0.375,{},5,0.26599999982863665,2026-09-13T03:26:10.293469+00:00
399,focused,motion_direction,motion_L8,3192,23592,1.337343692779541,13.315001487731934,1,0.375,{},11,0.6090000001713634,2026-09-13T03:26:10.905541+00:00
400,focused,orientation,orientation_recall_D4,3200,23680,0.6789748072624207,0.7051886320114136,0,0.5,{},11,0.5629999998491257,2026-09-13T03:26:11.463884+00:00
401,focused,motion_direction,motion_anchor,3208,23696,0.020250611007213593,3.3485195636749268,1,1.0,{},2,0.10899999993853271,2026-09-13T03:26:11.582240+00:00
402,focused,motion_direction,motion_L2,3216,23736,1.3820292949676514,15.360941886901855,1,0.25,{},5,0.2970000000204891,2026-09-13T03:26:11.865392+00:00
403,focused,orientation,orientation_recall_minimal,3224,23776,0.6866973638534546,2.5635132789611816,1,0.5,{},5,0.25,2026-09-13T03:26:12.118075+00:00
404,focused,motion_direction,motion_L8,3232,23864,1.3846211433410645,22.7016658782959,1,0.375,{},11,0.5779999999795109,2026-09-13T03:26:12.706467+00:00
405,focused,orientation,orientation_recall_D4,3240,23952,0.7081059217453003,0.5999773144721985,0,0.375,{},11,0.5630000000819564,2026-09-13T03:26:13.259740+00:00
406,focused,motion_direction,motion_L2,3248,23992,1.39702308177948,8.429547309875488,1,0.375,{},5,0.25,2026-09-13T03:26:13.515519+00:00
407,focused,orientation,orientation_recall_minimal,3256,24032,0.6418883800506592,0.6981492042541504,0,0.625,{},5,0.26500000013038516,2026-09-13T03:26:13.772128+00:00
408,focused,motion_direction,motion_L8,3264,24120,1.4950826168060303,9.151601791381836,1,0.25,{},11,0.5629999998491257,2026-09-13T03:26:14.345436+00:00
409,focused,orientation,orientation_recall_D4,3272,24208,0.6980432271957397,0.3822389245033264,0,0.5,{},11,0.5620000001508743,2026-09-13T03:26:14.900551+00:00
410,focused,motion_direction,motion_L2,3280,24248,1.3126455545425415,13.02864933013916,1,0.25,{},5,0.26599999982863665,2026-09-13T03:26:15.163581+00:00
411,focused,orientation,orientation_anchor,3288,24264,0.004421410150825977,0.12484604865312576,0,1.0,{},2,0.10900000017136335,2026-09-13T03:26:15.279674+00:00
412,focused,orientation,orientation_recall_minimal,3296,24304,0.6668409109115601,1.1009387969970703,1,0.75,{},5,0.25,2026-09-13T03:26:15.533868+00:00
413,focused,motion_direction,motion_L8,3304,24392,1.3073434829711914,10.511916160583496,1,0.125,{},11,0.5779999999795109,2026-09-13T03:26:16.109875+00:00
414,focused,orientation,orientation_recall_D4,3312,24480,0.6901811957359314,0.8199009895324707,0,0.5,{},11,0.5629999998491257,2026-09-13T03:26:16.669094+00:00
415,focused,motion_direction,motion_L2,3320,24520,1.1767112016677856,3.3285961151123047,1,0.375,{},5,0.2660000000614673,2026-09-13T03:26:16.931014+00:00
416,focused,orientation,orientation_recall_minimal,3328,24560,0.6670240163803101,3.1978471279144287,1,0.375,{},5,0.2649999998975545,2026-09-13T03:26:17.199410+00:00
417,focused,motion_direction,motion_L8,3336,24648,1.4094191789627075,9.38397216796875,1,0.375,{},11,0.5780000002123415,2026-09-13T03:26:17.776391+00:00
418,focused,orientation,orientation_recall_D4,3344,24736,0.6769288182258606,0.47900909185409546,0,0.625,{},11,0.5779999999795109,2026-09-13T03:26:18.366352+00:00
419,focused,motion_direction,motion_L2,3352,24776,1.0592132806777954,7.384671688079834,1,0.625,{},5,0.2660000000614673,2026-09-13T03:26:18.638101+00:00
420,focused,orientation,orientation_recall_minimal,3360,24816,0.6143568158149719,0.6239486932754517,0,0.625,{},5,0.25,2026-09-13T03:26:18.895376+00:00
421,focused,motion_direction,motion_anchor,3368,24832,0.02212144061923027,1.5617200136184692,1,1.0,{},2,0.10999999986961484,2026-09-13T03:26:19.012283+00:00
422,focused,motion_direction,motion_L8,3376,24920,1.2460042238235474,21.304853439331055,1,0.375,{},11,0.5930000001098961,2026-09-13T03:26:19.611635+00:00
423,focused,orientation,orientation_recall_D4,3384,25008,0.698615312576294,3.5002872943878174,1,0.5,{},11,0.5470000000204891,2026-09-13T03:26:20.161182+00:00
424,focused,motion_direction,motion_L2,3392,25048,1.1014751195907593,58.32734298706055,1,0.625,{},5,0.2660000000614673,2026-09-13T03:26:20.431022+00:00
425,focused,orientation,orientation_recall_minimal,3400,25088,0.6931777596473694,1.7932063341140747,1,0.5,{},5,0.25,2026-09-13T03:26:20.685482+00:00
426,focused,motion_direction,motion_L8,3408,25176,1.6484102010726929,4.755823135375977,1,0.25,{},11,0.5779999999795109,2026-09-13T03:26:21.263489+00:00
427,focused,orientation,orientation_recall_D4,3416,25264,0.7063055634498596,0.8480736017227173,0,0.625,{},11,0.5619999999180436,2026-09-13T03:26:21.819456+00:00
428,focused,motion_direction,motion_L2,3424,25304,1.1109485626220703,31.249164581298828,1,0.5,{},5,0.2660000000614673,2026-09-13T03:26:22.098333+00:00
429,focused,orientation,orientation_recall_minimal,3432,25344,0.5385715365409851,1.555912733078003,1,1.0,{},5,0.25,2026-09-13T03:26:22.358751+00:00
430,focused,motion_direction,motion_L8,3440,25432,1.092215895652771,4.717885494232178,1,0.5,{},11,0.5939999998081475,2026-09-13T03:26:22.944328+00:00
431,focused,orientation,orientation_anchor,3448,25448,0.024977462366223335,1.0786089897155762,1,1.0,{},2,0.11000000010244548,2026-09-13T03:26:23.056146+00:00
432,focused,orientation,orientation_recall_D4,3456,25536,0.7027833461761475,8.594961166381836,1,0.375,{},11,0.546000000089407,2026-09-13T03:26:23.608367+00:00
433,focused,motion_direction,motion_L2,3464,25576,1.007660150527954,22.705217361450195,1,0.5,{},5,0.26599999982863665,2026-09-13T03:26:23.879388+00:00
434,focused,orientation,orientation_recall_minimal,3472,25616,0.6338213682174683,11.750204086303711,1,0.75,{},5,0.25,2026-09-13T03:26:24.137942+00:00
435,focused,motion_direction,motion_L8,3480,25704,1.28084397315979,19.053983688354492,1,0.375,{},11,0.5930000001098961,2026-09-13T03:26:24.731221+00:00
436,focused,orientation,orientation_recall_D4,3488,25792,0.7156711220741272,1.2936285734176636,1,0.5,{},11,0.578999999910593,2026-09-13T03:26:25.317830+00:00
437,focused,motion_direction,motion_L2,3496,25832,1.3779243230819702,58.15924835205078,1,0.375,{},5,0.2660000000614673,2026-09-13T03:26:25.585576+00:00
438,focused,orientation,orientation_recall_minimal,3504,25872,0.6455891132354736,0.5207593441009521,0,0.625,{},5,0.25,2026-09-13T03:26:25.841689+00:00
439,focused,motion_direction,motion_L8,3512,25960,1.25511634349823,24.30116081237793,1,0.375,{},11,0.5779999999795109,2026-09-13T03:26:26.424165+00:00
440,focused,orientation,orientation_recall_D4,3520,26048,0.6761183738708496,0.8446498513221741,0,0.875,{},11,0.5779999999795109,2026-09-13T03:26:26.997461+00:00
441,focused,motion_direction,motion_anchor,3528,26064,0.022581662982702255,3.6240243911743164,1,1.0,{},2,0.1410000000614673,2026-09-13T03:26:27.130232+00:00
442,focused,motion_direction,motion_L2,3536,26104,0.9923878312110901,3.214881658554077,1,0.625,{},5,0.2809999999590218,2026-09-13T03:26:27.412368+00:00
443,focused,orientation,orientation_recall_minimal,3544,26144,0.7373893857002258,20.508390426635742,1,0.625,{},5,0.25,2026-09-13T03:26:27.671676+00:00
444,focused,motion_direction,motion_L8,3552,26232,1.2395597696304321,7.016626358032227,1,0.25,{},11,0.5940000000409782,2026-09-13T03:26:28.261774+00:00
445,focused,orientation,orientation_recall_D4,3560,26320,0.7054373621940613,3.342484712600708,1,0.5,{},11,0.5779999999795109,2026-09-13T03:26:28.836416+00:00
446,focused,motion_direction,motion_L2,3568,26360,0.9305101633071899,5.420315265655518,1,0.5,{},5,0.25,2026-09-13T03:26:29.098113+00:00
447,focused,orientation,orientation_recall_minimal,3576,26400,0.6960839629173279,14.555957794189453,1,0.5,{},5,0.25,2026-09-13T03:26:29.359478+00:00
448,focused,motion_direction,motion_L8,3584,26488,1.022478699684143,12.167673110961914,1,0.625,{},11,0.5939999998081475,2026-09-13T03:26:29.945663+00:00
449,focused,orientation,orientation_recall_D4,3592,26576,0.7213515639305115,6.984827995300293,1,0.5,"{""state_mean"": {""input_saturation"": 0.15740411931818182, ""input_mean"": 0.15456148982048035, ""forget_saturation"": 0.56201171875, ""forget_mean"": 0.8790641752156344, ""output_saturation"": 0.00039950284090909093, ""output_mean"": 0.49371477419679816, ""candidate_saturation"": 0.06689453125, ""state0_rms"": 0.8650009821761738, ""state0_max"": 3.5541458346626977, ""state1_rms"": 0.17758836563337932, ""state1_max"": 0.7717763944105669}, ""state_peak"": {""state0_max"": 6.306905269622803, ""state1_max"": 0.883857250213623}, ""early_representation_gradient_norm"": 0.0008296745363622904, ""late_representation_gradient_norm"": 0.017428921535611153, ""core_gradient_norm"": 0.3572525382041931, ""recurrent_gradient_rms"": 0.0002900958643294871, ""recurrent_gradient_median_abs"": 2.8544554879772477e-05, ""current_gradient_fraction_below_adam_eps"": 7.62939453125e-06, ""effective_recurrent_relative_update"": 0.006445321720093489}",11,0.5780000002123415,2026-09-13T03:26:30.530693+00:00
450,focused,motion_direction,motion_L2,3600,26616,0.9450505375862122,51.001365661621094,1,0.5,{},5,0.26599999982863665,2026-09-13T03:26:30.794796+00:00
451,focused,orientation,orientation_anchor,3608,26632,0.004309632815420628,0.1882879137992859,0,1.0,{},2,0.10900000017136335,2026-09-13T03:26:30.909661+00:00
452,focused,orientation,orientation_recall_minimal,3616,26672,0.7441786527633667,8.836799621582031,1,0.5,{},5,0.26599999982863665,2026-09-13T03:26:31.162591+00:00
453,focused,motion_direction,motion_L8,3624,26760,0.9492018222808838,9.322324752807617,1,0.375,{},11,0.5779999999795109,2026-09-13T03:26:31.752207+00:00
454,focused,orientation,orientation_recall_D4,3632,26848,0.7089465260505676,1.2283951044082642,1,0.5,{},11,0.5779999999795109,2026-09-13T03:26:32.325408+00:00
455,focused,motion_direction,motion_L2,3640,26888,0.9379305839538574,50.93115997314453,1,0.625,{},5,0.2970000000204891,2026-09-13T03:26:32.618374+00:00
456,focused,orientation,orientation_recall_minimal,3648,26928,0.5999698042869568,1.5143580436706543,1,0.75,{},5,0.2970000000204891,2026-09-13T03:26:32.920043+00:00
457,focused,motion_direction,motion_L8,3656,27016,1.2121224403381348,15.446743965148926,1,0.375,{},11,0.6090000001713634,2026-09-13T03:26:33.535651+00:00
458,focused,orientation,orientation_recall_D4,3664,27104,0.7361629009246826,3.9308130741119385,1,0.375,{},11,0.5470000000204891,2026-09-13T03:26:34.085442+00:00
459,focused,motion_direction,motion_L2,3672,27144,1.1029345989227295,124.18621826171875,1,0.25,{},5,0.25,2026-09-13T03:26:34.347598+00:00
460,focused,orientation,orientation_recall_minimal,3680,27184,0.707658588886261,0.9789790511131287,0,0.5,{},5,0.2809999999590218,2026-09-13T03:26:34.615908+00:00
461,focused,motion_direction,motion_anchor,3688,27200,0.010558128356933594,0.8796032071113586,0,1.0,{},2,0.10900000017136335,2026-09-13T03:26:34.731307+00:00
462,focused,motion_direction,motion_L8,3696,27288,1.5347092151641846,48.580718994140625,1,0.125,{},11,0.625,2026-09-13T03:26:35.350999+00:00
463,focused,orientation,orientation_recall_D4,3704,27376,0.6889349818229675,1.5660285949707031,1,0.5,{},11,0.5629999998491257,2026-09-13T03:26:35.921033+00:00
464,focused,motion_direction,motion_L2,3712,27416,1.2733476161956787,129.78887939453125,1,0.25,{},5,0.2809999999590218,2026-09-13T03:26:36.197725+00:00
465,focused,orientation,orientation_recall_minimal,3720,27456,0.5269010066986084,4.207427501678467,1,0.75,{},5,0.25,2026-09-13T03:26:36.454292+00:00
466,focused,motion_direction,motion_L8,3728,27544,1.510040283203125,90.80450439453125,1,0.125,{},11,0.5780000002123415,2026-09-13T03:26:37.031376+00:00
467,focused,orientation,orientation_recall_D4,3736,27632,0.6541565656661987,11.777300834655762,1,0.625,{},11,0.5469999997876585,2026-09-13T03:26:37.576372+00:00
468,focused,motion_direction,motion_L2,3744,27672,0.9099715948104858,35.26786804199219,1,0.5,{},5,0.2660000000614673,2026-09-13T03:26:37.833486+00:00
469,focused,orientation,orientation_recall_minimal,3752,27712,0.5757179260253906,2.888782501220703,1,0.625,{},5,0.26500000013038516,2026-09-13T03:26:38.106571+00:00
470,focused,motion_direction,motion_L8,3760,27800,1.4393486976623535,68.08990478515625,1,0.25,{},11,0.578999999910593,2026-09-13T03:26:38.682157+00:00
471,focused,orientation,orientation_anchor,3768,27816,0.009246150963008404,0.4072960913181305,0,1.0,{},2,0.10899999993853271,2026-09-13T03:26:38.794473+00:00
472,focused,orientation,orientation_recall_D4,3776,27904,0.9300689101219177,46.72148132324219,1,0.5,{},11,0.5620000001508743,2026-09-13T03:26:39.355798+00:00
473,focused,motion_direction,motion_L2,3784,27944,1.2393829822540283,68.56705474853516,1,0.375,{},5,0.26599999982863665,2026-09-13T03:26:39.621594+00:00
474,focused,orientation,orientation_recall_minimal,3792,27984,0.6301968097686768,1.3050695657730103,1,0.375,{},5,0.28100000019185245,2026-09-13T03:26:39.897517+00:00
475,focused,motion_direction,motion_L8,3800,28072,1.2272080183029175,15.139299392700195,1,0.375,{},11,0.5779999999795109,2026-09-13T03:26:40.487889+00:00
476,focused,orientation,orientation_recall_D4,3808,28160,0.684855043888092,6.8134307861328125,1,0.625,{},11,0.578999999910593,2026-09-13T03:26:41.054940+00:00
477,focused,motion_direction,motion_L2,3816,28200,1.0020240545272827,67.90304565429688,1,0.625,{},5,0.2649999998975545,2026-09-13T03:26:41.325180+00:00
478,focused,orientation,orientation_recall_minimal,3824,28240,0.5308197736740112,11.403155326843262,1,0.75,{},5,0.2660000000614673,2026-09-13T03:26:41.584196+00:00
479,focused,motion_direction,motion_L8,3832,28328,1.108043909072876,11.498339653015137,1,0.375,{},11,0.5779999999795109,2026-09-13T03:26:42.171736+00:00
480,focused,orientation,orientation_recall_D4,3840,28416,0.7142468690872192,1.008256196975708,1,0.5,{},11,0.5470000000204891,2026-09-13T03:26:42.719310+00:00
481,focused,motion_direction,motion_anchor,3848,28432,0.01395443081855774,0.9268883466720581,0,1.0,{},2,0.125,2026-09-13T03:26:42.846081+00:00
482,focused,motion_direction,motion_L2,3856,28472,0.8922756314277649,31.64823341369629,1,0.5,{},5,0.2809999999590218,2026-09-13T03:26:43.115324+00:00
483,focused,orientation,orientation_recall_minimal,3864,28512,0.6464325189590454,12.902115821838379,1,0.625,{},5,0.25,2026-09-13T03:26:43.377662+00:00
484,focused,motion_direction,motion_L8,3872,28600,1.2233854532241821,19.956987380981445,1,0.5,{},11,0.6720000000204891,2026-09-13T03:26:44.048332+00:00
485,focused,orientation,orientation_recall_D4,3880,28688,0.6837930083274841,1.2238363027572632,1,0.625,{},11,0.5940000000409782,2026-09-13T03:26:44.633579+00:00
486,focused,motion_direction,motion_L2,3888,28728,0.8355161547660828,7.819338321685791,1,0.75,{},5,0.25,2026-09-13T03:26:44.890249+00:00
487,focused,orientation,orientation_recall_minimal,3896,28768,0.6127724647521973,15.277449607849121,1,0.625,{},5,0.26500000013038516,2026-09-13T03:26:45.155860+00:00
488,focused,motion_direction,motion_L8,3904,28856,1.21189284324646,43.06117630004883,1,0.5,{},11,0.5939999998081475,2026-09-13T03:26:45.742826+00:00
489,focused,orientation,orientation_recall_D4,3912,28944,0.7738096714019775,23.272571563720703,1,0.5,{},11,0.5630000000819564,2026-09-13T03:26:46.311731+00:00
490,focused,motion_direction,motion_L2,3920,28984,1.0005688667297363,129.32322692871094,1,0.375,{},5,0.2809999999590218,2026-09-13T03:26:46.586464+00:00
491,focused,orientation,orientation_anchor,3928,29000,0.0023931320756673813,0.1163407489657402,0,1.0,{},2,0.10899999993853271,2026-09-13T03:26:46.702934+00:00
492,focused,orientation,orientation_recall_minimal,3936,29040,0.6454368233680725,12.027358055114746,1,0.625,{},5,0.28100000019185245,2026-09-13T03:26:46.976675+00:00
493,focused,motion_direction,motion_L8,3944,29128,1.0471466779708862,4.290907859802246,1,0.75,{},11,0.578999999910593,2026-09-13T03:26:47.561253+00:00
494,focused,orientation,orientation_recall_D4,3952,29216,0.798183798789978,16.95547103881836,1,0.5,{},11,0.5619999999180436,2026-09-13T03:26:48.120384+00:00
495,focused,motion_direction,motion_L2,3960,29256,0.86090487241745,32.0366096496582,1,0.625,{},5,0.2660000000614673,2026-09-13T03:26:48.389801+00:00
496,focused,orientation,orientation_recall_minimal,3968,29296,0.6039586663246155,1.65769362449646,1,0.625,{},5,0.26500000013038516,2026-09-13T03:26:48.651856+00:00
497,focused,motion_direction,motion_L8,3976,29384,1.4677603244781494,18.855350494384766,1,0.375,{},11,0.5779999999795109,2026-09-13T03:26:49.233706+00:00
498,focused,orientation,orientation_recall_D4,3984,29472,0.734513521194458,10.18354320526123,1,0.5,{},11,0.578999999910593,2026-09-13T03:26:49.811426+00:00
499,focused,motion_direction,motion_L2,3992,29512,1.0671731233596802,77.80424499511719,1,0.5,{},5,0.2809999999590218,2026-09-13T03:26:50.086168+00:00
500,focused,orientation,orientation_recall_minimal,4000,29552,0.5266105532646179,22.21166229248047,1,1.0,{},5,0.25,2026-09-13T03:26:50.347544+00:00
501,focused,motion_direction,motion_anchor,4008,29568,0.047408852726221085,5.784182071685791,1,1.0,{},2,0.125,2026-09-13T03:26:50.470777+00:00
502,focused,motion_direction,motion_L8,4016,29656,1.358367681503296,83.68952178955078,1,0.25,{},11,0.5940000000409782,2026-09-13T03:26:51.060523+00:00
503,focused,orientation,orientation_recall_D4,4024,29744,0.6512613892555237,3.8754303455352783,1,0.625,{},11,0.546000000089407,2026-09-13T03:26:51.601468+00:00
504,focused,motion_direction,motion_L2,4032,29784,1.0911965370178223,109.19873809814453,1,0.5,{},5,0.26599999982863665,2026-09-13T03:26:51.869453+00:00
505,focused,orientation,orientation_recall_minimal,4040,29824,0.6908857822418213,32.98537826538086,1,0.5,{},5,0.2660000000614673,2026-09-13T03:26:52.135691+00:00
506,focused,motion_direction,motion_L8,4048,29912,1.1109533309936523,30.361387252807617,1,0.375,{},11,0.5930000001098961,2026-09-13T03:26:52.732770+00:00
507,focused,orientation,orientation_recall_D4,4056,30000,0.751736581325531,23.16852378845215,1,0.5,{},11,0.5629999998491257,2026-09-13T03:26:53.297651+00:00
508,focused,motion_direction,motion_L2,4064,30040,1.2442713975906372,143.61135864257812,1,0.25,{},5,0.2660000000614673,2026-09-13T03:26:53.558932+00:00
509,focused,orientation,orientation_recall_minimal,4072,30080,0.5949801802635193,1.4482020139694214,1,0.625,{},5,0.2649999998975545,2026-09-13T03:26:53.829415+00:00
510,focused,motion_direction,motion_L8,4080,30168,1.3531099557876587,29.25117301940918,1,0.25,{},11,0.5780000002123415,2026-09-13T03:26:54.403193+00:00
511,focused,orientation,orientation_anchor,4088,30184,0.002393134869635105,0.04610113799571991,0,1.0,{},2,0.125,2026-09-13T03:26:54.520776+00:00
512,focused,orientation,orientation_recall_D4,4096,30272,0.7139828205108643,0.9004647731781006,0,0.5,{},11,0.5629999998491257,2026-09-13T03:26:55.089952+00:00
513,focused,motion_direction,motion_L2,4104,30312,0.8585509061813354,9.813373565673828,1,0.5,"{""state_mean"": {""input_saturation"": 0.1279296875, ""input_mean"": 0.15705690979957582, ""forget_saturation"": 0.57861328125, ""forget_mean"": 0.9095418930053711, ""output_saturation"": 0.0046875, ""output_mean"": 0.4896010935306549, ""candidate_saturation"": 0.0701171875, ""state0_rms"": 0.33649260103702544, ""state0_max"": 1.3766830682754516, ""state1_rms"": 0.17655190527439119, ""state1_max"": 0.7140771925449372}, ""state_peak"": {""state0_max"": 2.078051805496216, ""state1_max"": 0.9233879446983337}, ""early_representation_gradient_norm"": 0.0021165122743695974, ""late_representation_gradient_norm"": 0.0053457049652934074, ""core_gradient_norm"": 0.6795645356178284, ""recurrent_gradient_rms"": 0.0005080393166281283, ""recurrent_gradient_median_abs"": 2.7459216653369367e-05, ""current_gradient_fraction_below_adam_eps"": 7.62939453125e-06, ""effective_recurrent_relative_update"": 0.005605188198387623}",5,0.2660000000614673,2026-09-13T03:26:55.435654+00:00
514,focused,orientation,orientation_recall_minimal,4112,30352,0.6218249797821045,0.99347323179245,0,0.625,{},5,0.2649999998975545,2026-09-13T03:26:55.699743+00:00
515,focused,motion_direction,motion_L8,4120,30440,1.2318642139434814,71.94615936279297,1,0.5,{},11,0.5940000000409782,2026-09-13T03:26:56.294737+00:00
516,focused,orientation,orientation_recall_D4,4128,30528,0.6934663653373718,2.508807420730591,1,0.5,{},11,0.5620000001508743,2026-09-13T03:26:56.858597+00:00
517,focused,motion_direction,motion_L2,4136,30568,1.2549543380737305,118.47853088378906,1,0.25,{},5,0.32899999991059303,2026-09-13T03:26:57.180084+00:00
518,focused,orientation,orientation_recall_minimal,4144,30608,0.6668703556060791,0.7786545157432556,0,0.625,{},5,0.2809999999590218,2026-09-13T03:26:57.465509+00:00
519,focused,motion_direction,motion_L8,4152,30696,1.3429577350616455,18.94285774230957,1,0.375,{},11,0.6089999999385327,2026-09-13T03:26:58.068362+00:00
520,focused,orientation,orientation_recall_D4,4160,30784,0.6702362895011902,1.5234758853912354,1,0.5,{},11,0.5630000000819564,2026-09-13T03:26:58.630856+00:00
521,focused,motion_direction,motion_anchor,4168,30800,0.10379648208618164,11.093358993530273,1,1.0,{},2,0.10899999993853271,2026-09-13T03:26:58.754406+00:00
522,focused,motion_direction,motion_L2,4176,30840,1.533395528793335,67.85660552978516,1,0.25,{},5,0.26500000013038516,2026-09-13T03:26:59.026656+00:00
523,focused,orientation,orientation_recall_minimal,4184,30880,0.5969891548156738,1.1832239627838135,1,0.375,{},5,0.25,2026-09-13T03:26:59.284224+00:00
524,focused,motion_direction,motion_L8,4192,30968,1.5141682624816895,59.55382537841797,1,0.25,{},11,0.5939999998081475,2026-09-13T03:26:59.879687+00:00
525,focused,orientation,orientation_recall_D4,4200,31056,0.6842968463897705,2.0209708213806152,1,0.625,{},11,0.5470000000204891,2026-09-13T03:27:00.436041+00:00
526,focused,motion_direction,motion_L2,4208,31096,0.9069252014160156,56.93923568725586,1,0.625,{},5,0.2809999999590218,2026-09-13T03:27:00.719868+00:00
527,focused,orientation,orientation_recall_minimal,4216,31136,0.6545202732086182,2.0077648162841797,1,0.625,{},5,0.26500000013038516,2026-09-13T03:27:00.984821+00:00
528,focused,motion_direction,motion_L8,4224,31224,1.5005265474319458,11.87973690032959,1,0.5,{},11,0.5939999998081475,2026-09-13T03:27:01.582263+00:00
529,focused,orientation,orientation_recall_D4,4232,31312,0.6883979439735413,5.513086795806885,1,0.5,{},11,0.5780000002123415,2026-09-13T03:27:02.152382+00:00
530,focused,motion_direction,motion_L2,4240,31352,1.2600700855255127,91.75868225097656,1,0.25,{},5,0.26599999982863665,2026-09-13T03:27:02.426497+00:00
531,focused,orientation,orientation_anchor,4248,31368,0.0005824628169648349,0.02479386329650879,0,1.0,{},2,0.10899999993853271,2026-09-13T03:27:02.542805+00:00
532,focused,orientation,orientation_recall_minimal,4256,31408,0.6295067667961121,9.392127990722656,1,0.5,{},5,0.2660000000614673,2026-09-13T03:27:02.811541+00:00
533,focused,motion_direction,motion_L8,4264,31496,1.4831761121749878,30.496623992919922,1,0.375,{},11,0.5779999999795109,2026-09-13T03:27:03.386081+00:00
534,focused,orientation,orientation_recall_D4,4272,31584,0.7169949412345886,4.610779762268066,1,0.5,{},11,0.5309999999590218,2026-09-13T03:27:03.927825+00:00
535,focused,motion_direction,motion_L2,4280,31624,0.8665936589241028,16.20604705810547,1,0.5,{},5,0.2649999998975545,2026-09-13T03:27:04.193603+00:00
536,focused,orientation,orientation_recall_minimal,4288,31664,0.6878670454025269,8.0352201461792,1,0.5,{},5,0.2660000000614673,2026-09-13T03:27:04.463073+00:00
537,focused,motion_direction,motion_L8,4296,31752,1.1154052019119263,12.719852447509766,1,0.5,{},11,0.6559999999590218,2026-09-13T03:27:05.130628+00:00
538,focused,orientation,orientation_recall_D4,4304,31840,0.7179690599441528,2.7615973949432373,1,0.375,{},11,0.5470000000204891,2026-09-13T03:27:05.691292+00:00
539,focused,motion_direction,motion_L2,4312,31880,0.9757556319236755,40.06467056274414,1,0.625,{},5,0.2660000000614673,2026-09-13T03:27:05.965795+00:00
540,focused,orientation,orientation_recall_minimal,4320,31920,0.6817755699157715,3.748570442199707,1,0.5,{},5,0.26500000013038516,2026-09-13T03:27:06.230766+00:00
541,focused,motion_direction,motion_anchor,4328,31936,0.04296110197901726,2.9291903972625732,1,1.0,{},2,0.125,2026-09-13T03:27:06.351617+00:00
542,focused,motion_direction,motion_L8,4336,32024,1.4169000387191772,47.624107360839844,1,0.375,{},11,0.578999999910593,2026-09-13T03:27:06.931930+00:00
543,focused,orientation,orientation_recall_D4,4344,32112,0.6856710910797119,0.4866536855697632,0,0.5,{},11,0.5619999999180436,2026-09-13T03:27:07.496722+00:00
544,focused,motion_direction,motion_L2,4352,32152,0.8821620345115662,14.297791481018066,1,0.5,{},5,0.2660000000614673,2026-09-13T03:27:07.762094+00:00
545,focused,orientation,orientation_recall_minimal,4360,32192,0.7556594014167786,6.825631141662598,1,0.625,{},5,0.26500000013038516,2026-09-13T03:27:08.028883+00:00
546,focused,motion_direction,motion_L8,4368,32280,1.1175892353057861,8.995465278625488,1,0.375,{},11,0.5939999998081475,2026-09-13T03:27:08.624969+00:00
547,focused,orientation,orientation_recall_D4,4376,32368,0.7349581718444824,7.2511420249938965,1,0.5,{},11,0.5470000000204891,2026-09-13T03:27:09.166479+00:00
548,focused,motion_direction,motion_L2,4384,32408,0.869469404220581,2.988522529602051,1,0.75,{},5,0.25,2026-09-13T03:27:09.425614+00:00
549,focused,orientation,orientation_recall_minimal,4392,32448,0.7780940532684326,11.712052345275879,1,0.875,{},5,0.2809999999590218,2026-09-13T03:27:09.704180+00:00
550,focused,motion_direction,motion_L8,4400,32536,1.2924727201461792,24.397560119628906,1,0.375,{},11,0.6100000001024455,2026-09-13T03:27:10.319214+00:00
551,focused,orientation,orientation_anchor,4408,32552,0.0038637409452348948,0.1863175332546234,0,1.0,{},2,0.11000000010244548,2026-09-13T03:27:10.439726+00:00
552,focused,orientation,orientation_recall_D4,4416,32640,0.7267735600471497,0.6311867833137512,0,0.375,{},11,0.546000000089407,2026-09-13T03:27:10.986838+00:00
553,focused,motion_direction,motion_L2,4424,32680,1.4560946226119995,36.325870513916016,1,0.25,{},5,0.26599999982863665,2026-09-13T03:27:11.251562+00:00
554,focused,orientation,orientation_recall_minimal,4432,32720,0.5517095923423767,6.403306007385254,1,0.875,{},5,0.2660000000614673,2026-09-13T03:27:11.510244+00:00
555,focused,motion_direction,motion_L8,4440,32808,1.3742159605026245,24.436817169189453,1,0.375,{},11,0.5619999999180436,2026-09-13T03:27:12.082656+00:00
556,focused,orientation,orientation_recall_D4,4448,32896,0.6982027888298035,0.5133293271064758,0,0.25,{},11,0.5470000000204891,2026-09-13T03:27:12.638273+00:00
557,focused,motion_direction,motion_L2,4456,32936,1.218372106552124,46.275943756103516,1,0.5,{},5,0.25,2026-09-13T03:27:12.895877+00:00
558,focused,orientation,orientation_recall_minimal,4464,32976,0.6858996152877808,0.7744871973991394,0,0.5,{},5,0.25,2026-09-13T03:27:13.161277+00:00
559,focused,motion_direction,motion_L8,4472,33064,0.9784973859786987,31.541105270385742,1,0.625,{},11,0.5779999999795109,2026-09-13T03:27:13.745744+00:00
560,focused,orientation,orientation_recall_D4,4480,33152,0.6943488121032715,1.5694421529769897,1,0.5,{},11,0.5630000000819564,2026-09-13T03:27:14.315836+00:00
561,focused,motion_direction,motion_anchor,4488,33168,0.00932388473302126,1.0028297901153564,1,1.0,{},2,0.125,2026-09-13T03:27:14.442141+00:00
562,focused,motion_direction,motion_L2,4496,33208,0.8134874105453491,6.864195346832275,1,0.625,{},5,0.2660000000614673,2026-09-13T03:27:14.712032+00:00
563,focused,orientation,orientation_recall_minimal,4504,33248,0.5960292816162109,1.9351938962936401,1,0.625,{},5,0.25,2026-09-13T03:27:14.972060+00:00
564,focused,motion_direction,motion_L8,4512,33336,1.0883722305297852,54.9814338684082,1,0.25,{},11,0.5940000000409782,2026-09-13T03:27:15.556286+00:00
565,focused,orientation,orientation_recall_D4,4520,33424,0.6961672306060791,0.384402871131897,0,0.5,{},11,0.546000000089407,2026-09-13T03:27:16.104872+00:00
566,focused,motion_direction,motion_L2,4528,33464,1.5487552881240845,102.91304016113281,1,0.25,{},5,0.25,2026-09-13T03:27:16.363047+00:00
567,focused,orientation,orientation_recall_minimal,4536,33504,0.610458254814148,13.149545669555664,1,0.75,{},5,0.26599999982863665,2026-09-13T03:27:16.626883+00:00
568,focused,motion_direction,motion_L8,4544,33592,1.3758964538574219,17.4038028717041,1,0.375,{},11,0.5940000000409782,2026-09-13T03:27:17.212975+00:00
569,focused,orientation,orientation_recall_D4,4552,33680,0.6829381585121155,3.8215088844299316,1,0.625,{},11,0.5940000000409782,2026-09-13T03:27:17.817826+00:00
570,focused,motion_direction,motion_L2,4560,33720,0.8694413304328918,67.68083953857422,1,0.625,{},5,0.28100000019185245,2026-09-13T03:27:18.101051+00:00
571,focused,orientation,orientation_anchor,4568,33736,0.0008861989481374621,0.02910422347486019,0,1.0,{},2,0.10999999986961484,2026-09-13T03:27:18.212197+00:00
572,focused,orientation,orientation_recall_minimal,4576,33776,0.6796635389328003,3.2095561027526855,1,0.5,{},5,0.2970000000204891,2026-09-13T03:27:18.514792+00:00
573,focused,motion_direction,motion_L8,4584,33864,1.5065299272537231,102.4427719116211,1,0.25,{},11,0.5930000001098961,2026-09-13T03:27:19.100711+00:00
574,focused,orientation,orientation_recall_D4,4592,33952,0.7048104405403137,0.8130038976669312,0,0.25,{},11,0.5470000000204891,2026-09-13T03:27:19.656810+00:00
575,focused,motion_direction,motion_L2,4600,33992,0.9043620824813843,30.4487361907959,1,0.625,{},5,0.28199999989010394,2026-09-13T03:27:19.932733+00:00
576,focused,orientation,orientation_recall_minimal,4608,34032,0.5541525483131409,0.7456082701683044,0,0.875,{},5,0.2649999998975545,2026-09-13T03:27:20.204646+00:00
577,focused,motion_direction,motion_L8,4616,34120,1.5241973400115967,21.063648223876953,1,0.0,"{""state_mean"": {""input_saturation"": 0.13383345170454544, ""input_mean"": 0.15758173574100842, ""forget_saturation"": 0.5862482244318182, ""forget_mean"": 0.9104569229212675, ""output_saturation"": 0.005593039772727273, ""output_mean"": 0.49031274156136945, ""candidate_saturation"": 0.07679332386363637, ""state0_rms"": 0.5233336226506666, ""state0_max"": 2.9115084247155623, ""state1_rms"": 0.22374423728747803, ""state1_max"": 0.8323815573345531}, ""state_peak"": {""state0_max"": 5.873478412628174, ""state1_max"": 0.9596152901649475}, ""early_representation_gradient_norm"": 0.0024030141066759825, ""late_representation_gradient_norm"": 0.012687238864600658, ""core_gradient_norm"": 1.7999272346496582, ""recurrent_gradient_rms"": 0.0013255119556561112, ""recurrent_gradient_median_abs"": 9.731767204357311e-05, ""current_gradient_fraction_below_adam_eps"": 0.0, ""effective_recurrent_relative_update"": 0.006347280461341143}",11,0.6100000001024455,2026-09-13T03:27:20.810905+00:00
578,focused,orientation,orientation_recall_D4,4624,34208,0.692590594291687,6.353196144104004,1,0.5,{},11,0.5779999999795109,2026-09-13T03:27:21.385883+00:00
579,focused,motion_direction,motion_L2,4632,34248,0.9046595692634583,50.12605285644531,1,0.625,{},5,0.25,2026-09-13T03:27:21.643939+00:00
580,focused,orientation,orientation_recall_minimal,4640,34288,0.6456389427185059,18.833681106567383,1,0.625,{},5,0.26500000013038516,2026-09-13T03:27:21.905944+00:00
581,focused,motion_direction,motion_anchor,4648,34304,0.003611193038523197,0.20578935742378235,0,1.0,{},2,0.10999999986961484,2026-09-13T03:27:22.019626+00:00
582,focused,motion_direction,motion_L8,4656,34392,1.0608221292495728,6.282197952270508,1,0.5,{},11,0.5779999999795109,2026-09-13T03:27:22.599171+00:00
583,focused,orientation,orientation_recall_D4,4664,34480,0.7234702706336975,3.840513229370117,1,0.5,{},11,0.5470000000204891,2026-09-13T03:27:23.159572+00:00
584,focused,motion_direction,motion_L2,4672,34520,0.8754221200942993,35.70423889160156,1,0.75,{},5,0.2660000000614673,2026-09-13T03:27:23.429026+00:00
585,focused,orientation,orientation_recall_minimal,4680,34560,0.5852241516113281,2.9653663635253906,1,0.875,{},5,0.2649999998975545,2026-09-13T03:27:23.697729+00:00
586,focused,motion_direction,motion_L8,4688,34648,0.9702337384223938,13.173834800720215,1,0.625,{},11,0.5940000000409782,2026-09-13T03:27:24.287624+00:00
587,focused,orientation,orientation_recall_D4,4696,34736,0.6857693195343018,0.8577340245246887,0,0.5,{},11,0.5470000000204891,2026-09-13T03:27:24.849510+00:00
588,focused,motion_direction,motion_L2,4704,34776,0.8421927690505981,26.226564407348633,1,0.625,{},5,0.28199999989010394,2026-09-13T03:27:25.140867+00:00
589,focused,orientation,orientation_recall_minimal,4712,34816,0.6184649467468262,7.069066524505615,1,0.5,{},5,0.26500000013038516,2026-09-13T03:27:25.409177+00:00
590,focused,motion_direction,motion_L8,4720,34904,1.3346563577651978,46.22330856323242,1,0.25,{},11,0.5939999998081475,2026-09-13T03:27:25.991088+00:00
591,focused,orientation,orientation_anchor,4728,34920,0.0006094695418141782,0.024221843108534813,0,1.0,{},2,0.10900000017136335,2026-09-13T03:27:26.101032+00:00
592,focused,orientation,orientation_recall_D4,4736,35008,0.6978958249092102,5.636482238769531,1,0.5,{},11,0.5470000000204891,2026-09-13T03:27:26.660203+00:00
593,focused,motion_direction,motion_L2,4744,35048,0.8101204037666321,25.90151023864746,1,0.75,{},5,0.29699999978765845,2026-09-13T03:27:26.952792+00:00
594,focused,orientation,orientation_recall_minimal,4752,35088,0.6451727151870728,4.221833229064941,1,0.5,{},5,0.25,2026-09-13T03:27:27.206306+00:00
595,focused,motion_direction,motion_L8,4760,35176,1.1082651615142822,9.927531242370605,1,0.5,{},11,0.5780000002123415,2026-09-13T03:27:27.783138+00:00
596,focused,orientation,orientation_recall_D4,4768,35264,0.6951205134391785,4.992877006530762,1,0.5,{},11,0.5629999998491257,2026-09-13T03:27:28.342613+00:00
597,focused,motion_direction,motion_L2,4776,35304,1.0085822343826294,73.90292358398438,1,0.5,{},5,0.26500000013038516,2026-09-13T03:27:28.604094+00:00
598,focused,orientation,orientation_recall_minimal,4784,35344,0.6755056381225586,2.351227283477783,1,0.5,{},5,0.25,2026-09-13T03:27:28.862432+00:00
599,focused,motion_direction,motion_L8,4792,35432,1.067246437072754,23.746421813964844,1,0.5,{},11,0.578999999910593,2026-09-13T03:27:29.434906+00:00
600,focused,orientation,orientation_recall_D4,4800,35520,0.6666518449783325,5.638767242431641,1,0.625,{},11,0.546000000089407,2026-09-13T03:27:29.988813+00:00
601,focused,motion_direction,motion_anchor,4808,35536,0.03941059857606888,5.702826976776123,1,1.0,{},2,0.10900000017136335,2026-09-13T03:27:30.106916+00:00
602,focused,motion_direction,motion_L2,4816,35576,0.7978652119636536,1.2831110954284668,1,0.75,{},5,0.26599999982863665,2026-09-13T03:27:30.379909+00:00
603,focused,orientation,orientation_recall_minimal,4824,35616,0.6759587526321411,29.716163635253906,1,0.5,{},5,0.25,2026-09-13T03:27:30.635338+00:00
604,focused,motion_direction,motion_L8,4832,35704,1.1767778396606445,50.031272888183594,1,0.25,{},11,0.5779999999795109,2026-09-13T03:27:31.210950+00:00
605,focused,orientation,orientation_recall_D4,4840,35792,0.7528560161590576,2.1610491275787354,1,0.5,{},11,0.5470000000204891,2026-09-13T03:27:31.769917+00:00
606,focused,motion_direction,motion_L2,4848,35832,0.7457761168479919,11.684529304504395,1,0.75,{},5,0.2970000000204891,2026-09-13T03:27:32.055682+00:00
607,focused,orientation,orientation_recall_minimal,4856,35872,0.7277892827987671,2.051265239715576,1,0.5,{},5,0.2649999998975545,2026-09-13T03:27:32.322468+00:00
608,focused,motion_direction,motion_L8,4864,35960,0.8016775846481323,3.1908199787139893,1,0.875,{},11,0.6100000001024455,2026-09-13T03:27:32.944380+00:00
609,focused,orientation,orientation_recall_D4,4872,36048,0.7050536274909973,7.4498372077941895,1,0.25,{},11,0.5630000000819564,2026-09-13T03:27:33.521454+00:00
610,focused,motion_direction,motion_L2,4880,36088,0.7765077948570251,41.900238037109375,1,0.625,{},5,0.26599999982863665,2026-09-13T03:27:33.788311+00:00
611,focused,orientation,orientation_anchor,4888,36104,0.025147434324026108,1.0557414293289185,1,1.0,{},2,0.1410000000614673,2026-09-13T03:27:33.932531+00:00
612,focused,orientation,orientation_recall_minimal,4896,36144,0.5037873983383179,3.016122817993164,1,0.875,{},5,0.2809999999590218,2026-09-13T03:27:34.212855+00:00
613,focused,motion_direction,motion_L8,4904,36232,0.9367902874946594,37.21800231933594,1,0.5,{},11,0.5779999999795109,2026-09-13T03:27:34.801840+00:00
614,focused,orientation,orientation_recall_D4,4912,36320,0.709004819393158,1.6048303842544556,1,0.5,{},11,0.546000000089407,2026-09-13T03:27:35.366302+00:00
615,focused,motion_direction,motion_L2,4920,36360,0.7547435164451599,22.55644989013672,1,0.625,{},5,0.28100000019185245,2026-09-13T03:27:35.652723+00:00
616,focused,orientation,orientation_recall_minimal,4928,36400,0.6749880909919739,0.9093029499053955,0,0.625,{},5,0.25,2026-09-13T03:27:35.907800+00:00
617,focused,motion_direction,motion_L8,4936,36488,1.9085228443145752,58.17736053466797,1,0.125,{},11,0.5939999998081475,2026-09-13T03:27:36.493002+00:00
618,focused,orientation,orientation_recall_D4,4944,36576,0.6909883618354797,1.870331883430481,1,0.75,{},11,0.5630000000819564,2026-09-13T03:27:37.055352+00:00
619,focused,motion_direction,motion_L2,4952,36616,1.06325101852417,193.84495544433594,1,0.5,{},5,0.2809999999590218,2026-09-13T03:27:37.336912+00:00
620,focused,orientation,orientation_recall_minimal,4960,36656,0.7179955244064331,0.7665445804595947,0,0.5,{},5,0.25,2026-09-13T03:27:37.595855+00:00
621,focused,motion_direction,motion_anchor,4968,36672,0.07447914779186249,8.752115249633789,1,1.0,{},2,0.125,2026-09-13T03:27:37.707869+00:00
622,focused,motion_direction,motion_L8,4976,36760,1.0793355703353882,87.03926086425781,1,0.5,{},11,0.5620000001508743,2026-09-13T03:27:38.285435+00:00
623,focused,orientation,orientation_recall_D4,4984,36848,0.7161376476287842,0.9139809012413025,0,0.625,{},11,0.5629999998491257,2026-09-13T03:27:38.844718+00:00
624,focused,motion_direction,motion_L2,4992,36888,1.3156607151031494,214.11715698242188,1,0.25,{},5,0.2809999999590218,2026-09-13T03:27:39.120203+00:00
625,focused,orientation,orientation_recall_minimal,5000,36928,0.7488899827003479,25.84304428100586,1,0.625,{},5,0.2660000000614673,2026-09-13T03:27:39.383916+00:00
626,focused,motion_direction,motion_L8,5008,37016,1.0611281394958496,78.47716522216797,1,0.375,{},11,0.5779999999795109,2026-09-13T03:27:39.966694+00:00
627,focused,orientation,orientation_recall_D4,5016,37104,0.6835812330245972,1.8463467359542847,1,0.625,{},11,0.5620000001508743,2026-09-13T03:27:40.524819+00:00
628,focused,motion_direction,motion_L2,5024,37144,0.8048728704452515,21.950031280517578,1,0.625,{},5,0.26599999982863665,2026-09-13T03:27:40.790529+00:00
629,focused,orientation,orientation_recall_minimal,5032,37184,0.5505273342132568,1.5619455575942993,1,0.875,{},5,0.2660000000614673,2026-09-13T03:27:41.056067+00:00
630,focused,motion_direction,motion_L8,5040,37272,1.3860119581222534,26.626420974731445,1,0.25,{},11,0.5779999999795109,2026-09-13T03:27:41.639006+00:00
631,focused,orientation,orientation_anchor,5048,37288,0.004951040260493755,0.10866645723581314,0,1.0,{},2,0.125,2026-09-13T03:27:41.761939+00:00
632,focused,orientation,orientation_recall_D4,5056,37376,0.715680718421936,0.6930553913116455,0,0.25,{},11,0.5619999999180436,2026-09-13T03:27:42.327001+00:00
633,focused,motion_direction,motion_L2,5064,37416,0.759324312210083,4.467413425445557,1,0.625,{},5,0.2660000000614673,2026-09-13T03:27:42.598941+00:00
634,focused,orientation,orientation_recall_minimal,5072,37456,0.5459475517272949,0.6802041530609131,0,0.75,{},5,0.25,2026-09-13T03:27:42.860342+00:00
635,focused,motion_direction,motion_L8,5080,37544,1.0314172506332397,45.890750885009766,1,0.625,{},11,0.578999999910593,2026-09-13T03:27:43.432962+00:00
636,focused,orientation,orientation_recall_D4,5088,37632,0.6540348529815674,0.40930768847465515,0,0.75,{},11,0.546000000089407,2026-09-13T03:27:43.985331+00:00
637,focused,motion_direction,motion_L2,5096,37672,0.7383743524551392,18.791847229003906,1,0.625,{},5,0.26599999982863665,2026-09-13T03:27:44.249936+00:00
638,focused,orientation,orientation_recall_minimal,5104,37712,0.682313084602356,0.877580463886261,0,0.5,{},5,0.2660000000614673,2026-09-13T03:27:44.513685+00:00
639,focused,motion_direction,motion_L8,5112,37800,1.1907864809036255,18.413982391357422,1,0.375,{},11,0.5930000001098961,2026-09-13T03:27:45.112125+00:00
640,focused,orientation,orientation_recall_D4,5120,37888,0.7141785621643066,1.6260358095169067,1,0.375,{},11,0.5629999998491257,2026-09-13T03:27:45.671820+00:00
641,focused,motion_direction,motion_anchor,5128,37904,0.01798062026500702,2.507401943206787,1,1.0,"{""state_mean"": {""input_saturation"": 0.125244140625, ""input_mean"": 0.15564298629760742, ""forget_saturation"": 0.578125, ""forget_mean"": 0.9246158003807068, ""output_saturation"": 0.008056640625, ""output_mean"": 0.4893524646759033, ""candidate_saturation"": 0.093994140625, ""state0_rms"": 0.23513104021549225, ""state0_max"": 1.2196297347545624, ""state1_rms"": 0.13202537968754768, ""state1_max"": 0.7461483478546143}, ""state_peak"": {""state0_max"": 1.6059505939483643, ""state1_max"": 0.8658841848373413}, ""early_representation_gradient_norm"": 0.00020702072652056813, ""late_representation_gradient_norm"": 0.0004378717567306012, ""core_gradient_norm"": 0.012920360080897808, ""recurrent_gradient_rms"": 5.255102223600261e-06, ""recurrent_gradient_median_abs"": 2.092717465984606e-07, ""current_gradient_fraction_below_adam_eps"": 0.000888824462890625, ""effective_recurrent_relative_update"": 0.0040757558308541775}",2,0.125,2026-09-13T03:27:45.798413+00:00
642,focused,motion_direction,motion_L2,5136,37944,0.8224935531616211,130.90623474121094,1,0.625,{},5,0.2809999999590218,2026-09-13T03:27:46.077444+00:00
643,focused,orientation,orientation_recall_minimal,5144,37984,0.6087439060211182,3.670980930328369,1,0.5,{},5,0.2660000000614673,2026-09-13T03:27:46.334415+00:00
644,focused,motion_direction,motion_L8,5152,38072,2.018838882446289,47.475643157958984,1,0.25,{},11,0.5620000001508743,2026-09-13T03:27:46.907910+00:00
645,focused,orientation,orientation_recall_D4,5160,38160,0.7005410194396973,3.4948325157165527,1,0.5,{},11,0.5629999998491257,2026-09-13T03:27:47.465408+00:00
646,focused,motion_direction,motion_L2,5168,38200,0.8214715719223022,119.02384185791016,1,0.625,{},5,0.26500000013038516,2026-09-13T03:27:47.727992+00:00
647,focused,orientation,orientation_recall_minimal,5176,38240,0.6400296688079834,3.7270500659942627,1,0.75,{},5,0.25,2026-09-13T03:27:47.989151+00:00
648,focused,motion_direction,motion_L8,5184,38328,1.7310092449188232,133.23434448242188,1,0.25,{},11,0.5940000000409782,2026-09-13T03:27:48.598172+00:00
649,focused,orientation,orientation_recall_D4,5192,38416,0.7219786643981934,2.9037575721740723,1,0.5,{},11,0.6099999998696148,2026-09-13T03:27:49.214955+00:00
650,focused,motion_direction,motion_L2,5200,38456,0.7474579215049744,8.231681823730469,1,0.625,{},5,0.26500000013038516,2026-09-13T03:27:49.481892+00:00
651,focused,orientation,orientation_anchor,5208,38472,0.0216272734105587,1.0043838024139404,1,1.0,{},2,0.125,2026-09-13T03:27:49.599042+00:00
652,focused,orientation,orientation_recall_minimal,5216,38512,0.5277855396270752,3.216005563735962,1,1.0,{},5,0.25,2026-09-13T03:27:49.864713+00:00
653,focused,motion_direction,motion_L8,5224,38600,1.2513506412506104,12.096114158630371,1,0.375,{},11,0.5779999999795109,2026-09-13T03:27:50.457036+00:00
654,focused,orientation,orientation_recall_D4,5232,38688,0.6717562079429626,0.4488297998905182,0,0.5,{},11,0.5780000002123415,2026-09-13T03:27:51.031951+00:00
655,focused,motion_direction,motion_L2,5240,38728,0.8016455173492432,121.0945816040039,1,0.625,{},5,0.26599999982863665,2026-09-13T03:27:51.300390+00:00
656,focused,orientation,orientation_recall_minimal,5248,38768,0.8174862861633301,30.05980682373047,1,0.625,{},5,0.4059999999590218,2026-09-13T03:27:51.707511+00:00
657,focused,motion_direction,motion_L8,5256,38856,0.8936156034469604,45.78215789794922,1,0.5,{},11,0.5940000000409782,2026-09-13T03:27:52.316419+00:00
658,focused,orientation,orientation_recall_D4,5264,38944,0.6887792348861694,10.557345390319824,1,0.5,{},11,0.546000000089407,2026-09-13T03:27:52.864802+00:00
659,focused,motion_direction,motion_L2,5272,38984,0.7423972487449646,18.274391174316406,1,0.625,{},5,0.25,2026-09-13T03:27:53.122791+00:00
660,focused,orientation,orientation_recall_minimal,5280,39024,0.6127657294273376,7.342535018920898,1,0.75,{},5,0.2660000000614673,2026-09-13T03:27:53.392789+00:00
661,focused,motion_direction,motion_anchor,5288,39040,0.004366224631667137,0.10698343068361282,0,1.0,{},2,0.14000000013038516,2026-09-13T03:27:53.521213+00:00
662,focused,motion_direction,motion_L8,5296,39128,2.0000998973846436,203.8370819091797,1,0.25,{},11,0.5939999998081475,2026-09-13T03:27:54.125765+00:00
663,focused,orientation,orientation_recall_D4,5304,39216,0.704387903213501,1.8245534896850586,1,0.5,{},11,0.5630000000819564,2026-09-13T03:27:54.680034+00:00
664,focused,motion_direction,motion_L2,5312,39256,1.2481974363327026,182.77676391601562,1,0.375,{},5,0.2649999998975545,2026-09-13T03:27:54.943113+00:00
665,focused,orientation,orientation_recall_minimal,5320,39296,0.4031887650489807,8.719837188720703,1,1.0,{},5,0.2660000000614673,2026-09-13T03:27:55.209179+00:00
666,focused,motion_direction,motion_L8,5328,39384,1.1598846912384033,87.37472534179688,1,0.375,{},11,0.5940000000409782,2026-09-13T03:27:55.816689+00:00
667,focused,orientation,orientation_recall_D4,5336,39472,0.6818737983703613,12.820832252502441,1,0.625,{},11,0.5779999999795109,2026-09-13T03:27:56.384550+00:00
668,focused,motion_direction,motion_L2,5344,39512,0.7686997652053833,6.783055782318115,1,0.5,{},5,0.26500000013038516,2026-09-13T03:27:56.659895+00:00
669,focused,orientation,orientation_recall_minimal,5352,39552,0.6672829985618591,23.591215133666992,1,0.5,{},5,0.26599999982863665,2026-09-13T03:27:56.918756+00:00
670,focused,motion_direction,motion_L8,5360,39640,1.85696542263031,238.376220703125,1,0.25,{},11,0.5940000000409782,2026-09-13T03:27:57.515980+00:00
671,focused,orientation,orientation_anchor,5368,39656,0.00017635444237384945,0.01050998829305172,0,1.0,{},2,0.125,2026-09-13T03:27:57.636216+00:00
672,focused,orientation,orientation_recall_D4,5376,39744,0.6898419857025146,1.7169066667556763,1,0.5,{},11,0.5779999999795109,2026-09-13T03:27:58.209879+00:00
673,focused,motion_direction,motion_L2,5384,39784,1.8452699184417725,70.19879150390625,1,0.25,{},5,0.2809999999590218,2026-09-13T03:27:58.492157+00:00
674,focused,orientation,orientation_recall_minimal,5392,39824,0.3839901089668274,6.920657157897949,1,0.875,{},5,0.25,2026-09-13T03:27:58.754237+00:00
675,focused,motion_direction,motion_L8,5400,39912,1.473677158355713,19.305004119873047,1,0.375,{},11,0.5930000001098961,2026-09-13T03:27:59.361165+00:00
676,focused,orientation,orientation_recall_D4,5408,40000,0.6576681137084961,4.410727024078369,1,0.625,{},11,0.578999999910593,2026-09-13T03:27:59.931028+00:00
677,focused,motion_direction,motion_L2,5416,40040,1.657396674156189,128.06028747558594,1,0.25,{},5,0.2649999998975545,2026-09-13T03:28:00.197832+00:00
678,focused,orientation,orientation_recall_minimal,5424,40080,0.5759783387184143,5.106285095214844,1,0.75,{},5,0.2660000000614673,2026-09-13T03:28:00.474019+00:00
679,focused,motion_direction,motion_L8,5432,40168,1.3430172204971313,23.297605514526367,1,0.25,{},11,0.5629999998491257,2026-09-13T03:28:01.042837+00:00
680,focused,orientation,orientation_recall_D4,5440,40256,0.7429159879684448,22.250680923461914,1,0.5,{},11,0.5620000001508743,2026-09-13T03:28:01.604957+00:00
681,focused,motion_direction,motion_anchor,5448,40272,0.00711827352643013,0.398160845041275,0,1.0,{},2,0.10999999986961484,2026-09-13T03:28:01.723073+00:00
682,focused,motion_direction,motion_L2,5456,40312,0.7857422232627869,36.73348617553711,1,0.5,{},5,0.26599999982863665,2026-09-13T03:28:01.996103+00:00
683,focused,orientation,orientation_recall_minimal,5464,40352,0.822198748588562,8.801501274108887,1,0.5,{},5,0.25,2026-09-13T03:28:02.251945+00:00
684,focused,motion_direction,motion_L8,5472,40440,1.3683171272277832,23.02109718322754,1,0.25,{},11,0.6090000001713634,2026-09-13T03:28:02.856265+00:00
685,focused,orientation,orientation_recall_D4,5480,40528,0.6722086071968079,12.43794059753418,1,0.5,{},11,0.5629999998491257,2026-09-13T03:28:03.420499+00:00
686,focused,motion_direction,motion_L2,5488,40568,0.7500675916671753,8.284281730651855,1,0.75,{},5,0.2660000000614673,2026-09-13T03:28:03.679904+00:00
687,focused,orientation,orientation_recall_minimal,5496,40608,0.5229824185371399,2.4023685455322266,1,0.625,{},5,0.2649999998975545,2026-09-13T03:28:03.943119+00:00
688,focused,motion_direction,motion_L8,5504,40696,0.8464587926864624,60.67112350463867,1,0.625,{},11,0.5780000002123415,2026-09-13T03:28:04.525647+00:00
689,focused,orientation,orientation_recall_D4,5512,40784,0.636475682258606,3.1531050205230713,1,0.875,{},11,0.6409999998286366,2026-09-13T03:28:05.173029+00:00
690,focused,motion_direction,motion_L2,5520,40824,1.2332054376602173,98.92724609375,1,0.375,{},5,0.2809999999590218,2026-09-13T03:28:05.455086+00:00
691,focused,orientation,orientation_anchor,5528,40840,0.001231584814377129,0.04278692975640297,0,1.0,{},2,0.125,2026-09-13T03:28:05.573109+00:00
692,focused,orientation,orientation_recall_minimal,5536,40880,0.43282875418663025,6.912729263305664,1,0.875,{},5,0.2660000000614673,2026-09-13T03:28:05.837835+00:00
693,focused,motion_direction,motion_L8,5544,40968,1.0874509811401367,8.572525978088379,1,0.375,{},11,0.5779999999795109,2026-09-13T03:28:06.418227+00:00
694,focused,orientation,orientation_recall_D4,5552,41056,0.7168518304824829,0.9396950006484985,0,0.5,{},11,0.5779999999795109,2026-09-13T03:28:06.991099+00:00
695,focused,motion_direction,motion_L2,5560,41096,1.0445897579193115,27.085498809814453,1,0.375,{},5,0.25,2026-09-13T03:28:07.249797+00:00
696,focused,orientation,orientation_recall_minimal,5568,41136,0.5507749915122986,15.32422924041748,1,0.75,{},5,0.2660000000614673,2026-09-13T03:28:07.509166+00:00
697,focused,motion_direction,motion_L8,5576,41224,1.251368522644043,11.9207181930542,1,0.375,{},11,0.5930000001098961,2026-09-13T03:28:08.102215+00:00
698,focused,orientation,orientation_recall_D4,5584,41312,0.6737105250358582,3.1870319843292236,1,0.75,{},11,0.5470000000204891,2026-09-13T03:28:08.660124+00:00
699,focused,motion_direction,motion_L2,5592,41352,0.7695359587669373,5.170014381408691,1,0.625,{},5,0.28199999989010394,2026-09-13T03:28:08.930769+00:00
700,focused,orientation,orientation_recall_minimal,5600,41392,0.5175786018371582,8.173041343688965,1,0.875,{},5,0.2649999998975545,2026-09-13T03:28:09.198694+00:00
701,focused,motion_direction,motion_anchor,5608,41408,0.0012219978962093592,0.022400889545679092,0,1.0,{},2,0.125,2026-09-13T03:28:09.321986+00:00
702,focused,motion_direction,motion_L8,5616,41496,1.1916122436523438,21.416662216186523,1,0.375,{},11,0.5940000000409782,2026-09-13T03:28:09.916335+00:00
703,focused,orientation,orientation_recall_D4,5624,41584,0.7973345518112183,54.554222106933594,1,0.5,{},11,0.5779999999795109,2026-09-13T03:28:10.494029+00:00
704,focused,motion_direction,motion_L2,5632,41624,1.0263036489486694,116.50077056884766,1,0.375,{},5,0.2660000000614673,2026-09-13T03:28:10.760338+00:00
705,focused,orientation,orientation_recall_minimal,5640,41664,1.1460875272750854,58.87958908081055,1,0.25,"{""state_mean"": {""input_saturation"": 0.13046875, ""input_mean"": 0.15688349902629853, ""forget_saturation"": 0.5828125, ""forget_mean"": 0.889030921459198, ""output_saturation"": 0.00888671875, ""output_mean"": 0.4918240487575531, ""candidate_saturation"": 0.0791015625, ""state0_rms"": 0.351359161734581, ""state0_max"": 1.6885324001312256, ""state1_rms"": 0.14769243001937865, ""state1_max"": 0.6726668298244476}, ""state_peak"": {""state0_max"": 2.8762640953063965, ""state1_max"": 0.85129314661026}, ""early_representation_gradient_norm"": 0.004762374330312014, ""late_representation_gradient_norm"": 0.11935726553201675, ""core_gradient_norm"": 1.746947169303894, ""recurrent_gradient_rms"": 0.0015071837697178125, ""recurrent_gradient_median_abs"": 6.196110916789621e-05, ""current_gradient_fraction_below_adam_eps"": 0.0, ""effective_recurrent_relative_update"": 0.005174520891159773}",5,0.26500000013038516,2026-09-13T03:28:11.035636+00:00
706,focused,motion_direction,motion_L8,5648,41752,1.2412885427474976,112.97225952148438,1,0.375,{},11,0.5940000000409782,2026-09-13T03:28:11.646626+00:00
707,focused,orientation,orientation_recall_D4,5656,41840,0.8365476131439209,41.81979751586914,1,0.375,{},11,0.5629999998491257,2026-09-13T03:28:12.218050+00:00
708,focused,motion_direction,motion_L2,5664,41880,0.7409822940826416,1.246087670326233,1,0.5,{},5,0.26500000013038516,2026-09-13T03:28:12.486653+00:00
709,focused,orientation,orientation_recall_minimal,5672,41920,0.5738034248352051,4.868353366851807,1,0.75,{},5,0.26599999982863665,2026-09-13T03:28:12.745622+00:00
710,focused,motion_direction,motion_L8,5680,42008,0.9576526284217834,8.714250564575195,1,0.625,{},11,0.5940000000409782,2026-09-13T03:28:13.341525+00:00
711,focused,orientation,orientation_anchor,5688,42024,0.01040240004658699,0.6329383254051208,0,1.0,{},2,0.125,2026-09-13T03:28:13.458679+00:00
712,focused,orientation,orientation_recall_D4,5696,42112,0.6718156337738037,1.9546923637390137,1,0.625,{},11,0.5470000000204891,2026-09-13T03:28:14.018887+00:00
713,focused,motion_direction,motion_L2,5704,42152,1.3282191753387451,70.76480102539062,1,0.25,{},5,0.2809999999590218,2026-09-13T03:28:14.287139+00:00
714,focused,orientation,orientation_recall_minimal,5712,42192,0.6090141534805298,3.4396307468414307,1,0.875,{},5,0.25,2026-09-13T03:28:14.544609+00:00
715,focused,motion_direction,motion_L8,5720,42280,1.2986754179000854,11.699913024902344,1,0.25,{},11,0.5779999999795109,2026-09-13T03:28:15.126218+00:00
716,focused,orientation,orientation_recall_D4,5728,42368,0.6891310214996338,2.029129981994629,1,0.625,{},11,0.5630000000819564,2026-09-13T03:28:15.683816+00:00
717,focused,motion_direction,motion_L2,5736,42408,1.5163991451263428,54.75518035888672,1,0.25,{},5,0.2649999998975545,2026-09-13T03:28:15.950307+00:00
718,focused,orientation,orientation_recall_minimal,5744,42448,0.6227554678916931,12.619091033935547,1,0.625,{},5,0.25,2026-09-13T03:28:16.207934+00:00
719,focused,motion_direction,motion_L8,5752,42536,0.800906240940094,7.752372741699219,1,0.625,{},11,0.5620000001508743,2026-09-13T03:28:16.787914+00:00
720,focused,orientation,orientation_recall_D4,5760,42624,0.6869315505027771,1.300769329071045,1,0.5,{},11,0.5470000000204891,2026-09-13T03:28:17.345250+00:00
721,focused,motion_direction,motion_anchor,5768,42640,0.020608864724636078,1.5316288471221924,1,1.0,{},2,0.14000000013038516,2026-09-13T03:28:17.480378+00:00
722,focused,motion_direction,motion_L2,5776,42680,0.8540411591529846,42.76749038696289,1,0.625,{},5,0.26599999982863665,2026-09-13T03:28:17.749191+00:00
723,focused,orientation,orientation_recall_minimal,5784,42720,0.5875970721244812,5.740641117095947,1,0.875,{},5,0.2660000000614673,2026-09-13T03:28:18.017182+00:00
724,focused,motion_direction,motion_L8,5792,42808,1.4968708753585815,28.47554588317871,1,0.25,{},11,0.5930000001098961,2026-09-13T03:28:18.602998+00:00
725,focused,orientation,orientation_recall_D4,5800,42896,0.6713707447052002,4.8613739013671875,1,0.625,{},11,0.6409999998286366,2026-09-13T03:28:19.243178+00:00
726,focused,motion_direction,motion_L2,5808,42936,1.0201741456985474,6.827844619750977,1,0.75,{},5,0.2660000000614673,2026-09-13T03:28:19.518376+00:00
727,focused,orientation,orientation_recall_minimal,5816,42976,0.5591023564338684,3.9009275436401367,1,0.75,{},5,0.2970000000204891,2026-09-13T03:28:19.815325+00:00
728,focused,motion_direction,motion_L8,5824,43064,1.1090455055236816,13.726823806762695,1,0.5,{},11,0.6089999999385327,2026-09-13T03:28:20.425389+00:00
729,focused,orientation,orientation_recall_D4,5832,43152,0.674555778503418,8.67673110961914,1,0.625,{},11,0.5779999999795109,2026-09-13T03:28:20.996286+00:00
730,focused,motion_direction,motion_L2,5840,43192,0.7661303281784058,11.222884178161621,1,0.5,{},5,0.2660000000614673,2026-09-13T03:28:21.266310+00:00
731,focused,orientation,orientation_anchor,5848,43208,0.0005924102733843029,0.015133826062083244,0,1.0,{},2,0.125,2026-09-13T03:28:21.384653+00:00
732,focused,orientation,orientation_recall_minimal,5856,43248,0.45817071199417114,1.159591794013977,1,0.875,{},5,0.25,2026-09-13T03:28:21.644826+00:00
733,focused,motion_direction,motion_L8,5864,43336,1.958390235900879,40.59893035888672,1,0.125,{},11,0.6089999999385327,2026-09-13T03:28:22.244322+00:00
734,focused,orientation,orientation_recall_D4,5872,43424,0.7561578750610352,16.189533233642578,1,0.375,{},11,0.5779999999795109,2026-09-13T03:28:22.820365+00:00
735,focused,motion_direction,motion_L2,5880,43464,0.7912278175354004,31.00698471069336,1,0.5,{},5,0.375,2026-09-13T03:28:23.193384+00:00
736,focused,orientation,orientation_recall_minimal,5888,43504,0.6593876481056213,26.00480842590332,1,0.625,{},5,0.28100000019185245,2026-09-13T03:28:23.485937+00:00
737,focused,motion_direction,motion_L8,5896,43592,0.9510525465011597,21.678468704223633,1,0.5,{},11,0.6099999998696148,2026-09-13T03:28:24.097188+00:00
738,focused,orientation,orientation_recall_D4,5904,43680,0.7226113080978394,2.8411760330200195,1,0.5,{},11,0.5940000000409782,2026-09-13T03:28:24.678136+00:00
739,focused,motion_direction,motion_L2,5912,43720,0.7511014938354492,29.384151458740234,1,0.5,{},5,0.2809999999590218,2026-09-13T03:28:24.960275+00:00
740,focused,orientation,orientation_recall_minimal,5920,43760,0.5032859444618225,2.628596782684326,1,0.75,{},5,0.25,2026-09-13T03:28:25.224062+00:00
741,focused,motion_direction,motion_anchor,5928,43776,0.07888579368591309,8.306132316589355,1,1.0,{},2,0.125,2026-09-13T03:28:25.351191+00:00
742,focused,motion_direction,motion_L8,5936,43864,0.8824256062507629,13.996445655822754,1,0.625,{},11,0.5939999998081475,2026-09-13T03:28:25.949813+00:00
743,focused,orientation,orientation_recall_D4,5944,43952,0.7101998925209045,10.711066246032715,1,0.5,{},11,0.5630000000819564,2026-09-13T03:28:26.514486+00:00
744,focused,motion_direction,motion_L2,5952,43992,0.7523986101150513,3.356616973876953,1,0.75,{},5,0.26500000013038516,2026-09-13T03:28:26.778049+00:00
745,focused,orientation,orientation_recall_minimal,5960,44032,0.5386825799942017,11.388314247131348,1,0.75,{},5,0.26599999982863665,2026-09-13T03:28:27.048499+00:00
746,focused,motion_direction,motion_L8,5968,44120,1.5485689640045166,40.098384857177734,1,0.375,{},11,0.6090000001713634,2026-09-13T03:28:27.650034+00:00
747,focused,orientation,orientation_recall_D4,5976,44208,0.7391677498817444,4.281501770019531,1,0.375,{},11,0.7349999998696148,2026-09-13T03:28:28.391550+00:00
748,focused,motion_direction,motion_L2,5984,44248,0.7589750289916992,19.1658878326416,1,0.625,{},5,0.4529999999795109,2026-09-13T03:28:28.848126+00:00
749,focused,orientation,orientation_recall_minimal,5992,44288,0.382836252450943,5.74249267578125,1,1.0,{},5,0.35999999986961484,2026-09-13T03:28:29.222337+00:00
750,focused,motion_direction,motion_L8,6000,44376,1.0576696395874023,21.152301788330078,1,0.5,{},11,0.6870000001508743,2026-09-13T03:28:29.908858+00:00
751,focused,orientation,orientation_anchor,6008,44392,0.012080478481948376,0.5256090760231018,0,1.0,{},2,0.14099999982863665,2026-09-13T03:28:30.045598+00:00
752,focused,orientation,orientation_recall_D4,6016,44480,0.6717776656150818,15.47931957244873,1,0.375,{},11,0.6870000001508743,2026-09-13T03:28:30.729508+00:00
753,focused,motion_direction,motion_L2,6024,44520,0.726474404335022,8.09314250946045,1,0.625,{},5,0.32899999991059303,2026-09-13T03:28:31.058518+00:00
754,focused,orientation,orientation_recall_minimal,6032,44560,0.410845547914505,10.098063468933105,1,0.875,{},5,0.34300000010989606,2026-09-13T03:28:31.411305+00:00
755,focused,motion_direction,motion_L8,6040,44648,1.8676577806472778,59.526737213134766,1,0.375,{},11,0.6720000000204891,2026-09-13T03:28:32.086377+00:00
756,focused,orientation,orientation_recall_D4,6048,44736,0.7125749588012695,5.745203971862793,1,0.375,{},11,0.6720000000204891,2026-09-13T03:28:32.766675+00:00
757,focused,motion_direction,motion_L2,6056,44776,0.7379236221313477,6.05094575881958,1,0.5,{},5,0.3589999999385327,2026-09-13T03:28:33.124256+00:00
758,focused,orientation,orientation_recall_minimal,6064,44816,0.4863470196723938,5.061862945556641,1,0.75,{},5,0.35900000017136335,2026-09-13T03:28:33.481330+00:00
759,focused,motion_direction,motion_L8,6072,44904,1.1539618968963623,18.72988510131836,1,0.25,{},11,0.6720000000204891,2026-09-13T03:28:34.155326+00:00
760,focused,orientation,orientation_recall_D4,6080,44992,0.6788648366928101,1.4151667356491089,1,0.625,{},11,0.625,2026-09-13T03:28:34.780387+00:00
761,focused,motion_direction,motion_anchor,6088,45008,0.004706752952188253,0.5770060420036316,0,1.0,{},2,0.15699999989010394,2026-09-13T03:28:34.927204+00:00
762,focused,motion_direction,motion_L2,6096,45048,0.7149681448936462,1.6070998907089233,1,0.375,{},5,0.3279999999795109,2026-09-13T03:28:35.264981+00:00
763,focused,orientation,orientation_recall_minimal,6104,45088,0.49101507663726807,54.236480712890625,1,0.75,{},5,0.3279999999795109,2026-09-13T03:28:35.586433+00:00
764,focused,motion_direction,motion_L8,6112,45176,1.593214750289917,104.06439208984375,1,0.25,{},11,0.7029999999795109,2026-09-13T03:28:36.294604+00:00
765,focused,orientation,orientation_recall_D4,6120,45264,0.622782289981842,3.7887911796569824,1,0.5,{},11,0.6559999999590218,2026-09-13T03:28:36.951941+00:00
766,focused,motion_direction,motion_L2,6128,45304,0.8644629120826721,128.01487731933594,1,0.375,{},5,0.375,2026-09-13T03:28:37.322096+00:00
767,focused,orientation,orientation_recall_minimal,6136,45344,0.6894345283508301,3.9983456134796143,1,0.625,{},5,0.3440000000409782,2026-09-13T03:28:37.670942+00:00
768,focused,motion_direction,motion_L8,6144,45432,1.2727329730987549,56.12862777709961,1,0.625,{},11,0.7340000001713634,2026-09-13T03:28:38.411658+00:00
769,focused,orientation,orientation_recall_D4,6152,45520,0.7336740493774414,26.35487937927246,1,0.5,"{""state_mean"": {""input_saturation"": 0.12411221590909091, ""input_mean"": 0.15741798958995126, ""forget_saturation"": 0.6352095170454546, ""forget_mean"": 0.8981930017471313, ""output_saturation"": 0.007191051136363636, ""output_mean"": 0.4917446185242046, ""candidate_saturation"": 0.07315340909090909, ""state0_rms"": 0.9039851156148043, ""state0_max"": 4.238428327170285, ""state1_rms"": 0.2530697259035977, ""state1_max"": 0.8782200190153989}, ""state_peak"": {""state0_max"": 7.772797584533691, ""state1_max"": 0.9643388986587524}, ""early_representation_gradient_norm"": 0.0010111788287758827, ""late_representation_gradient_norm"": 0.07870670408010483, ""core_gradient_norm"": 0.8086937069892883, ""recurrent_gradient_rms"": 0.0007928198319859803, ""recurrent_gradient_median_abs"": 4.466366226552054e-05, ""current_gradient_fraction_below_adam_eps"": 3.814697265625e-06, ""effective_recurrent_relative_update"": 0.005043509881943464}",11,0.6559999999590218,2026-09-13T03:28:39.168263+00:00
770,focused,motion_direction,motion_L2,6160,45560,1.042317509651184,47.516239166259766,1,0.5,{},5,0.35900000017136335,2026-09-13T03:28:39.527961+00:00
771,focused,orientation,orientation_anchor,6168,45576,0.003155035898089409,0.08696622401475906,0,1.0,{},2,0.15699999989010394,2026-09-13T03:28:39.689650+00:00
772,focused,orientation,orientation_recall_minimal,6176,45616,0.3476443290710449,30.863325119018555,1,0.875,{},5,0.3119999999180436,2026-09-13T03:28:39.994345+00:00
773,focused,motion_direction,motion_L8,6184,45704,1.3531694412231445,25.525753021240234,1,0.5,{},11,0.6720000000204891,2026-09-13T03:28:40.669892+00:00
774,focused,orientation,orientation_recall_D4,6192,45792,0.6828101873397827,10.9603271484375,1,0.5,{},11,0.625,2026-09-13T03:28:41.302071+00:00
775,focused,motion_direction,motion_L2,6200,45832,0.7618855237960815,19.37558364868164,1,0.75,{},5,0.29600000008940697,2026-09-13T03:28:41.614231+00:00
776,focused,orientation,orientation_recall_minimal,6208,45872,0.5704879760742188,8.030102729797363,1,0.75,{},5,0.3130000000819564,2026-09-13T03:28:41.930267+00:00
777,focused,motion_direction,motion_L8,6216,45960,0.8756936192512512,65.44866180419922,1,0.75,{},11,0.671000000089407,2026-09-13T03:28:42.613604+00:00
778,focused,orientation,orientation_recall_D4,6224,46048,0.9370794892311096,66.06060028076172,1,0.25,{},11,0.6409999998286366,2026-09-13T03:28:43.253585+00:00
779,focused,motion_direction,motion_L2,6232,46088,0.7644301652908325,30.72743034362793,1,0.625,{},5,0.2970000000204891,2026-09-13T03:28:43.543532+00:00
780,focused,orientation,orientation_recall_minimal,6240,46128,0.4292970299720764,2.4618685245513916,1,0.875,{},5,0.31200000015087426,2026-09-13T03:28:43.856217+00:00
781,focused,motion_direction,motion_anchor,6248,46144,0.07850634306669235,12.489619255065918,1,1.0,{},2,0.14099999982863665,2026-09-13T03:28:44.003134+00:00
782,focused,motion_direction,motion_L8,6256,46232,0.9963566660881042,42.838932037353516,1,0.5,{},11,0.6720000000204891,2026-09-13T03:28:44.672386+00:00
783,focused,orientation,orientation_recall_D4,6264,46320,0.6705446839332581,11.098133087158203,1,0.5,{},11,0.5779999999795109,2026-09-13T03:28:45.246548+00:00
784,focused,motion_direction,motion_L2,6272,46360,0.8718057870864868,121.84616088867188,1,0.375,{},5,0.28100000019185245,2026-09-13T03:28:45.524405+00:00
785,focused,orientation,orientation_recall_minimal,6280,46400,0.41954505443573,5.613595008850098,1,0.875,{},5,0.25,2026-09-13T03:28:45.782855+00:00
786,focused,motion_direction,motion_L8,6288,46488,1.2536851167678833,25.71724510192871,1,0.625,{},11,0.5779999999795109,2026-09-13T03:28:46.362277+00:00
787,focused,orientation,orientation_recall_D4,6296,46576,0.6666595339775085,4.696685791015625,1,0.625,{},11,0.5629999998491257,2026-09-13T03:28:46.922615+00:00
788,focused,motion_direction,motion_L2,6304,46616,0.7543070316314697,28.63799285888672,1,0.5,{},5,0.2660000000614673,2026-09-13T03:28:47.192650+00:00
789,focused,orientation,orientation_recall_minimal,6312,46656,0.3379078805446625,31.2845401763916,1,0.875,{},5,0.25,2026-09-13T03:28:47.453178+00:00
790,focused,motion_direction,motion_L8,6320,46744,1.1248650550842285,21.69289779663086,1,0.125,{},11,0.5780000002123415,2026-09-13T03:28:48.029040+00:00
791,focused,orientation,orientation_anchor,6328,46760,0.000490610022097826,0.019733648747205734,0,1.0,{},2,0.10999999986961484,2026-09-13T03:28:48.144246+00:00
792,focused,orientation,orientation_recall_D4,6336,46848,0.6356503367424011,7.269001007080078,1,0.625,{},11,0.5779999999795109,2026-09-13T03:28:48.712639+00:00
793,focused,motion_direction,motion_L2,6344,46888,0.8064234256744385,40.2855110168457,1,0.5,{},5,0.26500000013038516,2026-09-13T03:28:48.984739+00:00
794,focused,orientation,orientation_recall_minimal,6352,46928,0.549885630607605,40.775699615478516,1,0.75,{},5,0.26599999982863665,2026-09-13T03:28:49.246692+00:00
795,focused,motion_direction,motion_L8,6360,47016,0.8802390694618225,65.89625549316406,1,0.5,{},11,0.5779999999795109,2026-09-13T03:28:49.823773+00:00
796,focused,orientation,orientation_recall_D4,6368,47104,0.7036117315292358,29.6591796875,1,0.5,{},11,0.5780000002123415,2026-09-13T03:28:50.399392+00:00
797,focused,motion_direction,motion_L2,6376,47144,0.7450985908508301,12.000760078430176,1,0.5,{},5,0.28199999989010394,2026-09-13T03:28:50.684379+00:00
798,focused,orientation,orientation_recall_minimal,6384,47184,0.5917166471481323,18.49367904663086,1,0.75,{},5,0.2809999999590218,2026-09-13T03:28:50.973865+00:00
799,focused,motion_direction,motion_L8,6392,47272,1.5612081289291382,62.4484748840332,1,0.25,{},11,0.578999999910593,2026-09-13T03:28:51.566482+00:00
800,focused,orientation,orientation_recall_D4,6400,47360,0.7691100239753723,45.12273406982422,1,0.375,{},11,0.5619999999180436,2026-09-13T03:28:52.132081+00:00
801,focused,motion_direction,motion_anchor,6408,47376,0.003035000991076231,0.17949950695037842,0,1.0,{},2,0.125,2026-09-13T03:28:52.258034+00:00
802,focused,motion_direction,motion_L2,6416,47416,1.138939619064331,145.91213989257812,1,0.375,{},5,0.2809999999590218,2026-09-13T03:28:52.547180+00:00
803,focused,orientation,orientation_recall_minimal,6424,47456,0.38590019941329956,18.58138656616211,1,0.875,{},5,0.2809999999590218,2026-09-13T03:28:52.828375+00:00
804,focused,motion_direction,motion_L8,6432,47544,1.3305270671844482,61.77699279785156,1,0.375,{},11,0.6410000000614673,2026-09-13T03:28:53.468715+00:00
805,focused,orientation,orientation_recall_D4,6440,47632,0.5998129844665527,8.911835670471191,1,0.625,{},11,0.5940000000409782,2026-09-13T03:28:54.065971+00:00
806,focused,motion_direction,motion_L2,6448,47672,0.8642275333404541,54.25525665283203,1,0.625,{},5,0.29600000008940697,2026-09-13T03:28:54.354147+00:00
807,focused,orientation,orientation_recall_minimal,6456,47712,0.36093205213546753,9.492362022399902,1,0.875,{},5,0.26599999982863665,2026-09-13T03:28:54.619457+00:00
808,focused,motion_direction,motion_L8,6464,47800,1.540422797203064,12.817797660827637,1,0.25,{},11,0.625,2026-09-13T03:28:55.244742+00:00
809,focused,orientation,orientation_recall_D4,6472,47888,0.6804050207138062,22.773292541503906,1,0.625,{},11,0.5779999999795109,2026-09-13T03:28:55.820678+00:00
810,focused,motion_direction,motion_L2,6480,47928,0.7310206890106201,0.993137538433075,0,0.625,{},5,0.2660000000614673,2026-09-13T03:28:56.093268+00:00
811,focused,orientation,orientation_anchor,6488,47944,0.001058399211615324,0.03748888149857521,0,1.0,{},2,0.125,2026-09-13T03:28:56.222579+00:00
812,focused,orientation,orientation_recall_minimal,6496,47984,0.7274621725082397,3.4902400970458984,1,0.5,{},5,0.2809999999590218,2026-09-13T03:28:56.495155+00:00
813,focused,motion_direction,motion_L8,6504,48072,1.1106112003326416,13.888143539428711,1,0.625,{},11,0.5779999999795109,2026-09-13T03:28:57.078340+00:00
814,focused,orientation,orientation_recall_D4,6512,48160,0.6369357705116272,31.743257522583008,1,0.75,{},11,0.5940000000409782,2026-09-13T03:28:57.669631+00:00
815,focused,motion_direction,motion_L2,6520,48200,0.7188656330108643,16.253618240356445,1,0.625,{},5,0.2970000000204891,2026-09-13T03:28:57.970607+00:00
816,focused,orientation,orientation_recall_minimal,6528,48240,0.5365418791770935,4.850557327270508,1,0.875,{},5,0.2809999999590218,2026-09-13T03:28:58.250250+00:00
817,focused,motion_direction,motion_L8,6536,48328,1.4253960847854614,42.73916244506836,1,0.25,{},11,0.5940000000409782,2026-09-13T03:28:58.846324+00:00
818,focused,orientation,orientation_recall_D4,6544,48416,0.6114067435264587,24.419485092163086,1,0.625,{},11,0.5779999999795109,2026-09-13T03:28:59.418755+00:00
819,focused,motion_direction,motion_L2,6552,48456,0.6762579679489136,5.399984836578369,1,0.625,{},5,0.2809999999590218,2026-09-13T03:28:59.697341+00:00
820,focused,orientation,orientation_recall_minimal,6560,48496,0.5999308228492737,13.308850288391113,1,0.75,{},5,0.2660000000614673,2026-09-13T03:28:59.966173+00:00
821,focused,motion_direction,motion_anchor,6568,48512,0.003444945439696312,0.2219565063714981,0,1.0,{},2,0.125,2026-09-13T03:29:00.097217+00:00
822,focused,motion_direction,motion_L8,6576,48600,1.5459628105163574,17.953536987304688,1,0.375,{},11,0.6089999999385327,2026-09-13T03:29:00.702198+00:00
823,focused,orientation,orientation_recall_D4,6584,48688,0.687487781047821,12.705185890197754,1,0.625,{},11,0.5780000002123415,2026-09-13T03:29:01.281653+00:00
824,focused,motion_direction,motion_L2,6592,48728,1.1487171649932861,127.41963195800781,1,0.375,{},5,0.26599999982863665,2026-09-13T03:29:01.551188+00:00
825,focused,orientation,orientation_recall_minimal,6600,48768,0.5823974609375,23.85024642944336,1,0.875,{},5,0.2660000000614673,2026-09-13T03:29:01.816712+00:00
826,focused,motion_direction,motion_L8,6608,48856,0.9675572514533997,29.0711669921875,1,0.375,{},11,0.6089999999385327,2026-09-13T03:29:02.415666+00:00
827,focused,orientation,orientation_recall_D4,6616,48944,0.7437576055526733,35.91918182373047,1,0.375,{},11,0.5620000001508743,2026-09-13T03:29:02.984132+00:00
828,focused,motion_direction,motion_L2,6624,48984,1.2469974756240845,76.71034240722656,1,0.375,{},5,0.28199999989010394,2026-09-13T03:29:03.261567+00:00
829,focused,orientation,orientation_recall_minimal,6632,49024,0.5365967750549316,23.716636657714844,1,0.75,{},5,0.26500000013038516,2026-09-13T03:29:03.534432+00:00
830,focused,motion_direction,motion_L8,6640,49112,1.1935639381408691,43.574440002441406,1,0.375,{},11,0.6099999998696148,2026-09-13T03:29:04.133599+00:00
831,focused,orientation,orientation_anchor,6648,49128,0.005783160217106342,0.20863544940948486,0,1.0,{},2,0.125,2026-09-13T03:29:04.256755+00:00
832,focused,orientation,orientation_recall_D4,6656,49216,0.4777085483074188,26.587230682373047,1,0.75,{},11,0.5619999999180436,2026-09-13T03:29:04.824871+00:00
833,focused,motion_direction,motion_L2,6664,49256,0.6621204614639282,2.034926414489746,1,0.875,"{""state_mean"": {""input_saturation"": 0.08037109375, ""input_mean"": 0.1585623800754547, ""forget_saturation"": 0.59248046875, ""forget_mean"": 0.9110496520996094, ""output_saturation"": 0.0064453125, ""output_mean"": 0.4876004457473755, ""candidate_saturation"": 0.08486328125, ""state0_rms"": 0.3482328921556473, ""state0_max"": 1.2809932708740235, ""state1_rms"": 0.19688581824302673, ""state1_max"": 0.7389269232749939}, ""state_peak"": {""state0_max"": 1.9002087116241455, ""state1_max"": 0.9165112972259521}, ""early_representation_gradient_norm"": 0.002430528635159135, ""late_representation_gradient_norm"": 0.004657539539039135, ""core_gradient_norm"": 0.3299257755279541, ""recurrent_gradient_rms"": 0.00020809510897379369, ""recurrent_gradient_median_abs"": 8.716639968042728e-06, ""current_gradient_fraction_below_adam_eps"": 1.9073486328125e-05, ""effective_recurrent_relative_update"": 0.005434955935925245}",5,0.4380000000819564,2026-09-13T03:29:05.269085+00:00
834,focused,orientation,orientation_recall_minimal,6672,49296,0.4163861870765686,16.622676849365234,1,0.875,{},5,0.5779999999795109,2026-09-13T03:29:05.845434+00:00
835,focused,motion_direction,motion_L8,6680,49384,1.2407500743865967,73.31578063964844,1,0.375,{},11,0.7029999999795109,2026-09-13T03:29:06.542664+00:00
836,focused,orientation,orientation_recall_D4,6688,49472,0.8363634347915649,79.57489013671875,1,0.5,{},11,0.6720000000204891,2026-09-13T03:29:07.217247+00:00
837,focused,motion_direction,motion_L2,6696,49512,0.6702719330787659,4.950122356414795,1,0.75,{},5,0.31200000015087426,2026-09-13T03:29:07.531132+00:00
838,focused,orientation,orientation_recall_minimal,6704,49552,0.7346736788749695,38.239383697509766,1,0.75,{},5,0.34399999980814755,2026-09-13T03:29:07.879714+00:00
839,focused,motion_direction,motion_L8,6712,49640,1.5703123807907104,30.467668533325195,1,0.25,{},11,0.7029999999795109,2026-09-13T03:29:08.593107+00:00
840,focused,orientation,orientation_recall_D4,6720,49728,0.7221416234970093,3.050112009048462,1,0.5,{},11,0.6559999999590218,2026-09-13T03:29:09.251085+00:00
841,focused,motion_direction,motion_anchor,6728,49744,0.09504324197769165,12.555961608886719,1,0.875,{},2,0.15600000019185245,2026-09-13T03:29:09.405005+00:00
842,focused,motion_direction,motion_L2,6736,49784,1.5214450359344482,55.209049224853516,1,0.25,{},5,0.29699999978765845,2026-09-13T03:29:09.704441+00:00
843,focused,orientation,orientation_recall_minimal,6744,49824,0.6167206168174744,23.026954650878906,1,0.625,{},5,0.2970000000204891,2026-09-13T03:29:10.004700+00:00
844,focused,motion_direction,motion_L8,6752,49912,1.1133629083633423,4.204992294311523,1,0.375,{},11,0.625,2026-09-13T03:29:10.635362+00:00
845,focused,orientation,orientation_recall_D4,6760,50000,0.6560907363891602,8.337746620178223,1,0.75,{},11,0.625,2026-09-13T03:29:11.269116+00:00
846,focused,motion_direction,motion_L2,6768,50040,1.0267963409423828,14.056153297424316,1,0.375,{},5,0.3279999999795109,2026-09-13T03:29:11.591886+00:00
847,focused,orientation,orientation_recall_minimal,6776,50080,0.4978943467140198,11.817681312561035,1,0.75,{},5,0.2809999999590218,2026-09-13T03:29:11.879730+00:00
848,focused,motion_direction,motion_L8,6784,50168,0.9629430770874023,13.878994941711426,1,0.375,{},11,0.6559999999590218,2026-09-13T03:29:12.539566+00:00
849,focused,orientation,orientation_recall_D4,6792,50256,0.729128897190094,44.00621032714844,1,0.5,{},11,0.7660000000614673,2026-09-13T03:29:13.315289+00:00
850,focused,motion_direction,motion_L2,6800,50296,0.6884739398956299,8.893241882324219,1,0.5,{},5,0.3119999999180436,2026-09-13T03:29:13.614947+00:00
851,focused,orientation,orientation_anchor,6808,50312,0.002495952183380723,0.16944000124931335,0,1.0,{},2,0.125,2026-09-13T03:29:13.743434+00:00
852,focused,orientation,orientation_recall_minimal,6816,50352,0.7176586985588074,30.328493118286133,1,0.5,{},5,0.3130000000819564,2026-09-13T03:29:14.062493+00:00
853,focused,motion_direction,motion_L8,6824,50440,2.282127618789673,68.96511840820312,1,0.375,{},11,0.8899999998975545,2026-09-13T03:29:14.946913+00:00
854,focused,orientation,orientation_recall_D4,6832,50528,0.9554813504219055,57.193115234375,1,0.5,{},11,0.8440000000409782,2026-09-13T03:29:15.802388+00:00
855,focused,motion_direction,motion_L2,6840,50568,0.8777925372123718,59.70276641845703,1,0.5,{},5,0.546000000089407,2026-09-13T03:29:16.355863+00:00
856,focused,orientation,orientation_recall_minimal,6848,50608,0.45790451765060425,6.805622577667236,1,0.875,{},5,0.39099999982863665,2026-09-13T03:29:16.750567+00:00
857,focused,motion_direction,motion_L8,6856,50696,0.9486929774284363,16.250036239624023,1,0.5,{},11,0.8590000001713634,2026-09-13T03:29:17.613922+00:00
858,focused,orientation,orientation_recall_D4,6864,50784,0.7532188892364502,20.795490264892578,1,0.5,{},11,0.8440000000409782,2026-09-13T03:29:18.463748+00:00
859,focused,motion_direction,motion_L2,6872,50824,0.8808625340461731,45.19370651245117,1,0.625,{},5,0.5779999999795109,2026-09-13T03:29:19.046070+00:00
860,focused,orientation,orientation_recall_minimal,6880,50864,0.3274783790111542,10.795110702514648,1,1.0,{},5,0.48400000017136335,2026-09-13T03:29:19.529478+00:00
861,focused,motion_direction,motion_anchor,6888,50880,0.005324405152350664,0.31159186363220215,0,1.0,{},2,0.3279999999795109,2026-09-13T03:29:19.862933+00:00
862,focused,motion_direction,motion_L8,6896,50968,1.0595693588256836,10.780282020568848,1,0.25,{},11,1.1099999998696148,2026-09-13T03:29:20.969544+00:00
863,focused,orientation,orientation_recall_D4,6904,51056,0.7416216731071472,23.731897354125977,1,0.5,{},11,1.0150000001303852,2026-09-13T03:29:21.990206+00:00
864,focused,motion_direction,motion_L2,6912,51096,1.254467248916626,84.9236068725586,1,0.375,{},5,0.6410000000614673,2026-09-13T03:29:22.640353+00:00
865,focused,orientation,orientation_recall_minimal,6920,51136,0.5875630974769592,18.384483337402344,1,0.75,{},5,0.46800000010989606,2026-09-13T03:29:23.106673+00:00
866,focused,motion_direction,motion_L8,6928,51224,1.2061889171600342,20.402118682861328,1,0.25,{},11,0.9069999998901039,2026-09-13T03:29:24.016724+00:00
867,focused,orientation,orientation_recall_D4,6936,51312,0.7228268384933472,11.549888610839844,1,0.375,{},11,0.875,2026-09-13T03:29:24.890471+00:00
868,focused,motion_direction,motion_L2,6944,51352,0.8308138251304626,24.762496948242188,1,0.5,{},5,0.4220000000204891,2026-09-13T03:29:25.312034+00:00
869,focused,orientation,orientation_recall_minimal,6952,51392,0.49735933542251587,2.323045253753662,1,0.75,{},5,0.3899999998975545,2026-09-13T03:29:25.694486+00:00
870,focused,motion_direction,motion_L8,6960,51480,1.334470272064209,26.47696304321289,1,0.125,{},11,1.0,2026-09-13T03:29:26.706759+00:00
871,focused,orientation,orientation_anchor,6968,51496,0.0002573515521362424,0.008955714292824268,0,1.0,{},2,0.2190000000409782,2026-09-13T03:29:26.919104+00:00
872,focused,orientation,orientation_recall_D4,6976,51584,0.6340199112892151,6.827600479125977,1,0.75,{},11,0.8440000000409782,2026-09-13T03:29:27.771210+00:00
873,focused,motion_direction,motion_L2,6984,51624,0.6839247345924377,3.4265177249908447,1,0.875,{},5,0.46899999980814755,2026-09-13T03:29:28.245708+00:00
874,focused,orientation,orientation_recall_minimal,6992,51664,0.3664056062698364,7.520185947418213,1,1.0,{},5,0.4690000000409782,2026-09-13T03:29:28.721296+00:00
875,focused,motion_direction,motion_L8,7000,51752,0.8965190649032593,22.2557373046875,1,0.25,{},11,0.875,2026-09-13T03:29:29.600290+00:00
876,focused,orientation,orientation_recall_D4,7008,51840,0.5973705649375916,2.301872730255127,1,0.75,{},11,0.8439999998081475,2026-09-13T03:29:30.450099+00:00
877,focused,motion_direction,motion_L2,7016,51880,0.9449484348297119,75.0360336303711,1,0.375,{},5,0.5,2026-09-13T03:29:30.947533+00:00
878,focused,orientation,orientation_recall_minimal,7024,51920,0.2758401334285736,18.62337875366211,1,1.0,{},5,0.40600000019185245,2026-09-13T03:29:31.356936+00:00
879,focused,motion_direction,motion_L8,7032,52008,1.6897759437561035,30.338621139526367,1,0.625,{},11,0.9220000000204891,2026-09-13T03:29:32.283557+00:00
880,focused,orientation,orientation_recall_D4,7040,52096,0.6565999388694763,4.574843883514404,1,0.75,{},11,1.031999999890104,2026-09-13T03:29:33.305538+00:00
881,focused,motion_direction,motion_anchor,7048,52112,0.0027253939770162106,0.19468404352664948,0,1.0,{},2,0.2809999999590218,2026-09-13T03:29:33.585765+00:00
882,focused,motion_direction,motion_L2,7056,52152,0.6709767580032349,5.8785552978515625,1,0.625,{},5,0.5150000001303852,2026-09-13T03:29:34.105904+00:00
883,focused,orientation,orientation_recall_minimal,7064,52192,0.6165125370025635,19.9274845123291,1,0.625,{},5,0.45399999991059303,2026-09-13T03:29:34.566545+00:00
884,focused,motion_direction,motion_L8,7072,52280,0.9848889708518982,48.73965835571289,1,0.5,{},11,0.875,2026-09-13T03:29:35.431257+00:00
885,focused,orientation,orientation_recall_D4,7080,52368,0.631426990032196,48.0008544921875,1,0.625,{},11,0.6869999999180436,2026-09-13T03:29:36.121660+00:00
886,focused,motion_direction,motion_L2,7088,52408,1.0430973768234253,61.77033615112305,1,0.625,{},5,0.35900000017136335,2026-09-13T03:29:36.476399+00:00
887,focused,orientation,orientation_recall_minimal,7096,52448,0.5971577763557434,56.908355712890625,1,0.75,{},5,0.34399999980814755,2026-09-13T03:29:36.819525+00:00
888,focused,motion_direction,motion_L8,7104,52536,1.3055481910705566,22.55902671813965,1,0.5,{},11,0.8280000002123415,2026-09-13T03:29:37.660330+00:00
889,focused,orientation,orientation_recall_D4,7112,52624,0.8206673860549927,42.00819396972656,1,0.25,{},11,0.6719999997876585,2026-09-13T03:29:38.331017+00:00
890,focused,motion_direction,motion_L2,7120,52664,0.8077923059463501,11.650240898132324,1,0.625,{},5,0.3440000000409782,2026-09-13T03:29:38.666931+00:00
891,focused,orientation,orientation_anchor,7128,52680,0.010009604506194592,1.0560849905014038,1,1.0,{},2,0.1559999999590218,2026-09-13T03:29:38.820974+00:00
892,focused,orientation,orientation_recall_minimal,7136,52720,0.7511109709739685,49.8321418762207,1,0.5,{},5,0.3130000000819564,2026-09-13T03:29:39.145360+00:00
893,focused,motion_direction,motion_L8,7144,52808,1.0523474216461182,27.512678146362305,1,0.25,{},11,0.7029999999795109,2026-09-13T03:29:39.850498+00:00
894,focused,orientation,orientation_recall_D4,7152,52896,0.8120524287223816,52.395503997802734,1,0.375,{},11,0.6879999998491257,2026-09-13T03:29:40.551701+00:00
895,focused,motion_direction,motion_L2,7160,52936,0.686274528503418,46.01198196411133,1,0.75,{},5,0.3119999999180436,2026-09-13T03:29:40.869316+00:00
896,focused,orientation,orientation_recall_minimal,7168,52976,0.3011336922645569,3.8560032844543457,1,0.875,{},5,0.3130000000819564,2026-09-13T03:29:41.188550+00:00
897,focused,motion_direction,motion_L8,7176,53064,1.3051787614822388,29.474510192871094,1,0.25,"{""state_mean"": {""input_saturation"": 0.09028764204545454, ""input_mean"": 0.15923569825562564, ""forget_saturation"": 0.5843394886363636, ""forget_mean"": 0.9127253998409618, ""output_saturation"": 0.010919744318181818, ""output_mean"": 0.48691272464665497, ""candidate_saturation"": 0.08740234375, ""state0_rms"": 0.5386511087417603, ""state0_max"": 2.6124510277401316, ""state1_rms"": 0.24799593808976086, ""state1_max"": 0.8693728961727836}, ""state_peak"": {""state0_max"": 4.774634838104248, ""state1_max"": 0.9808669686317444}, ""early_representation_gradient_norm"": 0.007084317039698362, ""late_representation_gradient_norm"": 0.02208368293941021, ""core_gradient_norm"": 2.511237621307373, ""recurrent_gradient_rms"": 0.0021968060173094273, ""recurrent_gradient_median_abs"": 9.486873750574887e-05, ""current_gradient_fraction_below_adam_eps"": 0.0, ""effective_recurrent_relative_update"": 0.004210329614579678}",11,0.7809999999590218,2026-09-13T03:29:41.964769+00:00
898,focused,orientation,orientation_recall_D4,7184,53152,0.584973156452179,51.15742874145508,1,0.75,{},11,0.7339999999385327,2026-09-13T03:29:42.704382+00:00
899,focused,motion_direction,motion_L2,7192,53192,0.6714393496513367,11.784865379333496,1,0.625,{},5,0.32800000021234155,2026-09-13T03:29:43.031548+00:00
900,focused,orientation,orientation_recall_minimal,7200,53232,0.3199453055858612,24.422203063964844,1,0.875,{},5,0.28199999989010394,2026-09-13T03:29:43.311820+00:00
901,focused,motion_direction,motion_anchor,7208,53248,0.1376008242368698,13.559110641479492,1,0.875,{},2,0.1869999999180436,2026-09-13T03:29:43.496227+00:00
902,focused,motion_direction,motion_L8,7216,53336,1.3626374006271362,79.63397979736328,1,0.25,{},11,0.7340000001713634,2026-09-13T03:29:44.239921+00:00
903,focused,orientation,orientation_recall_D4,7224,53424,0.8749885559082031,88.42729187011719,1,0.75,{},11,0.7029999999795109,2026-09-13T03:29:44.951175+00:00
904,focused,motion_direction,motion_L2,7232,53464,0.7085735201835632,37.50608444213867,1,0.75,{},5,0.375,2026-09-13T03:29:45.333480+00:00
905,focused,orientation,orientation_recall_minimal,7240,53504,0.6045699119567871,5.022021293640137,1,0.75,{},5,0.3440000000409782,2026-09-13T03:29:45.689906+00:00
906,focused,motion_direction,motion_L8,7248,53592,1.1416820287704468,14.776082038879395,1,0.375,{},11,0.671000000089407,2026-09-13T03:29:46.362922+00:00
907,focused,orientation,orientation_recall_D4,7256,53680,0.6226605772972107,66.69210052490234,1,0.625,{},11,0.6569999998901039,2026-09-13T03:29:47.012744+00:00
908,focused,motion_direction,motion_L2,7264,53720,0.635338306427002,9.48691463470459,1,0.625,{},5,0.34300000010989606,2026-09-13T03:29:47.353244+00:00
909,focused,orientation,orientation_recall_minimal,7272,53760,0.7473136782646179,4.693443775177002,1,0.625,{},5,0.32899999991059303,2026-09-13T03:29:47.693471+00:00
910,focused,motion_direction,motion_L8,7280,53848,1.096251368522644,13.389151573181152,1,0.375,{},11,0.6720000000204891,2026-09-13T03:29:48.379809+00:00
911,focused,orientation,orientation_anchor,7288,53864,2.8832817406510003e-05,0.0015649383421987295,0,1.0,{},2,0.125,2026-09-13T03:29:48.516054+00:00
912,focused,orientation,orientation_recall_D4,7296,53952,0.6557604670524597,21.340518951416016,1,0.625,{},11,0.6869999999180436,2026-09-13T03:29:49.196699+00:00
913,focused,motion_direction,motion_L2,7304,53992,0.90671706199646,54.275901794433594,1,0.375,{},5,0.32800000021234155,2026-09-13T03:29:49.523437+00:00
914,focused,orientation,orientation_recall_minimal,7312,54032,0.17719021439552307,2.3779008388519287,1,1.0,{},5,0.31299999984912574,2026-09-13T03:29:49.846040+00:00
915,focused,motion_direction,motion_L8,7320,54120,0.9479448199272156,8.416510581970215,1,0.5,{},11,0.9370000001508743,2026-09-13T03:29:50.786225+00:00
916,focused,orientation,orientation_recall_D4,7328,54208,0.6605327725410461,19.057941436767578,1,0.625,{},11,0.8590000001713634,2026-09-13T03:29:51.652855+00:00
917,focused,motion_direction,motion_L2,7336,54248,0.8795336484909058,50.12928771972656,1,0.5,{},5,0.42199999978765845,2026-09-13T03:29:52.081444+00:00
918,focused,orientation,orientation_recall_minimal,7344,54288,0.6375633478164673,12.974623680114746,1,0.75,{},5,0.4220000000204891,2026-09-13T03:29:52.499826+00:00
919,focused,motion_direction,motion_L8,7352,54376,0.9443339705467224,28.104570388793945,1,0.625,{},11,0.9529999999795109,2026-09-13T03:29:53.459440+00:00
920,focused,orientation,orientation_recall_D4,7360,54464,0.839001476764679,88.67009735107422,1,0.5,{},11,1.1089999999385327,2026-09-13T03:29:54.583570+00:00
921,focused,motion_direction,motion_anchor,7368,54480,0.0017970323096960783,0.1041753739118576,0,1.0,{},2,0.26500000013038516,2026-09-13T03:29:54.849823+00:00
922,focused,motion_direction,motion_L2,7376,54520,0.7579941153526306,48.54999923706055,1,0.75,{},5,0.5470000000204891,2026-09-13T03:29:55.412551+00:00
923,focused,orientation,orientation_recall_minimal,7384,54560,0.7631449103355408,22.753232955932617,1,0.5,{},5,0.43700000015087426,2026-09-13T03:29:55.859457+00:00
924,focused,motion_direction,motion_L8,7392,54648,0.8454950451850891,5.830992698669434,1,0.75,{},11,0.9379999998491257,2026-09-13T03:29:56.797297+00:00
925,focused,orientation,orientation_recall_D4,7400,54736,0.9562961459159851,145.8721160888672,1,0.375,{},11,0.8120000001508743,2026-09-13T03:29:57.607141+00:00
926,focused,motion_direction,motion_L2,7408,54776,0.7741397023200989,18.805313110351562,1,0.5,{},5,0.375,2026-09-13T03:29:57.986185+00:00
927,focused,orientation,orientation_recall_minimal,7416,54816,0.40957024693489075,16.101472854614258,1,0.875,{},5,0.375,2026-09-13T03:29:58.366121+00:00
928,focused,motion_direction,motion_L8,7424,54904,0.8642691373825073,11.041565895080566,1,0.5,{},11,0.8279999999795109,2026-09-13T03:29:59.209509+00:00
929,focused,orientation,orientation_recall_D4,7432,54992,0.5932704210281372,8.318702697753906,1,0.75,{},11,0.7029999999795109,2026-09-13T03:29:59.926938+00:00
930,focused,motion_direction,motion_L2,7440,55032,0.806988000869751,23.724205017089844,1,0.5,{},5,0.375,2026-09-13T03:30:00.315716+00:00
931,focused,orientation,orientation_anchor,7448,55048,0.006487571634352207,0.21531780064105988,0,1.0,{},2,0.17100000008940697,2026-09-13T03:30:00.475806+00:00
932,focused,orientation,orientation_recall_minimal,7456,55088,0.23437786102294922,2.1380128860473633,1,1.0,{},5,0.35999999986961484,2026-09-13T03:30:00.845116+00:00
933,focused,motion_direction,motion_L8,7464,55176,1.1362345218658447,16.533029556274414,1,0.375,{},11,0.8120000001508743,2026-09-13T03:30:01.657349+00:00
934,focused,orientation,orientation_recall_D4,7472,55264,0.7148101925849915,29.859933853149414,1,0.5,{},11,0.75,2026-09-13T03:30:02.402640+00:00
935,focused,motion_direction,motion_L2,7480,55304,0.7129373550415039,13.003326416015625,1,0.625,{},5,0.39099999982863665,2026-09-13T03:30:02.788791+00:00
936,focused,orientation,orientation_recall_minimal,7488,55344,0.37516242265701294,42.52901077270508,1,0.875,{},5,0.31200000015087426,2026-09-13T03:30:03.115360+00:00
937,focused,motion_direction,motion_L8,7496,55432,1.129720687866211,66.00303649902344,1,0.375,{},11,0.8130000000819564,2026-09-13T03:30:03.942726+00:00
938,focused,orientation,orientation_recall_D4,7504,55520,0.7692004442214966,12.368456840515137,1,0.5,{},11,0.75,2026-09-13T03:30:04.699816+00:00
939,focused,motion_direction,motion_L2,7512,55560,0.6670877933502197,4.755361557006836,1,0.75,{},5,0.375,2026-09-13T03:30:05.073937+00:00
940,focused,orientation,orientation_recall_minimal,7520,55600,0.6869919300079346,34.010860443115234,1,0.5,{},5,0.40600000019185245,2026-09-13T03:30:05.485741+00:00
941,focused,motion_direction,motion_anchor,7528,55616,0.3405938148498535,21.632585525512695,1,0.875,{},2,0.18799999984912574,2026-09-13T03:30:05.675553+00:00
942,focused,motion_direction,motion_L8,7536,55704,0.7508265376091003,9.062750816345215,1,0.625,{},11,0.8279999999795109,2026-09-13T03:30:06.504639+00:00
943,focused,orientation,orientation_recall_D4,7544,55792,0.6165977716445923,20.54286766052246,1,0.75,{},11,0.7809999999590218,2026-09-13T03:30:07.292975+00:00
944,focused,motion_direction,motion_L2,7552,55832,0.653870701789856,18.267457962036133,1,0.75,{},5,0.375,2026-09-13T03:30:07.666898+00:00
945,focused,orientation,orientation_recall_minimal,7560,55872,0.5784173011779785,18.81788444519043,1,0.75,{},5,0.35900000017136335,2026-09-13T03:30:08.022545+00:00
946,focused,motion_direction,motion_L8,7568,55960,1.2183655500411987,49.40778350830078,1,0.5,{},11,0.9689999998081475,2026-09-13T03:30:08.994175+00:00
947,focused,orientation,orientation_recall_D4,7576,56048,0.716155469417572,14.9562406539917,1,0.5,{},11,0.7190000000409782,2026-09-13T03:30:09.718706+00:00
948,focused,motion_direction,motion_L2,7584,56088,0.5484764575958252,10.327123641967773,1,1.0,{},5,0.4059999999590218,2026-09-13T03:30:10.120114+00:00
949,focused,orientation,orientation_recall_minimal,7592,56128,0.33249178528785706,8.914632797241211,1,0.875,{},5,0.35900000017136335,2026-09-13T03:30:10.474547+00:00
950,focused,motion_direction,motion_L8,7600,56216,0.7925839424133301,11.454278945922852,1,0.625,{},11,0.7970000000204891,2026-09-13T03:30:11.273795+00:00
951,focused,orientation,orientation_anchor,7608,56232,0.0020359584596008062,0.20950733125209808,0,1.0,{},2,0.15699999989010394,2026-09-13T03:30:11.435861+00:00
952,focused,orientation,orientation_recall_D4,7616,56320,0.7127289772033691,33.90331268310547,1,0.5,{},11,0.7809999999590218,2026-09-13T03:30:12.221659+00:00
953,focused,motion_direction,motion_L2,7624,56360,0.6953285932540894,8.238801956176758,1,0.5,{},5,0.4059999999590218,2026-09-13T03:30:12.620719+00:00
954,focused,orientation,orientation_recall_minimal,7632,56400,0.42877840995788574,16.90606117248535,1,0.875,{},5,0.35900000017136335,2026-09-13T03:30:12.989450+00:00
955,focused,motion_direction,motion_L8,7640,56488,0.9244742393493652,19.32399559020996,1,0.625,{},11,0.8130000000819564,2026-09-13T03:30:13.815616+00:00
956,focused,orientation,orientation_recall_D4,7648,56576,0.7192947864532471,21.0634765625,1,0.5,{},11,0.7339999999385327,2026-09-13T03:30:14.548623+00:00
957,focused,motion_direction,motion_L2,7656,56616,0.5982490181922913,8.250563621520996,1,0.875,{},5,0.35900000017136335,2026-09-13T03:30:14.904041+00:00
958,focused,orientation,orientation_recall_minimal,7664,56656,0.9077440500259399,17.092025756835938,1,0.5,{},5,0.34399999980814755,2026-09-13T03:30:15.251045+00:00
959,focused,motion_direction,motion_L8,7672,56744,1.172883152961731,41.92306900024414,1,0.75,{},11,0.9060000001918525,2026-09-13T03:30:16.158681+00:00
960,focused,orientation,orientation_recall_D4,7680,56832,0.683416485786438,19.670272827148438,1,0.625,{},11,0.7819999998901039,2026-09-13T03:30:16.941213+00:00
961,focused,motion_direction,motion_anchor,7688,56848,0.0023028089199215174,0.20530472695827484,0,1.0,"{""state_mean"": {""input_saturation"": 0.107177734375, ""input_mean"": 0.1588093489408493, ""forget_saturation"": 0.591552734375, ""forget_mean"": 0.9216703176498413, ""output_saturation"": 0.0185546875, ""output_mean"": 0.48553960025310516, ""candidate_saturation"": 0.08935546875, ""state0_rms"": 0.24828635901212692, ""state0_max"": 1.2308330535888672, ""state1_rms"": 0.14577897265553474, ""state1_max"": 0.7716432213783264}, ""state_peak"": {""state0_max"": 1.6165121793746948, ""state1_max"": 0.8843103647232056}, ""early_representation_gradient_norm"": 0.00016925233649089932, ""late_representation_gradient_norm"": 0.0003222100203856826, ""core_gradient_norm"": 0.005739597603678703, ""recurrent_gradient_rms"": 2.3164066078606993e-06, ""recurrent_gradient_median_abs"": 7.834921689209295e-08, ""current_gradient_fraction_below_adam_eps"": 0.00449371337890625, ""effective_recurrent_relative_update"": 0.005482461769133806}",2,0.1869999999180436,2026-09-13T03:30:17.118819+00:00
962,focused,motion_direction,motion_L2,7696,56888,0.5583101511001587,23.614585876464844,1,0.875,{},5,0.35900000017136335,2026-09-13T03:30:17.478857+00:00
963,focused,orientation,orientation_recall_minimal,7704,56928,0.2673521041870117,23.16619873046875,1,1.0,{},5,0.28199999989010394,2026-09-13T03:30:17.755810+00:00
964,focused,motion_direction,motion_L8,7712,57016,1.1156269311904907,65.98090362548828,1,0.25,{},11,0.7809999999590218,2026-09-13T03:30:18.546349+00:00
965,focused,orientation,orientation_recall_D4,7720,57104,0.7139226794242859,4.821888446807861,1,0.5,{},11,0.7029999999795109,2026-09-13T03:30:19.252421+00:00
966,focused,motion_direction,motion_L2,7728,57144,0.6136572360992432,8.778311729431152,1,0.75,{},5,0.35900000017136335,2026-09-13T03:30:19.614153+00:00
967,focused,orientation,orientation_recall_minimal,7736,57184,0.36915895342826843,2.8530983924865723,1,0.875,{},5,0.3130000000819564,2026-09-13T03:30:19.940456+00:00
968,focused,motion_direction,motion_L8,7744,57272,1.3169713020324707,13.750513076782227,1,0.375,{},11,0.8899999998975545,2026-09-13T03:30:20.821826+00:00
969,focused,orientation,orientation_recall_D4,7752,57360,0.678305983543396,4.312830448150635,1,0.75,{},11,0.7030000002123415,2026-09-13T03:30:21.532499+00:00
970,focused,motion_direction,motion_L2,7760,57400,0.5783409476280212,17.674537658691406,1,0.875,{},5,0.35999999986961484,2026-09-13T03:30:21.895766+00:00
971,focused,orientation,orientation_anchor,7768,57416,0.0058190301060676575,0.6821984052658081,0,1.0,{},2,0.14099999982863665,2026-09-13T03:30:22.045918+00:00
972,focused,orientation,orientation_recall_minimal,7776,57456,0.4142417311668396,4.930305480957031,1,0.75,{},5,0.375,2026-09-13T03:30:22.423044+00:00
973,focused,motion_direction,motion_L8,7784,57544,0.9617974162101746,24.014385223388672,1,0.625,{},11,0.7660000000614673,2026-09-13T03:30:23.194446+00:00
974,focused,orientation,orientation_recall_D4,7792,57632,0.7294324040412903,38.91659927368164,1,0.75,{},11,0.75,2026-09-13T03:30:23.954948+00:00
975,focused,motion_direction,motion_L2,7800,57672,0.9147007465362549,111.42401885986328,1,0.625,{},5,0.4380000000819564,2026-09-13T03:30:24.382253+00:00
976,focused,orientation,orientation_recall_minimal,7808,57712,0.4749358892440796,27.63589859008789,1,0.75,{},5,0.4369999999180436,2026-09-13T03:30:24.818627+00:00
977,focused,motion_direction,motion_L8,7816,57800,0.930207371711731,14.687444686889648,1,0.5,{},11,0.8600000001024455,2026-09-13T03:30:25.689094+00:00
978,focused,orientation,orientation_recall_D4,7824,57888,0.6689149737358093,9.823671340942383,1,0.625,{},11,0.921000000089407,2026-09-13T03:30:26.615572+00:00
979,focused,motion_direction,motion_L2,7832,57928,0.5764173865318298,15.13498306274414,1,0.875,{},5,0.4380000000819564,2026-09-13T03:30:27.062132+00:00
980,focused,orientation,orientation_recall_minimal,7840,57968,0.5401031970977783,13.254668235778809,1,0.75,{},5,0.4529999999795109,2026-09-13T03:30:27.520733+00:00
981,focused,motion_direction,motion_anchor,7848,57984,0.034700341522693634,3.3977551460266113,1,1.0,{},2,0.26599999982863665,2026-09-13T03:30:27.792947+00:00
982,focused,motion_direction,motion_L8,7856,58072,1.2943060398101807,33.90979766845703,1,0.5,{},11,1.202999999979511,2026-09-13T03:30:28.996265+00:00
983,focused,orientation,orientation_recall_D4,7864,58160,0.7498593330383301,3.4429359436035156,1,0.5,{},11,0.8130000000819564,2026-09-13T03:30:29.809214+00:00
984,focused,motion_direction,motion_L2,7872,58200,0.5727502107620239,36.54287338256836,1,0.875,{},5,0.3119999999180436,2026-09-13T03:30:30.118679+00:00
985,focused,orientation,orientation_recall_minimal,7880,58240,0.511931300163269,13.070591926574707,1,0.75,{},5,0.28100000019185245,2026-09-13T03:30:30.407689+00:00
986,focused,motion_direction,motion_L8,7888,58328,1.2475013732910156,56.502010345458984,1,0.5,{},11,0.6569999998901039,2026-09-13T03:30:31.059722+00:00
987,focused,orientation,orientation_recall_D4,7896,58416,0.6152086853981018,18.80095672607422,1,0.5,{},11,0.6089999999385327,2026-09-13T03:30:31.670656+00:00
988,focused,motion_direction,motion_L2,7904,58456,0.6765968203544617,30.854509353637695,1,0.875,{},5,0.3440000000409782,2026-09-13T03:30:32.006741+00:00
989,focused,orientation,orientation_recall_minimal,7912,58496,0.2659236788749695,25.73037338256836,1,1.0,{},5,0.2970000000204891,2026-09-13T03:30:32.317436+00:00
990,focused,motion_direction,motion_L8,7920,58584,0.8116214275360107,11.211226463317871,1,0.625,{},11,0.7030000002123415,2026-09-13T03:30:33.035193+00:00
991,focused,orientation,orientation_anchor,7928,58600,0.002713015303015709,0.12187286466360092,0,1.0,{},2,0.1410000000614673,2026-09-13T03:30:33.176865+00:00
992,focused,orientation,orientation_recall_D4,7936,58688,0.7050622701644897,7.432121753692627,1,0.5,{},11,0.625,2026-09-13T03:30:33.817761+00:00
993,focused,motion_direction,motion_L2,7944,58728,0.5660472512245178,13.49628734588623,1,0.875,{},5,0.2970000000204891,2026-09-13T03:30:34.119493+00:00
994,focused,orientation,orientation_recall_minimal,7952,58768,0.587516188621521,7.1995344161987305,1,0.75,{},5,0.28100000019185245,2026-09-13T03:30:34.402340+00:00
995,focused,motion_direction,motion_L8,7960,58856,0.7997370958328247,23.321069717407227,1,0.625,{},11,0.625,2026-09-13T03:30:35.030993+00:00
996,focused,orientation,orientation_recall_D4,7968,58944,0.6699402928352356,30.116186141967773,1,0.625,{},11,0.625,2026-09-13T03:30:35.648942+00:00
997,focused,motion_direction,motion_L2,7976,58984,0.6962606906890869,12.837895393371582,1,0.625,{},5,0.31299999984912574,2026-09-13T03:30:35.965562+00:00
998,focused,orientation,orientation_recall_minimal,7984,59024,0.668556809425354,14.610923767089844,1,0.625,{},5,0.2809999999590218,2026-09-13T03:30:36.253439+00:00
999,focused,motion_direction,motion_L8,7992,59112,1.3105281591415405,65.2794418334961,1,0.25,{},11,0.6559999999590218,2026-09-13T03:30:36.915329+00:00
1000,focused,orientation,orientation_recall_D4,8000,59200,0.7245876789093018,35.558448791503906,1,0.5,{},11,0.6720000000204891,2026-09-13T03:30:37.591341+00:00
1001,focused,motion_direction,motion_anchor,8008,59216,0.0065985494293272495,0.5880599617958069,0,1.0,{},2,0.1559999999590218,2026-09-13T03:30:37.742604+00:00
1002,focused,motion_direction,motion_L2,8016,59256,0.7823652625083923,5.973385810852051,1,0.5,{},5,0.2970000000204891,2026-09-13T03:30:38.050465+00:00
1003,focused,orientation,orientation_recall_minimal,8024,59296,0.286172091960907,18.382463455200195,1,1.0,{},5,0.31200000015087426,2026-09-13T03:30:38.357700+00:00
1004,focused,motion_direction,motion_L8,8032,59384,1.6527111530303955,85.12767791748047,1,0.375,{},11,0.9849999998696148,2026-09-13T03:30:39.336750+00:00
1005,focused,orientation,orientation_recall_D4,8040,59472,0.6259742379188538,31.60641860961914,1,0.625,{},11,1.202999999979511,2026-09-13T03:30:40.548676+00:00
1006,focused,motion_direction,motion_L2,8048,59512,0.5802180171012878,17.744260787963867,1,0.875,{},5,0.48400000017136335,2026-09-13T03:30:41.028914+00:00
1007,focused,orientation,orientation_recall_minimal,8056,59552,0.42787647247314453,25.68889617919922,1,0.75,{},5,0.42199999978765845,2026-09-13T03:30:41.457629+00:00
1008,focused,motion_direction,motion_L8,8064,59640,1.09490168094635,13.188237190246582,1,0.625,{},11,1.1559999999590218,2026-09-13T03:30:42.628851+00:00
1009,focused,orientation,orientation_recall_D4,8072,59728,0.6969528794288635,11.39749526977539,1,0.625,{},11,0.6090000001713634,2026-09-13T03:30:43.239879+00:00
1010,focused,motion_direction,motion_L2,8080,59768,0.594626784324646,9.078160285949707,1,0.75,{},5,0.2970000000204891,2026-09-13T03:30:43.545798+00:00
1011,focused,orientation,orientation_anchor,8088,59784,0.019286982715129852,0.6665346026420593,0,1.0,{},2,0.1410000000614673,2026-09-13T03:30:43.679289+00:00
1012,focused,orientation,orientation_recall_minimal,8096,59824,0.6655571460723877,59.68128204345703,1,0.5,{},5,0.2809999999590218,2026-09-13T03:30:43.969867+00:00
1013,focused,motion_direction,motion_L8,8104,59912,1.1752781867980957,83.99030303955078,1,0.375,{},11,0.6559999999590218,2026-09-13T03:30:44.631021+00:00
1014,focused,orientation,orientation_recall_D4,8112,60000,0.6592661142349243,1.9658217430114746,1,0.625,{},11,0.6089999999385327,2026-09-13T03:30:45.254406+00:00
1015,focused,motion_direction,motion_L2,8120,60040,0.666037917137146,4.141746997833252,1,0.625,{},5,0.2970000000204891,2026-09-13T03:30:45.553598+00:00
1016,focused,orientation,orientation_recall_minimal,8128,60080,0.5857256054878235,24.22516441345215,1,0.75,{},5,0.3279999999795109,2026-09-13T03:30:45.885796+00:00
1017,focused,motion_direction,motion_L8,8136,60168,1.1936542987823486,13.515848159790039,1,0.625,{},11,0.6089999999385327,2026-09-13T03:30:46.506208+00:00
1018,focused,orientation,orientation_recall_D4,8144,60256,0.5922936201095581,17.699600219726562,1,0.625,{},11,0.6869999999180436,2026-09-13T03:30:47.203083+00:00
1019,focused,motion_direction,motion_L2,8152,60296,0.7107009887695312,48.11882400512695,1,0.625,{},5,0.2970000000204891,2026-09-13T03:30:47.500210+00:00
1020,focused,orientation,orientation_recall_minimal,8160,60336,0.5056777000427246,35.589988708496094,1,0.75,{},5,0.28100000019185245,2026-09-13T03:30:47.785757+00:00
1021,focused,motion_direction,motion_anchor,8168,60352,0.004937473684549332,0.9845709800720215,0,1.0,{},2,0.1410000000614673,2026-09-13T03:30:47.937513+00:00
1022,focused,motion_direction,motion_L8,8176,60440,1.0106966495513916,33.32289123535156,1,0.625,{},11,0.6559999999590218,2026-09-13T03:30:48.592434+00:00
1023,focused,orientation,orientation_recall_D4,8184,60528,0.5781785845756531,19.1375675201416,1,0.5,{},11,0.6089999999385327,2026-09-13T03:30:49.207077+00:00
1024,focused,motion_direction,motion_L2,8192,60568,0.8043762445449829,59.72671890258789,1,0.625,{},5,0.32800000021234155,2026-09-13T03:30:49.528936+00:00
1025,focused,orientation,orientation_recall_minimal,8200,60608,0.48518043756484985,42.83422088623047,1,0.75,"{""state_mean"": {""input_saturation"": 0.11025390625, ""input_mean"": 0.15919886231422425, ""forget_saturation"": 0.58447265625, ""forget_mean"": 0.8949773192405701, ""output_saturation"": 0.01640625, ""output_mean"": 0.4912399113178253, ""candidate_saturation"": 0.0833984375, ""state0_rms"": 0.4268993705511093, ""state0_max"": 1.9235208988189698, ""state1_rms"": 0.1909376084804535, ""state1_max"": 0.8003427624702454}, ""state_peak"": {""state0_max"": 3.4299678802490234, ""state1_max"": 0.9643082022666931}, ""early_representation_gradient_norm"": 0.003106149844825268, ""late_representation_gradient_norm"": 0.10715468227863312, ""core_gradient_norm"": 0.7116619348526001, ""recurrent_gradient_rms"": 0.000514343730174005, ""recurrent_gradient_median_abs"": 1.2548985978355631e-05, ""current_gradient_fraction_below_adam_eps"": 1.52587890625e-05, ""effective_recurrent_relative_update"": 0.004273284692317247}",5,0.3279999999795109,2026-09-13T03:30:49.952316+00:00
1026,focused,motion_direction,motion_L8,8208,60696,1.3143236637115479,18.852752685546875,1,0.5,{},11,0.6410000000614673,2026-09-13T03:30:50.598946+00:00
1027,focused,orientation,orientation_recall_D4,8216,60784,0.6942166090011597,45.68212127685547,1,0.5,{},11,0.6569999998901039,2026-09-13T03:30:51.261983+00:00
1028,focused,motion_direction,motion_L2,8224,60824,0.8090975284576416,20.54873275756836,1,0.5,{},5,0.2809999999590218,2026-09-13T03:30:51.551413+00:00
1029,focused,orientation,orientation_recall_minimal,8232,60864,0.34265950322151184,1.7333793640136719,1,0.875,{},5,0.29600000008940697,2026-09-13T03:30:51.852761+00:00
1030,focused,motion_direction,motion_L8,8240,60952,1.2862279415130615,23.044605255126953,1,0.375,{},11,0.625,2026-09-13T03:30:52.484959+00:00
1031,focused,orientation,orientation_anchor,8248,60968,0.0003050292725674808,0.014795538038015366,0,1.0,{},2,0.14099999982863665,2026-09-13T03:30:52.616023+00:00
1032,focused,orientation,orientation_recall_D4,8256,61056,0.7178274393081665,26.34596061706543,1,0.625,{},11,0.6720000000204891,2026-09-13T03:30:53.303975+00:00
1033,focused,motion_direction,motion_L2,8264,61096,0.5476775765419006,11.572821617126465,1,0.875,{},5,0.4369999999180436,2026-09-13T03:30:53.745992+00:00
1034,focused,orientation,orientation_recall_minimal,8272,61136,0.4897027611732483,10.080229759216309,1,0.75,{},5,0.3279999999795109,2026-09-13T03:30:54.082654+00:00
1035,focused,motion_direction,motion_L8,8280,61224,1.0627859830856323,23.41057777404785,1,0.625,{},11,0.75,2026-09-13T03:30:54.849061+00:00
1036,focused,orientation,orientation_recall_D4,8288,61312,0.6542954444885254,3.332566022872925,1,0.625,{},11,0.6569999998901039,2026-09-13T03:30:55.507411+00:00
1037,focused,motion_direction,motion_L2,8296,61352,0.7052047252655029,14.919160842895508,1,0.75,{},5,0.3119999999180436,2026-09-13T03:30:55.819699+00:00
1038,focused,orientation,orientation_recall_minimal,8304,61392,0.34310993552207947,36.640201568603516,1,1.0,{},5,0.28100000019185245,2026-09-13T03:30:56.103704+00:00
1039,focused,motion_direction,motion_L8,8312,61480,1.3869562149047852,42.50751876831055,1,0.25,{},11,0.7189999998081475,2026-09-13T03:30:56.820596+00:00
1040,focused,orientation,orientation_recall_D4,8320,61568,0.6070784330368042,40.20798873901367,1,0.75,{},11,0.6560000001918525,2026-09-13T03:30:57.490687+00:00
1041,focused,motion_direction,motion_anchor,8328,61584,0.007912080734968185,0.19920189678668976,0,1.0,{},2,0.1410000000614673,2026-09-13T03:30:57.632930+00:00
1042,focused,motion_direction,motion_L2,8336,61624,0.7688583731651306,22.896011352539062,1,0.5,{},5,0.3279999999795109,2026-09-13T03:30:57.973033+00:00
1043,focused,orientation,orientation_recall_minimal,8344,61664,0.24670062959194183,7.091161251068115,1,1.0,{},5,0.3279999999795109,2026-09-13T03:30:58.291136+00:00
1044,focused,motion_direction,motion_L8,8352,61752,1.139526605606079,42.004234313964844,1,0.375,{},11,0.6559999999590218,2026-09-13T03:30:58.956964+00:00
1045,focused,orientation,orientation_recall_D4,8360,61840,0.7557390928268433,17.56476593017578,1,0.375,{},11,0.6560000001918525,2026-09-13T03:30:59.605633+00:00
1046,focused,motion_direction,motion_L2,8368,61880,0.6110178232192993,20.920696258544922,1,0.75,{},5,0.31299999984912574,2026-09-13T03:30:59.914353+00:00
1047,focused,orientation,orientation_recall_minimal,8376,61920,0.2808288335800171,26.163516998291016,1,0.875,{},5,0.2970000000204891,2026-09-13T03:31:00.224935+00:00
1048,focused,motion_direction,motion_L8,8384,62008,0.9051942825317383,31.530868530273438,1,0.375,{},11,0.6409999998286366,2026-09-13T03:31:00.881982+00:00
1049,focused,orientation,orientation_recall_D4,8392,62096,0.5067030191421509,6.294873237609863,1,0.625,{},11,0.5930000001098961,2026-09-13T03:31:01.481016+00:00
1050,focused,motion_direction,motion_L2,8400,62136,0.5769097805023193,20.30168914794922,1,0.75,{},5,0.2970000000204891,2026-09-13T03:31:01.772658+00:00
1051,focused,orientation,orientation_anchor,8408,62152,0.0030641264747828245,0.10338769853115082,0,1.0,{},2,0.14099999982863665,2026-09-13T03:31:01.916292+00:00
1052,focused,orientation,orientation_recall_minimal,8416,62192,0.38123518228530884,11.142393112182617,1,0.875,{},5,0.4529999999795109,2026-09-13T03:31:02.377804+00:00
1053,focused,motion_direction,motion_L8,8424,62280,1.1902945041656494,25.45448875427246,1,0.625,{},11,1.0310000001918525,2026-09-13T03:31:03.403052+00:00
1054,focused,orientation,orientation_recall_D4,8432,62368,0.6075572371482849,18.177400588989258,1,0.625,{},11,0.8599999998696148,2026-09-13T03:31:04.269595+00:00
1055,focused,motion_direction,motion_L2,8440,62408,0.5713794231414795,23.302810668945312,1,0.75,{},5,0.4059999999590218,2026-09-13T03:31:04.672723+00:00
1056,focused,orientation,orientation_recall_minimal,8448,62448,0.47250354290008545,63.2791748046875,1,0.75,{},5,0.4059999999590218,2026-09-13T03:31:05.076022+00:00
1057,focused,motion_direction,motion_L8,8456,62536,1.0204086303710938,18.74858856201172,1,0.625,{},11,0.8130000000819564,2026-09-13T03:31:05.887318+00:00
1058,focused,orientation,orientation_recall_D4,8464,62624,0.5297192335128784,3.7718448638916016,1,0.75,{},11,0.75,2026-09-13T03:31:06.645780+00:00
1059,focused,motion_direction,motion_L2,8472,62664,0.5541819930076599,14.1107816696167,1,0.75,{},5,0.40699999989010394,2026-09-13T03:31:07.059189+00:00
1060,focused,orientation,orientation_recall_minimal,8480,62704,0.17737966775894165,3.8543684482574463,1,1.0,{},5,0.3899999998975545,2026-09-13T03:31:07.449101+00:00
1061,focused,motion_direction,motion_anchor,8488,62720,0.013674067333340645,2.2299604415893555,1,1.0,{},2,0.1720000000204891,2026-09-13T03:31:07.627105+00:00
1062,focused,motion_direction,motion_L8,8496,62808,1.018003225326538,9.817776679992676,1,0.375,{},11,0.9529999999795109,2026-09-13T03:31:08.577519+00:00
1063,focused,orientation,orientation_recall_D4,8504,62896,0.5412690043449402,32.72721481323242,1,0.75,{},11,0.7660000000614673,2026-09-13T03:31:09.335992+00:00
1064,focused,motion_direction,motion_L2,8512,62936,0.7953787446022034,58.748008728027344,1,0.5,{},5,0.4059999999590218,2026-09-13T03:31:09.755901+00:00
1065,focused,orientation,orientation_recall_minimal,8520,62976,0.22937200963497162,43.78696823120117,1,0.875,{},5,0.39000000013038516,2026-09-13T03:31:10.146107+00:00
1066,focused,motion_direction,motion_L8,8528,63064,1.0089075565338135,35.633419036865234,1,0.5,{},11,0.8279999999795109,2026-09-13T03:31:10.988941+00:00
1067,focused,orientation,orientation_recall_D4,8536,63152,1.283370852470398,81.51819610595703,1,0.5,{},11,0.7190000000409782,2026-09-13T03:31:11.716899+00:00
1068,focused,motion_direction,motion_L2,8544,63192,0.5755267143249512,11.657044410705566,1,0.625,{},5,0.375,2026-09-13T03:31:12.091487+00:00
1069,focused,orientation,orientation_recall_minimal,8552,63232,0.7941274642944336,64.44984436035156,1,0.75,{},5,0.3440000000409782,2026-09-13T03:31:12.437296+00:00
1070,focused,motion_direction,motion_L8,8560,63320,0.8150206804275513,16.344552993774414,1,0.5,{},11,0.8119999999180436,2026-09-13T03:31:13.254053+00:00
1071,focused,orientation,orientation_anchor,8568,63336,0.0006974284769967198,0.06959978491067886,0,1.0,{},2,0.1880000000819564,2026-09-13T03:31:13.427240+00:00
1072,focused,orientation,orientation_recall_D4,8576,63424,1.1848746538162231,161.701904296875,1,0.375,{},11,0.6559999999590218,2026-09-13T03:31:14.094787+00:00
1073,focused,motion_direction,motion_L2,8584,63464,0.7984606027603149,56.31793975830078,1,0.625,{},5,0.39000000013038516,2026-09-13T03:31:14.481900+00:00
1074,focused,orientation,orientation_recall_minimal,8592,63504,0.26597198843955994,37.896995544433594,1,0.875,{},5,0.34399999980814755,2026-09-13T03:31:14.823829+00:00
1075,focused,motion_direction,motion_L8,8600,63592,0.872864842414856,33.47895050048828,1,0.75,{},11,0.7970000000204891,2026-09-13T03:31:15.630363+00:00
1076,focused,orientation,orientation_recall_D4,8608,63680,0.9321492910385132,54.567325592041016,1,0.375,{},11,0.7180000001098961,2026-09-13T03:31:16.353120+00:00
1077,focused,motion_direction,motion_L2,8616,63720,0.8229827284812927,30.8305721282959,1,0.625,{},5,0.4220000000204891,2026-09-13T03:31:16.773404+00:00
1078,focused,orientation,orientation_recall_minimal,8624,63760,0.37558871507644653,8.294398307800293,1,0.875,{},5,0.40699999989010394,2026-09-13T03:31:17.193212+00:00
1079,focused,motion_direction,motion_L8,8632,63848,1.3998481035232544,56.767215728759766,1,0.25,{},11,0.9530000002123415,2026-09-13T03:31:18.159010+00:00
1080,focused,orientation,orientation_recall_D4,8640,63936,0.6711971759796143,37.26669692993164,1,0.625,{},11,0.9219999997876585,2026-09-13T03:31:19.087133+00:00
1081,focused,motion_direction,motion_anchor,8648,63952,0.0299358032643795,4.087835788726807,1,1.0,{},2,0.2029999999795109,2026-09-13T03:31:19.294962+00:00
1082,focused,motion_direction,motion_L2,8656,63992,0.6234604120254517,14.16110897064209,1,0.875,{},5,0.4529999999795109,2026-09-13T03:31:19.741033+00:00
1083,focused,orientation,orientation_recall_minimal,8664,64032,0.825436532497406,30.28597068786621,1,0.5,{},5,0.3910000000614673,2026-09-13T03:31:20.136340+00:00
1084,focused,motion_direction,motion_L8,8672,64120,1.8449400663375854,22.683252334594727,1,0.0,{},11,0.8430000001098961,2026-09-13T03:31:20.989163+00:00
1085,focused,orientation,orientation_recall_D4,8680,64208,0.8114619851112366,6.874247074127197,1,0.375,{},11,0.7810000001918525,2026-09-13T03:31:21.787090+00:00
1086,focused,motion_direction,motion_L2,8688,64248,0.6687583923339844,78.6767349243164,1,0.625,{},5,0.375,2026-09-13T03:31:22.175197+00:00
1087,focused,orientation,orientation_recall_minimal,8696,64288,0.41395699977874756,27.43153190612793,1,0.75,{},5,0.375,2026-09-13T03:31:22.545411+00:00
1088,focused,motion_direction,motion_L8,8704,64376,0.8218866586685181,5.322918891906738,1,0.5,{},11,0.8279999999795109,2026-09-13T03:31:23.372432+00:00
1089,focused,orientation,orientation_recall_D4,8712,64464,0.6873921155929565,52.44709014892578,1,0.5,"{""state_mean"": {""input_saturation"": 0.07852450284090909, ""input_mean"": 0.15863432532007044, ""forget_saturation"": 0.6061345880681818, ""forget_mean"": 0.8973287614909086, ""output_saturation"": 0.018332741477272728, ""output_mean"": 0.4929464378140189, ""candidate_saturation"": 0.08442826704545454, ""state0_rms"": 0.8265204267068342, ""state0_max"": 3.727421148256822, ""state1_rms"": 0.25033392215316946, ""state1_max"": 0.8737511092966254}, ""state_peak"": {""state0_max"": 6.967651844024658, ""state1_max"": 0.9704462289810181}, ""early_representation_gradient_norm"": 0.0031286892481148243, ""late_representation_gradient_norm"": 0.13406817615032196, ""core_gradient_norm"": 1.2518585920333862, ""recurrent_gradient_rms"": 0.0015180633636191487, ""recurrent_gradient_median_abs"": 6.722380931023508e-05, ""current_gradient_fraction_below_adam_eps"": 0.0, ""effective_recurrent_relative_update"": 0.010549604892730713}",11,0.7660000000614673,2026-09-13T03:31:24.135873+00:00
1090,focused,motion_direction,motion_L2,8720,64504,0.6178287267684937,48.133907318115234,1,0.625,{},5,0.375,2026-09-13T03:31:24.512173+00:00
1091,focused,orientation,orientation_anchor,8728,64520,0.004477289970964193,0.27302560210227966,0,1.0,{},2,0.1869999999180436,2026-09-13T03:31:24.693753+00:00
1092,focused,orientation,orientation_recall_minimal,8736,64560,0.3911770284175873,25.27558708190918,1,0.875,{},5,0.3440000000409782,2026-09-13T03:31:25.042101+00:00
1093,focused,motion_direction,motion_L8,8744,64648,1.4972137212753296,53.23104476928711,1,0.375,{},11,0.875,2026-09-13T03:31:25.925137+00:00
1094,focused,orientation,orientation_recall_D4,8752,64736,1.2988331317901611,125.29389190673828,1,0.375,{},11,0.7970000000204891,2026-09-13T03:31:26.713551+00:00
1095,focused,motion_direction,motion_L2,8760,64776,0.5447121858596802,12.355507850646973,1,0.875,{},5,0.375,2026-09-13T03:31:27.094066+00:00
1096,focused,orientation,orientation_recall_minimal,8768,64816,0.2890337109565735,15.093523979187012,1,0.875,{},5,0.3589999999385327,2026-09-13T03:31:27.452366+00:00
1097,focused,motion_direction,motion_L8,8776,64904,0.9850277900695801,28.897031784057617,1,0.5,{},11,0.75,2026-09-13T03:31:28.208197+00:00
1098,focused,orientation,orientation_recall_D4,8784,64992,0.6086102724075317,2.8600857257843018,1,0.5,{},11,0.7190000000409782,2026-09-13T03:31:28.940953+00:00
1099,focused,motion_direction,motion_L2,8792,65032,0.5733887553215027,27.88475799560547,1,0.75,{},5,0.4059999999590218,2026-09-13T03:31:29.335459+00:00
1100,focused,orientation,orientation_recall_minimal,8800,65072,0.41024333238601685,22.60357093811035,1,0.75,{},5,0.3589999999385327,2026-09-13T03:31:29.709361+00:00
1101,focused,motion_direction,motion_anchor,8808,65088,0.008152739144861698,0.8977424502372742,0,1.0,{},2,0.1559999999590218,2026-09-13T03:31:29.866534+00:00
1102,focused,motion_direction,motion_L8,8816,65176,1.2338595390319824,41.93896484375,1,0.625,{},11,0.7810000001918525,2026-09-13T03:31:30.655828+00:00
1103,focused,orientation,orientation_recall_D4,8824,65264,0.7252967953681946,3.48101806640625,1,0.625,{},11,0.75,2026-09-13T03:31:31.403262+00:00
1104,focused,motion_direction,motion_L2,8832,65304,0.6157752275466919,7.801751136779785,1,0.625,{},5,0.39099999982863665,2026-09-13T03:31:31.801195+00:00
1105,focused,orientation,orientation_recall_minimal,8840,65344,0.564129114151001,8.19314193725586,1,0.75,{},5,0.3440000000409782,2026-09-13T03:31:32.134197+00:00
1106,focused,motion_direction,motion_L8,8848,65432,1.5046807527542114,7.663538455963135,1,0.5,{},11,0.8430000001098961,2026-09-13T03:31:32.977836+00:00
1107,focused,orientation,orientation_recall_D4,8856,65520,0.6045559048652649,13.982648849487305,1,0.625,{},11,0.7970000000204891,2026-09-13T03:31:33.782169+00:00
1108,focused,motion_direction,motion_L2,8864,65560,0.6867455244064331,34.2494010925293,1,0.625,{},5,0.39099999982863665,2026-09-13T03:31:34.176098+00:00
1109,focused,orientation,orientation_recall_minimal,8872,65600,0.3870070278644562,17.73914337158203,1,0.75,{},5,0.375,2026-09-13T03:31:34.540469+00:00
1110,focused,motion_direction,motion_L8,8880,65688,1.413062334060669,11.325226783752441,1,0.375,{},11,0.8440000000409782,2026-09-13T03:31:35.384642+00:00
1111,focused,orientation,orientation_anchor,8888,65704,0.00048140494618564844,0.018401294946670532,0,1.0,{},2,0.14000000013038516,2026-09-13T03:31:35.533672+00:00
1112,focused,orientation,orientation_recall_D4,8896,65792,0.9547621607780457,96.51017761230469,1,0.125,{},11,0.6879999998491257,2026-09-13T03:31:36.216486+00:00
1113,focused,motion_direction,motion_L2,8904,65832,0.720029354095459,20.248666763305664,1,0.75,{},5,0.4059999999590218,2026-09-13T03:31:36.620853+00:00
1114,focused,orientation,orientation_recall_minimal,8912,65872,0.5636271238327026,22.74659538269043,1,0.75,{},5,0.375,2026-09-13T03:31:37.003558+00:00
1115,focused,motion_direction,motion_L8,8920,65960,1.2390246391296387,10.84570598602295,1,0.5,{},11,0.7660000000614673,2026-09-13T03:31:37.765842+00:00
1116,focused,orientation,orientation_recall_D4,8928,66048,0.647304117679596,4.724127769470215,1,0.625,{},11,0.7809999999590218,2026-09-13T03:31:38.552925+00:00
1117,focused,motion_direction,motion_L2,8936,66088,0.662900447845459,10.484420776367188,1,0.5,{},5,0.3899999998975545,2026-09-13T03:31:38.954249+00:00
1118,focused,orientation,orientation_recall_minimal,8944,66128,0.8032172322273254,7.746096134185791,1,0.625,{},5,0.4220000000204891,2026-09-13T03:31:39.372468+00:00
1119,focused,motion_direction,motion_L8,8952,66216,1.0414111614227295,30.705909729003906,1,0.625,{},11,0.875,2026-09-13T03:31:40.242466+00:00
1120,focused,orientation,orientation_recall_D4,8960,66304,0.6423109769821167,1.4933689832687378,1,0.625,{},11,0.75,2026-09-13T03:31:40.997925+00:00
1121,focused,motion_direction,motion_anchor,8968,66320,0.011181366629898548,0.924447774887085,0,1.0,{},2,0.1720000000204891,2026-09-13T03:31:41.165860+00:00
1122,focused,motion_direction,motion_L2,8976,66360,0.5346917510032654,16.257305145263672,1,1.0,{},5,0.3910000000614673,2026-09-13T03:31:41.559659+00:00
1123,focused,orientation,orientation_recall_minimal,8984,66400,0.4094414710998535,6.439627170562744,1,0.75,{},5,0.3899999998975545,2026-09-13T03:31:41.946549+00:00
1124,focused,motion_direction,motion_L8,8992,66488,1.2487199306488037,8.52125072479248,1,0.25,{},11,0.8130000000819564,2026-09-13T03:31:42.762130+00:00
1125,focused,orientation,orientation_recall_D4,9000,66576,0.49802711606025696,14.453989028930664,1,0.75,{},11,0.75,2026-09-13T03:31:43.520247+00:00
1126,focused,motion_direction,motion_L2,9008,66616,0.5497382283210754,31.09286117553711,1,0.875,{},5,0.39099999982863665,2026-09-13T03:31:43.914242+00:00
1127,focused,orientation,orientation_recall_minimal,9016,66656,0.6350911259651184,3.942213296890259,1,0.75,{},5,0.35900000017136335,2026-09-13T03:31:44.279737+00:00
1128,focused,motion_direction,motion_L8,9024,66744,0.8806804418563843,11.919529914855957,1,0.875,{},11,0.7819999998901039,2026-09-13T03:31:45.066799+00:00
1129,focused,orientation,orientation_recall_D4,9032,66832,0.6980640888214111,9.511468887329102,1,0.5,{},11,0.7809999999590218,2026-09-13T03:31:45.847416+00:00
1130,focused,motion_direction,motion_L2,9040,66872,0.577059805393219,42.63079071044922,1,0.75,{},5,0.375,2026-09-13T03:31:46.227810+00:00
1131,focused,orientation,orientation_anchor,9048,66888,0.0014109142357483506,0.04813545197248459,0,1.0,{},2,0.1720000000204891,2026-09-13T03:31:46.410334+00:00
1132,focused,orientation,orientation_recall_minimal,9056,66928,0.8243739008903503,30.290645599365234,1,0.5,{},5,0.34399999980814755,2026-09-13T03:31:46.751226+00:00
1133,focused,motion_direction,motion_L8,9064,67016,1.1743502616882324,9.418901443481445,1,0.5,{},11,0.7810000001918525,2026-09-13T03:31:47.536055+00:00
1134,focused,orientation,orientation_recall_D4,9072,67104,0.7146530151367188,22.9305477142334,1,0.375,{},11,0.7660000000614673,2026-09-13T03:31:48.317707+00:00
1135,focused,motion_direction,motion_L2,9080,67144,0.6272188425064087,13.47620677947998,1,0.75,{},5,0.3910000000614673,2026-09-13T03:31:48.722111+00:00
1136,focused,orientation,orientation_recall_minimal,9088,67184,0.3378160893917084,16.92705535888672,1,0.875,{},5,0.375,2026-09-13T03:31:49.088276+00:00
1137,focused,motion_direction,motion_L8,9096,67272,0.9566943645477295,45.34850311279297,1,0.5,{},11,0.8120000001508743,2026-09-13T03:31:49.907006+00:00
1138,focused,orientation,orientation_recall_D4,9104,67360,0.7872745990753174,27.29362678527832,1,0.625,{},11,0.7819999998901039,2026-09-13T03:31:50.684356+00:00
1139,focused,motion_direction,motion_L2,9112,67400,0.5085166096687317,1.5737085342407227,1,0.875,{},5,0.3899999998975545,2026-09-13T03:31:51.074834+00:00
1140,focused,orientation,orientation_recall_minimal,9120,67440,0.3496609032154083,40.06354904174805,1,0.875,{},5,0.3600000001024455,2026-09-13T03:31:51.437950+00:00
1141,focused,motion_direction,motion_anchor,9128,67456,0.016365855932235718,2.383788585662842,1,1.0,{},2,0.2029999999795109,2026-09-13T03:31:51.634502+00:00
1142,focused,motion_direction,motion_L8,9136,67544,1.3012769222259521,35.73122024536133,1,0.5,{},11,0.8119999999180436,2026-09-13T03:31:52.457271+00:00
1143,focused,orientation,orientation_recall_D4,9144,67632,0.693294107913971,148.20196533203125,1,0.5,{},11,0.7810000001918525,2026-09-13T03:31:53.239108+00:00
1144,focused,motion_direction,motion_L2,9152,67672,0.4074760973453522,10.818645477294922,1,1.0,{},5,0.35900000017136335,2026-09-13T03:31:53.610093+00:00
1145,focused,orientation,orientation_recall_minimal,9160,67712,0.4150521159172058,24.563331604003906,1,0.75,{},5,0.39099999982863665,2026-09-13T03:31:53.992283+00:00
1146,focused,motion_direction,motion_L8,9168,67800,1.1606886386871338,50.57954025268555,1,0.5,{},11,0.8440000000409782,2026-09-13T03:31:54.846114+00:00
1147,focused,orientation,orientation_recall_D4,9176,67888,0.726523220539093,22.414278030395508,1,0.625,{},11,0.7970000000204891,2026-09-13T03:31:55.634220+00:00
1148,focused,motion_direction,motion_L2,9184,67928,0.5340170860290527,76.71802520751953,1,0.75,{},5,0.375,2026-09-13T03:31:56.019526+00:00
1149,focused,orientation,orientation_recall_minimal,9192,67968,0.3466089069843292,1.0092744827270508,1,0.875,{},5,0.4059999999590218,2026-09-13T03:31:56.415840+00:00
1150,focused,motion_direction,motion_L8,9200,68056,0.6749510765075684,32.85208511352539,1,0.75,{},11,0.8120000001508743,2026-09-13T03:31:57.239491+00:00
1151,focused,orientation,orientation_anchor,9208,68072,0.005896175280213356,0.10321948677301407,0,1.0,{},2,0.15600000019185245,2026-09-13T03:31:57.405451+00:00
1152,focused,orientation,orientation_recall_D4,9216,68160,0.6952343583106995,7.95436954498291,1,0.5,{},11,0.6879999998491257,2026-09-13T03:31:58.097976+00:00
1153,focused,motion_direction,motion_L2,9224,68200,0.8014996647834778,161.34091186523438,1,0.375,"{""state_mean"": {""input_saturation"": 0.06455078125, ""input_mean"": 0.15818741619586946, ""forget_saturation"": 0.5732421875, ""forget_mean"": 0.9016942501068115, ""output_saturation"": 0.0107421875, ""output_mean"": 0.48697085976600646, ""candidate_saturation"": 0.08017578125, ""state0_rms"": 0.31861149072647094, ""state0_max"": 1.8693434238433837, ""state1_rms"": 0.18450544476509095, ""state1_max"": 0.8189332723617554}, ""state_peak"": {""state0_max"": 3.2137513160705566, ""state1_max"": 0.9806692004203796}, ""early_representation_gradient_norm"": 0.009883509017527103, ""late_representation_gradient_norm"": 0.02828117273747921, ""core_gradient_norm"": 3.6468820571899414, ""recurrent_gradient_rms"": 0.0020271982066333294, ""recurrent_gradient_median_abs"": 4.059937782585621e-05, ""current_gradient_fraction_below_adam_eps"": 3.814697265625e-06, ""effective_recurrent_relative_update"": 0.0050696018151938915}",5,0.39000000013038516,2026-09-13T03:31:58.484659+00:00
1154,focused,orientation,orientation_recall_minimal,9232,68240,0.5265151858329773,36.78963088989258,1,0.75,{},5,0.34399999980814755,2026-09-13T03:31:58.828293+00:00
1155,focused,motion_direction,motion_L8,9240,68328,0.9199210405349731,70.64521789550781,1,0.375,{},11,0.8440000000409782,2026-09-13T03:31:59.666123+00:00
1156,focused,orientation,orientation_recall_D4,9248,68416,0.5832558274269104,21.40004539489746,1,0.75,{},11,0.7660000000614673,2026-09-13T03:32:00.430251+00:00
1157,focused,motion_direction,motion_L2,9256,68456,0.85175621509552,80.27068328857422,1,0.5,{},5,0.375,2026-09-13T03:32:00.817455+00:00
1158,focused,orientation,orientation_recall_minimal,9264,68496,0.3952277898788452,8.528657913208008,1,0.875,{},5,0.3440000000409782,2026-09-13T03:32:01.164955+00:00
1159,focused,motion_direction,motion_L8,9272,68584,1.4107917547225952,61.44166946411133,1,0.375,{},11,0.8279999999795109,2026-09-13T03:32:02.004643+00:00
1160,focused,orientation,orientation_recall_D4,9280,68672,1.0397483110427856,71.87633514404297,1,0.375,{},11,0.7339999999385327,2026-09-13T03:32:02.745943+00:00
1161,focused,motion_direction,motion_anchor,9288,68688,0.04359825327992439,3.955233097076416,1,1.0,{},2,0.1720000000204891,2026-09-13T03:32:02.916307+00:00
1162,focused,motion_direction,motion_L2,9296,68728,1.0845834016799927,99.0413589477539,1,0.375,{},5,0.35900000017136335,2026-09-13T03:32:03.277657+00:00
1163,focused,orientation,orientation_recall_minimal,9304,68768,0.22981402277946472,6.929819107055664,1,1.0,{},5,0.35999999986961484,2026-09-13T03:32:03.634452+00:00
1164,focused,motion_direction,motion_L8,9312,68856,1.6060271263122559,56.85700607299805,1,0.375,{},11,0.8279999999795109,2026-09-13T03:32:04.467963+00:00
1165,focused,orientation,orientation_recall_D4,9320,68944,0.8744104504585266,82.09471893310547,1,0.375,{},11,0.8440000000409782,2026-09-13T03:32:05.309254+00:00
1166,focused,motion_direction,motion_L2,9328,68984,0.5547958016395569,75.7812728881836,1,0.75,{},5,0.3899999998975545,2026-09-13T03:32:05.698276+00:00
1167,focused,orientation,orientation_recall_minimal,9336,69024,0.35298529267311096,29.998966217041016,1,0.75,{},5,0.3440000000409782,2026-09-13T03:32:06.050781+00:00
1168,focused,motion_direction,motion_L8,9344,69112,1.5042818784713745,26.73240852355957,1,0.375,{},11,0.7660000000614673,2026-09-13T03:32:06.817343+00:00
1169,focused,orientation,orientation_recall_D4,9352,69200,0.7114209532737732,38.64988708496094,1,0.25,{},11,0.7350000001024455,2026-09-13T03:32:07.557462+00:00
1170,focused,motion_direction,motion_L2,9360,69240,0.6424946784973145,47.66775894165039,1,0.625,{},5,0.375,2026-09-13T03:32:07.934043+00:00
1171,focused,orientation,orientation_anchor,9368,69256,0.00031213616603054106,0.010828784666955471,0,1.0,{},2,0.17100000008940697,2026-09-13T03:32:08.099845+00:00
1172,focused,orientation,orientation_recall_minimal,9376,69296,0.534268856048584,2.5321404933929443,1,0.75,{},5,0.35999999986961484,2026-09-13T03:32:08.464841+00:00
1173,focused,motion_direction,motion_L8,9384,69384,1.829301118850708,81.2968978881836,1,0.125,{},11,0.875,2026-09-13T03:32:09.351072+00:00
1174,focused,orientation,orientation_recall_D4,9392,69472,0.6417260766029358,8.468374252319336,1,0.75,{},11,0.703999999910593,2026-09-13T03:32:10.067343+00:00
1175,focused,motion_direction,motion_L2,9400,69512,0.5637340545654297,41.100826263427734,1,0.75,{},5,0.3440000000409782,2026-09-13T03:32:10.426853+00:00
1176,focused,orientation,orientation_recall_minimal,9408,69552,0.5281801223754883,79.594482421875,1,0.75,{},5,0.3279999999795109,2026-09-13T03:32:10.767274+00:00
1177,focused,motion_direction,motion_L8,9416,69640,1.0785281658172607,58.66150665283203,1,0.5,{},11,0.8900000001303852,2026-09-13T03:32:11.650221+00:00
1178,focused,orientation,orientation_recall_D4,9424,69728,0.6585360765457153,6.11797571182251,1,0.375,{},11,0.8129999998491257,2026-09-13T03:32:12.470380+00:00
1179,focused,motion_direction,motion_L2,9432,69768,0.6776206493377686,45.78205490112305,1,0.625,{},5,0.3279999999795109,2026-09-13T03:32:12.796752+00:00
1180,focused,orientation,orientation_recall_minimal,9440,69808,0.6387276649475098,12.81177806854248,1,0.625,{},5,0.375,2026-09-13T03:32:13.164586+00:00
1181,focused,motion_direction,motion_anchor,9448,69824,0.0013551455922424793,0.055913496762514114,0,1.0,{},2,0.1720000000204891,2026-09-13T03:32:13.344598+00:00
1182,focused,motion_direction,motion_L8,9456,69912,1.1599748134613037,8.21837329864502,1,0.5,{},11,0.8900000001303852,2026-09-13T03:32:14.241519+00:00
1183,focused,orientation,orientation_recall_D4,9464,70000,0.6844278573989868,9.050490379333496,1,0.625,{},11,0.8279999999795109,2026-09-13T03:32:15.074990+00:00
1184,focused,motion_direction,motion_L2,9472,70040,0.6515445709228516,43.998226165771484,1,0.625,{},5,0.3600000001024455,2026-09-13T03:32:15.436595+00:00
1185,focused,orientation,orientation_recall_minimal,9480,70080,0.4391227960586548,22.99795150756836,1,0.75,{},5,0.3589999999385327,2026-09-13T03:32:15.801235+00:00
1186,focused,motion_direction,motion_L8,9488,70168,1.0583497285842896,23.53510856628418,1,0.375,{},11,0.8119999999180436,2026-09-13T03:32:16.624133+00:00
1187,focused,orientation,orientation_recall_D4,9496,70256,0.645849347114563,20.830076217651367,1,0.75,{},11,0.7190000000409782,2026-09-13T03:32:17.337713+00:00
1188,focused,motion_direction,motion_L2,9504,70296,0.4640454053878784,33.803260803222656,1,1.0,{},5,0.4059999999590218,2026-09-13T03:32:17.751444+00:00
1189,focused,orientation,orientation_recall_minimal,9512,70336,0.6596952676773071,51.93870544433594,1,0.625,{},5,0.3440000000409782,2026-09-13T03:32:18.095075+00:00
1190,focused,motion_direction,motion_L8,9520,70424,0.946074366569519,25.209896087646484,1,0.625,{},11,0.8279999999795109,2026-09-13T03:32:18.913643+00:00
1191,focused,orientation,orientation_anchor,9528,70440,0.003789568319916725,0.1687035858631134,0,1.0,{},2,0.18700000015087426,2026-09-13T03:32:19.101660+00:00
1192,focused,orientation,orientation_recall_D4,9536,70528,0.6570595502853394,12.029290199279785,1,0.5,{},11,0.7819999998901039,2026-09-13T03:32:19.883014+00:00
1193,focused,motion_direction,motion_L2,9544,70568,0.6772226691246033,19.412492752075195,1,0.75,{},5,0.39000000013038516,2026-09-13T03:32:20.279542+00:00
1194,focused,orientation,orientation_recall_minimal,9552,70608,0.558348536491394,14.506860733032227,1,0.75,{},5,0.39099999982863665,2026-09-13T03:32:20.665670+00:00
1195,focused,motion_direction,motion_L8,9560,70696,0.8899631500244141,16.524911880493164,1,0.625,{},11,0.8590000001713634,2026-09-13T03:32:21.535930+00:00
1196,focused,orientation,orientation_recall_D4,9568,70784,0.5986788272857666,11.7389497756958,1,0.625,{},11,0.8120000001508743,2026-09-13T03:32:22.357829+00:00
1197,focused,motion_direction,motion_L2,9576,70824,0.40050166845321655,13.947793006896973,1,1.0,{},5,0.39099999982863665,2026-09-13T03:32:22.742709+00:00
1198,focused,orientation,orientation_recall_minimal,9584,70864,0.3997993767261505,17.724864959716797,1,0.875,{},5,0.375,2026-09-13T03:32:23.120381+00:00
1199,focused,motion_direction,motion_L8,9592,70952,0.7041100859642029,41.8549690246582,1,0.5,{},11,0.8440000000409782,2026-09-13T03:32:23.971264+00:00
1200,focused,orientation,orientation_recall_D4,9600,71040,0.7152078747749329,3.329022169113159,1,0.375,{},11,0.7190000000409782,2026-09-13T03:32:24.694588+00:00
1201,focused,motion_direction,motion_anchor,9608,71056,0.003946652635931969,0.4254891872406006,0,1.0,{},2,0.1720000000204891,2026-09-13T03:32:24.872486+00:00
1202,focused,motion_direction,motion_L2,9616,71096,0.4298550486564636,30.7159423828125,1,0.875,{},5,0.3910000000614673,2026-09-13T03:32:25.258150+00:00
1203,focused,orientation,orientation_recall_minimal,9624,71136,0.4470813572406769,6.881499767303467,1,0.75,{},5,0.375,2026-09-13T03:32:25.640701+00:00
1204,focused,motion_direction,motion_L8,9632,71224,0.7886063456535339,23.25755500793457,1,0.625,{},11,0.8279999999795109,2026-09-13T03:32:26.476916+00:00
1205,focused,orientation,orientation_recall_D4,9640,71312,0.6691814661026001,13.800032615661621,1,0.75,{},11,0.8439999998081475,2026-09-13T03:32:27.328717+00:00
1206,focused,motion_direction,motion_L2,9648,71352,0.6986313462257385,88.6414794921875,1,0.5,{},5,0.4220000000204891,2026-09-13T03:32:27.742880+00:00
1207,focused,orientation,orientation_recall_minimal,9656,71392,0.44135782122612,21.215932846069336,1,0.75,{},5,0.40600000019185245,2026-09-13T03:32:28.159415+00:00
1208,focused,motion_direction,motion_L8,9664,71480,0.9102460145950317,60.56885528564453,1,0.5,{},11,0.9219999997876585,2026-09-13T03:32:29.075867+00:00
1209,focused,orientation,orientation_recall_D4,9672,71568,0.7076045274734497,2.424423933029175,1,0.375,{},11,0.6880000000819564,2026-09-13T03:32:29.766182+00:00
1210,focused,motion_direction,motion_L2,9680,71608,0.7059581279754639,51.26704025268555,1,0.5,{},5,0.375,2026-09-13T03:32:30.142570+00:00
1211,focused,orientation,orientation_anchor,9688,71624,0.00904950313270092,0.4122665226459503,0,1.0,{},2,0.1559999999590218,2026-09-13T03:32:30.294494+00:00
1212,focused,orientation,orientation_recall_minimal,9696,71664,0.39783167839050293,6.390016078948975,1,0.875,{},5,0.3910000000614673,2026-09-13T03:32:30.679621+00:00
1213,focused,motion_direction,motion_L8,9704,71752,1.0760891437530518,33.16560745239258,1,0.625,{},11,0.8279999999795109,2026-09-13T03:32:31.511273+00:00
1214,focused,orientation,orientation_recall_D4,9712,71840,0.6596861481666565,8.113226890563965,1,0.625,{},11,0.7809999999590218,2026-09-13T03:32:32.292145+00:00
1215,focused,motion_direction,motion_L2,9720,71880,0.5352149605751038,32.40420150756836,1,0.75,{},5,0.3440000000409782,2026-09-13T03:32:32.630860+00:00
1216,focused,orientation,orientation_recall_minimal,9728,71920,0.3431965708732605,6.0962982177734375,1,0.875,{},5,0.39000000013038516,2026-09-13T03:32:33.033576+00:00
1217,focused,motion_direction,motion_L8,9736,72008,1.1503642797470093,45.38591003417969,1,0.625,"{""state_mean"": {""input_saturation"": 0.05637428977272727, ""input_mean"": 0.15971660749478775, ""forget_saturation"": 0.5919300426136364, ""forget_mean"": 0.9112888628786261, ""output_saturation"": 0.013671875, ""output_mean"": 0.4898550266569311, ""candidate_saturation"": 0.09157492897727272, ""state0_rms"": 0.5070058595050465, ""state0_max"": 2.8754278638146142, ""state1_rms"": 0.23576354438608343, ""state1_max"": 0.8758606206287037}, ""state_peak"": {""state0_max"": 5.331480503082275, ""state1_max"": 0.9815413951873779}, ""early_representation_gradient_norm"": 0.01349659264087677, ""late_representation_gradient_norm"": 0.024671336635947227, ""core_gradient_norm"": 3.330423593521118, ""recurrent_gradient_rms"": 0.0032430351711809635, ""recurrent_gradient_median_abs"": 0.00010244591248920187, ""current_gradient_fraction_below_adam_eps"": 0.0, ""effective_recurrent_relative_update"": 0.00491685513406992}",11,0.9689999998081475,2026-09-13T03:32:33.994537+00:00
1218,focused,orientation,orientation_recall_D4,9744,72096,0.6528315544128418,14.339813232421875,1,0.625,{},11,0.8440000000409782,2026-09-13T03:32:34.840346+00:00
1219,focused,motion_direction,motion_L2,9752,72136,0.5632294416427612,13.581686019897461,1,0.75,{},5,0.39000000013038516,2026-09-13T03:32:35.230734+00:00
1220,focused,orientation,orientation_recall_minimal,9760,72176,0.43722298741340637,3.0629801750183105,1,0.75,{},5,0.39099999982863665,2026-09-13T03:32:35.616114+00:00
1221,focused,motion_direction,motion_anchor,9768,72192,0.22809413075447083,14.583531379699707,1,0.875,{},2,0.1880000000819564,2026-09-13T03:32:35.804934+00:00
1222,focused,motion_direction,motion_L8,9776,72280,1.2306151390075684,23.083742141723633,1,0.375,{},11,0.8589999999385327,2026-09-13T03:32:36.678221+00:00
1223,focused,orientation,orientation_recall_D4,9784,72368,0.7049531936645508,4.411730766296387,1,0.5,{},11,0.8430000001098961,2026-09-13T03:32:37.528046+00:00
1224,focused,motion_direction,motion_L2,9792,72408,0.6494610905647278,35.33871841430664,1,0.75,{},5,0.5159999998286366,2026-09-13T03:32:38.043702+00:00
1225,focused,orientation,orientation_recall_minimal,9800,72448,0.5216246247291565,13.136273384094238,1,0.75,{},5,0.5,2026-09-13T03:32:38.550804+00:00
1226,focused,motion_direction,motion_L8,9808,72536,1.1024876832962036,15.080069541931152,1,0.25,{},11,1.1410000000614673,2026-09-13T03:32:39.680034+00:00
1227,focused,orientation,orientation_recall_D4,9816,72624,0.7219310998916626,32.01384353637695,1,0.375,{},11,0.8430000001098961,2026-09-13T03:32:40.524042+00:00
1228,focused,motion_direction,motion_L2,9824,72664,0.5792986154556274,78.95903778076172,1,0.875,{},5,0.43799999984912574,2026-09-13T03:32:40.961496+00:00
1229,focused,orientation,orientation_recall_minimal,9832,72704,0.31129100918769836,2.992805242538452,1,0.875,{},5,0.3589999999385327,2026-09-13T03:32:41.331013+00:00
1230,focused,motion_direction,motion_L8,9840,72792,0.7739980220794678,22.89396858215332,1,0.875,{},11,0.8910000000614673,2026-09-13T03:32:42.213245+00:00
1231,focused,orientation,orientation_anchor,9848,72808,0.00237078545615077,0.27872416377067566,0,1.0,{},2,0.1720000000204891,2026-09-13T03:32:42.381617+00:00
1232,focused,orientation,orientation_recall_D4,9856,72896,0.6937378644943237,4.526701927185059,1,0.25,{},11,0.7809999999590218,2026-09-13T03:32:43.163701+00:00
1233,focused,motion_direction,motion_L2,9864,72936,0.9039056301116943,126.43832397460938,1,0.625,{},5,0.4220000000204891,2026-09-13T03:32:43.592511+00:00
1234,focused,orientation,orientation_recall_minimal,9872,72976,0.3402917683124542,51.16060256958008,1,0.875,{},5,0.375,2026-09-13T03:32:43.964334+00:00
1235,focused,motion_direction,motion_L8,9880,73064,1.4455883502960205,44.554996490478516,1,0.375,{},11,0.875,2026-09-13T03:32:44.837897+00:00
1236,focused,orientation,orientation_recall_D4,9888,73152,0.7366002202033997,20.536848068237305,1,0.375,{},11,0.6870000001508743,2026-09-13T03:32:45.524342+00:00
1237,focused,motion_direction,motion_L2,9896,73192,0.7049118876457214,49.22892379760742,1,0.625,{},5,0.46899999980814755,2026-09-13T03:32:45.993263+00:00
1238,focused,orientation,orientation_recall_minimal,9904,73232,0.89288330078125,23.88213348388672,1,0.375,{},5,0.35900000017136335,2026-09-13T03:32:46.353803+00:00
1239,focused,motion_direction,motion_L8,9912,73320,1.1574345827102661,64.89820098876953,1,0.5,{},11,0.75,2026-09-13T03:32:47.116986+00:00
1240,focused,orientation,orientation_recall_D4,9920,73408,0.7630379796028137,71.0988998413086,1,0.625,{},11,0.7970000000204891,2026-09-13T03:32:47.915189+00:00
1241,focused,motion_direction,motion_anchor,9928,73424,0.0034258475061506033,0.2887429893016815,0,1.0,{},2,0.18700000015087426,2026-09-13T03:32:48.101640+00:00
1242,focused,motion_direction,motion_L2,9936,73464,0.45576012134552,37.70785903930664,1,0.875,{},5,0.40699999989010394,2026-09-13T03:32:48.510710+00:00
1243,focused,orientation,orientation_recall_minimal,9944,73504,0.58592689037323,13.13606071472168,1,0.625,{},5,0.3589999999385327,2026-09-13T03:32:48.877566+00:00
1244,focused,motion_direction,motion_L8,9952,73592,1.3948287963867188,21.87705421447754,1,0.25,{},11,0.8590000001713634,2026-09-13T03:32:49.728033+00:00
1245,focused,orientation,orientation_recall_D4,9960,73680,0.6479946970939636,17.6650333404541,1,0.75,{},11,0.7819999998901039,2026-09-13T03:32:50.518155+00:00
1246,focused,motion_direction,motion_L2,9968,73720,0.5898373126983643,45.72517395019531,1,0.625,{},5,0.34300000010989606,2026-09-13T03:32:50.858360+00:00
1247,focused,orientation,orientation_recall_minimal,9976,73760,0.4434826374053955,9.664795875549316,1,0.75,{},5,0.375,2026-09-13T03:32:51.226344+00:00
1248,focused,motion_direction,motion_L8,9984,73848,1.1975886821746826,9.918164253234863,1,0.625,{},11,0.828999999910593,2026-09-13T03:32:52.055848+00:00
1249,focused,orientation,orientation_recall_D4,9992,73936,0.6359145045280457,5.237151622772217,1,0.625,{},11,0.796000000089407,2026-09-13T03:32:52.863070+00:00
1250,focused,motion_direction,motion_L2,10000,73976,0.7714781165122986,47.912044525146484,1,0.625,{},5,0.3910000000614673,2026-09-13T03:32:53.265687+00:00
1251,focused,orientation,orientation_anchor,10008,73992,0.0024028620682656765,0.15782421827316284,0,1.0,{},2,1.827999999979511,2026-09-13T03:33:14.015387+00:00
1252,focused,orientation,orientation_recall_minimal,10016,74032,0.20273162424564362,5.593536853790283,1,1.0,{},5,0.3119999999180436,2026-09-13T03:33:14.319779+00:00
1253,focused,motion_direction,motion_L8,10024,74120,0.939346194267273,10.10090446472168,1,0.625,{},11,0.625,2026-09-13T03:33:14.945441+00:00
1254,focused,orientation,orientation_recall_D4,10032,74208,0.721565842628479,47.32680130004883,1,0.125,{},11,0.5940000000409782,2026-09-13T03:33:15.542400+00:00
1255,focused,motion_direction,motion_L2,10040,74248,0.5375956296920776,26.46492576599121,1,0.875,{},5,0.2970000000204891,2026-09-13T03:33:15.840547+00:00
1256,focused,orientation,orientation_recall_minimal,10048,74288,0.1922667920589447,5.394012928009033,1,1.0,{},5,0.2809999999590218,2026-09-13T03:33:16.120972+00:00
1257,focused,motion_direction,motion_L8,10056,74376,1.1465386152267456,7.894814491271973,1,0.375,{},11,0.6560000001918525,2026-09-13T03:33:16.778336+00:00
1258,focused,orientation,orientation_recall_D4,10064,74464,0.8112455606460571,80.03809356689453,1,0.125,{},11,0.6099999998696148,2026-09-13T03:33:17.383716+00:00
1259,focused,motion_direction,motion_L2,10072,74504,0.4649098515510559,12.83214282989502,1,1.0,{},5,0.3119999999180436,2026-09-13T03:33:17.693907+00:00
1260,focused,orientation,orientation_recall_minimal,10080,74544,0.512362539768219,17.632402420043945,1,0.75,{},5,0.2970000000204891,2026-09-13T03:33:17.993975+00:00
1261,focused,motion_direction,motion_anchor,10088,74560,0.0008110183989629149,0.02075502835214138,0,1.0,{},2,0.23400000017136335,2026-09-13T03:33:18.238505+00:00
1262,focused,motion_direction,motion_L8,10096,74648,1.0947977304458618,47.69476318359375,1,0.5,{},11,1.047000000020489,2026-09-13T03:33:19.277241+00:00
1263,focused,orientation,orientation_recall_D4,10104,74736,0.4109741151332855,14.485118865966797,1,0.875,{},11,0.9849999998696148,2026-09-13T03:33:20.261107+00:00
1264,focused,motion_direction,motion_L2,10112,74776,0.9000554084777832,33.523948669433594,1,0.625,{},5,0.5309999999590218,2026-09-13T03:33:20.792118+00:00
1265,focused,orientation,orientation_recall_minimal,10120,74816,0.4917117953300476,23.074987411499023,1,0.75,{},5,0.5309999999590218,2026-09-13T03:33:21.322670+00:00
1266,focused,motion_direction,motion_L8,10128,74904,1.3629412651062012,70.517333984375,1,0.25,{},11,1.0940000000409782,2026-09-13T03:33:22.426508+00:00
1267,focused,orientation,orientation_recall_D4,10136,74992,0.5067412257194519,27.52947998046875,1,0.875,{},11,0.8589999999385327,2026-09-13T03:33:23.301001+00:00
1268,focused,motion_direction,motion_L2,10144,75032,0.6010161638259888,47.72128677368164,1,0.625,{},5,0.43700000015087426,2026-09-13T03:33:23.726322+00:00
1269,focused,orientation,orientation_recall_minimal,10152,75072,0.30154016613960266,27.621990203857422,1,0.875,{},5,0.40699999989010394,2026-09-13T03:33:24.133851+00:00
1270,focused,motion_direction,motion_L8,10160,75160,1.2823610305786133,28.345848083496094,1,0.375,{},11,0.9529999999795109,2026-09-13T03:33:25.099701+00:00
1271,focused,orientation,orientation_anchor,10168,75176,0.0014801851939409971,0.0753428265452385,0,1.0,{},2,0.18799999984912574,2026-09-13T03:33:25.300680+00:00
1272,focused,orientation,orientation_recall_D4,10176,75264,0.7760410308837891,34.212989807128906,1,0.375,{},11,0.8279999999795109,2026-09-13T03:33:26.130385+00:00
1273,focused,motion_direction,motion_L2,10184,75304,0.622643232345581,30.87919044494629,1,0.75,{},5,0.4059999999590218,2026-09-13T03:33:26.539138+00:00
1274,focused,orientation,orientation_recall_minimal,10192,75344,0.37158095836639404,11.659236907958984,1,0.875,{},5,0.4059999999590218,2026-09-13T03:33:26.946731+00:00
1275,focused,motion_direction,motion_L8,10200,75432,1.0538771152496338,57.282875061035156,1,0.625,{},11,0.9690000000409782,2026-09-13T03:33:27.920449+00:00
1276,focused,orientation,orientation_recall_D4,10208,75520,0.6710675358772278,9.079946517944336,1,0.625,{},11,0.8590000001713634,2026-09-13T03:33:28.775975+00:00
1277,focused,motion_direction,motion_L2,10216,75560,0.45480018854141235,10.029977798461914,1,0.875,{},5,0.4529999999795109,2026-09-13T03:33:29.230151+00:00
1278,focused,orientation,orientation_recall_minimal,10224,75600,0.1823907196521759,19.815778732299805,1,1.0,{},5,0.40699999989010394,2026-09-13T03:33:29.631123+00:00
1279,focused,motion_direction,motion_L8,10232,75688,1.2679927349090576,21.42466926574707,1,0.5,{},11,0.7970000000204891,2026-09-13T03:33:30.435422+00:00
1280,focused,orientation,orientation_recall_D4,10240,75776,0.6553069353103638,26.11689567565918,1,0.5,{},11,0.8430000001098961,2026-09-13T03:33:31.276344+00:00
1281,focused,motion_direction,motion_anchor,10248,75792,0.011221176013350487,1.5108977556228638,1,1.0,"{""state_mean"": {""input_saturation"": 0.081787109375, ""input_mean"": 0.1588049679994583, ""forget_saturation"": 0.600341796875, ""forget_mean"": 0.9177085757255554, ""output_saturation"": 0.021728515625, ""output_mean"": 0.4869450628757477, ""candidate_saturation"": 0.100341796875, ""state0_rms"": 0.24881820380687714, ""state0_max"": 1.2107669115066528, ""state1_rms"": 0.14529180526733398, ""state1_max"": 0.7711513638496399}, ""state_peak"": {""state0_max"": 1.585493564605713, ""state1_max"": 0.8864575028419495}, ""early_representation_gradient_norm"": 0.0011166410986334085, ""late_representation_gradient_norm"": 0.002160313306376338, ""core_gradient_norm"": 0.05008503049612045, ""recurrent_gradient_rms"": 2.3862117814132944e-05, ""recurrent_gradient_median_abs"": 4.7302273742388934e-07, ""current_gradient_fraction_below_adam_eps"": 0.000335693359375, ""effective_recurrent_relative_update"": 0.006578767206519842}",2,0.21800000010989606,2026-09-13T03:33:31.600982+00:00
1282,focused,motion_direction,motion_L2,10256,75832,0.6032534241676331,48.230316162109375,1,0.625,{},5,0.39099999982863665,2026-09-13T03:33:31.998965+00:00
1283,focused,orientation,orientation_recall_minimal,10264,75872,0.2043246626853943,31.4150390625,1,1.0,{},5,0.35900000017136335,2026-09-13T03:33:32.364966+00:00
1284,focused,motion_direction,motion_L8,10272,75960,0.9184748530387878,17.682323455810547,1,0.75,{},11,0.8440000000409782,2026-09-13T03:33:33.219860+00:00
1285,focused,orientation,orientation_recall_D4,10280,76048,0.6719620823860168,163.087646484375,1,0.375,{},11,0.875,2026-09-13T03:33:34.100034+00:00
1286,focused,motion_direction,motion_L2,10288,76088,0.44636470079421997,7.796891212463379,1,1.0,{},5,0.39099999982863665,2026-09-13T03:33:34.500819+00:00
1287,focused,orientation,orientation_recall_minimal,10296,76128,0.14466185867786407,3.7968363761901855,1,1.0,{},5,0.35900000017136335,2026-09-13T03:33:34.855052+00:00
1288,focused,motion_direction,motion_L8,10304,76216,1.1417436599731445,19.100791931152344,1,0.375,{},11,0.875,2026-09-13T03:33:35.734938+00:00
1289,focused,orientation,orientation_recall_D4,10312,76304,0.6917815208435059,105.87277221679688,1,0.625,{},11,0.828999999910593,2026-09-13T03:33:36.562959+00:00
1290,focused,motion_direction,motion_L2,10320,76344,0.5797110795974731,72.1925048828125,1,0.75,{},5,0.5,2026-09-13T03:33:37.061052+00:00
1291,focused,orientation,orientation_anchor,10328,76360,0.0026712347753345966,0.09816627204418182,0,1.0,{},2,0.2029999999795109,2026-09-13T03:33:37.262481+00:00
1292,focused,orientation,orientation_recall_minimal,10336,76400,0.43330511450767517,62.45923614501953,1,0.75,{},5,0.4059999999590218,2026-09-13T03:33:37.665311+00:00
1293,focused,motion_direction,motion_L8,10344,76488,0.9675796627998352,57.2237663269043,1,0.375,{},11,0.9059999999590218,2026-09-13T03:33:38.575821+00:00
1294,focused,orientation,orientation_recall_D4,10352,76576,0.6728797554969788,85.15669250488281,1,0.5,{},11,0.9060000001918525,2026-09-13T03:33:39.478524+00:00
1295,focused,motion_direction,motion_L2,10360,76616,0.6844668388366699,54.53564453125,1,0.625,{},5,0.39099999982863665,2026-09-13T03:33:39.880663+00:00
1296,focused,orientation,orientation_recall_minimal,10368,76656,0.32103973627090454,34.761619567871094,1,0.875,{},5,0.34300000010989606,2026-09-13T03:33:40.230449+00:00
1297,focused,motion_direction,motion_L8,10376,76744,1.145948886871338,23.319793701171875,1,0.375,{},11,0.828999999910593,2026-09-13T03:33:41.068916+00:00
1298,focused,orientation,orientation_recall_D4,10384,76832,0.8179299831390381,135.42283630371094,1,0.5,{},11,0.7970000000204891,2026-09-13T03:33:41.876690+00:00
1299,focused,motion_direction,motion_L2,10392,76872,0.3540746867656708,12.423473358154297,1,1.0,{},5,0.3910000000614673,2026-09-13T03:33:42.264303+00:00
1300,focused,orientation,orientation_recall_minimal,10400,76912,0.5578954219818115,3.9281036853790283,1,0.75,{},5,0.4059999999590218,2026-09-13T03:33:42.672176+00:00
1301,focused,motion_direction,motion_anchor,10408,76928,0.005944129079580307,0.3348642885684967,0,1.0,{},2,0.23400000017136335,2026-09-13T03:33:42.900265+00:00
1302,focused,motion_direction,motion_L8,10416,77016,1.144003987312317,41.24250793457031,1,0.25,{},11,0.9529999999795109,2026-09-13T03:33:43.857929+00:00
1303,focused,orientation,orientation_recall_D4,10424,77104,0.5070047378540039,13.36568832397461,1,0.875,{},11,0.828999999910593,2026-09-13T03:33:44.686740+00:00
1304,focused,motion_direction,motion_L2,10432,77144,0.5330395102500916,66.73423767089844,1,0.75,{},5,0.3899999998975545,2026-09-13T03:33:45.082549+00:00
1305,focused,orientation,orientation_recall_minimal,10440,77184,0.5390380620956421,19.810958862304688,1,0.875,{},5,0.375,2026-09-13T03:33:45.470469+00:00
1306,focused,motion_direction,motion_L8,10448,77272,1.2733805179595947,47.48564147949219,1,0.375,{},11,0.9370000001508743,2026-09-13T03:33:46.403268+00:00
1307,focused,orientation,orientation_recall_D4,10456,77360,0.6000908613204956,19.374065399169922,1,0.75,{},11,0.8279999999795109,2026-09-13T03:33:47.230411+00:00
1308,focused,motion_direction,motion_L2,10464,77400,0.47751790285110474,83.99687194824219,1,0.75,{},5,0.375,2026-09-13T03:33:47.604583+00:00
1309,focused,orientation,orientation_recall_minimal,10472,77440,1.1245301961898804,19.824386596679688,1,0.625,{},5,0.40699999989010394,2026-09-13T03:33:48.010149+00:00
1310,focused,motion_direction,motion_L8,10480,77528,1.206875205039978,29.856969833374023,1,0.375,{},11,0.9369999999180436,2026-09-13T03:33:48.957543+00:00
1311,focused,orientation,orientation_anchor,10488,77544,0.006399835459887981,1.0104990005493164,1,1.0,{},2,0.2190000000409782,2026-09-13T03:33:49.183285+00:00
1312,focused,orientation,orientation_recall_D4,10496,77632,1.0140248537063599,101.65778350830078,1,0.375,{},11,0.8119999999180436,2026-09-13T03:33:49.993969+00:00
1313,focused,motion_direction,motion_L2,10504,77672,0.47361424565315247,56.44285202026367,1,0.75,{},5,0.4220000000204891,2026-09-13T03:33:50.411959+00:00
1314,focused,orientation,orientation_recall_minimal,10512,77712,0.624424397945404,46.17502975463867,1,0.75,{},5,0.4220000000204891,2026-09-13T03:33:50.846886+00:00
1315,focused,motion_direction,motion_L8,10520,77800,1.1407815217971802,17.467073440551758,1,0.5,{},11,1.0,2026-09-13T03:33:51.842429+00:00
1316,focused,orientation,orientation_recall_D4,10528,77888,0.6288623213768005,23.682485580444336,1,0.75,{},11,0.8120000001508743,2026-09-13T03:33:52.648447+00:00
1317,focused,motion_direction,motion_L2,10536,77928,0.5100245475769043,43.84944534301758,1,0.75,{},5,0.42199999978765845,2026-09-13T03:33:53.072324+00:00
1318,focused,orientation,orientation_recall_minimal,10544,77968,0.5195457935333252,11.791879653930664,1,0.75,{},5,0.40600000019185245,2026-09-13T03:33:53.480000+00:00
1319,focused,motion_direction,motion_L8,10552,78056,1.3142645359039307,33.558990478515625,1,0.375,{},11,0.8909999998286366,2026-09-13T03:33:54.380601+00:00
1320,focused,orientation,orientation_recall_D4,10560,78144,0.7965249419212341,131.51089477539062,1,0.625,{},11,0.8430000001098961,2026-09-13T03:33:55.237008+00:00
1321,focused,motion_direction,motion_anchor,10568,78160,0.017686981707811356,1.1438127756118774,1,1.0,{},2,0.21899999980814755,2026-09-13T03:33:55.454181+00:00
1322,focused,motion_direction,motion_L2,10576,78200,1.1014270782470703,130.33285522460938,1,0.25,{},5,0.4690000000409782,2026-09-13T03:33:55.918237+00:00
1323,focused,orientation,orientation_recall_minimal,10584,78240,0.18280279636383057,32.82474899291992,1,1.0,{},5,0.4220000000204891,2026-09-13T03:33:56.336559+00:00
1324,focused,motion_direction,motion_L8,10592,78328,0.963236927986145,25.3174991607666,1,0.375,{},11,0.9370000001508743,2026-09-13T03:33:57.274565+00:00
1325,focused,orientation,orientation_recall_D4,10600,78416,0.8297358751296997,66.02159881591797,1,0.125,{},11,0.875,2026-09-13T03:33:58.152236+00:00
1326,focused,motion_direction,motion_L2,10608,78456,0.6577067375183105,12.51875114440918,1,0.75,{},5,0.39099999982863665,2026-09-13T03:33:58.550604+00:00
1327,focused,orientation,orientation_recall_minimal,10616,78496,0.24433575570583344,10.138971328735352,1,0.875,{},5,0.4059999999590218,2026-09-13T03:33:58.963739+00:00
1328,focused,motion_direction,motion_L8,10624,78584,0.7443206906318665,12.174299240112305,1,0.75,{},11,0.9220000000204891,2026-09-13T03:33:59.885516+00:00
1329,focused,orientation,orientation_recall_D4,10632,78672,0.5818650126457214,10.626924514770508,1,0.75,{},11,0.7970000000204891,2026-09-13T03:34:00.687411+00:00
1330,focused,motion_direction,motion_L2,10640,78712,0.9324783086776733,97.75482940673828,1,0.625,{},5,0.42100000008940697,2026-09-13T03:34:01.102707+00:00
1331,focused,orientation,orientation_anchor,10648,78728,0.0032375091686844826,0.25733691453933716,0,1.0,{},2,0.1720000000204891,2026-09-13T03:34:01.285285+00:00
1332,focused,orientation,orientation_recall_minimal,10656,78768,0.8593236207962036,102.98616027832031,1,0.5,{},5,0.42199999978765845,2026-09-13T03:34:01.703848+00:00
1333,focused,motion_direction,motion_L8,10664,78856,1.337952733039856,187.1599578857422,1,0.5,{},11,0.8910000000614673,2026-09-13T03:34:02.593342+00:00
1334,focused,orientation,orientation_recall_D4,10672,78944,1.2224544286727905,104.45635986328125,1,0.5,{},11,0.7970000000204891,2026-09-13T03:34:03.390057+00:00
1335,focused,motion_direction,motion_L2,10680,78984,0.7716149687767029,81.53328704833984,1,0.75,{},5,0.4220000000204891,2026-09-13T03:34:03.802687+00:00
1336,focused,orientation,orientation_recall_minimal,10688,79024,0.4966283142566681,70.13849639892578,1,0.75,{},5,0.375,2026-09-13T03:34:04.188330+00:00
1337,focused,motion_direction,motion_L8,10696,79112,1.0982656478881836,43.651817321777344,1,0.5,{},11,0.9839999999385327,2026-09-13T03:34:05.169266+00:00
1338,focused,orientation,orientation_recall_D4,10704,79200,0.6582309007644653,5.973299503326416,1,0.375,{},11,0.8279999999795109,2026-09-13T03:34:06.002753+00:00
1339,focused,motion_direction,motion_L2,10712,79240,0.6052061915397644,39.11272048950195,1,0.75,{},5,0.4380000000819564,2026-09-13T03:34:06.443312+00:00
1340,focused,orientation,orientation_recall_minimal,10720,79280,0.5098892450332642,25.16412353515625,1,0.625,{},5,0.3910000000614673,2026-09-13T03:34:06.845049+00:00
1341,focused,motion_direction,motion_anchor,10728,79296,0.007763959933072329,1.9396617412567139,1,1.0,{},2,0.1720000000204891,2026-09-13T03:34:07.019124+00:00
1342,focused,motion_direction,motion_L8,10736,79384,1.2222833633422852,24.09796905517578,1,0.25,{},11,0.9680000001098961,2026-09-13T03:34:07.978808+00:00
1343,focused,orientation,orientation_recall_D4,10744,79472,0.6841213703155518,105.81046295166016,1,0.5,{},11,0.828999999910593,2026-09-13T03:34:08.811136+00:00
1344,focused,motion_direction,motion_L2,10752,79512,0.836094319820404,115.11151885986328,1,0.5,{},5,0.4059999999590218,2026-09-13T03:34:09.214721+00:00
1345,focused,orientation,orientation_recall_minimal,10760,79552,0.5011602640151978,5.2310791015625,1,0.625,"{""state_mean"": {""input_saturation"": 0.09169921875, ""input_mean"": 0.15849352180957793, ""forget_saturation"": 0.587890625, ""forget_mean"": 0.8942483425140381, ""output_saturation"": 0.01259765625, ""output_mean"": 0.49395268559455874, ""candidate_saturation"": 0.0857421875, ""state0_rms"": 0.42217386662960055, ""state0_max"": 2.010681712627411, ""state1_rms"": 0.17916736155748367, ""state1_max"": 0.8089019536972046}, ""state_peak"": {""state0_max"": 3.4559643268585205, ""state1_max"": 0.9527137875556946}, ""early_representation_gradient_norm"": 0.003326617181301117, ""late_representation_gradient_norm"": 0.11929986625909805, ""core_gradient_norm"": 0.592782735824585, ""recurrent_gradient_rms"": 0.0005508858012035489, ""recurrent_gradient_median_abs"": 1.2213336958666332e-05, ""current_gradient_fraction_below_adam_eps"": 1.9073486328125e-05, ""effective_recurrent_relative_update"": 0.0057226368226110935}",5,0.375,2026-09-13T03:34:09.586796+00:00
1346,focused,motion_direction,motion_L8,10768,79640,1.0186262130737305,10.65866756439209,1,0.5,{},11,0.8900000001303852,2026-09-13T03:34:10.488689+00:00
1347,focused,orientation,orientation_recall_D4,10776,79728,1.0056920051574707,141.10769653320312,1,0.25,{},11,0.8909999998286366,2026-09-13T03:34:11.373445+00:00
1348,focused,motion_direction,motion_L2,10784,79768,0.5328728556632996,28.79013442993164,1,0.875,{},5,0.3910000000614673,2026-09-13T03:34:11.766864+00:00
1349,focused,orientation,orientation_recall_minimal,10792,79808,0.6428486704826355,10.961019515991211,1,0.625,{},5,0.4059999999590218,2026-09-13T03:34:12.166313+00:00
1350,focused,motion_direction,motion_L8,10800,79896,0.7050830721855164,15.945826530456543,1,0.75,{},11,0.9220000000204891,2026-09-13T03:34:13.098465+00:00
1351,focused,orientation,orientation_anchor,10808,79912,0.0051833041943609715,0.2849797308444977,0,1.0,{},2,0.15699999989010394,2026-09-13T03:34:13.261228+00:00
1352,focused,orientation,orientation_recall_D4,10816,80000,0.7190538644790649,43.120704650878906,1,0.375,{},11,0.8900000001303852,2026-09-13T03:34:14.148472+00:00
1353,focused,motion_direction,motion_L2,10824,80040,0.6200602650642395,37.645042419433594,1,0.75,{},5,0.40699999989010394,2026-09-13T03:34:14.567030+00:00
1354,focused,orientation,orientation_recall_minimal,10832,80080,0.4263055622577667,44.622169494628906,1,0.75,{},5,0.4380000000819564,2026-09-13T03:34:15.011506+00:00
1355,focused,motion_direction,motion_L8,10840,80168,1.141038417816162,20.282352447509766,1,0.5,{},11,0.8279999999795109,2026-09-13T03:34:15.844793+00:00
1356,focused,orientation,orientation_recall_D4,10848,80256,0.7325663566589355,10.007427215576172,1,0.5,{},11,0.75,2026-09-13T03:34:16.588272+00:00
1357,focused,motion_direction,motion_L2,10856,80296,0.8736934065818787,41.10619354248047,1,0.5,{},5,0.375,2026-09-13T03:34:16.970411+00:00
1358,focused,orientation,orientation_recall_minimal,10864,80336,0.5271937847137451,16.049842834472656,1,0.75,{},5,0.3589999999385327,2026-09-13T03:34:17.327777+00:00
1359,focused,motion_direction,motion_L8,10872,80424,1.2954692840576172,22.41500473022461,1,0.5,{},11,0.9060000001918525,2026-09-13T03:34:18.236514+00:00
1360,focused,orientation,orientation_recall_D4,10880,80512,0.6456323862075806,4.577441692352295,1,0.625,{},11,0.703999999910593,2026-09-13T03:34:18.943859+00:00
1361,focused,motion_direction,motion_anchor,10888,80528,0.003948827274143696,0.5789849758148193,0,1.0,{},2,0.15600000019185245,2026-09-13T03:34:19.105315+00:00
1362,focused,motion_direction,motion_L2,10896,80568,0.700283944606781,47.043731689453125,1,0.625,{},5,0.32899999991059303,2026-09-13T03:34:19.440950+00:00
1363,focused,orientation,orientation_recall_minimal,10904,80608,0.6117697358131409,12.822635650634766,1,0.625,{},5,0.3279999999795109,2026-09-13T03:34:19.767189+00:00
1364,focused,motion_direction,motion_L8,10912,80696,1.1549595594406128,72.57569122314453,1,0.625,{},11,0.7650000001303852,2026-09-13T03:34:20.534905+00:00
1365,focused,orientation,orientation_recall_D4,10920,80784,0.6815974116325378,10.507336616516113,1,0.5,{},11,0.8120000001508743,2026-09-13T03:34:21.351957+00:00
1366,focused,motion_direction,motion_L2,10928,80824,0.6737933158874512,18.790660858154297,1,0.75,{},5,0.31299999984912574,2026-09-13T03:34:21.670396+00:00
1367,focused,orientation,orientation_recall_minimal,10936,80864,0.8155895471572876,11.307610511779785,1,0.375,{},5,0.2970000000204891,2026-09-13T03:34:21.974078+00:00
1368,focused,motion_direction,motion_L8,10944,80952,0.750005841255188,9.973780632019043,1,0.625,{},11,0.6569999998901039,2026-09-13T03:34:22.634530+00:00
1369,focused,orientation,orientation_recall_D4,10952,81040,0.70639967918396,0.9778093695640564,0,0.5,{},11,0.625,2026-09-13T03:34:23.263393+00:00
1370,focused,motion_direction,motion_L2,10960,81080,0.596673846244812,21.237552642822266,1,0.75,{},5,0.3119999999180436,2026-09-13T03:34:23.578194+00:00
1371,focused,orientation,orientation_anchor,10968,81096,0.010832615196704865,0.47813910245895386,0,1.0,{},2,0.1410000000614673,2026-09-13T03:34:23.715053+00:00
1372,focused,orientation,orientation_recall_minimal,10976,81136,0.25120967626571655,4.317432403564453,1,1.0,{},5,0.3279999999795109,2026-09-13T03:34:24.037915+00:00
1373,focused,motion_direction,motion_L8,10984,81224,1.2851717472076416,29.05419921875,1,0.375,{},11,0.6720000000204891,2026-09-13T03:34:24.722415+00:00
1374,focused,orientation,orientation_recall_D4,10992,81312,0.617652416229248,3.679612874984741,1,0.625,{},11,0.6099999998696148,2026-09-13T03:34:25.336604+00:00
1375,focused,motion_direction,motion_L2,11000,81352,0.530411422252655,24.9475040435791,1,0.875,{},5,0.2970000000204891,2026-09-13T03:34:25.644307+00:00
1376,focused,orientation,orientation_recall_minimal,11008,81392,0.2828616797924042,7.652597427368164,1,0.875,{},5,0.2970000000204891,2026-09-13T03:34:25.930514+00:00
1377,focused,motion_direction,motion_L8,11016,81480,1.2797601222991943,18.889198303222656,1,0.125,{},11,0.6399999998975545,2026-09-13T03:34:26.570505+00:00
1378,focused,orientation,orientation_recall_D4,11024,81568,0.6441704630851746,12.982356071472168,1,0.625,{},11,0.625,2026-09-13T03:34:27.210314+00:00
1379,focused,motion_direction,motion_L2,11032,81608,0.5389825701713562,25.473526000976562,1,0.75,{},5,0.3279999999795109,2026-09-13T03:34:27.551767+00:00
1380,focused,orientation,orientation_recall_minimal,11040,81648,0.4373287856578827,40.18876647949219,1,0.875,{},5,0.3119999999180436,2026-09-13T03:34:27.865148+00:00
1381,focused,motion_direction,motion_anchor,11048,81664,0.0028903973288834095,0.2223709672689438,0,1.0,{},2,0.15600000019185245,2026-09-13T03:34:28.027303+00:00
1382,focused,motion_direction,motion_L8,11056,81752,0.7813792824745178,31.43741226196289,1,0.625,{},11,0.6409999998286366,2026-09-13T03:34:28.672508+00:00
1383,focused,orientation,orientation_recall_D4,11064,81840,0.6607822179794312,28.925949096679688,1,0.625,{},11,0.6559999999590218,2026-09-13T03:34:29.327879+00:00
1384,focused,motion_direction,motion_L2,11072,81880,0.5358057618141174,33.80522918701172,1,0.75,{},5,0.3130000000819564,2026-09-13T03:34:29.633338+00:00
1385,focused,orientation,orientation_recall_minimal,11080,81920,0.35826608538627625,8.783292770385742,1,0.875,{},5,0.2970000000204891,2026-09-13T03:34:29.934587+00:00
1386,focused,motion_direction,motion_L8,11088,82008,0.8651092648506165,15.804990768432617,1,0.5,{},11,0.6399999998975545,2026-09-13T03:34:30.572895+00:00
1387,focused,orientation,orientation_recall_D4,11096,82096,0.6886549592018127,57.96860122680664,1,0.5,{},11,0.6100000001024455,2026-09-13T03:34:31.188631+00:00
1388,focused,motion_direction,motion_L2,11104,82136,0.40598538517951965,3.067960500717163,1,1.0,{},5,0.34300000010989606,2026-09-13T03:34:31.525739+00:00
1389,focused,orientation,orientation_recall_minimal,11112,82176,0.5987765789031982,36.71636962890625,1,0.625,{},5,0.3279999999795109,2026-09-13T03:34:31.862919+00:00
1390,focused,motion_direction,motion_L8,11120,82264,1.1842931509017944,35.1197624206543,1,0.625,{},11,1.125,2026-09-13T03:34:32.978415+00:00
1391,focused,orientation,orientation_anchor,11128,82280,0.034678053110837936,1.9967714548110962,1,1.0,{},2,0.1720000000204891,2026-09-13T03:34:33.153515+00:00
1392,focused,orientation,orientation_recall_D4,11136,82368,0.843268632888794,26.290998458862305,1,0.375,{},11,0.6719999997876585,2026-09-13T03:34:33.829380+00:00
1393,focused,motion_direction,motion_L2,11144,82408,0.5110756754875183,58.06773376464844,1,0.75,{},5,0.3130000000819564,2026-09-13T03:34:34.135767+00:00
1394,focused,orientation,orientation_recall_minimal,11152,82448,0.13813786208629608,3.914640188217163,1,1.0,{},5,0.2970000000204891,2026-09-13T03:34:34.430488+00:00
1395,focused,motion_direction,motion_L8,11160,82536,0.932496964931488,43.04637908935547,1,0.375,{},11,0.671000000089407,2026-09-13T03:34:35.108645+00:00
1396,focused,orientation,orientation_recall_D4,11168,82624,0.6653669476509094,6.5412092208862305,1,0.625,{},11,0.625,2026-09-13T03:34:35.740221+00:00
1397,focused,motion_direction,motion_L2,11176,82664,0.37004756927490234,15.649796485900879,1,1.0,{},5,0.3279999999795109,2026-09-13T03:34:36.072111+00:00
1398,focused,orientation,orientation_recall_minimal,11184,82704,0.8375959396362305,47.62285232543945,1,0.5,{},5,0.32800000021234155,2026-09-13T03:34:36.400264+00:00
1399,focused,motion_direction,motion_L8,11192,82792,0.8654385805130005,15.933370590209961,1,0.625,{},11,0.7819999998901039,2026-09-13T03:34:37.180217+00:00
1400,focused,orientation,orientation_recall_D4,11200,82880,0.5372952222824097,21.74443817138672,1,0.75,{},11,0.7339999999385327,2026-09-13T03:34:37.926920+00:00
1401,focused,motion_direction,motion_anchor,11208,82896,0.049023739993572235,6.0525102615356445,1,1.0,{},2,0.1559999999590218,2026-09-13T03:34:38.088390+00:00
1402,focused,motion_direction,motion_L2,11216,82936,0.38847386837005615,37.36962127685547,1,1.0,{},5,0.3440000000409782,2026-09-13T03:34:38.442496+00:00
1403,focused,orientation,orientation_recall_minimal,11224,82976,0.5182563662528992,35.93324661254883,1,0.75,{},5,0.32800000021234155,2026-09-13T03:34:38.786221+00:00
1404,focused,motion_direction,motion_L8,11232,83064,0.7411203980445862,15.585623741149902,1,0.625,{},11,0.75,2026-09-13T03:34:39.547674+00:00
1405,focused,orientation,orientation_recall_D4,11240,83152,0.6034322381019592,50.886634826660156,1,0.625,{},11,1.0309999999590218,2026-09-13T03:34:40.570139+00:00
1406,focused,motion_direction,motion_L2,11248,83192,0.5076262354850769,34.648136138916016,1,0.875,{},5,0.375,2026-09-13T03:34:40.951659+00:00
1407,focused,orientation,orientation_recall_minimal,11256,83232,0.5092675685882568,60.43122482299805,1,0.75,{},5,0.45300000021234155,2026-09-13T03:34:41.399146+00:00
1408,focused,motion_direction,motion_L8,11264,83320,1.080711841583252,9.551831245422363,1,0.625,{},11,0.875,2026-09-13T03:34:42.280561+00:00
1409,focused,orientation,orientation_recall_D4,11272,83408,0.41298359632492065,2.6361501216888428,1,0.875,"{""state_mean"": {""input_saturation"": 0.08442826704545454, ""input_mean"": 0.15776229852979834, ""forget_saturation"": 0.5925514914772727, ""forget_mean"": 0.8964131528680975, ""output_saturation"": 0.013938210227272728, ""output_mean"": 0.49172512509606103, ""candidate_saturation"": 0.07670454545454546, ""state0_rms"": 0.799365608529611, ""state0_max"": 4.191076484593478, ""state1_rms"": 0.24546738849444824, ""state1_max"": 0.8775099434635856}, ""state_peak"": {""state0_max"": 7.80934476852417, ""state1_max"": 0.9807413220405579}, ""early_representation_gradient_norm"": 0.0014205630868673325, ""late_representation_gradient_norm"": 0.05878445878624916, ""core_gradient_norm"": 0.8487177491188049, ""recurrent_gradient_rms"": 0.000836873659864068, ""recurrent_gradient_median_abs"": 4.907564289169386e-05, ""current_gradient_fraction_below_adam_eps"": 0.0, ""effective_recurrent_relative_update"": 0.019100625067949295}",11,0.75,2026-09-13T03:34:43.029455+00:00
1410,focused,motion_direction,motion_L2,11280,83448,0.36924323439598083,14.189676284790039,1,0.875,{},5,0.35999999986961484,2026-09-13T03:34:43.381027+00:00
1411,focused,orientation,orientation_anchor,11288,83464,0.0001312444801442325,0.006842310540378094,0,1.0,{},2,0.14000000013038516,2026-09-13T03:34:43.528834+00:00
1412,focused,orientation,orientation_recall_minimal,11296,83504,0.9106552600860596,30.210351943969727,1,0.625,{},5,0.3279999999795109,2026-09-13T03:34:43.856236+00:00
1413,focused,motion_direction,motion_L8,11304,83592,1.481543779373169,23.34786033630371,1,0.375,{},11,0.7349999998696148,2026-09-13T03:34:44.585496+00:00
1414,focused,orientation,orientation_recall_D4,11312,83680,0.5492345094680786,49.519248962402344,1,0.625,{},11,0.875,2026-09-13T03:34:45.472423+00:00
1415,focused,motion_direction,motion_L2,11320,83720,0.6100087761878967,58.44674301147461,1,0.75,{},5,0.4220000000204891,2026-09-13T03:34:45.889265+00:00
1416,focused,orientation,orientation_recall_minimal,11328,83760,0.14379745721817017,23.38372230529785,1,1.0,{},5,0.3279999999795109,2026-09-13T03:34:46.219514+00:00
1417,focused,motion_direction,motion_L8,11336,83848,1.2612227201461792,59.95688247680664,1,0.375,{},11,0.8900000001303852,2026-09-13T03:34:47.103597+00:00
1418,focused,orientation,orientation_recall_D4,11344,83936,0.8539336919784546,12.115616798400879,1,0.5,{},11,0.6879999998491257,2026-09-13T03:34:47.803717+00:00
1419,focused,motion_direction,motion_L2,11352,83976,0.4565410315990448,68.41079711914062,1,0.875,{},5,0.3279999999795109,2026-09-13T03:34:48.137780+00:00
1420,focused,orientation,orientation_recall_minimal,11360,84016,0.5539538860321045,81.82917022705078,1,0.625,{},5,0.3119999999180436,2026-09-13T03:34:48.449196+00:00
1421,focused,motion_direction,motion_anchor,11368,84032,0.0006832462386228144,0.056949760764837265,0,1.0,{},2,0.1410000000614673,2026-09-13T03:34:48.595062+00:00
1422,focused,motion_direction,motion_L8,11376,84120,0.7478845119476318,19.44171714782715,1,0.5,{},11,0.7339999999385327,2026-09-13T03:34:49.331798+00:00
1423,focused,orientation,orientation_recall_D4,11384,84208,0.715964674949646,8.686838150024414,1,0.625,{},11,0.6720000000204891,2026-09-13T03:34:50.004266+00:00
1424,focused,motion_direction,motion_L2,11392,84248,0.5466963648796082,39.193626403808594,1,0.875,{},5,0.3440000000409782,2026-09-13T03:34:50.347045+00:00
1425,focused,orientation,orientation_recall_minimal,11400,84288,0.5746612548828125,12.331098556518555,1,0.75,{},5,0.3279999999795109,2026-09-13T03:34:50.673790+00:00
1426,focused,motion_direction,motion_L8,11408,84376,0.8169942498207092,17.169301986694336,1,0.5,{},11,0.75,2026-09-13T03:34:51.418833+00:00
1427,focused,orientation,orientation_recall_D4,11416,84464,1.2205348014831543,185.84556579589844,1,0.25,{},11,0.6720000000204891,2026-09-13T03:34:52.098833+00:00
1428,focused,motion_direction,motion_L2,11424,84504,1.1029070615768433,26.051593780517578,1,0.625,{},5,0.34399999980814755,2026-09-13T03:34:52.448335+00:00
1429,focused,orientation,orientation_recall_minimal,11432,84544,0.4733206331729889,69.41537475585938,1,0.75,{},5,0.3600000001024455,2026-09-13T03:34:52.814997+00:00
1430,focused,motion_direction,motion_L8,11440,84632,0.8662230968475342,9.524003982543945,1,0.5,{},11,0.7649999998975545,2026-09-13T03:34:53.579582+00:00
1431,focused,orientation,orientation_anchor,11448,84648,0.0004088390269316733,0.02241753228008747,0,1.0,{},2,0.1720000000204891,2026-09-13T03:34:53.743747+00:00
1432,focused,orientation,orientation_recall_D4,11456,84736,1.151663064956665,151.5804901123047,1,0.5,{},11,0.6560000001918525,2026-09-13T03:34:54.413325+00:00
1433,focused,motion_direction,motion_L2,11464,84776,0.5073719024658203,51.0991096496582,1,1.0,{},5,0.3440000000409782,2026-09-13T03:34:54.768290+00:00
1434,focused,orientation,orientation_recall_minimal,11472,84816,0.5771339535713196,46.3698844909668,1,0.625,{},5,0.3279999999795109,2026-09-13T03:34:55.097578+00:00
1435,focused,motion_direction,motion_L8,11480,84904,0.8377978801727295,28.452699661254883,1,0.625,{},11,0.7970000000204891,2026-09-13T03:34:55.897796+00:00
1436,focused,orientation,orientation_recall_D4,11488,84992,0.5119991898536682,26.172704696655273,1,0.625,{},11,0.6719999997876585,2026-09-13T03:34:56.581264+00:00
1437,focused,motion_direction,motion_L2,11496,85032,0.48491984605789185,21.132333755493164,1,0.75,{},5,0.3600000001024455,2026-09-13T03:34:56.935634+00:00
1438,focused,orientation,orientation_recall_minimal,11504,85072,0.2561211585998535,31.018798828125,1,0.875,{},5,0.3119999999180436,2026-09-13T03:34:57.247175+00:00
1439,focused,motion_direction,motion_L8,11512,85160,1.1203902959823608,53.33586883544922,1,0.625,{},11,0.6880000000819564,2026-09-13T03:34:57.945709+00:00
1440,focused,orientation,orientation_recall_D4,11520,85248,0.6957008242607117,91.87969970703125,1,0.5,{},11,0.7660000000614673,2026-09-13T03:34:58.720541+00:00
1441,focused,motion_direction,motion_anchor,11528,85264,0.05226082354784012,7.761554718017578,1,1.0,{},2,0.1559999999590218,2026-09-13T03:34:58.870908+00:00
1442,focused,motion_direction,motion_L2,11536,85304,1.2355550527572632,122.04427337646484,1,0.375,{},5,0.3279999999795109,2026-09-13T03:34:59.198375+00:00
1443,focused,orientation,orientation_recall_minimal,11544,85344,0.6894996762275696,103.84647369384766,1,0.5,{},5,0.3910000000614673,2026-09-13T03:34:59.598988+00:00
1444,focused,motion_direction,motion_L8,11552,85432,1.1100736856460571,14.566793441772461,1,0.625,{},11,0.7349999998696148,2026-09-13T03:35:00.338807+00:00
1445,focused,orientation,orientation_recall_D4,11560,85520,0.9336292147636414,121.37727355957031,1,0.5,{},11,1.0150000001303852,2026-09-13T03:35:01.366343+00:00
1446,focused,motion_direction,motion_L2,11568,85560,0.8037782907485962,55.435184478759766,1,0.625,{},5,0.4690000000409782,2026-09-13T03:35:01.848586+00:00
1447,focused,orientation,orientation_recall_minimal,11576,85600,0.451513409614563,17.093385696411133,1,0.75,{},5,0.43799999984912574,2026-09-13T03:35:02.300295+00:00
1448,focused,motion_direction,motion_L8,11584,85688,0.7532035708427429,31.784435272216797,1,0.625,{},11,0.9839999999385327,2026-09-13T03:35:03.290690+00:00
1449,focused,orientation,orientation_recall_D4,11592,85776,0.4896865487098694,37.19627380371094,1,0.75,{},11,0.8590000001713634,2026-09-13T03:35:04.152585+00:00
1450,focused,motion_direction,motion_L2,11600,85816,0.5913839936256409,6.294833183288574,1,0.875,{},5,0.42199999978765845,2026-09-13T03:35:04.582725+00:00
1451,focused,orientation,orientation_anchor,11608,85832,0.0007538928766734898,0.10093173384666443,0,1.0,{},2,0.18700000015087426,2026-09-13T03:35:04.774525+00:00
1452,focused,orientation,orientation_recall_minimal,11616,85872,0.39166146516799927,14.193843841552734,1,0.875,{},5,0.5,2026-09-13T03:35:05.281031+00:00
1453,focused,motion_direction,motion_L8,11624,85960,0.6846882104873657,19.713619232177734,1,0.75,{},11,0.9379999998491257,2026-09-13T03:35:06.227951+00:00
1454,focused,orientation,orientation_recall_D4,11632,86048,0.7132972478866577,47.54808807373047,1,0.5,{},11,0.8439999998081475,2026-09-13T03:35:07.081227+00:00
1455,focused,motion_direction,motion_L2,11640,86088,0.7183263897895813,56.03044509887695,1,0.75,{},5,0.3440000000409782,2026-09-13T03:35:07.422873+00:00
1456,focused,orientation,orientation_recall_minimal,11648,86128,0.1977538764476776,9.575305938720703,1,1.0,{},5,0.3910000000614673,2026-09-13T03:35:07.814870+00:00
1457,focused,motion_direction,motion_L8,11656,86216,1.3669551610946655,33.97274398803711,1,0.625,{},11,0.9059999999590218,2026-09-13T03:35:08.713609+00:00
1458,focused,orientation,orientation_recall_D4,11664,86304,1.1256701946258545,95.11050415039062,1,0.375,{},11,0.9370000001508743,2026-09-13T03:35:09.655114+00:00
1459,focused,motion_direction,motion_L2,11672,86344,0.6823969483375549,23.42650604248047,1,0.625,{},5,0.39099999982863665,2026-09-13T03:35:10.048275+00:00
1460,focused,orientation,orientation_recall_minimal,11680,86384,0.44105976819992065,57.79554748535156,1,0.75,{},5,0.35900000017136335,2026-09-13T03:35:10.408975+00:00
1461,focused,motion_direction,motion_anchor,11688,86400,0.0007733842357993126,0.04023332521319389,0,1.0,{},2,0.18799999984912574,2026-09-13T03:35:10.597534+00:00
1462,focused,motion_direction,motion_L8,11696,86488,1.054510474205017,45.07176971435547,1,0.375,{},11,0.9059999999590218,2026-09-13T03:35:11.502474+00:00
1463,focused,orientation,orientation_recall_D4,11704,86576,0.4752421975135803,2.9044415950775146,1,0.75,{},11,0.8440000000409782,2026-09-13T03:35:12.345790+00:00
1464,focused,motion_direction,motion_L2,11712,86616,0.6465587615966797,13.645511627197266,1,0.75,{},5,0.375,2026-09-13T03:35:12.724006+00:00
1465,focused,orientation,orientation_recall_minimal,11720,86656,0.7202963829040527,14.563318252563477,1,0.625,{},5,0.39099999982863665,2026-09-13T03:35:13.120711+00:00
1466,focused,motion_direction,motion_L8,11728,86744,0.6657974123954773,44.79188537597656,1,0.75,{},11,0.8910000000614673,2026-09-13T03:35:14.010774+00:00
1467,focused,orientation,orientation_recall_D4,11736,86832,0.8026523590087891,12.90144157409668,1,0.5,{},11,0.8119999999180436,2026-09-13T03:35:14.828387+00:00
1468,focused,motion_direction,motion_L2,11744,86872,0.6720443964004517,46.863773345947266,1,0.625,{},5,0.4380000000819564,2026-09-13T03:35:15.264170+00:00
1469,focused,orientation,orientation_recall_minimal,11752,86912,0.14266973733901978,8.579912185668945,1,1.0,{},5,0.4059999999590218,2026-09-13T03:35:15.663328+00:00
1470,focused,motion_direction,motion_L8,11760,87000,1.693180799484253,88.8046646118164,1,0.25,{},11,0.875,2026-09-13T03:35:16.550695+00:00
1471,focused,orientation,orientation_anchor,11768,87016,0.008124087937176228,0.4159298241138458,0,1.0,{},2,0.18700000015087426,2026-09-13T03:35:16.728635+00:00
1472,focused,orientation,orientation_recall_D4,11776,87104,0.7541074156761169,8.352431297302246,1,0.625,{},11,0.7970000000204891,2026-09-13T03:35:17.526782+00:00
1473,focused,motion_direction,motion_L2,11784,87144,0.7626384496688843,139.1927490234375,1,0.625,"{""state_mean"": {""input_saturation"": 0.09462890625, ""input_mean"": 0.15764200091362, ""forget_saturation"": 0.5841796875, ""forget_mean"": 0.8961620807647706, ""output_saturation"": 0.01083984375, ""output_mean"": 0.4930584728717804, ""candidate_saturation"": 0.0890625, ""state0_rms"": 0.33161163330078125, ""state0_max"": 1.864540445804596, ""state1_rms"": 0.16075901240110396, ""state1_max"": 0.7429144620895386}, ""state_peak"": {""state0_max"": 3.1812045574188232, ""state1_max"": 0.92798912525177}, ""early_representation_gradient_norm"": 0.012802944518625736, ""late_representation_gradient_norm"": 0.023202404379844666, ""core_gradient_norm"": 3.4968087673187256, ""recurrent_gradient_rms"": 0.0016131593147292733, ""recurrent_gradient_median_abs"": 3.83146179956384e-05, ""current_gradient_fraction_below_adam_eps"": 7.62939453125e-06, ""effective_recurrent_relative_update"": 0.005401224829256535}",5,0.46899999980814755,2026-09-13T03:35:17.995670+00:00
1474,focused,orientation,orientation_recall_minimal,11792,87184,0.5501534938812256,6.846480846405029,1,0.75,{},5,0.3440000000409782,2026-09-13T03:35:18.346602+00:00
1475,focused,motion_direction,motion_L8,11800,87272,1.409090280532837,31.346725463867188,1,0.5,{},11,0.9220000000204891,2026-09-13T03:35:19.272841+00:00
1476,focused,orientation,orientation_recall_D4,11808,87360,0.7018898725509644,22.43279266357422,1,0.625,{},11,0.8129999998491257,2026-09-13T03:35:20.088953+00:00
1477,focused,motion_direction,motion_L2,11816,87400,0.4806783199310303,61.56208038330078,1,0.75,{},5,0.4220000000204891,2026-09-13T03:35:20.509772+00:00
1478,focused,orientation,orientation_recall_minimal,11824,87440,0.5352663993835449,10.252263069152832,1,0.75,{},5,0.375,2026-09-13T03:35:20.881172+00:00
1479,focused,motion_direction,motion_L8,11832,87528,0.7282257676124573,19.34373664855957,1,0.5,{},11,0.8589999999385327,2026-09-13T03:35:21.744990+00:00
1480,focused,orientation,orientation_recall_D4,11840,87616,0.7175111770629883,10.592604637145996,1,0.5,{},11,0.7970000000204891,2026-09-13T03:35:22.537699+00:00
1481,focused,motion_direction,motion_anchor,11848,87632,0.008578415960073471,0.594056248664856,0,1.0,{},2,0.2029999999795109,2026-09-13T03:35:22.752189+00:00
1482,focused,motion_direction,motion_L2,11856,87672,0.48791855573654175,15.656206130981445,1,0.75,{},5,0.4529999999795109,2026-09-13T03:35:23.206212+00:00
1483,focused,orientation,orientation_recall_minimal,11864,87712,0.2139696180820465,16.771848678588867,1,1.0,{},5,0.375,2026-09-13T03:35:23.584184+00:00
1484,focused,motion_direction,motion_L8,11872,87800,0.9402424097061157,22.602367401123047,1,0.375,{},11,0.8279999999795109,2026-09-13T03:35:24.421093+00:00
1485,focused,orientation,orientation_recall_D4,11880,87888,0.5535553693771362,8.907674789428711,1,0.625,{},11,0.75,2026-09-13T03:35:25.170701+00:00
1486,focused,motion_direction,motion_L2,11888,87928,0.4241621792316437,20.634851455688477,1,1.0,{},5,0.375,2026-09-13T03:35:25.548197+00:00
1487,focused,orientation,orientation_recall_minimal,11896,87968,0.2694728672504425,27.60634422302246,1,0.875,{},5,0.3910000000614673,2026-09-13T03:35:25.929576+00:00
1488,focused,motion_direction,motion_L8,11904,88056,1.0966304540634155,28.413352966308594,1,0.625,{},11,0.9059999999590218,2026-09-13T03:35:26.845683+00:00
1489,focused,orientation,orientation_recall_D4,11912,88144,0.7877022624015808,65.27128601074219,1,0.25,{},11,0.8279999999795109,2026-09-13T03:35:27.671269+00:00
1490,focused,motion_direction,motion_L2,11920,88184,0.4793139398097992,7.35355806350708,1,0.875,{},5,0.43700000015087426,2026-09-13T03:35:28.114945+00:00
1491,focused,orientation,orientation_anchor,11928,88200,0.0011050911853089929,0.04812220111489296,0,1.0,{},2,0.15600000019185245,2026-09-13T03:35:28.282403+00:00
1492,focused,orientation,orientation_recall_minimal,11936,88240,0.5848879814147949,5.8391218185424805,1,0.75,{},5,0.40699999989010394,2026-09-13T03:35:28.686327+00:00
1493,focused,motion_direction,motion_L8,11944,88328,1.1667157411575317,48.98777389526367,1,0.5,{},11,0.8589999999385327,2026-09-13T03:35:29.539585+00:00
1494,focused,orientation,orientation_recall_D4,11952,88416,0.6739770770072937,54.85741424560547,1,0.375,{},11,0.7970000000204891,2026-09-13T03:35:30.342230+00:00
1495,focused,motion_direction,motion_L2,11960,88456,0.40098559856414795,12.047883987426758,1,0.875,{},5,0.4529999999795109,2026-09-13T03:35:30.793243+00:00
1496,focused,orientation,orientation_recall_minimal,11968,88496,0.4655429720878601,40.06836700439453,1,0.75,{},5,0.375,2026-09-13T03:35:31.168932+00:00
1497,focused,motion_direction,motion_L8,11976,88584,0.9659982919692993,35.69108581542969,1,0.625,{},11,0.9059999999590218,2026-09-13T03:35:32.071655+00:00
1498,focused,orientation,orientation_recall_D4,11984,88672,0.6353107690811157,17.460214614868164,1,0.875,{},11,0.7810000001918525,2026-09-13T03:35:32.850852+00:00
1499,focused,motion_direction,motion_L2,11992,88712,0.3820016384124756,12.915003776550293,1,1.0,{},5,0.35999999986961484,2026-09-13T03:35:33.217732+00:00
1500,focused,orientation,orientation_recall_minimal,12000,88752,0.45152974128723145,68.63080596923828,1,0.75,{},5,0.4059999999590218,2026-09-13T03:35:33.624807+00:00
1501,focused,motion_direction,motion_anchor,12008,88768,0.004368154797703028,0.5549400448799133,0,1.0,{},2,0.1880000000819564,2026-09-13T03:35:33.804693+00:00
1502,focused,motion_direction,motion_L8,12016,88856,1.0676852464675903,41.50904846191406,1,0.25,{},11,0.8119999999180436,2026-09-13T03:35:34.622944+00:00
1503,focused,orientation,orientation_recall_D4,12024,88944,0.6291899085044861,13.66331672668457,1,0.75,{},11,0.7970000000204891,2026-09-13T03:35:35.417793+00:00
1504,focused,motion_direction,motion_L2,12032,88984,0.584403395652771,83.91168212890625,1,0.875,{},5,0.3910000000614673,2026-09-13T03:35:35.809532+00:00
1505,focused,orientation,orientation_recall_minimal,12040,89024,0.3730714023113251,31.759811401367188,1,0.875,{},5,0.3589999999385327,2026-09-13T03:35:36.169507+00:00
1506,focused,motion_direction,motion_L8,12048,89112,0.9151748418807983,8.64604377746582,1,0.625,{},11,0.8590000001713634,2026-09-13T03:35:37.030672+00:00
1507,focused,orientation,orientation_recall_D4,12056,89200,0.78666090965271,8.915372848510742,1,0.375,{},11,0.7349999998696148,2026-09-13T03:35:37.765390+00:00
1508,focused,motion_direction,motion_L2,12064,89240,0.7641209363937378,28.523700714111328,1,0.625,{},5,0.39000000013038516,2026-09-13T03:35:38.152457+00:00
1509,focused,orientation,orientation_recall_minimal,12072,89280,0.21413889527320862,2.628645420074463,1,1.0,{},5,0.42199999978765845,2026-09-13T03:35:38.583283+00:00
1510,focused,motion_direction,motion_L8,12080,89368,0.9846932888031006,14.92019271850586,1,0.625,{},11,0.8440000000409782,2026-09-13T03:35:39.433615+00:00
1511,focused,orientation,orientation_anchor,12088,89384,0.010641813278198242,0.582002580165863,0,1.0,{},2,0.17100000008940697,2026-09-13T03:35:39.606666+00:00
1512,focused,orientation,orientation_recall_D4,12096,89472,0.6612726449966431,15.54617977142334,1,0.75,{},11,0.8439999998081475,2026-09-13T03:35:40.451098+00:00
1513,focused,motion_direction,motion_L2,12104,89512,0.3586602509021759,14.953514099121094,1,1.0,{},5,0.4690000000409782,2026-09-13T03:35:40.917713+00:00
1514,focused,orientation,orientation_recall_minimal,12112,89552,0.43214061856269836,55.11427307128906,1,0.75,{},5,0.4059999999590218,2026-09-13T03:35:41.327043+00:00
1515,focused,motion_direction,motion_L8,12120,89640,1.2673214673995972,40.383235931396484,1,0.375,{},11,0.875,2026-09-13T03:35:42.194698+00:00
1516,focused,orientation,orientation_recall_D4,12128,89728,0.6694504022598267,13.684210777282715,1,0.5,{},11,0.8440000000409782,2026-09-13T03:35:43.039323+00:00
1517,focused,motion_direction,motion_L2,12136,89768,0.686286211013794,76.9980239868164,1,0.625,{},5,0.4690000000409782,2026-09-13T03:35:43.505963+00:00
1518,focused,orientation,orientation_recall_minimal,12144,89808,0.20220977067947388,19.61417007446289,1,1.0,{},5,0.375,2026-09-13T03:35:43.882927+00:00
1519,focused,motion_direction,motion_L8,12152,89896,1.119899868965149,28.57205581665039,1,0.5,{},11,0.9369999999180436,2026-09-13T03:35:44.824934+00:00
1520,focused,orientation,orientation_recall_D4,12160,89984,0.5855412483215332,31.197223663330078,1,0.75,{},11,0.8130000000819564,2026-09-13T03:35:45.632843+00:00
1521,focused,motion_direction,motion_anchor,12168,90000,0.031142644584178925,2.900865077972412,1,1.0,{},2,0.1720000000204891,2026-09-13T03:35:45.806062+00:00
1522,focused,motion_direction,motion_L2,12176,90040,0.7587426900863647,24.902244567871094,1,0.625,{},5,0.3899999998975545,2026-09-13T03:35:46.201754+00:00
1523,focused,orientation,orientation_recall_minimal,12184,90080,0.21914243698120117,13.693663597106934,1,1.0,{},5,0.40600000019185245,2026-09-13T03:35:46.609267+00:00
1524,focused,motion_direction,motion_L8,12192,90168,0.7578423619270325,34.74966812133789,1,0.75,{},11,0.875,2026-09-13T03:35:47.481515+00:00
1525,focused,orientation,orientation_recall_D4,12200,90256,0.7221965193748474,91.19908905029297,1,0.5,{},11,0.7819999998901039,2026-09-13T03:35:48.263065+00:00
1526,focused,motion_direction,motion_L2,12208,90296,0.7836535573005676,47.290245056152344,1,0.75,{},5,0.39000000013038516,2026-09-13T03:35:48.660949+00:00
1527,focused,orientation,orientation_recall_minimal,12216,90336,0.698234498500824,60.965057373046875,1,0.625,{},5,0.3910000000614673,2026-09-13T03:35:49.066612+00:00
1528,focused,motion_direction,motion_L8,12224,90424,1.1034284830093384,88.29536437988281,1,0.375,{},11,0.7809999999590218,2026-09-13T03:35:49.845912+00:00
1529,focused,orientation,orientation_recall_D4,12232,90512,1.071832299232483,203.8127899169922,1,0.375,{},11,0.8589999999385327,2026-09-13T03:35:50.702356+00:00
1530,focused,motion_direction,motion_L2,12240,90552,0.35959476232528687,30.942232131958008,1,1.0,{},5,0.4220000000204891,2026-09-13T03:35:51.119705+00:00
1531,focused,orientation,orientation_anchor,12248,90568,0.011218217201530933,0.26966777443885803,0,1.0,{},2,0.1720000000204891,2026-09-13T03:35:51.298600+00:00
1532,focused,orientation,orientation_recall_minimal,12256,90608,0.15572692453861237,12.962355613708496,1,1.0,{},5,0.4059999999590218,2026-09-13T03:35:51.706539+00:00
1533,focused,motion_direction,motion_L8,12264,90696,0.7954974174499512,11.289265632629395,1,0.75,{},11,0.8280000002123415,2026-09-13T03:35:52.533010+00:00
1534,focused,orientation,orientation_recall_D4,12272,90784,0.6786113381385803,52.78520584106445,1,0.375,{},11,0.8129999998491257,2026-09-13T03:35:53.336726+00:00
1535,focused,motion_direction,motion_L2,12280,90824,0.4893038272857666,43.545597076416016,1,0.75,{},5,0.4059999999590218,2026-09-13T03:35:53.743693+00:00
1536,focused,orientation,orientation_recall_minimal,12288,90864,0.5983061790466309,5.237804412841797,1,0.625,{},5,0.3910000000614673,2026-09-13T03:35:54.141183+00:00
1537,focused,motion_direction,motion_L8,12296,90952,1.20458984375,81.5117416381836,1,0.25,"{""state_mean"": {""input_saturation"": 0.06955788352272728, ""input_mean"": 0.15976364504207263, ""forget_saturation"": 0.5906427556818182, ""forget_mean"": 0.907354241067713, ""output_saturation"": 0.017533735795454544, ""output_mean"": 0.491503122177991, ""candidate_saturation"": 0.08993252840909091, ""state0_rms"": 0.46076564626260236, ""state0_max"": 2.612166691910137, ""state1_rms"": 0.2161796675486998, ""state1_max"": 0.8558346954259005}, ""state_peak"": {""state0_max"": 4.734124183654785, ""state1_max"": 0.9533414840698242}, ""early_representation_gradient_norm"": 0.011941574513912201, ""late_representation_gradient_norm"": 0.03089623525738716, ""core_gradient_norm"": 5.260227203369141, ""recurrent_gradient_rms"": 0.004209273494780064, ""recurrent_gradient_median_abs"": 0.00011056422954425216, ""current_gradient_fraction_below_adam_eps"": 0.0, ""effective_recurrent_relative_update"": 0.007934666238725185}",11,0.9529999999795109,2026-09-13T03:35:55.239797+00:00
1538,focused,orientation,orientation_recall_D4,12304,91040,0.5522907972335815,6.657734394073486,1,0.875,{},11,0.8130000000819564,2026-09-13T03:35:56.057204+00:00
1539,focused,motion_direction,motion_L2,12312,91080,0.5471983551979065,24.20809555053711,1,0.75,{},5,0.3899999998975545,2026-09-13T03:35:56.451058+00:00
1540,focused,orientation,orientation_recall_minimal,12320,91120,0.12269367277622223,10.024959564208984,1,1.0,{},5,0.45300000021234155,2026-09-13T03:35:56.901270+00:00
1541,focused,motion_direction,motion_anchor,12328,91136,0.023343853652477264,3.8666470050811768,1,1.0,{},2,0.2029999999795109,2026-09-13T03:35:57.105396+00:00
1542,focused,motion_direction,motion_L8,12336,91224,1.1801565885543823,11.008370399475098,1,0.5,{},11,0.8439999998081475,2026-09-13T03:35:57.954522+00:00
1543,focused,orientation,orientation_recall_D4,12344,91312,0.9785354137420654,108.7378921508789,1,0.375,{},11,0.8280000002123415,2026-09-13T03:35:58.785406+00:00
1544,focused,motion_direction,motion_L2,12352,91352,0.4425196945667267,29.745492935180664,1,1.0,{},5,0.4220000000204891,2026-09-13T03:35:59.212415+00:00
1545,focused,orientation,orientation_recall_minimal,12360,91392,0.19417063891887665,15.711447715759277,1,0.875,{},5,0.39000000013038516,2026-09-13T03:35:59.609226+00:00
1546,focused,motion_direction,motion_L8,12368,91480,1.4080928564071655,36.9616813659668,1,0.375,{},11,0.8599999998696148,2026-09-13T03:36:00.462370+00:00
1547,focused,orientation,orientation_recall_D4,12376,91568,1.2250251770019531,185.00543212890625,1,0.375,{},11,0.8440000000409782,2026-09-13T03:36:01.315210+00:00
1548,focused,motion_direction,motion_L2,12384,91608,0.5940020680427551,11.221179008483887,1,0.75,{},5,0.42100000008940697,2026-09-13T03:36:01.733493+00:00
1549,focused,orientation,orientation_recall_minimal,12392,91648,0.5526358485221863,6.81020975112915,1,0.75,{},5,0.39099999982863665,2026-09-13T03:36:02.116517+00:00
1550,focused,motion_direction,motion_L8,12400,91736,0.7045601606369019,34.616539001464844,1,0.75,{},11,0.8279999999795109,2026-09-13T03:36:02.950007+00:00
1551,focused,orientation,orientation_anchor,12408,91752,0.0009228003909811378,0.031229857355356216,0,1.0,{},2,0.1720000000204891,2026-09-13T03:36:03.116054+00:00
1552,focused,orientation,orientation_recall_D4,12416,91840,0.48197048902511597,9.728984832763672,1,0.75,{},11,0.7810000001918525,2026-09-13T03:36:03.904245+00:00
1553,focused,motion_direction,motion_L2,12424,91880,0.6279552578926086,11.53765869140625,1,0.75,{},5,0.4529999999795109,2026-09-13T03:36:04.349459+00:00
1554,focused,orientation,orientation_recall_minimal,12432,91920,0.1043476089835167,2.2177412509918213,1,1.0,{},5,0.34399999980814755,2026-09-13T03:36:04.707380+00:00
1555,focused,motion_direction,motion_L8,12440,92008,0.7275820970535278,10.384941101074219,1,0.75,{},11,0.9060000001918525,2026-09-13T03:36:05.602721+00:00
1556,focused,orientation,orientation_recall_D4,12448,92096,1.1930925846099854,156.15684509277344,1,0.375,{},11,0.8129999998491257,2026-09-13T03:36:06.422606+00:00
1557,focused,motion_direction,motion_L2,12456,92136,0.7313824892044067,56.4764404296875,1,0.5,{},5,0.4059999999590218,2026-09-13T03:36:06.826608+00:00
1558,focused,orientation,orientation_recall_minimal,12464,92176,0.5863930583000183,3.427208662033081,1,0.75,{},5,0.40600000019185245,2026-09-13T03:36:07.227317+00:00
1559,focused,motion_direction,motion_L8,12472,92264,1.2136335372924805,38.99536895751953,1,0.375,{},11,0.9689999998081475,2026-09-13T03:36:08.202053+00:00
1560,focused,orientation,orientation_recall_D4,12480,92352,0.9756990075111389,114.07935333251953,1,0.5,{},11,0.8600000001024455,2026-09-13T03:36:09.069646+00:00
1561,focused,motion_direction,motion_anchor,12488,92368,0.00405872194096446,0.6371738910675049,0,1.0,{},2,0.1720000000204891,2026-09-13T03:36:09.250098+00:00
1562,focused,motion_direction,motion_L2,12496,92408,0.51421058177948,29.257625579833984,1,0.625,{},5,0.40600000019185245,2026-09-13T03:36:09.660852+00:00
1563,focused,orientation,orientation_recall_minimal,12504,92448,0.4541292190551758,26.38494873046875,1,0.75,{},5,0.43700000015087426,2026-09-13T03:36:10.109053+00:00
1564,focused,motion_direction,motion_L8,12512,92536,0.7851981520652771,37.01140213012695,1,0.5,{},11,0.8439999998081475,2026-09-13T03:36:10.952928+00:00
1565,focused,orientation,orientation_recall_D4,12520,92624,0.5481252074241638,21.79379653930664,1,0.75,{},11,0.7810000001918525,2026-09-13T03:36:11.729510+00:00
1566,focused,motion_direction,motion_L2,12528,92664,0.37335723638534546,11.033831596374512,1,1.0,{},5,0.39099999982863665,2026-09-13T03:36:12.123088+00:00
1567,focused,orientation,orientation_recall_minimal,12536,92704,0.7074685096740723,59.09892654418945,1,0.5,{},5,0.35900000017136335,2026-09-13T03:36:12.479564+00:00
1568,focused,motion_direction,motion_L8,12544,92792,0.6349965929985046,23.09917449951172,1,0.625,{},11,0.828999999910593,2026-09-13T03:36:13.309964+00:00
1569,focused,orientation,orientation_recall_D4,12552,92880,0.8692358732223511,45.839168548583984,1,0.125,{},11,0.7180000001098961,2026-09-13T03:36:14.029770+00:00
1570,focused,motion_direction,motion_L2,12560,92920,0.4088600277900696,14.626310348510742,1,1.0,{},5,0.375,2026-09-13T03:36:14.407739+00:00
1571,focused,orientation,orientation_anchor,12568,92936,0.0006856080144643784,0.029184002429246902,0,1.0,{},2,0.17199999978765845,2026-09-13T03:36:14.577795+00:00
1572,focused,orientation,orientation_recall_minimal,12576,92976,0.5964365601539612,37.03178024291992,1,0.75,{},5,0.3910000000614673,2026-09-13T03:36:14.965827+00:00
1573,focused,motion_direction,motion_L8,12584,93064,1.0662469863891602,33.47330856323242,1,0.375,{},11,0.7970000000204891,2026-09-13T03:36:15.763717+00:00
1574,focused,orientation,orientation_recall_D4,12592,93152,1.4017013311386108,135.28982543945312,1,0.25,{},11,0.75,2026-09-13T03:36:16.517031+00:00
1575,focused,motion_direction,motion_L2,12600,93192,0.7588430643081665,33.24252700805664,1,0.625,{},5,0.4059999999590218,2026-09-13T03:36:16.925304+00:00
1576,focused,orientation,orientation_recall_minimal,12608,93232,0.1842329055070877,19.83563995361328,1,1.0,{},5,0.4220000000204891,2026-09-13T03:36:17.338884+00:00
1577,focused,motion_direction,motion_L8,12616,93320,0.8938870429992676,41.19004821777344,1,0.5,{},11,0.8120000001508743,2026-09-13T03:36:18.152321+00:00
1578,focused,orientation,orientation_recall_D4,12624,93408,0.8086886405944824,155.14418029785156,1,0.5,{},11,0.8129999998491257,2026-09-13T03:36:18.965508+00:00
1579,focused,motion_direction,motion_L2,12632,93448,0.8191307783126831,108.57402801513672,1,0.5,{},5,0.4220000000204891,2026-09-13T03:36:19.381922+00:00
1580,focused,orientation,orientation_recall_minimal,12640,93488,0.35181665420532227,9.059378623962402,1,0.875,{},5,0.4369999999180436,2026-09-13T03:36:19.819580+00:00
1581,focused,motion_direction,motion_anchor,12648,93504,0.0026891743764281273,0.3692166805267334,0,1.0,{},2,0.15600000019185245,2026-09-13T03:36:19.985695+00:00
1582,focused,motion_direction,motion_L8,12656,93592,0.9120473861694336,25.402517318725586,1,0.625,{},11,0.828999999910593,2026-09-13T03:36:20.815819+00:00
1583,focused,orientation,orientation_recall_D4,12664,93680,0.5402057766914368,22.41824722290039,1,0.75,{},11,0.7809999999590218,2026-09-13T03:36:21.598103+00:00
1584,focused,motion_direction,motion_L2,12672,93720,0.8379698991775513,96.66529083251953,1,0.5,{},5,0.48499999986961484,2026-09-13T03:36:22.083967+00:00
1585,focused,orientation,orientation_recall_minimal,12680,93760,0.2828657031059265,9.738698959350586,1,1.0,{},5,0.3279999999795109,2026-09-13T03:36:22.415855+00:00
1586,focused,motion_direction,motion_L8,12688,93848,0.7792203426361084,36.98634719848633,1,0.75,{},11,0.875,2026-09-13T03:36:23.300153+00:00
1587,focused,orientation,orientation_recall_D4,12696,93936,0.6311018466949463,4.313330173492432,1,0.625,{},11,0.8279999999795109,2026-09-13T03:36:24.123266+00:00
1588,focused,motion_direction,motion_L2,12704,93976,0.5185060501098633,37.37924575805664,1,0.75,{},5,0.4220000000204891,2026-09-13T03:36:24.542133+00:00
1589,focused,orientation,orientation_recall_minimal,12712,94016,0.569280207157135,18.99567413330078,1,0.625,{},5,0.35900000017136335,2026-09-13T03:36:24.897161+00:00
1590,focused,motion_direction,motion_L8,12720,94104,1.4503402709960938,55.376949310302734,1,0.25,{},11,0.7819999998901039,2026-09-13T03:36:25.690734+00:00
1591,focused,orientation,orientation_anchor,12728,94120,0.007802316453307867,0.6066755056381226,0,1.0,{},2,0.21800000010989606,2026-09-13T03:36:25.909754+00:00
1592,focused,orientation,orientation_recall_D4,12736,94208,0.5294666886329651,40.124507904052734,1,0.75,{},11,0.8279999999795109,2026-09-13T03:36:26.733528+00:00
1593,focused,motion_direction,motion_L2,12744,94248,0.4397965967655182,37.987632751464844,1,0.875,{},5,0.40699999989010394,2026-09-13T03:36:27.143092+00:00
1594,focused,orientation,orientation_recall_minimal,12752,94288,0.6047577261924744,14.182835578918457,1,0.625,{},5,0.3589999999385327,2026-09-13T03:36:27.501255+00:00
1595,focused,motion_direction,motion_L8,12760,94376,1.419246792793274,31.455602645874023,1,0.5,{},11,0.8910000000614673,2026-09-13T03:36:28.393103+00:00
1596,focused,orientation,orientation_recall_D4,12768,94464,0.8484070897102356,65.41273498535156,1,0.5,{},11,0.7339999999385327,2026-09-13T03:36:29.124129+00:00
1597,focused,motion_direction,motion_L2,12776,94504,0.36251264810562134,8.336495399475098,1,1.0,{},5,0.375,2026-09-13T03:36:29.492382+00:00
1598,focused,orientation,orientation_recall_minimal,12784,94544,0.21040202677249908,4.8094072341918945,1,1.0,{},5,0.3910000000614673,2026-09-13T03:36:29.886264+00:00
1599,focused,motion_direction,motion_L8,12792,94632,0.989673912525177,36.020896911621094,1,0.625,{},11,0.8589999999385327,2026-09-13T03:36:30.751698+00:00
1600,focused,orientation,orientation_recall_D4,12800,94720,0.6099892258644104,28.466476440429688,1,0.625,{},11,0.875,2026-09-13T03:36:31.626971+00:00
1601,focused,motion_direction,motion_anchor,12808,94736,0.0002728542604018003,0.011404402554035187,0,1.0,"{""state_mean"": {""input_saturation"": 0.06591796875, ""input_mean"": 0.15986407548189163, ""forget_saturation"": 0.594482421875, ""forget_mean"": 0.9163698554039001, ""output_saturation"": 0.0263671875, ""output_mean"": 0.4898515045642853, ""candidate_saturation"": 0.100341796875, ""state0_rms"": 0.25282562524080276, ""state0_max"": 1.2980785071849823, ""state1_rms"": 0.14720534160733223, ""state1_max"": 0.7533949315547943}, ""state_peak"": {""state0_max"": 1.7024006843566895, ""state1_max"": 0.8839402794837952}, ""early_representation_gradient_norm"": 1.0898228538280819e-05, ""late_representation_gradient_norm"": 1.9300856365589425e-05, ""core_gradient_norm"": 0.0004539382643997669, ""recurrent_gradient_rms"": 1.5976146983120998e-07, ""recurrent_gradient_median_abs"": 3.74680553250073e-09, ""current_gradient_fraction_below_adam_eps"": 0.040004730224609375, ""effective_recurrent_relative_update"": 0.007071950007230043}",2,0.2029999999795109,2026-09-13T03:36:31.830912+00:00
1602,focused,motion_direction,motion_L2,12816,94776,0.5767898559570312,46.15718078613281,1,0.75,{},5,0.375,2026-09-13T03:36:32.205572+00:00
1603,focused,orientation,orientation_recall_minimal,12824,94816,0.29431337118148804,12.658023834228516,1,1.0,{},5,0.3600000001024455,2026-09-13T03:36:32.567512+00:00
1604,focused,motion_direction,motion_L8,12832,94904,1.7398000955581665,54.82630157470703,1,0.375,{},11,0.8600000001024455,2026-09-13T03:36:33.438964+00:00
1605,focused,orientation,orientation_recall_D4,12840,94992,0.6283164024353027,26.122882843017578,1,0.625,{},11,0.7649999998975545,2026-09-13T03:36:34.198002+00:00
1606,focused,motion_direction,motion_L2,12848,95032,0.34905970096588135,40.12261962890625,1,1.0,{},5,0.4220000000204891,2026-09-13T03:36:34.624239+00:00
1607,focused,orientation,orientation_recall_minimal,12856,95072,0.4762188494205475,13.403327941894531,1,0.75,{},5,0.375,2026-09-13T03:36:35.005035+00:00
1608,focused,motion_direction,motion_L8,12864,95160,1.2144850492477417,62.79514694213867,1,0.375,{},11,0.8119999999180436,2026-09-13T03:36:35.826150+00:00
1609,focused,orientation,orientation_recall_D4,12872,95248,0.6095616221427917,26.66091537475586,1,0.875,{},11,0.75,2026-09-13T03:36:36.585017+00:00
1610,focused,motion_direction,motion_L2,12880,95288,0.3755539655685425,26.253511428833008,1,1.0,{},5,0.39000000013038516,2026-09-13T03:36:36.986035+00:00
1611,focused,orientation,orientation_anchor,12888,95304,0.0006702086539007723,0.017031444236636162,0,1.0,{},2,0.20399999991059303,2026-09-13T03:36:37.178835+00:00
1612,focused,orientation,orientation_recall_minimal,12896,95344,0.6660027503967285,15.58052921295166,1,0.625,{},5,0.42100000008940697,2026-09-13T03:36:37.613208+00:00
1613,focused,motion_direction,motion_L8,12904,95432,1.091492772102356,62.767765045166016,1,0.625,{},11,0.828999999910593,2026-09-13T03:36:38.432070+00:00
1614,focused,orientation,orientation_recall_D4,12912,95520,1.4024800062179565,175.69082641601562,1,0.5,{},11,0.8279999999795109,2026-09-13T03:36:39.271066+00:00
1615,focused,motion_direction,motion_L2,12920,95560,0.5411922335624695,51.80653762817383,1,0.875,{},5,0.40699999989010394,2026-09-13T03:36:39.689964+00:00
1616,focused,orientation,orientation_recall_minimal,12928,95600,1.3197933435440063,27.118854522705078,1,0.5,{},5,0.4529999999795109,2026-09-13T03:36:40.131551+00:00
1617,focused,motion_direction,motion_L8,12936,95688,0.9277534484863281,36.500579833984375,1,0.75,{},11,0.875,2026-09-13T03:36:41.010897+00:00
1618,focused,orientation,orientation_recall_D4,12944,95776,0.9253526926040649,162.37615966796875,1,0.375,{},11,0.8119999999180436,2026-09-13T03:36:41.818879+00:00
1619,focused,motion_direction,motion_L2,12952,95816,0.4835589528083801,79.71407318115234,1,0.875,{},5,0.4220000000204891,2026-09-13T03:36:42.245702+00:00
1620,focused,orientation,orientation_recall_minimal,12960,95856,0.5309110283851624,25.731056213378906,1,0.75,{},5,0.375,2026-09-13T03:36:42.621183+00:00
1621,focused,motion_direction,motion_anchor,12968,95872,0.002087861532345414,0.10710063576698303,0,1.0,{},2,0.1720000000204891,2026-09-13T03:36:42.787712+00:00
1622,focused,motion_direction,motion_L8,12976,95960,1.0210106372833252,9.080055236816406,1,0.5,{},11,0.8910000000614673,2026-09-13T03:36:43.687961+00:00
1623,focused,orientation,orientation_recall_D4,12984,96048,0.6096150875091553,13.896818161010742,1,0.625,{},11,0.8279999999795109,2026-09-13T03:36:44.517134+00:00
1624,focused,motion_direction,motion_L2,12992,96088,0.30666905641555786,56.70884323120117,1,1.0,{},5,0.39000000013038516,2026-09-13T03:36:44.907054+00:00
1625,focused,orientation,orientation_recall_minimal,13000,96128,0.33616113662719727,14.855429649353027,1,0.875,{},5,0.42199999978765845,2026-09-13T03:36:45.320253+00:00
1626,focused,motion_direction,motion_L8,13008,96216,0.9581970572471619,57.05258560180664,1,0.75,{},11,0.7660000000614673,2026-09-13T03:36:46.095291+00:00
1627,focused,orientation,orientation_recall_D4,13016,96304,0.5259453654289246,8.335441589355469,1,0.75,{},11,0.7339999999385327,2026-09-13T03:36:46.829806+00:00
1628,focused,motion_direction,motion_L2,13024,96344,0.4909602701663971,77.47371673583984,1,0.625,{},5,0.3910000000614673,2026-09-13T03:36:47.211627+00:00
1629,focused,orientation,orientation_recall_minimal,13032,96384,0.2995952367782593,38.78170394897461,1,0.875,{},5,0.39000000013038516,2026-09-13T03:36:47.610074+00:00
1630,focused,motion_direction,motion_L8,13040,96472,0.8609099388122559,44.695777893066406,1,0.5,{},11,0.8599999998696148,2026-09-13T03:36:48.467167+00:00
1631,focused,orientation,orientation_anchor,13048,96488,0.003716544946655631,0.27226993441581726,0,1.0,{},2,0.2029999999795109,2026-09-13T03:36:48.671016+00:00
1632,focused,orientation,orientation_recall_D4,13056,96576,1.008547306060791,81.89496612548828,1,0.125,{},11,0.7809999999590218,2026-09-13T03:36:49.448807+00:00
1633,focused,motion_direction,motion_L2,13064,96616,0.6758335828781128,41.3570442199707,1,0.5,{},5,0.4220000000204891,2026-09-13T03:36:49.871333+00:00
1634,focused,orientation,orientation_recall_minimal,13072,96656,0.7534454464912415,113.43560791015625,1,0.375,{},5,0.4220000000204891,2026-09-13T03:36:50.300143+00:00
1635,focused,motion_direction,motion_L8,13080,96744,0.7963743209838867,41.00889205932617,1,0.625,{},11,0.7660000000614673,2026-09-13T03:36:51.068958+00:00
1636,focused,orientation,orientation_recall_D4,13088,96832,1.1833287477493286,138.95907592773438,1,0.125,{},11,0.75,2026-09-13T03:36:51.820935+00:00
1637,focused,motion_direction,motion_L2,13096,96872,0.2410123497247696,8.725485801696777,1,1.0,{},5,0.375,2026-09-13T03:36:52.199508+00:00
1638,focused,orientation,orientation_recall_minimal,13104,96912,0.2525990903377533,42.94049072265625,1,0.875,{},5,0.3600000001024455,2026-09-13T03:36:52.560218+00:00
1639,focused,motion_direction,motion_L8,13112,97000,0.750214159488678,13.93327522277832,1,0.75,{},11,0.8119999999180436,2026-09-13T03:36:53.368532+00:00
1640,focused,orientation,orientation_recall_D4,13120,97088,0.3871801793575287,3.4430174827575684,1,0.875,{},11,0.7340000001713634,2026-09-13T03:36:54.102731+00:00
1641,focused,motion_direction,motion_anchor,13128,97104,0.023367419838905334,3.517119884490967,1,1.0,{},2,0.1720000000204891,2026-09-13T03:36:54.280984+00:00
1642,focused,motion_direction,motion_L2,13136,97144,0.4735991954803467,116.05421447753906,1,0.625,{},5,0.375,2026-09-13T03:36:54.650337+00:00
1643,focused,orientation,orientation_recall_minimal,13144,97184,0.34546011686325073,8.162299156188965,1,0.875,{},5,0.39099999982863665,2026-09-13T03:36:55.050969+00:00
1644,focused,motion_direction,motion_L8,13152,97272,0.8448725342750549,56.03321838378906,1,0.75,{},11,0.8279999999795109,2026-09-13T03:36:55.879866+00:00
1645,focused,orientation,orientation_recall_D4,13160,97360,0.8338862657546997,6.345849514007568,1,0.5,{},11,0.75,2026-09-13T03:36:56.635046+00:00
1646,focused,motion_direction,motion_L2,13168,97400,0.3898163139820099,38.31028747558594,1,0.75,{},5,0.4059999999590218,2026-09-13T03:36:57.037435+00:00
1647,focused,orientation,orientation_recall_minimal,13176,97440,0.5018510222434998,2.902247428894043,1,0.75,{},5,0.375,2026-09-13T03:36:57.413092+00:00
1648,focused,motion_direction,motion_L8,13184,97528,0.7458311915397644,51.25621032714844,1,0.75,{},11,0.7809999999590218,2026-09-13T03:36:58.199455+00:00
1649,focused,orientation,orientation_recall_D4,13192,97616,0.7712991833686829,13.745347023010254,1,0.375,{},11,0.75,2026-09-13T03:36:58.954123+00:00
1650,focused,motion_direction,motion_L2,13200,97656,0.23896440863609314,9.546053886413574,1,1.0,{},5,0.45300000021234155,2026-09-13T03:36:59.406004+00:00
1651,focused,orientation,orientation_anchor,13208,97672,0.032596785575151443,1.4360527992248535,1,1.0,{},2,0.17199999978765845,2026-09-13T03:36:59.574281+00:00
1652,focused,orientation,orientation_recall_minimal,13216,97712,0.3135770559310913,9.986639022827148,1,0.875,{},5,0.375,2026-09-13T03:36:59.952961+00:00
1653,focused,motion_direction,motion_L8,13224,97800,1.167968511581421,66.05377960205078,1,0.625,{},11,0.9380000000819564,2026-09-13T03:37:00.895254+00:00
1654,focused,orientation,orientation_recall_D4,13232,97888,0.6556517481803894,27.435829162597656,1,0.5,{},11,0.8129999998491257,2026-09-13T03:37:01.713202+00:00
1655,focused,motion_direction,motion_L2,13240,97928,0.4072759449481964,89.09072875976562,1,0.75,{},5,0.39000000013038516,2026-09-13T03:37:02.110208+00:00
1656,focused,orientation,orientation_recall_minimal,13248,97968,0.32154521346092224,25.75896453857422,1,1.0,{},5,0.40699999989010394,2026-09-13T03:37:02.507136+00:00
1657,focused,motion_direction,motion_L8,13256,98056,0.7045832872390747,51.46170425415039,1,0.75,{},11,0.8589999999385327,2026-09-13T03:37:03.371584+00:00
1658,focused,orientation,orientation_recall_D4,13264,98144,0.6906761527061462,8.89420223236084,1,0.5,{},11,0.7660000000614673,2026-09-13T03:37:04.146901+00:00
1659,focused,motion_direction,motion_L2,13272,98184,0.41131356358528137,90.64511108398438,1,0.75,{},5,0.42199999978765845,2026-09-13T03:37:04.581342+00:00
1660,focused,orientation,orientation_recall_minimal,13280,98224,0.43501824140548706,44.23215103149414,1,0.75,{},5,0.3600000001024455,2026-09-13T03:37:04.939462+00:00
1661,focused,motion_direction,motion_anchor,13288,98240,0.005923981312662363,0.9577937722206116,0,1.0,{},2,0.1559999999590218,2026-09-13T03:37:05.087278+00:00
1662,focused,motion_direction,motion_L8,13296,98328,0.9572802782058716,41.32367706298828,1,0.625,{},11,0.8440000000409782,2026-09-13T03:37:05.938013+00:00
1663,focused,orientation,orientation_recall_D4,13304,98416,0.5434985160827637,34.50669860839844,1,0.75,{},11,0.75,2026-09-13T03:37:06.692329+00:00
1664,focused,motion_direction,motion_L2,13312,98456,0.24287915229797363,10.396773338317871,1,1.0,{},5,0.40600000019185245,2026-09-13T03:37:07.101187+00:00
1665,focused,orientation,orientation_recall_minimal,13320,98496,0.729088306427002,10.106989860534668,1,0.625,"{""state_mean"": {""input_saturation"": 0.09326171875, ""input_mean"": 0.1559814304113388, ""forget_saturation"": 0.5890625, ""forget_mean"": 0.8968716263771057, ""output_saturation"": 0.01650390625, ""output_mean"": 0.4970411479473114, ""candidate_saturation"": 0.09423828125, ""state0_rms"": 0.40177291035652163, ""state0_max"": 1.8947695255279542, ""state1_rms"": 0.16544207334518432, ""state1_max"": 0.7919257760047913}, ""state_peak"": {""state0_max"": 3.117351531982422, ""state1_max"": 0.958441972732544}, ""early_representation_gradient_norm"": 0.0038022396620362997, ""late_representation_gradient_norm"": 0.08750919997692108, ""core_gradient_norm"": 0.9101492166519165, ""recurrent_gradient_rms"": 0.0006782546988688409, ""recurrent_gradient_median_abs"": 1.8626757082529366e-05, ""current_gradient_fraction_below_adam_eps"": 3.814697265625e-06, ""effective_recurrent_relative_update"": 0.00800478458404541}",5,0.39099999982863665,2026-09-13T03:37:07.502469+00:00
1666,focused,motion_direction,motion_L8,13328,98584,0.6345131397247314,31.3366641998291,1,0.625,{},11,0.8910000000614673,2026-09-13T03:37:08.389598+00:00
1667,focused,orientation,orientation_recall_D4,13336,98672,0.530738890171051,5.439231872558594,1,0.75,{},11,0.8430000001098961,2026-09-13T03:37:09.237434+00:00
1668,focused,motion_direction,motion_L2,13344,98712,0.5764551162719727,91.92449951171875,1,0.625,{},5,0.40699999989010394,2026-09-13T03:37:09.644018+00:00
1669,focused,orientation,orientation_recall_minimal,13352,98752,0.4682072401046753,6.332808494567871,1,0.75,{},5,0.39000000013038516,2026-09-13T03:37:10.030221+00:00
1670,focused,motion_direction,motion_L8,13360,98840,1.5377674102783203,47.03596878051758,1,0.125,{},11,0.8129999998491257,2026-09-13T03:37:10.846348+00:00
1671,focused,orientation,orientation_anchor,13368,98856,0.004386914893984795,0.13953562080860138,0,1.0,{},2,0.1720000000204891,2026-09-13T03:37:11.007011+00:00
1672,focused,orientation,orientation_recall_D4,13376,98944,0.6961991190910339,16.52646255493164,1,0.5,{},11,0.7650000001303852,2026-09-13T03:37:11.776040+00:00
1673,focused,motion_direction,motion_L2,13384,98984,0.23429130017757416,12.062820434570312,1,1.0,{},5,0.39099999982863665,2026-09-13T03:37:12.167625+00:00
1674,focused,orientation,orientation_recall_minimal,13392,99024,0.5704130530357361,5.628030776977539,1,0.625,{},5,0.35900000017136335,2026-09-13T03:37:12.534286+00:00
1675,focused,motion_direction,motion_L8,13400,99112,0.7709290981292725,36.889102935791016,1,0.875,{},11,0.8439999998081475,2026-09-13T03:37:13.381708+00:00
1676,focused,orientation,orientation_recall_D4,13408,99200,0.6029432415962219,14.529003143310547,1,0.625,{},11,0.8119999999180436,2026-09-13T03:37:14.206928+00:00
1677,focused,motion_direction,motion_L2,13416,99240,0.5446664690971375,61.920894622802734,1,0.75,{},5,0.40600000019185245,2026-09-13T03:37:14.600146+00:00
1678,focused,orientation,orientation_recall_minimal,13424,99280,0.21040429174900055,6.321089744567871,1,1.0,{},5,0.375,2026-09-13T03:37:14.984689+00:00
1679,focused,motion_direction,motion_L8,13432,99368,1.005588412284851,23.50741958618164,1,0.75,{},11,0.875,2026-09-13T03:37:15.853505+00:00
1680,focused,orientation,orientation_recall_D4,13440,99456,0.5615769028663635,21.501659393310547,1,0.75,{},11,0.75,2026-09-13T03:37:16.601615+00:00
1681,focused,motion_direction,motion_anchor,13448,99472,0.025617361068725586,2.791367530822754,1,1.0,{},2,0.1720000000204891,2026-09-13T03:37:16.770235+00:00
1682,focused,motion_direction,motion_L2,13456,99512,0.8124926090240479,88.19377899169922,1,0.625,{},5,0.42199999978765845,2026-09-13T03:37:17.202210+00:00
1683,focused,orientation,orientation_recall_minimal,13464,99552,0.5740351676940918,54.355506896972656,1,0.625,{},5,0.3440000000409782,2026-09-13T03:37:17.548407+00:00
1684,focused,motion_direction,motion_L8,13472,99640,0.9520891308784485,80.33839416503906,1,0.375,{},11,0.8440000000409782,2026-09-13T03:37:18.384576+00:00
1685,focused,orientation,orientation_recall_D4,13480,99728,0.6263870000839233,23.260934829711914,1,0.75,{},11,0.7809999999590218,2026-09-13T03:37:19.164361+00:00
1686,focused,motion_direction,motion_L2,13488,99768,0.7018742561340332,119.81238555908203,1,0.625,{},5,0.4220000000204891,2026-09-13T03:37:19.596680+00:00
1687,focused,orientation,orientation_recall_minimal,13496,99808,0.3561813235282898,12.550145149230957,1,0.875,{},5,0.39000000013038516,2026-09-13T03:37:19.987582+00:00
1688,focused,motion_direction,motion_L8,13504,99896,0.876804530620575,32.52535629272461,1,0.5,{},11,0.8439999998081475,2026-09-13T03:37:20.829387+00:00
1689,focused,orientation,orientation_recall_D4,13512,99984,0.7035606503486633,15.36084270477295,1,0.5,{},11,0.7660000000614673,2026-09-13T03:37:21.595081+00:00
1690,focused,motion_direction,motion_L2,13520,100024,0.32389703392982483,13.97301959991455,1,0.875,{},5,0.39000000013038516,2026-09-13T03:37:21.979576+00:00
1691,focused,orientation,orientation_anchor,13528,100040,0.0037153142038732767,0.10478060692548752,0,1.0,{},2,0.15699999989010394,2026-09-13T03:37:22.133401+00:00
1692,focused,orientation,orientation_recall_minimal,13536,100080,0.22206415235996246,11.650420188903809,1,1.0,{},5,0.3279999999795109,2026-09-13T03:37:22.470299+00:00
1693,focused,motion_direction,motion_L8,13544,100168,1.007821798324585,44.9581413269043,1,0.5,{},11,0.8279999999795109,2026-09-13T03:37:23.304419+00:00
1694,focused,orientation,orientation_recall_D4,13552,100256,0.6786553859710693,8.0731201171875,1,0.5,{},11,0.7649999998975545,2026-09-13T03:37:24.083293+00:00
1695,focused,motion_direction,motion_L2,13560,100296,0.5993849635124207,80.0462417602539,1,0.625,{},5,0.3589999999385327,2026-09-13T03:37:24.457617+00:00
1696,focused,orientation,orientation_recall_minimal,13568,100336,0.304246723651886,11.297157287597656,1,0.875,{},5,0.375,2026-09-13T03:37:24.837417+00:00
1697,focused,motion_direction,motion_L8,13576,100424,1.011412262916565,44.36736297607422,1,0.5,{},11,0.75,2026-09-13T03:37:25.594012+00:00
1698,focused,orientation,orientation_recall_D4,13584,100512,0.4042833149433136,23.89368438720703,1,1.0,{},11,0.75,2026-09-13T03:37:26.343021+00:00
1699,focused,motion_direction,motion_L2,13592,100552,0.5472403764724731,85.35639190673828,1,0.75,{},5,0.4220000000204891,2026-09-13T03:37:26.764391+00:00
1700,focused,orientation,orientation_recall_minimal,13600,100592,0.35975775122642517,13.227392196655273,1,0.875,{},5,0.4220000000204891,2026-09-13T03:37:27.184599+00:00
1701,focused,motion_direction,motion_anchor,13608,100608,0.01207615528255701,1.0063929557800293,1,1.0,{},2,0.1559999999590218,2026-09-13T03:37:27.345393+00:00
1702,focused,motion_direction,motion_L8,13616,100696,0.5847506523132324,24.670352935791016,1,0.75,{},11,0.875,2026-09-13T03:37:28.215436+00:00
1703,focused,orientation,orientation_recall_D4,13624,100784,1.0720219612121582,120.56266021728516,1,0.375,{},11,0.8279999999795109,2026-09-13T03:37:29.043909+00:00
1704,focused,motion_direction,motion_L2,13632,100824,0.7489349246025085,44.60219955444336,1,0.75,{},5,0.43700000015087426,2026-09-13T03:37:29.481887+00:00
1705,focused,orientation,orientation_recall_minimal,13640,100864,0.7809059619903564,70.32515716552734,1,0.625,{},5,0.40699999989010394,2026-09-13T03:37:29.886174+00:00
1706,focused,motion_direction,motion_L8,13648,100952,1.749322533607483,46.80765914916992,1,0.5,{},11,0.8430000001098961,2026-09-13T03:37:30.737271+00:00
1707,focused,orientation,orientation_recall_D4,13656,101040,0.915704607963562,159.67791748046875,1,0.5,{},11,0.75,2026-09-13T03:37:31.491581+00:00
1708,focused,motion_direction,motion_L2,13664,101080,0.8022807836532593,74.57374572753906,1,0.625,{},5,0.3910000000614673,2026-09-13T03:37:31.883232+00:00
1709,focused,orientation,orientation_recall_minimal,13672,101120,0.5137035846710205,8.516214370727539,1,0.75,{},5,0.3589999999385327,2026-09-13T03:37:32.253318+00:00
1710,focused,motion_direction,motion_L8,13680,101208,0.6133024096488953,18.73451042175293,1,0.625,{},11,0.8130000000819564,2026-09-13T03:37:33.053592+00:00
1711,focused,orientation,orientation_anchor,13688,101224,0.0006971464026719332,0.027365662157535553,0,1.0,{},2,0.1559999999590218,2026-09-13T03:37:33.219185+00:00
1712,focused,orientation,orientation_recall_D4,13696,101312,0.4910386800765991,16.094003677368164,1,0.875,{},11,0.875,2026-09-13T03:37:34.096683+00:00
1713,focused,motion_direction,motion_L2,13704,101352,0.4811569154262543,24.40239143371582,1,0.75,{},5,0.375,2026-09-13T03:37:34.464912+00:00
1714,focused,orientation,orientation_recall_minimal,13712,101392,0.4248920679092407,10.193625450134277,1,0.75,{},5,0.4220000000204891,2026-09-13T03:37:34.880655+00:00
1715,focused,motion_direction,motion_L8,13720,101480,1.3702702522277832,55.202030181884766,1,0.375,{},11,0.875,2026-09-13T03:37:35.757450+00:00
1716,focused,orientation,orientation_recall_D4,13728,101568,0.963296115398407,94.73323059082031,1,0.375,{},11,0.8119999999180436,2026-09-13T03:37:36.576641+00:00
1717,focused,motion_direction,motion_L2,13736,101608,0.8417524695396423,64.31455993652344,1,0.75,{},5,0.375,2026-09-13T03:37:36.950648+00:00
1718,focused,orientation,orientation_recall_minimal,13744,101648,0.4746599495410919,33.28330612182617,1,0.75,{},5,0.3440000000409782,2026-09-13T03:37:37.299665+00:00
1719,focused,motion_direction,motion_L8,13752,101736,1.2160398960113525,36.394405364990234,1,0.375,{},11,0.8440000000409782,2026-09-13T03:37:38.145602+00:00
1720,focused,orientation,orientation_recall_D4,13760,101824,0.4514789283275604,22.633665084838867,1,0.75,{},11,0.7969999997876585,2026-09-13T03:37:38.945683+00:00
1721,focused,motion_direction,motion_anchor,13768,101840,0.006230133585631847,1.649070143699646,1,1.0,{},2,0.20300000021234155,2026-09-13T03:37:39.147627+00:00
1722,focused,motion_direction,motion_L2,13776,101880,0.3861677348613739,10.138391494750977,1,0.875,{},5,0.42199999978765845,2026-09-13T03:37:39.569760+00:00
1723,focused,orientation,orientation_recall_minimal,13784,101920,0.38297322392463684,3.260995626449585,1,0.875,{},5,0.375,2026-09-13T03:37:39.945677+00:00
1724,focused,motion_direction,motion_L8,13792,102008,0.8889462351799011,11.888252258300781,1,0.5,{},11,0.9060000001918525,2026-09-13T03:37:40.866491+00:00
1725,focused,orientation,orientation_recall_D4,13800,102096,0.6688855290412903,14.499532699584961,1,0.5,{},11,0.7340000001713634,2026-09-13T03:37:41.602545+00:00
1726,focused,motion_direction,motion_L2,13808,102136,0.2452652007341385,17.082368850708008,1,1.0,{},5,0.40699999989010394,2026-09-13T03:37:42.011221+00:00
1727,focused,orientation,orientation_recall_minimal,13816,102176,0.26318782567977905,16.650476455688477,1,1.0,{},5,0.375,2026-09-13T03:37:42.385136+00:00
1728,focused,motion_direction,motion_L8,13824,102264,0.9267879724502563,24.746597290039062,1,0.375,{},11,0.8119999999180436,2026-09-13T03:37:43.202247+00:00
1729,focused,orientation,orientation_recall_D4,13832,102352,0.4759313762187958,48.579498291015625,1,0.875,"{""state_mean"": {""input_saturation"": 0.09228515625, ""input_mean"": 0.15729336711493405, ""forget_saturation"": 0.5861594460227273, ""forget_mean"": 0.893622181632302, ""output_saturation"": 0.012073863636363636, ""output_mean"": 0.489763387224891, ""candidate_saturation"": 0.08669211647727272, ""state0_rms"": 0.8403116803277623, ""state0_max"": 4.093312285163186, ""state1_rms"": 0.2317629111084071, ""state1_max"": 0.881811797618866}, ""state_peak"": {""state0_max"": 7.235933303833008, ""state1_max"": 0.9773823618888855}, ""early_representation_gradient_norm"": 0.001817094162106514, ""late_representation_gradient_norm"": 0.16895703971385956, ""core_gradient_norm"": 1.6201244592666626, ""recurrent_gradient_rms"": 0.0017824909882619977, ""recurrent_gradient_median_abs"": 6.729443703079596e-05, ""current_gradient_fraction_below_adam_eps"": 0.0, ""effective_recurrent_relative_update"": 0.0068109226413071156}",11,0.75,2026-09-13T03:37:43.945217+00:00
1730,focused,motion_direction,motion_L2,13840,102392,0.29240211844444275,37.86971664428711,1,0.875,{},5,0.375,2026-09-13T03:37:44.324519+00:00
1731,focused,orientation,orientation_anchor,13848,102408,0.0002316596801392734,0.00813536811619997,0,1.0,{},2,0.15600000019185245,2026-09-13T03:37:44.488690+00:00
1732,focused,orientation,orientation_recall_minimal,13856,102448,0.6040673851966858,25.515968322753906,1,0.625,{},5,0.375,2026-09-13T03:37:44.861645+00:00
1733,focused,motion_direction,motion_L8,13864,102536,0.7273522019386292,13.884984016418457,1,0.75,{},11,0.7819999998901039,2026-09-13T03:37:45.645181+00:00
1734,focused,orientation,orientation_recall_D4,13872,102624,0.7021836638450623,4.239530086517334,1,0.5,{},11,0.7659999998286366,2026-09-13T03:37:46.416402+00:00
1735,focused,motion_direction,motion_L2,13880,102664,0.29856595396995544,17.290613174438477,1,0.875,{},5,0.43700000015087426,2026-09-13T03:37:46.851259+00:00
1736,focused,orientation,orientation_recall_minimal,13888,102704,0.36636191606521606,19.346750259399414,1,0.875,{},5,0.39099999982863665,2026-09-13T03:37:47.252047+00:00
1737,focused,motion_direction,motion_L8,13896,102792,0.7799665927886963,8.92245101928711,1,0.75,{},11,0.8910000000614673,2026-09-13T03:37:48.136574+00:00
1738,focused,orientation,orientation_recall_D4,13904,102880,0.5236687660217285,6.920686721801758,1,0.5,{},11,0.8279999999795109,2026-09-13T03:37:48.975644+00:00
1739,focused,motion_direction,motion_L2,13912,102920,0.2787894010543823,31.656578063964844,1,1.0,{},5,0.34399999980814755,2026-09-13T03:37:49.332994+00:00
1740,focused,orientation,orientation_recall_minimal,13920,102960,0.317457914352417,5.345395088195801,1,0.875,{},5,0.4059999999590218,2026-09-13T03:37:49.741422+00:00
1741,focused,motion_direction,motion_anchor,13928,102976,0.0013474225997924805,0.1456330418586731,0,1.0,{},2,0.1720000000204891,2026-09-13T03:37:49.916748+00:00
1742,focused,motion_direction,motion_L8,13936,103064,1.1406068801879883,20.302846908569336,1,0.375,{},11,0.7190000000409782,2026-09-13T03:37:50.643899+00:00
1743,focused,orientation,orientation_recall_D4,13944,103152,0.618607759475708,22.683218002319336,1,0.625,{},11,0.7970000000204891,2026-09-13T03:37:51.433010+00:00
1744,focused,motion_direction,motion_L2,13952,103192,0.49176082015037537,25.997529983520508,1,0.75,{},5,0.3899999998975545,2026-09-13T03:37:51.831644+00:00
1745,focused,orientation,orientation_recall_minimal,13960,103232,0.5321822166442871,16.004037857055664,1,0.625,{},5,0.375,2026-09-13T03:37:52.207642+00:00
1746,focused,motion_direction,motion_L8,13968,103320,1.5511853694915771,24.5742130279541,1,0.375,{},11,0.8279999999795109,2026-09-13T03:37:53.040674+00:00
1747,focused,orientation,orientation_recall_D4,13976,103408,0.5299146175384521,23.36008071899414,1,0.75,{},11,0.7970000000204891,2026-09-13T03:37:53.847908+00:00
1748,focused,motion_direction,motion_L2,13984,103448,0.2787078619003296,28.3406982421875,1,1.0,{},5,0.4220000000204891,2026-09-13T03:37:54.256605+00:00
1749,focused,orientation,orientation_recall_minimal,13992,103488,0.3017604649066925,5.0834736824035645,1,0.875,{},5,0.39000000013038516,2026-09-13T03:37:54.658369+00:00
1750,focused,motion_direction,motion_L8,14000,103576,1.2451419830322266,31.380510330200195,1,0.375,{},11,0.8909999998286366,2026-09-13T03:37:55.554804+00:00
1751,focused,orientation,orientation_anchor,14008,103592,0.0036671231500804424,0.26059287786483765,0,1.0,{},2,0.2339999999385327,2026-09-13T03:37:55.790690+00:00
1752,focused,orientation,orientation_recall_D4,14016,103680,0.6566480994224548,24.975749969482422,1,0.5,{},11,0.7970000000204891,2026-09-13T03:37:56.587562+00:00
1753,focused,motion_direction,motion_L2,14024,103720,0.3222811222076416,25.880815505981445,1,0.875,{},5,0.3589999999385327,2026-09-13T03:37:56.948083+00:00
1754,focused,orientation,orientation_recall_minimal,14032,103760,0.18792761862277985,13.424120903015137,1,1.0,{},5,0.3910000000614673,2026-09-13T03:37:57.345847+00:00
1755,focused,motion_direction,motion_L8,14040,103848,1.2877615690231323,35.91791534423828,1,0.5,{},11,0.8589999999385327,2026-09-13T03:37:58.211468+00:00
1756,focused,orientation,orientation_recall_D4,14048,103936,0.6586799025535583,166.95196533203125,1,0.625,{},11,0.7809999999590218,2026-09-13T03:37:59.002883+00:00
1757,focused,motion_direction,motion_L2,14056,103976,0.434878945350647,61.06692886352539,1,0.75,{},5,0.375,2026-09-13T03:37:59.369514+00:00
1758,focused,orientation,orientation_recall_minimal,14064,104016,0.2942504584789276,5.5199384689331055,1,0.875,{},5,0.3440000000409782,2026-09-13T03:37:59.710624+00:00
1759,focused,motion_direction,motion_L8,14072,104104,0.6690056920051575,27.37753677368164,1,0.625,{},11,0.7650000001303852,2026-09-13T03:38:00.490173+00:00
1760,focused,orientation,orientation_recall_D4,14080,104192,0.5546669363975525,98.98750305175781,1,0.625,{},11,0.7810000001918525,2026-09-13T03:38:01.286003+00:00
1761,focused,motion_direction,motion_anchor,14088,104208,0.07005511224269867,8.498370170593262,1,1.0,{},2,0.1559999999590218,2026-09-13T03:38:01.450585+00:00
1762,focused,motion_direction,motion_L2,14096,104248,0.6392200589179993,113.79019165039062,1,0.75,{},5,0.3910000000614673,2026-09-13T03:38:01.848668+00:00
1763,focused,orientation,orientation_recall_minimal,14104,104288,0.6154274344444275,5.712799072265625,1,0.625,{},5,0.39099999982863665,2026-09-13T03:38:02.241531+00:00
1764,focused,motion_direction,motion_L8,14112,104376,0.5065190196037292,16.917478561401367,1,0.875,{},11,0.8590000001713634,2026-09-13T03:38:03.101836+00:00
1765,focused,orientation,orientation_recall_D4,14120,104464,0.5696242451667786,33.21193313598633,1,0.625,{},11,0.7970000000204891,2026-09-13T03:38:03.912536+00:00
1766,focused,motion_direction,motion_L2,14128,104504,0.9021273851394653,133.94149780273438,1,0.625,{},5,0.35900000017136335,2026-09-13T03:38:04.282582+00:00
1767,focused,orientation,orientation_recall_minimal,14136,104544,0.28079771995544434,21.917585372924805,1,0.875,{},5,0.39099999982863665,2026-09-13T03:38:04.665223+00:00
1768,focused,motion_direction,motion_L8,14144,104632,0.8040174245834351,19.294382095336914,1,0.625,{},11,0.8440000000409782,2026-09-13T03:38:05.521619+00:00
1769,focused,orientation,orientation_recall_D4,14152,104720,0.55600905418396,7.097862243652344,1,0.875,{},11,0.8129999998491257,2026-09-13T03:38:06.348101+00:00
1770,focused,motion_direction,motion_L2,14160,104760,0.34326064586639404,75.85337829589844,1,0.875,{},5,0.35999999986961484,2026-09-13T03:38:06.712999+00:00
1771,focused,orientation,orientation_anchor,14168,104776,0.0022552611771970987,0.06446895748376846,0,1.0,{},2,0.1720000000204891,2026-09-13T03:38:06.880568+00:00
1772,focused,orientation,orientation_recall_minimal,14176,104816,0.15518897771835327,5.2634663581848145,1,1.0,{},5,0.375,2026-09-13T03:38:07.262184+00:00
1773,focused,motion_direction,motion_L8,14184,104904,0.8793981075286865,29.840133666992188,1,0.625,{},11,0.8589999999385327,2026-09-13T03:38:08.131605+00:00
1774,focused,orientation,orientation_recall_D4,14192,104992,0.6485867500305176,91.24459838867188,1,0.5,{},11,0.8119999999180436,2026-09-13T03:38:08.948733+00:00
1775,focused,motion_direction,motion_L2,14200,105032,0.20105938613414764,7.33831262588501,1,1.0,{},5,0.375,2026-09-13T03:38:09.321968+00:00
1776,focused,orientation,orientation_recall_minimal,14208,105072,0.30863502621650696,65.51627349853516,1,0.875,{},5,0.375,2026-09-13T03:38:09.693998+00:00
1777,focused,motion_direction,motion_L8,14216,105160,1.006508469581604,26.63236427307129,1,0.625,{},11,0.75,2026-09-13T03:38:10.450197+00:00
1778,focused,orientation,orientation_recall_D4,14224,105248,0.5837590098381042,12.253934860229492,1,0.75,{},11,0.75,2026-09-13T03:38:11.197890+00:00
1779,focused,motion_direction,motion_L2,14232,105288,0.22984552383422852,14.644463539123535,1,1.0,{},5,0.375,2026-09-13T03:38:11.579831+00:00
1780,focused,orientation,orientation_recall_minimal,14240,105328,0.28663310408592224,7.6722092628479,1,0.875,{},5,0.3910000000614673,2026-09-13T03:38:11.961528+00:00
1781,focused,motion_direction,motion_anchor,14248,105344,0.02251185104250908,2.76975417137146,1,1.0,{},2,0.1720000000204891,2026-09-13T03:38:12.138548+00:00
1782,focused,motion_direction,motion_L8,14256,105432,0.958709716796875,40.87797546386719,1,0.75,{},11,0.8589999999385327,2026-09-13T03:38:12.996890+00:00
1783,focused,orientation,orientation_recall_D4,14264,105520,0.7311353087425232,14.863051414489746,1,0.5,{},11,0.7340000001713634,2026-09-13T03:38:13.737516+00:00
1784,focused,motion_direction,motion_L2,14272,105560,0.33369195461273193,41.05183792114258,1,0.75,{},5,0.375,2026-09-13T03:38:14.104450+00:00
1785,focused,orientation,orientation_recall_minimal,14280,105600,0.1544656902551651,9.59298324584961,1,1.0,{},5,0.35999999986961484,2026-09-13T03:38:14.468307+00:00
1786,focused,motion_direction,motion_L8,14288,105688,0.5533959865570068,43.36280059814453,1,0.875,{},11,0.8900000001303852,2026-09-13T03:38:15.352610+00:00
1787,focused,orientation,orientation_recall_D4,14296,105776,0.5612939596176147,11.321160316467285,1,0.625,{},11,0.7189999998081475,2026-09-13T03:38:16.071863+00:00
1788,focused,motion_direction,motion_L2,14304,105816,0.48051849007606506,98.5589370727539,1,0.75,{},5,0.3600000001024455,2026-09-13T03:38:16.443693+00:00
1789,focused,orientation,orientation_recall_minimal,14312,105856,0.42658451199531555,6.021348476409912,1,0.75,{},5,0.3600000001024455,2026-09-13T03:38:16.813450+00:00
1790,focused,motion_direction,motion_L8,14320,105944,1.1733999252319336,47.320072174072266,1,0.625,{},11,0.8589999999385327,2026-09-13T03:38:17.676506+00:00
1791,focused,orientation,orientation_anchor,14328,105960,0.00893536675721407,0.5885717868804932,0,1.0,{},2,0.1559999999590218,2026-09-13T03:38:17.837978+00:00
1792,focused,orientation,orientation_recall_D4,14336,106048,0.5716094970703125,16.929153442382812,1,0.5,{},11,0.7809999999590218,2026-09-13T03:38:18.627519+00:00
1793,focused,motion_direction,motion_L2,14344,106088,0.2032698690891266,15.944982528686523,1,1.0,"{""state_mean"": {""input_saturation"": 0.05205078125, ""input_mean"": 0.1583433359861374, ""forget_saturation"": 0.58369140625, ""forget_mean"": 0.9104751586914063, ""output_saturation"": 0.0189453125, ""output_mean"": 0.48970250487327577, ""candidate_saturation"": 0.098828125, ""state0_rms"": 0.32267674505710603, ""state0_max"": 1.4172736644744872, ""state1_rms"": 0.18322478383779525, ""state1_max"": 0.7504637837409973}, ""state_peak"": {""state0_max"": 2.1670520305633545, ""state1_max"": 0.9466120004653931}, ""early_representation_gradient_norm"": 0.006422324106097221, ""late_representation_gradient_norm"": 0.0166975948959589, ""core_gradient_norm"": 1.2304316759109497, ""recurrent_gradient_rms"": 0.0009313022019341588, ""recurrent_gradient_median_abs"": 1.9978841010015458e-05, ""current_gradient_fraction_below_adam_eps"": 3.814697265625e-06, ""effective_recurrent_relative_update"": 0.006323855835944414}",5,0.3589999999385327,2026-09-13T03:38:19.077307+00:00
1794,focused,orientation,orientation_recall_minimal,14352,106128,0.2811950147151947,8.809348106384277,1,0.875,{},5,0.32800000021234155,2026-09-13T03:38:19.398010+00:00
1795,focused,motion_direction,motion_L8,14360,106216,0.8272109031677246,46.93173599243164,1,0.5,{},11,0.7969999997876585,2026-09-13T03:38:20.204680+00:00
1796,focused,orientation,orientation_recall_D4,14368,106304,0.4356513023376465,16.358558654785156,1,0.875,{},11,0.75,2026-09-13T03:38:20.952221+00:00
1797,focused,motion_direction,motion_L2,14376,106344,0.21498417854309082,26.63601303100586,1,1.0,{},5,0.3600000001024455,2026-09-13T03:38:21.311548+00:00
1798,focused,orientation,orientation_recall_minimal,14384,106384,0.2773105204105377,8.24341106414795,1,0.875,{},5,0.34300000010989606,2026-09-13T03:38:21.649702+00:00
1799,focused,motion_direction,motion_L8,14392,106472,0.8234993815422058,13.5982666015625,1,0.625,{},11,0.8599999998696148,2026-09-13T03:38:22.509248+00:00
1800,focused,orientation,orientation_recall_D4,14400,106560,0.5437588691711426,61.73316955566406,1,0.625,{},11,0.8589999999385327,2026-09-13T03:38:23.371792+00:00
1801,focused,motion_direction,motion_anchor,14408,106576,0.002583347028121352,0.31791773438453674,0,1.0,{},2,0.1880000000819564,2026-09-13T03:38:23.563800+00:00
1802,focused,motion_direction,motion_L2,14416,106616,0.46448078751564026,95.69843292236328,1,0.75,{},5,0.42100000008940697,2026-09-13T03:38:23.978465+00:00
1803,focused,orientation,orientation_recall_minimal,14424,106656,0.32736724615097046,8.734370231628418,1,0.875,{},5,0.375,2026-09-13T03:38:24.355976+00:00
1804,focused,motion_direction,motion_L8,14432,106744,1.030313491821289,46.917083740234375,1,0.75,{},11,0.9069999998901039,2026-09-13T03:38:25.272840+00:00
1805,focused,orientation,orientation_recall_D4,14440,106832,0.7817577719688416,213.3754119873047,1,0.75,{},11,0.8909999998286366,2026-09-13T03:38:26.167827+00:00
1806,focused,motion_direction,motion_L2,14448,106872,0.3589544892311096,35.78326416015625,1,0.75,{},5,0.35900000017136335,2026-09-13T03:38:26.535659+00:00
1807,focused,orientation,orientation_recall_minimal,14456,106912,0.44348597526550293,44.68997573852539,1,0.75,{},5,0.4059999999590218,2026-09-13T03:38:26.957766+00:00
1808,focused,motion_direction,motion_L8,14464,107000,1.4043097496032715,34.00130844116211,1,0.5,{},11,0.9839999999385327,2026-09-13T03:38:27.945815+00:00
1809,focused,orientation,orientation_recall_D4,14472,107088,0.7688470482826233,58.67921447753906,1,0.75,{},11,0.8280000002123415,2026-09-13T03:38:28.778584+00:00
1810,focused,motion_direction,motion_L2,14480,107128,0.2806822657585144,38.66010665893555,1,0.875,{},5,0.35999999986961484,2026-09-13T03:38:29.146926+00:00
1811,focused,orientation,orientation_anchor,14488,107144,0.005326788406819105,0.1983179748058319,0,1.0,{},2,0.14099999982863665,2026-09-13T03:38:29.293809+00:00
1812,focused,orientation,orientation_recall_minimal,14496,107184,0.31087663769721985,30.714271545410156,1,0.875,{},5,0.31200000015087426,2026-09-13T03:38:29.614633+00:00
1813,focused,motion_direction,motion_L8,14504,107272,0.8133741617202759,56.664939880371094,1,0.75,{},11,0.7970000000204891,2026-09-13T03:38:30.419867+00:00
1814,focused,orientation,orientation_recall_D4,14512,107360,0.8216949105262756,20.840051651000977,1,0.5,{},11,0.7190000000409782,2026-09-13T03:38:31.148773+00:00
1815,focused,motion_direction,motion_L2,14520,107400,0.5811750292778015,32.00141906738281,1,0.875,{},5,0.43799999984912574,2026-09-13T03:38:31.585098+00:00
1816,focused,orientation,orientation_recall_minimal,14528,107440,0.3395187258720398,17.392717361450195,1,0.875,{},5,0.375,2026-09-13T03:38:31.967435+00:00
1817,focused,motion_direction,motion_L8,14536,107528,0.7245248556137085,54.131927490234375,1,0.75,{},11,0.8589999999385327,2026-09-13T03:38:32.826502+00:00
1818,focused,orientation,orientation_recall_D4,14544,107616,0.4745936989784241,15.694674491882324,1,0.75,{},11,0.8130000000819564,2026-09-13T03:38:33.641608+00:00
1819,focused,motion_direction,motion_L2,14552,107656,0.9175681471824646,31.72321128845215,1,0.625,{},5,0.4529999999795109,2026-09-13T03:38:34.095768+00:00
1820,focused,orientation,orientation_recall_minimal,14560,107696,0.46386659145355225,105.09192657470703,1,0.75,{},5,0.4059999999590218,2026-09-13T03:38:34.491919+00:00
1821,focused,motion_direction,motion_anchor,14568,107712,0.0014569041086360812,0.10008560121059418,0,1.0,{},2,0.1880000000819564,2026-09-13T03:38:34.677990+00:00
1822,focused,motion_direction,motion_L8,14576,107800,0.7192210555076599,46.00914001464844,1,0.875,{},11,0.8430000001098961,2026-09-13T03:38:35.533943+00:00
1823,focused,orientation,orientation_recall_D4,14584,107888,0.9569636583328247,17.844280242919922,1,0.5,{},11,0.8129999998491257,2026-09-13T03:38:36.344924+00:00
1824,focused,motion_direction,motion_L2,14592,107928,0.38405629992485046,92.69123840332031,1,0.875,{},5,0.4059999999590218,2026-09-13T03:38:36.748968+00:00
1825,focused,orientation,orientation_recall_minimal,14600,107968,0.5397318005561829,51.28227233886719,1,0.875,{},5,0.35900000017136335,2026-09-13T03:38:37.110474+00:00
1826,focused,motion_direction,motion_L8,14608,108056,0.8309234380722046,31.823387145996094,1,0.625,{},11,0.9379999998491257,2026-09-13T03:38:38.052678+00:00
1827,focused,orientation,orientation_recall_D4,14616,108144,0.7689499855041504,34.4931755065918,1,0.5,{},11,0.7649999998975545,2026-09-13T03:38:38.824880+00:00
1828,focused,motion_direction,motion_L2,14624,108184,0.4610516428947449,79.82637786865234,1,0.75,{},5,0.45300000021234155,2026-09-13T03:38:39.273576+00:00
1829,focused,orientation,orientation_recall_minimal,14632,108224,0.2838205099105835,21.33983612060547,1,0.875,{},5,0.39099999982863665,2026-09-13T03:38:39.668456+00:00
1830,focused,motion_direction,motion_L8,14640,108312,0.9621143937110901,40.27712631225586,1,0.5,{},11,0.8279999999795109,2026-09-13T03:38:40.495037+00:00
1831,focused,orientation,orientation_anchor,14648,108328,0.0051068998873233795,0.2177046537399292,0,1.0,{},2,0.1880000000819564,2026-09-13T03:38:40.684836+00:00
1832,focused,orientation,orientation_recall_D4,14656,108416,0.5560610294342041,45.634864807128906,1,0.75,{},11,0.8589999999385327,2026-09-13T03:38:41.549498+00:00
1833,focused,motion_direction,motion_L2,14664,108456,0.3391357958316803,57.39558410644531,1,0.875,{},5,0.4220000000204891,2026-09-13T03:38:41.967892+00:00
1834,focused,orientation,orientation_recall_minimal,14672,108496,0.6949298977851868,12.793638229370117,1,0.5,{},5,0.4059999999590218,2026-09-13T03:38:42.377208+00:00
1835,focused,motion_direction,motion_L8,14680,108584,0.7460638284683228,59.066471099853516,1,0.625,{},11,0.9220000000204891,2026-09-13T03:38:43.293042+00:00
1836,focused,orientation,orientation_recall_D4,14688,108672,1.4314316511154175,104.31720733642578,1,0.5,{},11,0.7970000000204891,2026-09-13T03:38:44.094133+00:00
1837,focused,motion_direction,motion_L2,14696,108712,0.7909584045410156,71.13919830322266,1,0.625,{},5,0.4220000000204891,2026-09-13T03:38:44.508114+00:00
1838,focused,orientation,orientation_recall_minimal,14704,108752,0.4381099045276642,37.48711395263672,1,0.75,{},5,0.39000000013038516,2026-09-13T03:38:44.903232+00:00
1839,focused,motion_direction,motion_L8,14712,108840,1.028249979019165,57.07289505004883,1,0.5,{},11,0.8909999998286366,2026-09-13T03:38:45.803628+00:00
1840,focused,orientation,orientation_recall_D4,14720,108928,0.8949832320213318,78.1969223022461,1,0.625,{},11,0.7649999998975545,2026-09-13T03:38:46.583747+00:00
1841,focused,motion_direction,motion_anchor,14728,108944,0.005345282144844532,0.9173474907875061,0,1.0,{},2,0.2029999999795109,2026-09-13T03:38:46.800498+00:00
1842,focused,motion_direction,motion_L2,14736,108984,0.5189083218574524,38.90765380859375,1,0.75,{},5,0.4059999999590218,2026-09-13T03:38:47.205825+00:00
1843,focused,orientation,orientation_recall_minimal,14744,109024,0.3426888883113861,4.8007965087890625,1,0.875,{},5,0.3910000000614673,2026-09-13T03:38:47.599840+00:00
1844,focused,motion_direction,motion_L8,14752,109112,0.6162562370300293,45.47648239135742,1,0.625,{},11,0.8909999998286366,2026-09-13T03:38:48.498595+00:00
1845,focused,orientation,orientation_recall_D4,14760,109200,0.8313326835632324,5.300755977630615,1,0.5,{},11,0.7660000000614673,2026-09-13T03:38:49.259570+00:00
1846,focused,motion_direction,motion_L2,14768,109240,0.3287927806377411,27.380510330200195,1,0.875,{},5,0.3589999999385327,2026-09-13T03:38:49.627389+00:00
1847,focused,orientation,orientation_recall_minimal,14776,109280,0.1786682903766632,2.9123494625091553,1,1.0,{},5,0.40600000019185245,2026-09-13T03:38:50.028124+00:00
1848,focused,motion_direction,motion_L8,14784,109368,0.8264153003692627,32.05708312988281,1,0.625,{},11,0.8909999998286366,2026-09-13T03:38:50.926236+00:00
1849,focused,orientation,orientation_recall_D4,14792,109456,0.6529484987258911,16.223384857177734,1,0.5,{},11,0.7809999999590218,2026-09-13T03:38:51.720834+00:00
1850,focused,motion_direction,motion_L2,14800,109496,0.8075090646743774,44.099369049072266,1,0.625,{},5,0.4220000000204891,2026-09-13T03:38:52.144075+00:00
1851,focused,orientation,orientation_anchor,14808,109512,0.0010042577050626278,0.040199100971221924,0,1.0,{},2,0.25,2026-09-13T03:38:52.391891+00:00
1852,focused,orientation,orientation_recall_minimal,14816,109552,0.4225534200668335,33.02693557739258,1,0.75,{},5,0.375,2026-09-13T03:38:52.766016+00:00
1853,focused,motion_direction,motion_L8,14824,109640,0.8851519823074341,45.31276321411133,1,0.625,{},11,0.7650000001303852,2026-09-13T03:38:53.536774+00:00
1854,focused,orientation,orientation_recall_D4,14832,109728,0.9310406446456909,74.87206268310547,1,0.375,{},11,0.8120000001508743,2026-09-13T03:38:54.350172+00:00
1855,focused,motion_direction,motion_L2,14840,109768,0.6470565795898438,50.72136688232422,1,0.625,{},5,0.4220000000204891,2026-09-13T03:38:54.776781+00:00
1856,focused,orientation,orientation_recall_minimal,14848,109808,0.317798912525177,54.41403579711914,1,0.75,{},5,0.40699999989010394,2026-09-13T03:38:55.178973+00:00
1857,focused,motion_direction,motion_L8,14856,109896,0.9658098220825195,39.274662017822266,1,0.625,"{""state_mean"": {""input_saturation"": 0.06258877840909091, ""input_mean"": 0.15773745558478616, ""forget_saturation"": 0.5783469460227273, ""forget_mean"": 0.9072262211279436, ""output_saturation"": 0.02081853693181818, ""output_mean"": 0.4921511276201768, ""candidate_saturation"": 0.08877840909090909, ""state0_rms"": 0.4928296601230448, ""state0_max"": 2.9542235298590227, ""state1_rms"": 0.2204622199589556, ""state1_max"": 0.8870212760838595}, ""state_peak"": {""state0_max"": 5.811229705810547, ""state1_max"": 0.9815099239349365}, ""early_representation_gradient_norm"": 0.014838342554867268, ""late_representation_gradient_norm"": 0.026381777599453926, ""core_gradient_norm"": 4.70649528503418, ""recurrent_gradient_rms"": 0.004227472003549337, ""recurrent_gradient_median_abs"": 0.00020735776342917234, ""current_gradient_fraction_below_adam_eps"": 0.0, ""effective_recurrent_relative_update"": 0.010009758174419403}",11,0.875,2026-09-13T03:38:56.059786+00:00
1858,focused,orientation,orientation_recall_D4,14864,109984,0.6954024434089661,36.70731735229492,1,0.375,{},11,0.7339999999385327,2026-09-13T03:38:56.798915+00:00
1859,focused,motion_direction,motion_L2,14872,110024,0.4643186926841736,44.631622314453125,1,0.75,{},5,0.3910000000614673,2026-09-13T03:38:57.178277+00:00
1860,focused,orientation,orientation_recall_minimal,14880,110064,0.4366471767425537,26.13995933532715,1,0.875,{},5,0.34300000010989606,2026-09-13T03:38:57.536535+00:00
1861,focused,motion_direction,motion_anchor,14888,110080,0.0005589075735770166,0.028233163058757782,0,1.0,{},2,0.2029999999795109,2026-09-13T03:38:57.740922+00:00
1862,focused,motion_direction,motion_L8,14896,110168,0.8488773703575134,37.757118225097656,1,0.625,{},11,0.8130000000819564,2026-09-13T03:38:58.564835+00:00
1863,focused,orientation,orientation_recall_D4,14904,110256,0.712375283241272,7.090186595916748,1,0.5,{},11,0.7649999998975545,2026-09-13T03:38:59.330487+00:00
1864,focused,motion_direction,motion_L2,14912,110296,0.29914483428001404,63.65622329711914,1,1.0,{},5,0.40600000019185245,2026-09-13T03:38:59.727890+00:00
1865,focused,orientation,orientation_recall_minimal,14920,110336,0.3029136657714844,6.65791130065918,1,0.875,{},5,0.39099999982863665,2026-09-13T03:39:00.115573+00:00
1866,focused,motion_direction,motion_L8,14928,110424,0.5591641068458557,48.33240509033203,1,0.875,{},11,0.8440000000409782,2026-09-13T03:39:00.970350+00:00
1867,focused,orientation,orientation_recall_D4,14936,110512,0.6227126717567444,7.264249801635742,1,0.625,{},11,0.7809999999590218,2026-09-13T03:39:01.745855+00:00
1868,focused,motion_direction,motion_L2,14944,110552,0.2575448155403137,6.41341495513916,1,1.0,{},5,0.4220000000204891,2026-09-13T03:39:02.171128+00:00
1869,focused,orientation,orientation_recall_minimal,14952,110592,0.37832173705101013,6.605433464050293,1,0.75,{},5,0.4220000000204891,2026-09-13T03:39:02.584449+00:00
1870,focused,motion_direction,motion_L8,14960,110680,0.6897342205047607,23.69533348083496,1,0.625,{},11,0.8589999999385327,2026-09-13T03:39:03.457394+00:00
1871,focused,orientation,orientation_anchor,14968,110696,0.10014352947473526,3.7358100414276123,1,0.875,{},2,0.1720000000204891,2026-09-13T03:39:03.624861+00:00
1872,focused,orientation,orientation_recall_D4,14976,110784,0.8758311867713928,74.9581527709961,1,0.5,{},11,0.7660000000614673,2026-09-13T03:39:04.398431+00:00
1873,focused,motion_direction,motion_L2,14984,110824,0.37862950563430786,54.64719772338867,1,0.875,{},5,0.40699999989010394,2026-09-13T03:39:04.812891+00:00
1874,focused,orientation,orientation_recall_minimal,14992,110864,0.3095916509628296,3.3421108722686768,1,0.875,{},5,0.4059999999590218,2026-09-13T03:39:05.216171+00:00
1875,focused,motion_direction,motion_L8,15000,110952,0.7473732829093933,25.56800651550293,1,0.625,{},11,0.7809999999590218,2026-09-13T03:39:06.002098+00:00
1876,focused,orientation,orientation_recall_D4,15008,111040,0.6085284948348999,20.618173599243164,1,0.625,{},11,0.8130000000819564,2026-09-13T03:39:06.812694+00:00
1877,focused,motion_direction,motion_L2,15016,111080,0.317616730928421,69.15384674072266,1,0.875,{},5,0.4369999999180436,2026-09-13T03:39:07.254842+00:00
1878,focused,orientation,orientation_recall_minimal,15024,111120,0.2645854353904724,17.8599910736084,1,0.875,{},5,0.34300000010989606,2026-09-13T03:39:07.612828+00:00
1879,focused,motion_direction,motion_L8,15032,111208,1.2152824401855469,85.05215454101562,1,0.625,{},11,0.8909999998286366,2026-09-13T03:39:08.506911+00:00
1880,focused,orientation,orientation_recall_D4,15040,111296,0.6668700575828552,16.343740463256836,1,0.625,{},11,0.75,2026-09-13T03:39:09.259565+00:00
1881,focused,motion_direction,motion_anchor,15048,111312,0.13795821368694305,13.171850204467773,1,0.875,{},2,0.1559999999590218,2026-09-13T03:39:09.423387+00:00
1882,focused,motion_direction,motion_L2,15056,111352,0.15151159465312958,10.93990707397461,1,1.0,{},5,0.43700000015087426,2026-09-13T03:39:09.854530+00:00
1883,focused,orientation,orientation_recall_minimal,15064,111392,0.293832391500473,4.313823223114014,1,0.875,{},5,0.375,2026-09-13T03:39:10.237751+00:00
1884,focused,motion_direction,motion_L8,15072,111480,1.092018723487854,60.611976623535156,1,0.5,{},11,0.7970000000204891,2026-09-13T03:39:11.033198+00:00
1885,focused,orientation,orientation_recall_D4,15080,111568,0.6084450483322144,15.446401596069336,1,0.625,{},11,0.8129999998491257,2026-09-13T03:39:11.847354+00:00
1886,focused,motion_direction,motion_L2,15088,111608,0.19463779032230377,29.616100311279297,1,1.0,{},5,0.39000000013038516,2026-09-13T03:39:12.236024+00:00
1887,focused,orientation,orientation_recall_minimal,15096,111648,0.4656401574611664,39.98686981201172,1,0.75,{},5,0.35999999986961484,2026-09-13T03:39:12.585700+00:00
1888,focused,motion_direction,motion_L8,15104,111736,0.9219251275062561,42.61216354370117,1,0.625,{},11,0.8589999999385327,2026-09-13T03:39:13.448029+00:00
1889,focused,orientation,orientation_recall_D4,15112,111824,0.636277973651886,20.897993087768555,1,0.75,{},11,0.8130000000819564,2026-09-13T03:39:14.260561+00:00
1890,focused,motion_direction,motion_L2,15120,111864,0.19390174746513367,10.502427101135254,1,1.0,{},5,0.4220000000204891,2026-09-13T03:39:14.693757+00:00
1891,focused,orientation,orientation_anchor,15128,111880,0.0030995712149888277,0.08076617121696472,0,1.0,{},2,0.15600000019185245,2026-09-13T03:39:14.855987+00:00
1892,focused,orientation,orientation_recall_minimal,15136,111920,0.5855816602706909,60.90281677246094,1,0.5,{},5,0.39099999982863665,2026-09-13T03:39:15.252907+00:00
1893,focused,motion_direction,motion_L8,15144,112008,1.1809626817703247,37.97633361816406,1,0.5,{},11,0.8590000001713634,2026-09-13T03:39:16.111101+00:00
1894,focused,orientation,orientation_recall_D4,15152,112096,0.6288211345672607,18.18632698059082,1,0.625,{},11,0.8599999998696148,2026-09-13T03:39:16.960514+00:00
1895,focused,motion_direction,motion_L2,15160,112136,0.2005791813135147,28.551115036010742,1,1.0,{},5,0.43700000015087426,2026-09-13T03:39:17.397189+00:00
1896,focused,orientation,orientation_recall_minimal,15168,112176,0.18744195997714996,13.304712295532227,1,1.0,{},5,0.40699999989010394,2026-09-13T03:39:17.805024+00:00
1897,focused,motion_direction,motion_L8,15176,112264,0.6464213132858276,46.443885803222656,1,0.75,{},11,0.8899999998975545,2026-09-13T03:39:18.695687+00:00
1898,focused,orientation,orientation_recall_D4,15184,112352,0.5069476962089539,64.58033752441406,1,0.75,{},11,0.7810000001918525,2026-09-13T03:39:19.476674+00:00
1899,focused,motion_direction,motion_L2,15192,112392,0.2743256390094757,38.86845397949219,1,0.875,{},5,0.46899999980814755,2026-09-13T03:39:19.955375+00:00
1900,focused,orientation,orientation_recall_minimal,15200,112432,0.47776341438293457,8.867627143859863,1,0.75,{},5,0.375,2026-09-13T03:39:20.318830+00:00
1901,focused,motion_direction,motion_anchor,15208,112448,0.0015941455494612455,0.17272964119911194,0,1.0,{},2,0.2190000000409782,2026-09-13T03:39:20.537933+00:00
1902,focused,motion_direction,motion_L8,15216,112536,1.6115851402282715,33.95184326171875,1,0.5,{},11,0.8910000000614673,2026-09-13T03:39:21.440160+00:00
1903,focused,orientation,orientation_recall_D4,15224,112624,0.5422582030296326,9.591896057128906,1,0.625,{},11,0.796000000089407,2026-09-13T03:39:22.233333+00:00
1904,focused,motion_direction,motion_L2,15232,112664,0.18061178922653198,11.88586139678955,1,1.0,{},5,0.4220000000204891,2026-09-13T03:39:22.661952+00:00
1905,focused,orientation,orientation_recall_minimal,15240,112704,0.1665126383304596,11.256152153015137,1,1.0,{},5,0.3910000000614673,2026-09-13T03:39:23.061236+00:00
1906,focused,motion_direction,motion_L8,15248,112792,0.9079786539077759,64.28302764892578,1,0.75,{},11,0.9369999999180436,2026-09-13T03:39:23.996319+00:00
1907,focused,orientation,orientation_recall_D4,15256,112880,0.6114787459373474,31.66819190979004,1,0.625,{},11,0.7810000001918525,2026-09-13T03:39:24.786765+00:00
1908,focused,motion_direction,motion_L2,15264,112920,0.2295338362455368,60.74357604980469,1,0.875,{},5,0.375,2026-09-13T03:39:25.162008+00:00
1909,focused,orientation,orientation_recall_minimal,15272,112960,0.30209624767303467,7.761581897735596,1,0.875,{},5,0.3440000000409782,2026-09-13T03:39:25.506118+00:00
1910,focused,motion_direction,motion_L8,15280,113048,1.0858467817306519,26.973833084106445,1,0.375,{},11,0.7650000001303852,2026-09-13T03:39:26.283871+00:00
1911,focused,orientation,orientation_anchor,15288,113064,0.007282706443220377,0.24327990412712097,0,1.0,{},2,0.17199999978765845,2026-09-13T03:39:26.448105+00:00
1912,focused,orientation,orientation_recall_D4,15296,113152,0.8468754291534424,134.5010528564453,1,0.5,{},11,0.8130000000819564,2026-09-13T03:39:27.260511+00:00
1913,focused,motion_direction,motion_L2,15304,113192,0.12107142806053162,6.293376445770264,1,1.0,{},5,0.46800000010989606,2026-09-13T03:39:27.732960+00:00
1914,focused,orientation,orientation_recall_minimal,15312,113232,0.13448789715766907,4.5569987297058105,1,1.0,{},5,0.39099999982863665,2026-09-13T03:39:28.120427+00:00
1915,focused,motion_direction,motion_L8,15320,113320,0.70292067527771,39.93342208862305,1,0.625,{},11,0.9060000001918525,2026-09-13T03:39:29.023158+00:00
1916,focused,orientation,orientation_recall_D4,15328,113408,0.3931540250778198,13.5217924118042,1,0.875,{},11,0.7969999997876585,2026-09-13T03:39:29.832951+00:00
1917,focused,motion_direction,motion_L2,15336,113448,0.13363803923130035,25.409297943115234,1,1.0,{},5,0.39000000013038516,2026-09-13T03:39:30.235226+00:00
1918,focused,orientation,orientation_recall_minimal,15344,113488,0.10603386163711548,11.584578514099121,1,1.0,{},5,0.35999999986961484,2026-09-13T03:39:30.584620+00:00
1919,focused,motion_direction,motion_L8,15352,113576,0.9358628988265991,20.21253776550293,1,0.625,{},11,0.7970000000204891,2026-09-13T03:39:31.389438+00:00
1920,focused,orientation,orientation_recall_D4,15360,113664,0.7724102735519409,12.032883644104004,1,0.5,{},11,0.8119999999180436,2026-09-13T03:39:32.197963+00:00
1921,focused,motion_direction,motion_anchor,15368,113680,0.0009233381715603173,0.07716676592826843,0,1.0,"{""state_mean"": {""input_saturation"": 0.051025390625, ""input_mean"": 0.1607348769903183, ""forget_saturation"": 0.593505859375, ""forget_mean"": 0.9148269295692444, ""output_saturation"": 0.020263671875, ""output_mean"": 0.48612648248672485, ""candidate_saturation"": 0.106201171875, ""state0_rms"": 0.25412699580192566, ""state0_max"": 1.1470283567905426, ""state1_rms"": 0.1568451076745987, ""state1_max"": 0.7557840943336487}, ""state_peak"": {""state0_max"": 1.45029616355896, ""state1_max"": 0.8570650815963745}, ""early_representation_gradient_norm"": 6.358064274536446e-05, ""late_representation_gradient_norm"": 0.00011919111420866102, ""core_gradient_norm"": 0.0035356006119400263, ""recurrent_gradient_rms"": 1.6006829355319496e-06, ""recurrent_gradient_median_abs"": 1.89767490610393e-08, ""current_gradient_fraction_below_adam_eps"": 0.01291656494140625, ""effective_recurrent_relative_update"": 0.008712619543075562}",2,0.20300000021234155,2026-09-13T03:39:32.399386+00:00
1922,focused,motion_direction,motion_L2,15376,113720,0.28629517555236816,40.19643783569336,1,0.875,{},5,0.4529999999795109,2026-09-13T03:39:32.862199+00:00
1923,focused,orientation,orientation_recall_minimal,15384,113760,0.0906766951084137,1.522536277770996,1,1.0,{},5,0.375,2026-09-13T03:39:33.230035+00:00
1924,focused,motion_direction,motion_L8,15392,113848,1.183532953262329,60.33530807495117,1,0.375,{},11,0.7970000000204891,2026-09-13T03:39:34.023704+00:00
1925,focused,orientation,orientation_recall_D4,15400,113936,0.6063963174819946,15.364121437072754,1,0.75,{},11,0.8129999998491257,2026-09-13T03:39:34.849798+00:00
1926,focused,motion_direction,motion_L2,15408,113976,0.28832218050956726,48.907344818115234,1,0.875,{},5,0.4220000000204891,2026-09-13T03:39:35.278483+00:00
1927,focused,orientation,orientation_recall_minimal,15416,114016,0.4147264063358307,15.419415473937988,1,0.875,{},5,0.39099999982863665,2026-09-13T03:39:35.665559+00:00
1928,focused,motion_direction,motion_L8,15424,114104,1.0752302408218384,24.264738082885742,1,0.375,{},11,0.8120000001508743,2026-09-13T03:39:36.482984+00:00
1929,focused,orientation,orientation_recall_D4,15432,114192,0.6337755918502808,14.80879020690918,1,0.625,{},11,0.7819999998901039,2026-09-13T03:39:37.265306+00:00
1930,focused,motion_direction,motion_L2,15440,114232,0.17401491105556488,28.04145622253418,1,1.0,{},5,0.4369999999180436,2026-09-13T03:39:37.696301+00:00
1931,focused,orientation,orientation_anchor,15448,114248,0.056019049137830734,2.229876756668091,1,1.0,{},2,0.1720000000204891,2026-09-13T03:39:37.869117+00:00
1932,focused,orientation,orientation_recall_minimal,15456,114288,0.34031233191490173,1.9914487600326538,1,0.875,{},5,0.40600000019185245,2026-09-13T03:39:38.274149+00:00
1933,focused,motion_direction,motion_L8,15464,114376,0.6169832348823547,41.094234466552734,1,0.75,{},11,0.9069999998901039,2026-09-13T03:39:39.182902+00:00
1934,focused,orientation,orientation_recall_D4,15472,114464,0.6236488819122314,11.895244598388672,1,0.625,{},11,0.796000000089407,2026-09-13T03:39:39.986197+00:00
1935,focused,motion_direction,motion_L2,15480,114504,0.45007553696632385,171.1425018310547,1,0.75,{},5,0.5,2026-09-13T03:39:40.484146+00:00
1936,focused,orientation,orientation_recall_minimal,15488,114544,0.16553807258605957,34.716609954833984,1,1.0,{},5,0.4220000000204891,2026-09-13T03:39:40.897210+00:00
1937,focused,motion_direction,motion_L8,15496,114632,1.8278250694274902,11.157502174377441,1,0.25,{},11,0.8599999998696148,2026-09-13T03:39:41.758753+00:00
1938,focused,orientation,orientation_recall_D4,15504,114720,0.7672279477119446,30.76579475402832,1,0.5,{},11,0.8430000001098961,2026-09-13T03:39:42.613616+00:00
1939,focused,motion_direction,motion_L2,15512,114760,0.633001446723938,105.41786193847656,1,0.625,{},5,0.4220000000204891,2026-09-13T03:39:43.035424+00:00
1940,focused,orientation,orientation_recall_minimal,15520,114800,0.11028610169887543,6.831379413604736,1,1.0,{},5,0.39099999982863665,2026-09-13T03:39:43.414207+00:00
1941,focused,motion_direction,motion_anchor,15528,114816,0.008467813022434711,1.3280596733093262,1,1.0,{},2,0.1720000000204891,2026-09-13T03:39:43.586459+00:00
1942,focused,motion_direction,motion_L8,15536,114904,1.0087769031524658,58.73408126831055,1,0.75,{},11,0.9220000000204891,2026-09-13T03:39:44.518757+00:00
1943,focused,orientation,orientation_recall_D4,15544,114992,0.6193668842315674,7.7787556648254395,1,0.625,{},11,0.7970000000204891,2026-09-13T03:39:45.319721+00:00
1944,focused,motion_direction,motion_L2,15552,115032,0.2986585795879364,20.04648208618164,1,1.0,{},5,0.3600000001024455,2026-09-13T03:39:45.685149+00:00
1945,focused,orientation,orientation_recall_minimal,15560,115072,0.3002690076828003,2.921980381011963,1,0.875,{},5,0.375,2026-09-13T03:39:46.065332+00:00
1946,focused,motion_direction,motion_L8,15568,115160,1.0677248239517212,26.973974227905273,1,0.5,{},11,0.9369999999180436,2026-09-13T03:39:46.999761+00:00
1947,focused,orientation,orientation_recall_D4,15576,115248,0.4993271231651306,89.35995483398438,1,0.625,{},11,0.8440000000409782,2026-09-13T03:39:47.850392+00:00
1948,focused,motion_direction,motion_L2,15584,115288,0.1675444096326828,17.905912399291992,1,1.0,{},5,0.35999999986961484,2026-09-13T03:39:48.220304+00:00
1949,focused,orientation,orientation_recall_minimal,15592,115328,0.2682109475135803,4.160733699798584,1,0.875,{},5,0.4220000000204891,2026-09-13T03:39:48.633943+00:00
1950,focused,motion_direction,motion_L8,15600,115416,0.8675504922866821,69.00143432617188,1,0.625,{},11,0.8900000001303852,2026-09-13T03:39:49.532173+00:00
1951,focused,orientation,orientation_anchor,15608,115432,0.001338217407464981,0.07069580256938934,0,1.0,{},2,0.2029999999795109,2026-09-13T03:39:49.728239+00:00
1952,focused,orientation,orientation_recall_D4,15616,115520,0.5878124833106995,20.41114616394043,1,0.625,{},11,0.7349999998696148,2026-09-13T03:39:50.466231+00:00
1953,focused,motion_direction,motion_L2,15624,115560,0.4702318012714386,72.9000015258789,1,0.875,{},5,0.4529999999795109,2026-09-13T03:39:50.917478+00:00
1954,focused,orientation,orientation_recall_minimal,15632,115600,0.49580544233322144,30.207983016967773,1,0.75,{},5,0.4059999999590218,2026-09-13T03:39:51.333276+00:00
1955,focused,motion_direction,motion_L8,15640,115688,0.5832979083061218,13.961980819702148,1,0.625,{},11,0.8589999999385327,2026-09-13T03:39:52.199431+00:00
1956,focused,orientation,orientation_recall_D4,15648,115776,0.7665724754333496,94.03631591796875,1,0.5,{},11,0.75,2026-09-13T03:39:52.957153+00:00
1957,focused,motion_direction,motion_L2,15656,115816,0.39017927646636963,30.237197875976562,1,0.875,{},5,0.40600000019185245,2026-09-13T03:39:53.356205+00:00
1958,focused,orientation,orientation_recall_minimal,15664,115856,0.20211297273635864,19.31280517578125,1,1.0,{},5,0.40699999989010394,2026-09-13T03:39:53.761176+00:00
1959,focused,motion_direction,motion_L8,15672,115944,0.7168442606925964,28.772687911987305,1,0.75,{},11,0.8430000001098961,2026-09-13T03:39:54.601136+00:00
1960,focused,orientation,orientation_recall_D4,15680,116032,0.7693181037902832,14.519352912902832,1,0.5,{},11,0.8129999998491257,2026-09-13T03:39:55.427432+00:00
1961,focused,motion_direction,motion_anchor,15688,116048,0.00042840687092393637,0.04304753616452217,0,1.0,{},2,0.1869999999180436,2026-09-13T03:39:55.624060+00:00
1962,focused,motion_direction,motion_L2,15696,116088,0.3258190155029297,99.84282684326172,1,0.875,{},5,0.3910000000614673,2026-09-13T03:39:56.006481+00:00
1963,focused,orientation,orientation_recall_minimal,15704,116128,0.484931617975235,63.38237762451172,1,0.75,{},5,0.4369999999180436,2026-09-13T03:39:56.454958+00:00
1964,focused,motion_direction,motion_L8,15712,116216,0.8238921165466309,51.4820556640625,1,0.5,{},11,0.9380000000819564,2026-09-13T03:39:57.398662+00:00
1965,focused,orientation,orientation_recall_D4,15720,116304,0.6060018539428711,70.83358764648438,1,0.625,{},11,0.8129999998491257,2026-09-13T03:39:58.212080+00:00
1966,focused,motion_direction,motion_L2,15728,116344,0.29014891386032104,91.48222351074219,1,0.875,{},5,0.4059999999590218,2026-09-13T03:39:58.624446+00:00
1967,focused,orientation,orientation_recall_minimal,15736,116384,0.19619642198085785,50.216426849365234,1,1.0,{},5,0.3910000000614673,2026-09-13T03:39:59.018980+00:00
1968,focused,motion_direction,motion_L8,15744,116472,0.6903867721557617,50.99747085571289,1,0.875,{},11,0.875,2026-09-13T03:39:59.894907+00:00
1969,focused,orientation,orientation_recall_D4,15752,116560,0.6552886366844177,17.152801513671875,1,0.375,{},11,0.7819999998901039,2026-09-13T03:40:00.695474+00:00
1970,focused,motion_direction,motion_L2,15760,116600,0.3033740818500519,39.18132019042969,1,0.875,{},5,0.4220000000204891,2026-09-13T03:40:01.122704+00:00
1971,focused,orientation,orientation_anchor,15768,116616,0.006738882977515459,0.2745424807071686,0,1.0,{},2,0.1880000000819564,2026-09-13T03:40:01.309876+00:00
1972,focused,orientation,orientation_recall_minimal,15776,116656,0.592419445514679,58.81577682495117,1,0.625,{},5,0.4059999999590218,2026-09-13T03:40:01.715784+00:00
1973,focused,motion_direction,motion_L8,15784,116744,0.6071370840072632,20.14873504638672,1,0.75,{},11,0.8279999999795109,2026-09-13T03:40:02.546863+00:00
1974,focused,orientation,orientation_recall_D4,15792,116832,0.5996758341789246,39.11265182495117,1,0.625,{},11,0.75,2026-09-13T03:40:03.300553+00:00
1975,focused,motion_direction,motion_L2,15800,116872,0.17217475175857544,15.411534309387207,1,1.0,{},5,0.4220000000204891,2026-09-13T03:40:03.713808+00:00
1976,focused,orientation,orientation_recall_minimal,15808,116912,0.28101232647895813,3.0524778366088867,1,0.875,{},5,0.4059999999590218,2026-09-13T03:40:04.117291+00:00
1977,focused,motion_direction,motion_L8,15816,117000,0.7438561320304871,67.68184661865234,1,0.625,{},11,0.7660000000614673,2026-09-13T03:40:04.889810+00:00
1978,focused,orientation,orientation_recall_D4,15824,117088,0.5283681154251099,16.816946029663086,1,0.75,{},11,0.875,2026-09-13T03:40:05.768157+00:00
1979,focused,motion_direction,motion_L2,15832,117128,0.13390375673770905,44.889583587646484,1,1.0,{},5,0.4529999999795109,2026-09-13T03:40:06.215876+00:00
1980,focused,orientation,orientation_recall_minimal,15840,117168,0.3673265278339386,7.915992259979248,1,0.875,{},5,0.39000000013038516,2026-09-13T03:40:06.611567+00:00
1981,focused,motion_direction,motion_anchor,15848,117184,0.008874190971255302,1.4685616493225098,1,1.0,{},2,0.20399999991059303,2026-09-13T03:40:06.810716+00:00
1982,focused,motion_direction,motion_L8,15856,117272,1.203805685043335,29.606918334960938,1,0.5,{},11,0.9839999999385327,2026-09-13T03:40:07.792516+00:00
1983,focused,orientation,orientation_recall_D4,15864,117360,0.5098210573196411,11.980504989624023,1,0.75,{},11,0.7809999999590218,2026-09-13T03:40:08.583830+00:00
1984,focused,motion_direction,motion_L2,15872,117400,0.18341465294361115,20.747953414916992,1,1.0,{},5,0.43700000015087426,2026-09-13T03:40:09.023000+00:00
1985,focused,orientation,orientation_recall_minimal,15880,117440,0.5438763499259949,24.321311950683594,1,0.75,"{""state_mean"": {""input_saturation"": 0.06767578125, ""input_mean"": 0.1572234719991684, ""forget_saturation"": 0.5966796875, ""forget_mean"": 0.8927242517471313, ""output_saturation"": 0.02197265625, ""output_mean"": 0.4975781381130219, ""candidate_saturation"": 0.09609375, ""state0_rms"": 0.4183792442083359, ""state0_max"": 1.7785796523094177, ""state1_rms"": 0.1785961866378784, ""state1_max"": 0.7907519936561584}, ""state_peak"": {""state0_max"": 2.966658592224121, ""state1_max"": 0.9629580974578857}, ""early_representation_gradient_norm"": 0.006403373554348946, ""late_representation_gradient_norm"": 0.2857300043106079, ""core_gradient_norm"": 1.8367663621902466, ""recurrent_gradient_rms"": 0.0018993531120941043, ""recurrent_gradient_median_abs"": 2.20912534132367e-05, ""current_gradient_fraction_below_adam_eps"": 1.1444091796875e-05, ""effective_recurrent_relative_update"": 0.006909753195941448}",5,0.42199999978765845,2026-09-13T03:40:09.445550+00:00
1986,focused,motion_direction,motion_L8,15888,117528,0.9646639227867126,47.11540603637695,1,0.875,{},11,0.9220000000204891,2026-09-13T03:40:10.380696+00:00
1987,focused,orientation,orientation_recall_D4,15896,117616,0.7324806451797485,24.35657501220703,1,0.375,{},11,0.8119999999180436,2026-09-13T03:40:11.198189+00:00
1988,focused,motion_direction,motion_L2,15904,117656,0.22038401663303375,79.45897674560547,1,1.0,{},5,0.3600000001024455,2026-09-13T03:40:11.568039+00:00
1989,focused,orientation,orientation_recall_minimal,15912,117696,0.22444204986095428,19.770700454711914,1,0.875,{},5,0.3600000001024455,2026-09-13T03:40:11.943565+00:00
1990,focused,motion_direction,motion_L8,15920,117784,0.7103686332702637,18.929956436157227,1,0.75,{},11,0.7810000001918525,2026-09-13T03:40:12.735534+00:00
1991,focused,orientation,orientation_anchor,15928,117800,0.0017005953704938293,0.044394902884960175,0,1.0,{},2,0.1720000000204891,2026-09-13T03:40:12.898557+00:00
1992,focused,orientation,orientation_recall_D4,15936,117888,0.6044350862503052,78.7253646850586,1,0.5,{},11,0.8129999998491257,2026-09-13T03:40:13.722583+00:00
1993,focused,motion_direction,motion_L2,15944,117928,0.5084847807884216,41.678428649902344,1,0.875,{},5,0.4220000000204891,2026-09-13T03:40:14.143713+00:00
1994,focused,orientation,orientation_recall_minimal,15952,117968,0.10446633398532867,4.730103492736816,1,1.0,{},5,0.39000000013038516,2026-09-13T03:40:14.523381+00:00
1995,focused,motion_direction,motion_L8,15960,118056,0.9093546867370605,26.00665855407715,1,0.625,{},11,0.9219999997876585,2026-09-13T03:40:15.454615+00:00
1996,focused,orientation,orientation_recall_D4,15968,118144,0.6333582997322083,101.2475357055664,1,0.5,{},11,0.8130000000819564,2026-09-13T03:40:16.267051+00:00
1997,focused,motion_direction,motion_L2,15976,118184,0.15220214426517487,30.762048721313477,1,1.0,{},5,0.4369999999180436,2026-09-13T03:40:16.706548+00:00
1998,focused,orientation,orientation_recall_minimal,15984,118224,0.529149055480957,9.987039566040039,1,0.75,{},5,0.4220000000204891,2026-09-13T03:40:17.116302+00:00
1999,focused,motion_direction,motion_L8,15992,118312,1.139544129371643,20.723031997680664,1,0.625,{},11,0.8590000001713634,2026-09-13T03:40:17.980578+00:00
2000,focused,orientation,orientation_recall_D4,16000,118400,0.5535889267921448,9.973240852355957,1,0.625,{},11,0.8129999998491257,2026-09-13T03:40:18.797135+00:00
2001,focused,motion_direction,motion_anchor,16008,118416,0.0605180598795414,10.056708335876465,1,1.0,{},2,0.1720000000204891,2026-09-13T03:40:18.962226+00:00
2002,focused,motion_direction,motion_L2,16016,118456,0.11524726450443268,10.810665130615234,1,1.0,{},5,0.3589999999385327,2026-09-13T03:40:19.329633+00:00
2003,focused,orientation,orientation_recall_minimal,16024,118496,0.4861079156398773,6.614693641662598,1,0.75,{},5,0.3910000000614673,2026-09-13T03:40:19.711618+00:00
2004,focused,motion_direction,motion_L8,16032,118584,0.8340293765068054,25.44535255432129,1,0.625,{},11,0.875,2026-09-13T03:40:20.592200+00:00
2005,focused,orientation,orientation_recall_D4,16040,118672,0.7442606687545776,4.18738317489624,1,0.5,{},11,0.7809999999590218,2026-09-13T03:40:21.384284+00:00
2006,focused,motion_direction,motion_L2,16048,118712,0.194416806101799,44.728363037109375,1,1.0,{},5,0.4529999999795109,2026-09-13T03:40:21.846533+00:00
2007,focused,orientation,orientation_recall_minimal,16056,118752,0.2922041416168213,45.61261749267578,1,0.875,{},5,0.39000000013038516,2026-09-13T03:40:22.226195+00:00
2008,focused,motion_direction,motion_L8,16064,118840,0.48648086190223694,45.524139404296875,1,0.75,{},11,0.7819999998901039,2026-09-13T03:40:23.016457+00:00
2009,focused,orientation,orientation_recall_D4,16072,118928,0.5102807283401489,48.7626953125,1,0.5,{},11,0.8279999999795109,2026-09-13T03:40:23.849604+00:00
2010,focused,motion_direction,motion_L2,16080,118968,0.1363171488046646,10.76661205291748,1,1.0,{},5,0.35999999986961484,2026-09-13T03:40:24.211012+00:00
2011,focused,orientation,orientation_anchor,16088,118984,0.004092636052519083,0.23493114113807678,0,1.0,{},2,0.1720000000204891,2026-09-13T03:40:24.394999+00:00
2012,focused,orientation,orientation_recall_minimal,16096,119024,0.2771787643432617,72.39599609375,1,0.875,{},5,0.39099999982863665,2026-09-13T03:40:24.796560+00:00
2013,focused,motion_direction,motion_L8,16104,119112,0.537029504776001,42.584129333496094,1,0.75,{},11,0.8279999999795109,2026-09-13T03:40:25.617435+00:00
2014,focused,orientation,orientation_recall_D4,16112,119200,1.115891933441162,207.9805450439453,1,0.5,{},11,0.7340000001713634,2026-09-13T03:40:26.356604+00:00
2015,focused,motion_direction,motion_L2,16120,119240,0.47080671787261963,169.06686401367188,1,0.75,{},5,0.40699999989010394,2026-09-13T03:40:26.768513+00:00
2016,focused,orientation,orientation_recall_minimal,16128,119280,0.13477623462677002,3.1934289932250977,1,1.0,{},5,0.4059999999590218,2026-09-13T03:40:27.165130+00:00
2017,focused,motion_direction,motion_L8,16136,119368,0.9991317391395569,54.08220672607422,1,0.75,{},11,0.875,2026-09-13T03:40:28.053349+00:00
2018,focused,orientation,orientation_recall_D4,16144,119456,0.6397694945335388,28.97198486328125,1,0.5,{},11,0.8279999999795109,2026-09-13T03:40:28.896631+00:00
2019,focused,motion_direction,motion_L2,16152,119496,0.7573037147521973,123.82553100585938,1,0.75,{},5,0.39099999982863665,2026-09-13T03:40:29.289331+00:00
2020,focused,orientation,orientation_recall_minimal,16160,119536,0.3287663459777832,11.127923965454102,1,0.75,{},5,0.4220000000204891,2026-09-13T03:40:29.712586+00:00
2021,focused,motion_direction,motion_anchor,16168,119552,0.0016974840546026826,0.089129738509655,0,1.0,{},2,0.18700000015087426,2026-09-13T03:40:29.906852+00:00
2022,focused,motion_direction,motion_L8,16176,119640,0.8926243782043457,45.406925201416016,1,0.625,{},11,0.9379999998491257,2026-09-13T03:40:30.841576+00:00
2023,focused,orientation,orientation_recall_D4,16184,119728,0.6346204280853271,2.0470986366271973,1,0.5,{},11,0.7650000001303852,2026-09-13T03:40:31.612714+00:00
2024,focused,motion_direction,motion_L2,16192,119768,0.19229400157928467,77.25210571289062,1,0.875,{},5,0.39099999982863665,2026-09-13T03:40:31.999012+00:00
2025,focused,orientation,orientation_recall_minimal,16200,119808,0.26790744066238403,18.86079978942871,1,0.875,{},5,0.40600000019185245,2026-09-13T03:40:32.398771+00:00
2026,focused,motion_direction,motion_L8,16208,119896,0.5308066010475159,27.541597366333008,1,0.875,{},11,0.8129999998491257,2026-09-13T03:40:33.220386+00:00
2027,focused,orientation,orientation_recall_D4,16216,119984,0.42534276843070984,3.537919044494629,1,0.875,{},11,0.8279999999795109,2026-09-13T03:40:34.044296+00:00
2028,focused,motion_direction,motion_L2,16224,120024,0.10473792254924774,11.076541900634766,1,1.0,{},5,0.43700000015087426,2026-09-13T03:40:34.475286+00:00
2029,focused,orientation,orientation_recall_minimal,16232,120064,0.34223681688308716,1.8134571313858032,1,0.875,{},5,0.375,2026-09-13T03:40:34.857882+00:00
2030,focused,motion_direction,motion_L8,16240,120152,0.7092810869216919,100.46826171875,1,0.625,{},11,0.8909999998286366,2026-09-13T03:40:35.756053+00:00
2031,focused,orientation,orientation_anchor,16248,120168,0.0003550014807842672,0.013889468275010586,0,1.0,{},2,0.1559999999590218,2026-09-13T03:40:35.917790+00:00
2032,focused,orientation,orientation_recall_D4,16256,120256,0.4275749921798706,40.10667419433594,1,0.875,{},11,0.8120000001508743,2026-09-13T03:40:36.729874+00:00
2033,focused,motion_direction,motion_L2,16264,120296,0.1814853549003601,29.90283966064453,1,1.0,{},5,0.375,2026-09-13T03:40:37.101286+00:00
2034,focused,orientation,orientation_recall_minimal,16272,120336,0.3005334138870239,3.254272222518921,1,0.875,{},5,0.35999999986961484,2026-09-13T03:40:37.467067+00:00
2035,focused,motion_direction,motion_L8,16280,120424,0.878750205039978,86.12847900390625,1,0.5,{},11,0.8589999999385327,2026-09-13T03:40:38.329685+00:00
2036,focused,orientation,orientation_recall_D4,16288,120512,0.5888708829879761,35.81574249267578,1,0.625,{},11,0.7810000001918525,2026-09-13T03:40:39.113973+00:00
2037,focused,motion_direction,motion_L2,16296,120552,0.4877814054489136,66.96318817138672,1,0.875,{},5,0.40600000019185245,2026-09-13T03:40:39.528268+00:00
2038,focused,orientation,orientation_recall_minimal,16304,120592,0.14580439031124115,11.460711479187012,1,1.0,{},5,0.39099999982863665,2026-09-13T03:40:39.923079+00:00
2039,focused,motion_direction,motion_L8,16312,120680,0.33603113889694214,48.017459869384766,1,0.875,{},11,0.8440000000409782,2026-09-13T03:40:40.769389+00:00
2040,focused,orientation,orientation_recall_D4,16320,120768,0.6496617794036865,7.987983226776123,1,0.625,{},11,0.8279999999795109,2026-09-13T03:40:41.597183+00:00
2041,focused,motion_direction,motion_anchor,16328,120784,0.0002817515633068979,0.012672829441726208,0,1.0,{},2,0.1720000000204891,2026-09-13T03:40:41.759852+00:00
2042,focused,motion_direction,motion_L2,16336,120824,0.18765869736671448,12.581915855407715,1,1.0,{},5,0.375,2026-09-13T03:40:42.133436+00:00
2043,focused,orientation,orientation_recall_minimal,16344,120864,0.4439436197280884,20.156675338745117,1,0.75,{},5,0.3589999999385327,2026-09-13T03:40:42.494360+00:00
2044,focused,motion_direction,motion_L8,16352,120952,0.729565441608429,17.812328338623047,1,0.875,{},11,0.875,2026-09-13T03:40:43.380701+00:00
2045,focused,orientation,orientation_recall_D4,16360,121040,0.42341965436935425,7.2626566886901855,1,0.875,{},11,0.8589999999385327,2026-09-13T03:40:44.248655+00:00
2046,focused,motion_direction,motion_L2,16368,121080,0.1825147569179535,41.861907958984375,1,1.0,{},5,0.4529999999795109,2026-09-13T03:40:44.699628+00:00
2047,focused,orientation,orientation_recall_minimal,16376,121120,0.9386208057403564,15.828771591186523,1,0.625,{},5,0.4380000000819564,2026-09-13T03:40:45.142386+00:00
2048,focused,motion_direction,motion_L8,16384,121208,0.8190523982048035,53.82271957397461,1,0.625,{},11,0.8589999999385327,2026-09-13T03:40:46.004826+00:00
2049,focused,orientation,orientation_recall_D4,16392,121296,0.36398449540138245,6.180966854095459,1,1.0,"{""state_mean"": {""input_saturation"": 0.09827769886363637, ""input_mean"": 0.15765633230859583, ""forget_saturation"": 0.591796875, ""forget_mean"": 0.8907911235635931, ""output_saturation"": 0.020152698863636364, ""output_mean"": 0.48903717777945777, ""candidate_saturation"": 0.10484730113636363, ""state0_rms"": 0.8574823181737553, ""state0_max"": 3.9562636668031868, ""state1_rms"": 0.22937989709052173, ""state1_max"": 0.9124202674085443}, ""state_peak"": {""state0_max"": 7.264063835144043, ""state1_max"": 0.9932905435562134}, ""early_representation_gradient_norm"": 0.0025941813364624977, ""late_representation_gradient_norm"": 0.1330796778202057, ""core_gradient_norm"": 0.7284705638885498, ""recurrent_gradient_rms"": 0.0006922896718606353, ""recurrent_gradient_median_abs"": 3.3179789170389995e-05, ""current_gradient_fraction_below_adam_eps"": 7.62939453125e-06, ""effective_recurrent_relative_update"": 0.01663106493651867}",11,0.8439999998081475,2026-09-13T03:40:46.958872+00:00
2050,focused,motion_direction,motion_L2,16400,121336,0.1442861557006836,23.635705947875977,1,1.0,{},5,0.375,2026-09-13T03:40:47.348121+00:00
2051,focused,orientation,orientation_anchor,16408,121352,0.014793048612773418,0.9247897863388062,0,1.0,{},2,0.14099999982863665,2026-09-13T03:40:47.499492+00:00
2052,focused,orientation,orientation_recall_minimal,16416,121392,0.07410784810781479,4.0372633934021,1,1.0,{},5,0.375,2026-09-13T03:40:47.867172+00:00
2053,focused,motion_direction,motion_L8,16424,121480,0.4198998808860779,10.523065567016602,1,0.75,{},11,0.7810000001918525,2026-09-13T03:40:48.650315+00:00
2054,focused,orientation,orientation_recall_D4,16432,121568,0.46427300572395325,64.95127868652344,1,0.75,{},11,0.7659999998286366,2026-09-13T03:40:49.420528+00:00
2055,focused,motion_direction,motion_L2,16440,121608,0.10149344801902771,19.4362850189209,1,1.0,{},5,0.43700000015087426,2026-09-13T03:40:49.861086+00:00
2056,focused,orientation,orientation_recall_minimal,16448,121648,0.06615037471055984,3.1937036514282227,1,1.0,{},5,0.35999999986961484,2026-09-13T03:40:50.218152+00:00
2057,focused,motion_direction,motion_L8,16456,121736,0.8840453624725342,46.2874641418457,1,0.625,{},11,0.8900000001303852,2026-09-13T03:40:51.112427+00:00
2058,focused,orientation,orientation_recall_D4,16464,121824,0.42060524225234985,82.52367401123047,1,0.875,{},11,0.9069999998901039,2026-09-13T03:40:52.009545+00:00
2059,focused,motion_direction,motion_L2,16472,121864,0.08389542996883392,3.5750060081481934,1,1.0,{},5,0.4059999999590218,2026-09-13T03:40:52.425055+00:00
2060,focused,orientation,orientation_recall_minimal,16480,121904,0.34005841612815857,68.43645477294922,1,0.875,{},5,0.4369999999180436,2026-09-13T03:40:52.868557+00:00
2061,focused,motion_direction,motion_anchor,16488,121920,0.0018479193095117807,0.2516675293445587,0,1.0,{},2,0.1880000000819564,2026-09-13T03:40:53.060994+00:00
2062,focused,motion_direction,motion_L8,16496,122008,1.5440038442611694,61.51748275756836,1,0.5,{},11,0.875,2026-09-13T03:40:53.938763+00:00
2063,focused,orientation,orientation_recall_D4,16504,122096,0.49374014139175415,33.35755920410156,1,0.75,{},11,0.7809999999590218,2026-09-13T03:40:54.719449+00:00
2064,focused,motion_direction,motion_L2,16512,122136,0.6060207486152649,135.2959747314453,1,0.75,{},5,0.4220000000204891,2026-09-13T03:40:55.146776+00:00
2065,focused,orientation,orientation_recall_minimal,16520,122176,0.3195449113845825,1.678831696510315,1,0.875,{},5,0.35999999986961484,2026-09-13T03:40:55.511729+00:00
2066,focused,motion_direction,motion_L8,16528,122264,1.203284502029419,70.70390319824219,1,0.625,{},11,0.9369999999180436,2026-09-13T03:40:56.451626+00:00
2067,focused,orientation,orientation_recall_D4,16536,122352,0.7566932439804077,38.45355987548828,1,0.625,{},11,0.8280000002123415,2026-09-13T03:40:57.275812+00:00
2068,focused,motion_direction,motion_L2,16544,122392,0.29553231596946716,45.61448287963867,1,0.875,{},5,0.39099999982863665,2026-09-13T03:40:57.675935+00:00
2069,focused,orientation,orientation_recall_minimal,16552,122432,0.1592894196510315,62.05183410644531,1,1.0,{},5,0.4059999999590218,2026-09-13T03:40:58.076684+00:00
2070,focused,motion_direction,motion_L8,16560,122520,1.0025968551635742,74.71086883544922,1,0.5,{},11,0.9850000001024455,2026-09-13T03:40:59.054971+00:00
2071,focused,orientation,orientation_anchor,16568,122536,0.005389675498008728,0.24817992746829987,0,1.0,{},2,0.17100000008940697,2026-09-13T03:40:59.229855+00:00
2072,focused,orientation,orientation_recall_D4,16576,122624,0.39964523911476135,15.79918384552002,1,0.875,{},11,0.828999999910593,2026-09-13T03:41:00.067612+00:00
2073,focused,motion_direction,motion_L2,16584,122664,0.27082377672195435,31.783714294433594,1,0.875,{},5,0.375,2026-09-13T03:41:00.455124+00:00
2074,focused,orientation,orientation_recall_minimal,16592,122704,0.255769819021225,22.79364013671875,1,0.875,{},5,0.4220000000204891,2026-09-13T03:41:00.875213+00:00
2075,focused,motion_direction,motion_L8,16600,122792,1.4563909769058228,59.00994873046875,1,0.375,{},11,0.8440000000409782,2026-09-13T03:41:01.723051+00:00
2076,focused,orientation,orientation_recall_D4,16608,122880,0.63485187292099,34.805416107177734,1,0.625,{},11,0.7970000000204891,2026-09-13T03:41:02.538247+00:00
2077,focused,motion_direction,motion_L2,16616,122920,0.12346673756837845,48.71909713745117,1,1.0,{},5,0.48400000017136335,2026-09-13T03:41:03.027118+00:00
2078,focused,orientation,orientation_recall_minimal,16624,122960,0.1767171025276184,12.305008888244629,1,1.0,{},5,0.40699999989010394,2026-09-13T03:41:03.427794+00:00
2079,focused,motion_direction,motion_L8,16632,123048,0.6218670606613159,22.551563262939453,1,0.75,{},11,0.875,2026-09-13T03:41:04.313406+00:00
2080,focused,orientation,orientation_recall_D4,16640,123136,0.5213402509689331,14.07084846496582,1,0.75,{},11,0.875,2026-09-13T03:41:05.179753+00:00
2081,focused,motion_direction,motion_anchor,16648,123152,0.0007626564474776387,0.061517443507909775,0,1.0,{},2,0.17100000008940697,2026-09-13T03:41:05.357542+00:00
2082,focused,motion_direction,motion_L2,16656,123192,0.22855374217033386,124.03556823730469,1,1.0,{},5,0.375,2026-09-13T03:41:05.736857+00:00
2083,focused,orientation,orientation_recall_minimal,16664,123232,0.06148553639650345,2.0321662425994873,1,1.0,{},5,0.375,2026-09-13T03:41:06.105879+00:00
2084,focused,motion_direction,motion_L8,16672,123320,0.5817217826843262,52.5707893371582,1,0.625,{},11,0.8599999998696148,2026-09-13T03:41:06.964305+00:00
2085,focused,orientation,orientation_recall_D4,16680,123408,0.5700997710227966,37.9799690246582,1,0.75,{},11,0.7339999999385327,2026-09-13T03:41:07.695983+00:00
2086,focused,motion_direction,motion_L2,16688,123448,0.15661153197288513,49.606224060058594,1,1.0,{},5,0.3910000000614673,2026-09-13T03:41:08.084808+00:00
2087,focused,orientation,orientation_recall_minimal,16696,123488,0.09448753297328949,28.19109344482422,1,1.0,{},5,0.3589999999385327,2026-09-13T03:41:08.456098+00:00
2088,focused,motion_direction,motion_L8,16704,123576,1.0316075086593628,46.820037841796875,1,0.625,{},11,0.8280000002123415,2026-09-13T03:41:09.280417+00:00
2089,focused,orientation,orientation_recall_D4,16712,123664,0.7002823352813721,22.99884605407715,1,0.625,{},11,0.75,2026-09-13T03:41:10.023596+00:00
2090,focused,motion_direction,motion_L2,16720,123704,0.7364699840545654,182.64328002929688,1,0.625,{},5,0.40699999989010394,2026-09-13T03:41:10.429213+00:00
2091,focused,orientation,orientation_anchor,16728,123720,0.005405749194324017,0.2761155962944031,0,1.0,{},2,0.1559999999590218,2026-09-13T03:41:10.594310+00:00
2092,focused,orientation,orientation_recall_minimal,16736,123760,0.28416818380355835,6.49131441116333,1,0.875,{},5,0.4220000000204891,2026-09-13T03:41:11.007677+00:00
2093,focused,motion_direction,motion_L8,16744,123848,0.24979208409786224,18.715930938720703,1,1.0,{},11,0.9529999999795109,2026-09-13T03:41:11.972524+00:00
2094,focused,orientation,orientation_recall_D4,16752,123936,1.4587392807006836,130.14859008789062,1,0.5,{},11,0.8120000001508743,2026-09-13T03:41:12.781170+00:00
2095,focused,motion_direction,motion_L2,16760,123976,0.49760696291923523,86.03548431396484,1,0.75,{},5,0.39099999982863665,2026-09-13T03:41:13.173449+00:00
2096,focused,orientation,orientation_recall_minimal,16768,124016,0.6634659767150879,62.05817794799805,1,0.625,{},5,0.3910000000614673,2026-09-13T03:41:13.564321+00:00
2097,focused,motion_direction,motion_L8,16776,124104,0.9137754440307617,25.59412384033203,1,0.625,{},11,0.8430000001098961,2026-09-13T03:41:14.410390+00:00
2098,focused,orientation,orientation_recall_D4,16784,124192,0.6519967913627625,91.7931900024414,1,0.75,{},11,0.8599999998696148,2026-09-13T03:41:15.265759+00:00
2099,focused,motion_direction,motion_L2,16792,124232,0.10508289188146591,14.553572654724121,1,1.0,{},5,0.4059999999590218,2026-09-13T03:41:15.674876+00:00
2100,focused,orientation,orientation_recall_minimal,16800,124272,0.28641897439956665,17.721099853515625,1,0.875,{},5,0.3910000000614673,2026-09-13T03:41:16.065561+00:00
2101,focused,motion_direction,motion_anchor,16808,124288,0.0035115741193294525,0.44322022795677185,0,1.0,{},2,0.2339999999385327,2026-09-13T03:41:16.302669+00:00
2102,focused,motion_direction,motion_L8,16816,124376,0.4331456124782562,40.144222259521484,1,0.75,{},11,0.8279999999795109,2026-09-13T03:41:17.140545+00:00
2103,focused,orientation,orientation_recall_D4,16824,124464,0.7135422229766846,85.36461639404297,1,0.625,{},11,0.8119999999180436,2026-09-13T03:41:17.948665+00:00
2104,focused,motion_direction,motion_L2,16832,124504,0.2676528990268707,53.445762634277344,1,0.875,{},5,0.40600000019185245,2026-09-13T03:41:18.353793+00:00
2105,focused,orientation,orientation_recall_minimal,16840,124544,0.14015033841133118,28.24555015563965,1,1.0,{},5,0.375,2026-09-13T03:41:18.739441+00:00
2106,focused,motion_direction,motion_L8,16848,124632,1.3085660934448242,71.76940155029297,1,0.25,{},11,0.8590000001713634,2026-09-13T03:41:19.607867+00:00
2107,focused,orientation,orientation_recall_D4,16856,124720,0.802139401435852,18.424274444580078,1,0.5,{},11,0.828999999910593,2026-09-13T03:41:20.436143+00:00
2108,focused,motion_direction,motion_L2,16864,124760,0.12174264341592789,20.292720794677734,1,1.0,{},5,0.4059999999590218,2026-09-13T03:41:20.835666+00:00
2109,focused,orientation,orientation_recall_minimal,16872,124800,0.07581742852926254,0.9206691384315491,0,1.0,{},5,0.375,2026-09-13T03:41:21.220977+00:00
2110,focused,motion_direction,motion_L8,16880,124888,0.9555178880691528,27.901708602905273,1,0.625,{},11,0.9059999999590218,2026-09-13T03:41:22.124737+00:00
2111,focused,orientation,orientation_anchor,16888,124904,0.0049019246362149715,0.20528332889080048,0,1.0,{},2,0.15600000019185245,2026-09-13T03:41:22.272723+00:00
2112,focused,orientation,orientation_recall_D4,16896,124992,1.0922672748565674,203.71163940429688,1,0.5,{},11,0.8129999998491257,2026-09-13T03:41:23.094112+00:00
2113,focused,motion_direction,motion_L2,16904,125032,0.13676370680332184,44.28080368041992,1,1.0,"{""state_mean"": {""input_saturation"": 0.049609375, ""input_mean"": 0.15900259017944335, ""forget_saturation"": 0.57822265625, ""forget_mean"": 0.9059767723083496, ""output_saturation"": 0.02314453125, ""output_mean"": 0.48801913261413576, ""candidate_saturation"": 0.10400390625, ""state0_rms"": 0.34669606387615204, ""state0_max"": 1.4187783002853394, ""state1_rms"": 0.19592056274414063, ""state1_max"": 0.7728924870491027}, ""state_peak"": {""state0_max"": 2.1506643295288086, ""state1_max"": 0.9314223527908325}, ""early_representation_gradient_norm"": 0.009672139771282673, ""late_representation_gradient_norm"": 0.02630898728966713, ""core_gradient_norm"": 2.130889415740967, ""recurrent_gradient_rms"": 0.001847094390541315, ""recurrent_gradient_median_abs"": 2.15343516174471e-05, ""current_gradient_fraction_below_adam_eps"": 0.0, ""effective_recurrent_relative_update"": 0.008666013367474079}",5,0.4529999999795109,2026-09-13T03:41:23.548937+00:00
2114,focused,orientation,orientation_recall_minimal,16912,125072,0.07863669842481613,6.06425666809082,1,1.0,{},5,0.4059999999590218,2026-09-13T03:41:23.948206+00:00
2115,focused,motion_direction,motion_L8,16920,125160,0.478324294090271,16.123764038085938,1,0.875,{},11,0.9380000000819564,2026-09-13T03:41:24.894028+00:00
2116,focused,orientation,orientation_recall_D4,16928,125248,1.0224934816360474,302.83428955078125,1,0.25,{},11,0.7970000000204891,2026-09-13T03:41:25.694263+00:00
2117,focused,motion_direction,motion_L2,16936,125288,0.4132368862628937,157.90328979492188,1,0.875,{},5,0.375,2026-09-13T03:41:26.074986+00:00
2118,focused,orientation,orientation_recall_minimal,16944,125328,0.11386493593454361,28.75247573852539,1,1.0,{},5,0.375,2026-09-13T03:41:26.447550+00:00
2119,focused,motion_direction,motion_L8,16952,125416,1.4280966520309448,90.946533203125,1,0.5,{},11,0.9060000001918525,2026-09-13T03:41:27.359189+00:00
2120,focused,orientation,orientation_recall_D4,16960,125504,0.8513230085372925,109.14066314697266,1,0.375,{},11,0.7970000000204891,2026-09-13T03:41:28.155123+00:00
2121,focused,motion_direction,motion_anchor,16968,125520,0.12324606627225876,23.22283363342285,1,0.875,{},2,0.15699999989010394,2026-09-13T03:41:28.313790+00:00
2122,focused,motion_direction,motion_L2,16976,125560,0.36786502599716187,62.984886169433594,1,0.875,{},5,0.3899999998975545,2026-09-13T03:41:28.707910+00:00
2123,focused,orientation,orientation_recall_minimal,16984,125600,1.310925841331482,8.917518615722656,1,0.5,{},5,0.39000000013038516,2026-09-13T03:41:29.105861+00:00
2124,focused,motion_direction,motion_L8,16992,125688,1.0122874975204468,52.36899185180664,1,0.625,{},11,0.9220000000204891,2026-09-13T03:41:30.035298+00:00
2125,focused,orientation,orientation_recall_D4,17000,125776,0.6523125171661377,17.422760009765625,1,0.625,{},11,0.9069999998901039,2026-09-13T03:41:30.940130+00:00
2126,focused,motion_direction,motion_L2,17008,125816,0.5502752661705017,61.71052932739258,1,0.875,{},5,0.46800000010989606,2026-09-13T03:41:31.398660+00:00
2127,focused,orientation,orientation_recall_minimal,17016,125856,0.8966270089149475,22.834983825683594,1,0.625,{},5,0.35999999986961484,2026-09-13T03:41:31.760226+00:00
2128,focused,motion_direction,motion_L8,17024,125944,0.9175859689712524,27.05780792236328,1,0.875,{},11,0.7809999999590218,2026-09-13T03:41:32.549855+00:00
2129,focused,orientation,orientation_recall_D4,17032,126032,0.5841269493103027,39.38054275512695,1,0.625,{},11,0.7809999999590218,2026-09-13T03:41:33.329021+00:00
2130,focused,motion_direction,motion_L2,17040,126072,0.45573097467422485,131.00540161132812,1,0.875,{},5,0.4380000000819564,2026-09-13T03:41:33.763813+00:00
2131,focused,orientation,orientation_anchor,17048,126088,0.005575215443968773,0.2534177005290985,0,1.0,{},2,0.2029999999795109,2026-09-13T03:41:33.963923+00:00
2132,focused,orientation,orientation_recall_minimal,17056,126128,0.2989661693572998,1.7454476356506348,1,0.875,{},5,0.39000000013038516,2026-09-13T03:41:34.358060+00:00
2133,focused,motion_direction,motion_L8,17064,126216,0.468870609998703,39.44270324707031,1,0.75,{},11,0.8439999998081475,2026-09-13T03:41:35.203525+00:00
2134,focused,orientation,orientation_recall_D4,17072,126304,0.5914791226387024,18.252378463745117,1,0.75,{},11,0.75,2026-09-13T03:41:35.955870+00:00
2135,focused,motion_direction,motion_L2,17080,126344,0.08766540139913559,27.810897827148438,1,1.0,{},5,0.3600000001024455,2026-09-13T03:41:36.315108+00:00
2136,focused,orientation,orientation_recall_minimal,17088,126384,0.4974850118160248,50.33909606933594,1,0.75,{},5,0.3589999999385327,2026-09-13T03:41:36.673031+00:00
2137,focused,motion_direction,motion_L8,17096,126472,0.8059979677200317,47.734100341796875,1,0.875,{},11,0.8279999999795109,2026-09-13T03:41:37.510134+00:00
2138,focused,orientation,orientation_recall_D4,17104,126560,0.6705598831176758,47.56774139404297,1,0.5,{},11,0.8279999999795109,2026-09-13T03:41:38.339587+00:00
2139,focused,motion_direction,motion_L2,17112,126600,0.5578868389129639,271.3555603027344,1,0.75,{},5,0.4220000000204891,2026-09-13T03:41:38.767323+00:00
2140,focused,orientation,orientation_recall_minimal,17120,126640,0.29543355107307434,1.5609415769577026,1,0.875,{},5,0.375,2026-09-13T03:41:39.142812+00:00
2141,focused,motion_direction,motion_anchor,17128,126656,0.001286838436499238,0.134054496884346,0,1.0,{},2,0.1869999999180436,2026-09-13T03:41:39.329104+00:00
2142,focused,motion_direction,motion_L8,17136,126744,0.6413198113441467,53.47148513793945,1,0.75,{},11,0.8600000001024455,2026-09-13T03:41:40.194765+00:00
2143,focused,orientation,orientation_recall_D4,17144,126832,0.5897552967071533,9.198807716369629,1,0.625,{},11,0.8280000002123415,2026-09-13T03:41:41.036309+00:00
2144,focused,motion_direction,motion_L2,17152,126872,0.05807974562048912,1.3484089374542236,1,1.0,{},5,0.3910000000614673,2026-09-13T03:41:41.431780+00:00
2145,focused,orientation,orientation_recall_minimal,17160,126912,0.33317968249320984,3.459564208984375,1,0.875,{},5,0.34300000010989606,2026-09-13T03:41:41.773032+00:00
2146,focused,motion_direction,motion_L8,17168,127000,0.7576678991317749,35.28207015991211,1,0.75,{},11,0.8599999998696148,2026-09-13T03:41:42.643829+00:00
2147,focused,orientation,orientation_recall_D4,17176,127088,0.9606744050979614,125.30667114257812,1,0.375,{},11,0.7650000001303852,2026-09-13T03:41:43.411032+00:00
2148,focused,motion_direction,motion_L2,17184,127128,0.08036796748638153,19.10904312133789,1,1.0,{},5,0.4059999999590218,2026-09-13T03:41:43.826164+00:00
2149,focused,orientation,orientation_recall_minimal,17192,127168,0.14762140810489655,5.616268634796143,1,1.0,{},5,0.3600000001024455,2026-09-13T03:41:44.190676+00:00
2150,focused,motion_direction,motion_L8,17200,127256,1.1784439086914062,51.33250427246094,1,0.5,{},11,0.8119999999180436,2026-09-13T03:41:44.992885+00:00
2151,focused,orientation,orientation_anchor,17208,127272,0.0011389004066586494,0.03456678241491318,0,1.0,{},2,0.1720000000204891,2026-09-13T03:41:45.176087+00:00
2152,focused,orientation,orientation_recall_D4,17216,127360,0.6392487287521362,48.35991668701172,1,0.75,{},11,0.8120000001508743,2026-09-13T03:41:45.980192+00:00
2153,focused,motion_direction,motion_L2,17224,127400,0.3446517586708069,393.516845703125,1,0.75,{},5,0.375,2026-09-13T03:41:46.353444+00:00
2154,focused,orientation,orientation_recall_minimal,17232,127440,0.08383771777153015,1.778934121131897,1,1.0,{},5,0.40699999989010394,2026-09-13T03:41:46.761675+00:00
2155,focused,motion_direction,motion_L8,17240,127528,0.7765560746192932,91.66944122314453,1,0.75,{},11,0.8589999999385327,2026-09-13T03:41:47.629992+00:00
2156,focused,orientation,orientation_recall_D4,17248,127616,0.26092529296875,18.508705139160156,1,1.0,{},11,0.7339999999385327,2026-09-13T03:41:48.383570+00:00
2157,focused,motion_direction,motion_L2,17256,127656,0.07552304863929749,16.515634536743164,1,1.0,{},5,0.3589999999385327,2026-09-13T03:41:48.750506+00:00
2158,focused,orientation,orientation_recall_minimal,17264,127696,0.3251580595970154,1.2828917503356934,1,0.875,{},5,0.40600000019185245,2026-09-13T03:41:49.146517+00:00
2159,focused,motion_direction,motion_L8,17272,127784,1.0312201976776123,69.2915267944336,1,0.5,{},11,0.8909999998286366,2026-09-13T03:41:50.048422+00:00
2160,focused,orientation,orientation_recall_D4,17280,127872,0.6814319491386414,11.429607391357422,1,0.625,{},11,0.7660000000614673,2026-09-13T03:41:50.813059+00:00
2161,focused,motion_direction,motion_anchor,17288,127888,0.028238559141755104,4.588226795196533,1,1.0,{},2,0.17100000008940697,2026-09-13T03:41:50.974947+00:00
2162,focused,motion_direction,motion_L2,17296,127928,0.4469870924949646,213.79942321777344,1,0.75,{},5,0.4220000000204891,2026-09-13T03:41:51.409889+00:00
2163,focused,orientation,orientation_recall_minimal,17304,127968,0.25170519948005676,47.60334014892578,1,0.875,{},5,0.42199999978765845,2026-09-13T03:41:51.820650+00:00
2164,focused,motion_direction,motion_L8,17312,128056,0.9955912232398987,84.63407897949219,1,0.625,{},11,0.9060000001918525,2026-09-13T03:41:52.729755+00:00
2165,focused,orientation,orientation_recall_D4,17320,128144,0.42306503653526306,31.04883575439453,1,0.75,{},11,0.7349999998696148,2026-09-13T03:41:53.472947+00:00
2166,focused,motion_direction,motion_L2,17328,128184,0.40379461646080017,80.50237274169922,1,0.875,{},5,0.43799999984912574,2026-09-13T03:41:53.915773+00:00
2167,focused,orientation,orientation_recall_minimal,17336,128224,0.2261303812265396,14.270646095275879,1,0.875,{},5,0.4220000000204891,2026-09-13T03:41:54.347275+00:00
2168,focused,motion_direction,motion_L8,17344,128312,1.3544048070907593,23.40781021118164,1,0.625,{},11,0.875,2026-09-13T03:41:55.220600+00:00
2169,focused,orientation,orientation_recall_D4,17352,128400,0.47711318731307983,31.82360076904297,1,0.75,{},11,0.7339999999385327,2026-09-13T03:41:55.953079+00:00
2170,focused,motion_direction,motion_L2,17360,128440,0.07227680832147598,21.235637664794922,1,1.0,{},5,0.3910000000614673,2026-09-13T03:41:56.334127+00:00
2171,focused,orientation,orientation_anchor,17368,128456,0.004142353776842356,0.21135005354881287,0,1.0,{},2,0.1720000000204891,2026-09-13T03:41:56.517796+00:00
2172,focused,orientation,orientation_recall_minimal,17376,128496,0.07820753008127213,1.1691478490829468,1,1.0,{},5,0.4059999999590218,2026-09-13T03:41:56.916199+00:00
2173,focused,motion_direction,motion_L8,17384,128584,0.9548157453536987,24.743515014648438,1,0.625,{},11,0.8120000001508743,2026-09-13T03:41:57.733792+00:00
2174,focused,orientation,orientation_recall_D4,17392,128672,0.48962730169296265,29.630056381225586,1,0.75,{},11,0.7970000000204891,2026-09-13T03:41:58.536611+00:00
2175,focused,motion_direction,motion_L2,17400,128712,0.9676439762115479,216.22772216796875,1,0.625,{},5,0.3910000000614673,2026-09-13T03:41:58.936143+00:00
2176,focused,orientation,orientation_recall_minimal,17408,128752,0.44960007071495056,54.40104293823242,1,0.75,{},5,0.375,2026-09-13T03:41:59.305871+00:00
2177,focused,motion_direction,motion_L8,17416,128840,1.1739532947540283,120.30561065673828,1,0.5,"{""state_mean"": {""input_saturation"": 0.05078125, ""input_mean"": 0.1599755585193634, ""forget_saturation"": 0.5677823153409091, ""forget_mean"": 0.9081299196590077, ""output_saturation"": 0.02507990056818182, ""output_mean"": 0.48883818225427106, ""candidate_saturation"": 0.08957741477272728, ""state0_rms"": 0.5577659430828962, ""state0_max"": 3.452399129217321, ""state1_rms"": 0.23482279953631488, ""state1_max"": 0.8932917768304999}, ""state_peak"": {""state0_max"": 5.970868110656738, ""state1_max"": 0.9846020936965942}, ""early_representation_gradient_norm"": 0.017876872792840004, ""late_representation_gradient_norm"": 0.037758126854896545, ""core_gradient_norm"": 9.32715892791748, ""recurrent_gradient_rms"": 0.009269611909985542, ""recurrent_gradient_median_abs"": 0.0001736349076963961, ""current_gradient_fraction_below_adam_eps"": 0.0, ""effective_recurrent_relative_update"": 0.008672689087688923}",11,0.8589999999385327,2026-09-13T03:42:00.178218+00:00
2178,focused,orientation,orientation_recall_D4,17424,128928,0.3752009868621826,52.876399993896484,1,0.875,{},11,0.8279999999795109,2026-09-13T03:42:01.024253+00:00
2179,focused,motion_direction,motion_L2,17432,128968,0.30214014649391174,126.8703842163086,1,0.875,{},5,0.39099999982863665,2026-09-13T03:42:01.423164+00:00
2180,focused,orientation,orientation_recall_minimal,17440,129008,0.19910018146038055,48.83202362060547,1,0.875,{},5,0.4059999999590218,2026-09-13T03:42:01.833699+00:00
2181,focused,motion_direction,motion_anchor,17448,129024,0.002826232463121414,0.36989718675613403,0,1.0,{},2,0.1720000000204891,2026-09-13T03:42:02.017074+00:00
2182,focused,motion_direction,motion_L8,17456,129112,1.5585180521011353,136.00933837890625,1,0.375,{},11,0.8589999999385327,2026-09-13T03:42:02.875893+00:00
2183,focused,orientation,orientation_recall_D4,17464,129200,0.9001639485359192,118.77234649658203,1,0.625,{},11,0.7970000000204891,2026-09-13T03:42:03.679080+00:00
2184,focused,motion_direction,motion_L2,17472,129240,0.08475253731012344,13.473309516906738,1,1.0,{},5,0.42100000008940697,2026-09-13T03:42:04.113817+00:00
2185,focused,orientation,orientation_recall_minimal,17480,129280,0.09395761787891388,64.0125732421875,1,1.0,{},5,0.375,2026-09-13T03:42:04.499435+00:00
2186,focused,motion_direction,motion_L8,17488,129368,0.9143895506858826,45.38426971435547,1,0.625,{},11,0.9220000000204891,2026-09-13T03:42:05.420544+00:00
2187,focused,orientation,orientation_recall_D4,17496,129456,0.5834026336669922,116.08219909667969,1,0.5,{},11,0.7970000000204891,2026-09-13T03:42:06.221108+00:00
2188,focused,motion_direction,motion_L2,17504,129496,0.49224042892456055,62.43305587768555,1,0.875,{},5,0.375,2026-09-13T03:42:06.599256+00:00
2189,focused,orientation,orientation_recall_minimal,17512,129536,0.32049188017845154,4.568624496459961,1,0.875,{},5,0.375,2026-09-13T03:42:06.986306+00:00
2190,focused,motion_direction,motion_L8,17520,129624,0.873170018196106,29.013166427612305,1,0.75,{},11,0.953999999910593,2026-09-13T03:42:07.930220+00:00
2191,focused,orientation,orientation_anchor,17528,129640,0.0010562706738710403,0.02920462191104889,0,1.0,{},2,0.13999999989755452,2026-09-13T03:42:08.079133+00:00
2192,focused,orientation,orientation_recall_D4,17536,129728,0.37316516041755676,39.03015899658203,1,0.875,{},11,0.8440000000409782,2026-09-13T03:42:08.915686+00:00
2193,focused,motion_direction,motion_L2,17544,129768,0.4136035740375519,52.27822494506836,1,0.875,{},5,0.4220000000204891,2026-09-13T03:42:09.336802+00:00
2194,focused,orientation,orientation_recall_minimal,17552,129808,0.06017359718680382,7.320324897766113,1,1.0,{},5,0.3589999999385327,2026-09-13T03:42:09.699777+00:00
2195,focused,motion_direction,motion_L8,17560,129896,1.2292368412017822,12.33659839630127,1,0.375,{},11,0.8600000001024455,2026-09-13T03:42:10.568505+00:00
2196,focused,orientation,orientation_recall_D4,17568,129984,0.39975854754447937,68.37504577636719,1,0.75,{},11,0.7810000001918525,2026-09-13T03:42:11.357896+00:00
2197,focused,motion_direction,motion_L2,17576,130024,0.21659570932388306,88.42537689208984,1,0.875,{},5,0.40699999989010394,2026-09-13T03:42:11.758845+00:00
2198,focused,orientation,orientation_recall_minimal,17584,130064,0.2202611267566681,36.5161247253418,1,0.875,{},5,0.375,2026-09-13T03:42:12.143079+00:00
2199,focused,motion_direction,motion_L8,17592,130152,0.9904675483703613,106.23616027832031,1,0.5,{},11,0.9059999999590218,2026-09-13T03:42:13.038880+00:00
2200,focused,orientation,orientation_recall_D4,17600,130240,0.5065630674362183,221.5172576904297,1,0.625,{},11,0.8120000001508743,2026-09-13T03:42:13.859303+00:00
2201,focused,motion_direction,motion_anchor,17608,130256,0.0042983125895261765,0.5342785716056824,0,1.0,{},2,0.20399999991059303,2026-09-13T03:42:14.059374+00:00
2202,focused,motion_direction,motion_L2,17616,130296,0.22727784514427185,60.29772186279297,1,0.875,{},5,0.46800000010989606,2026-09-13T03:42:14.521983+00:00
2203,focused,orientation,orientation_recall_minimal,17624,130336,0.6083652973175049,110.00987243652344,1,0.625,{},5,0.39099999982863665,2026-09-13T03:42:14.926568+00:00
2204,focused,motion_direction,motion_L8,17632,130424,0.8095254302024841,59.5797119140625,1,0.5,{},11,0.875,2026-09-13T03:42:15.805507+00:00
2205,focused,orientation,orientation_recall_D4,17640,130512,1.4324396848678589,38.781150817871094,1,0.375,{},11,0.8119999999180436,2026-09-13T03:42:16.620810+00:00
2206,focused,motion_direction,motion_L2,17648,130552,0.12153428047895432,18.930185317993164,1,1.0,{},5,0.35900000017136335,2026-09-13T03:42:16.983216+00:00
2207,focused,orientation,orientation_recall_minimal,17656,130592,0.6155166625976562,62.68320083618164,1,0.875,{},5,0.34399999980814755,2026-09-13T03:42:17.320936+00:00
2208,focused,motion_direction,motion_L8,17664,130680,1.0685310363769531,111.11942291259766,1,0.375,{},11,0.8600000001024455,2026-09-13T03:42:18.190415+00:00
2209,focused,orientation,orientation_recall_D4,17672,130768,0.8977941274642944,275.1524963378906,1,0.5,{},11,0.8119999999180436,2026-09-13T03:42:18.997719+00:00
2210,focused,motion_direction,motion_L2,17680,130808,0.0994657576084137,8.875855445861816,1,1.0,{},5,0.4529999999795109,2026-09-13T03:42:19.447108+00:00
2211,focused,orientation,orientation_anchor,17688,130824,0.0009700115770101547,0.04023490846157074,0,1.0,{},2,0.1720000000204891,2026-09-13T03:42:19.621778+00:00
2212,focused,orientation,orientation_recall_minimal,17696,130864,0.7081313133239746,43.333248138427734,1,0.75,{},5,0.3910000000614673,2026-09-13T03:42:20.008313+00:00
2213,focused,motion_direction,motion_L8,17704,130952,1.0566556453704834,78.22077941894531,1,0.375,{},11,0.9059999999590218,2026-09-13T03:42:20.924675+00:00
2214,focused,orientation,orientation_recall_D4,17712,131040,0.6033006906509399,19.87474822998047,1,0.625,{},11,0.8279999999795109,2026-09-13T03:42:21.756194+00:00
2215,focused,motion_direction,motion_L2,17720,131080,0.45192527770996094,106.62846374511719,1,0.75,{},5,0.4059999999590218,2026-09-13T03:42:22.167543+00:00
2216,focused,orientation,orientation_recall_minimal,17728,131120,0.42090508341789246,67.35794830322266,1,0.75,{},5,0.4059999999590218,2026-09-13T03:42:22.571737+00:00
2217,focused,motion_direction,motion_L8,17736,131208,0.8508649468421936,20.948328018188477,1,0.625,{},11,0.7970000000204891,2026-09-13T03:42:23.376738+00:00
2218,focused,orientation,orientation_recall_D4,17744,131296,0.39784908294677734,28.260223388671875,1,0.875,{},11,0.7340000001713634,2026-09-13T03:42:24.113382+00:00
2219,focused,motion_direction,motion_L2,17752,131336,0.090060293674469,10.215737342834473,1,1.0,{},5,0.39099999982863665,2026-09-13T03:42:24.495523+00:00
2220,focused,orientation,orientation_recall_minimal,17760,131376,0.5091492533683777,85.93687438964844,1,0.875,{},5,0.3440000000409782,2026-09-13T03:42:24.841717+00:00
2221,focused,motion_direction,motion_anchor,17768,131392,0.0010105258552357554,0.03969031199812889,0,1.0,{},2,0.1720000000204891,2026-09-13T03:42:25.011625+00:00
2222,focused,motion_direction,motion_L8,17776,131480,1.0001314878463745,53.36198806762695,1,0.75,{},11,0.875,2026-09-13T03:42:25.885079+00:00
2223,focused,orientation,orientation_recall_D4,17784,131568,0.487551748752594,26.896818161010742,1,0.75,{},11,0.7809999999590218,2026-09-13T03:42:26.678838+00:00
2224,focused,motion_direction,motion_L2,17792,131608,0.6071981191635132,24.75582504272461,1,0.875,{},5,0.46800000010989606,2026-09-13T03:42:27.158363+00:00
2225,focused,orientation,orientation_recall_minimal,17800,131648,0.6063938736915588,12.760420799255371,1,0.75,{},5,0.375,2026-09-13T03:42:27.527159+00:00
2226,focused,motion_direction,motion_L8,17808,131736,0.830977737903595,44.869483947753906,1,0.625,{},11,0.7969999997876585,2026-09-13T03:42:28.321324+00:00
2227,focused,orientation,orientation_recall_D4,17816,131824,0.45545053482055664,16.70859718322754,1,0.75,{},11,0.7970000000204891,2026-09-13T03:42:29.124970+00:00
2228,focused,motion_direction,motion_L2,17824,131864,0.40057387948036194,167.20301818847656,1,0.75,{},5,0.4380000000819564,2026-09-13T03:42:29.560555+00:00
2229,focused,orientation,orientation_recall_minimal,17832,131904,0.8540452718734741,98.44993591308594,1,0.5,{},5,0.3589999999385327,2026-09-13T03:42:29.925705+00:00
2230,focused,motion_direction,motion_L8,17840,131992,0.9749796986579895,28.363292694091797,1,0.75,{},11,0.8279999999795109,2026-09-13T03:42:30.747778+00:00
2231,focused,orientation,orientation_anchor,17848,132008,0.002147118328139186,0.08156614005565643,0,1.0,{},2,0.15600000019185245,2026-09-13T03:42:30.909316+00:00
2232,focused,orientation,orientation_recall_D4,17856,132096,0.6634440422058105,159.40252685546875,1,0.75,{},11,0.8129999998491257,2026-09-13T03:42:31.719345+00:00
2233,focused,motion_direction,motion_L2,17864,132136,0.08015123754739761,30.63313865661621,1,1.0,{},5,0.39000000013038516,2026-09-13T03:42:32.103184+00:00
2234,focused,orientation,orientation_recall_minimal,17872,132176,0.05603385716676712,7.775484085083008,1,1.0,{},5,0.375,2026-09-13T03:42:32.478589+00:00
2235,focused,motion_direction,motion_L8,17880,132264,1.0681037902832031,38.20905685424805,1,0.625,{},11,0.7659999998286366,2026-09-13T03:42:33.252262+00:00
2236,focused,orientation,orientation_recall_D4,17888,132352,0.4437975287437439,49.287620544433594,1,0.75,{},11,0.7970000000204891,2026-09-13T03:42:34.050976+00:00
2237,focused,motion_direction,motion_L2,17896,132392,0.05387864634394646,6.747175216674805,1,1.0,{},5,0.42100000008940697,2026-09-13T03:42:34.480039+00:00
2238,focused,orientation,orientation_recall_minimal,17904,132432,0.2893272638320923,8.441715240478516,1,0.875,{},5,0.375,2026-09-13T03:42:34.863451+00:00
2239,focused,motion_direction,motion_L8,17912,132520,0.8725091218948364,63.4688720703125,1,0.625,{},11,0.8590000001713634,2026-09-13T03:42:35.732342+00:00
2240,focused,orientation,orientation_recall_D4,17920,132608,0.6064048409461975,66.11071014404297,1,0.75,{},11,0.8129999998491257,2026-09-13T03:42:36.549350+00:00
2241,focused,motion_direction,motion_anchor,17928,132624,0.0028646914288401604,0.21892957389354706,0,1.0,"{""state_mean"": {""input_saturation"": 0.05859375, ""input_mean"": 0.15657199174165726, ""forget_saturation"": 0.584716796875, ""forget_mean"": 0.9182708263397217, ""output_saturation"": 0.028564453125, ""output_mean"": 0.485773503780365, ""candidate_saturation"": 0.113037109375, ""state0_rms"": 0.27176231890916824, ""state0_max"": 1.3758420646190643, ""state1_rms"": 0.16532284766435623, ""state1_max"": 0.7714845240116119}, ""state_peak"": {""state0_max"": 1.8033729791641235, ""state1_max"": 0.8939411640167236}, ""early_representation_gradient_norm"": 0.0003440887376200408, ""late_representation_gradient_norm"": 0.00033578372676856816, ""core_gradient_norm"": 0.012752647511661053, ""recurrent_gradient_rms"": 6.193214630911825e-06, ""recurrent_gradient_median_abs"": 9.245918164424438e-08, ""current_gradient_fraction_below_adam_eps"": 0.00267791748046875, ""effective_recurrent_relative_update"": 0.004585511051118374}",2,0.2190000000409782,2026-09-13T03:42:36.755927+00:00
2242,focused,motion_direction,motion_L2,17936,132664,0.12662696838378906,19.789997100830078,1,1.0,{},5,0.39000000013038516,2026-09-13T03:42:37.155058+00:00
2243,focused,orientation,orientation_recall_minimal,17944,132704,0.32710033655166626,2.0423214435577393,1,0.875,{},5,0.35999999986961484,2026-09-13T03:42:37.516378+00:00
2244,focused,motion_direction,motion_L8,17952,132792,0.86851966381073,71.5361328125,1,0.625,{},11,0.8900000001303852,2026-09-13T03:42:38.408411+00:00
2245,focused,orientation,orientation_recall_D4,17960,132880,0.5141915082931519,97.23151397705078,1,0.625,{},11,0.8279999999795109,2026-09-13T03:42:39.234007+00:00
2246,focused,motion_direction,motion_L2,17968,132920,0.2557193636894226,82.77408599853516,1,0.875,{},5,0.375,2026-09-13T03:42:39.601928+00:00
2247,focused,orientation,orientation_recall_minimal,17976,132960,0.2645077109336853,16.598081588745117,1,0.875,{},5,0.375,2026-09-13T03:42:39.981879+00:00
2248,focused,motion_direction,motion_L8,17984,133048,1.090317964553833,55.91611862182617,1,0.375,{},11,0.9689999998081475,2026-09-13T03:42:40.953777+00:00
2249,focused,orientation,orientation_recall_D4,17992,133136,0.5030118823051453,26.815126419067383,1,0.75,{},11,0.7970000000204891,2026-09-13T03:42:41.747423+00:00
2250,focused,motion_direction,motion_L2,18000,133176,0.12979605793952942,45.45819091796875,1,1.0,{},5,0.4380000000819564,2026-09-13T03:42:42.184404+00:00
2251,focused,orientation,orientation_anchor,18008,133192,0.0004786495410371572,0.019703874364495277,0,1.0,{},2,0.2029999999795109,2026-09-13T03:42:42.385206+00:00
2252,focused,orientation,orientation_recall_minimal,18016,133232,0.42124104499816895,40.741233825683594,1,0.75,{},5,0.34300000010989606,2026-09-13T03:42:42.729326+00:00
2253,focused,motion_direction,motion_L8,18024,133320,0.7051291465759277,44.06216049194336,1,0.625,{},11,0.8129999998491257,2026-09-13T03:42:43.551476+00:00
2254,focused,orientation,orientation_recall_D4,18032,133408,0.44721099734306335,53.48265075683594,1,0.75,{},11,0.8899999998975545,2026-09-13T03:42:44.446729+00:00
2255,focused,motion_direction,motion_L2,18040,133448,0.26124030351638794,81.9529800415039,1,0.875,{},5,0.3440000000409782,2026-09-13T03:42:44.796348+00:00
2256,focused,orientation,orientation_recall_minimal,18048,133488,0.6300353407859802,6.389514923095703,1,0.875,{},5,0.3440000000409782,2026-09-13T03:42:45.141676+00:00
2257,focused,motion_direction,motion_L8,18056,133576,0.7105718851089478,41.71297836303711,1,0.625,{},11,0.9059999999590218,2026-09-13T03:42:46.041898+00:00
2258,focused,orientation,orientation_recall_D4,18064,133664,0.6390156149864197,19.364158630371094,1,0.625,{},11,0.7809999999590218,2026-09-13T03:42:46.823847+00:00
2259,focused,motion_direction,motion_L2,18072,133704,0.494622141122818,42.17198181152344,1,0.875,{},5,0.375,2026-09-13T03:42:47.197479+00:00
2260,focused,orientation,orientation_recall_minimal,18080,133744,0.4789554178714752,51.767879486083984,1,0.75,{},5,0.3600000001024455,2026-09-13T03:42:47.556921+00:00
2261,focused,motion_direction,motion_anchor,18088,133760,0.0013575735501945019,0.08292745053768158,0,1.0,{},2,0.1559999999590218,2026-09-13T03:42:47.718558+00:00
2262,focused,motion_direction,motion_L8,18096,133848,1.4154305458068848,60.01340866088867,1,0.625,{},11,0.875,2026-09-13T03:42:48.590283+00:00
2263,focused,orientation,orientation_recall_D4,18104,133936,0.5970959067344666,16.77338218688965,1,0.625,{},11,0.7809999999590218,2026-09-13T03:42:49.380416+00:00
2264,focused,motion_direction,motion_L2,18112,133976,0.06857920438051224,4.471208572387695,1,1.0,{},5,0.4059999999590218,2026-09-13T03:42:49.792583+00:00
2265,focused,orientation,orientation_recall_minimal,18120,134016,0.06315503269433975,0.8151649832725525,0,1.0,{},5,0.375,2026-09-13T03:42:50.172501+00:00
2266,focused,motion_direction,motion_L8,18128,134104,0.8456928730010986,32.060516357421875,1,0.5,{},11,0.8910000000614673,2026-09-13T03:42:51.057975+00:00
2267,focused,orientation,orientation_recall_D4,18136,134192,0.3984023630619049,50.91066360473633,1,1.0,{},11,0.796000000089407,2026-09-13T03:42:51.851514+00:00
2268,focused,motion_direction,motion_L2,18144,134232,0.26850923895835876,31.10300636291504,1,0.875,{},5,0.39099999982863665,2026-09-13T03:42:52.248491+00:00
2269,focused,orientation,orientation_recall_minimal,18152,134272,0.4958350360393524,30.49685287475586,1,0.75,{},5,0.375,2026-09-13T03:42:52.624939+00:00
2270,focused,motion_direction,motion_L8,18160,134360,0.884921133518219,84.08207702636719,1,0.625,{},11,0.875,2026-09-13T03:42:53.505871+00:00
2271,focused,orientation,orientation_anchor,18168,134376,0.004698839504271746,0.1906973123550415,0,1.0,{},2,0.1559999999590218,2026-09-13T03:42:53.670198+00:00
2272,focused,orientation,orientation_recall_D4,18176,134464,0.5068827271461487,33.477081298828125,1,0.625,{},11,0.7190000000409782,2026-09-13T03:42:54.385518+00:00
2273,focused,motion_direction,motion_L2,18184,134504,0.4365400969982147,83.89927673339844,1,0.875,{},5,0.39000000013038516,2026-09-13T03:42:54.771366+00:00
2274,focused,orientation,orientation_recall_minimal,18192,134544,0.06580766290426254,2.797308921813965,1,1.0,{},5,0.35999999986961484,2026-09-13T03:42:55.131978+00:00
2275,focused,motion_direction,motion_L8,18200,134632,0.5688223838806152,12.665452003479004,1,0.75,{},11,0.9059999999590218,2026-09-13T03:42:56.043245+00:00
2276,focused,orientation,orientation_recall_D4,18208,134720,0.7904978394508362,12.192858695983887,1,0.625,{},11,0.7809999999590218,2026-09-13T03:42:56.824541+00:00
2277,focused,motion_direction,motion_L2,18216,134760,0.0777437835931778,22.141252517700195,1,1.0,{},5,0.3600000001024455,2026-09-13T03:42:57.181160+00:00
2278,focused,orientation,orientation_recall_minimal,18224,134800,0.3325127959251404,3.6555676460266113,1,0.875,{},5,0.375,2026-09-13T03:42:57.552098+00:00
2279,focused,motion_direction,motion_L8,18232,134888,0.30688971281051636,25.339365005493164,1,1.0,{},11,0.8589999999385327,2026-09-13T03:42:58.420431+00:00
2280,focused,orientation,orientation_recall_D4,18240,134976,0.597018301486969,103.6658706665039,1,0.625,{},11,0.7660000000614673,2026-09-13T03:42:59.183206+00:00
2281,focused,motion_direction,motion_anchor,18248,134992,0.014117148704826832,3.1712188720703125,1,1.0,{},2,0.17100000008940697,2026-09-13T03:42:59.361478+00:00
2282,focused,motion_direction,motion_L2,18256,135032,0.06687215715646744,10.480035781860352,1,1.0,{},5,0.375,2026-09-13T03:42:59.734145+00:00
2283,focused,orientation,orientation_recall_minimal,18264,135072,0.4437279999256134,32.237892150878906,1,0.75,{},5,0.40699999989010394,2026-09-13T03:43:00.132564+00:00
2284,focused,motion_direction,motion_L8,18272,135160,1.2691035270690918,36.669708251953125,1,0.5,{},11,0.8589999999385327,2026-09-13T03:43:01.002546+00:00
2285,focused,orientation,orientation_recall_D4,18280,135248,0.3046291172504425,8.873422622680664,1,0.875,{},11,0.7660000000614673,2026-09-13T03:43:01.762696+00:00
2286,focused,motion_direction,motion_L2,18288,135288,0.04410192742943764,0.666513979434967,0,1.0,{},5,0.39000000013038516,2026-09-13T03:43:02.158870+00:00
2287,focused,orientation,orientation_recall_minimal,18296,135328,0.36656829714775085,42.88081741333008,1,0.875,{},5,0.35999999986961484,2026-09-13T03:43:02.518985+00:00
2288,focused,motion_direction,motion_L8,18304,135416,1.2429399490356445,53.299713134765625,1,0.5,{},11,0.8430000001098961,2026-09-13T03:43:03.362528+00:00
2289,focused,orientation,orientation_recall_D4,18312,135504,0.4141194820404053,4.8048882484436035,1,0.875,{},11,0.75,2026-09-13T03:43:04.102569+00:00
2290,focused,motion_direction,motion_L2,18320,135544,0.2833139896392822,191.6912384033203,1,0.875,{},5,0.375,2026-09-13T03:43:04.485344+00:00
2291,focused,orientation,orientation_anchor,18328,135560,0.0015143081545829773,0.07442884892225266,0,1.0,{},2,0.1720000000204891,2026-09-13T03:43:04.646612+00:00
2292,focused,orientation,orientation_recall_minimal,18336,135600,0.3058890104293823,27.320966720581055,1,0.875,{},5,0.35999999986961484,2026-09-13T03:43:05.012541+00:00
2293,focused,motion_direction,motion_L8,18344,135688,1.0895402431488037,155.38104248046875,1,0.625,{},11,0.75,2026-09-13T03:43:05.768310+00:00
2294,focused,orientation,orientation_recall_D4,18352,135776,0.8036640882492065,92.69625854492188,1,0.5,{},11,0.75,2026-09-13T03:43:06.512489+00:00
2295,focused,motion_direction,motion_L2,18360,135816,0.24781040847301483,152.6478729248047,1,0.875,{},5,0.39000000013038516,2026-09-13T03:43:06.898790+00:00
2296,focused,orientation,orientation_recall_minimal,18368,135856,0.05959126725792885,16.60735511779785,1,1.0,{},5,0.34399999980814755,2026-09-13T03:43:07.251346+00:00
2297,focused,motion_direction,motion_L8,18376,135944,1.4999359846115112,15.28912353515625,1,0.375,{},11,0.75,2026-09-13T03:43:07.994529+00:00
2298,focused,orientation,orientation_recall_D4,18384,136032,0.8656473755836487,30.936058044433594,1,0.5,{},11,0.6410000000614673,2026-09-13T03:43:08.638759+00:00
2299,focused,motion_direction,motion_L2,18392,136072,0.06557830423116684,30.61739158630371,1,1.0,{},5,0.3119999999180436,2026-09-13T03:43:08.955608+00:00
2300,focused,orientation,orientation_recall_minimal,18400,136112,0.31937068700790405,11.305556297302246,1,0.875,{},5,0.32800000021234155,2026-09-13T03:43:09.280596+00:00
2301,focused,motion_direction,motion_anchor,18408,136128,0.0013321713777258992,0.1712881624698639,0,1.0,{},2,0.14099999982863665,2026-09-13T03:43:09.422668+00:00
2302,focused,motion_direction,motion_L8,18416,136216,0.25366073846817017,24.540771484375,1,1.0,{},11,0.7029999999795109,2026-09-13T03:43:10.120065+00:00
2303,focused,orientation,orientation_recall_D4,18424,136304,0.32063227891921997,77.95822143554688,1,0.875,{},11,0.6880000000819564,2026-09-13T03:43:10.807536+00:00
2304,focused,motion_direction,motion_L2,18432,136344,0.08043254166841507,32.260765075683594,1,1.0,{},5,0.34300000010989606,2026-09-13T03:43:11.161879+00:00
2305,focused,orientation,orientation_recall_minimal,18440,136384,0.24911579489707947,27.081090927124023,1,0.875,"{""state_mean"": {""input_saturation"": 0.060546875, ""input_mean"": 0.15680471956729888, ""forget_saturation"": 0.58427734375, ""forget_mean"": 0.8957449436187744, ""output_saturation"": 0.02392578125, ""output_mean"": 0.4939674258232117, ""candidate_saturation"": 0.09658203125, ""state0_rms"": 0.40561513006687167, ""state0_max"": 1.7774295210838318, ""state1_rms"": 0.17930717319250106, ""state1_max"": 0.820149552822113}, ""state_peak"": {""state0_max"": 2.804931879043579, ""state1_max"": 0.9603994488716125}, ""early_representation_gradient_norm"": 0.0039367941208183765, ""late_representation_gradient_norm"": 0.14555875957012177, ""core_gradient_norm"": 0.8847134709358215, ""recurrent_gradient_rms"": 0.0007168742595240474, ""recurrent_gradient_median_abs"": 1.094316212402191e-05, ""current_gradient_fraction_below_adam_eps"": 7.62939453125e-06, ""effective_recurrent_relative_update"": 0.008404879830777645}",5,0.375,2026-09-13T03:43:11.639015+00:00
2306,focused,motion_direction,motion_L8,18448,136472,0.4309239983558655,86.55174255371094,1,0.875,{},11,0.7029999999795109,2026-09-13T03:43:12.349083+00:00
2307,focused,orientation,orientation_recall_D4,18456,136560,0.7624452710151672,39.77017593383789,1,0.5,{},11,0.6720000000204891,2026-09-13T03:43:13.025531+00:00
2308,focused,motion_direction,motion_L2,18464,136600,0.09681113809347153,30.690675735473633,1,1.0,{},5,0.3279999999795109,2026-09-13T03:43:13.360210+00:00
2309,focused,orientation,orientation_recall_minimal,18472,136640,0.057460106909275055,1.5529451370239258,1,1.0,{},5,0.32899999991059303,2026-09-13T03:43:13.684882+00:00
2310,focused,motion_direction,motion_L8,18480,136728,1.60971999168396,97.2288818359375,1,0.5,{},11,0.7809999999590218,2026-09-13T03:43:14.466056+00:00
2311,focused,orientation,orientation_anchor,18488,136744,0.00023094008793123066,0.009787572547793388,0,1.0,{},2,0.14000000013038516,2026-09-13T03:43:14.613586+00:00
2312,focused,orientation,orientation_recall_D4,18496,136832,0.8164328336715698,36.56892013549805,1,0.5,{},11,0.6409999998286366,2026-09-13T03:43:15.241977+00:00
2313,focused,motion_direction,motion_L2,18504,136872,0.3316923975944519,84.91160583496094,1,0.75,{},5,0.3440000000409782,2026-09-13T03:43:15.586347+00:00
2314,focused,orientation,orientation_recall_minimal,18512,136912,0.07581059634685516,4.679967880249023,1,1.0,{},5,0.3279999999795109,2026-09-13T03:43:15.915025+00:00
2315,focused,motion_direction,motion_L8,18520,137000,0.6060773730278015,40.87959671020508,1,0.75,{},11,0.7970000000204891,2026-09-13T03:43:16.721724+00:00
2316,focused,orientation,orientation_recall_D4,18528,137088,0.525362491607666,17.909194946289062,1,0.75,{},11,0.625,2026-09-13T03:43:17.344687+00:00
2317,focused,motion_direction,motion_L2,18536,137128,0.2543923854827881,97.57084655761719,1,0.875,{},5,0.3440000000409782,2026-09-13T03:43:17.684432+00:00
2318,focused,orientation,orientation_recall_minimal,18544,137168,0.30734968185424805,4.760546684265137,1,0.875,{},5,0.3279999999795109,2026-09-13T03:43:18.017962+00:00
2319,focused,motion_direction,motion_L8,18552,137256,0.33710604906082153,29.96833610534668,1,1.0,{},11,0.7650000001303852,2026-09-13T03:43:18.782161+00:00
2320,focused,orientation,orientation_recall_D4,18560,137344,0.427924782037735,15.167881965637207,1,0.875,{},11,0.6879999998491257,2026-09-13T03:43:19.461305+00:00
2321,focused,motion_direction,motion_anchor,18568,137360,0.007827172055840492,1.3257777690887451,1,1.0,{},2,0.1559999999590218,2026-09-13T03:43:19.626967+00:00
2322,focused,motion_direction,motion_L2,18576,137400,0.07896516472101212,21.86701202392578,1,1.0,{},5,0.3440000000409782,2026-09-13T03:43:19.968769+00:00
2323,focused,orientation,orientation_recall_minimal,18584,137440,0.5613656044006348,18.105512619018555,1,0.875,{},5,0.2970000000204891,2026-09-13T03:43:20.268338+00:00
2324,focused,motion_direction,motion_L8,18592,137528,0.8466101884841919,41.7862548828125,1,0.625,{},11,0.6869999999180436,2026-09-13T03:43:20.954096+00:00
2325,focused,orientation,orientation_recall_D4,18600,137616,0.3879329264163971,21.15658950805664,1,0.75,{},11,0.6410000000614673,2026-09-13T03:43:21.599670+00:00
2326,focused,motion_direction,motion_L2,18608,137656,0.09059172868728638,2.6327764987945557,1,1.0,{},5,0.40699999989010394,2026-09-13T03:43:22.014221+00:00
2327,focused,orientation,orientation_recall_minimal,18616,137696,0.24639907479286194,13.549674987792969,1,0.875,{},5,0.2970000000204891,2026-09-13T03:43:22.313505+00:00
2328,focused,motion_direction,motion_L8,18624,137784,0.9373237490653992,38.05096435546875,1,0.625,{},11,0.7029999999795109,2026-09-13T03:43:23.018269+00:00
2329,focused,orientation,orientation_recall_D4,18632,137872,0.7516318559646606,160.17417907714844,1,0.625,{},11,0.6400000001303852,2026-09-13T03:43:23.662624+00:00
2330,focused,motion_direction,motion_L2,18640,137912,0.314619779586792,70.00479888916016,1,0.875,{},5,0.3440000000409782,2026-09-13T03:43:24.009611+00:00
2331,focused,orientation,orientation_anchor,18648,137928,0.0009823772124946117,0.025461630895733833,0,1.0,{},2,0.14000000013038516,2026-09-13T03:43:24.152080+00:00
2332,focused,orientation,orientation_recall_minimal,18656,137968,0.5256788730621338,83.12437438964844,1,0.75,{},5,0.31299999984912574,2026-09-13T03:43:24.469588+00:00
2333,focused,motion_direction,motion_L8,18664,138056,1.0855128765106201,49.23884201049805,1,0.75,{},11,0.6870000001508743,2026-09-13T03:43:25.151984+00:00
2334,focused,orientation,orientation_recall_D4,18672,138144,0.6942283511161804,141.27218627929688,1,0.625,{},11,0.6099999998696148,2026-09-13T03:43:25.763290+00:00
2335,focused,motion_direction,motion_L2,18680,138184,0.4577251374721527,103.00908660888672,1,0.875,{},5,0.375,2026-09-13T03:43:26.131667+00:00
2336,focused,orientation,orientation_recall_minimal,18688,138224,0.2900032699108124,20.294025421142578,1,0.875,{},5,0.3119999999180436,2026-09-13T03:43:26.446302+00:00
2337,focused,motion_direction,motion_L8,18696,138312,0.9612159729003906,46.76472091674805,1,0.5,{},11,0.7190000000409782,2026-09-13T03:43:27.167369+00:00
2338,focused,orientation,orientation_recall_D4,18704,138400,1.0051504373550415,42.56159210205078,1,0.625,{},11,0.6410000000614673,2026-09-13T03:43:27.812068+00:00
2339,focused,motion_direction,motion_L2,18712,138440,0.06414208561182022,9.119415283203125,1,1.0,{},5,0.3119999999180436,2026-09-13T03:43:28.127841+00:00
2340,focused,orientation,orientation_recall_minimal,18720,138480,0.05839909613132477,3.94771671295166,1,1.0,{},5,0.3279999999795109,2026-09-13T03:43:28.457763+00:00
2341,focused,motion_direction,motion_anchor,18728,138496,0.0004669459885917604,0.0338858962059021,0,1.0,{},2,0.14000000013038516,2026-09-13T03:43:28.606817+00:00
2342,focused,motion_direction,motion_L8,18736,138584,0.5673007965087891,58.12211608886719,1,0.875,{},11,0.7659999998286366,2026-09-13T03:43:29.371495+00:00
2343,focused,orientation,orientation_recall_D4,18744,138672,0.6281260251998901,19.65397834777832,1,0.625,{},11,0.6560000001918525,2026-09-13T03:43:30.025393+00:00
2344,focused,motion_direction,motion_L2,18752,138712,0.43577757477760315,156.72434997558594,1,0.875,{},5,0.3279999999795109,2026-09-13T03:43:30.362712+00:00
2345,focused,orientation,orientation_recall_minimal,18760,138752,0.31714361906051636,6.613710403442383,1,0.875,{},5,0.31299999984912574,2026-09-13T03:43:30.667963+00:00
2346,focused,motion_direction,motion_L8,18768,138840,1.0656992197036743,38.326515197753906,1,0.5,{},11,0.7340000001713634,2026-09-13T03:43:31.403562+00:00
2347,focused,orientation,orientation_recall_D4,18776,138928,0.6761354804039001,71.67721557617188,1,0.625,{},11,0.6719999997876585,2026-09-13T03:43:32.079685+00:00
2348,focused,motion_direction,motion_L2,18784,138968,0.04528037831187248,9.271053314208984,1,1.0,{},5,0.4220000000204891,2026-09-13T03:43:32.503309+00:00
2349,focused,orientation,orientation_recall_minimal,18792,139008,0.05770225077867508,6.412313938140869,1,1.0,{},5,0.3440000000409782,2026-09-13T03:43:32.835165+00:00
2350,focused,motion_direction,motion_L8,18800,139096,1.3132206201553345,33.737510681152344,1,0.375,{},11,0.7650000001303852,2026-09-13T03:43:33.614376+00:00
2351,focused,orientation,orientation_anchor,18808,139112,0.003238413482904434,0.09426133334636688,0,1.0,{},2,0.125,2026-09-13T03:43:33.745430+00:00
2352,focused,orientation,orientation_recall_D4,18816,139200,0.40810006856918335,24.795562744140625,1,0.75,{},11,0.6720000000204891,2026-09-13T03:43:34.423559+00:00
2353,focused,motion_direction,motion_L2,18824,139240,0.3275098204612732,174.3939208984375,1,0.875,{},5,0.3279999999795109,2026-09-13T03:43:34.744159+00:00
2354,focused,orientation,orientation_recall_minimal,18832,139280,0.09445995092391968,20.224355697631836,1,1.0,{},5,0.3440000000409782,2026-09-13T03:43:35.092727+00:00
2355,focused,motion_direction,motion_L8,18840,139368,0.5941980481147766,80.19473266601562,1,0.75,{},11,0.8440000000409782,2026-09-13T03:43:35.934219+00:00
2356,focused,orientation,orientation_recall_D4,18848,139456,0.316439688205719,51.21245193481445,1,0.875,{},11,0.7029999999795109,2026-09-13T03:43:36.640817+00:00
2357,focused,motion_direction,motion_L2,18856,139496,0.04771353304386139,12.832242012023926,1,1.0,{},5,0.34300000010989606,2026-09-13T03:43:36.979246+00:00
2358,focused,orientation,orientation_recall_minimal,18864,139536,0.42732739448547363,71.42233276367188,1,0.875,{},5,0.34399999980814755,2026-09-13T03:43:37.330808+00:00
2359,focused,motion_direction,motion_L8,18872,139624,0.8023710250854492,19.232425689697266,1,0.75,{},11,0.8280000002123415,2026-09-13T03:43:38.155697+00:00
2360,focused,orientation,orientation_recall_D4,18880,139712,0.6670541167259216,149.81382751464844,1,0.625,{},11,0.6569999998901039,2026-09-13T03:43:38.816479+00:00
2361,focused,motion_direction,motion_anchor,18888,139728,0.0021335133351385593,0.37621670961380005,0,1.0,{},2,0.1869999999180436,2026-09-13T03:43:39.002251+00:00
2362,focused,motion_direction,motion_L2,18896,139768,0.540421187877655,24.711912155151367,1,0.75,{},5,0.3440000000409782,2026-09-13T03:43:39.347651+00:00
2363,focused,orientation,orientation_recall_minimal,18904,139808,0.44455793499946594,9.312225341796875,1,0.875,{},5,0.2970000000204891,2026-09-13T03:43:39.632139+00:00
2364,focused,motion_direction,motion_L8,18912,139896,0.7108955383300781,66.56843566894531,1,0.625,{},11,0.75,2026-09-13T03:43:40.383572+00:00
2365,focused,orientation,orientation_recall_D4,18920,139984,0.5147687196731567,119.27310943603516,1,0.75,{},11,0.7029999999795109,2026-09-13T03:43:41.086121+00:00
2366,focused,motion_direction,motion_L2,18928,140024,0.11472698301076889,33.17491149902344,1,1.0,{},5,0.375,2026-09-13T03:43:41.458854+00:00
2367,focused,orientation,orientation_recall_minimal,18936,140064,0.04470798373222351,0.6236249804496765,0,1.0,{},5,0.3279999999795109,2026-09-13T03:43:41.800444+00:00
2368,focused,motion_direction,motion_L8,18944,140152,0.3662217855453491,22.00943946838379,1,0.875,{},11,0.75,2026-09-13T03:43:42.541424+00:00
2369,focused,orientation,orientation_recall_D4,18952,140240,0.7383411526679993,87.75049591064453,1,0.625,"{""state_mean"": {""input_saturation"": 0.06547407670454546, ""input_mean"": 0.15754776515743948, ""forget_saturation"": 0.5858043323863636, ""forget_mean"": 0.8956425081599843, ""output_saturation"": 0.020241477272727272, ""output_mean"": 0.4891636154868386, ""candidate_saturation"": 0.09579190340909091, ""state0_rms"": 0.795112972909754, ""state0_max"": 3.7341793938116594, ""state1_rms"": 0.22896349023688922, ""state1_max"": 0.9134001298384233}, ""state_peak"": {""state0_max"": 6.674126625061035, ""state1_max"": 0.9945657253265381}, ""early_representation_gradient_norm"": 0.004522921517491341, ""late_representation_gradient_norm"": 0.1818455457687378, ""core_gradient_norm"": 1.411144495010376, ""recurrent_gradient_rms"": 0.0009737550863064826, ""recurrent_gradient_median_abs"": 3.429642674745992e-05, ""current_gradient_fraction_below_adam_eps"": 7.62939453125e-06, ""effective_recurrent_relative_update"": 0.007026351056993008}",11,0.6559999999590218,2026-09-13T03:43:43.204664+00:00
2370,focused,motion_direction,motion_L2,18960,140280,0.03918028622865677,8.440359115600586,1,1.0,{},5,0.3130000000819564,2026-09-13T03:43:43.513508+00:00
2371,focused,orientation,orientation_anchor,18968,140296,0.0006060317973606288,0.020103128626942635,0,1.0,{},2,0.14000000013038516,2026-09-13T03:43:43.648681+00:00
2372,focused,orientation,orientation_recall_minimal,18976,140336,0.2469419240951538,53.31608963012695,1,0.875,{},5,0.29699999978765845,2026-09-13T03:43:43.958662+00:00
2373,focused,motion_direction,motion_L8,18984,140424,0.9730548858642578,80.09294128417969,1,0.75,{},11,0.7190000000409782,2026-09-13T03:43:44.688600+00:00
2374,focused,orientation,orientation_recall_D4,18992,140512,0.2201390117406845,11.979433059692383,1,1.0,{},11,0.6399999998975545,2026-09-13T03:43:45.327051+00:00
2375,focused,motion_direction,motion_L2,19000,140552,0.07441527396440506,29.37446403503418,1,1.0,{},5,0.3130000000819564,2026-09-13T03:43:45.643809+00:00
2376,focused,orientation,orientation_recall_minimal,19008,140592,0.26017847657203674,61.072505950927734,1,0.875,{},5,0.3119999999180436,2026-09-13T03:43:45.948352+00:00
2377,focused,motion_direction,motion_L8,19016,140680,0.3166179060935974,34.95949172973633,1,1.0,{},11,0.6410000000614673,2026-09-13T03:43:46.599801+00:00
2378,focused,orientation,orientation_recall_D4,19024,140768,0.5136207938194275,58.782958984375,1,0.75,{},11,0.6409999998286366,2026-09-13T03:43:47.242842+00:00
2379,focused,motion_direction,motion_L2,19032,140808,0.07799927890300751,41.93471908569336,1,1.0,{},5,0.3440000000409782,2026-09-13T03:43:47.594442+00:00
2380,focused,orientation,orientation_recall_minimal,19040,140848,0.20869815349578857,120.73582458496094,1,0.875,{},5,0.3440000000409782,2026-09-13T03:43:47.927380+00:00
2381,focused,motion_direction,motion_anchor,19048,140864,0.0016531291184946895,0.10626442730426788,0,1.0,{},2,0.13999999989755452,2026-09-13T03:43:48.072642+00:00
2382,focused,motion_direction,motion_L8,19056,140952,1.0127789974212646,138.15640258789062,1,0.375,{},11,0.6880000000819564,2026-09-13T03:43:48.763584+00:00
2383,focused,orientation,orientation_recall_D4,19064,141040,1.367185115814209,218.44625854492188,1,0.375,{},11,0.6559999999590218,2026-09-13T03:43:49.417721+00:00
2384,focused,motion_direction,motion_L2,19072,141080,0.8123435974121094,83.10641479492188,1,0.5,{},5,0.3440000000409782,2026-09-13T03:43:49.755864+00:00
2385,focused,orientation,orientation_recall_minimal,19080,141120,0.5222213268280029,26.990108489990234,1,0.75,{},5,0.3279999999795109,2026-09-13T03:43:50.097174+00:00
2386,focused,motion_direction,motion_L8,19088,141208,0.5795667767524719,34.39368438720703,1,0.875,{},11,0.8279999999795109,2026-09-13T03:43:50.921834+00:00
2387,focused,orientation,orientation_recall_D4,19096,141296,1.1254385709762573,225.5104522705078,1,0.375,{},11,0.7340000001713634,2026-09-13T03:43:51.651632+00:00
2388,focused,motion_direction,motion_L2,19104,141336,0.08279091864824295,31.880430221557617,1,1.0,{},5,0.35999999986961484,2026-09-13T03:43:52.015506+00:00
2389,focused,orientation,orientation_recall_minimal,19112,141376,0.44138625264167786,19.48227310180664,1,0.875,{},5,0.3279999999795109,2026-09-13T03:43:52.343843+00:00
2390,focused,motion_direction,motion_L8,19120,141464,0.8888770937919617,42.91014099121094,1,0.625,{},11,0.7650000001303852,2026-09-13T03:43:53.109543+00:00
2391,focused,orientation,orientation_anchor,19128,141480,0.0002916869707405567,0.01227658987045288,0,1.0,{},2,0.15699999989010394,2026-09-13T03:43:53.261399+00:00
2392,focused,orientation,orientation_recall_D4,19136,141568,0.41013503074645996,114.44374084472656,1,0.75,{},11,0.7180000001098961,2026-09-13T03:43:53.987800+00:00
2393,focused,motion_direction,motion_L2,19144,141608,0.12598097324371338,103.46054077148438,1,1.0,{},5,0.39099999982863665,2026-09-13T03:43:54.365901+00:00
2394,focused,orientation,orientation_recall_minimal,19152,141648,0.021762356162071228,0.941298246383667,0,1.0,{},5,0.3910000000614673,2026-09-13T03:43:54.765254+00:00
2395,focused,motion_direction,motion_L8,19160,141736,0.9497928619384766,108.98107147216797,1,0.5,{},11,0.7809999999590218,2026-09-13T03:43:55.547802+00:00
2396,focused,orientation,orientation_recall_D4,19168,141824,0.6986100077629089,92.8044204711914,1,0.5,{},11,0.6720000000204891,2026-09-13T03:43:56.213571+00:00
2397,focused,motion_direction,motion_L2,19176,141864,0.09556426852941513,43.44767379760742,1,1.0,{},5,0.3589999999385327,2026-09-13T03:43:56.572118+00:00
2398,focused,orientation,orientation_recall_minimal,19184,141904,0.04696214571595192,1.5555698871612549,1,1.0,{},5,0.3600000001024455,2026-09-13T03:43:56.928652+00:00
2399,focused,motion_direction,motion_L8,19192,141992,0.3070330023765564,15.264028549194336,1,0.75,{},11,0.7180000001098961,2026-09-13T03:43:57.658681+00:00
2400,focused,orientation,orientation_recall_D4,19200,142080,0.30699288845062256,12.772239685058594,1,0.875,{},11,0.6879999998491257,2026-09-13T03:43:58.350423+00:00
2401,focused,motion_direction,motion_anchor,19208,142096,0.0006234789616428316,0.024778297170996666,0,1.0,{},2,0.14099999982863665,2026-09-13T03:43:58.498708+00:00
2402,focused,motion_direction,motion_L2,19216,142136,0.1279129981994629,48.91458511352539,1,0.875,{},5,0.3440000000409782,2026-09-13T03:43:58.840011+00:00
2403,focused,orientation,orientation_recall_minimal,19224,142176,0.5650117993354797,42.19839859008789,1,0.75,{},5,0.2970000000204891,2026-09-13T03:43:59.145387+00:00
2404,focused,motion_direction,motion_L8,19232,142264,1.2545982599258423,113.17308044433594,1,0.5,{},11,0.6719999997876585,2026-09-13T03:43:59.828595+00:00
2405,focused,orientation,orientation_recall_D4,19240,142352,0.6456189155578613,64.79386138916016,1,0.625,{},11,0.6560000001918525,2026-09-13T03:44:00.486328+00:00
2406,focused,motion_direction,motion_L2,19248,142392,0.16976141929626465,20.45333480834961,1,0.875,{},5,0.32899999991059303,2026-09-13T03:44:00.814979+00:00
2407,focused,orientation,orientation_recall_minimal,19256,142432,0.025181256234645844,0.40050840377807617,0,1.0,{},5,0.4059999999590218,2026-09-13T03:44:01.213612+00:00
2408,focused,motion_direction,motion_L8,19264,142520,0.815972626209259,82.60708618164062,1,0.625,{},11,0.7190000000409782,2026-09-13T03:44:01.938909+00:00
2409,focused,orientation,orientation_recall_D4,19272,142608,1.2980533838272095,47.47571563720703,1,0.375,{},11,0.7180000001098961,2026-09-13T03:44:02.659463+00:00
2410,focused,motion_direction,motion_L2,19280,142648,0.17518295347690582,93.14940643310547,1,1.0,{},5,0.35999999986961484,2026-09-13T03:44:03.018681+00:00
2411,focused,orientation,orientation_anchor,19288,142664,0.004158899188041687,0.2852398455142975,0,1.0,{},2,0.1559999999590218,2026-09-13T03:44:03.166036+00:00
2412,focused,orientation,orientation_recall_minimal,19296,142704,0.057628680020570755,8.503870010375977,1,1.0,{},5,0.375,2026-09-13T03:44:03.542227+00:00
2413,focused,motion_direction,motion_L8,19304,142792,1.089578628540039,87.8322525024414,1,0.625,{},11,0.7970000000204891,2026-09-13T03:44:04.347531+00:00
2414,focused,orientation,orientation_recall_D4,19312,142880,0.5298040509223938,103.58318328857422,1,0.75,{},11,0.75,2026-09-13T03:44:05.097056+00:00
2415,focused,motion_direction,motion_L2,19320,142920,0.35585838556289673,86.77828979492188,1,0.875,{},5,0.375,2026-09-13T03:44:05.470805+00:00
2416,focused,orientation,orientation_recall_minimal,19328,142960,0.5577900409698486,70.2531967163086,1,0.75,{},5,0.31200000015087426,2026-09-13T03:44:05.777435+00:00
2417,focused,motion_direction,motion_L8,19336,143048,0.8540686964988708,96.89598083496094,1,0.625,{},11,0.7349999998696148,2026-09-13T03:44:06.515314+00:00
2418,focused,orientation,orientation_recall_D4,19344,143136,0.3355599343776703,18.27801513671875,1,0.875,{},11,0.6559999999590218,2026-09-13T03:44:07.174914+00:00
2419,focused,motion_direction,motion_L2,19352,143176,0.050278082489967346,12.252479553222656,1,1.0,{},5,0.35900000017136335,2026-09-13T03:44:07.531872+00:00
2420,focused,orientation,orientation_recall_minimal,19360,143216,0.46167293190956116,43.01988983154297,1,0.875,{},5,0.34399999980814755,2026-09-13T03:44:07.878030+00:00
2421,focused,motion_direction,motion_anchor,19368,143232,0.0003096268337685615,0.02797028422355652,0,1.0,{},2,0.15600000019185245,2026-09-13T03:44:08.031224+00:00
2422,focused,motion_direction,motion_L8,19376,143320,0.9019553661346436,19.566118240356445,1,0.75,{},11,0.7349999998696148,2026-09-13T03:44:08.762074+00:00
2423,focused,orientation,orientation_recall_D4,19384,143408,0.9843448400497437,30.68714141845703,1,0.5,{},11,0.7650000001303852,2026-09-13T03:44:09.528794+00:00
2424,focused,motion_direction,motion_L2,19392,143448,0.12413962930440903,47.31674575805664,1,1.0,{},5,0.35999999986961484,2026-09-13T03:44:09.882907+00:00
2425,focused,orientation,orientation_recall_minimal,19400,143488,0.3451513350009918,19.397058486938477,1,0.875,{},5,0.39000000013038516,2026-09-13T03:44:10.276279+00:00
2426,focused,motion_direction,motion_L8,19408,143576,1.0372412204742432,71.70706176757812,1,0.625,{},11,0.75,2026-09-13T03:44:11.036405+00:00
2427,focused,orientation,orientation_recall_D4,19416,143664,0.8622849583625793,85.79141235351562,1,0.375,{},11,0.75,2026-09-13T03:44:11.798554+00:00
2428,focused,motion_direction,motion_L2,19424,143704,0.05608407407999039,17.952102661132812,1,1.0,{},5,0.3910000000614673,2026-09-13T03:44:12.193834+00:00
2429,focused,orientation,orientation_recall_minimal,19432,143744,0.19317179918289185,114.64125061035156,1,0.875,{},5,0.3600000001024455,2026-09-13T03:44:12.563995+00:00
2430,focused,motion_direction,motion_L8,19440,143832,0.6024566292762756,41.88616180419922,1,0.75,{},11,0.7809999999590218,2026-09-13T03:44:13.351016+00:00
2431,focused,orientation,orientation_anchor,19448,143848,4.5044122089166194e-05,0.0009527982329018414,0,1.0,{},2,0.125,2026-09-13T03:44:13.479634+00:00
2432,focused,orientation,orientation_recall_D4,19456,143936,0.34404808282852173,32.094364166259766,1,0.75,{},11,0.6720000000204891,2026-09-13T03:44:14.162992+00:00
2433,focused,motion_direction,motion_L2,19464,143976,0.061579879373311996,35.1843147277832,1,1.0,"{""state_mean"": {""input_saturation"": 0.03154296875, ""input_mean"": 0.16074446737766265, ""forget_saturation"": 0.5693359375, ""forget_mean"": 0.9070508241653442, ""output_saturation"": 0.0255859375, ""output_mean"": 0.4865890324115753, ""candidate_saturation"": 0.0958984375, ""state0_rms"": 0.33148994743824006, ""state0_max"": 1.3961379528045654, ""state1_rms"": 0.19289198964834214, ""state1_max"": 0.7925119638442993}, ""state_peak"": {""state0_max"": 2.1405556201934814, ""state1_max"": 0.9385866522789001}, ""early_representation_gradient_norm"": 0.003459199331700802, ""late_representation_gradient_norm"": 0.010629894211888313, ""core_gradient_norm"": 1.0350902080535889, ""recurrent_gradient_rms"": 0.0008872548933140934, ""recurrent_gradient_median_abs"": 7.99921963334782e-06, ""current_gradient_fraction_below_adam_eps"": 1.52587890625e-05, ""effective_recurrent_relative_update"": 0.0062478287145495415}",5,0.35900000017136335,2026-09-13T03:44:14.537311+00:00
2434,focused,orientation,orientation_recall_minimal,19472,144016,0.04532875493168831,3.2379181385040283,1,1.0,{},5,0.2970000000204891,2026-09-13T03:44:14.841831+00:00
2435,focused,motion_direction,motion_L8,19480,144104,1.0452666282653809,111.20518493652344,1,0.75,{},11,0.7190000000409782,2026-09-13T03:44:15.566296+00:00
2436,focused,orientation,orientation_recall_D4,19488,144192,0.6901155114173889,194.86663818359375,1,0.5,{},11,0.6399999998975545,2026-09-13T03:44:16.203784+00:00
2437,focused,motion_direction,motion_L2,19496,144232,0.045137953013181686,9.519401550292969,1,1.0,{},5,0.3130000000819564,2026-09-13T03:44:16.516237+00:00
2438,focused,orientation,orientation_recall_minimal,19504,144272,0.08621369302272797,40.76168441772461,1,1.0,{},5,0.2970000000204891,2026-09-13T03:44:16.814692+00:00
2439,focused,motion_direction,motion_L8,19512,144360,0.3098912835121155,26.090068817138672,1,0.875,{},11,0.7649999998975545,2026-09-13T03:44:17.578759+00:00
2440,focused,orientation,orientation_recall_D4,19520,144448,0.6142163276672363,23.297801971435547,1,0.625,{},11,0.6410000000614673,2026-09-13T03:44:18.212460+00:00
2441,focused,motion_direction,motion_anchor,19528,144464,0.001120934495702386,0.07435238361358643,0,1.0,{},2,0.1559999999590218,2026-09-13T03:44:18.369611+00:00
2442,focused,motion_direction,motion_L2,19536,144504,0.18294204771518707,144.3333282470703,1,0.875,{},5,0.3279999999795109,2026-09-13T03:44:18.706549+00:00
2443,focused,orientation,orientation_recall_minimal,19544,144544,0.4267251193523407,6.06065559387207,1,0.875,{},5,0.3440000000409782,2026-09-13T03:44:19.044116+00:00
2444,focused,motion_direction,motion_L8,19552,144632,0.7892251014709473,106.05589294433594,1,0.5,{},11,0.7190000000409782,2026-09-13T03:44:19.761707+00:00
2445,focused,orientation,orientation_recall_D4,19560,144720,0.5746288895606995,87.78260040283203,1,0.75,{},11,0.6400000001303852,2026-09-13T03:44:20.405437+00:00
2446,focused,motion_direction,motion_L2,19568,144760,0.8264679908752441,447.0489501953125,1,0.625,{},5,0.34399999980814755,2026-09-13T03:44:20.741001+00:00
2447,focused,orientation,orientation_recall_minimal,19576,144800,0.2629053592681885,48.46854019165039,1,0.875,{},5,0.3440000000409782,2026-09-13T03:44:21.091147+00:00
2448,focused,motion_direction,motion_L8,19584,144888,0.7986993193626404,14.990082740783691,1,0.75,{},11,0.6720000000204891,2026-09-13T03:44:21.768977+00:00
2449,focused,orientation,orientation_recall_D4,19592,144976,0.5903056859970093,50.84280014038086,1,0.75,{},11,0.7180000001098961,2026-09-13T03:44:22.480033+00:00
2450,focused,motion_direction,motion_L2,19600,145016,0.48486822843551636,45.397274017333984,1,0.875,{},5,0.34399999980814755,2026-09-13T03:44:22.832061+00:00
2451,focused,orientation,orientation_anchor,19608,145032,0.003701526205986738,0.16435283422470093,0,1.0,{},2,0.1410000000614673,2026-09-13T03:44:22.972886+00:00
2452,focused,orientation,orientation_recall_minimal,19616,145072,0.21226759254932404,70.2651596069336,1,0.875,{},5,0.3279999999795109,2026-09-13T03:44:23.290120+00:00
2453,focused,motion_direction,motion_L8,19624,145160,0.7626001834869385,64.64508819580078,1,0.75,{},11,0.7660000000614673,2026-09-13T03:44:24.064287+00:00
2454,focused,orientation,orientation_recall_D4,19632,145248,0.38471662998199463,29.91571617126465,1,0.875,{},11,0.6399999998975545,2026-09-13T03:44:24.697888+00:00
2455,focused,motion_direction,motion_L2,19640,145288,0.04621753841638565,8.4938325881958,1,1.0,{},5,0.32800000021234155,2026-09-13T03:44:25.030640+00:00
2456,focused,orientation,orientation_recall_minimal,19648,145328,0.36396974325180054,1.8494741916656494,1,0.875,{},5,0.3279999999795109,2026-09-13T03:44:25.356964+00:00
2457,focused,motion_direction,motion_L8,19656,145416,0.6500980257987976,111.84597778320312,1,0.75,{},11,0.7189999998081475,2026-09-13T03:44:26.077496+00:00
2458,focused,orientation,orientation_recall_D4,19664,145504,0.6513575911521912,61.82170486450195,1,0.5,{},11,0.6720000000204891,2026-09-13T03:44:26.755140+00:00
2459,focused,motion_direction,motion_L2,19672,145544,0.3439353406429291,188.20343017578125,1,0.875,{},5,0.3279999999795109,2026-09-13T03:44:27.085933+00:00
2460,focused,orientation,orientation_recall_minimal,19680,145584,0.2107057273387909,122.10638427734375,1,0.875,{},5,0.31200000015087426,2026-09-13T03:44:27.403793+00:00
2461,focused,motion_direction,motion_anchor,19688,145600,0.0025785600300878286,0.613100528717041,0,1.0,{},2,0.14099999982863665,2026-09-13T03:44:27.550254+00:00
2462,focused,motion_direction,motion_L8,19696,145688,0.7829380035400391,64.10696411132812,1,0.75,{},11,0.75,2026-09-13T03:44:28.294384+00:00
2463,focused,orientation,orientation_recall_D4,19704,145776,0.5134322047233582,79.6588363647461,1,0.625,{},11,0.6559999999590218,2026-09-13T03:44:28.949506+00:00
2464,focused,motion_direction,motion_L2,19712,145816,0.48717236518859863,220.43856811523438,1,0.75,{},5,0.3130000000819564,2026-09-13T03:44:29.259925+00:00
2465,focused,orientation,orientation_recall_minimal,19720,145856,0.27484509348869324,76.31616973876953,1,0.875,{},5,0.3119999999180436,2026-09-13T03:44:29.582349+00:00
2466,focused,motion_direction,motion_L8,19728,145944,1.1985939741134644,56.405113220214844,1,0.625,{},11,0.7190000000409782,2026-09-13T03:44:30.292387+00:00
2467,focused,orientation,orientation_recall_D4,19736,146032,0.4625721871852875,35.91603469848633,1,0.625,{},11,0.6410000000614673,2026-09-13T03:44:30.941977+00:00
2468,focused,motion_direction,motion_L2,19744,146072,0.06433334946632385,7.636486053466797,1,1.0,{},5,0.32800000021234155,2026-09-13T03:44:31.278249+00:00
2469,focused,orientation,orientation_recall_minimal,19752,146112,0.1196996420621872,18.822952270507812,1,1.0,{},5,0.31299999984912574,2026-09-13T03:44:31.590659+00:00
2470,focused,motion_direction,motion_L8,19760,146200,1.0130153894424438,112.5807876586914,1,0.625,{},11,0.7970000000204891,2026-09-13T03:44:32.381655+00:00
2471,focused,orientation,orientation_anchor,19768,146216,0.00047293913667090237,0.01602945104241371,0,1.0,{},2,0.125,2026-09-13T03:44:32.512576+00:00
2472,focused,orientation,orientation_recall_D4,19776,146304,0.8292775750160217,197.46510314941406,1,0.25,{},11,0.7029999999795109,2026-09-13T03:44:33.212069+00:00
2473,focused,motion_direction,motion_L2,19784,146344,0.044451016932725906,6.764720439910889,1,1.0,{},5,0.3279999999795109,2026-09-13T03:44:33.542980+00:00
2474,focused,orientation,orientation_recall_minimal,19792,146384,0.29925569891929626,54.02463150024414,1,0.75,{},5,0.2970000000204891,2026-09-13T03:44:33.845805+00:00
2475,focused,motion_direction,motion_L8,19800,146472,0.9122467637062073,27.581483840942383,1,0.75,{},11,0.7190000000409782,2026-09-13T03:44:34.564862+00:00
2476,focused,orientation,orientation_recall_D4,19808,146560,1.2713879346847534,359.8374328613281,1,0.375,{},11,0.625,2026-09-13T03:44:35.179468+00:00
2477,focused,motion_direction,motion_L2,19816,146600,0.32460832595825195,36.513328552246094,1,0.875,{},5,0.3119999999180436,2026-09-13T03:44:35.500681+00:00
2478,focused,orientation,orientation_recall_minimal,19824,146640,0.04574146494269371,1.5362741947174072,1,1.0,{},5,0.3440000000409782,2026-09-13T03:44:35.835084+00:00
2479,focused,motion_direction,motion_L8,19832,146728,0.7582951188087463,16.184295654296875,1,0.75,{},11,0.6720000000204891,2026-09-13T03:44:36.520784+00:00
2480,focused,orientation,orientation_recall_D4,19840,146816,0.4696992337703705,8.888522148132324,1,0.75,{},11,0.6719999997876585,2026-09-13T03:44:37.197155+00:00
2481,focused,motion_direction,motion_anchor,19848,146832,0.0028692528139799833,0.3540674149990082,0,1.0,{},2,0.1720000000204891,2026-09-13T03:44:37.370087+00:00
2482,focused,motion_direction,motion_L2,19856,146872,0.2222212553024292,131.15171813964844,1,0.875,{},5,0.3130000000819564,2026-09-13T03:44:37.689290+00:00
2483,focused,orientation,orientation_recall_minimal,19864,146912,0.4932764172554016,74.3794937133789,1,0.75,{},5,0.3119999999180436,2026-09-13T03:44:38.001728+00:00
2484,focused,motion_direction,motion_L8,19872,147000,0.920750081539154,37.71208190917969,1,0.75,{},11,0.6880000000819564,2026-09-13T03:44:38.692690+00:00
2485,focused,orientation,orientation_recall_D4,19880,147088,0.5473261475563049,16.516098022460938,1,0.625,{},11,0.6560000001918525,2026-09-13T03:44:39.357580+00:00
2486,focused,motion_direction,motion_L2,19888,147128,0.07211504876613617,44.6739501953125,1,1.0,{},5,0.32899999991059303,2026-09-13T03:44:39.688688+00:00
2487,focused,orientation,orientation_recall_minimal,19896,147168,0.4623377323150635,6.546030044555664,1,0.75,{},5,0.3119999999180436,2026-09-13T03:44:39.996164+00:00
2488,focused,motion_direction,motion_L8,19904,147256,0.3049485981464386,23.078506469726562,1,0.875,{},11,0.6410000000614673,2026-09-13T03:44:40.638295+00:00
2489,focused,orientation,orientation_recall_D4,19912,147344,0.5235556960105896,51.538082122802734,1,0.625,{},11,0.6869999999180436,2026-09-13T03:44:41.322197+00:00
2490,focused,motion_direction,motion_L2,19920,147384,0.13624465465545654,83.55047607421875,1,1.0,{},5,0.2970000000204891,2026-09-13T03:44:41.620896+00:00
2491,focused,orientation,orientation_anchor,19928,147400,0.008410134352743626,0.34465935826301575,0,1.0,{},2,0.1410000000614673,2026-09-13T03:44:41.762740+00:00
2492,focused,orientation,orientation_recall_minimal,19936,147440,0.5375580787658691,59.51759719848633,1,0.875,{},5,0.34300000010989606,2026-09-13T03:44:42.100423+00:00
2493,focused,motion_direction,motion_L8,19944,147528,0.8983603119850159,27.03179168701172,1,0.625,{},11,0.6720000000204891,2026-09-13T03:44:42.787142+00:00
2494,focused,orientation,orientation_recall_D4,19952,147616,0.9585703611373901,161.7711181640625,1,0.375,{},11,0.6870000001508743,2026-09-13T03:44:43.477864+00:00
2495,focused,motion_direction,motion_L2,19960,147656,0.2592330276966095,88.46068572998047,1,0.875,{},5,0.31299999984912574,2026-09-13T03:44:43.789921+00:00
2496,focused,orientation,orientation_recall_minimal,19968,147696,0.25149837136268616,15.975008010864258,1,0.875,{},5,0.31200000015087426,2026-09-13T03:44:44.108985+00:00
2497,focused,motion_direction,motion_L8,19976,147784,0.570923388004303,33.58803176879883,1,0.875,"{""state_mean"": {""input_saturation"": 0.030406605113636364, ""input_mean"": 0.16116603938016025, ""forget_saturation"": 0.5640980113636364, ""forget_mean"": 0.9092553095384077, ""output_saturation"": 0.026322798295454544, ""output_mean"": 0.4898174350911921, ""candidate_saturation"": 0.09872159090909091, ""state0_rms"": 0.4930611686273055, ""state0_max"": 3.020406576720151, ""state1_rms"": 0.22143897956067865, ""state1_max"": 0.8915570974349976}, ""state_peak"": {""state0_max"": 5.397078514099121, ""state1_max"": 0.9793870449066162}, ""early_representation_gradient_norm"": 0.016526853665709496, ""late_representation_gradient_norm"": 0.045037366449832916, ""core_gradient_norm"": 4.55072546005249, ""recurrent_gradient_rms"": 0.0040748268365859985, ""recurrent_gradient_median_abs"": 9.631785360397771e-05, ""current_gradient_fraction_below_adam_eps"": 0.0, ""effective_recurrent_relative_update"": 0.007388501428067684}",11,0.75,2026-09-13T03:44:44.855561+00:00
2498,focused,orientation,orientation_recall_D4,19984,147872,0.4362420439720154,13.938097953796387,1,0.75,{},11,0.6879999998491257,2026-09-13T03:44:45.538429+00:00
2499,focused,motion_direction,motion_L2,19992,147912,0.0423080250620842,1.4867157936096191,1,1.0,{},5,0.3279999999795109,2026-09-13T03:44:45.876384+00:00
2500,focused,orientation,orientation_recall_minimal,20000,147952,0.21867559850215912,17.45320701599121,1,1.0,{},5,0.3279999999795109,2026-09-13T03:44:46.202773+00:00
2501,focused,motion_direction,motion_anchor,20008,147968,0.002333208918571472,0.39662256836891174,0,1.0,{},2,1.6099999998696148,2026-09-13T03:45:07.590082+00:00
2502,focused,motion_direction,motion_L8,20016,148056,1.4524400234222412,21.974506378173828,1,0.5,{},11,0.5779999999795109,2026-09-13T03:45:08.167403+00:00
2503,focused,orientation,orientation_recall_D4,20024,148144,0.5443817377090454,41.092437744140625,1,0.625,{},11,0.7970000000204891,2026-09-13T03:45:08.967720+00:00
2504,focused,motion_direction,motion_L2,20032,148184,0.375237375497818,35.59233474731445,1,0.875,{},5,0.3589999999385327,2026-09-13T03:45:09.323995+00:00
2505,focused,orientation,orientation_recall_minimal,20040,148224,0.16996948421001434,54.515708923339844,1,1.0,{},5,0.25,2026-09-13T03:45:09.583192+00:00
2506,focused,motion_direction,motion_L8,20048,148312,1.3262629508972168,89.34760284423828,1,0.5,{},11,0.5940000000409782,2026-09-13T03:45:10.189239+00:00
2507,focused,orientation,orientation_recall_D4,20056,148400,0.9479466676712036,178.37388610839844,1,0.375,{},11,0.5619999999180436,2026-09-13T03:45:10.754020+00:00
2508,focused,motion_direction,motion_L2,20064,148440,0.08083159476518631,33.183990478515625,1,1.0,{},5,0.26500000013038516,2026-09-13T03:45:11.024696+00:00
2509,focused,orientation,orientation_recall_minimal,20072,148480,0.18317574262619019,46.943397521972656,1,1.0,{},5,0.26599999982863665,2026-09-13T03:45:11.289170+00:00
2510,focused,motion_direction,motion_L8,20080,148568,0.878491222858429,37.84695816040039,1,0.625,{},11,0.5940000000409782,2026-09-13T03:45:11.884614+00:00
2511,focused,orientation,orientation_anchor,20088,148584,0.0019605134148150682,0.08103963732719421,0,1.0,{},2,0.10899999993853271,2026-09-13T03:45:11.993088+00:00
2512,focused,orientation,orientation_recall_D4,20096,148672,0.5639946460723877,98.75413513183594,1,0.625,{},11,0.6090000001713634,2026-09-13T03:45:12.611719+00:00
2513,focused,motion_direction,motion_L2,20104,148712,0.24815918505191803,63.61864471435547,1,0.875,{},5,0.32899999991059303,2026-09-13T03:45:12.941386+00:00
2514,focused,orientation,orientation_recall_minimal,20112,148752,0.3074072599411011,6.303349018096924,1,0.875,{},5,0.34300000010989606,2026-09-13T03:45:13.284056+00:00
2515,focused,motion_direction,motion_L8,20120,148840,0.628943920135498,36.558349609375,1,0.75,{},11,0.7969999997876585,2026-09-13T03:45:14.082779+00:00
2516,focused,orientation,orientation_recall_D4,20128,148928,0.6189875602722168,43.84412384033203,1,0.625,{},11,0.6559999999590218,2026-09-13T03:45:14.746549+00:00
2517,focused,motion_direction,motion_L2,20136,148968,0.20065800845623016,42.78685760498047,1,1.0,{},5,0.3279999999795109,2026-09-13T03:45:15.069613+00:00
2518,focused,orientation,orientation_recall_minimal,20144,149008,0.09383349120616913,4.544358253479004,1,1.0,{},5,0.2970000000204891,2026-09-13T03:45:15.372815+00:00
2519,focused,motion_direction,motion_L8,20152,149096,0.615249514579773,46.42896270751953,1,0.625,{},11,0.7029999999795109,2026-09-13T03:45:16.070039+00:00
2520,focused,orientation,orientation_recall_D4,20160,149184,0.45974400639533997,8.964498519897461,1,0.875,{},11,0.6560000001918525,2026-09-13T03:45:16.738087+00:00
2521,focused,motion_direction,motion_anchor,20168,149200,0.003515928518027067,0.46376827359199524,0,1.0,{},2,0.1720000000204891,2026-09-13T03:45:16.899267+00:00
2522,focused,motion_direction,motion_L2,20176,149240,0.4193189740180969,65.16868591308594,1,0.875,{},5,0.34399999980814755,2026-09-13T03:45:17.252060+00:00
2523,focused,orientation,orientation_recall_minimal,20184,149280,0.19002048671245575,17.69097900390625,1,0.875,{},5,0.3279999999795109,2026-09-13T03:45:17.574721+00:00
2524,focused,motion_direction,motion_L8,20192,149368,1.0069432258605957,44.900421142578125,1,0.75,{},11,0.7190000000409782,2026-09-13T03:45:18.296161+00:00
2525,focused,orientation,orientation_recall_D4,20200,149456,0.6816608905792236,58.87529373168945,1,0.5,{},11,0.625,2026-09-13T03:45:18.926794+00:00
2526,focused,motion_direction,motion_L2,20208,149496,0.035415168851614,6.12814998626709,1,1.0,{},5,0.3119999999180436,2026-09-13T03:45:19.249661+00:00
2527,focused,orientation,orientation_recall_minimal,20216,149536,0.06124354526400566,3.100799083709717,1,1.0,{},5,0.35900000017136335,2026-09-13T03:45:19.609518+00:00
2528,focused,motion_direction,motion_L8,20224,149624,1.1267017126083374,29.893388748168945,1,0.5,{},11,0.6720000000204891,2026-09-13T03:45:20.275062+00:00
2529,focused,orientation,orientation_recall_D4,20232,149712,0.41981232166290283,13.427889823913574,1,0.75,{},11,0.6569999998901039,2026-09-13T03:45:20.941496+00:00
2530,focused,motion_direction,motion_L2,20240,149752,0.03606849163770676,1.5537734031677246,1,1.0,{},5,0.3119999999180436,2026-09-13T03:45:21.255020+00:00
2531,focused,orientation,orientation_anchor,20248,149768,0.00500136986374855,0.25000935792922974,0,1.0,{},2,0.14000000013038516,2026-09-13T03:45:21.408884+00:00
2532,focused,orientation,orientation_recall_minimal,20256,149808,0.058308109641075134,1.3917243480682373,1,1.0,{},5,0.31299999984912574,2026-09-13T03:45:21.715501+00:00
2533,focused,motion_direction,motion_L8,20264,149896,0.43246594071388245,66.30064392089844,1,0.875,{},11,0.7650000001303852,2026-09-13T03:45:22.481436+00:00
2534,focused,orientation,orientation_recall_D4,20272,149984,0.4988483190536499,8.2028226852417,1,0.75,{},11,0.6099999998696148,2026-09-13T03:45:23.100472+00:00
2535,focused,motion_direction,motion_L2,20280,150024,0.06106071174144745,15.284829139709473,1,1.0,{},5,0.31299999984912574,2026-09-13T03:45:23.419416+00:00
2536,focused,orientation,orientation_recall_minimal,20288,150064,0.10962793231010437,31.363506317138672,1,1.0,{},5,0.2970000000204891,2026-09-13T03:45:23.721202+00:00
2537,focused,motion_direction,motion_L8,20296,150152,1.2414175271987915,58.53016662597656,1,0.5,{},11,0.6870000001508743,2026-09-13T03:45:24.407179+00:00
2538,focused,orientation,orientation_recall_D4,20304,150240,0.25039783120155334,75.71398162841797,1,1.0,{},11,0.6569999998901039,2026-09-13T03:45:25.068600+00:00
2539,focused,motion_direction,motion_L2,20312,150280,0.09927210211753845,70.88969421386719,1,1.0,{},5,0.3600000001024455,2026-09-13T03:45:25.436574+00:00
2540,focused,orientation,orientation_recall_minimal,20320,150320,0.22915907204151154,16.22711944580078,1,0.875,{},5,0.3279999999795109,2026-09-13T03:45:25.758241+00:00
2541,focused,motion_direction,motion_anchor,20328,150336,0.00023265853815246373,0.011742605827748775,0,1.0,{},2,0.1559999999590218,2026-09-13T03:45:25.915146+00:00
2542,focused,motion_direction,motion_L8,20336,150424,0.8426743745803833,80.05953979492188,1,0.75,{},11,0.7809999999590218,2026-09-13T03:45:26.708517+00:00
2543,focused,orientation,orientation_recall_D4,20344,150512,0.7876343727111816,57.07846450805664,1,0.5,{},11,0.7190000000409782,2026-09-13T03:45:27.439638+00:00
2544,focused,motion_direction,motion_L2,20352,150552,0.0349992997944355,2.5172767639160156,1,1.0,{},5,0.34300000010989606,2026-09-13T03:45:27.776440+00:00
2545,focused,orientation,orientation_recall_minimal,20360,150592,0.23372462391853333,41.324092864990234,1,0.875,{},5,0.31299999984912574,2026-09-13T03:45:28.084924+00:00
2546,focused,motion_direction,motion_L8,20368,150680,0.2408483326435089,11.649234771728516,1,1.0,{},11,0.6870000001508743,2026-09-13T03:45:28.772894+00:00
2547,focused,orientation,orientation_recall_D4,20376,150768,0.28796523809432983,27.7042293548584,1,0.875,{},11,0.6569999998901039,2026-09-13T03:45:29.432191+00:00
2548,focused,motion_direction,motion_L2,20384,150808,0.7039505839347839,202.50442504882812,1,0.875,{},5,0.3279999999795109,2026-09-13T03:45:29.767249+00:00
2549,focused,orientation,orientation_recall_minimal,20392,150848,0.6214285492897034,6.612590789794922,1,0.75,{},5,0.34300000010989606,2026-09-13T03:45:30.101766+00:00
2550,focused,motion_direction,motion_L8,20400,150936,0.7424770593643188,51.66437911987305,1,0.75,{},11,0.6409999998286366,2026-09-13T03:45:30.751185+00:00
2551,focused,orientation,orientation_anchor,20408,150952,0.003995934501290321,0.17859095335006714,0,1.0,{},2,0.15600000019185245,2026-09-13T03:45:30.910004+00:00
2552,focused,orientation,orientation_recall_D4,20416,151040,0.24262981116771698,63.290245056152344,1,1.0,{},11,0.6569999998901039,2026-09-13T03:45:31.558605+00:00
2553,focused,motion_direction,motion_L2,20424,151080,0.11314225196838379,27.894689559936523,1,1.0,{},5,0.3899999998975545,2026-09-13T03:45:31.952771+00:00
2554,focused,orientation,orientation_recall_minimal,20432,151120,0.24481521546840668,20.660202026367188,1,0.875,{},5,0.40600000019185245,2026-09-13T03:45:32.364117+00:00
2555,focused,motion_direction,motion_L8,20440,151208,0.8560816049575806,102.36463165283203,1,0.625,{},11,0.8440000000409782,2026-09-13T03:45:33.220811+00:00
2556,focused,orientation,orientation_recall_D4,20448,151296,0.5535070300102234,55.74064254760742,1,0.75,{},11,0.7190000000409782,2026-09-13T03:45:33.934294+00:00
2557,focused,motion_direction,motion_L2,20456,151336,0.38325002789497375,402.1518859863281,1,0.875,{},5,0.3119999999180436,2026-09-13T03:45:34.252870+00:00
2558,focused,orientation,orientation_recall_minimal,20464,151376,0.15448127686977386,69.83629608154297,1,1.0,{},5,0.3130000000819564,2026-09-13T03:45:34.554967+00:00
2559,focused,motion_direction,motion_L8,20472,151464,0.6238675713539124,35.79807662963867,1,0.75,{},11,0.7029999999795109,2026-09-13T03:45:35.260095+00:00
2560,focused,orientation,orientation_recall_D4,20480,151552,0.556110143661499,25.015424728393555,1,0.75,{},11,0.625,2026-09-13T03:45:35.891882+00:00
2561,focused,motion_direction,motion_anchor,20488,151568,0.009769495576620102,2.3591272830963135,1,1.0,"{""state_mean"": {""input_saturation"": 0.0419921875, ""input_mean"": 0.1598130613565445, ""forget_saturation"": 0.569580078125, ""forget_mean"": 0.9153996407985687, ""output_saturation"": 0.02978515625, ""output_mean"": 0.4873645305633545, ""candidate_saturation"": 0.109375, ""state0_rms"": 0.25056590884923935, ""state0_max"": 1.2539083361625671, ""state1_rms"": 0.15459881722927094, ""state1_max"": 0.7651834487915039}, ""state_peak"": {""state0_max"": 1.5661612749099731, ""state1_max"": 0.8503265380859375}, ""early_representation_gradient_norm"": 0.006519280839711428, ""late_representation_gradient_norm"": 0.004938150756061077, ""core_gradient_norm"": 0.14093191921710968, ""recurrent_gradient_rms"": 4.5088167098583654e-05, ""recurrent_gradient_median_abs"": 1.7528925866372447e-07, ""current_gradient_fraction_below_adam_eps"": 0.004550933837890625, ""effective_recurrent_relative_update"": 0.0055207861587405205}",2,0.18700000015087426,2026-09-13T03:45:36.152419+00:00
2562,focused,motion_direction,motion_L2,20496,151608,0.020960716530680656,0.879757285118103,0,1.0,{},5,0.29699999978765845,2026-09-13T03:45:36.445142+00:00
2563,focused,orientation,orientation_recall_minimal,20504,151648,0.18239368498325348,20.96428871154785,1,0.875,{},5,0.3130000000819564,2026-09-13T03:45:36.763515+00:00
2564,focused,motion_direction,motion_L8,20512,151736,0.8400135040283203,172.97314453125,1,0.625,{},11,0.7650000001303852,2026-09-13T03:45:37.536592+00:00
2565,focused,orientation,orientation_recall_D4,20520,151824,0.5961661338806152,40.122440338134766,1,0.5,{},11,0.6410000000614673,2026-09-13T03:45:38.188709+00:00
2566,focused,motion_direction,motion_L2,20528,151864,0.26447194814682007,445.359375,1,0.875,{},5,0.34300000010989606,2026-09-13T03:45:38.528756+00:00
2567,focused,orientation,orientation_recall_minimal,20536,151904,0.334206223487854,9.62909984588623,1,0.875,{},5,0.35999999986961484,2026-09-13T03:45:38.892581+00:00
2568,focused,motion_direction,motion_L8,20544,151992,0.41372227668762207,37.418190002441406,1,0.875,{},11,0.7650000001303852,2026-09-13T03:45:39.660394+00:00
2569,focused,orientation,orientation_recall_D4,20552,152080,0.2418236881494522,35.37326431274414,1,1.0,{},11,0.7029999999795109,2026-09-13T03:45:40.354815+00:00
2570,focused,motion_direction,motion_L2,20560,152120,0.40173086524009705,165.76296997070312,1,0.875,{},5,0.32899999991059303,2026-09-13T03:45:40.682532+00:00
2571,focused,orientation,orientation_anchor,20568,152136,0.0013345067854970694,0.04803057387471199,0,1.0,{},2,0.125,2026-09-13T03:45:40.816687+00:00
2572,focused,orientation,orientation_recall_minimal,20576,152176,0.5664124488830566,60.27465057373047,1,0.75,{},5,0.3279999999795109,2026-09-13T03:45:41.132314+00:00
2573,focused,motion_direction,motion_L8,20584,152264,0.6733173727989197,50.77534866333008,1,0.75,{},11,0.6869999999180436,2026-09-13T03:45:41.832762+00:00
2574,focused,orientation,orientation_recall_D4,20592,152352,0.49173733592033386,48.77558517456055,1,0.75,{},11,0.7029999999795109,2026-09-13T03:45:42.540949+00:00
2575,focused,motion_direction,motion_L2,20600,152392,0.022968798875808716,15.033805847167969,1,1.0,{},5,0.31200000015087426,2026-09-13T03:45:42.862596+00:00
2576,focused,orientation,orientation_recall_minimal,20608,152432,0.14721208810806274,52.58817672729492,1,0.875,{},5,0.2970000000204891,2026-09-13T03:45:43.160287+00:00
2577,focused,motion_direction,motion_L8,20616,152520,0.7529761791229248,64.5797119140625,1,0.625,{},11,0.6569999998901039,2026-09-13T03:45:43.819125+00:00
2578,focused,orientation,orientation_recall_D4,20624,152608,0.5520265698432922,43.11623764038086,1,0.5,{},11,0.6720000000204891,2026-09-13T03:45:44.492879+00:00
2579,focused,motion_direction,motion_L2,20632,152648,0.6804512143135071,125.79934692382812,1,0.875,{},5,0.2970000000204891,2026-09-13T03:45:44.792407+00:00
2580,focused,orientation,orientation_recall_minimal,20640,152688,0.18409594893455505,19.786073684692383,1,0.875,{},5,0.2660000000614673,2026-09-13T03:45:45.064973+00:00
2581,focused,motion_direction,motion_anchor,20648,152704,0.049487680196762085,9.069929122924805,1,1.0,{},2,0.13999999989755452,2026-09-13T03:45:45.201508+00:00
2582,focused,motion_direction,motion_L8,20656,152792,0.445599764585495,65.57209777832031,1,0.875,{},11,0.6100000001024455,2026-09-13T03:45:45.808948+00:00
2583,focused,orientation,orientation_recall_D4,20664,152880,0.19709846377372742,11.738324165344238,1,1.0,{},11,0.6559999999590218,2026-09-13T03:45:46.467437+00:00
2584,focused,motion_direction,motion_L2,20672,152920,1.5508602857589722,233.14523315429688,1,0.625,{},5,0.3279999999795109,2026-09-13T03:45:46.794553+00:00
2585,focused,orientation,orientation_recall_minimal,20680,152960,0.41468721628189087,75.9698715209961,1,0.75,{},5,0.3279999999795109,2026-09-13T03:45:47.127400+00:00
2586,focused,motion_direction,motion_L8,20688,153048,0.9134962558746338,104.44853973388672,1,0.625,{},11,0.7190000000409782,2026-09-13T03:45:47.841945+00:00
2587,focused,orientation,orientation_recall_D4,20696,153136,0.7797105312347412,31.07854652404785,1,0.625,{},11,0.7339999999385327,2026-09-13T03:45:48.578578+00:00
2588,focused,motion_direction,motion_L2,20704,153176,0.024177303537726402,7.767282009124756,1,1.0,{},5,0.3600000001024455,2026-09-13T03:45:48.942606+00:00
2589,focused,orientation,orientation_recall_minimal,20712,153216,0.35361775755882263,42.0540771484375,1,0.75,{},5,0.2970000000204891,2026-09-13T03:45:49.246026+00:00
2590,focused,motion_direction,motion_L8,20720,153304,0.6546827554702759,44.360633850097656,1,0.625,{},11,0.7190000000409782,2026-09-13T03:45:49.968877+00:00
2591,focused,orientation,orientation_anchor,20728,153320,0.00023133348440751433,0.008005167357623577,0,1.0,{},2,0.14000000013038516,2026-09-13T03:45:50.106035+00:00
2592,focused,orientation,orientation_recall_D4,20736,153408,1.6487793922424316,211.3446807861328,1,0.375,{},11,0.6569999998901039,2026-09-13T03:45:50.769860+00:00
2593,focused,motion_direction,motion_L2,20744,153448,0.7739888429641724,233.08238220214844,1,0.625,{},5,0.34399999980814755,2026-09-13T03:45:51.116943+00:00
2594,focused,orientation,orientation_recall_minimal,20752,153488,0.6225144863128662,67.0295181274414,1,0.75,{},5,0.375,2026-09-13T03:45:51.496168+00:00
2595,focused,motion_direction,motion_L8,20760,153576,1.3940117359161377,109.79666900634766,1,0.625,{},11,0.6880000000819564,2026-09-13T03:45:52.189184+00:00
2596,focused,orientation,orientation_recall_D4,20768,153664,1.5628749132156372,169.0441436767578,1,0.25,{},11,0.671000000089407,2026-09-13T03:45:52.865750+00:00
2597,focused,motion_direction,motion_L2,20776,153704,0.12747147679328918,93.12391662597656,1,1.0,{},5,0.2970000000204891,2026-09-13T03:45:53.172210+00:00
2598,focused,orientation,orientation_recall_minimal,20784,153744,0.6551954746246338,37.01643371582031,1,0.75,{},5,0.3279999999795109,2026-09-13T03:45:53.502731+00:00
2599,focused,motion_direction,motion_L8,20792,153832,0.3607780635356903,34.08136749267578,1,0.875,{},11,0.75,2026-09-13T03:45:54.247352+00:00
2600,focused,orientation,orientation_recall_D4,20800,153920,0.26013293862342834,50.93834686279297,1,0.875,{},11,0.7029999999795109,2026-09-13T03:45:54.944788+00:00
2601,focused,motion_direction,motion_anchor,20808,153936,0.0005965857999399304,0.04691309109330177,0,1.0,{},2,0.1410000000614673,2026-09-13T03:45:55.084591+00:00
2602,focused,motion_direction,motion_L2,20816,153976,0.224187433719635,250.16897583007812,1,0.875,{},5,0.2970000000204891,2026-09-13T03:45:55.393085+00:00
2603,focused,orientation,orientation_recall_minimal,20824,154016,0.528291642665863,26.838537216186523,1,0.75,{},5,0.3279999999795109,2026-09-13T03:45:55.719031+00:00
2604,focused,motion_direction,motion_L8,20832,154104,1.2767153978347778,71.607177734375,1,0.625,{},11,0.6870000001508743,2026-09-13T03:45:56.402809+00:00
2605,focused,orientation,orientation_recall_D4,20840,154192,0.9005772471427917,102.02719116210938,1,0.375,{},11,0.6569999998901039,2026-09-13T03:45:57.057356+00:00
2606,focused,motion_direction,motion_L2,20848,154232,0.4558274745941162,214.66326904296875,1,0.875,{},5,0.3279999999795109,2026-09-13T03:45:57.388238+00:00
2607,focused,orientation,orientation_recall_minimal,20856,154272,0.22576527297496796,34.6591682434082,1,0.875,{},5,0.34300000010989606,2026-09-13T03:45:57.729100+00:00
2608,focused,motion_direction,motion_L8,20864,154360,0.5384287238121033,38.46177673339844,1,0.875,{},11,0.75,2026-09-13T03:45:58.485936+00:00
2609,focused,orientation,orientation_recall_D4,20872,154448,0.2926959991455078,32.99491882324219,1,0.875,{},11,0.6879999998491257,2026-09-13T03:45:59.177334+00:00
2610,focused,motion_direction,motion_L2,20880,154488,0.26610827445983887,147.92242431640625,1,0.75,{},5,0.3119999999180436,2026-09-13T03:45:59.491242+00:00
2611,focused,orientation,orientation_anchor,20888,154504,0.005133837927132845,0.29416733980178833,0,1.0,{},2,0.15600000019185245,2026-09-13T03:45:59.658289+00:00
2612,focused,orientation,orientation_recall_minimal,20896,154544,0.22297194600105286,70.15367126464844,1,0.875,{},5,0.3279999999795109,2026-09-13T03:45:59.984508+00:00
2613,focused,motion_direction,motion_L8,20904,154632,0.992653489112854,73.15193939208984,1,0.5,{},11,0.828999999910593,2026-09-13T03:46:00.811749+00:00
2614,focused,orientation,orientation_recall_D4,20912,154720,0.7136402726173401,12.904973030090332,1,0.625,{},11,0.6559999999590218,2026-09-13T03:46:01.462882+00:00
2615,focused,motion_direction,motion_L2,20920,154760,0.6569926738739014,94.92680358886719,1,0.75,{},5,0.3279999999795109,2026-09-13T03:46:01.794590+00:00
2616,focused,orientation,orientation_recall_minimal,20928,154800,0.32329922914505005,23.04939842224121,1,0.875,{},5,0.2970000000204891,2026-09-13T03:46:02.097952+00:00
2617,focused,motion_direction,motion_L8,20936,154888,1.1206238269805908,31.31502914428711,1,0.375,{},11,0.8120000001508743,2026-09-13T03:46:02.905486+00:00
2618,focused,orientation,orientation_recall_D4,20944,154976,0.6152592897415161,13.353989601135254,1,0.625,{},11,0.6719999997876585,2026-09-13T03:46:03.571924+00:00
2619,focused,motion_direction,motion_L2,20952,155016,0.1563357710838318,87.10014343261719,1,0.875,{},5,0.32800000021234155,2026-09-13T03:46:03.906025+00:00
2620,focused,orientation,orientation_recall_minimal,20960,155056,0.3790917694568634,50.78944396972656,1,0.75,{},5,0.31299999984912574,2026-09-13T03:46:04.218745+00:00
2621,focused,motion_direction,motion_anchor,20968,155072,0.0007047822582535446,0.13695365190505981,0,1.0,{},2,0.1559999999590218,2026-09-13T03:46:04.366550+00:00
2622,focused,motion_direction,motion_L8,20976,155160,0.526867151260376,12.550459861755371,1,0.625,{},11,0.7029999999795109,2026-09-13T03:46:05.083405+00:00
2623,focused,orientation,orientation_recall_D4,20984,155248,0.7042664289474487,93.62017822265625,1,0.5,{},11,0.7190000000409782,2026-09-13T03:46:05.809682+00:00
2624,focused,motion_direction,motion_L2,20992,155288,0.04094737768173218,7.645979881286621,1,1.0,{},5,0.3589999999385327,2026-09-13T03:46:06.174795+00:00
2625,focused,orientation,orientation_recall_minimal,21000,155328,0.25380200147628784,10.359015464782715,1,0.875,"{""state_mean"": {""input_saturation"": 0.0705078125, ""input_mean"": 0.1566908538341522, ""forget_saturation"": 0.59853515625, ""forget_mean"": 0.9027295231819152, ""output_saturation"": 0.01689453125, ""output_mean"": 0.4927962899208069, ""candidate_saturation"": 0.0953125, ""state0_rms"": 0.3787611275911331, ""state0_max"": 1.668313694000244, ""state1_rms"": 0.1683919459581375, ""state1_max"": 0.8195085048675537}, ""state_peak"": {""state0_max"": 2.520233631134033, ""state1_max"": 0.9541587829589844}, ""early_representation_gradient_norm"": 0.002891910495236516, ""late_representation_gradient_norm"": 0.08984522521495819, ""core_gradient_norm"": 0.3824981153011322, ""recurrent_gradient_rms"": 0.0003853480739053339, ""recurrent_gradient_median_abs"": 5.1913575589424e-06, ""current_gradient_fraction_below_adam_eps"": 5.7220458984375e-05, ""effective_recurrent_relative_update"": 0.00836339220404625}",5,0.3279999999795109,2026-09-13T03:46:06.496864+00:00
2626,focused,motion_direction,motion_L8,21008,155416,0.5605879426002502,21.26582145690918,1,0.875,{},11,0.7660000000614673,2026-09-13T03:46:07.260734+00:00
2627,focused,orientation,orientation_recall_D4,21016,155504,0.42037147283554077,8.742708206176758,1,0.75,{},11,0.6559999999590218,2026-09-13T03:46:07.920977+00:00
2628,focused,motion_direction,motion_L2,21024,155544,0.05435715988278389,8.320777893066406,1,1.0,{},5,0.31200000015087426,2026-09-13T03:46:08.234493+00:00
2629,focused,orientation,orientation_recall_minimal,21032,155584,0.28053441643714905,7.6945319175720215,1,0.875,{},5,0.2970000000204891,2026-09-13T03:46:08.528233+00:00
2630,focused,motion_direction,motion_L8,21040,155672,1.1383938789367676,99.73849487304688,1,0.625,{},11,0.7189999998081475,2026-09-13T03:46:09.250491+00:00
2631,focused,orientation,orientation_anchor,21048,155688,0.006643220316618681,0.24397678673267365,0,1.0,{},2,0.1880000000819564,2026-09-13T03:46:09.429247+00:00
2632,focused,orientation,orientation_recall_D4,21056,155776,0.49129706621170044,55.38090896606445,1,0.75,{},11,0.6559999999590218,2026-09-13T03:46:10.089498+00:00
2633,focused,motion_direction,motion_L2,21064,155816,0.32002460956573486,298.4483337402344,1,0.75,{},5,0.3589999999385327,2026-09-13T03:46:10.450120+00:00
2634,focused,orientation,orientation_recall_minimal,21072,155856,0.6247998476028442,128.0688018798828,1,0.625,{},5,0.32800000021234155,2026-09-13T03:46:10.782667+00:00
2635,focused,motion_direction,motion_L8,21080,155944,1.933958888053894,254.90623474121094,1,0.375,{},11,0.7349999998696148,2026-09-13T03:46:11.512820+00:00
2636,focused,orientation,orientation_recall_D4,21088,156032,0.7377468943595886,101.17662048339844,1,0.5,{},11,0.6559999999590218,2026-09-13T03:46:12.171321+00:00
2637,focused,motion_direction,motion_L2,21096,156072,0.05415809154510498,32.60948181152344,1,1.0,{},5,0.3440000000409782,2026-09-13T03:46:12.508473+00:00
2638,focused,orientation,orientation_recall_minimal,21104,156112,0.22431358695030212,57.589378356933594,1,0.875,{},5,0.3279999999795109,2026-09-13T03:46:12.845839+00:00
2639,focused,motion_direction,motion_L8,21112,156200,0.7549363970756531,19.693838119506836,1,0.625,{},11,0.7029999999795109,2026-09-13T03:46:13.547013+00:00
2640,focused,orientation,orientation_recall_D4,21120,156288,0.3152928054332733,22.854089736938477,1,1.0,{},11,0.6559999999590218,2026-09-13T03:46:14.209800+00:00
2641,focused,motion_direction,motion_anchor,21128,156304,0.003519864287227392,0.49843451380729675,0,1.0,{},2,0.14000000013038516,2026-09-13T03:46:14.356618+00:00
2642,focused,motion_direction,motion_L2,21136,156344,0.24381962418556213,158.03167724609375,1,0.875,{},5,0.32899999991059303,2026-09-13T03:46:14.681807+00:00
2643,focused,orientation,orientation_recall_minimal,21144,156384,0.23328134417533875,25.974620819091797,1,0.875,{},5,0.3279999999795109,2026-09-13T03:46:15.011558+00:00
2644,focused,motion_direction,motion_L8,21152,156472,0.9840383529663086,23.957857131958008,1,0.625,{},11,0.6720000000204891,2026-09-13T03:46:15.686600+00:00
2645,focused,orientation,orientation_recall_D4,21160,156560,0.9161357879638672,50.018798828125,1,0.375,{},11,0.6869999999180436,2026-09-13T03:46:16.368836+00:00
2646,focused,motion_direction,motion_L2,21168,156600,0.08559654653072357,42.59965515136719,1,1.0,{},5,0.3440000000409782,2026-09-13T03:46:16.708897+00:00
2647,focused,orientation,orientation_recall_minimal,21176,156640,0.3499462604522705,8.240351676940918,1,0.875,{},5,0.31200000015087426,2026-09-13T03:46:17.029364+00:00
2648,focused,motion_direction,motion_L8,21184,156728,0.8894339203834534,22.2907772064209,1,0.5,{},11,0.7029999999795109,2026-09-13T03:46:17.736340+00:00
2649,focused,orientation,orientation_recall_D4,21192,156816,0.7200940251350403,53.099002838134766,1,0.625,{},11,0.6569999998901039,2026-09-13T03:46:18.394322+00:00
2650,focused,motion_direction,motion_L2,21200,156856,0.05726588889956474,21.065908432006836,1,1.0,{},5,0.3279999999795109,2026-09-13T03:46:18.717224+00:00
2651,focused,orientation,orientation_anchor,21208,156872,0.009983125142753124,0.44889482855796814,0,1.0,{},2,0.1559999999590218,2026-09-13T03:46:18.875111+00:00
2652,focused,orientation,orientation_recall_minimal,21216,156912,0.14759986102581024,15.179500579833984,1,1.0,{},5,0.3130000000819564,2026-09-13T03:46:19.182917+00:00
2653,focused,motion_direction,motion_L8,21224,157000,0.7196354866027832,39.585140228271484,1,0.625,{},11,0.75,2026-09-13T03:46:19.941624+00:00
2654,focused,orientation,orientation_recall_D4,21232,157088,0.7504046559333801,17.843801498413086,1,0.5,{},11,0.6559999999590218,2026-09-13T03:46:20.588404+00:00
2655,focused,motion_direction,motion_L2,21240,157128,0.6363255977630615,71.92314147949219,1,0.75,{},5,0.31200000015087426,2026-09-13T03:46:20.910447+00:00
2656,focused,orientation,orientation_recall_minimal,21248,157168,0.33377519249916077,8.520593643188477,1,0.875,{},5,0.3279999999795109,2026-09-13T03:46:21.235800+00:00
2657,focused,motion_direction,motion_L8,21256,157256,1.0141106843948364,30.16523551940918,1,0.5,{},11,0.703999999910593,2026-09-13T03:46:21.930897+00:00
2658,focused,orientation,orientation_recall_D4,21264,157344,0.7776742577552795,17.820573806762695,1,0.5,{},11,0.671000000089407,2026-09-13T03:46:22.615757+00:00
2659,focused,motion_direction,motion_L2,21272,157384,0.03409510850906372,3.489032506942749,1,1.0,{},5,0.3279999999795109,2026-09-13T03:46:22.942870+00:00
2660,focused,orientation,orientation_recall_minimal,21280,157424,0.07048879563808441,1.5765674114227295,1,1.0,{},5,0.3440000000409782,2026-09-13T03:46:23.300513+00:00
2661,focused,motion_direction,motion_anchor,21288,157440,0.0008242162293754518,0.21828247606754303,0,1.0,{},2,0.18700000015087426,2026-09-13T03:46:23.478776+00:00
2662,focused,motion_direction,motion_L8,21296,157528,0.6974229216575623,123.72657775878906,1,0.75,{},11,0.7349999998696148,2026-09-13T03:46:24.220917+00:00
2663,focused,orientation,orientation_recall_D4,21304,157616,0.3545275926589966,8.45371150970459,1,0.875,{},11,0.7029999999795109,2026-09-13T03:46:24.915078+00:00
2664,focused,motion_direction,motion_L2,21312,157656,0.09915238618850708,46.05775451660156,1,1.0,{},5,0.3440000000409782,2026-09-13T03:46:25.265783+00:00
2665,focused,orientation,orientation_recall_minimal,21320,157696,0.7549354434013367,20.300323486328125,1,0.625,{},5,0.3279999999795109,2026-09-13T03:46:25.597862+00:00
2666,focused,motion_direction,motion_L8,21328,157784,1.2106823921203613,25.688291549682617,1,0.5,{},11,0.7190000000409782,2026-09-13T03:46:26.309700+00:00
2667,focused,orientation,orientation_recall_D4,21336,157872,0.5389373302459717,10.468207359313965,1,0.625,{},11,0.6869999999180436,2026-09-13T03:46:26.998442+00:00
2668,focused,motion_direction,motion_L2,21344,157912,0.08788285404443741,34.06945037841797,1,1.0,{},5,0.3440000000409782,2026-09-13T03:46:27.342035+00:00
2669,focused,orientation,orientation_recall_minimal,21352,157952,0.39659154415130615,43.52492141723633,1,0.875,{},5,0.31200000015087426,2026-09-13T03:46:27.654813+00:00
2670,focused,motion_direction,motion_L8,21360,158040,0.7523852586746216,36.121219635009766,1,0.625,{},11,0.6879999998491257,2026-09-13T03:46:28.343039+00:00
2671,focused,orientation,orientation_anchor,21368,158056,0.0003949784440919757,0.026180723682045937,0,1.0,{},2,0.14000000013038516,2026-09-13T03:46:28.488341+00:00
2672,focused,orientation,orientation_recall_D4,21376,158144,0.7007374167442322,9.504132270812988,1,0.5,{},11,0.6720000000204891,2026-09-13T03:46:29.158835+00:00
2673,focused,motion_direction,motion_L2,21384,158184,0.025489818304777145,0.91383296251297,0,1.0,{},5,0.3279999999795109,2026-09-13T03:46:29.485274+00:00
2674,focused,orientation,orientation_recall_minimal,21392,158224,0.3228394389152527,45.722408294677734,1,0.875,{},5,0.40699999989010394,2026-09-13T03:46:29.888151+00:00
2675,focused,motion_direction,motion_L8,21400,158312,0.7586390972137451,28.373485565185547,1,0.75,{},11,0.7180000001098961,2026-09-13T03:46:30.611588+00:00
2676,focused,orientation,orientation_recall_D4,21408,158400,0.5175713300704956,74.11384582519531,1,0.5,{},11,0.7970000000204891,2026-09-13T03:46:31.401637+00:00
2677,focused,motion_direction,motion_L2,21416,158440,0.05637485906481743,21.742095947265625,1,1.0,{},5,0.375,2026-09-13T03:46:31.773072+00:00
2678,focused,orientation,orientation_recall_minimal,21424,158480,0.07982634752988815,9.25893497467041,1,1.0,{},5,0.35999999986961484,2026-09-13T03:46:32.144408+00:00
2679,focused,motion_direction,motion_L8,21432,158568,0.4855913817882538,65.46310424804688,1,0.875,{},11,0.8589999999385327,2026-09-13T03:46:33.001656+00:00
2680,focused,orientation,orientation_recall_D4,21440,158656,0.6232836246490479,13.89176082611084,1,0.625,{},11,0.7029999999795109,2026-09-13T03:46:33.698124+00:00
2681,focused,motion_direction,motion_anchor,21448,158672,0.003546294756233692,0.5191218256950378,0,1.0,{},2,0.1410000000614673,2026-09-13T03:46:33.844410+00:00
2682,focused,motion_direction,motion_L2,21456,158712,0.029832154512405396,6.917726039886475,1,1.0,{},5,0.3440000000409782,2026-09-13T03:46:34.186606+00:00
2683,focused,orientation,orientation_recall_minimal,21464,158752,0.25900399684906006,2.5767266750335693,1,0.875,{},5,0.3279999999795109,2026-09-13T03:46:34.517716+00:00
2684,focused,motion_direction,motion_L8,21472,158840,1.0179059505462646,109.22217559814453,1,0.5,{},11,0.6720000000204891,2026-09-13T03:46:35.191202+00:00
2685,focused,orientation,orientation_recall_D4,21480,158928,0.5982263684272766,25.620195388793945,1,0.75,{},11,0.6869999999180436,2026-09-13T03:46:35.867841+00:00
2686,focused,motion_direction,motion_L2,21488,158968,0.03574490174651146,7.47047758102417,1,1.0,{},5,0.35900000017136335,2026-09-13T03:46:36.226501+00:00
2687,focused,orientation,orientation_recall_minimal,21496,159008,0.20797811448574066,3.552797794342041,1,0.875,{},5,0.31299999984912574,2026-09-13T03:46:36.543570+00:00
2688,focused,motion_direction,motion_L8,21504,159096,1.152416706085205,85.34441375732422,1,0.625,{},11,0.7029999999795109,2026-09-13T03:46:37.243657+00:00
2689,focused,orientation,orientation_recall_D4,21512,159184,1.0655673742294312,110.79151153564453,1,0.5,"{""state_mean"": {""input_saturation"": 0.06906960227272728, ""input_mean"": 0.15896155481988733, ""forget_saturation"": 0.5853604403409091, ""forget_mean"": 0.8979300477287986, ""output_saturation"": 0.023348721590909092, ""output_mean"": 0.4897434874014421, ""candidate_saturation"": 0.08815696022727272, ""state0_rms"": 0.8216251785104925, ""state0_max"": 3.761825371872295, ""state1_rms"": 0.24022688987580212, ""state1_max"": 0.8986845016479492}, ""state_peak"": {""state0_max"": 6.589162826538086, ""state1_max"": 0.9787251353263855}, ""early_representation_gradient_norm"": 0.0031141922809183598, ""late_representation_gradient_norm"": 0.30434080958366394, ""core_gradient_norm"": 3.9050469398498535, ""recurrent_gradient_rms"": 0.004229013808071613, ""recurrent_gradient_median_abs"": 0.00022438165615312755, ""current_gradient_fraction_below_adam_eps"": 0.0, ""effective_recurrent_relative_update"": 0.007249260786920786}",11,0.7190000000409782,2026-09-13T03:46:37.973524+00:00
2690,focused,motion_direction,motion_L2,21520,159224,0.2645219564437866,196.81320190429688,1,0.875,{},5,0.31299999984912574,2026-09-13T03:46:38.298654+00:00
2691,focused,orientation,orientation_anchor,21528,159240,0.0035368555691093206,0.10814283788204193,0,1.0,{},2,0.1559999999590218,2026-09-13T03:46:38.455097+00:00
2692,focused,orientation,orientation_recall_minimal,21536,159280,0.3127785325050354,51.3172607421875,1,0.875,{},5,0.3130000000819564,2026-09-13T03:46:38.759874+00:00
2693,focused,motion_direction,motion_L8,21544,159368,0.8935039043426514,157.33717346191406,1,0.75,{},11,0.7180000001098961,2026-09-13T03:46:39.478218+00:00
2694,focused,orientation,orientation_recall_D4,21552,159456,1.0236403942108154,114.29640197753906,1,0.5,{},11,0.6720000000204891,2026-09-13T03:46:40.148783+00:00
2695,focused,motion_direction,motion_L2,21560,159496,0.09663505852222443,133.625,1,1.0,{},5,0.34399999980814755,2026-09-13T03:46:40.500867+00:00
2696,focused,orientation,orientation_recall_minimal,21568,159536,0.22561100125312805,6.424515724182129,1,0.875,{},5,0.3279999999795109,2026-09-13T03:46:40.822061+00:00
2697,focused,motion_direction,motion_L8,21576,159624,0.403818815946579,24.60045051574707,1,0.875,{},11,0.8130000000819564,2026-09-13T03:46:41.646584+00:00
2698,focused,orientation,orientation_recall_D4,21584,159712,0.45969080924987793,16.986202239990234,1,0.5,{},11,0.6569999998901039,2026-09-13T03:46:42.306530+00:00
2699,focused,motion_direction,motion_L2,21592,159752,0.016052765771746635,0.5620588660240173,0,1.0,{},5,0.34300000010989606,2026-09-13T03:46:42.659506+00:00
2700,focused,orientation,orientation_recall_minimal,21600,159792,0.11771060526371002,25.451278686523438,1,1.0,{},5,0.34399999980814755,2026-09-13T03:46:42.996604+00:00
2701,focused,motion_direction,motion_anchor,21608,159808,0.0005456146318465471,0.02995794638991356,0,1.0,{},2,0.1410000000614673,2026-09-13T03:46:43.133287+00:00
2702,focused,motion_direction,motion_L8,21616,159896,0.6129621267318726,14.268210411071777,1,0.875,{},11,0.7809999999590218,2026-09-13T03:46:43.915016+00:00
2703,focused,orientation,orientation_recall_D4,21624,159984,0.4381946325302124,19.619142532348633,1,0.75,{},11,0.7190000000409782,2026-09-13T03:46:44.633182+00:00
2704,focused,motion_direction,motion_L2,21632,160024,0.5445756912231445,62.33043670654297,1,0.875,{},5,0.3589999999385327,2026-09-13T03:46:44.999132+00:00
2705,focused,orientation,orientation_recall_minimal,21640,160064,0.09380149841308594,2.23983097076416,1,1.0,{},5,0.3279999999795109,2026-09-13T03:46:45.323254+00:00
2706,focused,motion_direction,motion_L8,21648,160152,1.0004576444625854,23.493391036987305,1,0.5,{},11,0.7190000000409782,2026-09-13T03:46:46.053899+00:00
2707,focused,orientation,orientation_recall_D4,21656,160240,0.5861321091651917,12.55266284942627,1,0.625,{},11,0.6089999999385327,2026-09-13T03:46:46.679674+00:00
2708,focused,motion_direction,motion_L2,21664,160280,0.026165492832660675,3.360048532485962,1,1.0,{},5,0.3119999999180436,2026-09-13T03:46:46.996609+00:00
2709,focused,orientation,orientation_recall_minimal,21672,160320,0.04493221268057823,6.030697822570801,1,1.0,{},5,0.2970000000204891,2026-09-13T03:46:47.293193+00:00
2710,focused,motion_direction,motion_L8,21680,160408,0.4287573993206024,23.430187225341797,1,0.75,{},11,0.7190000000409782,2026-09-13T03:46:48.013036+00:00
2711,focused,orientation,orientation_anchor,21688,160424,0.004892865661531687,0.3228667974472046,0,1.0,{},2,0.1869999999180436,2026-09-13T03:46:48.194668+00:00
2712,focused,orientation,orientation_recall_D4,21696,160512,0.34768569469451904,22.14582633972168,1,0.75,{},11,0.7030000002123415,2026-09-13T03:46:48.904542+00:00
2713,focused,motion_direction,motion_L2,21704,160552,0.060627441853284836,46.086997985839844,1,1.0,{},5,0.35999999986961484,2026-09-13T03:46:49.259738+00:00
2714,focused,orientation,orientation_recall_minimal,21712,160592,0.474433034658432,52.6412239074707,1,0.625,{},5,0.3279999999795109,2026-09-13T03:46:49.593503+00:00
2715,focused,motion_direction,motion_L8,21720,160680,0.37308570742607117,50.06945037841797,1,0.75,{},11,0.75,2026-09-13T03:46:50.343785+00:00
2716,focused,orientation,orientation_recall_D4,21728,160768,1.2148586511611938,304.1910400390625,1,0.375,{},11,0.625,2026-09-13T03:46:50.973429+00:00
2717,focused,motion_direction,motion_L2,21736,160808,0.5465092658996582,89.55570220947266,1,0.875,{},5,0.31299999984912574,2026-09-13T03:46:51.291402+00:00
2718,focused,orientation,orientation_recall_minimal,21744,160848,0.3893113136291504,19.874988555908203,1,0.875,{},5,0.31200000015087426,2026-09-13T03:46:51.607129+00:00
2719,focused,motion_direction,motion_L8,21752,160936,1.3020429611206055,119.49351501464844,1,0.375,{},11,0.7189999998081475,2026-09-13T03:46:52.333051+00:00
2720,focused,orientation,orientation_recall_D4,21760,161024,1.2536299228668213,181.07525634765625,1,0.375,{},11,0.7190000000409782,2026-09-13T03:46:53.064580+00:00
2721,focused,motion_direction,motion_anchor,21768,161040,0.0025130233261734247,0.42221617698669434,0,1.0,{},2,0.13999999989755452,2026-09-13T03:46:53.207871+00:00
2722,focused,motion_direction,motion_L2,21776,161080,0.09466728568077087,114.08797454833984,1,1.0,{},5,0.31200000015087426,2026-09-13T03:46:53.529008+00:00
2723,focused,orientation,orientation_recall_minimal,21784,161120,0.1306830197572708,7.663257122039795,1,1.0,{},5,0.31299999984912574,2026-09-13T03:46:53.847278+00:00
2724,focused,motion_direction,motion_L8,21792,161208,1.862623691558838,230.232421875,1,0.5,{},11,0.7190000000409782,2026-09-13T03:46:54.559542+00:00
2725,focused,orientation,orientation_recall_D4,21800,161296,0.38256341218948364,26.387475967407227,1,0.75,{},11,0.5930000001098961,2026-09-13T03:46:55.161760+00:00
2726,focused,motion_direction,motion_L2,21808,161336,0.02105768397450447,7.6643595695495605,1,1.0,{},5,0.31200000015087426,2026-09-13T03:46:55.488338+00:00
2727,focused,orientation,orientation_recall_minimal,21816,161376,0.21810346841812134,23.999448776245117,1,0.875,{},5,0.31299999984912574,2026-09-13T03:46:55.797808+00:00
2728,focused,motion_direction,motion_L8,21824,161464,0.16867056488990784,12.382538795471191,1,1.0,{},11,0.6870000001508743,2026-09-13T03:46:56.491012+00:00
2729,focused,orientation,orientation_recall_D4,21832,161552,0.6547253727912903,18.808900833129883,1,0.625,{},11,0.7029999999795109,2026-09-13T03:46:57.198462+00:00
2730,focused,motion_direction,motion_L2,21840,161592,0.2542068362236023,174.78895568847656,1,0.875,{},5,0.32800000021234155,2026-09-13T03:46:57.528237+00:00
2731,focused,orientation,orientation_anchor,21848,161608,0.02132914587855339,0.8378208875656128,0,1.0,{},2,0.15699999989010394,2026-09-13T03:46:57.686534+00:00
2732,focused,orientation,orientation_recall_minimal,21856,161648,0.5590378046035767,111.99523162841797,1,0.625,{},5,0.3899999998975545,2026-09-13T03:46:58.073600+00:00
2733,focused,motion_direction,motion_L8,21864,161736,0.408841073513031,59.05083084106445,1,0.875,{},11,0.7810000001918525,2026-09-13T03:46:58.865144+00:00
2734,focused,orientation,orientation_recall_D4,21872,161824,0.9566458463668823,173.7034454345703,1,0.375,{},11,0.7190000000409782,2026-09-13T03:46:59.599491+00:00
2735,focused,motion_direction,motion_L2,21880,161864,0.13647715747356415,102.27838134765625,1,1.0,{},5,0.34399999980814755,2026-09-13T03:46:59.957469+00:00
2736,focused,orientation,orientation_recall_minimal,21888,161904,0.2627403140068054,13.363615036010742,1,0.875,{},5,0.3279999999795109,2026-09-13T03:47:00.290762+00:00
2737,focused,motion_direction,motion_L8,21896,161992,0.9624900221824646,70.88243865966797,1,0.875,{},11,0.8279999999795109,2026-09-13T03:47:01.121901+00:00
2738,focused,orientation,orientation_recall_D4,21904,162080,1.037638545036316,204.7120361328125,1,0.375,{},11,0.7190000000409782,2026-09-13T03:47:01.849385+00:00
2739,focused,motion_direction,motion_L2,21912,162120,0.0349188856780529,11.964109420776367,1,1.0,{},5,0.39099999982863665,2026-09-13T03:47:02.246630+00:00
2740,focused,orientation,orientation_recall_minimal,21920,162160,0.15978658199310303,65.33147430419922,1,1.0,{},5,0.4380000000819564,2026-09-13T03:47:02.679893+00:00
2741,focused,motion_direction,motion_anchor,21928,162176,0.0010109589202329516,0.21868295967578888,0,1.0,{},2,0.2029999999795109,2026-09-13T03:47:02.888528+00:00
2742,focused,motion_direction,motion_L8,21936,162264,0.4356447160243988,67.38558959960938,1,0.75,{},11,0.7809999999590218,2026-09-13T03:47:03.668234+00:00
2743,focused,orientation,orientation_recall_D4,21944,162352,0.3931487798690796,23.457141876220703,1,0.875,{},11,0.7970000000204891,2026-09-13T03:47:04.473189+00:00
2744,focused,motion_direction,motion_L2,21952,162392,0.11112399399280548,104.48511505126953,1,1.0,{},5,0.40699999989010394,2026-09-13T03:47:04.883390+00:00
2745,focused,orientation,orientation_recall_minimal,21960,162432,0.3050556182861328,12.652046203613281,1,0.875,{},5,0.4369999999180436,2026-09-13T03:47:05.320729+00:00
2746,focused,motion_direction,motion_L8,21968,162520,0.32741275429725647,51.250823974609375,1,0.875,{},11,0.8130000000819564,2026-09-13T03:47:06.144939+00:00
2747,focused,orientation,orientation_recall_D4,21976,162608,0.7070448398590088,26.241455078125,1,0.5,{},11,0.6869999999180436,2026-09-13T03:47:06.832543+00:00
2748,focused,motion_direction,motion_L2,21984,162648,0.016974810510873795,1.0541740655899048,1,1.0,{},5,0.31200000015087426,2026-09-13T03:47:07.152524+00:00
2749,focused,orientation,orientation_recall_minimal,21992,162688,0.017765391618013382,1.4216402769088745,1,1.0,{},5,0.29699999978765845,2026-09-13T03:47:07.453551+00:00
2750,focused,motion_direction,motion_L8,22000,162776,1.0028579235076904,57.75989532470703,1,0.5,{},11,0.7660000000614673,2026-09-13T03:47:08.219907+00:00
2751,focused,orientation,orientation_anchor,22008,162792,0.0012020817957818508,0.04091785475611687,0,1.0,{},2,0.2029999999795109,2026-09-13T03:47:08.413049+00:00
2752,focused,orientation,orientation_recall_D4,22016,162880,0.41067710518836975,41.293277740478516,1,0.75,{},11,0.7190000000409782,2026-09-13T03:47:09.143158+00:00
2753,focused,motion_direction,motion_L2,22024,162920,0.23373296856880188,133.27430725097656,1,0.875,"{""state_mean"": {""input_saturation"": 0.0396484375, ""input_mean"": 0.160890856385231, ""forget_saturation"": 0.5796875, ""forget_mean"": 0.9063241600990295, ""output_saturation"": 0.0251953125, ""output_mean"": 0.4876872539520264, ""candidate_saturation"": 0.1064453125, ""state0_rms"": 0.35014991760253905, ""state0_max"": 1.5366518020629882, ""state1_rms"": 0.1919522076845169, ""state1_max"": 0.7923683404922486}, ""state_peak"": {""state0_max"": 2.273308038711548, ""state1_max"": 0.9647963643074036}, ""early_representation_gradient_norm"": 0.023792430758476257, ""late_representation_gradient_norm"": 0.10996758192777634, ""core_gradient_norm"": 5.391543388366699, ""recurrent_gradient_rms"": 0.00440602283924818, ""recurrent_gradient_median_abs"": 6.922867760295048e-05, ""current_gradient_fraction_below_adam_eps"": 0.0, ""effective_recurrent_relative_update"": 0.005199975799769163}",5,0.4059999999590218,2026-09-13T03:47:09.545049+00:00
2754,focused,orientation,orientation_recall_minimal,22032,162960,0.2456638216972351,14.342818260192871,1,0.875,{},5,0.3279999999795109,2026-09-13T03:47:09.878269+00:00
2755,focused,motion_direction,motion_L8,22040,163048,1.222265362739563,47.14952850341797,1,0.5,{},11,0.8279999999795109,2026-09-13T03:47:10.699924+00:00
2756,focused,orientation,orientation_recall_D4,22048,163136,0.9400908946990967,183.55699157714844,1,0.5,{},11,0.6880000000819564,2026-09-13T03:47:11.393019+00:00
2757,focused,motion_direction,motion_L2,22056,163176,0.025315141305327415,7.741415500640869,1,1.0,{},5,0.34300000010989606,2026-09-13T03:47:11.730613+00:00
2758,focused,orientation,orientation_recall_minimal,22064,163216,0.0318889394402504,0.44630926847457886,0,1.0,{},5,0.2970000000204891,2026-09-13T03:47:12.035193+00:00
2759,focused,motion_direction,motion_L8,22072,163304,0.9093417525291443,22.602006912231445,1,0.5,{},11,0.75,2026-09-13T03:47:12.780322+00:00
2760,focused,orientation,orientation_recall_D4,22080,163392,0.4309925436973572,8.232891082763672,1,0.75,{},11,0.6409999998286366,2026-09-13T03:47:13.420571+00:00
2761,focused,motion_direction,motion_anchor,22088,163408,0.0006843319279141724,0.04151648283004761,0,1.0,{},2,0.1720000000204891,2026-09-13T03:47:13.583682+00:00
2762,focused,motion_direction,motion_L2,22096,163448,0.1249442920088768,120.6187973022461,1,0.875,{},5,0.3279999999795109,2026-09-13T03:47:13.926825+00:00
2763,focused,orientation,orientation_recall_minimal,22104,163488,0.11556604504585266,12.26734447479248,1,1.0,{},5,0.2809999999590218,2026-09-13T03:47:14.221023+00:00
2764,focused,motion_direction,motion_L8,22112,163576,0.25795575976371765,15.626566886901855,1,0.875,{},11,0.7339999999385327,2026-09-13T03:47:14.951385+00:00
2765,focused,orientation,orientation_recall_D4,22120,163664,0.28917473554611206,26.866729736328125,1,1.0,{},11,0.7660000000614673,2026-09-13T03:47:15.716802+00:00
2766,focused,motion_direction,motion_L2,22128,163704,0.013033805415034294,0.24265815317630768,0,1.0,{},5,0.4059999999590218,2026-09-13T03:47:16.123322+00:00
2767,focused,orientation,orientation_recall_minimal,22136,163744,0.3651551604270935,37.265438079833984,1,0.875,{},5,0.3910000000614673,2026-09-13T03:47:16.514866+00:00
2768,focused,motion_direction,motion_L8,22144,163832,0.9095836877822876,18.71781349182129,1,0.625,{},11,0.75,2026-09-13T03:47:17.262697+00:00
2769,focused,orientation,orientation_recall_D4,22152,163920,0.3572973310947418,91.02166748046875,1,0.75,{},11,0.7339999999385327,2026-09-13T03:47:17.996236+00:00
2770,focused,motion_direction,motion_L2,22160,163960,0.013424428179860115,0.3898959457874298,0,1.0,{},5,0.3279999999795109,2026-09-13T03:47:18.325826+00:00
2771,focused,orientation,orientation_anchor,22168,163976,0.007790648378431797,0.4357360601425171,0,1.0,{},2,0.15600000019185245,2026-09-13T03:47:18.485178+00:00
2772,focused,orientation,orientation_recall_minimal,22176,164016,0.05700642243027687,24.01881980895996,1,1.0,{},5,0.2970000000204891,2026-09-13T03:47:18.777931+00:00
2773,focused,motion_direction,motion_L8,22184,164104,0.964199423789978,79.30816650390625,1,0.625,{},11,0.7349999998696148,2026-09-13T03:47:19.516720+00:00
2774,focused,orientation,orientation_recall_D4,22192,164192,0.562812864780426,175.59376525878906,1,0.75,{},11,0.6559999999590218,2026-09-13T03:47:20.177464+00:00
2775,focused,motion_direction,motion_L2,22200,164232,0.30160993337631226,160.82009887695312,1,0.875,{},5,0.3279999999795109,2026-09-13T03:47:20.507142+00:00
2776,focused,orientation,orientation_recall_minimal,22208,164272,0.22892102599143982,55.526878356933594,1,0.875,{},5,0.2970000000204891,2026-09-13T03:47:20.814999+00:00
2777,focused,motion_direction,motion_L8,22216,164360,1.020689606666565,206.1758270263672,1,0.625,{},11,0.796000000089407,2026-09-13T03:47:21.613638+00:00
2778,focused,orientation,orientation_recall_D4,22224,164448,0.5212854146957397,26.321025848388672,1,0.75,{},11,0.6879999998491257,2026-09-13T03:47:22.292413+00:00
2779,focused,motion_direction,motion_L2,22232,164488,0.010825221426784992,0.5144798159599304,0,1.0,{},5,0.3279999999795109,2026-09-13T03:47:22.615598+00:00
2780,focused,orientation,orientation_recall_minimal,22240,164528,0.144600048661232,58.96455383300781,1,0.875,{},5,0.2970000000204891,2026-09-13T03:47:22.927660+00:00
2781,focused,motion_direction,motion_anchor,22248,164544,0.0008900860557332635,0.08607673645019531,0,1.0,{},2,0.125,2026-09-13T03:47:23.066157+00:00
2782,focused,motion_direction,motion_L8,22256,164632,0.6794983744621277,21.22314453125,1,0.75,{},11,0.7190000000409782,2026-09-13T03:47:23.799117+00:00
2783,focused,orientation,orientation_recall_D4,22264,164720,0.8269692659378052,61.98782730102539,1,0.625,{},11,0.6870000001508743,2026-09-13T03:47:24.477980+00:00
2784,focused,motion_direction,motion_L2,22272,164760,0.6859825253486633,257.22808837890625,1,0.75,{},5,0.31299999984912574,2026-09-13T03:47:24.797135+00:00
2785,focused,orientation,orientation_recall_minimal,22280,164800,0.029012901708483696,4.818739414215088,1,1.0,{},5,0.4220000000204891,2026-09-13T03:47:25.215078+00:00
2786,focused,motion_direction,motion_L8,22288,164888,1.1103932857513428,70.76139068603516,1,0.5,{},11,0.8900000001303852,2026-09-13T03:47:26.106955+00:00
2787,focused,orientation,orientation_recall_D4,22296,164976,0.2995298206806183,46.97767639160156,1,0.875,{},11,0.8909999998286366,2026-09-13T03:47:26.991514+00:00
2788,focused,motion_direction,motion_L2,22304,165016,0.1033429205417633,190.68382263183594,1,1.0,{},5,0.35900000017136335,2026-09-13T03:47:27.358932+00:00
2789,focused,orientation,orientation_recall_minimal,22312,165056,0.043051980435848236,13.915327072143555,1,1.0,{},5,0.40699999989010394,2026-09-13T03:47:27.765113+00:00
2790,focused,motion_direction,motion_L8,22320,165144,0.3586895763874054,21.65004539489746,1,0.75,{},11,0.8119999999180436,2026-09-13T03:47:28.576170+00:00
2791,focused,orientation,orientation_anchor,22328,165160,0.0018578098388388753,0.06226334720849991,0,1.0,{},2,0.1880000000819564,2026-09-13T03:47:28.762464+00:00
2792,focused,orientation,orientation_recall_D4,22336,165248,0.7038954496383667,17.80150604248047,1,0.625,{},11,0.8589999999385327,2026-09-13T03:47:29.622133+00:00
2793,focused,motion_direction,motion_L2,22344,165288,0.2780846357345581,209.38790893554688,1,0.75,{},5,0.35900000017136335,2026-09-13T03:47:29.990151+00:00
2794,focused,orientation,orientation_recall_minimal,22352,165328,0.3567620813846588,10.018278121948242,1,0.875,{},5,0.3440000000409782,2026-09-13T03:47:30.340264+00:00
2795,focused,motion_direction,motion_L8,22360,165416,0.8992918133735657,51.55229949951172,1,0.75,{},11,0.7029999999795109,2026-09-13T03:47:31.038176+00:00
2796,focused,orientation,orientation_recall_D4,22368,165504,0.5514959096908569,14.596699714660645,1,0.75,{},11,0.6410000000614673,2026-09-13T03:47:31.689626+00:00
2797,focused,motion_direction,motion_L2,22376,165544,0.0570075586438179,69.85881042480469,1,1.0,{},5,0.375,2026-09-13T03:47:32.059781+00:00
2798,focused,orientation,orientation_recall_minimal,22384,165584,0.27065789699554443,25.96565818786621,1,0.875,{},5,0.34300000010989606,2026-09-13T03:47:32.398592+00:00
2799,focused,motion_direction,motion_L8,22392,165672,0.6007296442985535,59.12424850463867,1,0.875,{},11,0.7349999998696148,2026-09-13T03:47:33.138452+00:00
2800,focused,orientation,orientation_recall_D4,22400,165760,0.38441455364227295,40.51158142089844,1,0.875,{},11,0.7180000001098961,2026-09-13T03:47:33.864777+00:00
2801,focused,motion_direction,motion_anchor,22408,165776,0.01389227993786335,2.6781504154205322,1,1.0,{},2,0.15600000019185245,2026-09-13T03:47:34.031551+00:00
2802,focused,motion_direction,motion_L2,22416,165816,0.06000792980194092,69.45592498779297,1,1.0,{},5,0.3279999999795109,2026-09-13T03:47:34.358817+00:00
2803,focused,orientation,orientation_recall_minimal,22424,165856,0.14930640161037445,35.40504455566406,1,1.0,{},5,0.31299999984912574,2026-09-13T03:47:34.670111+00:00
2804,focused,motion_direction,motion_L8,22432,165944,0.9868835806846619,116.3427963256836,1,0.5,{},11,0.7340000001713634,2026-09-13T03:47:35.401256+00:00
2805,focused,orientation,orientation_recall_D4,22440,166032,0.3092525601387024,27.09825325012207,1,1.0,{},11,0.7029999999795109,2026-09-13T03:47:36.111986+00:00
2806,focused,motion_direction,motion_L2,22448,166072,0.019477475434541702,9.171780586242676,1,1.0,{},5,0.375,2026-09-13T03:47:36.489980+00:00
2807,focused,orientation,orientation_recall_minimal,22456,166112,0.3351474404335022,28.318862915039062,1,0.875,{},5,0.3910000000614673,2026-09-13T03:47:36.889278+00:00
2808,focused,motion_direction,motion_L8,22464,166200,0.6875354647636414,49.25564193725586,1,0.75,{},11,0.75,2026-09-13T03:47:37.639700+00:00
2809,focused,orientation,orientation_recall_D4,22472,166288,1.0658376216888428,327.59368896484375,1,0.375,{},11,0.7339999999385327,2026-09-13T03:47:38.382204+00:00
2810,focused,motion_direction,motion_L2,22480,166328,0.013641631230711937,2.406982421875,1,1.0,{},5,0.3119999999180436,2026-09-13T03:47:38.704172+00:00
2811,focused,orientation,orientation_anchor,22488,166344,0.0016042928909882903,0.0738086849451065,0,1.0,{},2,0.1410000000614673,2026-09-13T03:47:38.845524+00:00
2812,focused,orientation,orientation_recall_minimal,22496,166384,0.71049964427948,166.46058654785156,1,0.75,{},5,0.3440000000409782,2026-09-13T03:47:39.189145+00:00
2813,focused,motion_direction,motion_L8,22504,166472,1.9702377319335938,136.35411071777344,1,0.375,{},11,0.671000000089407,2026-09-13T03:47:39.860859+00:00
2814,focused,orientation,orientation_recall_D4,22512,166560,0.8990606665611267,185.05955505371094,1,0.75,{},11,0.703999999910593,2026-09-13T03:47:40.562096+00:00
2815,focused,motion_direction,motion_L2,22520,166600,0.45131582021713257,282.45538330078125,1,0.875,{},5,0.3279999999795109,2026-09-13T03:47:40.895376+00:00
2816,focused,orientation,orientation_recall_minimal,22528,166640,0.12395131587982178,15.7186861038208,1,1.0,{},5,0.29699999978765845,2026-09-13T03:47:41.200255+00:00
2817,focused,motion_direction,motion_L8,22536,166728,0.7369247674942017,113.00523376464844,1,0.625,"{""state_mean"": {""input_saturation"": 0.03045099431818182, ""input_mean"": 0.16279279779304157, ""forget_saturation"": 0.5685369318181818, ""forget_mean"": 0.9125367890704762, ""output_saturation"": 0.025745738636363636, ""output_mean"": 0.4871229881590063, ""candidate_saturation"": 0.10671164772727272, ""state0_rms"": 0.5432719615372744, ""state0_max"": 2.923335015773773, ""state1_rms"": 0.23998518829995935, ""state1_max"": 0.8943741538307883}, ""state_peak"": {""state0_max"": 5.256841659545898, ""state1_max"": 0.986501932144165}, ""early_representation_gradient_norm"": 0.045163512229919434, ""late_representation_gradient_norm"": 0.06224151328206062, ""core_gradient_norm"": 7.0786943435668945, ""recurrent_gradient_rms"": 0.006877112668007612, ""recurrent_gradient_median_abs"": 0.00013277809193823487, ""current_gradient_fraction_below_adam_eps"": 3.814697265625e-06, ""effective_recurrent_relative_update"": 0.004783963318914175}",11,0.75,2026-09-13T03:47:42.038169+00:00
2818,focused,orientation,orientation_recall_D4,22544,166816,0.5948899984359741,51.491172790527344,1,0.625,{},11,0.6720000000204891,2026-09-13T03:47:42.714215+00:00
2819,focused,motion_direction,motion_L2,22552,166856,0.068877212703228,66.10655975341797,1,1.0,{},5,0.375,2026-09-13T03:47:43.086804+00:00
2820,focused,orientation,orientation_recall_minimal,22560,166896,0.01780228316783905,0.24032378196716309,0,1.0,{},5,0.31200000015087426,2026-09-13T03:47:43.407159+00:00
2821,focused,motion_direction,motion_anchor,22568,166912,0.004191874526441097,0.9567841291427612,0,1.0,{},2,0.18799999984912574,2026-09-13T03:47:43.592381+00:00
2822,focused,motion_direction,motion_L8,22576,167000,0.8794956803321838,42.14453125,1,0.5,{},11,0.75,2026-09-13T03:47:44.348370+00:00
2823,focused,orientation,orientation_recall_D4,22584,167088,0.6312217712402344,15.508915901184082,1,0.75,{},11,0.7189999998081475,2026-09-13T03:47:45.071866+00:00
2824,focused,motion_direction,motion_L2,22592,167128,0.17717528343200684,163.62908935546875,1,0.875,{},5,0.3440000000409782,2026-09-13T03:47:45.423546+00:00
2825,focused,orientation,orientation_recall_minimal,22600,167168,0.5018370747566223,21.53076934814453,1,0.75,{},5,0.35900000017136335,2026-09-13T03:47:45.775271+00:00
2826,focused,motion_direction,motion_L8,22608,167256,0.6467577219009399,43.066505432128906,1,0.5,{},11,0.7969999997876585,2026-09-13T03:47:46.578340+00:00
2827,focused,orientation,orientation_recall_D4,22616,167344,0.5975968241691589,56.0124626159668,1,0.75,{},11,0.6720000000204891,2026-09-13T03:47:47.244919+00:00
2828,focused,motion_direction,motion_L2,22624,167384,0.11887387186288834,74.5345458984375,1,0.875,{},5,0.375,2026-09-13T03:47:47.624181+00:00
2829,focused,orientation,orientation_recall_minimal,22632,167424,0.5352299213409424,14.027275085449219,1,0.875,{},5,0.3130000000819564,2026-09-13T03:47:47.937295+00:00
2830,focused,motion_direction,motion_L8,22640,167512,1.0558264255523682,155.56040954589844,1,0.625,{},11,0.796000000089407,2026-09-13T03:47:48.729649+00:00
2831,focused,orientation,orientation_anchor,22648,167528,0.005817072466015816,0.30728667974472046,0,1.0,{},2,0.15699999989010394,2026-09-13T03:47:48.885774+00:00
2832,focused,orientation,orientation_recall_D4,22656,167616,0.7472281455993652,53.288299560546875,1,0.5,{},11,0.7029999999795109,2026-09-13T03:47:49.594869+00:00
2833,focused,motion_direction,motion_L2,22664,167656,0.062275681644678116,150.2952880859375,1,1.0,{},5,0.3589999999385327,2026-09-13T03:47:49.943356+00:00
2834,focused,orientation,orientation_recall_minimal,22672,167696,0.12040872126817703,19.613252639770508,1,1.0,{},5,0.2970000000204891,2026-09-13T03:47:50.242719+00:00
2835,focused,motion_direction,motion_L8,22680,167784,1.9069628715515137,37.63164138793945,1,0.5,{},11,0.6560000001918525,2026-09-13T03:47:50.909501+00:00
2836,focused,orientation,orientation_recall_D4,22688,167872,0.5411044955253601,7.818352222442627,1,0.875,{},11,0.6719999997876585,2026-09-13T03:47:51.576095+00:00
2837,focused,motion_direction,motion_L2,22696,167912,0.3857611417770386,121.89212036132812,1,0.875,{},5,0.32800000021234155,2026-09-13T03:47:51.910323+00:00
2838,focused,orientation,orientation_recall_minimal,22704,167952,0.03929556533694267,3.6747031211853027,1,1.0,{},5,0.3279999999795109,2026-09-13T03:47:52.232798+00:00
2839,focused,motion_direction,motion_L8,22712,168040,0.7867415547370911,74.3858871459961,1,0.625,{},11,0.6569999998901039,2026-09-13T03:47:52.883471+00:00
2840,focused,orientation,orientation_recall_D4,22720,168128,0.551189661026001,19.193416595458984,1,0.75,{},11,0.6559999999590218,2026-09-13T03:47:53.545694+00:00
2841,focused,motion_direction,motion_anchor,22728,168144,0.0006730571039952338,0.201976016163826,0,1.0,{},2,0.1410000000614673,2026-09-13T03:47:53.687318+00:00
2842,focused,motion_direction,motion_L2,22736,168184,0.017706220969557762,1.4207229614257812,1,1.0,{},5,0.3119999999180436,2026-09-13T03:47:54.003716+00:00
2843,focused,orientation,orientation_recall_minimal,22744,168224,0.47368037700653076,37.49919891357422,1,0.625,{},5,0.3279999999795109,2026-09-13T03:47:54.329026+00:00
2844,focused,motion_direction,motion_L8,22752,168312,0.38342490792274475,20.976360321044922,1,0.875,{},11,0.7030000002123415,2026-09-13T03:47:55.035605+00:00
2845,focused,orientation,orientation_recall_D4,22760,168400,0.5472249388694763,37.34288024902344,1,0.625,{},11,0.6090000001713634,2026-09-13T03:47:55.659869+00:00
2846,focused,motion_direction,motion_L2,22768,168440,0.01583542674779892,5.453522682189941,1,1.0,{},5,0.34399999980814755,2026-09-13T03:47:55.992013+00:00
2847,focused,orientation,orientation_recall_minimal,22776,168480,0.03396669775247574,2.4037063121795654,1,1.0,{},5,0.3279999999795109,2026-09-13T03:47:56.326671+00:00
2848,focused,motion_direction,motion_L8,22784,168568,0.8037028312683105,68.24235534667969,1,0.75,{},11,0.8130000000819564,2026-09-13T03:47:57.136027+00:00
2849,focused,orientation,orientation_recall_D4,22792,168656,0.32859987020492554,10.930510520935059,1,0.875,{},11,0.7650000001303852,2026-09-13T03:47:57.898349+00:00
2850,focused,motion_direction,motion_L2,22800,168696,0.03763975948095322,24.785259246826172,1,1.0,{},5,0.3279999999795109,2026-09-13T03:47:58.232618+00:00
2851,focused,orientation,orientation_anchor,22808,168712,0.001894528977572918,0.055309686809778214,0,1.0,{},2,0.15699999989010394,2026-09-13T03:47:58.379504+00:00
2852,focused,orientation,orientation_recall_minimal,22816,168752,0.052245453000068665,26.833911895751953,1,1.0,{},5,0.34300000010989606,2026-09-13T03:47:58.729674+00:00
2853,focused,motion_direction,motion_L8,22824,168840,0.6046766042709351,107.3910903930664,1,0.75,{},11,0.8439999998081475,2026-09-13T03:47:59.573349+00:00
2854,focused,orientation,orientation_recall_D4,22832,168928,0.4265894889831543,37.65372085571289,1,0.75,{},11,0.6880000000819564,2026-09-13T03:48:00.262320+00:00
2855,focused,motion_direction,motion_L2,22840,168968,0.016457928344607353,1.397524356842041,1,1.0,{},5,0.34300000010989606,2026-09-13T03:48:00.610810+00:00
2856,focused,orientation,orientation_recall_minimal,22848,169008,0.16371431946754456,58.5592041015625,1,0.875,{},5,0.32899999991059303,2026-09-13T03:48:00.928039+00:00
2857,focused,motion_direction,motion_L8,22856,169096,0.7976081967353821,71.82676696777344,1,0.625,{},11,0.671000000089407,2026-09-13T03:48:01.611436+00:00
2858,focused,orientation,orientation_recall_D4,22864,169184,0.43007683753967285,65.00108337402344,1,0.875,{},11,0.6569999998901039,2026-09-13T03:48:02.257957+00:00
2859,focused,motion_direction,motion_L2,22872,169224,0.620053768157959,55.077674865722656,1,0.875,{},5,0.3279999999795109,2026-09-13T03:48:02.590017+00:00
2860,focused,orientation,orientation_recall_minimal,22880,169264,0.29767927527427673,33.43609619140625,1,0.875,{},5,0.31200000015087426,2026-09-13T03:48:02.907107+00:00
2861,focused,motion_direction,motion_anchor,22888,169280,0.00048742382205091417,0.06662668287754059,0,1.0,{},2,0.15699999989010394,2026-09-13T03:48:03.053071+00:00
2862,focused,motion_direction,motion_L8,22896,169368,1.1653951406478882,208.09156799316406,1,0.5,{},11,0.7809999999590218,2026-09-13T03:48:03.840918+00:00
2863,focused,orientation,orientation_recall_D4,22904,169456,0.3944907784461975,19.789188385009766,1,0.875,{},11,0.625,2026-09-13T03:48:04.470076+00:00
2864,focused,motion_direction,motion_L2,22912,169496,0.19879959523677826,165.44712829589844,1,0.875,{},5,0.3279999999795109,2026-09-13T03:48:04.790643+00:00
2865,focused,orientation,orientation_recall_minimal,22920,169536,0.6500911116600037,64.09307861328125,1,0.75,{},5,0.31200000015087426,2026-09-13T03:48:05.101889+00:00
2866,focused,motion_direction,motion_L8,22928,169624,0.534149169921875,22.191617965698242,1,0.75,{},11,0.7819999998901039,2026-09-13T03:48:05.891688+00:00
2867,focused,orientation,orientation_recall_D4,22936,169712,0.7964610457420349,146.94261169433594,1,0.625,{},11,0.6720000000204891,2026-09-13T03:48:06.563758+00:00
2868,focused,motion_direction,motion_L2,22944,169752,0.011349777691066265,1.4490762948989868,1,1.0,{},5,0.375,2026-09-13T03:48:06.935956+00:00
2869,focused,orientation,orientation_recall_minimal,22952,169792,0.1521027833223343,81.83193969726562,1,0.875,{},5,0.3279999999795109,2026-09-13T03:48:07.262483+00:00
2870,focused,motion_direction,motion_L8,22960,169880,0.44758903980255127,40.71603775024414,1,0.875,{},11,0.7029999999795109,2026-09-13T03:48:07.972087+00:00
2871,focused,orientation,orientation_anchor,22968,169896,0.00028255980578251183,0.014649874530732632,0,1.0,{},2,0.1559999999590218,2026-09-13T03:48:08.125635+00:00
2872,focused,orientation,orientation_recall_D4,22976,169984,0.5165852308273315,87.6241226196289,1,0.625,{},11,0.6410000000614673,2026-09-13T03:48:08.767553+00:00
2873,focused,motion_direction,motion_L2,22984,170024,0.00944121927022934,0.6609488725662231,0,1.0,{},5,0.34300000010989606,2026-09-13T03:48:09.101443+00:00
2874,focused,orientation,orientation_recall_minimal,22992,170064,0.36268067359924316,10.815652847290039,1,0.875,{},5,0.375,2026-09-13T03:48:09.484479+00:00
2875,focused,motion_direction,motion_L8,23000,170152,0.9116082191467285,70.18274688720703,1,0.5,{},11,0.7349999998696148,2026-09-13T03:48:10.212207+00:00
2876,focused,orientation,orientation_recall_D4,23008,170240,0.3524022698402405,72.56305694580078,1,0.875,{},11,0.6720000000204891,2026-09-13T03:48:10.895744+00:00
2877,focused,motion_direction,motion_L2,23016,170280,0.09052994847297668,29.63149642944336,1,1.0,{},5,0.3279999999795109,2026-09-13T03:48:11.225860+00:00
2878,focused,orientation,orientation_recall_minimal,23024,170320,0.5251976251602173,24.814136505126953,1,0.75,{},5,0.31299999984912574,2026-09-13T03:48:11.546182+00:00
2879,focused,motion_direction,motion_L8,23032,170408,1.3544433116912842,38.32522201538086,1,0.25,{},11,0.75,2026-09-13T03:48:12.293068+00:00
2880,focused,orientation,orientation_recall_D4,23040,170496,0.3897900879383087,40.92802810668945,1,0.875,{},11,0.6720000000204891,2026-09-13T03:48:12.968881+00:00
2881,focused,motion_direction,motion_anchor,23048,170512,0.0023696019779890776,0.7764489650726318,0,1.0,"{""state_mean"": {""input_saturation"": 0.0234375, ""input_mean"": 0.16078289598226547, ""forget_saturation"": 0.573974609375, ""forget_mean"": 0.9131892323493958, ""output_saturation"": 0.02197265625, ""output_mean"": 0.4877098500728607, ""candidate_saturation"": 0.109375, ""state0_rms"": 0.2517286464571953, ""state0_max"": 1.2298716306686401, ""state1_rms"": 0.16623802483081818, ""state1_max"": 0.7435054183006287}, ""state_peak"": {""state0_max"": 1.5663106441497803, ""state1_max"": 0.8484256267547607}, ""early_representation_gradient_norm"": 0.0028389182407408953, ""late_representation_gradient_norm"": 0.0018472045194357634, ""core_gradient_norm"": 0.0518781803548336, ""recurrent_gradient_rms"": 1.38944915306638e-05, ""recurrent_gradient_median_abs"": 4.77484434213693e-08, ""current_gradient_fraction_below_adam_eps"": 0.009395599365234375, ""effective_recurrent_relative_update"": 0.008559553883969784}",2,0.1720000000204891,2026-09-13T03:48:13.140653+00:00
2882,focused,motion_direction,motion_L2,23056,170552,0.010238416492938995,1.1788337230682373,1,1.0,{},5,0.34300000010989606,2026-09-13T03:48:13.475230+00:00
2883,focused,orientation,orientation_recall_minimal,23064,170592,0.06726356595754623,6.1634979248046875,1,1.0,{},5,0.34399999980814755,2026-09-13T03:48:13.817877+00:00
2884,focused,motion_direction,motion_L8,23072,170680,0.9656151533126831,84.8485107421875,1,0.625,{},11,0.7030000002123415,2026-09-13T03:48:14.534465+00:00
2885,focused,orientation,orientation_recall_D4,23080,170768,0.41598230600357056,19.856414794921875,1,0.875,{},11,0.6719999997876585,2026-09-13T03:48:15.196479+00:00
2886,focused,motion_direction,motion_L2,23088,170808,0.008005963638424873,0.12769275903701782,0,1.0,{},5,0.32800000021234155,2026-09-13T03:48:15.531453+00:00
2887,focused,orientation,orientation_recall_minimal,23096,170848,0.06476838141679764,13.445372581481934,1,1.0,{},5,0.29699999978765845,2026-09-13T03:48:15.832362+00:00
2888,focused,motion_direction,motion_L8,23104,170936,0.9444150924682617,104.74211883544922,1,0.75,{},11,0.7970000000204891,2026-09-13T03:48:16.640514+00:00
2889,focused,orientation,orientation_recall_D4,23112,171024,0.5734979510307312,97.37358856201172,1,0.5,{},11,0.6400000001303852,2026-09-13T03:48:17.286679+00:00
2890,focused,motion_direction,motion_L2,23120,171064,0.3318452537059784,197.40980529785156,1,0.875,{},5,0.3440000000409782,2026-09-13T03:48:17.635576+00:00
2891,focused,orientation,orientation_anchor,23128,171080,0.006858874578028917,0.2302083969116211,0,1.0,{},2,0.1559999999590218,2026-09-13T03:48:17.788300+00:00
2892,focused,orientation,orientation_recall_minimal,23136,171120,0.08220858871936798,10.687078475952148,1,1.0,{},5,0.3279999999795109,2026-09-13T03:48:18.125103+00:00
2893,focused,motion_direction,motion_L8,23144,171208,1.2753173112869263,51.710330963134766,1,0.5,{},11,0.7029999999795109,2026-09-13T03:48:18.823924+00:00
2894,focused,orientation,orientation_recall_D4,23152,171296,0.411115825176239,55.142677307128906,1,0.875,{},11,0.6410000000614673,2026-09-13T03:48:19.467131+00:00
2895,focused,motion_direction,motion_L2,23160,171336,0.0610424168407917,90.57919311523438,1,1.0,{},5,0.3589999999385327,2026-09-13T03:48:19.834309+00:00
2896,focused,orientation,orientation_recall_minimal,23168,171376,0.10149683803319931,28.956954956054688,1,1.0,{},5,0.3440000000409782,2026-09-13T03:48:20.187255+00:00
2897,focused,motion_direction,motion_L8,23176,171464,0.950596809387207,65.99642181396484,1,0.625,{},11,0.671000000089407,2026-09-13T03:48:20.862070+00:00
2898,focused,orientation,orientation_recall_D4,23184,171552,0.9840204119682312,184.23736572265625,1,0.75,{},11,0.625,2026-09-13T03:48:21.481065+00:00
2899,focused,motion_direction,motion_L2,23192,171592,0.5369648337364197,109.95828247070312,1,0.875,{},5,0.2970000000204891,2026-09-13T03:48:21.776156+00:00
2900,focused,orientation,orientation_recall_minimal,23200,171632,0.46288183331489563,220.11572265625,1,0.875,{},5,0.35999999986961484,2026-09-13T03:48:22.132127+00:00
2901,focused,motion_direction,motion_anchor,23208,171648,0.00013040208432357758,0.016306083649396896,0,1.0,{},2,0.125,2026-09-13T03:48:22.268261+00:00
2902,focused,motion_direction,motion_L8,23216,171736,1.258502721786499,45.86433029174805,1,0.625,{},11,0.7180000001098961,2026-09-13T03:48:22.987089+00:00
2903,focused,orientation,orientation_recall_D4,23224,171824,0.9665331840515137,283.5078125,1,0.5,{},11,0.6569999998901039,2026-09-13T03:48:23.637328+00:00
2904,focused,motion_direction,motion_L2,23232,171864,0.3760981559753418,275.4310607910156,1,0.875,{},5,0.3279999999795109,2026-09-13T03:48:23.973116+00:00
2905,focused,orientation,orientation_recall_minimal,23240,171904,0.14683595299720764,39.4327507019043,1,0.875,{},5,0.34399999980814755,2026-09-13T03:48:24.317958+00:00
2906,focused,motion_direction,motion_L8,23248,171992,0.6004972457885742,73.65345764160156,1,0.625,{},11,0.7350000001024455,2026-09-13T03:48:25.058242+00:00
2907,focused,orientation,orientation_recall_D4,23256,172080,0.2063329666852951,69.50553894042969,1,1.0,{},11,0.625,2026-09-13T03:48:25.694173+00:00
2908,focused,motion_direction,motion_L2,23264,172120,0.012003708630800247,3.9162075519561768,1,1.0,{},5,0.32800000021234155,2026-09-13T03:48:26.029372+00:00
2909,focused,orientation,orientation_recall_minimal,23272,172160,0.09585509449243546,28.608165740966797,1,1.0,{},5,0.31299999984912574,2026-09-13T03:48:26.345482+00:00
2910,focused,motion_direction,motion_L8,23280,172248,0.7267581224441528,41.518558502197266,1,0.75,{},11,0.6720000000204891,2026-09-13T03:48:27.019478+00:00
2911,focused,orientation,orientation_anchor,23288,172264,0.0013365678023546934,0.06594767421483994,0,1.0,{},2,0.1869999999180436,2026-09-13T03:48:27.195105+00:00
2912,focused,orientation,orientation_recall_D4,23296,172352,0.6165033578872681,159.65830993652344,1,0.5,{},11,0.6410000000614673,2026-09-13T03:48:27.848743+00:00
2913,focused,motion_direction,motion_L2,23304,172392,0.4544670283794403,269.7896728515625,1,0.875,{},5,0.32899999991059303,2026-09-13T03:48:28.187785+00:00
2914,focused,orientation,orientation_recall_minimal,23312,172432,0.04319470003247261,9.792398452758789,1,1.0,{},5,0.3119999999180436,2026-09-13T03:48:28.497421+00:00
2915,focused,motion_direction,motion_L8,23320,172520,1.2853463888168335,50.003902435302734,1,0.5,{},11,0.7190000000409782,2026-09-13T03:48:29.211609+00:00
2916,focused,orientation,orientation_recall_D4,23328,172608,0.7192450761795044,37.86714553833008,1,0.625,{},11,0.7339999999385327,2026-09-13T03:48:29.950591+00:00
2917,focused,motion_direction,motion_L2,23336,172648,0.01786344312131405,10.745633125305176,1,1.0,{},5,0.3910000000614673,2026-09-13T03:48:30.345216+00:00
2918,focused,orientation,orientation_recall_minimal,23344,172688,0.03661738336086273,4.976535320281982,1,1.0,{},5,0.3440000000409782,2026-09-13T03:48:30.687862+00:00
2919,focused,motion_direction,motion_L8,23352,172776,0.8912096619606018,64.13736724853516,1,0.375,{},11,0.7029999999795109,2026-09-13T03:48:31.392212+00:00
2920,focused,orientation,orientation_recall_D4,23360,172864,0.8121323585510254,75.30831909179688,1,0.5,{},11,0.7339999999385327,2026-09-13T03:48:32.128427+00:00
2921,focused,motion_direction,motion_anchor,23368,172880,0.0006395194795913994,0.06096568703651428,0,1.0,{},2,0.15600000019185245,2026-09-13T03:48:32.286017+00:00
2922,focused,motion_direction,motion_L2,23376,172920,0.6249857544898987,137.26124572753906,1,0.875,{},5,0.3440000000409782,2026-09-13T03:48:32.638947+00:00
2923,focused,orientation,orientation_recall_minimal,23384,172960,0.03309936076402664,11.172173500061035,1,1.0,{},5,0.4059999999590218,2026-09-13T03:48:33.048388+00:00
2924,focused,motion_direction,motion_L8,23392,173048,0.8108969926834106,20.640531539916992,1,0.625,{},11,0.7660000000614673,2026-09-13T03:48:33.810903+00:00
2925,focused,orientation,orientation_recall_D4,23400,173136,0.33239829540252686,43.51991653442383,1,0.875,{},11,0.6559999999590218,2026-09-13T03:48:34.465169+00:00
2926,focused,motion_direction,motion_L2,23408,173176,0.6320703625679016,191.88287353515625,1,0.75,{},5,0.3279999999795109,2026-09-13T03:48:34.796249+00:00
2927,focused,orientation,orientation_recall_minimal,23416,173216,0.6491007804870605,15.553750038146973,1,0.75,{},5,0.31200000015087426,2026-09-13T03:48:35.111321+00:00
2928,focused,motion_direction,motion_L8,23424,173304,0.8405886888504028,25.765422821044922,1,0.75,{},11,0.7189999998081475,2026-09-13T03:48:35.831700+00:00
2929,focused,orientation,orientation_recall_D4,23432,173392,0.5885312557220459,72.72509765625,1,0.625,{},11,0.6870000001508743,2026-09-13T03:48:36.528999+00:00
2930,focused,motion_direction,motion_L2,23440,173432,0.26908084750175476,203.6417694091797,1,0.875,{},5,0.35999999986961484,2026-09-13T03:48:36.886935+00:00
2931,focused,orientation,orientation_anchor,23448,173448,0.0004422858473844826,0.021165700629353523,0,1.0,{},2,0.14000000013038516,2026-09-13T03:48:37.033769+00:00
2932,focused,orientation,orientation_recall_minimal,23456,173488,0.11167670041322708,68.0436782836914,1,1.0,{},5,0.34399999980814755,2026-09-13T03:48:37.379673+00:00
2933,focused,motion_direction,motion_L8,23464,173576,0.8733782768249512,28.656890869140625,1,0.625,{},11,0.6720000000204891,2026-09-13T03:48:38.063955+00:00
2934,focused,orientation,orientation_recall_D4,23472,173664,0.5048664808273315,17.57377052307129,1,0.625,{},11,0.6869999999180436,2026-09-13T03:48:38.748250+00:00
2935,focused,motion_direction,motion_L2,23480,173704,0.06684596836566925,85.31523895263672,1,1.0,{},5,0.3279999999795109,2026-09-13T03:48:39.070112+00:00
2936,focused,orientation,orientation_recall_minimal,23488,173744,0.03879497945308685,10.76176643371582,1,1.0,{},5,0.2970000000204891,2026-09-13T03:48:39.377210+00:00
2937,focused,motion_direction,motion_L8,23496,173832,0.8427978157997131,17.7490234375,1,0.5,{},11,0.7340000001713634,2026-09-13T03:48:40.113350+00:00
2938,focused,orientation,orientation_recall_D4,23504,173920,0.5125792026519775,97.91637420654297,1,0.625,{},11,0.6569999998901039,2026-09-13T03:48:40.761249+00:00
2939,focused,motion_direction,motion_L2,23512,173960,0.16212832927703857,176.0419158935547,1,1.0,{},5,0.2970000000204891,2026-09-13T03:48:41.065846+00:00
2940,focused,orientation,orientation_recall_minimal,23520,174000,0.5216476321220398,15.57870101928711,1,0.75,{},5,0.3279999999795109,2026-09-13T03:48:41.392762+00:00
2941,focused,motion_direction,motion_anchor,23528,174016,0.0013867891393601894,0.32108792662620544,0,1.0,{},2,0.1720000000204891,2026-09-13T03:48:41.559333+00:00
2942,focused,motion_direction,motion_L8,23536,174104,1.1629798412322998,73.51688385009766,1,0.375,{},11,0.796000000089407,2026-09-13T03:48:42.357353+00:00
2943,focused,orientation,orientation_recall_D4,23544,174192,0.6500062346458435,185.12753295898438,1,0.625,{},11,0.625,2026-09-13T03:48:42.990198+00:00
2944,focused,motion_direction,motion_L2,23552,174232,0.24969729781150818,81.59168243408203,1,0.875,{},5,0.3440000000409782,2026-09-13T03:48:43.348209+00:00
2945,focused,orientation,orientation_recall_minimal,23560,174272,0.6985437273979187,98.0133285522461,1,0.625,"{""state_mean"": {""input_saturation"": 0.053125, ""input_mean"": 0.15913262367248535, ""forget_saturation"": 0.58388671875, ""forget_mean"": 0.9024891972541809, ""output_saturation"": 0.02587890625, ""output_mean"": 0.49460784792900087, ""candidate_saturation"": 0.10654296875, ""state0_rms"": 0.4132207602262497, ""state0_max"": 1.865040361881256, ""state1_rms"": 0.16765444874763488, ""state1_max"": 0.8276435256004333}, ""state_peak"": {""state0_max"": 2.904245376586914, ""state1_max"": 0.9523285627365112}, ""early_representation_gradient_norm"": 0.012474548071622849, ""late_representation_gradient_norm"": 0.43716853857040405, ""core_gradient_norm"": 2.7238175868988037, ""recurrent_gradient_rms"": 0.0023463652469217777, ""recurrent_gradient_median_abs"": 3.618407572503202e-05, ""current_gradient_fraction_below_adam_eps"": 0.0, ""effective_recurrent_relative_update"": 0.006436335388571024}",5,0.2970000000204891,2026-09-13T03:48:43.661275+00:00
2946,focused,motion_direction,motion_L8,23568,174360,0.7664157748222351,23.669301986694336,1,0.625,{},11,0.7029999999795109,2026-09-13T03:48:44.376504+00:00
2947,focused,orientation,orientation_recall_D4,23576,174448,0.5171257257461548,24.391103744506836,1,0.5,{},11,0.6880000000819564,2026-09-13T03:48:45.061937+00:00
2948,focused,motion_direction,motion_L2,23584,174488,0.06529785692691803,91.1680679321289,1,1.0,{},5,0.3279999999795109,2026-09-13T03:48:45.392973+00:00
2949,focused,orientation,orientation_recall_minimal,23592,174528,0.39739248156547546,20.483375549316406,1,0.75,{},5,0.34300000010989606,2026-09-13T03:48:45.734478+00:00
2950,focused,motion_direction,motion_L8,23600,174616,1.231635570526123,38.91643142700195,1,0.5,{},11,0.6879999998491257,2026-09-13T03:48:46.414312+00:00
2951,focused,orientation,orientation_anchor,23608,174632,0.00010845654469449073,0.002950985450297594,0,1.0,{},2,0.1410000000614673,2026-09-13T03:48:46.555328+00:00
2952,focused,orientation,orientation_recall_D4,23616,174720,0.5754990577697754,105.2216796875,1,0.625,{},11,0.671000000089407,2026-09-13T03:48:47.239969+00:00
2953,focused,motion_direction,motion_L2,23624,174760,0.3248678147792816,183.131103515625,1,0.875,{},5,0.3279999999795109,2026-09-13T03:48:47.568993+00:00
2954,focused,orientation,orientation_recall_minimal,23632,174800,0.43852248787879944,82.30647277832031,1,0.75,{},5,0.3130000000819564,2026-09-13T03:48:47.893938+00:00
2955,focused,motion_direction,motion_L8,23640,174888,0.43923625349998474,16.456933975219727,1,0.875,{},11,0.6879999998491257,2026-09-13T03:48:48.590122+00:00
2956,focused,orientation,orientation_recall_D4,23648,174976,0.4412938952445984,9.281681060791016,1,0.75,{},11,0.6870000001508743,2026-09-13T03:48:49.289565+00:00
2957,focused,motion_direction,motion_L2,23656,175016,0.010358044877648354,0.6633228063583374,0,1.0,{},5,0.31200000015087426,2026-09-13T03:48:49.601654+00:00
2958,focused,orientation,orientation_recall_minimal,23664,175056,0.09186682105064392,15.368480682373047,1,1.0,{},5,0.2970000000204891,2026-09-13T03:48:49.906372+00:00
2959,focused,motion_direction,motion_L8,23672,175144,0.5638326406478882,50.46342849731445,1,0.75,{},11,0.7029999999795109,2026-09-13T03:48:50.608741+00:00
2960,focused,orientation,orientation_recall_D4,23680,175232,0.31120723485946655,26.95225715637207,1,0.875,{},11,0.6720000000204891,2026-09-13T03:48:51.284617+00:00
2961,focused,motion_direction,motion_anchor,23688,175248,0.00034547210088931024,0.020927321165800095,0,1.0,{},2,0.18799999984912574,2026-09-13T03:48:51.460382+00:00
2962,focused,motion_direction,motion_L2,23696,175288,0.011574888601899147,2.5466394424438477,1,1.0,{},5,0.39000000013038516,2026-09-13T03:48:51.863604+00:00
2963,focused,orientation,orientation_recall_minimal,23704,175328,0.1953059732913971,32.750179290771484,1,0.875,{},5,0.32899999991059303,2026-09-13T03:48:52.190808+00:00
2964,focused,motion_direction,motion_L8,23712,175416,0.7440364360809326,35.40147399902344,1,0.625,{},11,0.75,2026-09-13T03:48:52.938377+00:00
2965,focused,orientation,orientation_recall_D4,23720,175504,0.6755222082138062,48.4725456237793,1,0.625,{},11,0.671000000089407,2026-09-13T03:48:53.606075+00:00
2966,focused,motion_direction,motion_L2,23728,175544,0.1905110627412796,134.42599487304688,1,0.875,{},5,0.34399999980814755,2026-09-13T03:48:53.949226+00:00
2967,focused,orientation,orientation_recall_minimal,23736,175584,0.07051244378089905,2.8989667892456055,1,1.0,{},5,0.2970000000204891,2026-09-13T03:48:54.249998+00:00
2968,focused,motion_direction,motion_L8,23744,175672,1.126792073249817,131.40821838378906,1,0.625,{},11,0.7029999999795109,2026-09-13T03:48:54.951491+00:00
2969,focused,orientation,orientation_recall_D4,23752,175760,0.39084702730178833,21.71999168395996,1,0.875,{},11,0.6560000001918525,2026-09-13T03:48:55.602207+00:00
2970,focused,motion_direction,motion_L2,23760,175800,0.020409680902957916,7.842021465301514,1,1.0,{},5,0.35999999986961484,2026-09-13T03:48:55.964048+00:00
2971,focused,orientation,orientation_anchor,23768,175816,0.012383246794342995,0.4136294424533844,0,1.0,{},2,0.14000000013038516,2026-09-13T03:48:56.098732+00:00
2972,focused,orientation,orientation_recall_minimal,23776,175856,0.24702088534832,72.4289779663086,1,0.875,{},5,0.32899999991059303,2026-09-13T03:48:56.429285+00:00
2973,focused,motion_direction,motion_L8,23784,175944,1.060347318649292,84.47892761230469,1,0.625,{},11,0.6559999999590218,2026-09-13T03:48:57.089245+00:00
2974,focused,orientation,orientation_recall_D4,23792,176032,0.7248189449310303,38.0030403137207,1,0.5,{},11,0.7650000001303852,2026-09-13T03:48:57.855696+00:00
2975,focused,motion_direction,motion_L2,23800,176072,0.02704652212560177,13.052816390991211,1,1.0,{},5,0.34399999980814755,2026-09-13T03:48:58.197697+00:00
2976,focused,orientation,orientation_recall_minimal,23808,176112,0.1108832061290741,24.152719497680664,1,1.0,{},5,0.32800000021234155,2026-09-13T03:48:58.528422+00:00
2977,focused,motion_direction,motion_L8,23816,176200,0.4839864671230316,72.97944641113281,1,0.875,{},11,0.6879999998491257,2026-09-13T03:48:59.214027+00:00
2978,focused,orientation,orientation_recall_D4,23824,176288,0.5709950923919678,22.734657287597656,1,0.75,{},11,0.6720000000204891,2026-09-13T03:48:59.887695+00:00
2979,focused,motion_direction,motion_L2,23832,176328,0.46521541476249695,77.64205932617188,1,0.75,{},5,0.34300000010989606,2026-09-13T03:49:00.235581+00:00
2980,focused,orientation,orientation_recall_minimal,23840,176368,0.032362233847379684,1.0660390853881836,1,1.0,{},5,0.35999999986961484,2026-09-13T03:49:00.590364+00:00
2981,focused,motion_direction,motion_anchor,23848,176384,0.0004037614562548697,0.06549141556024551,0,1.0,{},2,0.14000000013038516,2026-09-13T03:49:00.737738+00:00
2982,focused,motion_direction,motion_L8,23856,176472,1.2782418727874756,73.24689483642578,1,0.5,{},11,0.7189999998081475,2026-09-13T03:49:01.448637+00:00
2983,focused,orientation,orientation_recall_D4,23864,176560,0.5399892926216125,14.141106605529785,1,0.625,{},11,0.6880000000819564,2026-09-13T03:49:02.134690+00:00
2984,focused,motion_direction,motion_L2,23872,176600,0.009074361063539982,1.156804084777832,1,1.0,{},5,0.3119999999180436,2026-09-13T03:49:02.447090+00:00
2985,focused,orientation,orientation_recall_minimal,23880,176640,0.042264264076948166,2.8944146633148193,1,1.0,{},5,0.32800000021234155,2026-09-13T03:49:02.777153+00:00
2986,focused,motion_direction,motion_L8,23888,176728,0.8227999210357666,56.02769088745117,1,0.625,{},11,0.75,2026-09-13T03:49:03.525861+00:00
2987,focused,orientation,orientation_recall_D4,23896,176816,0.3102310299873352,21.271608352661133,1,0.875,{},11,0.6569999998901039,2026-09-13T03:49:04.186110+00:00
2988,focused,motion_direction,motion_L2,23904,176856,0.03919048607349396,19.21193504333496,1,1.0,{},5,0.3279999999795109,2026-09-13T03:49:04.521327+00:00
2989,focused,orientation,orientation_recall_minimal,23912,176896,0.4769480228424072,57.28329086303711,1,0.75,{},5,0.3279999999795109,2026-09-13T03:49:04.852062+00:00
2990,focused,motion_direction,motion_L8,23920,176984,0.9716205596923828,109.18951416015625,1,0.625,{},11,0.8599999998696148,2026-09-13T03:49:05.716743+00:00
2991,focused,orientation,orientation_anchor,23928,177000,0.00017269035743083805,0.006630957126617432,0,1.0,{},2,0.1559999999590218,2026-09-13T03:49:05.866402+00:00
2992,focused,orientation,orientation_recall_D4,23936,177088,0.1408938467502594,16.935388565063477,1,1.0,{},11,0.6410000000614673,2026-09-13T03:49:06.521933+00:00
2993,focused,motion_direction,motion_L2,23944,177128,0.07345351576805115,60.665802001953125,1,1.0,{},5,0.34399999980814755,2026-09-13T03:49:06.879364+00:00
2994,focused,orientation,orientation_recall_minimal,23952,177168,0.39827781915664673,16.004409790039062,1,0.875,{},5,0.2970000000204891,2026-09-13T03:49:07.184372+00:00
2995,focused,motion_direction,motion_L8,23960,177256,1.1006969213485718,18.21535301208496,1,0.75,{},11,0.7339999999385327,2026-09-13T03:49:07.923035+00:00
2996,focused,orientation,orientation_recall_D4,23968,177344,0.8127211928367615,113.30452728271484,1,0.5,{},11,0.7190000000409782,2026-09-13T03:49:08.635503+00:00
2997,focused,motion_direction,motion_L2,23976,177384,0.1328287273645401,129.69749450683594,1,0.875,{},5,0.34300000010989606,2026-09-13T03:49:08.986482+00:00
2998,focused,orientation,orientation_recall_minimal,23984,177424,0.22392216324806213,73.57755279541016,1,0.875,{},5,0.2970000000204891,2026-09-13T03:49:09.282312+00:00
2999,focused,motion_direction,motion_L8,23992,177512,1.1173330545425415,23.450841903686523,1,0.5,{},11,0.7349999998696148,2026-09-13T03:49:10.015717+00:00
3000,focused,orientation,orientation_recall_D4,24000,177600,0.6514785289764404,84.29154968261719,1,0.75,{},11,0.6869999999180436,2026-09-13T03:49:10.704591+00:00
3001,focused,motion_direction,motion_anchor,24008,177616,0.017543001100420952,1.7605669498443604,1,1.0,{},2,0.15600000019185245,2026-09-13T03:49:10.853596+00:00
3002,focused,motion_direction,motion_L2,24016,177656,0.019880136474967003,9.735664367675781,1,1.0,{},5,0.375,2026-09-13T03:49:11.228387+00:00
3003,focused,orientation,orientation_recall_minimal,24024,177696,0.20935602486133575,57.02442169189453,1,0.875,{},5,0.31299999984912574,2026-09-13T03:49:11.538960+00:00
3004,focused,motion_direction,motion_L8,24032,177784,0.8367663621902466,22.584903717041016,1,0.625,{},11,0.7029999999795109,2026-09-13T03:49:12.251045+00:00
3005,focused,orientation,orientation_recall_D4,24040,177872,0.40415915846824646,22.343996047973633,1,0.75,{},11,0.6560000001918525,2026-09-13T03:49:12.908756+00:00
3006,focused,motion_direction,motion_L2,24048,177912,0.023690443485975266,9.905508041381836,1,1.0,{},5,0.375,2026-09-13T03:49:13.285688+00:00
3007,focused,orientation,orientation_recall_minimal,24056,177952,0.48238638043403625,10.106953620910645,1,0.875,{},5,0.2809999999590218,2026-09-13T03:49:13.574236+00:00
3008,focused,motion_direction,motion_L8,24064,178040,0.4607044756412506,65.41854095458984,1,0.875,{},11,0.7350000001024455,2026-09-13T03:49:14.312262+00:00
3009,focused,orientation,orientation_recall_D4,24072,178128,0.7915177345275879,213.01837158203125,1,0.625,"{""state_mean"": {""input_saturation"": 0.07723721590909091, ""input_mean"": 0.15880342234264722, ""forget_saturation"": 0.5946377840909091, ""forget_mean"": 0.9007816531441428, ""output_saturation"": 0.023792613636363636, ""output_mean"": 0.48682016134262085, ""candidate_saturation"": 0.12167080965909091, ""state0_rms"": 0.8597497384656559, ""state0_max"": 4.1413023905320605, ""state1_rms"": 0.23926270820877768, ""state1_max"": 0.9304495020346208}, ""state_peak"": {""state0_max"": 7.204978942871094, ""state1_max"": 0.9946322441101074}, ""early_representation_gradient_norm"": 0.0038893106393516064, ""late_representation_gradient_norm"": 0.4130133092403412, ""core_gradient_norm"": 4.464354991912842, ""recurrent_gradient_rms"": 0.00492165656760335, ""recurrent_gradient_median_abs"": 0.00013898598263040185, ""current_gradient_fraction_below_adam_eps"": 3.814697265625e-06, ""effective_recurrent_relative_update"": 0.009350922890007496}",11,0.7180000001098961,2026-09-13T03:49:15.031803+00:00
3010,focused,motion_direction,motion_L2,24080,178168,0.03257085010409355,14.634786605834961,1,1.0,{},5,0.34399999980814755,2026-09-13T03:49:15.366995+00:00
3011,focused,orientation,orientation_anchor,24088,178184,0.00043586568790487945,0.021879440173506737,0,1.0,{},2,0.15600000019185245,2026-09-13T03:49:15.535756+00:00
3012,focused,orientation,orientation_recall_minimal,24096,178224,0.5193432569503784,8.695460319519043,1,0.75,{},5,0.3440000000409782,2026-09-13T03:49:15.892657+00:00
3013,focused,motion_direction,motion_L8,24104,178312,0.5799607038497925,36.12342071533203,1,0.875,{},11,0.7029999999795109,2026-09-13T03:49:16.594862+00:00
3014,focused,orientation,orientation_recall_D4,24112,178400,0.48105788230895996,147.33975219726562,1,0.75,{},11,0.7190000000409782,2026-09-13T03:49:17.316748+00:00
3015,focused,motion_direction,motion_L2,24120,178440,0.22512313723564148,92.86074829101562,1,0.875,{},5,0.3440000000409782,2026-09-13T03:49:17.665711+00:00
3016,focused,orientation,orientation_recall_minimal,24128,178480,0.043281540274620056,1.6144273281097412,1,1.0,{},5,0.3279999999795109,2026-09-13T03:49:17.996407+00:00
3017,focused,motion_direction,motion_L8,24136,178568,1.341230869293213,100.83500671386719,1,0.625,{},11,0.6880000000819564,2026-09-13T03:49:18.679190+00:00
3018,focused,orientation,orientation_recall_D4,24144,178656,0.7918086051940918,27.963048934936523,1,0.625,{},11,0.6869999999180436,2026-09-13T03:49:19.365820+00:00
3019,focused,motion_direction,motion_L2,24152,178696,0.08845371752977371,7.631950855255127,1,1.0,{},5,0.2970000000204891,2026-09-13T03:49:19.670718+00:00
3020,focused,orientation,orientation_recall_minimal,24160,178736,0.2679629623889923,60.65730285644531,1,0.875,{},5,0.31200000015087426,2026-09-13T03:49:19.973930+00:00
3021,focused,motion_direction,motion_anchor,24168,178752,0.00018449209164828062,0.026985440403223038,0,1.0,{},2,0.15699999989010394,2026-09-13T03:49:20.142485+00:00
3022,focused,motion_direction,motion_L8,24176,178840,1.154244303703308,109.71994018554688,1,0.625,{},11,0.6720000000204891,2026-09-13T03:49:20.817454+00:00
3023,focused,orientation,orientation_recall_D4,24184,178928,0.37790772318840027,15.908960342407227,1,0.75,{},11,0.6880000000819564,2026-09-13T03:49:21.508676+00:00
3024,focused,motion_direction,motion_L2,24192,178968,0.1491025984287262,87.37338256835938,1,0.875,{},5,0.3279999999795109,2026-09-13T03:49:21.838576+00:00
3025,focused,orientation,orientation_recall_minimal,24200,179008,0.6275436282157898,78.47518157958984,1,0.75,{},5,0.31200000015087426,2026-09-13T03:49:22.150652+00:00
3026,focused,motion_direction,motion_L8,24208,179096,0.30802637338638306,30.77898406982422,1,0.875,{},11,0.7189999998081475,2026-09-13T03:49:22.878437+00:00
3027,focused,orientation,orientation_recall_D4,24216,179184,0.9531749486923218,118.54813385009766,1,0.375,{},11,0.75,2026-09-13T03:49:23.632547+00:00
3028,focused,motion_direction,motion_L2,24224,179224,0.035042859613895416,7.892096519470215,1,1.0,{},5,0.3589999999385327,2026-09-13T03:49:23.991846+00:00
3029,focused,orientation,orientation_recall_minimal,24232,179264,0.06365066766738892,7.03648042678833,1,1.0,{},5,0.3130000000819564,2026-09-13T03:49:24.304226+00:00
3030,focused,motion_direction,motion_L8,24240,179352,0.6492919325828552,17.674283981323242,1,0.75,{},11,0.7339999999385327,2026-09-13T03:49:25.041192+00:00
3031,focused,orientation,orientation_anchor,24248,179368,0.003873920300975442,0.254359632730484,0,1.0,{},2,0.1559999999590218,2026-09-13T03:49:25.202073+00:00
3032,focused,orientation,orientation_recall_D4,24256,179456,0.3834390640258789,28.007183074951172,1,0.75,{},11,0.625,2026-09-13T03:49:25.834906+00:00
3033,focused,motion_direction,motion_L2,24264,179496,0.011620830744504929,1.6356409788131714,1,1.0,{},5,0.3440000000409782,2026-09-13T03:49:26.180426+00:00
3034,focused,orientation,orientation_recall_minimal,24272,179536,0.7435349225997925,18.829002380371094,1,0.75,{},5,0.3119999999180436,2026-09-13T03:49:26.492866+00:00
3035,focused,motion_direction,motion_L8,24280,179624,1.1261812448501587,98.21744537353516,1,0.625,{},11,0.7190000000409782,2026-09-13T03:49:27.210750+00:00
3036,focused,orientation,orientation_recall_D4,24288,179712,0.725114643573761,10.141624450683594,1,0.375,{},11,0.6400000001303852,2026-09-13T03:49:27.856724+00:00
3037,focused,motion_direction,motion_L2,24296,179752,0.6092922687530518,163.2431182861328,1,0.875,{},5,0.32899999991059303,2026-09-13T03:49:28.187926+00:00
3038,focused,orientation,orientation_recall_minimal,24304,179792,0.04459578916430473,1.7257217168807983,1,1.0,{},5,0.3279999999795109,2026-09-13T03:49:28.509870+00:00
3039,focused,motion_direction,motion_L8,24312,179880,0.8451582193374634,107.43868255615234,1,0.75,{},11,0.6869999999180436,2026-09-13T03:49:29.196816+00:00
3040,focused,orientation,orientation_recall_D4,24320,179968,0.5187991857528687,88.67904663085938,1,0.625,{},11,0.6410000000614673,2026-09-13T03:49:29.843982+00:00
3041,focused,motion_direction,motion_anchor,24328,179984,0.0006934464909136295,0.15772613883018494,0,1.0,{},2,0.14000000013038516,2026-09-13T03:49:29.987236+00:00
3042,focused,motion_direction,motion_L2,24336,180024,0.030071016401052475,9.501508712768555,1,1.0,{},5,0.35999999986961484,2026-09-13T03:49:30.347052+00:00
3043,focused,orientation,orientation_recall_minimal,24344,180064,0.03469298779964447,3.186805009841919,1,1.0,{},5,0.31200000015087426,2026-09-13T03:49:30.659567+00:00
3044,focused,motion_direction,motion_L8,24352,180152,0.1968151479959488,41.944358825683594,1,0.875,{},11,0.7029999999795109,2026-09-13T03:49:31.363931+00:00
3045,focused,orientation,orientation_recall_D4,24360,180240,0.540947437286377,44.38582229614258,1,0.75,{},11,0.6560000001918525,2026-09-13T03:49:32.031141+00:00
3046,focused,motion_direction,motion_L2,24368,180280,0.014329688623547554,3.3820760250091553,1,1.0,{},5,0.34399999980814755,2026-09-13T03:49:32.371839+00:00
3047,focused,orientation,orientation_recall_minimal,24376,180320,0.02078370563685894,0.9195994138717651,0,1.0,{},5,0.35900000017136335,2026-09-13T03:49:32.728650+00:00
3048,focused,motion_direction,motion_L8,24384,180408,0.7141381502151489,29.10480308532715,1,0.625,{},11,0.7819999998901039,2026-09-13T03:49:33.517354+00:00
3049,focused,orientation,orientation_recall_D4,24392,180496,0.5730058550834656,17.387243270874023,1,0.75,{},11,0.6400000001303852,2026-09-13T03:49:34.158933+00:00
3050,focused,motion_direction,motion_L2,24400,180536,0.6802151799201965,232.19154357910156,1,0.875,{},5,0.34399999980814755,2026-09-13T03:49:34.492286+00:00
3051,focused,orientation,orientation_anchor,24408,180552,0.0004456379101611674,0.015563540160655975,0,1.0,{},2,0.125,2026-09-13T03:49:34.629630+00:00
3052,focused,orientation,orientation_recall_minimal,24416,180592,0.5042639374732971,168.0030975341797,1,0.625,{},5,0.3589999999385327,2026-09-13T03:49:34.994460+00:00
3053,focused,motion_direction,motion_L8,24424,180680,0.5078099966049194,143.89129638671875,1,0.75,{},11,0.6880000000819564,2026-09-13T03:49:35.690909+00:00
3054,focused,orientation,orientation_recall_D4,24432,180768,0.8391083478927612,189.12744140625,1,0.5,{},11,0.671000000089407,2026-09-13T03:49:36.354116+00:00
3055,focused,motion_direction,motion_L2,24440,180808,0.011313173919916153,1.3028030395507812,1,1.0,{},5,0.32899999991059303,2026-09-13T03:49:36.686798+00:00
3056,focused,orientation,orientation_recall_minimal,24448,180848,0.8552359342575073,180.52662658691406,1,0.75,{},5,0.3279999999795109,2026-09-13T03:49:37.005853+00:00
3057,focused,motion_direction,motion_L8,24456,180936,1.1686179637908936,43.59856414794922,1,0.625,{},11,0.7180000001098961,2026-09-13T03:49:37.734812+00:00
3058,focused,orientation,orientation_recall_D4,24464,181024,0.5464584827423096,183.07440185546875,1,0.625,{},11,0.6409999998286366,2026-09-13T03:49:38.378531+00:00
3059,focused,motion_direction,motion_L2,24472,181064,0.013216294348239899,3.58534574508667,1,1.0,{},5,0.3440000000409782,2026-09-13T03:49:38.710948+00:00
3060,focused,orientation,orientation_recall_minimal,24480,181104,0.4464222192764282,44.58732223510742,1,0.875,{},5,0.3589999999385327,2026-09-13T03:49:39.077573+00:00
3061,focused,motion_direction,motion_anchor,24488,181120,0.0005760720232501626,0.0775693953037262,0,1.0,{},2,0.1410000000614673,2026-09-13T03:49:39.218705+00:00
3062,focused,motion_direction,motion_L8,24496,181208,0.4788323640823364,43.058834075927734,1,0.875,{},11,0.7029999999795109,2026-09-13T03:49:39.918751+00:00
3063,focused,orientation,orientation_recall_D4,24504,181296,0.4153018295764923,13.640581130981445,1,0.875,{},11,0.6559999999590218,2026-09-13T03:49:40.576902+00:00
3064,focused,motion_direction,motion_L2,24512,181336,0.007158436346799135,0.27933546900749207,0,1.0,{},5,0.3600000001024455,2026-09-13T03:49:40.938007+00:00
3065,focused,orientation,orientation_recall_minimal,24520,181376,0.07201480865478516,51.94203567504883,1,1.0,{},5,0.3119999999180436,2026-09-13T03:49:41.251790+00:00
3066,focused,motion_direction,motion_L8,24528,181464,0.8987016677856445,62.80850601196289,1,0.75,{},11,0.7810000001918525,2026-09-13T03:49:42.028245+00:00
3067,focused,orientation,orientation_recall_D4,24536,181552,0.2859957814216614,24.387847900390625,1,0.875,{},11,0.625,2026-09-13T03:49:42.656244+00:00
3068,focused,motion_direction,motion_L2,24544,181592,0.2081872969865799,255.63661193847656,1,0.875,{},5,0.35999999986961484,2026-09-13T03:49:43.008328+00:00
3069,focused,orientation,orientation_recall_minimal,24552,181632,0.013633412308990955,1.8774586915969849,1,1.0,{},5,0.2970000000204891,2026-09-13T03:49:43.310861+00:00
3070,focused,motion_direction,motion_L8,24560,181720,0.5158684253692627,46.34053039550781,1,0.75,{},11,0.7180000001098961,2026-09-13T03:49:44.034278+00:00
3071,focused,orientation,orientation_anchor,24568,181736,0.001075729145668447,0.02614542283117771,0,1.0,{},2,0.14099999982863665,2026-09-13T03:49:44.173046+00:00
3072,focused,orientation,orientation_recall_D4,24576,181824,0.4331762492656708,17.340961456298828,1,0.75,{},11,0.6720000000204891,2026-09-13T03:49:44.844636+00:00
3073,focused,motion_direction,motion_L2,24584,181864,0.2513996362686157,284.55364990234375,1,0.875,"{""state_mean"": {""input_saturation"": 0.04443359375, ""input_mean"": 0.1618437647819519, ""forget_saturation"": 0.57041015625, ""forget_mean"": 0.9082510828971863, ""output_saturation"": 0.0248046875, ""output_mean"": 0.48896482586860657, ""candidate_saturation"": 0.11181640625, ""state0_rms"": 0.3633796006441116, ""state0_max"": 1.470024788379669, ""state1_rms"": 0.20290746986865998, ""state1_max"": 0.7856565117835999}, ""state_peak"": {""state0_max"": 2.3141074180603027, ""state1_max"": 0.9535955786705017}, ""early_representation_gradient_norm"": 0.06984451413154602, ""late_representation_gradient_norm"": 0.0818534642457962, ""core_gradient_norm"": 11.162290573120117, ""recurrent_gradient_rms"": 0.008697029203176498, ""recurrent_gradient_median_abs"": 6.468914943980053e-05, ""current_gradient_fraction_below_adam_eps"": 0.0, ""effective_recurrent_relative_update"": 0.0046074893325567245}",5,0.3899999998975545,2026-09-13T03:49:45.330914+00:00
3074,focused,orientation,orientation_recall_minimal,24592,181904,0.2056429386138916,36.99479293823242,1,0.875,{},5,0.3600000001024455,2026-09-13T03:49:45.686145+00:00
3075,focused,motion_direction,motion_L8,24600,181992,0.4186471700668335,29.271881103515625,1,0.875,{},11,0.8279999999795109,2026-09-13T03:49:46.506302+00:00
3076,focused,orientation,orientation_recall_D4,24608,182080,0.3277483284473419,47.43174743652344,1,0.875,{},11,0.625,2026-09-13T03:49:47.137888+00:00
3077,focused,motion_direction,motion_L2,24616,182120,0.0244307741522789,28.870773315429688,1,1.0,{},5,0.3279999999795109,2026-09-13T03:49:47.462354+00:00
3078,focused,orientation,orientation_recall_minimal,24624,182160,0.013818703591823578,0.22843602299690247,0,1.0,{},5,0.3589999999385327,2026-09-13T03:49:47.824773+00:00
3079,focused,motion_direction,motion_L8,24632,182248,0.27319079637527466,27.896873474121094,1,0.875,{},11,0.7350000001024455,2026-09-13T03:49:48.561799+00:00
3080,focused,orientation,orientation_recall_D4,24640,182336,0.5615196228027344,83.24627685546875,1,0.75,{},11,0.7029999999795109,2026-09-13T03:49:49.258470+00:00
3081,focused,motion_direction,motion_anchor,24648,182352,0.0017882082611322403,0.23937711119651794,0,1.0,{},2,0.1720000000204891,2026-09-13T03:49:49.430891+00:00
3082,focused,motion_direction,motion_L2,24656,182392,0.011017805896699429,2.0161147117614746,1,1.0,{},5,0.3279999999795109,2026-09-13T03:49:49.760165+00:00
3083,focused,orientation,orientation_recall_minimal,24664,182432,0.020019695162773132,4.513625621795654,1,1.0,{},5,0.34300000010989606,2026-09-13T03:49:50.101037+00:00
3084,focused,motion_direction,motion_L8,24672,182520,0.757128119468689,90.6182861328125,1,0.5,{},11,0.75,2026-09-13T03:49:50.863539+00:00
3085,focused,orientation,orientation_recall_D4,24680,182608,0.5999996662139893,54.89847946166992,1,0.75,{},11,0.6879999998491257,2026-09-13T03:49:51.541805+00:00
3086,focused,motion_direction,motion_L2,24688,182648,0.007401167415082455,2.086454391479492,1,1.0,{},5,0.3279999999795109,2026-09-13T03:49:51.875654+00:00
3087,focused,orientation,orientation_recall_minimal,24696,182688,0.011404828168451786,0.49294671416282654,0,1.0,{},5,0.3279999999795109,2026-09-13T03:49:52.197663+00:00
3088,focused,motion_direction,motion_L8,24704,182776,1.2509809732437134,114.32243347167969,1,0.5,{},11,0.75,2026-09-13T03:49:52.952905+00:00
3089,focused,orientation,orientation_recall_D4,24712,182864,0.26118573546409607,87.41256713867188,1,0.875,{},11,0.6410000000614673,2026-09-13T03:49:53.597800+00:00
3090,focused,motion_direction,motion_L2,24720,182904,0.008148647844791412,2.598540782928467,1,1.0,{},5,0.3440000000409782,2026-09-13T03:49:53.936006+00:00
3091,focused,orientation,orientation_anchor,24728,182920,0.005478826351463795,0.179148331284523,0,1.0,{},2,0.17100000008940697,2026-09-13T03:49:54.102409+00:00
3092,focused,orientation,orientation_recall_minimal,24736,182960,0.41432592272758484,19.27129554748535,1,0.875,{},5,0.31299999984912574,2026-09-13T03:49:54.421671+00:00
3093,focused,motion_direction,motion_L8,24744,183048,0.5010039210319519,41.67045593261719,1,0.875,{},11,0.75,2026-09-13T03:49:55.176160+00:00
3094,focused,orientation,orientation_recall_D4,24752,183136,0.7778290510177612,133.19259643554688,1,0.625,{},11,0.7340000001713634,2026-09-13T03:49:55.903704+00:00
3095,focused,motion_direction,motion_L2,24760,183176,0.0069195982068777084,0.8913580775260925,0,1.0,{},5,0.39099999982863665,2026-09-13T03:49:56.288662+00:00
3096,focused,orientation,orientation_recall_minimal,24768,183216,0.44834262132644653,43.59282302856445,1,0.75,{},5,0.2970000000204891,2026-09-13T03:49:56.593115+00:00
3097,focused,motion_direction,motion_L8,24776,183304,0.9308720231056213,59.34573745727539,1,0.75,{},11,0.7809999999590218,2026-09-13T03:49:57.373542+00:00
3098,focused,orientation,orientation_recall_D4,24784,183392,0.31467458605766296,78.20991516113281,1,0.875,{},11,0.6880000000819564,2026-09-13T03:49:58.060854+00:00
3099,focused,motion_direction,motion_L2,24792,183432,0.023263664916157722,19.796241760253906,1,1.0,{},5,0.3279999999795109,2026-09-13T03:49:58.387942+00:00
3100,focused,orientation,orientation_recall_minimal,24800,183472,0.3142165541648865,18.739953994750977,1,0.875,{},5,0.375,2026-09-13T03:49:58.759600+00:00
3101,focused,motion_direction,motion_anchor,24808,183488,0.1588662564754486,31.602895736694336,1,0.875,{},2,0.1720000000204891,2026-09-13T03:49:58.942812+00:00
3102,focused,motion_direction,motion_L8,24816,183576,0.7652437090873718,17.779539108276367,1,0.75,{},11,0.7030000002123415,2026-09-13T03:49:59.662124+00:00
3103,focused,orientation,orientation_recall_D4,24824,183664,1.1824268102645874,294.4005126953125,1,0.5,{},11,0.7340000001713634,2026-09-13T03:50:00.399699+00:00
3104,focused,motion_direction,motion_L2,24832,183704,0.14289602637290955,47.22163772583008,1,0.875,{},5,0.29699999978765845,2026-09-13T03:50:00.704415+00:00
3105,focused,orientation,orientation_recall_minimal,24840,183744,0.44763487577438354,210.43215942382812,1,0.75,{},5,0.32800000021234155,2026-09-13T03:50:01.025960+00:00
3106,focused,motion_direction,motion_L8,24848,183832,0.7476685047149658,71.0194091796875,1,0.75,{},11,0.7819999998901039,2026-09-13T03:50:01.807072+00:00
3107,focused,orientation,orientation_recall_D4,24856,183920,0.46527910232543945,108.35962677001953,1,0.75,{},11,0.7649999998975545,2026-09-13T03:50:02.581137+00:00
3108,focused,motion_direction,motion_L2,24864,183960,0.3393237590789795,104.4460678100586,1,0.875,{},5,0.375,2026-09-13T03:50:02.945087+00:00
3109,focused,orientation,orientation_recall_minimal,24872,184000,0.7772178649902344,15.797759056091309,1,0.75,{},5,0.375,2026-09-13T03:50:03.331990+00:00
3110,focused,motion_direction,motion_L8,24880,184088,0.12383782118558884,12.221899032592773,1,1.0,{},11,0.7660000000614673,2026-09-13T03:50:04.099036+00:00
3111,focused,orientation,orientation_anchor,24888,184104,0.001930610160343349,0.0630117654800415,0,1.0,{},2,0.14099999982863665,2026-09-13T03:50:04.242233+00:00
3112,focused,orientation,orientation_recall_D4,24896,184192,0.13194598257541656,23.388784408569336,1,1.0,{},11,0.6410000000614673,2026-09-13T03:50:04.891617+00:00
3113,focused,motion_direction,motion_L2,24904,184232,0.6999703645706177,288.04693603515625,1,0.75,{},5,0.3119999999180436,2026-09-13T03:50:05.206162+00:00
3114,focused,orientation,orientation_recall_minimal,24912,184272,0.6791422963142395,191.6818084716797,1,0.75,{},5,0.375,2026-09-13T03:50:05.575769+00:00
3115,focused,motion_direction,motion_L8,24920,184360,0.5628924369812012,152.36988830566406,1,0.75,{},11,0.8130000000819564,2026-09-13T03:50:06.396285+00:00
3116,focused,orientation,orientation_recall_D4,24928,184448,0.7517355680465698,91.67233276367188,1,0.625,{},11,0.7659999998286366,2026-09-13T03:50:07.169891+00:00
3117,focused,motion_direction,motion_L2,24936,184488,0.4802369177341461,516.0125732421875,1,0.75,{},5,0.3440000000409782,2026-09-13T03:50:07.515085+00:00
3118,focused,orientation,orientation_recall_minimal,24944,184528,0.06739284843206406,22.294958114624023,1,1.0,{},5,0.3589999999385327,2026-09-13T03:50:07.871410+00:00
3119,focused,motion_direction,motion_L8,24952,184616,0.29264169931411743,24.14691162109375,1,0.875,{},11,0.6560000001918525,2026-09-13T03:50:08.533281+00:00
3120,focused,orientation,orientation_recall_D4,24960,184704,0.4538690447807312,39.23310470581055,1,0.75,{},11,0.6569999998901039,2026-09-13T03:50:09.181793+00:00
3121,focused,motion_direction,motion_anchor,24968,184720,0.004627341870218515,1.1544121503829956,1,1.0,{},2,0.1559999999590218,2026-09-13T03:50:09.348794+00:00
3122,focused,motion_direction,motion_L2,24976,184760,0.2009500414133072,30.9299373626709,1,0.875,{},5,0.31299999984912574,2026-09-13T03:50:09.671106+00:00
3123,focused,orientation,orientation_recall_minimal,24984,184800,0.018123671412467957,1.8582381010055542,1,1.0,{},5,0.31200000015087426,2026-09-13T03:50:09.976791+00:00
3124,focused,motion_direction,motion_L8,24992,184888,0.26232466101646423,18.987293243408203,1,0.875,{},11,0.7189999998081475,2026-09-13T03:50:10.701180+00:00
3125,focused,orientation,orientation_recall_D4,25000,184976,0.8735475540161133,101.48153686523438,1,0.625,{},11,0.6880000000819564,2026-09-13T03:50:11.387185+00:00
3126,focused,motion_direction,motion_L2,25008,185016,1.0544302463531494,184.45217895507812,1,0.75,{},5,0.3279999999795109,2026-09-13T03:50:11.717822+00:00
3127,focused,orientation,orientation_recall_minimal,25016,185056,0.09560108184814453,61.732303619384766,1,1.0,{},5,0.3279999999795109,2026-09-13T03:50:12.039102+00:00
3128,focused,motion_direction,motion_L8,25024,185144,0.5446258783340454,78.74847412109375,1,0.625,{},11,0.6720000000204891,2026-09-13T03:50:12.723058+00:00
3129,focused,orientation,orientation_recall_D4,25032,185232,0.31615906953811646,22.1770076751709,1,0.875,{},11,0.6870000001508743,2026-09-13T03:50:13.403181+00:00
3130,focused,motion_direction,motion_L2,25040,185272,0.013153398409485817,5.958123207092285,1,1.0,{},5,0.34399999980814755,2026-09-13T03:50:13.740769+00:00
3131,focused,orientation,orientation_anchor,25048,185288,0.0018684291280806065,0.0481487512588501,0,1.0,{},2,0.1720000000204891,2026-09-13T03:50:13.925188+00:00
3132,focused,orientation,orientation_recall_minimal,25056,185328,0.022654380649328232,2.7508175373077393,1,1.0,{},5,0.3440000000409782,2026-09-13T03:50:14.266821+00:00
3133,focused,motion_direction,motion_L8,25064,185416,0.47851061820983887,29.12657928466797,1,0.875,{},11,0.7970000000204891,2026-09-13T03:50:15.055002+00:00
3134,focused,orientation,orientation_recall_D4,25072,185504,0.31502506136894226,17.803428649902344,1,0.875,{},11,0.6559999999590218,2026-09-13T03:50:15.710066+00:00
3135,focused,motion_direction,motion_L2,25080,185544,0.007873986847698689,0.4105610251426697,0,1.0,{},5,0.2970000000204891,2026-09-13T03:50:16.020415+00:00
3136,focused,orientation,orientation_recall_minimal,25088,185584,0.01815168745815754,0.5694701075553894,0,1.0,{},5,0.28199999989010394,2026-09-13T03:50:16.319992+00:00
3137,focused,motion_direction,motion_L8,25096,185672,0.4301065504550934,58.23737335205078,1,0.875,"{""state_mean"": {""input_saturation"": 0.03209339488636364, ""input_mean"": 0.1636636433276263, ""forget_saturation"": 0.5675603693181818, ""forget_mean"": 0.9078935222192244, ""output_saturation"": 0.028719815340909092, ""output_mean"": 0.4889202930710532, ""candidate_saturation"": 0.11017400568181818, ""state0_rms"": 0.4867829382419586, ""state0_max"": 3.102214964953336, ""state1_rms"": 0.2324403775009242, ""state1_max"": 0.8944841081445868}, ""state_peak"": {""state0_max"": 4.913365840911865, ""state1_max"": 0.9830176830291748}, ""early_representation_gradient_norm"": 0.019270963966846466, ""late_representation_gradient_norm"": 0.04554290324449539, ""core_gradient_norm"": 5.520007610321045, ""recurrent_gradient_rms"": 0.0047028870321810246, ""recurrent_gradient_median_abs"": 6.356680387398228e-05, ""current_gradient_fraction_below_adam_eps"": 3.814697265625e-06, ""effective_recurrent_relative_update"": 0.008161572739481926}",11,0.7660000000614673,2026-09-13T03:50:17.098010+00:00
3138,focused,orientation,orientation_recall_D4,25104,185760,0.6713781356811523,24.038410186767578,1,0.75,{},11,0.7339999999385327,2026-09-13T03:50:17.828377+00:00
3139,focused,motion_direction,motion_L2,25112,185800,0.02497720718383789,10.417555809020996,1,1.0,{},5,0.3910000000614673,2026-09-13T03:50:18.222546+00:00
3140,focused,orientation,orientation_recall_minimal,25120,185840,0.41461944580078125,46.01438522338867,1,0.875,{},5,0.3440000000409782,2026-09-13T03:50:18.556335+00:00
3141,focused,motion_direction,motion_anchor,25128,185856,0.0005068227765150368,0.034058768302202225,0,1.0,{},2,0.17100000008940697,2026-09-13T03:50:18.732331+00:00
3142,focused,motion_direction,motion_L8,25136,185944,1.3882689476013184,41.31215286254883,1,0.75,{},11,0.6879999998491257,2026-09-13T03:50:19.417585+00:00
3143,focused,orientation,orientation_recall_D4,25144,186032,0.28731873631477356,19.63963508605957,1,0.875,{},11,0.7660000000614673,2026-09-13T03:50:20.182730+00:00
3144,focused,motion_direction,motion_L2,25152,186072,0.15219061076641083,65.91204833984375,1,0.875,{},5,0.3589999999385327,2026-09-13T03:50:20.547204+00:00
3145,focused,orientation,orientation_recall_minimal,25160,186112,0.4178447723388672,25.277565002441406,1,0.875,{},5,0.35900000017136335,2026-09-13T03:50:20.910349+00:00
3146,focused,motion_direction,motion_L8,25168,186200,1.3557238578796387,95.14031219482422,1,0.5,{},11,0.7189999998081475,2026-09-13T03:50:21.624351+00:00
3147,focused,orientation,orientation_recall_D4,25176,186288,1.1904356479644775,192.58865356445312,1,0.625,{},11,0.7810000001918525,2026-09-13T03:50:22.407139+00:00
3148,focused,motion_direction,motion_L2,25184,186328,0.3978272080421448,110.84422302246094,1,0.875,{},5,0.31299999984912574,2026-09-13T03:50:22.722132+00:00
3149,focused,orientation,orientation_recall_minimal,25192,186368,0.1567455679178238,96.72575378417969,1,0.875,{},5,0.32899999991059303,2026-09-13T03:50:23.068357+00:00
3150,focused,motion_direction,motion_L8,25200,186456,0.3663210868835449,39.69809341430664,1,0.875,{},11,0.7190000000409782,2026-09-13T03:50:23.796231+00:00
3151,focused,orientation,orientation_anchor,25208,186472,0.0008807358099147677,0.022595148533582687,0,1.0,{},2,0.18700000015087426,2026-09-13T03:50:23.987133+00:00
3152,focused,orientation,orientation_recall_D4,25216,186560,0.736126720905304,62.17194747924805,1,0.625,{},11,0.7189999998081475,2026-09-13T03:50:24.701923+00:00
3153,focused,motion_direction,motion_L2,25224,186600,0.6810682415962219,65.98540496826172,1,0.875,{},5,0.3600000001024455,2026-09-13T03:50:25.060355+00:00
3154,focused,orientation,orientation_recall_minimal,25232,186640,0.11902981996536255,70.54138946533203,1,0.875,{},5,0.3279999999795109,2026-09-13T03:50:25.381211+00:00
3155,focused,motion_direction,motion_L8,25240,186728,0.6471278667449951,60.63753128051758,1,0.75,{},11,0.7180000001098961,2026-09-13T03:50:26.108896+00:00
3156,focused,orientation,orientation_recall_D4,25248,186816,1.6431182622909546,129.13113403320312,1,0.625,{},11,0.703999999910593,2026-09-13T03:50:26.816454+00:00
3157,focused,motion_direction,motion_L2,25256,186856,0.12392488867044449,113.0656967163086,1,0.875,{},5,0.34300000010989606,2026-09-13T03:50:27.158214+00:00
3158,focused,orientation,orientation_recall_minimal,25264,186896,0.24192912876605988,152.7865447998047,1,0.875,{},5,0.42199999978765845,2026-09-13T03:50:27.576343+00:00
3159,focused,motion_direction,motion_L8,25272,186984,1.4716602563858032,57.52100372314453,1,0.5,{},11,0.6880000000819564,2026-09-13T03:50:28.265249+00:00
3160,focused,orientation,orientation_recall_D4,25280,187072,1.6135847568511963,190.846923828125,1,0.625,{},11,0.7029999999795109,2026-09-13T03:50:28.961087+00:00
3161,focused,motion_direction,motion_anchor,25288,187088,0.0014286056393757463,0.3194032311439514,0,1.0,{},2,0.14000000013038516,2026-09-13T03:50:29.104304+00:00
3162,focused,motion_direction,motion_L2,25296,187128,0.22997905313968658,196.8160400390625,1,0.875,{},5,0.31299999984912574,2026-09-13T03:50:29.424895+00:00
3163,focused,orientation,orientation_recall_minimal,25304,187168,1.9917261600494385,121.72810363769531,1,0.375,{},5,0.31200000015087426,2026-09-13T03:50:29.738494+00:00
3164,focused,motion_direction,motion_L8,25312,187256,0.44098496437072754,63.48454284667969,1,0.875,{},11,0.8439999998081475,2026-09-13T03:50:30.577229+00:00
3165,focused,orientation,orientation_recall_D4,25320,187344,1.438415765762329,182.11514282226562,1,0.625,{},11,0.6410000000614673,2026-09-13T03:50:31.218194+00:00
3166,focused,motion_direction,motion_L2,25328,187384,0.06598488241434097,74.18475341796875,1,1.0,{},5,0.3279999999795109,2026-09-13T03:50:31.537743+00:00
3167,focused,orientation,orientation_recall_minimal,25336,187424,0.013672291301190853,1.9389146566390991,1,1.0,{},5,0.3279999999795109,2026-09-13T03:50:31.866541+00:00
3168,focused,motion_direction,motion_L8,25344,187512,0.8123964071273804,39.14756393432617,1,0.625,{},11,0.7660000000614673,2026-09-13T03:50:32.644342+00:00
3169,focused,orientation,orientation_recall_D4,25352,187600,0.5518819093704224,41.46268081665039,1,0.625,{},11,0.6409999998286366,2026-09-13T03:50:33.303994+00:00
3170,focused,motion_direction,motion_L2,25360,187640,0.23870566487312317,27.643802642822266,1,0.875,{},5,0.375,2026-09-13T03:50:33.683468+00:00
3171,focused,orientation,orientation_anchor,25368,187656,0.001234295777976513,0.05582983419299126,0,1.0,{},2,0.17100000008940697,2026-09-13T03:50:33.862861+00:00
3172,focused,orientation,orientation_recall_minimal,25376,187696,0.03187411651015282,6.140373229980469,1,1.0,{},5,0.35999999986961484,2026-09-13T03:50:34.216064+00:00
3173,focused,motion_direction,motion_L8,25384,187784,1.0321110486984253,124.37564849853516,1,0.5,{},11,0.6720000000204891,2026-09-13T03:50:34.897152+00:00
3174,focused,orientation,orientation_recall_D4,25392,187872,0.44429445266723633,22.021930694580078,1,0.75,{},11,0.5779999999795109,2026-09-13T03:50:35.482297+00:00
3175,focused,motion_direction,motion_L2,25400,187912,0.3732372522354126,70.7297134399414,1,0.875,{},5,0.34399999980814755,2026-09-13T03:50:35.824416+00:00
3176,focused,orientation,orientation_recall_minimal,25408,187952,0.5445216298103333,66.44893646240234,1,0.875,{},5,0.2970000000204891,2026-09-13T03:50:36.121659+00:00
3177,focused,motion_direction,motion_L8,25416,188040,0.3826355040073395,56.62315368652344,1,0.75,{},11,0.6720000000204891,2026-09-13T03:50:36.801211+00:00
3178,focused,orientation,orientation_recall_D4,25424,188128,0.26587387919425964,38.957481384277344,1,1.0,{},11,0.6559999999590218,2026-09-13T03:50:37.447192+00:00
3179,focused,motion_direction,motion_L2,25432,188168,0.8256262540817261,152.8873748779297,1,0.75,{},5,0.2970000000204891,2026-09-13T03:50:37.754082+00:00
3180,focused,orientation,orientation_recall_minimal,25440,188208,0.04959634691476822,6.888540744781494,1,1.0,{},5,0.3279999999795109,2026-09-13T03:50:38.073328+00:00
3181,focused,motion_direction,motion_anchor,25448,188224,0.00030784320551902056,0.060817185789346695,0,1.0,{},2,0.15600000019185245,2026-09-13T03:50:38.234503+00:00
3182,focused,motion_direction,motion_L8,25456,188312,0.759557843208313,42.86833190917969,1,0.75,{},11,0.703999999910593,2026-09-13T03:50:38.932379+00:00
3183,focused,orientation,orientation_recall_D4,25464,188400,0.4331381320953369,21.892311096191406,1,0.875,{},11,0.6559999999590218,2026-09-13T03:50:39.592913+00:00
3184,focused,motion_direction,motion_L2,25472,188440,0.8433364033699036,306.91546630859375,1,0.75,{},5,0.31200000015087426,2026-09-13T03:50:39.906964+00:00
3185,focused,orientation,orientation_recall_minimal,25480,188480,0.3794163763523102,46.71895217895508,1,0.875,{},5,0.31299999984912574,2026-09-13T03:50:40.214459+00:00
3186,focused,motion_direction,motion_L8,25488,188568,0.6673683524131775,124.79061126708984,1,0.75,{},11,0.6559999999590218,2026-09-13T03:50:40.866865+00:00
3187,focused,orientation,orientation_recall_D4,25496,188656,1.2869586944580078,147.69253540039062,1,0.375,{},11,0.6880000000819564,2026-09-13T03:50:41.559091+00:00
3188,focused,motion_direction,motion_L2,25504,188696,0.07637051492929459,17.845413208007812,1,1.0,{},5,0.34300000010989606,2026-09-13T03:50:41.910272+00:00
3189,focused,orientation,orientation_recall_minimal,25512,188736,1.0752686262130737,97.8353042602539,1,0.625,{},5,0.3279999999795109,2026-09-13T03:50:42.237111+00:00
3190,focused,motion_direction,motion_L8,25520,188824,1.1535062789916992,27.107603073120117,1,0.625,{},11,0.6879999998491257,2026-09-13T03:50:42.927084+00:00
3191,focused,orientation,orientation_anchor,25528,188840,0.00070591812254861,0.02373775653541088,0,1.0,{},2,0.125,2026-09-13T03:50:43.063967+00:00
3192,focused,orientation,orientation_recall_D4,25536,188928,0.5601617097854614,140.40365600585938,1,0.625,{},11,0.6399999998975545,2026-09-13T03:50:43.709671+00:00
3193,focused,motion_direction,motion_L2,25544,188968,0.13112500309944153,73.4799575805664,1,1.0,{},5,0.31200000015087426,2026-09-13T03:50:44.029187+00:00
3194,focused,orientation,orientation_recall_minimal,25552,189008,0.05218831077218056,10.614233016967773,1,1.0,{},5,0.31299999984912574,2026-09-13T03:50:44.336150+00:00
3195,focused,motion_direction,motion_L8,25560,189096,0.6513457894325256,69.6006851196289,1,0.875,{},11,0.6720000000204891,2026-09-13T03:50:45.021138+00:00
3196,focused,orientation,orientation_recall_D4,25568,189184,0.6248217821121216,12.273192405700684,1,0.625,{},11,0.6569999998901039,2026-09-13T03:50:45.693655+00:00
3197,focused,motion_direction,motion_L2,25576,189224,0.09726693481206894,52.45006561279297,1,1.0,{},5,0.32800000021234155,2026-09-13T03:50:46.021501+00:00
3198,focused,orientation,orientation_recall_minimal,25584,189264,0.36408698558807373,15.211176872253418,1,0.875,{},5,0.34399999980814755,2026-09-13T03:50:46.370687+00:00
3199,focused,motion_direction,motion_L8,25592,189352,0.35799333453178406,53.02973175048828,1,0.875,{},11,0.6720000000204891,2026-09-13T03:50:47.049836+00:00
3200,focused,orientation,orientation_recall_D4,25600,189440,0.7022020220756531,91.7799301147461,1,0.375,{},11,0.75,2026-09-13T03:50:47.797660+00:00
3201,focused,motion_direction,motion_anchor,25608,189456,0.0015665097162127495,0.34934201836586,0,1.0,"{""state_mean"": {""input_saturation"": 0.033447265625, ""input_mean"": 0.16101133823394775, ""forget_saturation"": 0.580810546875, ""forget_mean"": 0.9092087745666504, ""output_saturation"": 0.02392578125, ""output_mean"": 0.48791515827178955, ""candidate_saturation"": 0.11083984375, ""state0_rms"": 0.2701321914792061, ""state0_max"": 1.2521288096904755, ""state1_rms"": 0.17977681756019592, ""state1_max"": 0.7908121049404144}, ""state_peak"": {""state0_max"": 1.5904349088668823, ""state1_max"": 0.8884398341178894}, ""early_representation_gradient_norm"": 0.0008504329016432166, ""late_representation_gradient_norm"": 0.002493970561772585, ""core_gradient_norm"": 0.04462217167019844, ""recurrent_gradient_rms"": 1.9295479432912543e-05, ""recurrent_gradient_median_abs"": 3.012436167182386e-08, ""current_gradient_fraction_below_adam_eps"": 0.020130157470703125, ""effective_recurrent_relative_update"": 0.005740456283092499}",2,0.1559999999590218,2026-09-13T03:50:47.952739+00:00
3202,focused,motion_direction,motion_L2,25616,189496,0.0578138567507267,47.339447021484375,1,1.0,{},5,0.4220000000204891,2026-09-13T03:50:48.377803+00:00
3203,focused,orientation,orientation_recall_minimal,25624,189536,0.09029370546340942,18.697778701782227,1,1.0,{},5,0.3279999999795109,2026-09-13T03:50:48.695961+00:00
3204,focused,motion_direction,motion_L8,25632,189624,0.13316938281059265,6.885832786560059,1,1.0,{},11,0.7030000002123415,2026-09-13T03:50:49.400887+00:00
3205,focused,orientation,orientation_recall_D4,25640,189712,0.4742480516433716,21.760740280151367,1,0.875,{},11,0.6719999997876585,2026-09-13T03:50:50.083794+00:00
3206,focused,motion_direction,motion_L2,25648,189752,0.022946814075112343,11.697521209716797,1,1.0,{},5,0.2809999999590218,2026-09-13T03:50:50.377475+00:00
3207,focused,orientation,orientation_recall_minimal,25656,189792,0.02822817675769329,8.017537117004395,1,1.0,{},5,0.3130000000819564,2026-09-13T03:50:50.689445+00:00
3208,focused,motion_direction,motion_L8,25664,189880,0.8618807196617126,97.95337677001953,1,0.625,{},11,0.7180000001098961,2026-09-13T03:50:51.410388+00:00
3209,focused,orientation,orientation_recall_D4,25672,189968,0.5541560649871826,88.4482650756836,1,0.625,{},11,0.7029999999795109,2026-09-13T03:50:52.109433+00:00
3210,focused,motion_direction,motion_L2,25680,190008,0.014027126133441925,3.654453992843628,1,1.0,{},5,0.2970000000204891,2026-09-13T03:50:52.410542+00:00
3211,focused,orientation,orientation_anchor,25688,190024,0.024657009169459343,1.0744215250015259,1,1.0,{},2,0.14099999982863665,2026-09-13T03:50:52.547383+00:00
3212,focused,orientation,orientation_recall_minimal,25696,190064,0.019274137914180756,1.4682300090789795,1,1.0,{},5,0.2970000000204891,2026-09-13T03:50:52.845379+00:00
3213,focused,motion_direction,motion_L8,25704,190152,0.7631579637527466,91.96900177001953,1,0.75,{},11,0.7029999999795109,2026-09-13T03:50:53.551439+00:00
3214,focused,orientation,orientation_recall_D4,25712,190240,0.30450284481048584,39.36489486694336,1,0.875,{},11,0.625,2026-09-13T03:50:54.189422+00:00
3215,focused,motion_direction,motion_L2,25720,190280,0.24883095920085907,280.61865234375,1,0.875,{},5,0.29600000008940697,2026-09-13T03:50:54.489585+00:00
3216,focused,orientation,orientation_recall_minimal,25728,190320,0.03932536393404007,14.47991943359375,1,1.0,{},5,0.3279999999795109,2026-09-13T03:50:54.825013+00:00
3217,focused,motion_direction,motion_L8,25736,190408,0.4359710216522217,80.34113311767578,1,0.75,{},11,0.7810000001918525,2026-09-13T03:50:55.601451+00:00
3218,focused,orientation,orientation_recall_D4,25744,190496,0.6133802533149719,35.52143859863281,1,0.75,{},11,0.6879999998491257,2026-09-13T03:50:56.289779+00:00
3219,focused,motion_direction,motion_L2,25752,190536,0.008902564644813538,1.106620192527771,1,1.0,{},5,0.35900000017136335,2026-09-13T03:50:56.658437+00:00
3220,focused,orientation,orientation_recall_minimal,25760,190576,0.018489796668291092,7.165712833404541,1,1.0,{},5,0.31299999984912574,2026-09-13T03:50:56.965453+00:00
3221,focused,motion_direction,motion_anchor,25768,190592,0.018644262105226517,3.5158023834228516,1,1.0,{},2,0.14000000013038516,2026-09-13T03:50:57.101787+00:00
3222,focused,motion_direction,motion_L8,25776,190680,0.9084851741790771,312.181396484375,1,0.5,{},11,0.703999999910593,2026-09-13T03:50:57.818744+00:00
3223,focused,orientation,orientation_recall_D4,25784,190768,0.5469023585319519,116.84136199951172,1,0.625,{},11,0.6100000001024455,2026-09-13T03:50:58.429472+00:00
3224,focused,motion_direction,motion_L2,25792,190808,0.009986838325858116,3.39458966255188,1,1.0,{},5,0.3119999999180436,2026-09-13T03:50:58.747383+00:00
3225,focused,orientation,orientation_recall_minimal,25800,190848,0.5167965292930603,81.74913787841797,1,0.875,{},5,0.3130000000819564,2026-09-13T03:50:59.057105+00:00
3226,focused,motion_direction,motion_L8,25808,190936,0.6879172921180725,64.26913452148438,1,0.75,{},11,0.7180000001098961,2026-09-13T03:50:59.780004+00:00
3227,focused,orientation,orientation_recall_D4,25816,191024,0.5631605982780457,101.23197174072266,1,0.5,{},11,0.6719999997876585,2026-09-13T03:51:00.455038+00:00
3228,focused,motion_direction,motion_L2,25824,191064,0.07135114073753357,107.7092514038086,1,1.0,{},5,0.3600000001024455,2026-09-13T03:51:00.810843+00:00
3229,focused,orientation,orientation_recall_minimal,25832,191104,0.0070305755361914635,0.30225300788879395,0,1.0,{},5,0.3279999999795109,2026-09-13T03:51:01.133633+00:00
3230,focused,motion_direction,motion_L8,25840,191192,0.5228555798530579,26.908344268798828,1,0.75,{},11,0.75,2026-09-13T03:51:01.887348+00:00
3231,focused,orientation,orientation_anchor,25848,191208,0.01817803457379341,0.777548611164093,0,1.0,{},2,0.1559999999590218,2026-09-13T03:51:02.038065+00:00
3232,focused,orientation,orientation_recall_D4,25856,191296,0.5246528387069702,46.22299575805664,1,0.75,{},11,0.6559999999590218,2026-09-13T03:51:02.706449+00:00
3233,focused,motion_direction,motion_L2,25864,191336,0.020224884152412415,17.196887969970703,1,1.0,{},5,0.3440000000409782,2026-09-13T03:51:03.044698+00:00
3234,focused,orientation,orientation_recall_minimal,25872,191376,0.2695552706718445,48.032997131347656,1,0.875,{},5,0.35900000017136335,2026-09-13T03:51:03.409963+00:00
3235,focused,motion_direction,motion_L8,25880,191464,0.7459826469421387,25.674362182617188,1,0.375,{},11,0.7659999998286366,2026-09-13T03:51:04.167494+00:00
3236,focused,orientation,orientation_recall_D4,25888,191552,0.9981642961502075,100.14107513427734,1,0.5,{},11,0.7340000001713634,2026-09-13T03:51:04.900123+00:00
3237,focused,motion_direction,motion_L2,25896,191592,0.012334784492850304,14.719770431518555,1,1.0,{},5,0.35999999986961484,2026-09-13T03:51:05.269683+00:00
3238,focused,orientation,orientation_recall_minimal,25904,191632,0.15243804454803467,64.40931701660156,1,0.875,{},5,0.34300000010989606,2026-09-13T03:51:05.613004+00:00
3239,focused,motion_direction,motion_L8,25912,191720,0.4094904661178589,19.502113342285156,1,0.875,{},11,0.703999999910593,2026-09-13T03:51:06.316503+00:00
3240,focused,orientation,orientation_recall_D4,25920,191808,0.7339041233062744,140.46775817871094,1,0.5,{},11,0.671000000089407,2026-09-13T03:51:06.979663+00:00
3241,focused,motion_direction,motion_anchor,25928,191824,0.00036177196307107806,0.06047274172306061,0,1.0,{},2,0.15699999989010394,2026-09-13T03:51:07.142214+00:00
3242,focused,motion_direction,motion_L2,25936,191864,0.1383049190044403,174.68370056152344,1,0.875,{},5,0.3589999999385327,2026-09-13T03:51:07.505107+00:00
3243,focused,orientation,orientation_recall_minimal,25944,191904,0.24740935862064362,29.346088409423828,1,0.875,{},5,0.3279999999795109,2026-09-13T03:51:07.834198+00:00
3244,focused,motion_direction,motion_L8,25952,191992,0.47746604681015015,72.40906524658203,1,0.875,{},11,0.75,2026-09-13T03:51:08.599450+00:00
3245,focused,orientation,orientation_recall_D4,25960,192080,0.6530252695083618,17.7220401763916,1,0.625,{},11,0.7349999998696148,2026-09-13T03:51:09.338139+00:00
3246,focused,motion_direction,motion_L2,25968,192120,0.13241784274578094,113.53583526611328,1,0.875,{},5,0.31200000015087426,2026-09-13T03:51:09.654375+00:00
3247,focused,orientation,orientation_recall_minimal,25976,192160,0.22121286392211914,146.5471649169922,1,0.75,{},5,0.375,2026-09-13T03:51:10.023309+00:00
3248,focused,motion_direction,motion_L8,25984,192248,0.7973397970199585,75.96308135986328,1,0.75,{},11,0.7659999998286366,2026-09-13T03:51:10.802105+00:00
3249,focused,orientation,orientation_recall_D4,25992,192336,0.4209071099758148,24.58514404296875,1,0.75,{},11,0.7029999999795109,2026-09-13T03:51:11.510535+00:00
3250,focused,motion_direction,motion_L2,26000,192376,0.008492969907820225,2.318195104598999,1,1.0,{},5,0.34300000010989606,2026-09-13T03:51:11.856164+00:00
3251,focused,orientation,orientation_anchor,26008,192392,0.004385083913803101,0.157478928565979,0,1.0,{},2,0.15699999989010394,2026-09-13T03:51:12.006108+00:00
3252,focused,orientation,orientation_recall_minimal,26016,192432,0.5386875867843628,60.24333572387695,1,0.75,{},5,0.3279999999795109,2026-09-13T03:51:12.341243+00:00
3253,focused,motion_direction,motion_L8,26024,192520,2.5848774909973145,101.17623901367188,1,0.375,{},11,0.7339999999385327,2026-09-13T03:51:13.075286+00:00
3254,focused,orientation,orientation_recall_D4,26032,192608,0.4441451132297516,13.572269439697266,1,0.875,{},11,0.7030000002123415,2026-09-13T03:51:13.786482+00:00
3255,focused,motion_direction,motion_L2,26040,192648,0.04221458360552788,41.420326232910156,1,1.0,{},5,0.3440000000409782,2026-09-13T03:51:14.131505+00:00
3256,focused,orientation,orientation_recall_minimal,26048,192688,0.36107462644577026,88.24571228027344,1,0.75,{},5,0.3279999999795109,2026-09-13T03:51:14.469913+00:00
3257,focused,motion_direction,motion_L8,26056,192776,1.3840889930725098,65.89257049560547,1,0.375,{},11,0.7339999999385327,2026-09-13T03:51:15.202633+00:00
3258,focused,orientation,orientation_recall_D4,26064,192864,0.5653247237205505,89.22612762451172,1,0.625,{},11,0.7190000000409782,2026-09-13T03:51:15.923667+00:00
3259,focused,motion_direction,motion_L2,26072,192904,0.8318828344345093,433.3718566894531,1,0.75,{},5,0.3279999999795109,2026-09-13T03:51:16.251218+00:00
3260,focused,orientation,orientation_recall_minimal,26080,192944,0.1799149066209793,67.71912384033203,1,0.875,{},5,0.3440000000409782,2026-09-13T03:51:16.588704+00:00
3261,focused,motion_direction,motion_anchor,26088,192960,0.008658098056912422,1.856554627418518,1,1.0,{},2,0.1559999999590218,2026-09-13T03:51:16.753787+00:00
3262,focused,motion_direction,motion_L8,26096,193048,0.5819553136825562,26.553421020507812,1,0.75,{},11,0.75,2026-09-13T03:51:17.496103+00:00
3263,focused,orientation,orientation_recall_D4,26104,193136,0.463945597410202,11.593875885009766,1,0.75,{},11,0.6560000001918525,2026-09-13T03:51:18.156822+00:00
3264,focused,motion_direction,motion_L2,26112,193176,0.02637798897922039,19.42392921447754,1,1.0,{},5,0.34399999980814755,2026-09-13T03:51:18.503353+00:00
3265,focused,orientation,orientation_recall_minimal,26120,193216,0.017010895535349846,0.8536309599876404,0,1.0,"{""state_mean"": {""input_saturation"": 0.06015625, ""input_mean"": 0.1588169664144516, ""forget_saturation"": 0.57880859375, ""forget_mean"": 0.9020495533943176, ""output_saturation"": 0.02705078125, ""output_mean"": 0.49367555975914, ""candidate_saturation"": 0.11748046875, ""state0_rms"": 0.4430049300193787, ""state0_max"": 1.908610427379608, ""state1_rms"": 0.18496167659759521, ""state1_max"": 0.8275491118431091}, ""state_peak"": {""state0_max"": 3.152129650115967, ""state1_max"": 0.9605988264083862}, ""early_representation_gradient_norm"": 0.0004725470789708197, ""late_representation_gradient_norm"": 0.01113840937614441, ""core_gradient_norm"": 0.12010467797517776, ""recurrent_gradient_rms"": 0.00011276175791863352, ""recurrent_gradient_median_abs"": 1.7834254322224297e-06, ""current_gradient_fraction_below_adam_eps"": 6.103515625e-05, ""effective_recurrent_relative_update"": 0.009545602835714817}",5,0.35900000017136335,2026-09-13T03:51:18.864528+00:00
3266,focused,motion_direction,motion_L8,26128,193304,0.4787179231643677,47.358154296875,1,0.75,{},11,0.7340000001713634,2026-09-13T03:51:19.613544+00:00
3267,focused,orientation,orientation_recall_D4,26136,193392,0.24871431291103363,14.176531791687012,1,0.875,{},11,0.703999999910593,2026-09-13T03:51:20.318243+00:00
3268,focused,motion_direction,motion_L2,26144,193432,0.014138022437691689,5.834651947021484,1,1.0,{},5,0.32800000021234155,2026-09-13T03:51:20.660479+00:00
3269,focused,orientation,orientation_recall_minimal,26152,193472,0.46889033913612366,7.640976428985596,1,0.875,{},5,0.375,2026-09-13T03:51:21.034044+00:00
3270,focused,motion_direction,motion_L8,26160,193560,0.8788273334503174,45.218807220458984,1,0.625,{},11,0.8279999999795109,2026-09-13T03:51:21.858570+00:00
3271,focused,orientation,orientation_anchor,26168,193576,0.007061588112264872,0.30847689509391785,0,1.0,{},2,0.1720000000204891,2026-09-13T03:51:22.027365+00:00
3272,focused,orientation,orientation_recall_D4,26176,193664,0.2788754999637604,10.474798202514648,1,0.875,{},11,0.7029999999795109,2026-09-13T03:51:22.736739+00:00
3273,focused,motion_direction,motion_L2,26184,193704,0.00844983197748661,0.26979535818099976,0,1.0,{},5,0.32899999991059303,2026-09-13T03:51:23.064843+00:00
3274,focused,orientation,orientation_recall_minimal,26192,193744,0.05293462425470352,31.137664794921875,1,1.0,{},5,0.34300000010989606,2026-09-13T03:51:23.396755+00:00
3275,focused,motion_direction,motion_L8,26200,193832,1.6550168991088867,143.8011016845703,1,0.375,{},11,0.7189999998081475,2026-09-13T03:51:24.121501+00:00
3276,focused,orientation,orientation_recall_D4,26208,193920,0.6028643846511841,24.356952667236328,1,0.625,{},11,0.6720000000204891,2026-09-13T03:51:24.791685+00:00
3277,focused,motion_direction,motion_L2,26216,193960,0.031643789261579514,21.6646671295166,1,1.0,{},5,0.3440000000409782,2026-09-13T03:51:25.144768+00:00
3278,focused,orientation,orientation_recall_minimal,26224,194000,0.017428850755095482,1.0840120315551758,1,1.0,{},5,0.29699999978765845,2026-09-13T03:51:25.444465+00:00
3279,focused,motion_direction,motion_L8,26232,194088,1.0418298244476318,22.113967895507812,1,0.75,{},11,0.7660000000614673,2026-09-13T03:51:26.216879+00:00
3280,focused,orientation,orientation_recall_D4,26240,194176,0.29336702823638916,8.15687084197998,1,0.875,{},11,0.6720000000204891,2026-09-13T03:51:26.894949+00:00
3281,focused,motion_direction,motion_anchor,26248,194192,0.001250229193829,0.29133307933807373,0,1.0,{},2,0.1720000000204891,2026-09-13T03:51:27.066881+00:00
3282,focused,motion_direction,motion_L2,26256,194232,0.45811545848846436,157.8694610595703,1,0.875,{},5,0.3440000000409782,2026-09-13T03:51:27.423423+00:00
3283,focused,orientation,orientation_recall_minimal,26264,194272,0.5104773044586182,105.25885009765625,1,0.75,{},5,0.3279999999795109,2026-09-13T03:51:27.743864+00:00
3284,focused,motion_direction,motion_L8,26272,194360,0.9653838872909546,23.031064987182617,1,0.5,{},11,0.6880000000819564,2026-09-13T03:51:28.439761+00:00
3285,focused,orientation,orientation_recall_D4,26280,194448,0.6538147330284119,59.757659912109375,1,0.625,{},11,0.6559999999590218,2026-09-13T03:51:29.099292+00:00
3286,focused,motion_direction,motion_L2,26288,194488,0.005692888982594013,0.0788385197520256,0,1.0,{},5,0.31299999984912574,2026-09-13T03:51:29.420478+00:00
3287,focused,orientation,orientation_recall_minimal,26296,194528,0.0580952949821949,50.70166015625,1,1.0,{},5,0.31200000015087426,2026-09-13T03:51:29.726666+00:00
3288,focused,motion_direction,motion_L8,26304,194616,0.8732609748840332,50.684242248535156,1,0.75,{},11,0.703999999910593,2026-09-13T03:51:30.439567+00:00
3289,focused,orientation,orientation_recall_D4,26312,194704,0.15376421809196472,10.403365135192871,1,1.0,{},11,0.671000000089407,2026-09-13T03:51:31.114730+00:00
3290,focused,motion_direction,motion_L2,26320,194744,0.3084147870540619,223.44017028808594,1,0.875,{},5,0.3130000000819564,2026-09-13T03:51:31.430966+00:00
3291,focused,orientation,orientation_anchor,26328,194760,0.0010061069624498487,0.032398369163274765,0,1.0,{},2,0.125,2026-09-13T03:51:31.563518+00:00
3292,focused,orientation,orientation_recall_minimal,26336,194800,0.5225472450256348,71.80915832519531,1,0.875,{},5,0.3899999998975545,2026-09-13T03:51:31.943300+00:00
3293,focused,motion_direction,motion_L8,26344,194888,1.043436050415039,21.51491928100586,1,0.75,{},11,0.7810000001918525,2026-09-13T03:51:32.739614+00:00
3294,focused,orientation,orientation_recall_D4,26352,194976,0.6380939483642578,89.85324096679688,1,0.75,{},11,0.7340000001713634,2026-09-13T03:51:33.483123+00:00
3295,focused,motion_direction,motion_L2,26360,195016,0.04705653712153435,29.750835418701172,1,1.0,{},5,0.2970000000204891,2026-09-13T03:51:33.784602+00:00
3296,focused,orientation,orientation_recall_minimal,26368,195056,0.5010483264923096,4.414787292480469,1,0.875,{},5,0.34399999980814755,2026-09-13T03:51:34.120424+00:00
3297,focused,motion_direction,motion_L8,26376,195144,0.451764851808548,10.493147850036621,1,0.875,{},11,0.6720000000204891,2026-09-13T03:51:34.788264+00:00
3298,focused,orientation,orientation_recall_D4,26384,195232,0.9517947435379028,22.449800491333008,1,0.625,{},11,0.6410000000614673,2026-09-13T03:51:35.444845+00:00
3299,focused,motion_direction,motion_L2,26392,195272,0.013196896761655807,1.5846506357192993,1,1.0,{},5,0.32800000021234155,2026-09-13T03:51:35.778937+00:00
3300,focused,orientation,orientation_recall_minimal,26400,195312,0.03338637948036194,7.700911998748779,1,1.0,{},5,0.31299999984912574,2026-09-13T03:51:36.093670+00:00
3301,focused,motion_direction,motion_anchor,26408,195328,0.019810203462839127,6.4015302658081055,1,1.0,{},2,0.1559999999590218,2026-09-13T03:51:36.244631+00:00
3302,focused,motion_direction,motion_L8,26416,195416,0.41170355677604675,13.032485008239746,1,0.875,{},11,0.7190000000409782,2026-09-13T03:51:36.972891+00:00
3303,focused,orientation,orientation_recall_D4,26424,195504,0.3295176029205322,83.19111633300781,1,0.875,{},11,0.6559999999590218,2026-09-13T03:51:37.628355+00:00
3304,focused,motion_direction,motion_L2,26432,195544,0.017881078645586967,14.740160942077637,1,1.0,{},5,0.3440000000409782,2026-09-13T03:51:37.971247+00:00
3305,focused,orientation,orientation_recall_minimal,26440,195584,0.7010089159011841,256.1327819824219,1,0.75,{},5,0.3279999999795109,2026-09-13T03:51:38.292714+00:00
3306,focused,motion_direction,motion_L8,26448,195672,0.3513449430465698,41.644954681396484,1,0.875,{},11,0.6870000001508743,2026-09-13T03:51:38.980605+00:00
3307,focused,orientation,orientation_recall_D4,26456,195760,0.568859338760376,183.68702697753906,1,0.625,{},11,0.6720000000204891,2026-09-13T03:51:39.649874+00:00
3308,focused,motion_direction,motion_L2,26464,195800,0.014164470136165619,5.649863243103027,1,1.0,{},5,0.35999999986961484,2026-09-13T03:51:40.008156+00:00
3309,focused,orientation,orientation_recall_minimal,26472,195840,0.036711614578962326,7.107113838195801,1,1.0,{},5,0.2970000000204891,2026-09-13T03:51:40.317098+00:00
3310,focused,motion_direction,motion_L8,26480,195928,0.5478768944740295,38.99222183227539,1,0.75,{},11,0.7030000002123415,2026-09-13T03:51:41.031160+00:00
3311,focused,orientation,orientation_anchor,26488,195944,0.0014808131381869316,0.06301255524158478,0,1.0,{},2,0.15699999989010394,2026-09-13T03:51:41.184711+00:00
3312,focused,orientation,orientation_recall_D4,26496,196032,0.39252105355262756,56.52018737792969,1,0.75,{},11,0.6869999999180436,2026-09-13T03:51:41.874755+00:00
3313,focused,motion_direction,motion_L2,26504,196072,0.47323325276374817,201.17138671875,1,0.875,{},5,0.3130000000819564,2026-09-13T03:51:42.191737+00:00
3314,focused,orientation,orientation_recall_minimal,26512,196112,0.07727622985839844,25.33025360107422,1,1.0,{},5,0.3119999999180436,2026-09-13T03:51:42.499271+00:00
3315,focused,motion_direction,motion_L8,26520,196200,0.7502541542053223,16.043272018432617,1,0.75,{},11,0.7810000001918525,2026-09-13T03:51:43.278376+00:00
3316,focused,orientation,orientation_recall_D4,26528,196288,0.7147306799888611,34.89922332763672,1,0.75,{},11,0.625,2026-09-13T03:51:43.909258+00:00
3317,focused,motion_direction,motion_L2,26536,196328,0.38222402334213257,92.76617431640625,1,0.875,{},5,0.3279999999795109,2026-09-13T03:51:44.225253+00:00
3318,focused,orientation,orientation_recall_minimal,26544,196368,0.4437640607357025,18.69578742980957,1,0.875,{},5,0.2970000000204891,2026-09-13T03:51:44.532800+00:00
3319,focused,motion_direction,motion_L8,26552,196456,1.2652841806411743,85.04102325439453,1,0.5,{},11,0.6719999997876585,2026-09-13T03:51:45.205758+00:00
3320,focused,orientation,orientation_recall_D4,26560,196544,0.6654133796691895,19.208106994628906,1,0.625,{},11,0.6560000001918525,2026-09-13T03:51:45.864706+00:00
3321,focused,motion_direction,motion_anchor,26568,196560,0.0015750451711937785,0.36088547110557556,0,1.0,{},2,0.1720000000204891,2026-09-13T03:51:46.049471+00:00
3322,focused,motion_direction,motion_L2,26576,196600,0.007077490910887718,1.4292817115783691,1,1.0,{},5,0.3440000000409782,2026-09-13T03:51:46.380541+00:00
3323,focused,orientation,orientation_recall_minimal,26584,196640,0.11908528208732605,40.83322525024414,1,1.0,{},5,0.3119999999180436,2026-09-13T03:51:46.696399+00:00
3324,focused,motion_direction,motion_L8,26592,196728,1.621134638786316,186.29344177246094,1,0.25,{},11,0.7660000000614673,2026-09-13T03:51:47.469359+00:00
3325,focused,orientation,orientation_recall_D4,26600,196816,0.392631471157074,100.12462615966797,1,0.875,{},11,0.6870000001508743,2026-09-13T03:51:48.162897+00:00
3326,focused,motion_direction,motion_L2,26608,196856,0.36395958065986633,176.8038330078125,1,0.875,{},5,0.3279999999795109,2026-09-13T03:51:48.493901+00:00
3327,focused,orientation,orientation_recall_minimal,26616,196896,0.009845754131674767,0.60282963514328,0,1.0,{},5,0.3130000000819564,2026-09-13T03:51:48.810831+00:00
3328,focused,motion_direction,motion_L8,26624,196984,0.6604351997375488,76.25105285644531,1,0.75,{},11,0.6869999999180436,2026-09-13T03:51:49.499444+00:00
3329,focused,orientation,orientation_recall_D4,26632,197072,0.9871739745140076,132.2385711669922,1,0.5,"{""state_mean"": {""input_saturation"": 0.07741477272727272, ""input_mean"": 0.15940588170831854, ""forget_saturation"": 0.5914417613636364, ""forget_mean"": 0.8983382040804083, ""output_saturation"": 0.02410333806818182, ""output_mean"": 0.4883153113451871, ""candidate_saturation"": 0.12433416193181818, ""state0_rms"": 0.8890052031386982, ""state0_max"": 4.067128327759829, ""state1_rms"": 0.23234887624328787, ""state1_max"": 0.9180107875303789}, ""state_peak"": {""state0_max"": 7.181572914123535, ""state1_max"": 0.9926456212997437}, ""early_representation_gradient_norm"": 0.0034490651451051235, ""late_representation_gradient_norm"": 0.4292854070663452, ""core_gradient_norm"": 3.743234395980835, ""recurrent_gradient_rms"": 0.004682354629039764, ""recurrent_gradient_median_abs"": 7.956026820465922e-05, ""current_gradient_fraction_below_adam_eps"": 0.0, ""effective_recurrent_relative_update"": 0.005521505605429411}",11,0.6870000001508743,2026-09-13T03:51:50.280250+00:00
3330,focused,motion_direction,motion_L2,26640,197112,0.0261248592287302,22.91895294189453,1,1.0,{},5,0.3279999999795109,2026-09-13T03:51:50.609424+00:00
3331,focused,orientation,orientation_anchor,26648,197128,0.00041061604861170053,0.016596142202615738,0,1.0,{},2,0.14099999982863665,2026-09-13T03:51:50.745473+00:00
3332,focused,orientation,orientation_recall_minimal,26656,197168,0.1489790976047516,42.98875427246094,1,0.875,{},5,0.3279999999795109,2026-09-13T03:51:51.083202+00:00
3333,focused,motion_direction,motion_L8,26664,197256,0.5265988111495972,29.172571182250977,1,0.875,{},11,0.7650000001303852,2026-09-13T03:51:51.852867+00:00
3334,focused,orientation,orientation_recall_D4,26672,197344,0.6367828249931335,112.26757049560547,1,0.5,{},11,0.625,2026-09-13T03:51:52.477479+00:00
3335,focused,motion_direction,motion_L2,26680,197384,0.16691020131111145,153.7309112548828,1,0.875,{},5,0.31299999984912574,2026-09-13T03:51:52.795362+00:00
3336,focused,orientation,orientation_recall_minimal,26688,197424,0.28840526938438416,62.714698791503906,1,0.875,{},5,0.35900000017136335,2026-09-13T03:51:53.157993+00:00
3337,focused,motion_direction,motion_L8,26696,197512,0.7347912788391113,41.31373977661133,1,0.875,{},11,0.7189999998081475,2026-09-13T03:51:53.866806+00:00
3338,focused,orientation,orientation_recall_D4,26704,197600,0.25358274579048157,16.21356773376465,1,1.0,{},11,0.7190000000409782,2026-09-13T03:51:54.588231+00:00
3339,focused,motion_direction,motion_L2,26712,197640,0.07710667699575424,125.93263244628906,1,1.0,{},5,0.3589999999385327,2026-09-13T03:51:54.953395+00:00
3340,focused,orientation,orientation_recall_minimal,26720,197680,0.011376364156603813,1.700333833694458,1,1.0,{},5,0.32800000021234155,2026-09-13T03:51:55.275099+00:00
3341,focused,motion_direction,motion_anchor,26728,197696,0.0002979988057631999,0.009964714758098125,0,1.0,{},2,0.14099999982863665,2026-09-13T03:51:55.423941+00:00
3342,focused,motion_direction,motion_L8,26736,197784,0.8689031600952148,93.26496124267578,1,0.625,{},11,0.7660000000614673,2026-09-13T03:51:56.181651+00:00
3343,focused,orientation,orientation_recall_D4,26744,197872,0.49183160066604614,34.5187873840332,1,0.625,{},11,0.6869999999180436,2026-09-13T03:51:56.880624+00:00
3344,focused,motion_direction,motion_L2,26752,197912,0.010044673457741737,1.9457660913467407,1,1.0,{},5,0.3119999999180436,2026-09-13T03:51:57.202268+00:00
3345,focused,orientation,orientation_recall_minimal,26760,197952,0.597166121006012,44.80284118652344,1,0.75,{},5,0.2970000000204891,2026-09-13T03:51:57.495389+00:00
3346,focused,motion_direction,motion_L8,26768,198040,0.7029007077217102,35.12247085571289,1,0.75,{},11,0.7660000000614673,2026-09-13T03:51:58.267338+00:00
3347,focused,orientation,orientation_recall_D4,26776,198128,0.5886309146881104,87.97274780273438,1,0.625,{},11,0.6400000001303852,2026-09-13T03:51:58.901736+00:00
3348,focused,motion_direction,motion_L2,26784,198168,0.2087513953447342,59.86434555053711,1,0.875,{},5,0.31299999984912574,2026-09-13T03:51:59.221803+00:00
3349,focused,orientation,orientation_recall_minimal,26792,198208,0.3669680058956146,6.519589900970459,1,0.875,{},5,0.3279999999795109,2026-09-13T03:51:59.546678+00:00
3350,focused,motion_direction,motion_L8,26800,198296,0.19267986714839935,11.083033561706543,1,1.0,{},11,0.7340000001713634,2026-09-13T03:52:00.276693+00:00
3351,focused,orientation,orientation_anchor,26808,198312,0.0013915016315877438,0.03908456861972809,0,1.0,{},2,0.15699999989010394,2026-09-13T03:52:00.434458+00:00
3352,focused,orientation,orientation_recall_D4,26816,198400,0.6664029359817505,69.99777221679688,1,0.625,{},11,0.6559999999590218,2026-09-13T03:52:01.099647+00:00
3353,focused,motion_direction,motion_L2,26824,198440,0.1090858057141304,251.8354949951172,1,1.0,{},5,0.32899999991059303,2026-09-13T03:52:01.433141+00:00
3354,focused,orientation,orientation_recall_minimal,26832,198480,0.07436942309141159,15.895539283752441,1,1.0,{},5,0.375,2026-09-13T03:52:01.803821+00:00
3355,focused,motion_direction,motion_L8,26840,198568,0.4637507200241089,141.8921661376953,1,0.75,{},11,0.6559999999590218,2026-09-13T03:52:02.468524+00:00
3356,focused,orientation,orientation_recall_D4,26848,198656,0.6225014925003052,24.587308883666992,1,0.5,{},11,0.6400000001303852,2026-09-13T03:52:03.102457+00:00
3357,focused,motion_direction,motion_L2,26856,198696,0.2332729697227478,244.23977661132812,1,0.875,{},5,0.32899999991059303,2026-09-13T03:52:03.427996+00:00
3358,focused,orientation,orientation_recall_minimal,26864,198736,0.040819618850946426,4.132263660430908,1,1.0,{},5,0.3119999999180436,2026-09-13T03:52:03.750714+00:00
3359,focused,motion_direction,motion_L8,26872,198824,1.017395257949829,68.99678039550781,1,0.625,{},11,0.7340000001713634,2026-09-13T03:52:04.485239+00:00
3360,focused,orientation,orientation_recall_D4,26880,198912,0.7592714428901672,11.376723289489746,1,0.375,{},11,0.7349999998696148,2026-09-13T03:52:05.222124+00:00
3361,focused,motion_direction,motion_anchor,26888,198928,0.0009880340658128262,0.10567407310009003,0,1.0,{},2,0.18700000015087426,2026-09-13T03:52:05.396502+00:00
3362,focused,motion_direction,motion_L2,26896,198968,0.19941346347332,69.77433776855469,1,0.875,{},5,0.34399999980814755,2026-09-13T03:52:05.751753+00:00
3363,focused,orientation,orientation_recall_minimal,26904,199008,0.1552819013595581,15.234254837036133,1,1.0,{},5,0.3279999999795109,2026-09-13T03:52:06.073042+00:00
3364,focused,motion_direction,motion_L8,26912,199096,0.8846997618675232,22.44086456298828,1,0.75,{},11,0.6880000000819564,2026-09-13T03:52:06.771393+00:00
3365,focused,orientation,orientation_recall_D4,26920,199184,0.6434392929077148,9.2432861328125,1,0.5,{},11,0.6719999997876585,2026-09-13T03:52:07.450015+00:00
3366,focused,motion_direction,motion_L2,26928,199224,0.009150940924882889,1.8222821950912476,1,1.0,{},5,0.3600000001024455,2026-09-13T03:52:07.812906+00:00
3367,focused,orientation,orientation_recall_minimal,26936,199264,0.031346388161182404,2.2365455627441406,1,1.0,{},5,0.29600000008940697,2026-09-13T03:52:08.105400+00:00
3368,focused,motion_direction,motion_L8,26944,199352,0.3683633506298065,18.201435089111328,1,1.0,{},11,0.6879999998491257,2026-09-13T03:52:08.795064+00:00
3369,focused,orientation,orientation_recall_D4,26952,199440,0.5688567161560059,57.47396469116211,1,0.625,{},11,0.6410000000614673,2026-09-13T03:52:09.442554+00:00
3370,focused,motion_direction,motion_L2,26960,199480,0.16997234523296356,201.2198028564453,1,0.875,{},5,0.3130000000819564,2026-09-13T03:52:09.767056+00:00
3371,focused,orientation,orientation_anchor,26968,199496,0.0006689319852739573,0.01708817109465599,0,1.0,{},2,0.1720000000204891,2026-09-13T03:52:09.937491+00:00
3372,focused,orientation,orientation_recall_minimal,26976,199536,0.22021283209323883,10.656944274902344,1,0.875,{},5,0.3279999999795109,2026-09-13T03:52:10.263579+00:00
3373,focused,motion_direction,motion_L8,26984,199624,0.3968693017959595,17.073652267456055,1,0.75,{},11,0.7029999999795109,2026-09-13T03:52:10.973069+00:00
3374,focused,orientation,orientation_recall_D4,26992,199712,0.6749297976493835,93.54288482666016,1,0.5,{},11,0.6409999998286366,2026-09-13T03:52:11.615864+00:00
3375,focused,motion_direction,motion_L2,27000,199752,0.016399621963500977,7.902432918548584,1,1.0,{},5,0.28100000019185245,2026-09-13T03:52:11.911543+00:00
3376,focused,orientation,orientation_recall_minimal,27008,199792,0.04640892520546913,11.6538667678833,1,1.0,{},5,0.31200000015087426,2026-09-13T03:52:12.226694+00:00
3377,focused,motion_direction,motion_L8,27016,199880,0.948226809501648,175.50265502929688,1,0.75,{},11,0.703999999910593,2026-09-13T03:52:12.928026+00:00
3378,focused,orientation,orientation_recall_D4,27024,199968,0.182000532746315,17.192420959472656,1,1.0,{},11,0.6399999998975545,2026-09-13T03:52:13.572163+00:00
3379,focused,motion_direction,motion_L2,27032,200008,0.009238660335540771,0.8858072757720947,0,1.0,{},5,0.3130000000819564,2026-09-13T03:52:13.887342+00:00
3380,focused,orientation,orientation_recall_minimal,27040,200048,0.10223357379436493,16.205915451049805,1,1.0,{},5,0.3119999999180436,2026-09-13T03:52:14.199771+00:00
3381,focused,motion_direction,motion_anchor,27048,200064,0.0015513834077864885,0.18630900979042053,0,1.0,{},2,0.1410000000614673,2026-09-13T03:52:14.335028+00:00
3382,focused,motion_direction,motion_L8,27056,200152,0.6856198310852051,23.11403465270996,1,0.875,{},11,0.7650000001303852,2026-09-13T03:52:15.109172+00:00
3383,focused,orientation,orientation_recall_D4,27064,200240,0.4599004089832306,31.268014907836914,1,0.75,{},11,0.6409999998286366,2026-09-13T03:52:15.752230+00:00
3384,focused,motion_direction,motion_L2,27072,200280,0.007632855325937271,2.7229435443878174,1,1.0,{},5,0.3130000000819564,2026-09-13T03:52:16.064705+00:00
3385,focused,orientation,orientation_recall_minimal,27080,200320,0.058466799557209015,9.318806648254395,1,1.0,{},5,0.29600000008940697,2026-09-13T03:52:16.365326+00:00
3386,focused,motion_direction,motion_L8,27088,200408,1.0549356937408447,60.628387451171875,1,0.375,{},11,0.7340000001713634,2026-09-13T03:52:17.102515+00:00
3387,focused,orientation,orientation_recall_D4,27096,200496,0.38264551758766174,32.49000930786133,1,0.75,{},11,0.6720000000204891,2026-09-13T03:52:17.777375+00:00
3388,focused,motion_direction,motion_L2,27104,200536,0.008100839331746101,0.9497653841972351,0,1.0,{},5,0.29699999978765845,2026-09-13T03:52:18.082767+00:00
3389,focused,orientation,orientation_recall_minimal,27112,200576,0.2132064551115036,46.16046142578125,1,0.875,{},5,0.26500000013038516,2026-09-13T03:52:18.360722+00:00
3390,focused,motion_direction,motion_L8,27120,200664,0.2723754346370697,38.61027526855469,1,0.875,{},11,0.7189999998081475,2026-09-13T03:52:19.082689+00:00
3391,focused,orientation,orientation_anchor,27128,200680,0.003588649909943342,0.16675835847854614,0,1.0,{},2,0.125,2026-09-13T03:52:19.223459+00:00
3392,focused,orientation,orientation_recall_D4,27136,200768,0.7182779312133789,203.85691833496094,1,0.75,{},11,0.6720000000204891,2026-09-13T03:52:19.901071+00:00
3393,focused,motion_direction,motion_L2,27144,200808,0.01741236075758934,15.128564834594727,1,1.0,"{""state_mean"": {""input_saturation"": 0.04345703125, ""input_mean"": 0.16185491979122163, ""forget_saturation"": 0.57177734375, ""forget_mean"": 0.9073225498199463, ""output_saturation"": 0.0271484375, ""output_mean"": 0.4861427128314972, ""candidate_saturation"": 0.11123046875, ""state0_rms"": 0.35401188135147094, ""state0_max"": 1.5738433003425598, ""state1_rms"": 0.20107861757278442, ""state1_max"": 0.8135660648345947}, ""state_peak"": {""state0_max"": 2.649703025817871, ""state1_max"": 0.9507015943527222}, ""early_representation_gradient_norm"": 0.0012799882097169757, ""late_representation_gradient_norm"": 0.006855253130197525, ""core_gradient_norm"": 0.44939014315605164, ""recurrent_gradient_rms"": 0.0003635197354014963, ""recurrent_gradient_median_abs"": 3.3538174193381565e-06, ""current_gradient_fraction_below_adam_eps"": 2.6702880859375e-05, ""effective_recurrent_relative_update"": 0.005130966659635305}",5,0.34399999980814755,2026-09-13T03:52:20.255040+00:00
3394,focused,orientation,orientation_recall_minimal,27152,200848,0.05518127232789993,20.044748306274414,1,1.0,{},5,0.3119999999180436,2026-09-13T03:52:20.576947+00:00
3395,focused,motion_direction,motion_L8,27160,200936,1.3262600898742676,88.380859375,1,0.5,{},11,0.7190000000409782,2026-09-13T03:52:21.299911+00:00
3396,focused,orientation,orientation_recall_D4,27168,201024,0.33873599767684937,66.0826644897461,1,0.875,{},11,0.6410000000614673,2026-09-13T03:52:21.931039+00:00
3397,focused,motion_direction,motion_L2,27176,201064,0.013913626782596111,9.885759353637695,1,1.0,{},5,0.29600000008940697,2026-09-13T03:52:22.231602+00:00
3398,focused,orientation,orientation_recall_minimal,27184,201104,0.039426419883966446,9.988669395446777,1,1.0,{},5,0.2970000000204891,2026-09-13T03:52:22.534549+00:00
3399,focused,motion_direction,motion_L8,27192,201192,0.3339337408542633,23.23663902282715,1,0.875,{},11,0.7189999998081475,2026-09-13T03:52:23.253350+00:00
3400,focused,orientation,orientation_recall_D4,27200,201280,0.40302929282188416,48.068016052246094,1,0.875,{},11,0.6560000001918525,2026-09-13T03:52:23.906913+00:00
3401,focused,motion_direction,motion_anchor,27208,201296,0.0022336035035550594,0.22942301630973816,0,1.0,{},2,0.14099999982863665,2026-09-13T03:52:24.051199+00:00
3402,focused,motion_direction,motion_L2,27216,201336,0.2318948656320572,330.5665283203125,1,0.875,{},5,0.31200000015087426,2026-09-13T03:52:24.355864+00:00
3403,focused,orientation,orientation_recall_minimal,27224,201376,0.050921354442834854,8.692856788635254,1,1.0,{},5,0.28199999989010394,2026-09-13T03:52:24.640675+00:00
3404,focused,motion_direction,motion_L8,27232,201464,0.7192500233650208,92.79704284667969,1,0.75,{},11,0.7339999999385327,2026-09-13T03:52:25.379501+00:00
3405,focused,orientation,orientation_recall_D4,27240,201552,0.4663430452346802,21.80844497680664,1,0.875,{},11,0.6720000000204891,2026-09-13T03:52:26.060796+00:00
3406,focused,motion_direction,motion_L2,27248,201592,0.01927366480231285,12.829346656799316,1,1.0,{},5,0.3119999999180436,2026-09-13T03:52:26.370931+00:00
3407,focused,orientation,orientation_recall_minimal,27256,201632,0.5439071655273438,72.13766479492188,1,0.75,{},5,0.3279999999795109,2026-09-13T03:52:26.697460+00:00
3408,focused,motion_direction,motion_L8,27264,201720,0.7982808351516724,53.69004821777344,1,0.75,{},11,0.6880000000819564,2026-09-13T03:52:27.383757+00:00
3409,focused,orientation,orientation_recall_D4,27272,201808,0.1039554700255394,7.015524864196777,1,1.0,{},11,0.6400000001303852,2026-09-13T03:52:28.028152+00:00
3410,focused,motion_direction,motion_L2,27280,201848,0.008466629311442375,1.7607604265213013,1,1.0,{},5,0.3279999999795109,2026-09-13T03:52:28.356694+00:00
3411,focused,orientation,orientation_anchor,27288,201864,0.0009356403024867177,0.025891460478305817,0,1.0,{},2,0.14099999982863665,2026-09-13T03:52:28.500237+00:00
3412,focused,orientation,orientation_recall_minimal,27296,201904,0.010337352752685547,1.3465107679367065,1,1.0,{},5,0.3130000000819564,2026-09-13T03:52:28.814374+00:00
3413,focused,motion_direction,motion_L8,27304,201992,0.6346749067306519,53.047794342041016,1,0.75,{},11,0.7339999999385327,2026-09-13T03:52:29.539966+00:00
3414,focused,orientation,orientation_recall_D4,27312,202080,0.6796201467514038,86.21798706054688,1,0.625,{},11,0.6559999999590218,2026-09-13T03:52:30.206726+00:00
3415,focused,motion_direction,motion_L2,27320,202120,0.005924340337514877,1.2230737209320068,1,1.0,{},5,0.3279999999795109,2026-09-13T03:52:30.551764+00:00
3416,focused,orientation,orientation_recall_minimal,27328,202160,0.3602895140647888,17.65399932861328,1,0.875,{},5,0.3279999999795109,2026-09-13T03:52:30.890495+00:00
3417,focused,motion_direction,motion_L8,27336,202248,0.7242164611816406,42.32545852661133,1,0.625,{},11,0.7339999999385327,2026-09-13T03:52:31.624212+00:00
3418,focused,orientation,orientation_recall_D4,27344,202336,0.0527506060898304,5.241438388824463,1,1.0,{},11,0.7190000000409782,2026-09-13T03:52:32.344612+00:00
3419,focused,motion_direction,motion_L2,27352,202376,0.004895444959402084,0.3490305244922638,0,1.0,{},5,0.3589999999385327,2026-09-13T03:52:32.707862+00:00
3420,focused,orientation,orientation_recall_minimal,27360,202416,1.0673860311508179,33.0295524597168,1,0.625,{},5,0.3279999999795109,2026-09-13T03:52:33.047420+00:00
3421,focused,motion_direction,motion_anchor,27368,202432,0.00376330828294158,0.47751790285110474,0,1.0,{},2,0.1410000000614673,2026-09-13T03:52:33.178777+00:00
3422,focused,motion_direction,motion_L8,27376,202520,0.9987025260925293,60.57087707519531,1,0.5,{},11,0.7339999999385327,2026-09-13T03:52:33.927711+00:00
3423,focused,orientation,orientation_recall_D4,27384,202608,0.3815326988697052,171.2671356201172,1,0.875,{},11,0.75,2026-09-13T03:52:34.682218+00:00
3424,focused,motion_direction,motion_L2,27392,202648,0.004991929046809673,0.9368847608566284,0,1.0,{},5,0.34300000010989606,2026-09-13T03:52:35.030287+00:00
3425,focused,orientation,orientation_recall_minimal,27400,202688,0.37888357043266296,111.83104705810547,1,0.875,{},5,0.31299999984912574,2026-09-13T03:52:35.345051+00:00
3426,focused,motion_direction,motion_L8,27408,202776,0.9695359468460083,79.98233032226562,1,0.75,{},11,0.8440000000409782,2026-09-13T03:52:36.181305+00:00
3427,focused,orientation,orientation_recall_D4,27416,202864,0.4158950448036194,77.17143249511719,1,0.875,{},11,0.625,2026-09-13T03:52:36.817157+00:00
3428,focused,motion_direction,motion_L2,27424,202904,0.00848439708352089,3.0299253463745117,1,1.0,{},5,0.32800000021234155,2026-09-13T03:52:37.146646+00:00
3429,focused,orientation,orientation_recall_minimal,27432,202944,0.044746704399585724,10.5828218460083,1,1.0,{},5,0.3279999999795109,2026-09-13T03:52:37.486015+00:00
3430,focused,motion_direction,motion_L8,27440,203032,0.8625321388244629,50.0479621887207,1,0.75,{},11,0.6879999998491257,2026-09-13T03:52:38.176706+00:00
3431,focused,orientation,orientation_anchor,27448,203048,0.00016145365952979773,0.003822851926088333,0,1.0,{},2,0.13999999989755452,2026-09-13T03:52:38.329020+00:00
3432,focused,orientation,orientation_recall_D4,27456,203136,0.6941713094711304,20.293869018554688,1,0.75,{},11,0.6720000000204891,2026-09-13T03:52:39.004429+00:00
3433,focused,motion_direction,motion_L2,27464,203176,0.005083316471427679,0.5690187811851501,0,1.0,{},5,0.3279999999795109,2026-09-13T03:52:39.348843+00:00
3434,focused,orientation,orientation_recall_minimal,27472,203216,0.05691967159509659,18.10665512084961,1,1.0,{},5,0.34399999980814755,2026-09-13T03:52:39.694340+00:00
3435,focused,motion_direction,motion_L8,27480,203304,0.678045392036438,23.667451858520508,1,0.75,{},11,0.7810000001918525,2026-09-13T03:52:40.485671+00:00
3436,focused,orientation,orientation_recall_D4,27488,203392,0.3259897232055664,27.618820190429688,1,0.875,{},11,0.6879999998491257,2026-09-13T03:52:41.174018+00:00
3437,focused,motion_direction,motion_L2,27496,203432,0.004587387666106224,0.6000556349754333,0,1.0,{},5,0.3440000000409782,2026-09-13T03:52:41.520115+00:00
3438,focused,orientation,orientation_recall_minimal,27504,203472,0.14470158517360687,53.45692443847656,1,1.0,{},5,0.31299999984912574,2026-09-13T03:52:41.841034+00:00
3439,focused,motion_direction,motion_L8,27512,203560,0.4529971480369568,64.29994201660156,1,0.75,{},11,0.7029999999795109,2026-09-13T03:52:42.542242+00:00
3440,focused,orientation,orientation_recall_D4,27520,203648,0.6112470626831055,52.02001190185547,1,0.75,{},11,0.6090000001713634,2026-09-13T03:52:43.159819+00:00
3441,focused,motion_direction,motion_anchor,27528,203664,0.007957455702126026,1.6292024850845337,1,1.0,{},2,0.17199999978765845,2026-09-13T03:52:43.329898+00:00
3442,focused,motion_direction,motion_L2,27536,203704,0.28671133518218994,66.71351623535156,1,0.875,{},5,0.3130000000819564,2026-09-13T03:52:43.643682+00:00
3443,focused,orientation,orientation_recall_minimal,27544,203744,0.028741760179400444,4.05157995223999,1,1.0,{},5,0.3119999999180436,2026-09-13T03:52:43.953893+00:00
3444,focused,motion_direction,motion_L8,27552,203832,0.9719008207321167,25.839942932128906,1,0.75,{},11,0.7190000000409782,2026-09-13T03:52:44.667568+00:00
3445,focused,orientation,orientation_recall_D4,27560,203920,0.08307048678398132,8.693778038024902,1,1.0,{},11,0.7190000000409782,2026-09-13T03:52:45.385434+00:00
3446,focused,motion_direction,motion_L2,27568,203960,0.003610641462728381,0.1468595564365387,0,1.0,{},5,0.3279999999795109,2026-09-13T03:52:45.718638+00:00
3447,focused,orientation,orientation_recall_minimal,27576,204000,0.029030147939920425,6.762648105621338,1,1.0,{},5,0.3440000000409782,2026-09-13T03:52:46.067996+00:00
3448,focused,motion_direction,motion_L8,27584,204088,0.4376256465911865,26.798131942749023,1,0.75,{},11,0.7030000002123415,2026-09-13T03:52:46.787698+00:00
3449,focused,orientation,orientation_recall_D4,27592,204176,0.20550644397735596,30.721187591552734,1,0.875,{},11,0.6720000000204891,2026-09-13T03:52:47.462282+00:00
3450,focused,motion_direction,motion_L2,27600,204216,0.0033842241391539574,0.11405438929796219,0,1.0,{},5,0.375,2026-09-13T03:52:47.835583+00:00
3451,focused,orientation,orientation_anchor,27608,204232,0.0002662834885995835,0.008887036703526974,0,1.0,{},2,0.18700000015087426,2026-09-13T03:52:48.025569+00:00
3452,focused,orientation,orientation_recall_minimal,27616,204272,0.15434414148330688,116.35269927978516,1,0.875,{},5,0.35999999986961484,2026-09-13T03:52:48.383207+00:00
3453,focused,motion_direction,motion_L8,27624,204360,0.4810258746147156,26.95011329650879,1,0.875,{},11,0.75,2026-09-13T03:52:49.135188+00:00
3454,focused,orientation,orientation_recall_D4,27632,204448,0.30624550580978394,40.764869689941406,1,0.875,{},11,0.7180000001098961,2026-09-13T03:52:49.854830+00:00
3455,focused,motion_direction,motion_L2,27640,204488,0.0033334712497889996,0.13375528156757355,0,1.0,{},5,0.34399999980814755,2026-09-13T03:52:50.201933+00:00
3456,focused,orientation,orientation_recall_minimal,27648,204528,0.09569008648395538,63.61164855957031,1,1.0,{},5,0.3910000000614673,2026-09-13T03:52:50.590712+00:00
3457,focused,motion_direction,motion_L8,27656,204616,0.48661690950393677,47.17073440551758,1,0.75,"{""state_mean"": {""input_saturation"": 0.03821910511363636, ""input_mean"": 0.1635783856565302, ""forget_saturation"": 0.5645862926136364, ""forget_mean"": 0.908719772642309, ""output_saturation"": 0.029651988636363636, ""output_mean"": 0.48844804817979987, ""candidate_saturation"": 0.10968572443181818, ""state0_rms"": 0.48299413242123346, ""state0_max"": 3.434102941643108, ""state1_rms"": 0.22177232801914215, ""state1_max"": 0.9001721306280657}, ""state_peak"": {""state0_max"": 6.244993686676025, ""state1_max"": 0.9871666431427002}, ""early_representation_gradient_norm"": 0.028451964259147644, ""late_representation_gradient_norm"": 0.04763810709118843, ""core_gradient_norm"": 5.954120635986328, ""recurrent_gradient_rms"": 0.006066280882805586, ""recurrent_gradient_median_abs"": 0.0001176227888208814, ""current_gradient_fraction_below_adam_eps"": 0.0, ""effective_recurrent_relative_update"": 0.007299351040273905}",11,0.7809999999590218,2026-09-13T03:52:51.369770+00:00
3458,focused,orientation,orientation_recall_D4,27664,204704,0.11481831222772598,13.860705375671387,1,1.0,{},11,0.6880000000819564,2026-09-13T03:52:52.065651+00:00
3459,focused,motion_direction,motion_L2,27672,204744,0.10687246173620224,37.6555061340332,1,0.875,{},5,0.3589999999385327,2026-09-13T03:52:52.413957+00:00
3460,focused,orientation,orientation_recall_minimal,27680,204784,0.39624857902526855,44.57915496826172,1,0.875,{},5,0.3279999999795109,2026-09-13T03:52:52.750194+00:00
3461,focused,motion_direction,motion_anchor,27688,204800,0.0001587053557159379,0.01681300811469555,0,1.0,{},2,0.15600000019185245,2026-09-13T03:52:52.911002+00:00
3462,focused,motion_direction,motion_L8,27696,204888,0.6581428050994873,82.43285369873047,1,0.875,{},11,0.6720000000204891,2026-09-13T03:52:53.597560+00:00
3463,focused,orientation,orientation_recall_D4,27704,204976,0.4981113076210022,133.03561401367188,1,0.625,{},11,0.6870000001508743,2026-09-13T03:52:54.273259+00:00
3464,focused,motion_direction,motion_L2,27712,205016,0.011026854626834393,7.877560615539551,1,1.0,{},5,0.375,2026-09-13T03:52:54.653682+00:00
3465,focused,orientation,orientation_recall_minimal,27720,205056,0.03381345793604851,13.254074096679688,1,1.0,{},5,0.35999999986961484,2026-09-13T03:52:55.010684+00:00
3466,focused,motion_direction,motion_L8,27728,205144,0.32533562183380127,15.21971321105957,1,1.0,{},11,0.7029999999795109,2026-09-13T03:52:55.712235+00:00
3467,focused,orientation,orientation_recall_D4,27736,205232,0.5601020455360413,227.55953979492188,1,0.625,{},11,0.7339999999385327,2026-09-13T03:52:56.459815+00:00
3468,focused,motion_direction,motion_L2,27744,205272,0.004297140520066023,0.4460289776325226,0,1.0,{},5,0.31200000015087426,2026-09-13T03:52:56.779502+00:00
3469,focused,orientation,orientation_recall_minimal,27752,205312,0.027418483048677444,22.86404800415039,1,1.0,{},5,0.3279999999795109,2026-09-13T03:52:57.108158+00:00
3470,focused,motion_direction,motion_L8,27760,205400,1.0303491353988647,20.908721923828125,1,0.625,{},11,0.7349999998696148,2026-09-13T03:52:57.850776+00:00
3471,focused,orientation,orientation_anchor,27768,205416,7.485306559829041e-05,0.0032263705506920815,0,1.0,{},2,0.15699999989010394,2026-09-13T03:52:58.010754+00:00
3472,focused,orientation,orientation_recall_D4,27776,205504,0.507861852645874,20.792078018188477,1,0.75,{},11,0.6559999999590218,2026-09-13T03:52:58.665544+00:00
3473,focused,motion_direction,motion_L2,27784,205544,0.00469911890104413,0.3614652156829834,0,1.0,{},5,0.3279999999795109,2026-09-13T03:52:59.002057+00:00
3474,focused,orientation,orientation_recall_minimal,27792,205584,0.21766331791877747,110.48563385009766,1,0.875,{},5,0.3440000000409782,2026-09-13T03:52:59.344165+00:00
3475,focused,motion_direction,motion_L8,27800,205672,0.7150710225105286,111.7964096069336,1,0.5,{},11,0.7650000001303852,2026-09-13T03:53:00.116119+00:00
3476,focused,orientation,orientation_recall_D4,27808,205760,0.588457465171814,171.18336486816406,1,0.625,{},11,0.6880000000819564,2026-09-13T03:53:00.815917+00:00
3477,focused,motion_direction,motion_L2,27816,205800,0.003823512466624379,0.40284210443496704,0,1.0,{},5,0.3279999999795109,2026-09-13T03:53:01.138231+00:00
3478,focused,orientation,orientation_recall_minimal,27824,205840,0.09453871846199036,69.11952209472656,1,1.0,{},5,0.3279999999795109,2026-09-13T03:53:01.472217+00:00
3479,focused,motion_direction,motion_L8,27832,205928,0.8247459530830383,71.94539642333984,1,0.75,{},11,0.7190000000409782,2026-09-13T03:53:02.183584+00:00
3480,focused,orientation,orientation_recall_D4,27840,206016,1.4609653949737549,218.40252685546875,1,0.375,{},11,0.6559999999590218,2026-09-13T03:53:02.837336+00:00
3481,focused,motion_direction,motion_anchor,27848,206032,0.0011671048123389482,0.390216201543808,0,1.0,{},2,0.14000000013038516,2026-09-13T03:53:02.977260+00:00
3482,focused,motion_direction,motion_L2,27856,206072,0.35894644260406494,213.69056701660156,1,0.875,{},5,0.31299999984912574,2026-09-13T03:53:03.288451+00:00
3483,focused,orientation,orientation_recall_minimal,27864,206112,0.25707578659057617,44.27153396606445,1,0.875,{},5,0.31200000015087426,2026-09-13T03:53:03.603245+00:00
3484,focused,motion_direction,motion_L8,27872,206200,0.6271607279777527,55.57610321044922,1,0.875,{},11,0.7349999998696148,2026-09-13T03:53:04.340737+00:00
3485,focused,orientation,orientation_recall_D4,27880,206288,1.4682453870773315,337.8370361328125,1,0.5,{},11,0.6559999999590218,2026-09-13T03:53:05.004198+00:00
3486,focused,motion_direction,motion_L2,27888,206328,0.03134268522262573,72.20023345947266,1,1.0,{},5,0.3440000000409782,2026-09-13T03:53:05.340056+00:00
3487,focused,orientation,orientation_recall_minimal,27896,206368,0.4439428448677063,40.23237991333008,1,0.875,{},5,0.39000000013038516,2026-09-13T03:53:05.740663+00:00
3488,focused,motion_direction,motion_L8,27904,206456,0.374336302280426,37.310874938964844,1,0.875,{},11,0.6880000000819564,2026-09-13T03:53:06.441063+00:00
3489,focused,orientation,orientation_recall_D4,27912,206544,0.9091883897781372,205.734375,1,0.625,{},11,0.6399999998975545,2026-09-13T03:53:07.081162+00:00
3490,focused,motion_direction,motion_L2,27920,206584,0.006147583946585655,4.9766950607299805,1,1.0,{},5,0.3130000000819564,2026-09-13T03:53:07.385851+00:00
3491,focused,orientation,orientation_anchor,27928,206600,0.0006356250960379839,0.02662688121199608,0,1.0,{},2,0.14000000013038516,2026-09-13T03:53:07.532141+00:00
3492,focused,orientation,orientation_recall_minimal,27936,206640,0.01273676659911871,3.3977088928222656,1,1.0,{},5,0.375,2026-09-13T03:53:07.908808+00:00
3493,focused,motion_direction,motion_L8,27944,206728,1.10066819190979,119.61132049560547,1,0.625,{},11,0.7029999999795109,2026-09-13T03:53:08.605255+00:00
3494,focused,orientation,orientation_recall_D4,27952,206816,0.6222416758537292,153.56002807617188,1,0.625,{},11,0.6569999998901039,2026-09-13T03:53:09.272106+00:00
3495,focused,motion_direction,motion_L2,27960,206856,0.6367860436439514,105.25218200683594,1,0.875,{},5,0.3279999999795109,2026-09-13T03:53:09.609774+00:00
3496,focused,orientation,orientation_recall_minimal,27968,206896,0.3598997890949249,92.45499420166016,1,0.75,{},5,0.35999999986961484,2026-09-13T03:53:09.960318+00:00
3497,focused,motion_direction,motion_L8,27976,206984,0.5765734314918518,155.73709106445312,1,0.75,{},11,0.7339999999385327,2026-09-13T03:53:10.698880+00:00
3498,focused,orientation,orientation_recall_D4,27984,207072,0.22727492451667786,17.214536666870117,1,1.0,{},11,0.6880000000819564,2026-09-13T03:53:11.397722+00:00
3499,focused,motion_direction,motion_L2,27992,207112,0.08341383188962936,175.90440368652344,1,1.0,{},5,0.3279999999795109,2026-09-13T03:53:11.735946+00:00
3500,focused,orientation,orientation_recall_minimal,28000,207152,0.3885137736797333,65.6634521484375,1,0.75,{},5,0.32899999991059303,2026-09-13T03:53:12.061778+00:00
3501,focused,motion_direction,motion_anchor,28008,207168,0.2183471918106079,32.8633918762207,1,0.875,{},2,0.17100000008940697,2026-09-13T03:53:12.228773+00:00
3502,focused,motion_direction,motion_L8,28016,207256,0.4838416874408722,46.8073616027832,1,0.75,{},11,0.6720000000204891,2026-09-13T03:53:12.907360+00:00
3503,focused,orientation,orientation_recall_D4,28024,207344,1.1205705404281616,45.113197326660156,1,0.5,{},11,0.625,2026-09-13T03:53:13.529943+00:00
3504,focused,motion_direction,motion_L2,28032,207384,0.008607474155724049,5.774230480194092,1,1.0,{},5,0.3279999999795109,2026-09-13T03:53:13.861262+00:00
3505,focused,orientation,orientation_recall_minimal,28040,207424,0.025705469772219658,2.0993192195892334,1,1.0,{},5,0.31299999984912574,2026-09-13T03:53:14.174720+00:00
3506,focused,motion_direction,motion_L8,28048,207512,0.4755258560180664,56.597740173339844,1,0.875,{},11,0.7660000000614673,2026-09-13T03:53:14.939648+00:00
3507,focused,orientation,orientation_recall_D4,28056,207600,0.42325559258461,28.80270004272461,1,0.75,{},11,0.6559999999590218,2026-09-13T03:53:15.591024+00:00
3508,focused,motion_direction,motion_L2,28064,207640,1.105200171470642,336.56396484375,1,0.75,{},5,0.3279999999795109,2026-09-13T03:53:15.914159+00:00
3509,focused,orientation,orientation_recall_minimal,28072,207680,0.08521705120801926,26.828493118286133,1,1.0,{},5,0.2970000000204891,2026-09-13T03:53:16.223464+00:00
3510,focused,motion_direction,motion_L8,28080,207768,1.0545752048492432,164.9569091796875,1,0.625,{},11,0.6720000000204891,2026-09-13T03:53:16.910771+00:00
3511,focused,orientation,orientation_anchor,28088,207784,0.005701910704374313,0.16520830988883972,0,1.0,{},2,0.125,2026-09-13T03:53:17.037938+00:00
3512,focused,orientation,orientation_recall_D4,28096,207872,0.5649399757385254,55.525394439697266,1,0.625,{},11,0.7190000000409782,2026-09-13T03:53:17.762346+00:00
3513,focused,motion_direction,motion_L2,28104,207912,0.14259719848632812,202.68017578125,1,0.875,{},5,0.375,2026-09-13T03:53:18.134667+00:00
3514,focused,orientation,orientation_recall_minimal,28112,207952,0.3056551218032837,116.1357421875,1,0.875,{},5,0.34300000010989606,2026-09-13T03:53:18.481125+00:00
3515,focused,motion_direction,motion_L8,28120,208040,0.2333454191684723,47.291683197021484,1,0.875,{},11,0.7189999998081475,2026-09-13T03:53:19.204100+00:00
3516,focused,orientation,orientation_recall_D4,28128,208128,0.33212631940841675,31.578237533569336,1,0.875,{},11,0.6720000000204891,2026-09-13T03:53:19.879111+00:00
3517,focused,motion_direction,motion_L2,28136,208168,0.0048279897309839725,3.4544670581817627,1,1.0,{},5,0.375,2026-09-13T03:53:20.240921+00:00
3518,focused,orientation,orientation_recall_minimal,28144,208208,0.008379360660910606,0.31692788004875183,0,1.0,{},5,0.3130000000819564,2026-09-13T03:53:20.553258+00:00
3519,focused,motion_direction,motion_L8,28152,208296,0.13340002298355103,18.844202041625977,1,1.0,{},11,0.7339999999385327,2026-09-13T03:53:21.301003+00:00
3520,focused,orientation,orientation_recall_D4,28160,208384,0.5439935922622681,60.377403259277344,1,0.75,{},11,0.6720000000204891,2026-09-13T03:53:21.972059+00:00
3521,focused,motion_direction,motion_anchor,28168,208400,0.0004450407868716866,0.04732909053564072,0,1.0,"{""state_mean"": {""input_saturation"": 0.040771484375, ""input_mean"": 0.16010749340057373, ""forget_saturation"": 0.572509765625, ""forget_mean"": 0.9121589064598083, ""output_saturation"": 0.0244140625, ""output_mean"": 0.4896009713411331, ""candidate_saturation"": 0.1142578125, ""state0_rms"": 0.24862797558307648, ""state0_max"": 1.3430927395820618, ""state1_rms"": 0.16324710100889206, ""state1_max"": 0.7930319011211395}, ""state_peak"": {""state0_max"": 1.7480777502059937, ""state1_max"": 0.884373128414154}, ""early_representation_gradient_norm"": 0.00018013388034887612, ""late_representation_gradient_norm"": 8.000832167454064e-05, ""core_gradient_norm"": 0.003288984764367342, ""recurrent_gradient_rms"": 1.50532082443533e-06, ""recurrent_gradient_median_abs"": 9.540223722126484e-09, ""current_gradient_fraction_below_adam_eps"": 0.017658233642578125, ""effective_recurrent_relative_update"": 0.005181875545531511}",2,0.1559999999590218,2026-09-13T03:53:22.128837+00:00
3522,focused,motion_direction,motion_L2,28176,208440,0.016623646020889282,15.540077209472656,1,1.0,{},5,0.3130000000819564,2026-09-13T03:53:22.435027+00:00
3523,focused,orientation,orientation_recall_minimal,28184,208480,0.09800823032855988,37.5070686340332,1,1.0,{},5,0.34300000010989606,2026-09-13T03:53:22.785436+00:00
3524,focused,motion_direction,motion_L8,28192,208568,0.5151398181915283,61.61378860473633,1,0.875,{},11,0.7349999998696148,2026-09-13T03:53:23.520735+00:00
3525,focused,orientation,orientation_recall_D4,28200,208656,1.5286545753479004,436.34332275390625,1,0.5,{},11,0.6719999997876585,2026-09-13T03:53:24.198220+00:00
3526,focused,motion_direction,motion_L2,28208,208696,0.6547163128852844,82.48738098144531,1,0.875,{},5,0.40600000019185245,2026-09-13T03:53:24.614095+00:00
3527,focused,orientation,orientation_recall_minimal,28216,208736,0.2383032739162445,54.63884353637695,1,0.875,{},5,0.3440000000409782,2026-09-13T03:53:24.959402+00:00
3528,focused,motion_direction,motion_L8,28224,208824,1.4887574911117554,23.95671272277832,1,0.5,{},11,0.7339999999385327,2026-09-13T03:53:25.702655+00:00
3529,focused,orientation,orientation_recall_D4,28232,208912,1.7083015441894531,219.09642028808594,1,0.375,{},11,0.7030000002123415,2026-09-13T03:53:26.412333+00:00
3530,focused,motion_direction,motion_L2,28240,208952,0.06495464593172073,88.85321044921875,1,1.0,{},5,0.3279999999795109,2026-09-13T03:53:26.749345+00:00
3531,focused,orientation,orientation_anchor,28248,208968,0.001881348085589707,0.05382357910275459,0,1.0,{},2,0.15600000019185245,2026-09-13T03:53:26.909841+00:00
3532,focused,orientation,orientation_recall_minimal,28256,209008,0.0563930943608284,9.446351051330566,1,1.0,{},5,0.3279999999795109,2026-09-13T03:53:27.236137+00:00
3533,focused,motion_direction,motion_L8,28264,209096,0.6133175492286682,39.58506393432617,1,0.75,{},11,0.7189999998081475,2026-09-13T03:53:27.947163+00:00
3534,focused,orientation,orientation_recall_D4,28272,209184,0.7473272085189819,211.0596160888672,1,0.5,{},11,0.6880000000819564,2026-09-13T03:53:28.646068+00:00
3535,focused,motion_direction,motion_L2,28280,209224,0.18904171884059906,183.71163940429688,1,0.875,{},5,0.34399999980814755,2026-09-13T03:53:28.998189+00:00
3536,focused,orientation,orientation_recall_minimal,28288,209264,0.010802313685417175,0.4149440824985504,0,1.0,{},5,0.375,2026-09-13T03:53:29.371926+00:00
3537,focused,motion_direction,motion_L8,28296,209352,1.228716254234314,53.61408615112305,1,0.625,{},11,0.75,2026-09-13T03:53:30.120170+00:00
3538,focused,orientation,orientation_recall_D4,28304,209440,0.6117145419120789,62.473453521728516,1,0.75,{},11,0.6720000000204891,2026-09-13T03:53:30.793357+00:00
3539,focused,motion_direction,motion_L2,28312,209480,0.00866452232003212,4.904520034790039,1,1.0,{},5,0.35900000017136335,2026-09-13T03:53:31.147156+00:00
3540,focused,orientation,orientation_recall_minimal,28320,209520,0.0360688790678978,18.393951416015625,1,1.0,{},5,0.31299999984912574,2026-09-13T03:53:31.460501+00:00
3541,focused,motion_direction,motion_anchor,28328,209536,0.0005118876579217613,0.06560672074556351,0,1.0,{},2,0.1720000000204891,2026-09-13T03:53:31.634930+00:00
3542,focused,motion_direction,motion_L8,28336,209624,1.137147307395935,111.8774642944336,1,0.625,{},11,0.75,2026-09-13T03:53:32.384889+00:00
3543,focused,orientation,orientation_recall_D4,28344,209712,0.36890867352485657,23.381690979003906,1,0.875,{},11,0.7029999999795109,2026-09-13T03:53:33.099292+00:00
3544,focused,motion_direction,motion_L2,28352,209752,0.041562359780073166,33.766632080078125,1,1.0,{},5,0.375,2026-09-13T03:53:33.483884+00:00
3545,focused,orientation,orientation_recall_minimal,28360,209792,0.017608340829610825,4.061923027038574,1,1.0,{},5,0.32899999991059303,2026-09-13T03:53:33.806266+00:00
3546,focused,motion_direction,motion_L8,28368,209880,0.4799310564994812,88.06117248535156,1,0.75,{},11,0.7029999999795109,2026-09-13T03:53:34.508593+00:00
3547,focused,orientation,orientation_recall_D4,28376,209968,0.2664661407470703,62.67942810058594,1,0.875,{},11,0.7180000001098961,2026-09-13T03:53:35.237568+00:00
3548,focused,motion_direction,motion_L2,28384,210008,0.3301107883453369,78.86280822753906,1,0.875,{},5,0.31299999984912574,2026-09-13T03:53:35.550756+00:00
3549,focused,orientation,orientation_recall_minimal,28392,210048,0.3893927335739136,64.82426452636719,1,0.875,{},5,0.3279999999795109,2026-09-13T03:53:35.883558+00:00
3550,focused,motion_direction,motion_L8,28400,210136,0.3909868597984314,52.64838409423828,1,0.75,{},11,0.7029999999795109,2026-09-13T03:53:36.595555+00:00
3551,focused,orientation,orientation_anchor,28408,210152,0.00328980665653944,0.09807409346103668,0,1.0,{},2,0.1559999999590218,2026-09-13T03:53:36.749408+00:00
3552,focused,orientation,orientation_recall_D4,28416,210240,0.573763370513916,66.6913070678711,1,0.75,{},11,0.6880000000819564,2026-09-13T03:53:37.440801+00:00
3553,focused,motion_direction,motion_L2,28424,210280,0.019548607990145683,11.950514793395996,1,1.0,{},5,0.3589999999385327,2026-09-13T03:53:37.788755+00:00
3554,focused,orientation,orientation_recall_minimal,28432,210320,0.13540448248386383,84.52992248535156,1,0.875,{},5,0.3279999999795109,2026-09-13T03:53:38.120095+00:00
3555,focused,motion_direction,motion_L8,28440,210408,0.8126043081283569,18.25331687927246,1,0.75,{},11,0.75,2026-09-13T03:53:38.877197+00:00
3556,focused,orientation,orientation_recall_D4,28448,210496,0.1618133932352066,17.136531829833984,1,1.0,{},11,0.6410000000614673,2026-09-13T03:53:39.512470+00:00
3557,focused,motion_direction,motion_L2,28456,210536,0.004710454493761063,0.39633825421333313,0,1.0,{},5,0.3589999999385327,2026-09-13T03:53:39.880401+00:00
3558,focused,orientation,orientation_recall_minimal,28464,210576,0.0104021355509758,1.1017463207244873,1,1.0,{},5,0.375,2026-09-13T03:53:40.263251+00:00
3559,focused,motion_direction,motion_L8,28472,210664,0.8664420247077942,39.44997024536133,1,0.625,{},11,0.7339999999385327,2026-09-13T03:53:41.000339+00:00
3560,focused,orientation,orientation_recall_D4,28480,210752,0.29311221837997437,140.16912841796875,1,0.875,{},11,0.6880000000819564,2026-09-13T03:53:41.680498+00:00
3561,focused,motion_direction,motion_anchor,28488,210768,0.002541992347687483,0.5563605427742004,0,1.0,{},2,0.13999999989755452,2026-09-13T03:53:41.829557+00:00
3562,focused,motion_direction,motion_L2,28496,210808,0.07092119008302689,80.26663970947266,1,1.0,{},5,0.375,2026-09-13T03:53:42.207808+00:00
3563,focused,orientation,orientation_recall_minimal,28504,210848,0.667766273021698,122.25137329101562,1,0.75,{},5,0.2970000000204891,2026-09-13T03:53:42.513401+00:00
3564,focused,motion_direction,motion_L8,28512,210936,1.4223098754882812,78.21178436279297,1,0.75,{},11,0.75,2026-09-13T03:53:43.259505+00:00
3565,focused,orientation,orientation_recall_D4,28520,211024,1.323569893836975,158.57122802734375,1,0.625,{},11,0.6869999999180436,2026-09-13T03:53:43.948955+00:00
3566,focused,motion_direction,motion_L2,28528,211064,0.3923102021217346,317.2914123535156,1,0.75,{},5,0.3440000000409782,2026-09-13T03:53:44.289111+00:00
3567,focused,orientation,orientation_recall_minimal,28536,211104,0.47357138991355896,90.5127944946289,1,0.875,{},5,0.2970000000204891,2026-09-13T03:53:44.593646+00:00
3568,focused,motion_direction,motion_L8,28544,211192,0.4450885057449341,71.96218872070312,1,0.875,{},11,0.7339999999385327,2026-09-13T03:53:45.334022+00:00
3569,focused,orientation,orientation_recall_D4,28552,211280,0.44130629301071167,92.99787139892578,1,0.625,{},11,0.7190000000409782,2026-09-13T03:53:46.059256+00:00
3570,focused,motion_direction,motion_L2,28560,211320,0.015520410612225533,17.77568244934082,1,1.0,{},5,0.34300000010989606,2026-09-13T03:53:46.412181+00:00
3571,focused,orientation,orientation_anchor,28568,211336,0.00037815337418578565,0.020258178934454918,0,1.0,{},2,0.1559999999590218,2026-09-13T03:53:46.569849+00:00
3572,focused,orientation,orientation_recall_minimal,28576,211376,0.18700827658176422,36.98397445678711,1,0.875,{},5,0.2970000000204891,2026-09-13T03:53:46.878013+00:00
3573,focused,motion_direction,motion_L8,28584,211464,0.9166434407234192,208.85140991210938,1,0.625,{},11,0.7340000001713634,2026-09-13T03:53:47.604543+00:00
3574,focused,orientation,orientation_recall_D4,28592,211552,0.6799952387809753,24.626880645751953,1,0.625,{},11,0.703999999910593,2026-09-13T03:53:48.319109+00:00
3575,focused,motion_direction,motion_L2,28600,211592,0.007183069363236427,2.5199882984161377,1,1.0,{},5,0.3130000000819564,2026-09-13T03:53:48.643049+00:00
3576,focused,orientation,orientation_recall_minimal,28608,211632,0.4865819811820984,69.79772186279297,1,0.75,{},5,0.34300000010989606,2026-09-13T03:53:48.975399+00:00
3577,focused,motion_direction,motion_L8,28616,211720,0.8614872097969055,118.83348846435547,1,0.625,{},11,0.6879999998491257,2026-09-13T03:53:49.673228+00:00
3578,focused,orientation,orientation_recall_D4,28624,211808,0.6161721348762512,32.085655212402344,1,0.75,{},11,0.7029999999795109,2026-09-13T03:53:50.368602+00:00
3579,focused,motion_direction,motion_L2,28632,211848,0.005316917784512043,1.8688454627990723,1,1.0,{},5,0.375,2026-09-13T03:53:50.750066+00:00
3580,focused,orientation,orientation_recall_minimal,28640,211888,0.8906517028808594,63.02254104614258,1,0.625,{},5,0.3279999999795109,2026-09-13T03:53:51.073189+00:00
3581,focused,motion_direction,motion_anchor,28648,211904,0.000266374961938709,0.01540278922766447,0,1.0,{},2,0.15600000019185245,2026-09-13T03:53:51.236444+00:00
3582,focused,motion_direction,motion_L8,28656,211992,0.6669663786888123,28.43975830078125,1,0.75,{},11,0.7349999998696148,2026-09-13T03:53:51.962907+00:00
3583,focused,orientation,orientation_recall_D4,28664,212080,0.5703491568565369,75.48075103759766,1,0.625,{},11,0.6720000000204891,2026-09-13T03:53:52.642406+00:00
3584,focused,motion_direction,motion_L2,28672,212120,0.03889064863324165,29.00043487548828,1,1.0,{},5,0.3589999999385327,2026-09-13T03:53:52.999390+00:00
3585,focused,orientation,orientation_recall_minimal,28680,212160,0.04019620269536972,9.435213088989258,1,1.0,"{""state_mean"": {""input_saturation"": 0.0568359375, ""input_mean"": 0.16137107610702514, ""forget_saturation"": 0.5884765625, ""forget_mean"": 0.903708529472351, ""output_saturation"": 0.03017578125, ""output_mean"": 0.48690468072891235, ""candidate_saturation"": 0.1203125, ""state0_rms"": 0.4239120900630951, ""state0_max"": 1.999186372756958, ""state1_rms"": 0.1841150090098381, ""state1_max"": 0.8365788698196411}, ""state_peak"": {""state0_max"": 3.0867502689361572, ""state1_max"": 0.9667595028877258}, ""early_representation_gradient_norm"": 0.00256819324567914, ""late_representation_gradient_norm"": 0.11692258715629578, ""core_gradient_norm"": 0.7176365852355957, ""recurrent_gradient_rms"": 0.0007900668424554169, ""recurrent_gradient_median_abs"": 5.228382633504225e-06, ""current_gradient_fraction_below_adam_eps"": 7.62939453125e-06, ""effective_recurrent_relative_update"": 0.006689118221402168}",5,0.34399999980814755,2026-09-13T03:53:53.454621+00:00
3586,focused,motion_direction,motion_L8,28688,212248,0.8913630247116089,17.09459114074707,1,0.625,{},11,0.75,2026-09-13T03:53:54.202386+00:00
3587,focused,orientation,orientation_recall_D4,28696,212336,1.2221412658691406,135.59336853027344,1,0.375,{},11,0.7350000001024455,2026-09-13T03:53:54.933050+00:00
3588,focused,motion_direction,motion_L2,28704,212376,0.027965934947133064,22.172719955444336,1,1.0,{},5,0.3589999999385327,2026-09-13T03:53:55.290410+00:00
3589,focused,orientation,orientation_recall_minimal,28712,212416,0.04130002111196518,1.6459993124008179,1,1.0,{},5,0.31200000015087426,2026-09-13T03:53:55.612091+00:00
3590,focused,motion_direction,motion_L8,28720,212504,0.6706498265266418,78.61019134521484,1,0.875,{},11,0.7349999998696148,2026-09-13T03:53:56.338358+00:00
3591,focused,orientation,orientation_anchor,28728,212520,5.180509469937533e-05,0.0022425781935453415,0,1.0,{},2,0.14000000013038516,2026-09-13T03:53:56.482306+00:00
3592,focused,orientation,orientation_recall_D4,28736,212608,0.3818156123161316,95.56942749023438,1,0.75,{},11,0.6879999998491257,2026-09-13T03:53:57.166421+00:00
3593,focused,motion_direction,motion_L2,28744,212648,0.00838600005954504,2.060431957244873,1,1.0,{},5,0.3440000000409782,2026-09-13T03:53:57.512008+00:00
3594,focused,orientation,orientation_recall_minimal,28752,212688,0.010644104331731796,1.00808584690094,1,1.0,{},5,0.3279999999795109,2026-09-13T03:53:57.847496+00:00
3595,focused,motion_direction,motion_L8,28760,212776,0.6335495710372925,25.142868041992188,1,0.625,{},11,0.7650000001303852,2026-09-13T03:53:58.602034+00:00
3596,focused,orientation,orientation_recall_D4,28768,212864,0.437555193901062,53.98747634887695,1,0.875,{},11,0.6720000000204891,2026-09-13T03:53:59.284194+00:00
3597,focused,motion_direction,motion_L2,28776,212904,0.005123174283653498,0.7572770118713379,0,1.0,{},5,0.34399999980814755,2026-09-13T03:53:59.620709+00:00
3598,focused,orientation,orientation_recall_minimal,28784,212944,0.01961883343756199,2.9453279972076416,1,1.0,{},5,0.35900000017136335,2026-09-13T03:53:59.985587+00:00
3599,focused,motion_direction,motion_L8,28792,213032,0.4228806495666504,29.006729125976562,1,0.875,{},11,0.75,2026-09-13T03:54:00.740057+00:00
3600,focused,orientation,orientation_recall_D4,28800,213120,0.49407586455345154,16.97702407836914,1,0.75,{},11,0.6880000000819564,2026-09-13T03:54:01.429976+00:00
3601,focused,motion_direction,motion_anchor,28808,213136,0.003261827165260911,0.4950328767299652,0,1.0,{},2,0.13999999989755452,2026-09-13T03:54:01.581437+00:00
3602,focused,motion_direction,motion_L2,28816,213176,0.38800182938575745,226.21905517578125,1,0.875,{},5,0.375,2026-09-13T03:54:01.950111+00:00
3603,focused,orientation,orientation_recall_minimal,28824,213216,0.11777835339307785,23.470687866210938,1,1.0,{},5,0.3440000000409782,2026-09-13T03:54:02.295567+00:00
3604,focused,motion_direction,motion_L8,28832,213304,0.7074435949325562,65.5988540649414,1,0.75,{},11,0.75,2026-09-13T03:54:03.050776+00:00
3605,focused,orientation,orientation_recall_D4,28840,213392,0.2942124307155609,24.7526912689209,1,0.875,{},11,0.6870000001508743,2026-09-13T03:54:03.734198+00:00
3606,focused,motion_direction,motion_L2,28848,213432,0.03224330022931099,22.75166130065918,1,1.0,{},5,0.32899999991059303,2026-09-13T03:54:04.059733+00:00
3607,focused,orientation,orientation_recall_minimal,28856,213472,0.5383403897285461,183.88858032226562,1,0.875,{},5,0.34300000010989606,2026-09-13T03:54:04.409533+00:00
3608,focused,motion_direction,motion_L8,28864,213560,0.32671594619750977,25.92572021484375,1,0.875,{},11,0.8129999998491257,2026-09-13T03:54:05.225407+00:00
3609,focused,orientation,orientation_recall_D4,28872,213648,0.6273466944694519,112.76301574707031,1,0.5,{},11,0.7189999998081475,2026-09-13T03:54:05.959617+00:00
3610,focused,motion_direction,motion_L2,28880,213688,0.003521558828651905,0.09453985840082169,0,1.0,{},5,0.3279999999795109,2026-09-13T03:54:06.288624+00:00
3611,focused,orientation,orientation_anchor,28888,213704,0.0032997778616845608,0.12182211130857468,0,1.0,{},2,0.1410000000614673,2026-09-13T03:54:06.427650+00:00
3612,focused,orientation,orientation_recall_minimal,28896,213744,0.008348122239112854,1.5251271724700928,1,1.0,{},5,0.3119999999180436,2026-09-13T03:54:06.755019+00:00
3613,focused,motion_direction,motion_L8,28904,213832,0.569965124130249,26.543514251708984,1,0.75,{},11,0.7339999999385327,2026-09-13T03:54:07.496097+00:00
3614,focused,orientation,orientation_recall_D4,28912,213920,0.538901686668396,19.834957122802734,1,0.875,{},11,0.7029999999795109,2026-09-13T03:54:08.195999+00:00
3615,focused,motion_direction,motion_L2,28920,213960,0.006584594491869211,0.6642196178436279,0,1.0,{},5,0.3440000000409782,2026-09-13T03:54:08.539991+00:00
3616,focused,orientation,orientation_recall_minimal,28928,214000,0.3288267254829407,83.68589782714844,1,0.875,{},5,0.3279999999795109,2026-09-13T03:54:08.871787+00:00
3617,focused,motion_direction,motion_L8,28936,214088,0.9728696346282959,48.71461486816406,1,0.625,{},11,0.75,2026-09-13T03:54:09.627549+00:00
3618,focused,orientation,orientation_recall_D4,28944,214176,0.5673277974128723,79.03253936767578,1,0.625,{},11,0.7029999999795109,2026-09-13T03:54:10.327952+00:00
3619,focused,motion_direction,motion_L2,28952,214216,0.014240947552025318,13.06442928314209,1,1.0,{},5,0.3600000001024455,2026-09-13T03:54:10.689185+00:00
3620,focused,orientation,orientation_recall_minimal,28960,214256,0.05639675632119179,7.615931510925293,1,1.0,{},5,0.375,2026-09-13T03:54:11.064598+00:00
3621,focused,motion_direction,motion_anchor,28968,214272,5.5339747632388026e-05,0.003986814524978399,0,1.0,{},2,0.1559999999590218,2026-09-13T03:54:11.215641+00:00
3622,focused,motion_direction,motion_L8,28976,214360,0.4524114429950714,58.334922790527344,1,0.875,{},11,0.7190000000409782,2026-09-13T03:54:11.932790+00:00
3623,focused,orientation,orientation_recall_D4,28984,214448,0.4511915445327759,33.89616012573242,1,0.75,{},11,0.6869999999180436,2026-09-13T03:54:12.618167+00:00
3624,focused,motion_direction,motion_L2,28992,214488,0.04676918685436249,66.9642105102539,1,1.0,{},5,0.3279999999795109,2026-09-13T03:54:12.955690+00:00
3625,focused,orientation,orientation_recall_minimal,29000,214528,0.008556408807635307,1.5804061889648438,1,1.0,{},5,0.32800000021234155,2026-09-13T03:54:13.277315+00:00
3626,focused,motion_direction,motion_L8,29008,214616,0.8927373290061951,99.39485931396484,1,0.5,{},11,0.75,2026-09-13T03:54:14.031622+00:00
3627,focused,orientation,orientation_recall_D4,29016,214704,0.5405909419059753,29.008758544921875,1,0.75,{},11,0.6569999998901039,2026-09-13T03:54:14.683409+00:00
3628,focused,motion_direction,motion_L2,29024,214744,0.019031494855880737,6.121694564819336,1,1.0,{},5,0.3589999999385327,2026-09-13T03:54:15.040907+00:00
3629,focused,orientation,orientation_recall_minimal,29032,214784,0.0035029754508286715,0.09337648749351501,0,1.0,{},5,0.31200000015087426,2026-09-13T03:54:15.362877+00:00
3630,focused,motion_direction,motion_L8,29040,214872,0.8575993776321411,19.246253967285156,1,0.625,{},11,0.7349999998696148,2026-09-13T03:54:16.086438+00:00
3631,focused,orientation,orientation_anchor,29048,214888,0.0024916112888604403,0.07127216458320618,0,1.0,{},2,0.1559999999590218,2026-09-13T03:54:16.248380+00:00
3632,focused,orientation,orientation_recall_D4,29056,214976,0.702195942401886,176.7221221923828,1,0.75,{},11,0.6880000000819564,2026-09-13T03:54:16.931464+00:00
3633,focused,motion_direction,motion_L2,29064,215016,0.0029946095310151577,0.36357542872428894,0,1.0,{},5,0.34300000010989606,2026-09-13T03:54:17.274492+00:00
3634,focused,orientation,orientation_recall_minimal,29072,215056,0.011189611628651619,1.1472934484481812,1,1.0,{},5,0.31299999984912574,2026-09-13T03:54:17.589526+00:00
3635,focused,motion_direction,motion_L8,29080,215144,1.1807457208633423,104.93875885009766,1,0.75,{},11,0.7029999999795109,2026-09-13T03:54:18.300687+00:00
3636,focused,orientation,orientation_recall_D4,29088,215232,0.5984024405479431,26.593040466308594,1,0.75,{},11,0.6720000000204891,2026-09-13T03:54:18.967684+00:00
3637,focused,motion_direction,motion_L2,29096,215272,0.0038006450049579144,0.5728565454483032,0,1.0,{},5,0.3589999999385327,2026-09-13T03:54:19.321519+00:00
3638,focused,orientation,orientation_recall_minimal,29104,215312,0.022375306114554405,7.249217510223389,1,1.0,{},5,0.32800000021234155,2026-09-13T03:54:19.660416+00:00
3639,focused,motion_direction,motion_L8,29112,215400,0.6168860793113708,53.7446403503418,1,0.625,{},11,0.7349999998696148,2026-09-13T03:54:20.394832+00:00
3640,focused,orientation,orientation_recall_D4,29120,215488,0.4725356101989746,17.984079360961914,1,0.75,{},11,0.6720000000204891,2026-09-13T03:54:21.068338+00:00
3641,focused,motion_direction,motion_anchor,29128,215504,0.00011607006308622658,0.003827151609584689,0,1.0,{},2,0.15600000019185245,2026-09-13T03:54:21.236520+00:00
3642,focused,motion_direction,motion_L2,29136,215544,0.00820366945117712,6.792186260223389,1,1.0,{},5,0.34399999980814755,2026-09-13T03:54:21.574631+00:00
3643,focused,orientation,orientation_recall_minimal,29144,215584,0.016650717705488205,2.175029754638672,1,1.0,{},5,0.32800000021234155,2026-09-13T03:54:21.911039+00:00
3644,focused,motion_direction,motion_L8,29152,215672,1.0538090467453003,19.08381462097168,1,0.5,{},11,0.7029999999795109,2026-09-13T03:54:22.617691+00:00
3645,focused,orientation,orientation_recall_D4,29160,215760,0.20097173750400543,17.51091766357422,1,1.0,{},11,0.75,2026-09-13T03:54:23.380810+00:00
3646,focused,motion_direction,motion_L2,29168,215800,0.03271917253732681,8.02729606628418,1,1.0,{},5,0.34300000010989606,2026-09-13T03:54:23.736157+00:00
3647,focused,orientation,orientation_recall_minimal,29176,215840,0.300517201423645,25.702604293823242,1,0.875,{},5,0.34399999980814755,2026-09-13T03:54:24.081562+00:00
3648,focused,motion_direction,motion_L8,29184,215928,0.532267689704895,52.470314025878906,1,0.875,{},11,0.7350000001024455,2026-09-13T03:54:24.808950+00:00
3649,focused,orientation,orientation_recall_D4,29192,216016,0.7357829213142395,29.081512451171875,1,0.5,"{""state_mean"": {""input_saturation"": 0.07368607954545454, ""input_mean"": 0.1612745293162086, ""forget_saturation"": 0.5867808948863636, ""forget_mean"": 0.9006922461769797, ""output_saturation"": 0.029740767045454544, ""output_mean"": 0.48945122144439, ""candidate_saturation"": 0.11882990056818182, ""state0_rms"": 0.8955975323915482, ""state0_max"": 4.0099209709600965, ""state1_rms"": 0.23206199434670535, ""state1_max"": 0.9274290258234198}, ""state_peak"": {""state0_max"": 7.111652374267578, ""state1_max"": 0.9890557527542114}, ""early_representation_gradient_norm"": 0.00702059268951416, ""late_representation_gradient_norm"": 0.28268784284591675, ""core_gradient_norm"": 2.89492130279541, ""recurrent_gradient_rms"": 0.0032265400514006615, ""recurrent_gradient_median_abs"": 6.27371555310674e-05, ""current_gradient_fraction_below_adam_eps"": 0.0, ""effective_recurrent_relative_update"": 0.012381455861032009}",11,0.6869999999180436,2026-09-13T03:54:25.494694+00:00
3650,focused,motion_direction,motion_L2,29200,216056,0.013947328552603722,8.524369239807129,1,1.0,{},5,0.3440000000409782,2026-09-13T03:54:25.844203+00:00
3651,focused,orientation,orientation_anchor,29208,216072,0.0007878546020947397,0.038045838475227356,0,1.0,{},2,0.1559999999590218,2026-09-13T03:54:25.992719+00:00
3652,focused,orientation,orientation_recall_minimal,29216,216112,0.018571194261312485,4.235450744628906,1,1.0,{},5,0.2970000000204891,2026-09-13T03:54:26.301568+00:00
3653,focused,motion_direction,motion_L8,29224,216200,0.3194454312324524,89.26478576660156,1,0.875,{},11,0.7339999999385327,2026-09-13T03:54:27.043073+00:00
3654,focused,orientation,orientation_recall_D4,29232,216288,0.4117869734764099,27.764745712280273,1,0.75,{},11,0.6870000001508743,2026-09-13T03:54:27.734004+00:00
3655,focused,motion_direction,motion_L2,29240,216328,0.015689000487327576,4.664578437805176,1,1.0,{},5,0.34399999980814755,2026-09-13T03:54:28.072125+00:00
3656,focused,orientation,orientation_recall_minimal,29248,216368,0.007832090370357037,0.8316492438316345,0,1.0,{},5,0.32800000021234155,2026-09-13T03:54:28.397995+00:00
3657,focused,motion_direction,motion_L8,29256,216456,0.9498372673988342,78.939453125,1,0.5,{},11,0.7189999998081475,2026-09-13T03:54:29.117416+00:00
3658,focused,orientation,orientation_recall_D4,29264,216544,0.31189092993736267,16.576913833618164,1,0.875,{},11,0.7190000000409782,2026-09-13T03:54:29.840977+00:00
3659,focused,motion_direction,motion_L2,29272,216584,0.006862013600766659,1.0683605670928955,1,1.0,{},5,0.3440000000409782,2026-09-13T03:54:30.181161+00:00
3660,focused,orientation,orientation_recall_minimal,29280,216624,0.1729746013879776,78.49755859375,1,0.875,{},5,0.3119999999180436,2026-09-13T03:54:30.495378+00:00
3661,focused,motion_direction,motion_anchor,29288,216640,0.00010115501936525106,0.0036190152168273926,0,1.0,{},2,0.15600000019185245,2026-09-13T03:54:30.657562+00:00
3662,focused,motion_direction,motion_L8,29296,216728,0.511865496635437,63.51675796508789,1,0.875,{},11,0.75,2026-09-13T03:54:31.409788+00:00
3663,focused,orientation,orientation_recall_D4,29304,216816,0.3908558785915375,24.97208595275879,1,0.875,{},11,0.6569999998901039,2026-09-13T03:54:32.064710+00:00
3664,focused,motion_direction,motion_L2,29312,216856,0.11054454743862152,122.04191589355469,1,0.875,{},5,0.3589999999385327,2026-09-13T03:54:32.411740+00:00
3665,focused,orientation,orientation_recall_minimal,29320,216896,0.00705852871760726,1.4136462211608887,1,1.0,{},5,0.375,2026-09-13T03:54:32.793943+00:00
3666,focused,motion_direction,motion_L8,29328,216984,0.09687983989715576,32.25576400756836,1,1.0,{},11,0.7660000000614673,2026-09-13T03:54:33.566375+00:00
3667,focused,orientation,orientation_recall_D4,29336,217072,0.2710033357143402,14.939230918884277,1,0.875,{},11,0.7649999998975545,2026-09-13T03:54:34.327566+00:00
3668,focused,motion_direction,motion_L2,29344,217112,0.0033913934603333473,0.2596905529499054,0,1.0,{},5,0.3910000000614673,2026-09-13T03:54:34.711869+00:00
3669,focused,orientation,orientation_recall_minimal,29352,217152,0.8433791399002075,109.44078826904297,1,0.75,{},5,0.3440000000409782,2026-09-13T03:54:35.063499+00:00
3670,focused,motion_direction,motion_L8,29360,217240,0.7070989012718201,34.31715774536133,1,0.625,{},11,0.796000000089407,2026-09-13T03:54:35.863792+00:00
3671,focused,orientation,orientation_anchor,29368,217256,0.0007493435405194759,0.0287574902176857,0,1.0,{},2,0.1720000000204891,2026-09-13T03:54:36.040368+00:00
3672,focused,orientation,orientation_recall_D4,29376,217344,0.929410994052887,131.13539123535156,1,0.375,{},11,0.6720000000204891,2026-09-13T03:54:36.712596+00:00
3673,focused,motion_direction,motion_L2,29384,217384,0.0047409567050635815,1.5110864639282227,1,1.0,{},5,0.375,2026-09-13T03:54:37.086067+00:00
3674,focused,orientation,orientation_recall_minimal,29392,217424,0.500238835811615,25.259889602661133,1,0.875,{},5,0.2970000000204891,2026-09-13T03:54:37.395611+00:00
3675,focused,motion_direction,motion_L8,29400,217512,0.38731542229652405,51.91240310668945,1,0.875,{},11,0.7349999998696148,2026-09-13T03:54:38.139545+00:00
3676,focused,orientation,orientation_recall_D4,29408,217600,0.5379785895347595,32.86128616333008,1,0.625,{},11,0.6720000000204891,2026-09-13T03:54:38.815405+00:00
3677,focused,motion_direction,motion_L2,29416,217640,0.004581794608384371,1.0994874238967896,1,1.0,{},5,0.3589999999385327,2026-09-13T03:54:39.174486+00:00
3678,focused,orientation,orientation_recall_minimal,29424,217680,0.006892540957778692,2.3510494232177734,1,1.0,{},5,0.3279999999795109,2026-09-13T03:54:39.503264+00:00
3679,focused,motion_direction,motion_L8,29432,217768,0.30626964569091797,48.34309768676758,1,0.875,{},11,0.7340000001713634,2026-09-13T03:54:40.237749+00:00
3680,focused,orientation,orientation_recall_D4,29440,217856,0.4635006785392761,27.187679290771484,1,0.75,{},11,0.703999999910593,2026-09-13T03:54:40.938165+00:00
3681,focused,motion_direction,motion_anchor,29448,217872,0.0002662014157976955,0.01670423150062561,0,1.0,{},2,0.1869999999180436,2026-09-13T03:54:41.115848+00:00
3682,focused,motion_direction,motion_L2,29456,217912,0.5279739499092102,169.74856567382812,1,0.875,{},5,0.3440000000409782,2026-09-13T03:54:41.466757+00:00
3683,focused,orientation,orientation_recall_minimal,29464,217952,0.006067562382668257,0.6014026403427124,0,1.0,{},5,0.3279999999795109,2026-09-13T03:54:41.800535+00:00
3684,focused,motion_direction,motion_L8,29472,218040,0.6549851298332214,32.14425277709961,1,0.625,{},11,0.7970000000204891,2026-09-13T03:54:42.597539+00:00
3685,focused,orientation,orientation_recall_D4,29480,218128,0.3940839171409607,83.52659606933594,1,0.75,{},11,0.6879999998491257,2026-09-13T03:54:43.298127+00:00
3686,focused,motion_direction,motion_L2,29488,218168,0.00244738906621933,0.1360459178686142,0,1.0,{},5,0.35900000017136335,2026-09-13T03:54:43.658781+00:00
3687,focused,orientation,orientation_recall_minimal,29496,218208,0.3505370020866394,15.825530052185059,1,0.875,{},5,0.3279999999795109,2026-09-13T03:54:43.976239+00:00
3688,focused,motion_direction,motion_L8,29504,218296,0.34855490922927856,43.03691482543945,1,0.875,{},11,0.703999999910593,2026-09-13T03:54:44.685826+00:00
3689,focused,orientation,orientation_recall_D4,29512,218384,0.46149614453315735,69.53195190429688,1,0.75,{},11,0.75,2026-09-13T03:54:45.428888+00:00
3690,focused,motion_direction,motion_L2,29520,218424,0.006074205506592989,4.088304042816162,1,1.0,{},5,0.34300000010989606,2026-09-13T03:54:45.785876+00:00
3691,focused,orientation,orientation_anchor,29528,218440,0.0005622594617307186,0.017104774713516235,0,1.0,{},2,0.1410000000614673,2026-09-13T03:54:45.935792+00:00
3692,focused,orientation,orientation_recall_minimal,29536,218480,0.06965639442205429,53.18564987182617,1,1.0,{},5,0.3119999999180436,2026-09-13T03:54:46.249463+00:00
3693,focused,motion_direction,motion_L8,29544,218568,1.1016521453857422,67.25082397460938,1,0.5,{},11,0.7190000000409782,2026-09-13T03:54:46.969289+00:00
3694,focused,orientation,orientation_recall_D4,29552,218656,0.23387332260608673,5.047691822052002,1,0.875,{},11,0.6559999999590218,2026-09-13T03:54:47.620854+00:00
3695,focused,motion_direction,motion_L2,29560,218696,0.005770727526396513,1.7055267095565796,1,1.0,{},5,0.3279999999795109,2026-09-13T03:54:47.952632+00:00
3696,focused,orientation,orientation_recall_minimal,29568,218736,0.007291862741112709,0.5048430562019348,0,1.0,{},5,0.3440000000409782,2026-09-13T03:54:48.291313+00:00
3697,focused,motion_direction,motion_L8,29576,218824,0.7025640606880188,123.63577270507812,1,0.5,{},11,0.7190000000409782,2026-09-13T03:54:49.020746+00:00
3698,focused,orientation,orientation_recall_D4,29584,218912,0.11893375217914581,41.045135498046875,1,1.0,{},11,0.6569999998901039,2026-09-13T03:54:49.690357+00:00
3699,focused,motion_direction,motion_L2,29592,218952,0.5445447564125061,186.30661010742188,1,0.875,{},5,0.3589999999385327,2026-09-13T03:54:50.045587+00:00
3700,focused,orientation,orientation_recall_minimal,29600,218992,0.33888861536979675,92.1149673461914,1,0.875,{},5,0.35900000017136335,2026-09-13T03:54:50.400788+00:00
3701,focused,motion_direction,motion_anchor,29608,219008,0.0002177613350795582,0.03686914220452309,0,1.0,{},2,0.2029999999795109,2026-09-13T03:54:50.602749+00:00
3702,focused,motion_direction,motion_L8,29616,219096,0.4184708297252655,54.427215576171875,1,0.875,{},11,0.875,2026-09-13T03:54:51.491158+00:00
3703,focused,orientation,orientation_recall_D4,29624,219184,0.25390440225601196,55.20720291137695,1,0.875,{},11,0.6410000000614673,2026-09-13T03:54:52.141501+00:00
3704,focused,motion_direction,motion_L2,29632,219224,0.13487641513347626,190.5545196533203,1,0.875,{},5,0.3279999999795109,2026-09-13T03:54:52.459067+00:00
3705,focused,orientation,orientation_recall_minimal,29640,219264,0.00724939676001668,0.7451121807098389,0,1.0,{},5,0.2970000000204891,2026-09-13T03:54:52.762101+00:00
3706,focused,motion_direction,motion_L8,29648,219352,0.2303091436624527,22.576581954956055,1,1.0,{},11,0.6720000000204891,2026-09-13T03:54:53.434930+00:00
3707,focused,orientation,orientation_recall_D4,29656,219440,0.7404766082763672,60.10183334350586,1,0.75,{},11,0.671000000089407,2026-09-13T03:54:54.110710+00:00
3708,focused,motion_direction,motion_L2,29664,219480,0.00465257978066802,0.7353664636611938,0,1.0,{},5,0.31299999984912574,2026-09-13T03:54:54.426698+00:00
3709,focused,orientation,orientation_recall_minimal,29672,219520,0.19605785608291626,57.8797607421875,1,0.875,{},5,0.3119999999180436,2026-09-13T03:54:54.741582+00:00
3710,focused,motion_direction,motion_L8,29680,219608,0.7343619465827942,72.04319763183594,1,0.625,{},11,0.6880000000819564,2026-09-13T03:54:55.438617+00:00
3711,focused,orientation,orientation_anchor,29688,219624,0.001866120146587491,0.07658348977565765,0,1.0,{},2,0.13999999989755452,2026-09-13T03:54:55.571955+00:00
3712,focused,orientation,orientation_recall_D4,29696,219712,1.2631683349609375,310.0823669433594,1,0.375,{},11,0.7660000000614673,2026-09-13T03:54:56.341850+00:00
3713,focused,motion_direction,motion_L2,29704,219752,0.22151613235473633,356.49078369140625,1,0.875,"{""state_mean"": {""input_saturation"": 0.0388671875, ""input_mean"": 0.1640973687171936, ""forget_saturation"": 0.57431640625, ""forget_mean"": 0.909113347530365, ""output_saturation"": 0.03056640625, ""output_mean"": 0.4881482541561127, ""candidate_saturation"": 0.1173828125, ""state0_rms"": 0.36876795887947084, ""state0_max"": 1.5305022716522216, ""state1_rms"": 0.2038689598441124, ""state1_max"": 0.8197493195533753}, ""state_peak"": {""state0_max"": 2.3182389736175537, ""state1_max"": 0.9601296186447144}, ""early_representation_gradient_norm"": 0.060290124267339706, ""late_representation_gradient_norm"": 0.12784694135189056, ""core_gradient_norm"": 12.384570121765137, ""recurrent_gradient_rms"": 0.009522119536995888, ""recurrent_gradient_median_abs"": 5.636525747831911e-05, ""current_gradient_fraction_below_adam_eps"": 3.814697265625e-06, ""effective_recurrent_relative_update"": 0.005504327360540628}",5,0.3589999999385327,2026-09-13T03:54:56.701890+00:00
3714,focused,orientation,orientation_recall_minimal,29712,219792,0.6048567891120911,4.1491851806640625,1,0.875,{},5,0.2970000000204891,2026-09-13T03:54:56.995135+00:00
3715,focused,motion_direction,motion_L8,29720,219880,0.6378978490829468,21.3236083984375,1,0.75,{},11,0.7190000000409782,2026-09-13T03:54:57.712649+00:00
3716,focused,orientation,orientation_recall_D4,29728,219968,0.8840304613113403,301.72564697265625,1,0.5,{},11,0.5940000000409782,2026-09-13T03:54:58.310577+00:00
3717,focused,motion_direction,motion_L2,29736,220008,0.07199904322624207,85.6937255859375,1,1.0,{},5,0.29600000008940697,2026-09-13T03:54:58.610159+00:00
3718,focused,orientation,orientation_recall_minimal,29744,220048,0.005006898660212755,0.19201703369617462,0,1.0,{},5,0.2970000000204891,2026-09-13T03:54:58.905218+00:00
3719,focused,motion_direction,motion_L8,29752,220136,0.40013837814331055,39.83109664916992,1,0.625,{},11,0.7189999998081475,2026-09-13T03:54:59.618782+00:00
3720,focused,orientation,orientation_recall_D4,29760,220224,0.3706291615962982,36.616878509521484,1,0.875,{},11,0.5940000000409782,2026-09-13T03:55:00.213588+00:00
3721,focused,motion_direction,motion_anchor,29768,220240,0.09634506702423096,10.204065322875977,1,0.875,{},2,0.125,2026-09-13T03:55:00.344358+00:00
3722,focused,motion_direction,motion_L2,29776,220280,0.005745036993175745,1.557746410369873,1,1.0,{},5,0.31200000015087426,2026-09-13T03:55:00.651001+00:00
3723,focused,orientation,orientation_recall_minimal,29784,220320,0.13170354068279266,48.905975341796875,1,0.875,{},5,0.29699999978765845,2026-09-13T03:55:00.946793+00:00
3724,focused,motion_direction,motion_L8,29792,220408,0.541203498840332,142.63148498535156,1,0.75,{},11,0.6410000000614673,2026-09-13T03:55:01.596790+00:00
3725,focused,orientation,orientation_recall_D4,29800,220496,0.32234615087509155,39.87554931640625,1,0.875,{},11,0.6089999999385327,2026-09-13T03:55:02.207935+00:00
3726,focused,motion_direction,motion_L2,29808,220536,0.0030160078313201666,0.3958989679813385,0,1.0,{},5,0.26500000013038516,2026-09-13T03:55:02.487950+00:00
3727,focused,orientation,orientation_recall_minimal,29816,220576,0.492753803730011,50.48198318481445,1,0.875,{},5,0.28199999989010394,2026-09-13T03:55:02.759546+00:00
3728,focused,motion_direction,motion_L8,29824,220664,1.179807424545288,151.8290557861328,1,0.5,{},11,0.7180000001098961,2026-09-13T03:55:03.486450+00:00
3729,focused,orientation,orientation_recall_D4,29832,220752,0.43349412083625793,18.301156997680664,1,0.875,{},11,0.5939999998081475,2026-09-13T03:55:04.080499+00:00
3730,focused,motion_direction,motion_L2,29840,220792,0.005108870565891266,1.4882169961929321,1,1.0,{},5,0.2970000000204891,2026-09-13T03:55:04.370701+00:00
3731,focused,orientation,orientation_anchor,29848,220808,0.00041514664189890027,0.012088432908058167,0,1.0,{},2,0.1410000000614673,2026-09-13T03:55:04.509751+00:00
3732,focused,orientation,orientation_recall_minimal,29856,220848,0.025946876034140587,7.752037048339844,1,1.0,{},5,0.26500000013038516,2026-09-13T03:55:04.775981+00:00
3733,focused,motion_direction,motion_L8,29864,220936,0.4940088987350464,95.5819320678711,1,0.625,{},11,0.6409999998286366,2026-09-13T03:55:05.416732+00:00
3734,focused,orientation,orientation_recall_D4,29872,221024,0.6522189378738403,41.89124298095703,1,0.75,{},11,0.6090000001713634,2026-09-13T03:55:06.032089+00:00
3735,focused,motion_direction,motion_L2,29880,221064,0.18104495108127594,154.7355499267578,1,0.875,{},5,0.39099999982863665,2026-09-13T03:55:06.427650+00:00
3736,focused,orientation,orientation_recall_minimal,29888,221104,0.09361845999956131,60.7756462097168,1,1.0,{},5,0.3119999999180436,2026-09-13T03:55:06.744331+00:00
3737,focused,motion_direction,motion_L8,29896,221192,1.1334023475646973,90.35430908203125,1,0.625,{},11,0.7340000001713634,2026-09-13T03:55:07.484611+00:00
3738,focused,orientation,orientation_recall_D4,29904,221280,0.12471706420183182,10.111567497253418,1,1.0,{},11,0.6720000000204891,2026-09-13T03:55:08.161426+00:00
3739,focused,motion_direction,motion_L2,29912,221320,0.0028735974337905645,0.13587604463100433,0,1.0,{},5,0.5,2026-09-13T03:55:08.669332+00:00
3740,focused,orientation,orientation_recall_minimal,29920,221360,0.0028998618945479393,0.07085630297660828,0,1.0,{},5,0.6410000000614673,2026-09-13T03:55:09.314002+00:00
3741,focused,motion_direction,motion_anchor,29928,221376,0.0007329674554057419,0.05525876581668854,0,1.0,{},2,0.2029999999795109,2026-09-13T03:55:09.512304+00:00
3742,focused,motion_direction,motion_L8,29936,221464,0.47929373383522034,43.53612518310547,1,0.75,{},11,1.0150000001303852,2026-09-13T03:55:10.530656+00:00
3743,focused,orientation,orientation_recall_D4,29944,221552,0.4474338889122009,44.575408935546875,1,0.75,{},11,1.031999999890104,2026-09-13T03:55:11.570243+00:00
3744,focused,motion_direction,motion_L2,29952,221592,0.012549011036753654,26.740482330322266,1,1.0,{},5,0.5,2026-09-13T03:55:12.082984+00:00
3745,focused,orientation,orientation_recall_minimal,29960,221632,0.0550820529460907,17.689529418945312,1,1.0,{},5,0.4839999999385327,2026-09-13T03:55:12.578853+00:00
3746,focused,motion_direction,motion_L8,29968,221720,0.7894799709320068,181.61802673339844,1,0.5,{},11,0.9530000002123415,2026-09-13T03:55:13.537946+00:00
3747,focused,orientation,orientation_recall_D4,29976,221808,0.5877326726913452,22.230268478393555,1,0.625,{},11,1.0,2026-09-13T03:55:14.540199+00:00
3748,focused,motion_direction,motion_L2,29984,221848,0.0024598923046141863,0.3208599090576172,0,1.0,{},5,0.4220000000204891,2026-09-13T03:55:14.963470+00:00
3749,focused,orientation,orientation_recall_minimal,29992,221888,0.030886977910995483,9.012528419494629,1,1.0,{},5,0.43700000015087426,2026-09-13T03:55:15.398067+00:00
3750,focused,motion_direction,motion_L8,30000,221976,0.34733283519744873,38.88607406616211,1,0.875,{},11,0.9379999998491257,2026-09-13T03:55:16.342931+00:00
3751,focused,orientation,orientation_anchor,30008,221992,0.0020186693873256445,0.07927322387695312,0,1.0,{},2,1.6399999998975545,2026-09-13T03:55:36.453586+00:00
3752,focused,orientation,orientation_recall_D4,30016,222080,0.6857903003692627,124.72955322265625,1,0.625,{},11,0.5630000000819564,2026-09-13T03:55:37.009211+00:00
3753,focused,motion_direction,motion_L2,30024,222120,0.027439670637249947,101.2376708984375,1,1.0,{},5,0.26500000013038516,2026-09-13T03:55:37.280943+00:00
3754,focused,orientation,orientation_recall_minimal,30032,222160,0.049960821866989136,23.88932991027832,1,1.0,{},5,0.28199999989010394,2026-09-13T03:55:37.553894+00:00
3755,focused,motion_direction,motion_L8,30040,222248,1.0591720342636108,125.73465728759766,1,0.5,{},11,0.5779999999795109,2026-09-13T03:55:38.142027+00:00
3756,focused,orientation,orientation_recall_D4,30048,222336,0.2838962972164154,28.464021682739258,1,0.75,{},11,0.5779999999795109,2026-09-13T03:55:38.719519+00:00
3757,focused,motion_direction,motion_L2,30056,222376,0.002796648070216179,0.20934906601905823,0,1.0,{},5,0.2809999999590218,2026-09-13T03:55:39.003436+00:00
3758,focused,orientation,orientation_recall_minimal,30064,222416,0.06308598071336746,14.29752254486084,1,1.0,{},5,0.2660000000614673,2026-09-13T03:55:39.260840+00:00
3759,focused,motion_direction,motion_L8,30072,222504,0.7037963271141052,39.714508056640625,1,0.625,{},11,0.625,2026-09-13T03:55:39.884088+00:00
3760,focused,orientation,orientation_recall_D4,30080,222592,0.9476868510246277,212.3734130859375,1,0.375,{},11,0.5619999999180436,2026-09-13T03:55:40.444021+00:00
3761,focused,motion_direction,motion_anchor,30088,222608,0.0011596929980441928,0.14656497538089752,0,1.0,{},2,0.11000000010244548,2026-09-13T03:55:40.566109+00:00
3762,focused,motion_direction,motion_L2,30096,222648,0.20082594454288483,122.44912719726562,1,0.875,{},5,0.3119999999180436,2026-09-13T03:55:40.869529+00:00
3763,focused,orientation,orientation_recall_minimal,30104,222688,0.08842142671346664,15.57972526550293,1,1.0,{},5,0.3279999999795109,2026-09-13T03:55:41.196411+00:00
3764,focused,motion_direction,motion_L8,30112,222776,1.0210012197494507,19.434734344482422,1,0.625,{},11,0.6880000000819564,2026-09-13T03:55:41.892043+00:00
3765,focused,orientation,orientation_recall_D4,30120,222864,0.5414265394210815,171.86053466796875,1,0.75,{},11,0.6559999999590218,2026-09-13T03:55:42.550640+00:00
3766,focused,motion_direction,motion_L2,30128,222904,0.5249807238578796,160.52015686035156,1,0.875,{},5,0.31200000015087426,2026-09-13T03:55:42.861503+00:00
3767,focused,orientation,orientation_recall_minimal,30136,222944,0.03178267925977707,17.429019927978516,1,1.0,{},5,0.35999999986961484,2026-09-13T03:55:43.222222+00:00
3768,focused,motion_direction,motion_L8,30144,223032,0.537345290184021,172.3470916748047,1,0.75,{},11,0.7190000000409782,2026-09-13T03:55:43.930858+00:00
3769,focused,orientation,orientation_recall_D4,30152,223120,0.9314660429954529,22.506349563598633,1,0.5,{},11,0.6559999999590218,2026-09-13T03:55:44.595033+00:00
3770,focused,motion_direction,motion_L2,30160,223160,0.002478594658896327,0.30531179904937744,0,1.0,{},5,0.39000000013038516,2026-09-13T03:55:44.986718+00:00
3771,focused,orientation,orientation_anchor,30168,223176,0.0003014435351360589,0.011667495593428612,0,1.0,{},2,0.1720000000204891,2026-09-13T03:55:45.150238+00:00
3772,focused,orientation,orientation_recall_minimal,30176,223216,0.012396374717354774,3.623492479324341,1,1.0,{},5,0.31299999984912574,2026-09-13T03:55:45.460527+00:00
3773,focused,motion_direction,motion_L8,30184,223304,0.20204593241214752,8.028876304626465,1,0.875,{},11,0.7339999999385327,2026-09-13T03:55:46.207944+00:00
3774,focused,orientation,orientation_recall_D4,30192,223392,0.5305017232894897,99.5169677734375,1,0.75,{},11,0.6720000000204891,2026-09-13T03:55:46.886109+00:00
3775,focused,motion_direction,motion_L2,30200,223432,0.004251971375197172,2.179793119430542,1,1.0,{},5,0.34300000010989606,2026-09-13T03:55:47.228775+00:00
3776,focused,orientation,orientation_recall_minimal,30208,223472,0.3546285033226013,31.827587127685547,1,0.875,{},5,0.31299999984912574,2026-09-13T03:55:47.545124+00:00
3777,focused,motion_direction,motion_L8,30216,223560,1.4690947532653809,69.66747283935547,1,0.625,"{""state_mean"": {""input_saturation"": 0.03355823863636364, ""input_mean"": 0.16435554488138718, ""forget_saturation"": 0.5721768465909091, ""forget_mean"": 0.9105901230465282, ""output_saturation"": 0.03480113636363636, ""output_mean"": 0.4878301349553195, ""candidate_saturation"": 0.10817649147727272, ""state0_rms"": 0.5066342435099862, ""state0_max"": 3.0452525561506096, ""state1_rms"": 0.2341587245464325, ""state1_max"": 0.9081126722422513}, ""state_peak"": {""state0_max"": 5.084378719329834, ""state1_max"": 0.9827471375465393}, ""early_representation_gradient_norm"": 0.03588508814573288, ""late_representation_gradient_norm"": 0.05896463245153427, ""core_gradient_norm"": 8.12888240814209, ""recurrent_gradient_rms"": 0.008651317097246647, ""recurrent_gradient_median_abs"": 0.00018344420823268592, ""current_gradient_fraction_below_adam_eps"": 0.0, ""effective_recurrent_relative_update"": 0.012317663058638573}",11,0.75,2026-09-13T03:55:48.304513+00:00
3778,focused,orientation,orientation_recall_D4,30224,223648,0.520097553730011,50.30186080932617,1,0.875,{},11,0.7029999999795109,2026-09-13T03:55:49.016539+00:00
3779,focused,motion_direction,motion_L2,30232,223688,0.008761391043663025,6.845024108886719,1,1.0,{},5,0.3589999999385327,2026-09-13T03:55:49.365662+00:00
3780,focused,orientation,orientation_recall_minimal,30240,223728,0.004181315656751394,0.2785521447658539,0,1.0,{},5,0.3279999999795109,2026-09-13T03:55:49.709744+00:00
3781,focused,motion_direction,motion_anchor,30248,223744,0.00034687225706875324,0.0694117322564125,0,1.0,{},2,0.1559999999590218,2026-09-13T03:55:49.875636+00:00
3782,focused,motion_direction,motion_L8,30256,223832,1.6297942399978638,127.75149536132812,1,0.375,{},11,0.7340000001713634,2026-09-13T03:55:50.604832+00:00
3783,focused,orientation,orientation_recall_D4,30264,223920,0.41782450675964355,31.76919174194336,1,0.875,{},11,0.6569999998901039,2026-09-13T03:55:51.269074+00:00
3784,focused,motion_direction,motion_L2,30272,223960,0.004219904076308012,0.4195484519004822,0,1.0,{},5,0.34300000010989606,2026-09-13T03:55:51.609827+00:00
3785,focused,orientation,orientation_recall_minimal,30280,224000,0.33845046162605286,13.15259075164795,1,0.875,{},5,0.35999999986961484,2026-09-13T03:55:51.974891+00:00
3786,focused,motion_direction,motion_L8,30288,224088,0.5985773801803589,24.131668090820312,1,0.75,{},11,0.7189999998081475,2026-09-13T03:55:52.696974+00:00
3787,focused,orientation,orientation_recall_D4,30296,224176,0.6139435172080994,34.07590103149414,1,0.625,{},11,0.6880000000819564,2026-09-13T03:55:53.384551+00:00
3788,focused,motion_direction,motion_L2,30304,224216,0.004337286110967398,1.300588846206665,1,1.0,{},5,0.34300000010989606,2026-09-13T03:55:53.726897+00:00
3789,focused,orientation,orientation_recall_minimal,30312,224256,0.743172287940979,65.74896240234375,1,0.75,{},5,0.34399999980814755,2026-09-13T03:55:54.070906+00:00
3790,focused,motion_direction,motion_L8,30320,224344,0.41911405324935913,14.027037620544434,1,0.875,{},11,0.7350000001024455,2026-09-13T03:55:54.806646+00:00
3791,focused,orientation,orientation_anchor,30328,224360,0.0030559340957552195,0.22197596728801727,0,1.0,{},2,0.1559999999590218,2026-09-13T03:55:54.960851+00:00
3792,focused,orientation,orientation_recall_D4,30336,224448,0.9778434038162231,169.15086364746094,1,0.5,{},11,0.7650000001303852,2026-09-13T03:55:55.726458+00:00
3793,focused,motion_direction,motion_L2,30344,224488,0.004653284326195717,1.4053800106048584,1,1.0,{},5,0.35999999986961484,2026-09-13T03:55:56.085523+00:00
3794,focused,orientation,orientation_recall_minimal,30352,224528,0.2245934009552002,71.8450927734375,1,0.875,{},5,0.31200000015087426,2026-09-13T03:55:56.405148+00:00
3795,focused,motion_direction,motion_L8,30360,224616,0.3125047981739044,71.03370666503906,1,0.875,{},11,0.7819999998901039,2026-09-13T03:55:57.184334+00:00
3796,focused,orientation,orientation_recall_D4,30368,224704,0.5332225561141968,66.31609344482422,1,0.625,{},11,0.7809999999590218,2026-09-13T03:55:57.961849+00:00
3797,focused,motion_direction,motion_L2,30376,224744,0.0037592770531773567,0.9239360094070435,0,1.0,{},5,0.3589999999385327,2026-09-13T03:55:58.326667+00:00
3798,focused,orientation,orientation_recall_minimal,30384,224784,0.05249717831611633,14.371720314025879,1,1.0,{},5,0.32800000021234155,2026-09-13T03:55:58.649916+00:00
3799,focused,motion_direction,motion_L8,30392,224872,1.266878366470337,61.69877624511719,1,0.75,{},11,0.75,2026-09-13T03:55:59.403648+00:00
3800,focused,orientation,orientation_recall_D4,30400,224960,0.4842817187309265,16.5673885345459,1,0.75,{},11,0.7189999998081475,2026-09-13T03:56:00.124524+00:00
3801,focused,motion_direction,motion_anchor,30408,224976,0.0007196143851615489,0.12672507762908936,0,1.0,{},2,0.1410000000614673,2026-09-13T03:56:00.268247+00:00
3802,focused,motion_direction,motion_L2,30416,225016,0.16777263581752777,349.0409851074219,1,0.875,{},5,0.34300000010989606,2026-09-13T03:56:00.609258+00:00
3803,focused,orientation,orientation_recall_minimal,30424,225056,0.2158338576555252,34.59580993652344,1,0.875,{},5,0.375,2026-09-13T03:56:00.981624+00:00
3804,focused,motion_direction,motion_L8,30432,225144,1.107141375541687,58.41149139404297,1,0.625,{},11,0.7189999998081475,2026-09-13T03:56:01.698878+00:00
3805,focused,orientation,orientation_recall_D4,30440,225232,0.4928843080997467,75.78607177734375,1,0.75,{},11,0.7030000002123415,2026-09-13T03:56:02.410790+00:00
3806,focused,motion_direction,motion_L2,30448,225272,0.2841654419898987,201.9085235595703,1,0.875,{},5,0.35900000017136335,2026-09-13T03:56:02.784148+00:00
3807,focused,orientation,orientation_recall_minimal,30456,225312,0.008384252898395061,0.7763761878013611,0,1.0,{},5,0.3279999999795109,2026-09-13T03:56:03.114871+00:00
3808,focused,motion_direction,motion_L8,30464,225400,0.48800182342529297,140.2719268798828,1,0.75,{},11,0.75,2026-09-13T03:56:03.876960+00:00
3809,focused,orientation,orientation_recall_D4,30472,225488,0.2927738130092621,13.295877456665039,1,0.875,{},11,0.7029999999795109,2026-09-13T03:56:04.577172+00:00
3810,focused,motion_direction,motion_L2,30480,225528,0.17021368443965912,167.25430297851562,1,0.875,{},5,0.375,2026-09-13T03:56:04.953930+00:00
3811,focused,orientation,orientation_anchor,30488,225544,0.01035422645509243,0.5006380081176758,0,1.0,{},2,0.15600000019185245,2026-09-13T03:56:05.104965+00:00
3812,focused,orientation,orientation_recall_minimal,30496,225584,0.00498978141695261,0.12240688502788544,0,1.0,{},5,0.40699999989010394,2026-09-13T03:56:05.510445+00:00
3813,focused,motion_direction,motion_L8,30504,225672,0.9069812297821045,155.90423583984375,1,0.75,{},11,0.7809999999590218,2026-09-13T03:56:06.291047+00:00
3814,focused,orientation,orientation_recall_D4,30512,225760,0.6627618074417114,27.195310592651367,1,0.625,{},11,0.7029999999795109,2026-09-13T03:56:07.004835+00:00
3815,focused,motion_direction,motion_L2,30520,225800,0.0031432569958269596,0.5727147459983826,0,1.0,{},5,0.3279999999795109,2026-09-13T03:56:07.345036+00:00
3816,focused,orientation,orientation_recall_minimal,30528,225840,0.02488698437809944,8.01749324798584,1,1.0,{},5,0.3279999999795109,2026-09-13T03:56:07.665213+00:00
3817,focused,motion_direction,motion_L8,30536,225928,0.8761277198791504,174.6003875732422,1,0.625,{},11,0.75,2026-09-13T03:56:08.418667+00:00
3818,focused,orientation,orientation_recall_D4,30544,226016,0.5162426829338074,14.816211700439453,1,0.75,{},11,0.6720000000204891,2026-09-13T03:56:09.085077+00:00
3819,focused,motion_direction,motion_L2,30552,226056,0.004430956207215786,0.951200544834137,0,1.0,{},5,0.3440000000409782,2026-09-13T03:56:09.435044+00:00
3820,focused,orientation,orientation_recall_minimal,30560,226096,0.2133510857820511,34.69710159301758,1,0.875,{},5,0.3279999999795109,2026-09-13T03:56:09.765822+00:00
3821,focused,motion_direction,motion_anchor,30568,226112,0.007996653206646442,1.3429142236709595,1,1.0,{},2,0.1559999999590218,2026-09-13T03:56:09.920303+00:00
3822,focused,motion_direction,motion_L8,30576,226200,0.4641234874725342,88.39280700683594,1,0.75,{},11,0.75,2026-09-13T03:56:10.670652+00:00
3823,focused,orientation,orientation_recall_D4,30584,226288,0.45447131991386414,17.503149032592773,1,0.875,{},11,0.7190000000409782,2026-09-13T03:56:11.394647+00:00
3824,focused,motion_direction,motion_L2,30592,226328,0.010690119117498398,2.8173866271972656,1,1.0,{},5,0.3279999999795109,2026-09-13T03:56:11.714588+00:00
3825,focused,orientation,orientation_recall_minimal,30600,226368,0.007646281737834215,0.25989535450935364,0,1.0,{},5,0.3440000000409782,2026-09-13T03:56:12.065708+00:00
3826,focused,motion_direction,motion_L8,30608,226456,0.5625274777412415,140.70611572265625,1,0.75,{},11,0.7029999999795109,2026-09-13T03:56:12.762939+00:00
3827,focused,orientation,orientation_recall_D4,30616,226544,0.36490729451179504,34.48084259033203,1,0.875,{},11,0.6720000000204891,2026-09-13T03:56:13.440806+00:00
3828,focused,motion_direction,motion_L2,30624,226584,0.01139711681753397,23.686941146850586,1,1.0,{},5,0.3589999999385327,2026-09-13T03:56:13.796820+00:00
3829,focused,orientation,orientation_recall_minimal,30632,226624,0.011740386486053467,1.0030981302261353,1,1.0,{},5,0.375,2026-09-13T03:56:14.163777+00:00
3830,focused,motion_direction,motion_L8,30640,226712,0.8689773082733154,29.240957260131836,1,0.5,{},11,0.7809999999590218,2026-09-13T03:56:14.951247+00:00
3831,focused,orientation,orientation_anchor,30648,226728,0.0004037099133711308,0.01751684583723545,0,1.0,{},2,0.15600000019185245,2026-09-13T03:56:15.109272+00:00
3832,focused,orientation,orientation_recall_D4,30656,226816,0.3803354501724243,28.053638458251953,1,0.75,{},11,0.75,2026-09-13T03:56:15.854143+00:00
3833,focused,motion_direction,motion_L2,30664,226856,0.004082586616277695,2.344736337661743,1,1.0,{},5,0.34399999980814755,2026-09-13T03:56:16.201893+00:00
3834,focused,orientation,orientation_recall_minimal,30672,226896,0.007868281565606594,0.4192737936973572,0,1.0,{},5,0.32800000021234155,2026-09-13T03:56:16.525204+00:00
3835,focused,motion_direction,motion_L8,30680,226984,0.2310473769903183,19.251863479614258,1,0.875,{},11,0.7349999998696148,2026-09-13T03:56:17.258802+00:00
3836,focused,orientation,orientation_recall_D4,30688,227072,0.6195428967475891,28.66535758972168,1,0.75,{},11,0.7339999999385327,2026-09-13T03:56:18.003510+00:00
3837,focused,motion_direction,motion_L2,30696,227112,0.00453825481235981,5.232161045074463,1,1.0,{},5,0.34300000010989606,2026-09-13T03:56:18.364323+00:00
3838,focused,orientation,orientation_recall_minimal,30704,227152,0.4486277401447296,13.160832405090332,1,0.875,{},5,0.3279999999795109,2026-09-13T03:56:18.702961+00:00
3839,focused,motion_direction,motion_L8,30712,227240,0.20191335678100586,22.790287017822266,1,1.0,{},11,0.75,2026-09-13T03:56:19.445248+00:00
3840,focused,orientation,orientation_recall_D4,30720,227328,0.41526544094085693,104.48018646240234,1,0.625,{},11,0.6720000000204891,2026-09-13T03:56:20.125686+00:00
3841,focused,motion_direction,motion_anchor,30728,227344,0.00017734624270815402,0.02505575865507126,0,1.0,"{""state_mean"": {""input_saturation"": 0.022216796875, ""input_mean"": 0.16308806836605072, ""forget_saturation"": 0.562255859375, ""forget_mean"": 0.9142738878726959, ""output_saturation"": 0.0244140625, ""output_mean"": 0.48444265127182007, ""candidate_saturation"": 0.114990234375, ""state0_rms"": 0.25846288353204727, ""state0_max"": 1.2059128880500793, ""state1_rms"": 0.17430061101913452, ""state1_max"": 0.7437275946140289}, ""state_peak"": {""state0_max"": 1.5158135890960693, ""state1_max"": 0.8531473875045776}, ""early_representation_gradient_norm"": 5.8373658248456195e-05, ""late_representation_gradient_norm"": 6.871038203826174e-05, ""core_gradient_norm"": 0.002098505850881338, ""recurrent_gradient_rms"": 1.0227431630482897e-06, ""recurrent_gradient_median_abs"": 3.879064625067485e-09, ""current_gradient_fraction_below_adam_eps"": 0.06366729736328125, ""effective_recurrent_relative_update"": 0.007592168636620045}",2,0.18700000015087426,2026-09-13T03:56:20.403358+00:00
3842,focused,motion_direction,motion_L2,30736,227384,0.0017232524696737528,0.015523265115916729,0,1.0,{},5,0.34399999980814755,2026-09-13T03:56:20.741866+00:00
3843,focused,orientation,orientation_recall_minimal,30744,227424,0.02589358203113079,8.827954292297363,1,1.0,{},5,0.3279999999795109,2026-09-13T03:56:21.069675+00:00
3844,focused,motion_direction,motion_L8,30752,227512,0.6201196908950806,60.976722717285156,1,0.75,{},11,0.7970000000204891,2026-09-13T03:56:21.878090+00:00
3845,focused,orientation,orientation_recall_D4,30760,227600,0.34313929080963135,23.565834045410156,1,0.875,{},11,0.8279999999795109,2026-09-13T03:56:22.700416+00:00
3846,focused,motion_direction,motion_L2,30768,227640,0.0018640942871570587,0.13727614283561707,0,1.0,{},5,0.40600000019185245,2026-09-13T03:56:23.101038+00:00
3847,focused,orientation,orientation_recall_minimal,30776,227680,0.002408768516033888,0.035330381244421005,0,1.0,{},5,0.35999999986961484,2026-09-13T03:56:23.474695+00:00
3848,focused,motion_direction,motion_L8,30784,227768,1.8793123960494995,102.95913696289062,1,0.5,{},11,0.953999999910593,2026-09-13T03:56:24.444614+00:00
3849,focused,orientation,orientation_recall_D4,30792,227856,0.4042202830314636,113.4222183227539,1,0.75,{},11,0.9220000000204891,2026-09-13T03:56:25.374076+00:00
3850,focused,motion_direction,motion_L2,30800,227896,0.0031902266200631857,1.1437904834747314,1,1.0,{},5,0.4380000000819564,2026-09-13T03:56:25.815383+00:00
3851,focused,orientation,orientation_anchor,30808,227912,0.006588738411664963,0.30502182245254517,0,1.0,{},2,0.1869999999180436,2026-09-13T03:56:25.991181+00:00
3852,focused,orientation,orientation_recall_minimal,30816,227952,0.00250646541826427,0.07079003751277924,0,1.0,{},5,0.4220000000204891,2026-09-13T03:56:26.424503+00:00
3853,focused,motion_direction,motion_L8,30824,228040,0.9342826008796692,57.68129348754883,1,0.75,{},11,0.9370000001508743,2026-09-13T03:56:27.360186+00:00
3854,focused,orientation,orientation_recall_D4,30832,228128,1.1118807792663574,188.75082397460938,1,0.5,{},11,0.8129999998491257,2026-09-13T03:56:28.171012+00:00
3855,focused,motion_direction,motion_L2,30840,228168,0.32047730684280396,369.2121887207031,1,0.875,{},5,0.4059999999590218,2026-09-13T03:56:28.574353+00:00
3856,focused,orientation,orientation_recall_minimal,30848,228208,0.5280404090881348,93.52931213378906,1,0.75,{},5,0.40600000019185245,2026-09-13T03:56:28.976174+00:00
3857,focused,motion_direction,motion_L8,30856,228296,0.7063308358192444,68.99243927001953,1,0.75,{},11,0.828999999910593,2026-09-13T03:56:29.818560+00:00
3858,focused,orientation,orientation_recall_D4,30864,228384,0.10449370741844177,23.593393325805664,1,1.0,{},11,0.6560000001918525,2026-09-13T03:56:30.489615+00:00
3859,focused,motion_direction,motion_L2,30872,228424,0.5838779211044312,223.61907958984375,1,0.875,{},5,0.3279999999795109,2026-09-13T03:56:30.833381+00:00
3860,focused,orientation,orientation_recall_minimal,30880,228464,0.03813285380601883,25.22174644470215,1,1.0,{},5,0.3440000000409782,2026-09-13T03:56:31.186556+00:00
3861,focused,motion_direction,motion_anchor,30888,228480,0.00013527214468922466,0.011242730543017387,0,1.0,{},2,0.1559999999590218,2026-09-13T03:56:31.335172+00:00
3862,focused,motion_direction,motion_L8,30896,228568,0.7161250710487366,119.09100341796875,1,0.75,{},11,0.7339999999385327,2026-09-13T03:56:32.082243+00:00
3863,focused,orientation,orientation_recall_D4,30904,228656,1.1544623374938965,253.04470825195312,1,0.375,{},11,0.7810000001918525,2026-09-13T03:56:32.855593+00:00
3864,focused,motion_direction,motion_L2,30912,228696,1.0455756187438965,205.96299743652344,1,0.75,{},5,0.375,2026-09-13T03:56:33.234853+00:00
3865,focused,orientation,orientation_recall_minimal,30920,228736,0.005441443994641304,0.6167358756065369,0,1.0,{},5,0.32899999991059303,2026-09-13T03:56:33.552574+00:00
3866,focused,motion_direction,motion_L8,30928,228824,0.4575642943382263,48.93013381958008,1,0.875,{},11,0.7339999999385327,2026-09-13T03:56:34.290301+00:00
3867,focused,orientation,orientation_recall_D4,30936,228912,0.07933449000120163,15.81224536895752,1,1.0,{},11,0.6720000000204891,2026-09-13T03:56:34.970084+00:00
3868,focused,motion_direction,motion_L2,30944,228952,0.00225517014041543,0.18133465945720673,0,1.0,{},5,0.375,2026-09-13T03:56:35.333870+00:00
3869,focused,orientation,orientation_recall_minimal,30952,228992,0.0040880730375647545,0.16711263358592987,0,1.0,{},5,0.2970000000204891,2026-09-13T03:56:35.639192+00:00
3870,focused,motion_direction,motion_L8,30960,229080,0.1676723062992096,21.713472366333008,1,1.0,{},11,0.7180000001098961,2026-09-13T03:56:36.361533+00:00
3871,focused,orientation,orientation_anchor,30968,229096,0.0007863392820581794,0.03484651446342468,0,1.0,{},2,0.15699999989010394,2026-09-13T03:56:36.511315+00:00
3872,focused,orientation,orientation_recall_D4,30976,229184,0.40433433651924133,20.15816879272461,1,0.875,{},11,0.6869999999180436,2026-09-13T03:56:37.194375+00:00
3873,focused,motion_direction,motion_L2,30984,229224,0.00512476172298193,2.163299322128296,1,1.0,{},5,0.32800000021234155,2026-09-13T03:56:37.528712+00:00
3874,focused,orientation,orientation_recall_minimal,30992,229264,0.535725474357605,17.20090103149414,1,0.875,{},5,0.3279999999795109,2026-09-13T03:56:37.859315+00:00
3875,focused,motion_direction,motion_L8,31000,229352,1.0711250305175781,103.5156021118164,1,0.5,{},11,0.75,2026-09-13T03:56:38.608145+00:00
3876,focused,orientation,orientation_recall_D4,31008,229440,0.8748318552970886,30.598163604736328,1,0.625,{},11,0.703999999910593,2026-09-13T03:56:39.313353+00:00
3877,focused,motion_direction,motion_L2,31016,229480,0.00580823328346014,5.957236289978027,1,1.0,{},5,0.34300000010989606,2026-09-13T03:56:39.658589+00:00
3878,focused,orientation,orientation_recall_minimal,31024,229520,0.006000459659844637,1.1191679239273071,1,1.0,{},5,0.35999999986961484,2026-09-13T03:56:40.008733+00:00
3879,focused,motion_direction,motion_L8,31032,229608,1.244882583618164,26.180566787719727,1,0.375,{},11,0.7650000001303852,2026-09-13T03:56:40.788091+00:00
3880,focused,orientation,orientation_recall_D4,31040,229696,0.6334500312805176,34.9100341796875,1,0.625,{},11,0.7190000000409782,2026-09-13T03:56:41.519088+00:00
3881,focused,motion_direction,motion_anchor,31048,229712,0.00021568400552496314,0.04330927133560181,0,1.0,{},2,0.15699999989010394,2026-09-13T03:56:41.678704+00:00
3882,focused,motion_direction,motion_L2,31056,229752,0.0020657172426581383,0.11262133717536926,0,1.0,{},5,0.3589999999385327,2026-09-13T03:56:42.052219+00:00
3883,focused,orientation,orientation_recall_minimal,31064,229792,0.2593235969543457,186.8690643310547,1,0.875,{},5,0.34300000010989606,2026-09-13T03:56:42.400256+00:00
3884,focused,motion_direction,motion_L8,31072,229880,0.08933010697364807,9.3314208984375,1,1.0,{},11,0.7659999998286366,2026-09-13T03:56:43.165482+00:00
3885,focused,orientation,orientation_recall_D4,31080,229968,0.2845282256603241,127.09209442138672,1,0.875,{},11,0.7029999999795109,2026-09-13T03:56:43.868566+00:00
3886,focused,motion_direction,motion_L2,31088,230008,0.001914043677970767,0.11548760533332825,0,1.0,{},5,0.3440000000409782,2026-09-13T03:56:44.209097+00:00
3887,focused,orientation,orientation_recall_minimal,31096,230048,0.07578999549150467,59.545589447021484,1,1.0,{},5,0.3279999999795109,2026-09-13T03:56:44.551968+00:00
3888,focused,motion_direction,motion_L8,31104,230136,0.4062408208847046,54.07575607299805,1,0.75,{},11,0.7029999999795109,2026-09-13T03:56:45.266517+00:00
3889,focused,orientation,orientation_recall_D4,31112,230224,0.2956976592540741,18.0124454498291,1,0.875,{},11,0.6869999999180436,2026-09-13T03:56:45.945185+00:00
3890,focused,motion_direction,motion_L2,31120,230264,0.0017539014806970954,0.050543881952762604,0,1.0,{},5,0.32800000021234155,2026-09-13T03:56:46.284653+00:00
3891,focused,orientation,orientation_anchor,31128,230280,0.00172304711304605,0.03803645819425583,0,1.0,{},2,0.17199999978765845,2026-09-13T03:56:46.448512+00:00
3892,focused,orientation,orientation_recall_minimal,31136,230320,0.25952738523483276,161.95921325683594,1,0.75,{},5,0.32800000021234155,2026-09-13T03:56:46.773624+00:00
3893,focused,motion_direction,motion_L8,31144,230408,1.9268455505371094,60.32468795776367,1,0.25,{},11,0.75,2026-09-13T03:56:47.532554+00:00
3894,focused,orientation,orientation_recall_D4,31152,230496,0.6118418574333191,126.59286499023438,1,0.625,{},11,0.7189999998081475,2026-09-13T03:56:48.244761+00:00
3895,focused,motion_direction,motion_L2,31160,230536,0.0028256892692297697,0.8649764657020569,0,1.0,{},5,0.375,2026-09-13T03:56:48.629307+00:00
3896,focused,orientation,orientation_recall_minimal,31168,230576,0.005460911896079779,0.17841626703739166,0,1.0,{},5,0.3440000000409782,2026-09-13T03:56:48.973197+00:00
3897,focused,motion_direction,motion_L8,31176,230664,0.7961152791976929,211.74476623535156,1,0.75,{},11,0.7189999998081475,2026-09-13T03:56:49.701089+00:00
3898,focused,orientation,orientation_recall_D4,31184,230752,0.42924240231513977,155.33154296875,1,0.75,{},11,0.7190000000409782,2026-09-13T03:56:50.426895+00:00
3899,focused,motion_direction,motion_L2,31192,230792,0.002847990021109581,0.4360838830471039,0,1.0,{},5,0.29600000008940697,2026-09-13T03:56:50.733731+00:00
3900,focused,orientation,orientation_recall_minimal,31200,230832,0.30641353130340576,247.80984497070312,1,0.875,{},5,0.35999999986961484,2026-09-13T03:56:51.093407+00:00
3901,focused,motion_direction,motion_anchor,31208,230848,0.00016088999109342694,0.01691267639398575,0,1.0,{},2,0.1720000000204891,2026-09-13T03:56:51.261116+00:00
3902,focused,motion_direction,motion_L8,31216,230936,1.0529723167419434,84.86717224121094,1,0.625,{},11,0.75,2026-09-13T03:56:52.014296+00:00
3903,focused,orientation,orientation_recall_D4,31224,231024,0.4827982187271118,61.94731903076172,1,0.75,{},11,0.7650000001303852,2026-09-13T03:56:52.781573+00:00
3904,focused,motion_direction,motion_L2,31232,231064,0.022026589140295982,9.9424409866333,1,1.0,{},5,0.375,2026-09-13T03:56:53.148797+00:00
3905,focused,orientation,orientation_recall_minimal,31240,231104,0.016827872022986412,2.225717544555664,1,1.0,"{""state_mean"": {""input_saturation"": 0.05556640625, ""input_mean"": 0.16123939156532288, ""forget_saturation"": 0.59033203125, ""forget_mean"": 0.8998847484588623, ""output_saturation"": 0.02529296875, ""output_mean"": 0.49124982953071594, ""candidate_saturation"": 0.1099609375, ""state0_rms"": 0.4427673012018204, ""state0_max"": 1.769032061100006, ""state1_rms"": 0.19305290430784225, ""state1_max"": 0.8302436351776123}, ""state_peak"": {""state0_max"": 2.703188896179199, ""state1_max"": 0.9620047807693481}, ""early_representation_gradient_norm"": 0.0014103868743404746, ""late_representation_gradient_norm"": 0.055508602410554886, ""core_gradient_norm"": 0.3302624523639679, ""recurrent_gradient_rms"": 0.0003382198920007795, ""recurrent_gradient_median_abs"": 3.3024641652446007e-06, ""current_gradient_fraction_below_adam_eps"": 5.7220458984375e-05, ""effective_recurrent_relative_update"": 0.007300327531993389}",5,0.375,2026-09-13T03:56:53.529488+00:00
3906,focused,motion_direction,motion_L8,31248,231192,0.8285425901412964,20.12158966064453,1,0.625,{},11,0.7349999998696148,2026-09-13T03:56:54.261022+00:00
3907,focused,orientation,orientation_recall_D4,31256,231280,0.5764639377593994,27.557466506958008,1,0.625,{},11,0.6869999999180436,2026-09-13T03:56:54.955542+00:00
3908,focused,motion_direction,motion_L2,31264,231320,0.1728498637676239,56.41108703613281,1,0.875,{},5,0.32800000021234155,2026-09-13T03:56:55.276875+00:00
3909,focused,orientation,orientation_recall_minimal,31272,231360,0.4535098075866699,3.9783120155334473,1,0.875,{},5,0.34399999980814755,2026-09-13T03:56:55.616795+00:00
3910,focused,motion_direction,motion_L8,31280,231448,0.3428137004375458,40.13773727416992,1,0.875,{},11,0.7660000000614673,2026-09-13T03:56:56.391437+00:00
3911,focused,orientation,orientation_anchor,31288,231464,0.00023166101891547441,0.008325411938130856,0,1.0,{},2,0.14000000013038516,2026-09-13T03:56:56.529439+00:00
3912,focused,orientation,orientation_recall_D4,31296,231552,0.612315833568573,138.42251586914062,1,0.75,{},11,0.7029999999795109,2026-09-13T03:56:57.228805+00:00
3913,focused,motion_direction,motion_L2,31304,231592,0.012357177212834358,9.117283821105957,1,1.0,{},5,0.31299999984912574,2026-09-13T03:56:57.548989+00:00
3914,focused,orientation,orientation_recall_minimal,31312,231632,0.7845709323883057,28.001373291015625,1,0.75,{},5,0.35900000017136335,2026-09-13T03:56:57.896811+00:00
3915,focused,motion_direction,motion_L8,31320,231720,0.5795271992683411,61.28413772583008,1,0.875,{},11,0.75,2026-09-13T03:56:58.662384+00:00
3916,focused,orientation,orientation_recall_D4,31328,231808,0.36799633502960205,16.046186447143555,1,0.75,{},11,0.7190000000409782,2026-09-13T03:56:59.386365+00:00
3917,focused,motion_direction,motion_L2,31336,231848,0.0063631911762058735,4.580322742462158,1,1.0,{},5,0.34300000010989606,2026-09-13T03:56:59.735966+00:00
3918,focused,orientation,orientation_recall_minimal,31344,231888,0.14221931993961334,37.69285202026367,1,0.875,{},5,0.35999999986961484,2026-09-13T03:57:00.096594+00:00
3919,focused,motion_direction,motion_L8,31352,231976,0.5797622203826904,32.25640869140625,1,0.75,{},11,0.75,2026-09-13T03:57:00.837102+00:00
3920,focused,orientation,orientation_recall_D4,31360,232064,0.4086938202381134,23.592870712280273,1,1.0,{},11,0.6870000001508743,2026-09-13T03:57:01.534525+00:00
3921,focused,motion_direction,motion_anchor,31368,232080,0.004818773362785578,1.6334079504013062,1,1.0,{},2,0.17199999978765845,2026-09-13T03:57:01.696783+00:00
3922,focused,motion_direction,motion_L2,31376,232120,0.004816971253603697,2.812992572784424,1,1.0,{},5,0.375,2026-09-13T03:57:02.073795+00:00
3923,focused,orientation,orientation_recall_minimal,31384,232160,0.6272935271263123,54.9466438293457,1,0.875,{},5,0.3440000000409782,2026-09-13T03:57:02.416335+00:00
3924,focused,motion_direction,motion_L8,31392,232248,1.2346091270446777,95.61981964111328,1,0.375,{},11,0.7340000001713634,2026-09-13T03:57:03.160519+00:00
3925,focused,orientation,orientation_recall_D4,31400,232336,0.3882431983947754,11.113850593566895,1,0.875,{},11,0.7659999998286366,2026-09-13T03:57:03.928698+00:00
3926,focused,motion_direction,motion_L2,31408,232376,0.006538450252264738,0.8668121099472046,0,1.0,{},5,0.3279999999795109,2026-09-13T03:57:04.258335+00:00
3927,focused,orientation,orientation_recall_minimal,31416,232416,0.3279895782470703,7.792557239532471,1,0.875,{},5,0.3279999999795109,2026-09-13T03:57:04.586113+00:00
3928,focused,motion_direction,motion_L8,31424,232504,0.9034324288368225,39.3909797668457,1,0.75,{},11,0.75,2026-09-13T03:57:05.344483+00:00
3929,focused,orientation,orientation_recall_D4,31432,232592,0.4643581509590149,32.33534240722656,1,0.875,{},11,0.75,2026-09-13T03:57:06.093999+00:00
3930,focused,motion_direction,motion_L2,31440,232632,0.006118493154644966,0.7827650308609009,0,1.0,{},5,0.39000000013038516,2026-09-13T03:57:06.477428+00:00
3931,focused,orientation,orientation_anchor,31448,232648,0.00806236732751131,0.6042081713676453,0,1.0,{},2,0.15699999989010394,2026-09-13T03:57:06.643395+00:00
3932,focused,orientation,orientation_recall_minimal,31456,232688,0.25194939970970154,6.966318130493164,1,0.875,{},5,0.34300000010989606,2026-09-13T03:57:06.975283+00:00
3933,focused,motion_direction,motion_L8,31464,232776,0.9563567638397217,85.29873657226562,1,0.5,{},11,0.75,2026-09-13T03:57:07.733908+00:00
3934,focused,orientation,orientation_recall_D4,31472,232864,0.48342517018318176,56.79151916503906,1,0.625,{},11,0.7349999998696148,2026-09-13T03:57:08.470784+00:00
3935,focused,motion_direction,motion_L2,31480,232904,0.14334003627300262,212.52536010742188,1,0.875,{},5,0.3440000000409782,2026-09-13T03:57:08.802242+00:00
3936,focused,orientation,orientation_recall_minimal,31488,232944,0.15252617001533508,13.026135444641113,1,0.875,{},5,0.3279999999795109,2026-09-13T03:57:09.141390+00:00
3937,focused,motion_direction,motion_L8,31496,233032,0.920792281627655,43.97080612182617,1,0.625,{},11,0.7970000000204891,2026-09-13T03:57:09.933594+00:00
3938,focused,orientation,orientation_recall_D4,31504,233120,0.34107744693756104,11.958642959594727,1,1.0,{},11,0.7029999999795109,2026-09-13T03:57:10.649112+00:00
3939,focused,motion_direction,motion_L2,31512,233160,0.0031371298246085644,0.5346140265464783,0,1.0,{},5,0.34399999980814755,2026-09-13T03:57:11.001343+00:00
3940,focused,orientation,orientation_recall_minimal,31520,233200,0.039399560540914536,2.231339931488037,1,1.0,{},5,0.3440000000409782,2026-09-13T03:57:11.340236+00:00
3941,focused,motion_direction,motion_anchor,31528,233216,0.009962277486920357,2.2459676265716553,1,1.0,{},2,0.1559999999590218,2026-09-13T03:57:11.495154+00:00
3942,focused,motion_direction,motion_L8,31536,233304,1.087999701499939,113.96198272705078,1,0.625,{},11,0.7810000001918525,2026-09-13T03:57:12.286341+00:00
3943,focused,orientation,orientation_recall_D4,31544,233392,0.5547915697097778,79.51973724365234,1,0.5,{},11,0.7029999999795109,2026-09-13T03:57:13.005036+00:00
3944,focused,motion_direction,motion_L2,31552,233432,0.0044961352832615376,1.6828532218933105,1,1.0,{},5,0.34300000010989606,2026-09-13T03:57:13.356107+00:00
3945,focused,orientation,orientation_recall_minimal,31560,233472,0.018313495442271233,0.8382800221443176,0,1.0,{},5,0.31299999984912574,2026-09-13T03:57:13.668341+00:00
3946,focused,motion_direction,motion_L8,31568,233560,0.4496293067932129,53.4448127746582,1,0.875,{},11,0.7660000000614673,2026-09-13T03:57:14.436870+00:00
3947,focused,orientation,orientation_recall_D4,31576,233648,0.8301793336868286,30.49017333984375,1,0.625,{},11,0.7180000001098961,2026-09-13T03:57:15.155637+00:00
3948,focused,motion_direction,motion_L2,31584,233688,0.002924897475168109,0.5836619138717651,0,1.0,{},5,0.34399999980814755,2026-09-13T03:57:15.495729+00:00
3949,focused,orientation,orientation_recall_minimal,31592,233728,0.016956744715571404,1.276444435119629,1,1.0,{},5,0.3440000000409782,2026-09-13T03:57:15.846620+00:00
3950,focused,motion_direction,motion_L8,31600,233816,0.43634673953056335,51.71455001831055,1,0.75,{},11,0.8120000001508743,2026-09-13T03:57:16.656114+00:00
3951,focused,orientation,orientation_anchor,31608,233832,0.0021049296483397484,0.05451059713959694,0,1.0,{},2,0.15699999989010394,2026-09-13T03:57:16.810213+00:00
3952,focused,orientation,orientation_recall_D4,31616,233920,0.47277647256851196,22.298444747924805,1,0.75,{},11,0.6869999999180436,2026-09-13T03:57:17.493318+00:00
3953,focused,motion_direction,motion_L2,31624,233960,0.23290905356407166,115.79627990722656,1,0.75,{},5,0.35900000017136335,2026-09-13T03:57:17.851690+00:00
3954,focused,orientation,orientation_recall_minimal,31632,234000,0.025867896154522896,0.9096611142158508,0,1.0,{},5,0.32899999991059303,2026-09-13T03:57:18.184763+00:00
3955,focused,motion_direction,motion_L8,31640,234088,0.8553333282470703,129.2918701171875,1,0.625,{},11,0.8119999999180436,2026-09-13T03:57:18.997278+00:00
3956,focused,orientation,orientation_recall_D4,31648,234176,0.3226204514503479,27.148874282836914,1,0.875,{},11,0.6560000001918525,2026-09-13T03:57:19.653838+00:00
3957,focused,motion_direction,motion_L2,31656,234216,0.0031267914455384016,0.3170695900917053,0,1.0,{},5,0.34399999980814755,2026-09-13T03:57:19.996185+00:00
3958,focused,orientation,orientation_recall_minimal,31664,234256,0.013423281721770763,5.70163106918335,1,1.0,{},5,0.3130000000819564,2026-09-13T03:57:20.315758+00:00
3959,focused,motion_direction,motion_L8,31672,234344,1.0366435050964355,30.021333694458008,1,0.375,{},11,0.7649999998975545,2026-09-13T03:57:21.071607+00:00
3960,focused,orientation,orientation_recall_D4,31680,234432,0.1320456862449646,26.90618896484375,1,1.0,{},11,0.6880000000819564,2026-09-13T03:57:21.767141+00:00
3961,focused,motion_direction,motion_anchor,31688,234448,0.0003069499507546425,0.01964070089161396,0,1.0,{},2,0.1869999999180436,2026-09-13T03:57:21.951249+00:00
3962,focused,motion_direction,motion_L2,31696,234488,0.035971567034721375,40.07808303833008,1,1.0,{},5,0.3600000001024455,2026-09-13T03:57:22.306095+00:00
3963,focused,orientation,orientation_recall_minimal,31704,234528,0.6852666735649109,109.30860137939453,1,0.75,{},5,0.3279999999795109,2026-09-13T03:57:22.638403+00:00
3964,focused,motion_direction,motion_L8,31712,234616,0.7742810249328613,23.139938354492188,1,0.75,{},11,0.7809999999590218,2026-09-13T03:57:23.419176+00:00
3965,focused,orientation,orientation_recall_D4,31720,234704,0.6147435903549194,59.457759857177734,1,0.75,{},11,0.6559999999590218,2026-09-13T03:57:24.082927+00:00
3966,focused,motion_direction,motion_L2,31728,234744,0.006754481233656406,12.008121490478516,1,1.0,{},5,0.3589999999385327,2026-09-13T03:57:24.448800+00:00
3967,focused,orientation,orientation_recall_minimal,31736,234784,0.12157902121543884,72.29122924804688,1,0.875,{},5,0.3130000000819564,2026-09-13T03:57:24.757423+00:00
3968,focused,motion_direction,motion_L8,31744,234872,0.561640739440918,54.6810302734375,1,0.75,{},11,0.7180000001098961,2026-09-13T03:57:25.481078+00:00
3969,focused,orientation,orientation_recall_D4,31752,234960,0.7363311648368835,26.40653419494629,1,0.75,"{""state_mean"": {""input_saturation"": 0.08638139204545454, ""input_mean"": 0.15994733301076022, ""forget_saturation"": 0.5995649857954546, ""forget_mean"": 0.8897407000715082, ""output_saturation"": 0.02374822443181818, ""output_mean"": 0.49081692370501434, ""candidate_saturation"": 0.10014204545454546, ""state0_rms"": 0.879659815268083, ""state0_max"": 4.315333545207977, ""state1_rms"": 0.2239083464850079, ""state1_max"": 0.905726898800243}, ""state_peak"": {""state0_max"": 8.01275634765625, ""state1_max"": 0.9769858717918396}, ""early_representation_gradient_norm"": 0.0027106688357889652, ""late_representation_gradient_norm"": 0.2759901285171509, ""core_gradient_norm"": 2.7716758251190186, ""recurrent_gradient_rms"": 0.0028765618335455656, ""recurrent_gradient_median_abs"": 9.955408313544467e-05, ""current_gradient_fraction_below_adam_eps"": 0.0, ""effective_recurrent_relative_update"": 0.012168735265731812}",11,0.7189999998081475,2026-09-13T03:57:26.208778+00:00
3970,focused,motion_direction,motion_L2,31760,235000,0.003583726705983281,0.9458813071250916,0,1.0,{},5,0.3440000000409782,2026-09-13T03:57:26.560683+00:00
3971,focused,orientation,orientation_anchor,31768,235016,0.0006889541400596499,0.03197501599788666,0,1.0,{},2,0.1559999999590218,2026-09-13T03:57:26.718761+00:00
3972,focused,orientation,orientation_recall_minimal,31776,235056,0.20451995730400085,77.85148620605469,1,0.875,{},5,0.39000000013038516,2026-09-13T03:57:27.112428+00:00
3973,focused,motion_direction,motion_L8,31784,235144,1.029442310333252,141.66900634765625,1,0.5,{},11,0.75,2026-09-13T03:57:27.853709+00:00
3974,focused,orientation,orientation_recall_D4,31792,235232,0.15248951315879822,79.7374038696289,1,1.0,{},11,0.703999999910593,2026-09-13T03:57:28.561967+00:00
3975,focused,motion_direction,motion_L2,31800,235272,0.16240203380584717,371.774658203125,1,0.875,{},5,0.375,2026-09-13T03:57:28.941384+00:00
3976,focused,orientation,orientation_recall_minimal,31808,235312,0.03393256664276123,14.153778076171875,1,1.0,{},5,0.3589999999385327,2026-09-13T03:57:29.290911+00:00
3977,focused,motion_direction,motion_L8,31816,235400,0.4776619076728821,31.221811294555664,1,0.875,{},11,0.7190000000409782,2026-09-13T03:57:30.011866+00:00
3978,focused,orientation,orientation_recall_D4,31824,235488,0.4001193046569824,11.358185768127441,1,0.75,{},11,0.6559999999590218,2026-09-13T03:57:30.673561+00:00
3979,focused,motion_direction,motion_L2,31832,235528,0.004070455674082041,1.596994400024414,1,1.0,{},5,0.375,2026-09-13T03:57:31.045687+00:00
3980,focused,orientation,orientation_recall_minimal,31840,235568,0.11931969970464706,130.38522338867188,1,0.875,{},5,0.31200000015087426,2026-09-13T03:57:31.362070+00:00
3981,focused,motion_direction,motion_anchor,31848,235584,0.0019050599075853825,0.26905789971351624,0,1.0,{},2,0.15699999989010394,2026-09-13T03:57:31.507565+00:00
3982,focused,motion_direction,motion_L8,31856,235672,0.39827826619148254,35.65995788574219,1,1.0,{},11,0.7650000001303852,2026-09-13T03:57:32.277784+00:00
3983,focused,orientation,orientation_recall_D4,31864,235760,2.258960247039795,288.0037841796875,1,0.5,{},11,0.7349999998696148,2026-09-13T03:57:33.012699+00:00
3984,focused,motion_direction,motion_L2,31872,235800,0.08879232406616211,74.81656646728516,1,1.0,{},5,0.3589999999385327,2026-09-13T03:57:33.366179+00:00
3985,focused,orientation,orientation_recall_minimal,31880,235840,0.7506735920906067,25.646501541137695,1,0.875,{},5,0.3130000000819564,2026-09-13T03:57:33.692062+00:00
3986,focused,motion_direction,motion_L8,31888,235928,0.4743306636810303,55.10427474975586,1,0.625,{},11,0.7030000002123415,2026-09-13T03:57:34.401464+00:00
3987,focused,orientation,orientation_recall_D4,31896,236016,2.664461851119995,204.5546112060547,1,0.5,{},11,0.6879999998491257,2026-09-13T03:57:35.090208+00:00
3988,focused,motion_direction,motion_L2,31904,236056,0.08497656881809235,98.26041412353516,1,1.0,{},5,0.3589999999385327,2026-09-13T03:57:35.444577+00:00
3989,focused,orientation,orientation_recall_minimal,31912,236096,0.3577025234699249,16.71558380126953,1,0.875,{},5,0.3440000000409782,2026-09-13T03:57:35.797394+00:00
3990,focused,motion_direction,motion_L8,31920,236184,0.4603917598724365,65.76107025146484,1,0.75,{},11,0.75,2026-09-13T03:57:36.543043+00:00
3991,focused,orientation,orientation_anchor,31928,236200,0.0022364628966897726,0.11306490749120712,0,1.0,{},2,0.1410000000614673,2026-09-13T03:57:36.681752+00:00
3992,focused,orientation,orientation_recall_D4,31936,236288,1.7256722450256348,230.54556274414062,1,0.5,{},11,0.6869999999180436,2026-09-13T03:57:37.379502+00:00
3993,focused,motion_direction,motion_L2,31944,236328,0.0589633546769619,45.93724822998047,1,1.0,{},5,0.3589999999385327,2026-09-13T03:57:37.752558+00:00
3994,focused,orientation,orientation_recall_minimal,31952,236368,0.10327364504337311,76.17157745361328,1,1.0,{},5,0.375,2026-09-13T03:57:38.122686+00:00
3995,focused,motion_direction,motion_L8,31960,236456,1.0144097805023193,164.33335876464844,1,0.5,{},11,0.6880000000819564,2026-09-13T03:57:38.817462+00:00
3996,focused,orientation,orientation_recall_D4,31968,236544,0.19592183828353882,44.61603546142578,1,0.875,{},11,0.6720000000204891,2026-09-13T03:57:39.503463+00:00
3997,focused,motion_direction,motion_L2,31976,236584,0.004062107298523188,0.7294535040855408,0,1.0,{},5,0.375,2026-09-13T03:57:39.869645+00:00
3998,focused,orientation,orientation_recall_minimal,31984,236624,0.2053559273481369,56.9042854309082,1,0.875,{},5,0.3279999999795109,2026-09-13T03:57:40.195134+00:00
3999,focused,motion_direction,motion_L8,31992,236712,0.3702026307582855,98.15695190429688,1,0.875,{},11,0.7030000002123415,2026-09-13T03:57:40.904885+00:00
4000,focused,orientation,orientation_recall_D4,32000,236800,0.4253031313419342,34.074058532714844,1,0.75,{},11,0.6879999998491257,2026-09-13T03:57:41.585633+00:00
4001,focused,motion_direction,motion_anchor,32008,236816,0.002772870007902384,0.34421899914741516,0,1.0,{},2,0.14000000013038516,2026-09-13T03:57:41.724933+00:00
4002,focused,motion_direction,motion_L2,32016,236856,0.2649935781955719,141.4232635498047,1,0.875,{},5,0.32899999991059303,2026-09-13T03:57:42.055599+00:00
4003,focused,orientation,orientation_recall_minimal,32024,236896,0.47250092029571533,150.2087860107422,1,0.75,{},5,0.29600000008940697,2026-09-13T03:57:42.360842+00:00
4004,focused,motion_direction,motion_L8,32032,236984,0.9529423713684082,64.83867645263672,1,0.75,{},11,0.75,2026-09-13T03:57:43.108444+00:00
4005,focused,orientation,orientation_recall_D4,32040,237072,0.2691802382469177,32.670143127441406,1,0.875,{},11,0.703999999910593,2026-09-13T03:57:43.810093+00:00
4006,focused,motion_direction,motion_L2,32048,237112,0.0044821579940617085,3.925363302230835,1,1.0,{},5,0.3279999999795109,2026-09-13T03:57:44.133084+00:00
4007,focused,orientation,orientation_recall_minimal,32056,237152,0.3417240381240845,77.7801513671875,1,0.875,{},5,0.34300000010989606,2026-09-13T03:57:44.484090+00:00
4008,focused,motion_direction,motion_L8,32064,237240,0.9516225457191467,36.1197395324707,1,0.625,{},11,0.7659999998286366,2026-09-13T03:57:45.253060+00:00
4009,focused,orientation,orientation_recall_D4,32072,237328,0.2511422634124756,13.620429992675781,1,1.0,{},11,0.6720000000204891,2026-09-13T03:57:45.922664+00:00
4010,focused,motion_direction,motion_L2,32080,237368,0.011326685547828674,6.275911808013916,1,1.0,{},5,0.3279999999795109,2026-09-13T03:57:46.245915+00:00
4011,focused,orientation,orientation_anchor,32088,237384,0.00034131266875192523,0.016313202679157257,0,1.0,{},2,0.125,2026-09-13T03:57:46.377789+00:00
4012,focused,orientation,orientation_recall_minimal,32096,237424,0.018715623766183853,1.7509721517562866,1,1.0,{},5,0.3440000000409782,2026-09-13T03:57:46.713668+00:00
4013,focused,motion_direction,motion_L8,32104,237512,0.2730701267719269,25.72663688659668,1,0.875,{},11,0.7190000000409782,2026-09-13T03:57:47.429712+00:00
4014,focused,orientation,orientation_recall_D4,32112,237600,0.42532283067703247,104.63410186767578,1,0.625,{},11,0.671000000089407,2026-09-13T03:57:48.101566+00:00
4015,focused,motion_direction,motion_L2,32120,237640,1.630082130432129,175.89462280273438,1,0.75,{},5,0.39099999982863665,2026-09-13T03:57:48.498798+00:00
4016,focused,orientation,orientation_recall_minimal,32128,237680,0.38789764046669006,34.327880859375,1,0.875,{},5,0.3130000000819564,2026-09-13T03:57:48.816884+00:00
4017,focused,motion_direction,motion_L8,32136,237768,1.5532753467559814,127.31716918945312,1,0.625,{},11,0.7190000000409782,2026-09-13T03:57:49.550435+00:00
4018,focused,orientation,orientation_recall_D4,32144,237856,0.49693751335144043,46.60302734375,1,0.75,{},11,0.6720000000204891,2026-09-13T03:57:50.218518+00:00
4019,focused,motion_direction,motion_L2,32152,237896,1.7971341609954834,353.4254455566406,1,0.625,{},5,0.3279999999795109,2026-09-13T03:57:50.550361+00:00
4020,focused,orientation,orientation_recall_minimal,32160,237936,0.1436682939529419,49.806087493896484,1,0.875,{},5,0.34300000010989606,2026-09-13T03:57:50.910075+00:00
4021,focused,motion_direction,motion_anchor,32168,237952,0.0005420707748271525,0.1119513288140297,0,1.0,{},2,0.18799999984912574,2026-09-13T03:57:51.097574+00:00
4022,focused,motion_direction,motion_L8,32176,238040,1.4313076734542847,140.8668212890625,1,0.5,{},11,0.75,2026-09-13T03:57:51.834504+00:00
4023,focused,orientation,orientation_recall_D4,32184,238128,0.6167287230491638,108.54927062988281,1,0.75,{},11,0.6870000001508743,2026-09-13T03:57:52.523763+00:00
4024,focused,motion_direction,motion_L2,32192,238168,0.8730031251907349,421.72607421875,1,0.75,{},5,0.34399999980814755,2026-09-13T03:57:52.873597+00:00
4025,focused,orientation,orientation_recall_minimal,32200,238208,0.016434354707598686,8.207159042358398,1,1.0,{},5,0.35900000017136335,2026-09-13T03:57:53.226489+00:00
4026,focused,motion_direction,motion_L8,32208,238296,0.47274094820022583,100.02776336669922,1,0.875,{},11,0.828999999910593,2026-09-13T03:57:54.065286+00:00
4027,focused,orientation,orientation_recall_D4,32216,238384,0.5310340523719788,272.9293212890625,1,0.625,{},11,0.6869999999180436,2026-09-13T03:57:54.755303+00:00
4028,focused,motion_direction,motion_L2,32224,238424,0.03323831036686897,57.003509521484375,1,1.0,{},5,0.34300000010989606,2026-09-13T03:57:55.110828+00:00
4029,focused,orientation,orientation_recall_minimal,32232,238464,1.061438798904419,82.3793716430664,1,0.75,{},5,0.32899999991059303,2026-09-13T03:57:55.439685+00:00
4030,focused,motion_direction,motion_L8,32240,238552,0.47585129737854004,68.24695587158203,1,0.75,{},11,0.7339999999385327,2026-09-13T03:57:56.174718+00:00
4031,focused,orientation,orientation_anchor,32248,238568,0.0005560581921599805,0.020791716873645782,0,1.0,{},2,0.1559999999590218,2026-09-13T03:57:56.321829+00:00
4032,focused,orientation,orientation_recall_D4,32256,238656,0.37968993186950684,81.81514739990234,1,1.0,{},11,0.7190000000409782,2026-09-13T03:57:57.040088+00:00
4033,focused,motion_direction,motion_L2,32264,238696,0.16610932350158691,118.12799835205078,1,0.875,"{""state_mean"": {""input_saturation"": 0.03984375, ""input_mean"": 0.16572639644145964, ""forget_saturation"": 0.5787109375, ""forget_mean"": 0.9019973635673523, ""output_saturation"": 0.02578125, ""output_mean"": 0.48751032948493955, ""candidate_saturation"": 0.113671875, ""state0_rms"": 0.37197973430156706, ""state0_max"": 1.692988634109497, ""state1_rms"": 0.19469150453805922, ""state1_max"": 0.7974135994911193}, ""state_peak"": {""state0_max"": 2.7035324573516846, ""state1_max"": 0.9610335826873779}, ""early_representation_gradient_norm"": 0.0394890196621418, ""late_representation_gradient_norm"": 0.031390246003866196, ""core_gradient_norm"": 4.665338516235352, ""recurrent_gradient_rms"": 0.003268033964559436, ""recurrent_gradient_median_abs"": 4.599024396156892e-05, ""current_gradient_fraction_below_adam_eps"": 0.0, ""effective_recurrent_relative_update"": 0.004625976085662842}",5,0.3279999999795109,2026-09-13T03:57:57.371612+00:00
4034,focused,orientation,orientation_recall_minimal,32272,238736,0.16307121515274048,25.870634078979492,1,1.0,{},5,0.3440000000409782,2026-09-13T03:57:57.725784+00:00
4035,focused,motion_direction,motion_L8,32280,238824,0.46911078691482544,55.72051239013672,1,0.75,{},11,0.7659999998286366,2026-09-13T03:57:58.493945+00:00
4036,focused,orientation,orientation_recall_D4,32288,238912,0.17876724898815155,11.437509536743164,1,1.0,{},11,0.7029999999795109,2026-09-13T03:57:59.203355+00:00
4037,focused,motion_direction,motion_L2,32296,238952,0.39271676540374756,77.18437957763672,1,0.875,{},5,0.375,2026-09-13T03:57:59.582420+00:00
4038,focused,orientation,orientation_recall_minimal,32304,238992,0.02540994994342327,30.217527389526367,1,1.0,{},5,0.3589999999385327,2026-09-13T03:57:59.952870+00:00
4039,focused,motion_direction,motion_L8,32312,239080,0.26796361804008484,56.22737121582031,1,1.0,{},11,0.75,2026-09-13T03:58:00.694947+00:00
4040,focused,orientation,orientation_recall_D4,32320,239168,0.48174628615379333,28.61351203918457,1,0.75,{},11,0.7030000002123415,2026-09-13T03:58:01.409182+00:00
4041,focused,motion_direction,motion_anchor,32328,239184,0.0007974655600264668,0.27890241146087646,0,1.0,{},2,0.15699999989010394,2026-09-13T03:58:01.557226+00:00
4042,focused,motion_direction,motion_L2,32336,239224,0.015920814126729965,11.505879402160645,1,1.0,{},5,0.3589999999385327,2026-09-13T03:58:01.914904+00:00
4043,focused,orientation,orientation_recall_minimal,32344,239264,0.2422778308391571,162.36447143554688,1,0.875,{},5,0.3440000000409782,2026-09-13T03:58:02.257905+00:00
4044,focused,motion_direction,motion_L8,32352,239352,0.6475402116775513,34.391258239746094,1,0.75,{},11,0.7809999999590218,2026-09-13T03:58:03.044847+00:00
4045,focused,orientation,orientation_recall_D4,32360,239440,0.2594659626483917,9.924564361572266,1,0.875,{},11,0.7029999999795109,2026-09-13T03:58:03.743020+00:00
4046,focused,motion_direction,motion_L2,32368,239480,0.005591698922216892,1.4464125633239746,1,1.0,{},5,0.3279999999795109,2026-09-13T03:58:04.079021+00:00
4047,focused,orientation,orientation_recall_minimal,32376,239520,0.6413895487785339,149.5411376953125,1,0.75,{},5,0.3130000000819564,2026-09-13T03:58:04.391385+00:00
4048,focused,motion_direction,motion_L8,32384,239608,0.7109827995300293,44.5163688659668,1,0.75,{},11,0.75,2026-09-13T03:58:05.141165+00:00
4049,focused,orientation,orientation_recall_D4,32392,239696,0.15241868793964386,18.972232818603516,1,1.0,{},11,0.7970000000204891,2026-09-13T03:58:05.934787+00:00
4050,focused,motion_direction,motion_L2,32400,239736,0.01588786207139492,13.79212474822998,1,1.0,{},5,0.34300000010989606,2026-09-13T03:58:06.280188+00:00
4051,focused,orientation,orientation_anchor,32408,239752,0.00414160406216979,0.21589350700378418,0,1.0,{},2,0.15699999989010394,2026-09-13T03:58:06.434058+00:00
4052,focused,orientation,orientation_recall_minimal,32416,239792,0.408383846282959,50.592960357666016,1,0.875,{},5,0.3279999999795109,2026-09-13T03:58:06.767240+00:00
4053,focused,motion_direction,motion_L8,32424,239880,0.2703581154346466,57.15592956542969,1,0.875,{},11,0.7339999999385327,2026-09-13T03:58:07.506388+00:00
4054,focused,orientation,orientation_recall_D4,32432,239968,0.9015463590621948,26.37368392944336,1,0.625,{},11,0.6869999999180436,2026-09-13T03:58:08.197863+00:00
4055,focused,motion_direction,motion_L2,32440,240008,0.01866568624973297,15.596461296081543,1,1.0,{},5,0.32800000021234155,2026-09-13T03:58:08.531706+00:00
4056,focused,orientation,orientation_recall_minimal,32448,240048,0.2558349370956421,18.045873641967773,1,0.875,{},5,0.29699999978765845,2026-09-13T03:58:08.825036+00:00
4057,focused,motion_direction,motion_L8,32456,240136,2.254038095474243,43.99448013305664,1,0.5,{},11,0.7660000000614673,2026-09-13T03:58:09.591845+00:00
4058,focused,orientation,orientation_recall_D4,32464,240224,0.8712306022644043,154.35336303710938,1,0.5,{},11,0.6720000000204891,2026-09-13T03:58:10.269655+00:00
4059,focused,motion_direction,motion_L2,32472,240264,0.0063975537195801735,4.876884460449219,1,1.0,{},5,0.3279999999795109,2026-09-13T03:58:10.594905+00:00
4060,focused,orientation,orientation_recall_minimal,32480,240304,0.008329215459525585,1.601037859916687,1,1.0,{},5,0.31200000015087426,2026-09-13T03:58:10.900831+00:00
4061,focused,motion_direction,motion_anchor,32488,240320,0.0003144271904602647,0.08518406003713608,0,1.0,{},2,0.18799999984912574,2026-09-13T03:58:11.084159+00:00
4062,focused,motion_direction,motion_L8,32496,240408,0.3154706656932831,36.385677337646484,1,0.875,{},11,0.75,2026-09-13T03:58:11.842894+00:00
4063,focused,orientation,orientation_recall_D4,32504,240496,0.5848404765129089,19.520193099975586,1,0.625,{},11,0.7029999999795109,2026-09-13T03:58:12.546005+00:00
4064,focused,motion_direction,motion_L2,32512,240536,0.003293858375400305,0.5983246564865112,0,1.0,{},5,0.4059999999590218,2026-09-13T03:58:12.952803+00:00
4065,focused,orientation,orientation_recall_minimal,32520,240576,0.028655068948864937,3.5974040031433105,1,1.0,{},5,0.3130000000819564,2026-09-13T03:58:13.261387+00:00
4066,focused,motion_direction,motion_L8,32528,240664,0.7442337274551392,101.13262939453125,1,0.75,{},11,0.7029999999795109,2026-09-13T03:58:13.964655+00:00
4067,focused,orientation,orientation_recall_D4,32536,240752,0.6163216829299927,171.75326538085938,1,0.75,{},11,0.75,2026-09-13T03:58:14.714084+00:00
4068,focused,motion_direction,motion_L2,32544,240792,0.002436293289065361,0.19706885516643524,0,1.0,{},5,0.3589999999385327,2026-09-13T03:58:15.073027+00:00
4069,focused,orientation,orientation_recall_minimal,32552,240832,0.7289027571678162,51.633628845214844,1,0.625,{},5,0.3440000000409782,2026-09-13T03:58:15.413982+00:00
4070,focused,motion_direction,motion_L8,32560,240920,1.010107398033142,50.55712127685547,1,0.625,{},11,0.75,2026-09-13T03:58:16.167538+00:00
4071,focused,orientation,orientation_anchor,32568,240936,0.006646953523159027,0.3653806149959564,0,1.0,{},2,0.1559999999590218,2026-09-13T03:58:16.317948+00:00
4072,focused,orientation,orientation_recall_D4,32576,241024,0.27244940400123596,21.176300048828125,1,0.875,{},11,0.6560000001918525,2026-09-13T03:58:16.980403+00:00
4073,focused,motion_direction,motion_L2,32584,241064,0.0035275272093713284,2.6848998069763184,1,1.0,{},5,0.34399999980814755,2026-09-13T03:58:17.319564+00:00
4074,focused,orientation,orientation_recall_minimal,32592,241104,0.3700855076313019,14.125772476196289,1,0.875,{},5,0.3130000000819564,2026-09-13T03:58:17.637830+00:00
4075,focused,motion_direction,motion_L8,32600,241192,0.12374802678823471,11.766190528869629,1,1.0,{},11,0.7339999999385327,2026-09-13T03:58:18.367873+00:00
4076,focused,orientation,orientation_recall_D4,32608,241280,0.20946507155895233,26.1292724609375,1,1.0,{},11,0.7029999999795109,2026-09-13T03:58:19.080674+00:00
4077,focused,motion_direction,motion_L2,32616,241320,0.0022412696853280067,0.11836037039756775,0,1.0,{},5,0.3600000001024455,2026-09-13T03:58:19.440394+00:00
4078,focused,orientation,orientation_recall_minimal,32624,241360,0.0065400563180446625,1.0240758657455444,1,1.0,{},5,0.3899999998975545,2026-09-13T03:58:19.820233+00:00
4079,focused,motion_direction,motion_L8,32632,241448,0.39845946431159973,27.036705017089844,1,0.75,{},11,0.75,2026-09-13T03:58:20.575988+00:00
4080,focused,orientation,orientation_recall_D4,32640,241536,0.3564222753047943,15.758413314819336,1,0.875,{},11,0.6720000000204891,2026-09-13T03:58:21.245438+00:00
4081,focused,motion_direction,motion_anchor,32648,241552,0.00020237741409800947,0.02261512354016304,0,1.0,{},2,0.15600000019185245,2026-09-13T03:58:21.409752+00:00
4082,focused,motion_direction,motion_L2,32656,241592,0.0026609255000948906,0.25139060616493225,0,1.0,{},5,0.34399999980814755,2026-09-13T03:58:21.748675+00:00
4083,focused,orientation,orientation_recall_minimal,32664,241632,0.027417613193392754,6.032408714294434,1,1.0,{},5,0.35900000017136335,2026-09-13T03:58:22.105745+00:00
4084,focused,motion_direction,motion_L8,32672,241720,0.1282530128955841,5.59254264831543,1,1.0,{},11,0.7970000000204891,2026-09-13T03:58:22.904524+00:00
4085,focused,orientation,orientation_recall_D4,32680,241808,0.44525212049484253,54.5405158996582,1,0.75,{},11,0.6569999998901039,2026-09-13T03:58:23.567069+00:00
4086,focused,motion_direction,motion_L2,32688,241848,0.0033440568950027227,1.1134710311889648,1,1.0,{},5,0.3130000000819564,2026-09-13T03:58:23.893971+00:00
4087,focused,orientation,orientation_recall_minimal,32696,241888,0.17997971177101135,112.22730255126953,1,0.875,{},5,0.3119999999180436,2026-09-13T03:58:24.205779+00:00
4088,focused,motion_direction,motion_L8,32704,241976,0.5206366181373596,51.6993293762207,1,0.75,{},11,0.8130000000819564,2026-09-13T03:58:25.007727+00:00
4089,focused,orientation,orientation_recall_D4,32712,242064,0.3819275200366974,56.3221549987793,1,0.75,{},11,0.6869999999180436,2026-09-13T03:58:25.703023+00:00
4090,focused,motion_direction,motion_L2,32720,242104,0.2978731691837311,107.24340057373047,1,0.875,{},5,0.3910000000614673,2026-09-13T03:58:26.085440+00:00
4091,focused,orientation,orientation_anchor,32728,242120,0.0021362712141126394,0.08141093701124191,0,1.0,{},2,0.1559999999590218,2026-09-13T03:58:26.245278+00:00
4092,focused,orientation,orientation_recall_minimal,32736,242160,0.011039752513170242,1.483468770980835,1,1.0,{},5,0.3279999999795109,2026-09-13T03:58:26.582040+00:00
4093,focused,motion_direction,motion_L8,32744,242248,0.35341542959213257,74.18788146972656,1,0.75,{},11,0.75,2026-09-13T03:58:27.325042+00:00
4094,focused,orientation,orientation_recall_D4,32752,242336,0.2954217493534088,56.075897216796875,1,0.875,{},11,0.6880000000819564,2026-09-13T03:58:28.020905+00:00
4095,focused,motion_direction,motion_L2,32760,242376,0.011551628820598125,17.65604019165039,1,1.0,{},5,0.31299999984912574,2026-09-13T03:58:28.347130+00:00
4096,focused,orientation,orientation_recall_minimal,32768,242416,0.011857686564326286,0.8150880932807922,0,1.0,{},5,0.3279999999795109,2026-09-13T03:58:28.670384+00:00
4097,focused,motion_direction,motion_L8,32776,242504,0.7430800795555115,53.44218444824219,1,0.625,"{""state_mean"": {""input_saturation"": 0.03941761363636364, ""input_mean"": 0.16469789228656076, ""forget_saturation"": 0.5719992897727273, ""forget_mean"": 0.9068291241472418, ""output_saturation"": 0.034002130681818184, ""output_mean"": 0.4899000335823406, ""candidate_saturation"": 0.11217151988636363, ""state0_rms"": 0.5097820853645151, ""state0_max"": 2.881909018213099, ""state1_rms"": 0.2262268980795687, ""state1_max"": 0.9014796993949197}, ""state_peak"": {""state0_max"": 4.92246150970459, ""state1_max"": 0.9817867279052734}, ""early_representation_gradient_norm"": 0.032185498625040054, ""late_representation_gradient_norm"": 0.041674528270959854, ""core_gradient_norm"": 9.252893447875977, ""recurrent_gradient_rms"": 0.008078123442828655, ""recurrent_gradient_median_abs"": 0.00011774550512200221, ""current_gradient_fraction_below_adam_eps"": 0.0, ""effective_recurrent_relative_update"": 0.007235049270093441}",11,0.7809999999590218,2026-09-13T03:58:29.544908+00:00
4098,focused,orientation,orientation_recall_D4,32784,242592,0.19219309091567993,32.55244827270508,1,1.0,{},11,0.7029999999795109,2026-09-13T03:58:30.249860+00:00
4099,focused,motion_direction,motion_L2,32792,242632,0.007950595580041409,2.504427671432495,1,1.0,{},5,0.35900000017136335,2026-09-13T03:58:30.599725+00:00
4100,focused,orientation,orientation_recall_minimal,32800,242672,0.4878641664981842,35.380165100097656,1,0.75,{},5,0.32899999991059303,2026-09-13T03:58:30.930300+00:00
4101,focused,motion_direction,motion_anchor,32808,242688,0.00041977697401307523,0.06008192151784897,0,1.0,{},2,0.13999999989755452,2026-09-13T03:58:31.069046+00:00
4102,focused,motion_direction,motion_L8,32816,242776,0.5688614845275879,96.38311767578125,1,0.75,{},11,0.7660000000614673,2026-09-13T03:58:31.841563+00:00
4103,focused,orientation,orientation_recall_D4,32824,242864,0.8711185455322266,94.93951416015625,1,0.5,{},11,0.6720000000204891,2026-09-13T03:58:32.519335+00:00
4104,focused,motion_direction,motion_L2,32832,242904,0.0022787570487707853,0.7165907025337219,0,1.0,{},5,0.4059999999590218,2026-09-13T03:58:32.922089+00:00
4105,focused,orientation,orientation_recall_minimal,32840,242944,0.006251323502510786,0.5019547939300537,0,1.0,{},5,0.31200000015087426,2026-09-13T03:58:33.237298+00:00
4106,focused,motion_direction,motion_L8,32848,243032,0.43136271834373474,58.17043685913086,1,0.875,{},11,0.8129999998491257,2026-09-13T03:58:34.047811+00:00
4107,focused,orientation,orientation_recall_D4,32856,243120,0.8640906810760498,49.13349914550781,1,0.625,{},11,0.6870000001508743,2026-09-13T03:58:34.737292+00:00
4108,focused,motion_direction,motion_L2,32864,243160,0.4136510193347931,323.97613525390625,1,0.875,{},5,0.39099999982863665,2026-09-13T03:58:35.118129+00:00
4109,focused,orientation,orientation_recall_minimal,32872,243200,0.13420090079307556,21.218116760253906,1,0.875,{},5,0.2970000000204891,2026-09-13T03:58:35.425315+00:00
4110,focused,motion_direction,motion_L8,32880,243288,0.7040469646453857,109.17550659179688,1,0.75,{},11,0.7970000000204891,2026-09-13T03:58:36.213169+00:00
4111,focused,orientation,orientation_anchor,32888,243304,0.0010758164571598172,0.061212651431560516,0,1.0,{},2,0.14000000013038516,2026-09-13T03:58:36.355634+00:00
4112,focused,orientation,orientation_recall_D4,32896,243392,0.6022605895996094,16.169374465942383,1,0.75,{},11,0.6720000000204891,2026-09-13T03:58:37.023394+00:00
4113,focused,motion_direction,motion_L2,32904,243432,0.01635454222559929,50.038658142089844,1,1.0,{},5,0.34399999980814755,2026-09-13T03:58:37.377443+00:00
4114,focused,orientation,orientation_recall_minimal,32912,243472,0.005590510554611683,0.2549408972263336,0,1.0,{},5,0.3440000000409782,2026-09-13T03:58:37.724109+00:00
4115,focused,motion_direction,motion_L8,32920,243560,0.43145987391471863,34.3775634765625,1,0.875,{},11,0.7659999998286366,2026-09-13T03:58:38.494113+00:00
4116,focused,orientation,orientation_recall_D4,32928,243648,0.23998257517814636,32.656280517578125,1,0.875,{},11,0.7660000000614673,2026-09-13T03:58:39.269312+00:00
4117,focused,motion_direction,motion_L2,32936,243688,0.0014798268675804138,0.053201328963041306,0,1.0,{},5,0.34300000010989606,2026-09-13T03:58:39.610507+00:00
4118,focused,orientation,orientation_recall_minimal,32944,243728,0.4580184817314148,20.756011962890625,1,0.875,{},5,0.34399999980814755,2026-09-13T03:58:39.946368+00:00
4119,focused,motion_direction,motion_L8,32952,243816,0.3892679214477539,57.7642707824707,1,0.875,{},11,0.6880000000819564,2026-09-13T03:58:40.646726+00:00
4120,focused,orientation,orientation_recall_D4,32960,243904,0.5952016115188599,39.269203186035156,1,0.5,{},11,0.625,2026-09-13T03:58:41.273215+00:00
4121,focused,motion_direction,motion_anchor,32968,243920,0.0002386904088780284,0.013105571269989014,0,1.0,{},2,0.14099999982863665,2026-09-13T03:58:41.410859+00:00
4122,focused,motion_direction,motion_L2,32976,243960,0.0037864544428884983,1.7696998119354248,1,1.0,{},5,0.2970000000204891,2026-09-13T03:58:41.719191+00:00
4123,focused,orientation,orientation_recall_minimal,32984,244000,0.007572108414024115,1.3068571090698242,1,1.0,{},5,0.2970000000204891,2026-09-13T03:58:42.016642+00:00
4124,focused,motion_direction,motion_L8,32992,244088,0.36208412051200867,36.9017219543457,1,0.75,{},11,0.7339999999385327,2026-09-13T03:58:42.755167+00:00
4125,focused,orientation,orientation_recall_D4,33000,244176,0.4251527786254883,40.189781188964844,1,0.875,{},11,0.6400000001303852,2026-09-13T03:58:43.399267+00:00
4126,focused,motion_direction,motion_L2,33008,244216,0.3065233528614044,363.2541809082031,1,0.875,{},5,0.3279999999795109,2026-09-13T03:58:43.727947+00:00
4127,focused,orientation,orientation_recall_minimal,33016,244256,0.011506007984280586,2.509833574295044,1,1.0,{},5,0.2970000000204891,2026-09-13T03:58:44.027482+00:00
4128,focused,motion_direction,motion_L8,33024,244344,0.7180454134941101,55.46501922607422,1,0.625,{},11,0.6409999998286366,2026-09-13T03:58:44.663494+00:00
4129,focused,orientation,orientation_recall_D4,33032,244432,0.6535113453865051,93.01997375488281,1,0.625,{},11,0.5779999999795109,2026-09-13T03:58:45.245135+00:00
4130,focused,motion_direction,motion_L2,33040,244472,0.0416385792195797,147.3838653564453,1,1.0,{},5,0.28100000019185245,2026-09-13T03:58:45.530314+00:00
4131,focused,orientation,orientation_anchor,33048,244488,0.01646292582154274,1.1128605604171753,1,1.0,{},2,0.125,2026-09-13T03:58:45.654477+00:00
4132,focused,orientation,orientation_recall_minimal,33056,244528,0.011252591386437416,2.449125051498413,1,1.0,{},5,0.25,2026-09-13T03:58:45.910497+00:00
4133,focused,motion_direction,motion_L8,33064,244616,1.0645406246185303,84.97048950195312,1,0.625,{},11,0.625,2026-09-13T03:58:46.544738+00:00
4134,focused,orientation,orientation_recall_D4,33072,244704,0.336937814950943,63.97023391723633,1,0.875,{},11,0.5779999999795109,2026-09-13T03:58:47.126161+00:00
4135,focused,motion_direction,motion_L2,33080,244744,0.004230151418596506,0.7676037549972534,0,1.0,{},5,0.28100000019185245,2026-09-13T03:58:47.398856+00:00
4136,focused,orientation,orientation_recall_minimal,33088,244784,0.04894060268998146,9.933478355407715,1,1.0,{},5,0.26599999982863665,2026-09-13T03:58:47.667425+00:00
4137,focused,motion_direction,motion_L8,33096,244872,0.840303361415863,126.25973510742188,1,0.625,{},11,0.6090000001713634,2026-09-13T03:58:48.274306+00:00
4138,focused,orientation,orientation_recall_D4,33104,244960,0.34394267201423645,48.115325927734375,1,0.875,{},11,0.5779999999795109,2026-09-13T03:58:48.852755+00:00
4139,focused,motion_direction,motion_L2,33112,245000,0.0018407544121146202,0.28709959983825684,0,1.0,{},5,0.35999999986961484,2026-09-13T03:58:49.222017+00:00
4140,focused,orientation,orientation_recall_minimal,33120,245040,0.008258367888629436,1.4513739347457886,1,1.0,{},5,0.2970000000204891,2026-09-13T03:58:49.512184+00:00
4141,focused,motion_direction,motion_anchor,33128,245056,0.00030626010266132653,0.010505599901080132,0,1.0,{},2,0.125,2026-09-13T03:58:49.644638+00:00
4142,focused,motion_direction,motion_L8,33136,245144,0.5421782732009888,21.119951248168945,1,0.75,{},11,0.625,2026-09-13T03:58:50.270608+00:00
4143,focused,orientation,orientation_recall_D4,33144,245232,0.5772607326507568,76.9228515625,1,0.75,{},11,0.5629999998491257,2026-09-13T03:58:50.843094+00:00
4144,focused,motion_direction,motion_L2,33152,245272,0.9285639524459839,48.82280349731445,1,0.875,{},5,0.2809999999590218,2026-09-13T03:58:51.118926+00:00
4145,focused,orientation,orientation_recall_minimal,33160,245312,0.009602820500731468,5.310938358306885,1,1.0,{},5,0.2660000000614673,2026-09-13T03:58:51.392370+00:00
4146,focused,motion_direction,motion_L8,33168,245400,1.5735793113708496,107.48487091064453,1,0.5,{},11,0.7029999999795109,2026-09-13T03:58:52.090639+00:00
4147,focused,orientation,orientation_recall_D4,33176,245488,0.3152422308921814,77.44217681884766,1,0.875,{},11,0.5940000000409782,2026-09-13T03:58:52.685859+00:00
4148,focused,motion_direction,motion_L2,33184,245528,0.003566012717783451,0.8886198997497559,0,1.0,{},5,0.34300000010989606,2026-09-13T03:58:53.025214+00:00
4149,focused,orientation,orientation_recall_minimal,33192,245568,0.0015186816453933716,0.032051462680101395,0,1.0,{},5,0.29699999978765845,2026-09-13T03:58:53.330725+00:00
4150,focused,motion_direction,motion_L8,33200,245656,1.0687906742095947,71.53773498535156,1,0.5,{},11,0.625,2026-09-13T03:58:53.957563+00:00
4151,focused,orientation,orientation_anchor,33208,245672,0.006426219828426838,0.3491269052028656,0,1.0,{},2,0.125,2026-09-13T03:58:54.089212+00:00
4152,focused,orientation,orientation_recall_D4,33216,245760,0.4343986511230469,33.781944274902344,1,0.75,{},11,0.5940000000409782,2026-09-13T03:58:54.682665+00:00
4153,focused,motion_direction,motion_L2,33224,245800,0.0018212484428659081,0.04355449229478836,0,1.0,{},5,0.2809999999590218,2026-09-13T03:58:54.960221+00:00
4154,focused,orientation,orientation_recall_minimal,33232,245840,0.041402194648981094,25.3522891998291,1,1.0,{},5,0.26500000013038516,2026-09-13T03:58:55.232219+00:00
4155,focused,motion_direction,motion_L8,33240,245928,0.8496087789535522,30.47936248779297,1,0.625,{},11,0.625,2026-09-13T03:58:55.856580+00:00
4156,focused,orientation,orientation_recall_D4,33248,246016,0.8927292823791504,155.07315063476562,1,0.625,{},11,0.5629999998491257,2026-09-13T03:58:56.427207+00:00
4157,focused,motion_direction,motion_L2,33256,246056,0.0022334586828947067,0.159116730093956,0,1.0,{},5,0.2809999999590218,2026-09-13T03:58:56.712563+00:00
4158,focused,orientation,orientation_recall_minimal,33264,246096,0.00881744734942913,6.642179489135742,1,1.0,{},5,0.2809999999590218,2026-09-13T03:58:57.003496+00:00
4159,focused,motion_direction,motion_L8,33272,246184,0.8395639061927795,27.983407974243164,1,0.625,{},11,0.6090000001713634,2026-09-13T03:58:57.601706+00:00
4160,focused,orientation,orientation_recall_D4,33280,246272,0.2986331880092621,6.214917182922363,1,0.875,{},11,0.578999999910593,2026-09-13T03:58:58.186837+00:00
4161,focused,motion_direction,motion_anchor,33288,246288,7.72880666772835e-05,0.008947137743234634,0,1.0,"{""state_mean"": {""input_saturation"": 0.0478515625, ""input_mean"": 0.161641463637352, ""forget_saturation"": 0.56982421875, ""forget_mean"": 0.9088968634605408, ""output_saturation"": 0.035888671875, ""output_mean"": 0.4836142957210541, ""candidate_saturation"": 0.117431640625, ""state0_rms"": 0.2647453099489212, ""state0_max"": 1.3607036471366882, ""state1_rms"": 0.16890830546617508, ""state1_max"": 0.7628893852233887}, ""state_peak"": {""state0_max"": 1.7868130207061768, ""state1_max"": 0.8729523420333862}, ""early_representation_gradient_norm"": 1.6057323591667227e-05, ""late_representation_gradient_norm"": 1.5379340766230598e-05, ""core_gradient_norm"": 0.0006795694935135543, ""recurrent_gradient_rms"": 2.4791611963337346e-07, ""recurrent_gradient_median_abs"": 2.331292936474938e-09, ""current_gradient_fraction_below_adam_eps"": 0.1052398681640625, ""effective_recurrent_relative_update"": 0.011425286531448364}",2,0.13999999989755452,2026-09-13T03:58:58.332271+00:00
4162,focused,motion_direction,motion_L2,33296,246328,0.194148451089859,149.6551055908203,1,0.875,{},5,0.2970000000204891,2026-09-13T03:58:58.622821+00:00
4163,focused,orientation,orientation_recall_minimal,33304,246368,0.5370635986328125,280.7268981933594,1,0.875,{},5,0.28100000019185245,2026-09-13T03:58:58.896406+00:00
4164,focused,motion_direction,motion_L8,33312,246456,1.4353141784667969,65.88631439208984,1,0.625,{},11,0.6099999998696148,2026-09-13T03:58:59.508013+00:00
4165,focused,orientation,orientation_recall_D4,33320,246544,0.6213648319244385,93.84711456298828,1,0.5,{},11,0.5930000001098961,2026-09-13T03:59:00.106011+00:00
4166,focused,motion_direction,motion_L2,33328,246584,0.01796249859035015,15.643736839294434,1,1.0,{},5,0.26599999982863665,2026-09-13T03:59:00.376081+00:00
4167,focused,orientation,orientation_recall_minimal,33336,246624,0.026934830471873283,4.703361988067627,1,1.0,{},5,0.2660000000614673,2026-09-13T03:59:00.645298+00:00
4168,focused,motion_direction,motion_L8,33344,246712,1.1877247095108032,116.95298767089844,1,0.625,{},11,0.6099999998696148,2026-09-13T03:59:01.263574+00:00
4169,focused,orientation,orientation_recall_D4,33352,246800,0.404163658618927,44.544593811035156,1,0.75,{},11,0.5779999999795109,2026-09-13T03:59:01.842544+00:00
4170,focused,motion_direction,motion_L2,33360,246840,0.006674031261354685,1.6022549867630005,1,1.0,{},5,0.2970000000204891,2026-09-13T03:59:02.139537+00:00
4171,focused,orientation,orientation_anchor,33368,246856,0.002684272825717926,0.15452918410301208,0,1.0,{},2,0.125,2026-09-13T03:59:02.256391+00:00
4172,focused,orientation,orientation_recall_minimal,33376,246896,0.002896371064707637,0.18196825683116913,0,1.0,{},5,0.25,2026-09-13T03:59:02.517180+00:00
4173,focused,motion_direction,motion_L8,33384,246984,0.50001460313797,57.55979537963867,1,0.625,{},11,0.6089999999385327,2026-09-13T03:59:03.123092+00:00
4174,focused,orientation,orientation_recall_D4,33392,247072,0.26982706785202026,53.188087463378906,1,0.875,{},11,0.5630000000819564,2026-09-13T03:59:03.686554+00:00
4175,focused,motion_direction,motion_L2,33400,247112,0.00599255133420229,2.5111868381500244,1,1.0,{},5,0.29600000008940697,2026-09-13T03:59:03.978405+00:00
4176,focused,orientation,orientation_recall_minimal,33408,247152,0.6222614645957947,22.79637908935547,1,0.75,{},5,0.26599999982863665,2026-09-13T03:59:04.246171+00:00
4177,focused,motion_direction,motion_L8,33416,247240,0.44547778367996216,54.83848571777344,1,0.75,{},11,0.5940000000409782,2026-09-13T03:59:04.847750+00:00
4178,focused,orientation,orientation_recall_D4,33424,247328,0.3398423194885254,39.21990203857422,1,0.875,{},11,0.5940000000409782,2026-09-13T03:59:05.443726+00:00
4179,focused,motion_direction,motion_L2,33432,247368,0.0022515275049954653,0.18541398644447327,0,1.0,{},5,0.28100000019185245,2026-09-13T03:59:05.733707+00:00
4180,focused,orientation,orientation_recall_minimal,33440,247408,0.0043906900100409985,0.08447101712226868,0,1.0,{},5,0.28199999989010394,2026-09-13T03:59:06.016862+00:00
4181,focused,motion_direction,motion_anchor,33448,247424,0.003622972872108221,0.9469317197799683,0,1.0,{},2,0.14000000013038516,2026-09-13T03:59:06.151088+00:00
4182,focused,motion_direction,motion_L8,33456,247512,0.43792033195495605,129.42916870117188,1,0.75,{},11,0.5939999998081475,2026-09-13T03:59:06.753414+00:00
4183,focused,orientation,orientation_recall_D4,33464,247600,0.2735089361667633,47.10956954956055,1,0.875,{},11,0.5779999999795109,2026-09-13T03:59:07.324500+00:00
4184,focused,motion_direction,motion_L2,33472,247640,0.0032335768919438124,0.5874325037002563,0,1.0,{},5,0.28100000019185245,2026-09-13T03:59:07.604150+00:00
4185,focused,orientation,orientation_recall_minimal,33480,247680,0.39783570170402527,69.51380157470703,1,0.875,{},5,0.28199999989010394,2026-09-13T03:59:07.880837+00:00
4186,focused,motion_direction,motion_L8,33488,247768,0.613750696182251,95.06981658935547,1,0.625,{},11,0.5930000001098961,2026-09-13T03:59:08.490309+00:00
4187,focused,orientation,orientation_recall_D4,33496,247856,0.7343419790267944,49.54096603393555,1,0.625,{},11,0.5630000000819564,2026-09-13T03:59:09.057796+00:00
4188,focused,motion_direction,motion_L2,33504,247896,0.0031815259717404842,3.2728137969970703,1,1.0,{},5,0.2809999999590218,2026-09-13T03:59:09.342942+00:00
4189,focused,orientation,orientation_recall_minimal,33512,247936,0.42240455746650696,29.302658081054688,1,0.875,{},5,0.26500000013038516,2026-09-13T03:59:09.609755+00:00
4190,focused,motion_direction,motion_L8,33520,248024,0.4460923969745636,79.50403594970703,1,0.875,{},11,0.6099999998696148,2026-09-13T03:59:10.216783+00:00
4191,focused,orientation,orientation_anchor,33528,248040,0.00022720931156072766,0.0077394298277795315,0,1.0,{},2,0.10899999993853271,2026-09-13T03:59:10.331839+00:00
4192,focused,orientation,orientation_recall_D4,33536,248128,0.46980801224708557,71.33094024658203,1,0.75,{},11,0.6100000001024455,2026-09-13T03:59:10.943157+00:00
4193,focused,motion_direction,motion_L2,33544,248168,0.001584462122991681,0.1391105055809021,0,1.0,{},5,0.28100000019185245,2026-09-13T03:59:11.236041+00:00
4194,focused,orientation,orientation_recall_minimal,33552,248208,0.4847732484340668,10.926541328430176,1,0.875,{},5,0.26599999982863665,2026-09-13T03:59:11.503634+00:00
4195,focused,motion_direction,motion_L8,33560,248296,0.5292356014251709,77.50440979003906,1,0.75,{},11,0.5940000000409782,2026-09-13T03:59:12.098008+00:00
4196,focused,orientation,orientation_recall_D4,33568,248384,0.45323094725608826,68.78752136230469,1,0.625,{},11,0.5779999999795109,2026-09-13T03:59:12.672033+00:00
4197,focused,motion_direction,motion_L2,33576,248424,0.011017274111509323,19.7586612701416,1,1.0,{},5,0.2809999999590218,2026-09-13T03:59:12.944292+00:00
4198,focused,orientation,orientation_recall_minimal,33584,248464,0.003813183167949319,0.23927316069602966,0,1.0,{},5,0.25,2026-09-13T03:59:13.208075+00:00
4199,focused,motion_direction,motion_L8,33592,248552,1.0437583923339844,44.742103576660156,1,0.625,{},11,0.6089999999385327,2026-09-13T03:59:13.824572+00:00
4200,focused,orientation,orientation_recall_D4,33600,248640,0.4307006597518921,30.801782608032227,1,0.875,{},11,0.5780000002123415,2026-09-13T03:59:14.399425+00:00
4201,focused,motion_direction,motion_anchor,33608,248656,0.00029664652538485825,0.03377277031540871,0,1.0,{},2,0.10999999986961484,2026-09-13T03:59:14.517982+00:00
4202,focused,motion_direction,motion_L2,33616,248696,0.1703270673751831,272.33984375,1,0.875,{},5,0.2970000000204891,2026-09-13T03:59:14.811644+00:00
4203,focused,orientation,orientation_recall_minimal,33624,248736,0.044781412929296494,24.691728591918945,1,1.0,{},5,0.2809999999590218,2026-09-13T03:59:15.084610+00:00
4204,focused,motion_direction,motion_L8,33632,248824,0.6088905334472656,218.05416870117188,1,0.625,{},11,0.5940000000409782,2026-09-13T03:59:15.689158+00:00
4205,focused,orientation,orientation_recall_D4,33640,248912,0.43679362535476685,29.949382781982422,1,0.75,{},11,0.5930000001098961,2026-09-13T03:59:16.279351+00:00
4206,focused,motion_direction,motion_L2,33648,248952,0.7892173528671265,62.02156066894531,1,0.875,{},5,0.26599999982863665,2026-09-13T03:59:16.549750+00:00
4207,focused,orientation,orientation_recall_minimal,33656,248992,0.004627857357263565,0.29780277609825134,0,1.0,{},5,0.2809999999590218,2026-09-13T03:59:16.823121+00:00
4208,focused,motion_direction,motion_L8,33664,249080,1.066285490989685,58.27534484863281,1,0.5,{},11,0.6100000001024455,2026-09-13T03:59:17.436157+00:00
4209,focused,orientation,orientation_recall_D4,33672,249168,0.35351189970970154,10.223936080932617,1,0.875,{},11,0.5930000001098961,2026-09-13T03:59:18.024568+00:00
4210,focused,motion_direction,motion_L2,33680,249208,0.0014608699129894376,0.06511478871107101,0,1.0,{},5,0.28199999989010394,2026-09-13T03:59:18.312462+00:00
4211,focused,orientation,orientation_anchor,33688,249224,0.0002617690770421177,0.012936693616211414,0,1.0,{},2,0.13999999989755452,2026-09-13T03:59:18.452147+00:00
4212,focused,orientation,orientation_recall_minimal,33696,249264,0.6176578402519226,94.406494140625,1,0.75,{},5,0.28100000019185245,2026-09-13T03:59:18.729016+00:00
4213,focused,motion_direction,motion_L8,33704,249352,0.7371273040771484,32.190040588378906,1,0.625,{},11,0.6409999998286366,2026-09-13T03:59:19.380413+00:00
4214,focused,orientation,orientation_recall_D4,33712,249440,0.227294921875,22.36399269104004,1,1.0,{},11,0.7180000001098961,2026-09-13T03:59:20.110972+00:00
4215,focused,motion_direction,motion_L2,33720,249480,0.0014869360020384192,0.03305849805474281,0,1.0,{},5,0.32899999991059303,2026-09-13T03:59:20.429176+00:00
4216,focused,orientation,orientation_recall_minimal,33728,249520,0.053184978663921356,48.71233367919922,1,1.0,{},5,0.3279999999795109,2026-09-13T03:59:20.757815+00:00
4217,focused,motion_direction,motion_L8,33736,249608,0.41016560792922974,34.67285919189453,1,0.875,{},11,0.6720000000204891,2026-09-13T03:59:21.440934+00:00
4218,focused,orientation,orientation_recall_D4,33744,249696,0.2283630222082138,41.85414123535156,1,1.0,{},11,0.625,2026-09-13T03:59:22.056148+00:00
4219,focused,motion_direction,motion_L2,33752,249736,0.0025829472579061985,1.6302344799041748,1,1.0,{},5,0.29600000008940697,2026-09-13T03:59:22.352407+00:00
4220,focused,orientation,orientation_recall_minimal,33760,249776,0.16593216359615326,162.7222442626953,1,0.875,{},5,0.28199999989010394,2026-09-13T03:59:22.633914+00:00
4221,focused,motion_direction,motion_anchor,33768,249792,0.002106164349243045,0.5494450926780701,0,1.0,{},2,0.14000000013038516,2026-09-13T03:59:22.771138+00:00
4222,focused,motion_direction,motion_L8,33776,249880,0.3127882480621338,18.534400939941406,1,0.875,{},11,0.7189999998081475,2026-09-13T03:59:23.493305+00:00
4223,focused,orientation,orientation_recall_D4,33784,249968,0.25088050961494446,30.084003448486328,1,1.0,{},11,0.5779999999795109,2026-09-13T03:59:24.084269+00:00
4224,focused,motion_direction,motion_L2,33792,250008,0.0022245736327022314,1.0693365335464478,1,1.0,{},5,0.2809999999590218,2026-09-13T03:59:24.375245+00:00
4225,focused,orientation,orientation_recall_minimal,33800,250048,0.014775066636502743,7.488275051116943,1,1.0,"{""state_mean"": {""input_saturation"": 0.0595703125, ""input_mean"": 0.16074044406414031, ""forget_saturation"": 0.5921875, ""forget_mean"": 0.8993336081504821, ""output_saturation"": 0.03291015625, ""output_mean"": 0.49301671981811523, ""candidate_saturation"": 0.1279296875, ""state0_rms"": 0.4420032471418381, ""state0_max"": 1.9611804842948914, ""state1_rms"": 0.17691380828619002, ""state1_max"": 0.849941861629486}, ""state_peak"": {""state0_max"": 2.7765953540802, ""state1_max"": 0.9584498405456543}, ""early_representation_gradient_norm"": 0.0006275063497014344, ""late_representation_gradient_norm"": 0.025464002043008804, ""core_gradient_norm"": 0.20360615849494934, ""recurrent_gradient_rms"": 0.00016764360771048814, ""recurrent_gradient_median_abs"": 2.662906581463176e-06, ""current_gradient_fraction_below_adam_eps"": 4.9591064453125e-05, ""effective_recurrent_relative_update"": 0.0075204819440841675}",5,0.28100000019185245,2026-09-13T03:59:24.654477+00:00
4226,focused,motion_direction,motion_L8,33808,250136,0.90000319480896,94.52436065673828,1,0.625,{},11,0.6719999997876585,2026-09-13T03:59:25.319499+00:00
4227,focused,orientation,orientation_recall_D4,33816,250224,0.5408014059066772,32.90971374511719,1,0.75,{},11,0.625,2026-09-13T03:59:25.957798+00:00
4228,focused,motion_direction,motion_L2,33824,250264,0.0020467028953135014,0.26472702622413635,0,1.0,{},5,0.31200000015087426,2026-09-13T03:59:26.275515+00:00
4229,focused,orientation,orientation_recall_minimal,33832,250304,0.03602207824587822,28.7088565826416,1,1.0,{},5,0.29699999978765845,2026-09-13T03:59:26.572352+00:00
4230,focused,motion_direction,motion_L8,33840,250392,0.32122713327407837,43.9103889465332,1,0.875,{},11,0.6410000000614673,2026-09-13T03:59:27.222385+00:00
4231,focused,orientation,orientation_anchor,33848,250408,0.00894180964678526,0.8361165523529053,0,1.0,{},2,0.125,2026-09-13T03:59:27.344679+00:00
4232,focused,orientation,orientation_recall_D4,33856,250496,0.3216170370578766,29.73616600036621,1,0.875,{},11,0.5940000000409782,2026-09-13T03:59:27.935723+00:00
4233,focused,motion_direction,motion_L2,33864,250536,0.0014266509097069502,0.09548652917146683,0,1.0,{},5,0.29600000008940697,2026-09-13T03:59:28.232522+00:00
4234,focused,orientation,orientation_recall_minimal,33872,250576,0.017328402027487755,2.9006292819976807,1,1.0,{},5,0.28199999989010394,2026-09-13T03:59:28.515471+00:00
4235,focused,motion_direction,motion_L8,33880,250664,1.1721619367599487,48.89829635620117,1,0.5,{},11,0.6559999999590218,2026-09-13T03:59:29.166139+00:00
4236,focused,orientation,orientation_recall_D4,33888,250752,0.42341935634613037,48.19074249267578,1,0.875,{},11,0.6410000000614673,2026-09-13T03:59:29.807558+00:00
4237,focused,motion_direction,motion_L2,33896,250792,0.0033686712849885225,2.1611292362213135,1,1.0,{},5,0.29600000008940697,2026-09-13T03:59:30.102928+00:00
4238,focused,orientation,orientation_recall_minimal,33904,250832,0.4336680471897125,50.272438049316406,1,0.875,{},5,0.28199999989010394,2026-09-13T03:59:30.387981+00:00
4239,focused,motion_direction,motion_L8,33912,250920,0.5378624200820923,84.57795715332031,1,0.75,{},11,0.6400000001303852,2026-09-13T03:59:31.032154+00:00
4240,focused,orientation,orientation_recall_D4,33920,251008,0.6400957107543945,10.972798347473145,1,0.625,{},11,0.5939999998081475,2026-09-13T03:59:31.628275+00:00
4241,focused,motion_direction,motion_anchor,33928,251024,0.00012147485540481284,0.009867502376437187,0,1.0,{},2,0.125,2026-09-13T03:59:31.750787+00:00
4242,focused,motion_direction,motion_L2,33936,251064,0.0016766615444794297,0.0509575717151165,0,1.0,{},5,0.3279999999795109,2026-09-13T03:59:32.081173+00:00
4243,focused,orientation,orientation_recall_minimal,33944,251104,0.7287546992301941,35.60041046142578,1,0.75,{},5,0.3130000000819564,2026-09-13T03:59:32.394014+00:00
4244,focused,motion_direction,motion_L8,33952,251192,0.18778301775455475,18.452749252319336,1,0.875,{},11,0.6869999999180436,2026-09-13T03:59:33.070436+00:00
4245,focused,orientation,orientation_recall_D4,33960,251280,0.4940629005432129,68.47634887695312,1,0.75,{},11,0.6100000001024455,2026-09-13T03:59:33.683643+00:00
4246,focused,motion_direction,motion_L2,33968,251320,0.2112852931022644,146.92872619628906,1,0.875,{},5,0.29600000008940697,2026-09-13T03:59:33.979375+00:00
4247,focused,orientation,orientation_recall_minimal,33976,251360,0.5628557205200195,47.743492126464844,1,0.75,{},5,0.28199999989010394,2026-09-13T03:59:34.260082+00:00
4248,focused,motion_direction,motion_L8,33984,251448,0.44160112738609314,107.77433776855469,1,0.75,{},11,0.625,2026-09-13T03:59:34.882550+00:00
4249,focused,orientation,orientation_recall_D4,33992,251536,0.6054389476776123,59.37516784667969,1,0.375,{},11,0.9369999999180436,2026-09-13T03:59:35.826412+00:00
4250,focused,motion_direction,motion_L2,34000,251576,0.8445788621902466,90.02544403076172,1,0.875,{},5,0.45300000021234155,2026-09-13T03:59:36.273485+00:00
4251,focused,orientation,orientation_anchor,34008,251592,0.00016529805725440383,0.008789880201220512,0,1.0,{},2,0.18799999984912574,2026-09-13T03:59:36.469432+00:00
4252,focused,orientation,orientation_recall_minimal,34016,251632,0.004004697315394878,0.6867725253105164,0,1.0,{},5,0.39000000013038516,2026-09-13T03:59:36.854676+00:00
4253,focused,motion_direction,motion_L8,34024,251720,0.8296292424201965,66.3487777709961,1,0.75,{},11,0.7659999998286366,2026-09-13T03:59:37.620500+00:00
4254,focused,orientation,orientation_recall_D4,34032,251808,0.5347726941108704,39.038734436035156,1,0.75,{},11,0.7190000000409782,2026-09-13T03:59:38.345292+00:00
4255,focused,motion_direction,motion_L2,34040,251848,0.006188243627548218,1.0165139436721802,1,1.0,{},5,0.39000000013038516,2026-09-13T03:59:38.732555+00:00
4256,focused,orientation,orientation_recall_minimal,34048,251888,0.018059737980365753,2.6361429691314697,1,1.0,{},5,0.31299999984912574,2026-09-13T03:59:39.042762+00:00
4257,focused,motion_direction,motion_L8,34056,251976,0.9809371829032898,112.20088195800781,1,0.75,{},11,0.7190000000409782,2026-09-13T03:59:39.760590+00:00
4258,focused,orientation,orientation_recall_D4,34064,252064,0.3946145176887512,48.89982986450195,1,0.875,{},11,0.7180000001098961,2026-09-13T03:59:40.486770+00:00
4259,focused,motion_direction,motion_L2,34072,252104,0.0013041772181168199,0.10864099115133286,0,1.0,{},5,0.34399999980814755,2026-09-13T03:59:40.822165+00:00
4260,focused,orientation,orientation_recall_minimal,34080,252144,0.028716299682855606,9.859694480895996,1,1.0,{},5,0.3440000000409782,2026-09-13T03:59:41.161121+00:00
4261,focused,motion_direction,motion_anchor,34088,252160,0.00017485051648691297,0.022403093054890633,0,1.0,{},2,0.1410000000614673,2026-09-13T03:59:41.316504+00:00
4262,focused,motion_direction,motion_L8,34096,252248,1.2182741165161133,52.784324645996094,1,0.625,{},11,0.7190000000409782,2026-09-13T03:59:42.041092+00:00
4263,focused,orientation,orientation_recall_D4,34104,252336,0.6893433928489685,42.9161376953125,1,0.75,{},11,0.6870000001508743,2026-09-13T03:59:42.727383+00:00
4264,focused,motion_direction,motion_L2,34112,252376,0.001384875038638711,0.05853518843650818,0,1.0,{},5,0.375,2026-09-13T03:59:43.102567+00:00
4265,focused,orientation,orientation_recall_minimal,34120,252416,0.32482248544692993,41.81870651245117,1,0.875,{},5,0.31299999984912574,2026-09-13T03:59:43.426565+00:00
4266,focused,motion_direction,motion_L8,34128,252504,0.27743619680404663,28.67534065246582,1,1.0,{},11,0.7339999999385327,2026-09-13T03:59:44.163737+00:00
4267,focused,orientation,orientation_recall_D4,34136,252592,0.6767399907112122,66.940673828125,1,0.625,{},11,0.6720000000204891,2026-09-13T03:59:44.847851+00:00
4268,focused,motion_direction,motion_L2,34144,252632,0.029256725683808327,63.57614517211914,1,1.0,{},5,0.3589999999385327,2026-09-13T03:59:45.198374+00:00
4269,focused,orientation,orientation_recall_minimal,34152,252672,0.191518172621727,63.701847076416016,1,0.875,{},5,0.3600000001024455,2026-09-13T03:59:45.560186+00:00
4270,focused,motion_direction,motion_L8,34160,252760,1.447797179222107,27.4040470123291,1,0.625,{},11,0.7180000001098961,2026-09-13T03:59:46.274345+00:00
4271,focused,orientation,orientation_anchor,34168,252776,0.0020304350182414055,0.1127113550901413,0,1.0,{},2,0.15699999989010394,2026-09-13T03:59:46.427346+00:00
4272,focused,orientation,orientation_recall_D4,34176,252864,0.5215806365013123,106.67833709716797,1,0.625,{},11,0.671000000089407,2026-09-13T03:59:47.104807+00:00
4273,focused,motion_direction,motion_L2,34184,252904,0.15048454701900482,90.74954223632812,1,0.875,{},5,0.35999999986961484,2026-09-13T03:59:47.472479+00:00
4274,focused,orientation,orientation_recall_minimal,34192,252944,0.09781819581985474,71.49945068359375,1,0.875,{},5,0.3279999999795109,2026-09-13T03:59:47.800351+00:00
4275,focused,motion_direction,motion_L8,34200,253032,0.6421185731887817,25.63534927368164,1,0.875,{},11,0.75,2026-09-13T03:59:48.540238+00:00
4276,focused,orientation,orientation_recall_D4,34208,253120,0.8329774141311646,66.58786010742188,1,0.625,{},11,0.7029999999795109,2026-09-13T03:59:49.247391+00:00
4277,focused,motion_direction,motion_L2,34216,253160,0.0016196556389331818,0.06613972783088684,0,1.0,{},5,0.3910000000614673,2026-09-13T03:59:49.633089+00:00
4278,focused,orientation,orientation_recall_minimal,34224,253200,0.23611576855182648,54.56494140625,1,0.875,{},5,0.3279999999795109,2026-09-13T03:59:49.968206+00:00
4279,focused,motion_direction,motion_L8,34232,253288,0.39570313692092896,58.9049072265625,1,0.875,{},11,0.75,2026-09-13T03:59:50.720196+00:00
4280,focused,orientation,orientation_recall_D4,34240,253376,0.3038061261177063,89.78121948242188,1,0.875,{},11,0.7339999999385327,2026-09-13T03:59:51.450098+00:00
4281,focused,motion_direction,motion_anchor,34248,253392,0.0007742585730738938,0.0807693600654602,0,1.0,{},2,0.15600000019185245,2026-09-13T03:59:51.613725+00:00
4282,focused,motion_direction,motion_L2,34256,253432,0.0024475581012666225,1.249923825263977,1,1.0,{},5,0.3440000000409782,2026-09-13T03:59:51.959664+00:00
4283,focused,orientation,orientation_recall_minimal,34264,253472,0.10703296214342117,63.65504455566406,1,1.0,{},5,0.31200000015087426,2026-09-13T03:59:52.276308+00:00
4284,focused,motion_direction,motion_L8,34272,253560,0.9019630551338196,27.385046005249023,1,0.75,{},11,0.7349999998696148,2026-09-13T03:59:53.015412+00:00
4285,focused,orientation,orientation_recall_D4,34280,253648,0.6838220953941345,51.1939582824707,1,0.625,{},11,0.6869999999180436,2026-09-13T03:59:53.696719+00:00
4286,focused,motion_direction,motion_L2,34288,253688,0.13708694279193878,189.22393798828125,1,0.875,{},5,0.3440000000409782,2026-09-13T03:59:54.049621+00:00
4287,focused,orientation,orientation_recall_minimal,34296,253728,0.012314180843532085,1.1384590864181519,1,1.0,{},5,0.3279999999795109,2026-09-13T03:59:54.372234+00:00
4288,focused,motion_direction,motion_L8,34304,253816,1.0169261693954468,78.21576690673828,1,0.875,{},11,0.7660000000614673,2026-09-13T03:59:55.143672+00:00
4289,focused,orientation,orientation_recall_D4,34312,253904,0.27726030349731445,11.4758939743042,1,0.875,"{""state_mean"": {""input_saturation"": 0.08069957386363637, ""input_mean"": 0.15999543124979193, ""forget_saturation"": 0.5972567471590909, ""forget_mean"": 0.8948716738007285, ""output_saturation"": 0.03147194602272727, ""output_mean"": 0.4926877536556937, ""candidate_saturation"": 0.1337890625, ""state0_rms"": 0.9149218743497675, ""state0_max"": 4.227812078866092, ""state1_rms"": 0.21703785454685037, ""state1_max"": 0.9252992489121177}, ""state_peak"": {""state0_max"": 7.483960151672363, ""state1_max"": 0.9792388677597046}, ""early_representation_gradient_norm"": 0.001358322217129171, ""late_representation_gradient_norm"": 0.170856311917305, ""core_gradient_norm"": 0.6951605677604675, ""recurrent_gradient_rms"": 0.0007265830063261092, ""recurrent_gradient_median_abs"": 1.7665521227172576e-05, ""current_gradient_fraction_below_adam_eps"": 2.288818359375e-05, ""effective_recurrent_relative_update"": 0.007087911479175091}",11,0.6869999999180436,2026-09-13T03:59:55.825682+00:00
4290,focused,motion_direction,motion_L2,34320,253944,0.0015649739652872086,0.044150181114673615,0,1.0,{},5,0.3600000001024455,2026-09-13T03:59:56.192635+00:00
4291,focused,orientation,orientation_anchor,34328,253960,0.006882902700453997,0.5503939390182495,0,1.0,{},2,0.15600000019185245,2026-09-13T03:59:56.348207+00:00
4292,focused,orientation,orientation_recall_minimal,34336,254000,0.433906227350235,212.48117065429688,1,0.75,{},5,0.32899999991059303,2026-09-13T03:59:56.679377+00:00
4293,focused,motion_direction,motion_L8,34344,254088,0.6197068691253662,42.71953201293945,1,0.75,{},11,0.7339999999385327,2026-09-13T03:59:57.426974+00:00
4294,focused,orientation,orientation_recall_D4,34352,254176,0.6475169658660889,276.54296875,1,0.625,{},11,0.75,2026-09-13T03:59:58.181614+00:00
4295,focused,motion_direction,motion_L2,34360,254216,0.04313566908240318,32.30857849121094,1,1.0,{},5,0.3589999999385327,2026-09-13T03:59:58.537796+00:00
4296,focused,orientation,orientation_recall_minimal,34368,254256,0.011865422129631042,2.7789952754974365,1,1.0,{},5,0.2809999999590218,2026-09-13T03:59:58.829625+00:00
4297,focused,motion_direction,motion_L8,34376,254344,0.9055178761482239,20.811609268188477,1,0.75,{},11,0.7030000002123415,2026-09-13T03:59:59.527998+00:00
4298,focused,orientation,orientation_recall_D4,34384,254432,0.6032835245132446,17.612751007080078,1,0.625,{},11,0.7349999998696148,2026-09-13T04:00:00.265844+00:00
4299,focused,motion_direction,motion_L2,34392,254472,0.9677243828773499,321.0130920410156,1,0.75,{},5,0.3589999999385327,2026-09-13T04:00:00.619338+00:00
4300,focused,orientation,orientation_recall_minimal,34400,254512,0.028243713080883026,6.4978718757629395,1,1.0,{},5,0.3440000000409782,2026-09-13T04:00:00.968227+00:00
4301,focused,motion_direction,motion_anchor,34408,254528,0.00043214665492996573,0.0599028579890728,0,1.0,{},2,0.1720000000204891,2026-09-13T04:00:01.130000+00:00
4302,focused,motion_direction,motion_L8,34416,254616,0.8340682983398438,94.7376480102539,1,0.625,{},11,0.7809999999590218,2026-09-13T04:00:01.919431+00:00
4303,focused,orientation,orientation_recall_D4,34424,254704,0.23545897006988525,46.23698806762695,1,0.875,{},11,0.7340000001713634,2026-09-13T04:00:02.651364+00:00
4304,focused,motion_direction,motion_L2,34432,254744,0.7935090065002441,25.47371482849121,1,0.875,{},5,0.34399999980814755,2026-09-13T04:00:02.999565+00:00
4305,focused,orientation,orientation_recall_minimal,34440,254784,0.037712421268224716,40.60140609741211,1,1.0,{},5,0.3440000000409782,2026-09-13T04:00:03.334794+00:00
4306,focused,motion_direction,motion_L8,34448,254872,0.6407375335693359,29.461654663085938,1,0.75,{},11,0.7650000001303852,2026-09-13T04:00:04.106005+00:00
4307,focused,orientation,orientation_recall_D4,34456,254960,0.17752018570899963,14.540746688842773,1,0.875,{},11,0.6720000000204891,2026-09-13T04:00:04.785329+00:00
4308,focused,motion_direction,motion_L2,34464,255000,0.010675209574401379,3.4342050552368164,1,1.0,{},5,0.39099999982863665,2026-09-13T04:00:05.170574+00:00
4309,focused,orientation,orientation_recall_minimal,34472,255040,0.5332499146461487,82.91138458251953,1,0.875,{},5,0.3279999999795109,2026-09-13T04:00:05.499538+00:00
4310,focused,motion_direction,motion_L8,34480,255128,0.8137818574905396,33.037654876708984,1,0.5,{},11,0.8130000000819564,2026-09-13T04:00:06.308285+00:00
4311,focused,orientation,orientation_anchor,34488,255144,0.002027371898293495,0.09787497669458389,0,1.0,{},2,0.1559999999590218,2026-09-13T04:00:06.466451+00:00
4312,focused,orientation,orientation_recall_D4,34496,255232,0.22014625370502472,74.26280212402344,1,0.875,{},11,0.7190000000409782,2026-09-13T04:00:07.190960+00:00
4313,focused,motion_direction,motion_L2,34504,255272,0.01236336212605238,6.9570512771606445,1,1.0,{},5,0.32800000021234155,2026-09-13T04:00:07.527667+00:00
4314,focused,orientation,orientation_recall_minimal,34512,255312,0.012459050863981247,1.458781361579895,1,1.0,{},5,0.3279999999795109,2026-09-13T04:00:07.862838+00:00
4315,focused,motion_direction,motion_L8,34520,255400,1.3039413690567017,82.21685791015625,1,0.5,{},11,0.7189999998081475,2026-09-13T04:00:08.580055+00:00
4316,focused,orientation,orientation_recall_D4,34528,255488,0.3283251225948334,21.54178237915039,1,0.75,{},11,0.6880000000819564,2026-09-13T04:00:09.268568+00:00
4317,focused,motion_direction,motion_L2,34536,255528,0.21538186073303223,142.51016235351562,1,0.875,{},5,0.3279999999795109,2026-09-13T04:00:09.598395+00:00
4318,focused,orientation,orientation_recall_minimal,34544,255568,0.318739116191864,55.358402252197266,1,0.875,{},5,0.31299999984912574,2026-09-13T04:00:09.916260+00:00
4319,focused,motion_direction,motion_L8,34552,255656,0.41804033517837524,15.643810272216797,1,0.875,{},11,0.7660000000614673,2026-09-13T04:00:10.682827+00:00
4320,focused,orientation,orientation_recall_D4,34560,255744,0.3567344844341278,32.95295333862305,1,0.875,{},11,0.6399999998975545,2026-09-13T04:00:11.322828+00:00
4321,focused,motion_direction,motion_anchor,34568,255760,0.0009353709756396711,0.1167067214846611,0,1.0,{},2,0.15600000019185245,2026-09-13T04:00:11.482670+00:00
4322,focused,motion_direction,motion_L2,34576,255800,0.24279364943504333,200.27951049804688,1,0.875,{},5,0.375,2026-09-13T04:00:11.854321+00:00
4323,focused,orientation,orientation_recall_minimal,34584,255840,0.43944886326789856,11.307211875915527,1,0.875,{},5,0.32899999991059303,2026-09-13T04:00:12.178839+00:00
4324,focused,motion_direction,motion_L8,34592,255928,0.2865200936794281,43.26215362548828,1,0.875,{},11,0.75,2026-09-13T04:00:12.940803+00:00
4325,focused,orientation,orientation_recall_D4,34600,256016,0.18522632122039795,37.33710861206055,1,0.875,{},11,0.7180000001098961,2026-09-13T04:00:13.649720+00:00
4326,focused,motion_direction,motion_L2,34608,256056,0.033949002623558044,32.95878219604492,1,1.0,{},5,0.42199999978765845,2026-09-13T04:00:14.081544+00:00
4327,focused,orientation,orientation_recall_minimal,34616,256096,0.00325840269215405,0.8988949656486511,0,1.0,{},5,0.3130000000819564,2026-09-13T04:00:14.395361+00:00
4328,focused,motion_direction,motion_L8,34624,256184,1.3116904497146606,95.2726058959961,1,0.625,{},11,0.7189999998081475,2026-09-13T04:00:15.123852+00:00
4329,focused,orientation,orientation_recall_D4,34632,256272,0.4726025462150574,112.18394470214844,1,0.875,{},11,0.7190000000409782,2026-09-13T04:00:15.841362+00:00
4330,focused,motion_direction,motion_L2,34640,256312,0.009492783807218075,8.951492309570312,1,1.0,{},5,0.3440000000409782,2026-09-13T04:00:16.192195+00:00
4331,focused,orientation,orientation_anchor,34648,256328,0.0019929183181375265,0.10232413560152054,0,1.0,{},2,0.1410000000614673,2026-09-13T04:00:16.338214+00:00
4332,focused,orientation,orientation_recall_minimal,34656,256368,0.13659171760082245,43.23539733886719,1,0.875,{},5,0.3279999999795109,2026-09-13T04:00:16.670130+00:00
4333,focused,motion_direction,motion_L8,34664,256456,0.4705061912536621,25.831222534179688,1,0.875,{},11,0.7190000000409782,2026-09-13T04:00:17.395046+00:00
4334,focused,orientation,orientation_recall_D4,34672,256544,0.19804541766643524,28.317371368408203,1,1.0,{},11,0.6719999997876585,2026-09-13T04:00:18.076415+00:00
4335,focused,motion_direction,motion_L2,34680,256584,0.002608861308544874,0.2481188327074051,0,1.0,{},5,0.3600000001024455,2026-09-13T04:00:18.437940+00:00
4336,focused,orientation,orientation_recall_minimal,34688,256624,0.1876547634601593,74.36784362792969,1,0.875,{},5,0.3119999999180436,2026-09-13T04:00:18.750339+00:00
4337,focused,motion_direction,motion_L8,34696,256712,0.8678208589553833,32.20106506347656,1,0.625,{},11,0.7970000000204891,2026-09-13T04:00:19.545437+00:00
4338,focused,orientation,orientation_recall_D4,34704,256800,1.100172996520996,287.3340148925781,1,0.5,{},11,0.6870000001508743,2026-09-13T04:00:20.227078+00:00
4339,focused,motion_direction,motion_L2,34712,256840,0.0020730532705783844,0.17694716155529022,0,1.0,{},5,0.32899999991059303,2026-09-13T04:00:20.554155+00:00
4340,focused,orientation,orientation_recall_minimal,34720,256880,0.011012966744601727,4.110269069671631,1,1.0,{},5,0.375,2026-09-13T04:00:20.936926+00:00
4341,focused,motion_direction,motion_anchor,34728,256896,0.0002933547948487103,0.04150126129388809,0,1.0,{},2,0.17100000008940697,2026-09-13T04:00:21.102560+00:00
4342,focused,motion_direction,motion_L8,34736,256984,0.5501523017883301,67.1983871459961,1,0.75,{},11,0.7349999998696148,2026-09-13T04:00:21.843878+00:00
4343,focused,orientation,orientation_recall_D4,34744,257072,0.5051143765449524,34.23078918457031,1,0.75,{},11,0.6870000001508743,2026-09-13T04:00:22.532589+00:00
4344,focused,motion_direction,motion_L2,34752,257112,0.3971450626850128,114.09568786621094,1,0.875,{},5,0.35999999986961484,2026-09-13T04:00:22.893547+00:00
4345,focused,orientation,orientation_recall_minimal,34760,257152,0.24728457629680634,50.809242248535156,1,0.875,{},5,0.2970000000204891,2026-09-13T04:00:23.192557+00:00
4346,focused,motion_direction,motion_L8,34768,257240,0.6472039818763733,47.650352478027344,1,0.875,{},11,0.8130000000819564,2026-09-13T04:00:24.017691+00:00
4347,focused,orientation,orientation_recall_D4,34776,257328,0.5658344030380249,63.37760543823242,1,0.75,{},11,0.6720000000204891,2026-09-13T04:00:24.690008+00:00
4348,focused,motion_direction,motion_L2,34784,257368,0.18416179716587067,92.5283203125,1,0.875,{},5,0.4059999999590218,2026-09-13T04:00:25.098752+00:00
4349,focused,orientation,orientation_recall_minimal,34792,257408,0.07425371557474136,46.53163146972656,1,1.0,{},5,0.31299999984912574,2026-09-13T04:00:25.417452+00:00
4350,focused,motion_direction,motion_L8,34800,257496,0.3317375183105469,20.89727020263672,1,1.0,{},11,0.7190000000409782,2026-09-13T04:00:26.144127+00:00
4351,focused,orientation,orientation_anchor,34808,257512,0.00025155310868285596,0.008852212689816952,0,1.0,{},2,0.14000000013038516,2026-09-13T04:00:26.284179+00:00
4352,focused,orientation,orientation_recall_D4,34816,257600,0.4615100026130676,92.04744720458984,1,0.625,{},11,0.7029999999795109,2026-09-13T04:00:26.980056+00:00
4353,focused,motion_direction,motion_L2,34824,257640,0.02210165001451969,21.146081924438477,1,1.0,"{""state_mean"": {""input_saturation"": 0.04169921875, ""input_mean"": 0.1642194777727127, ""forget_saturation"": 0.5794921875, ""forget_mean"": 0.9044076919555664, ""output_saturation"": 0.03232421875, ""output_mean"": 0.4877443492412567, ""candidate_saturation"": 0.1205078125, ""state0_rms"": 0.3690408319234848, ""state0_max"": 1.8618241190910338, ""state1_rms"": 0.19161398708820343, ""state1_max"": 0.8279463529586792}, ""state_peak"": {""state0_max"": 2.843144416809082, ""state1_max"": 0.9857562184333801}, ""early_representation_gradient_norm"": 0.006737445946782827, ""late_representation_gradient_norm"": 0.013722933828830719, ""core_gradient_norm"": 0.9033066034317017, ""recurrent_gradient_rms"": 0.0006460613803938031, ""recurrent_gradient_median_abs"": 4.228267698636046e-06, ""current_gradient_fraction_below_adam_eps"": 5.340576171875e-05, ""effective_recurrent_relative_update"": 0.0052820174023509026}",5,0.3279999999795109,2026-09-13T04:00:27.419838+00:00
4354,focused,orientation,orientation_recall_minimal,34832,257680,0.5053301453590393,151.17807006835938,1,0.75,{},5,0.3279999999795109,2026-09-13T04:00:27.748367+00:00
4355,focused,motion_direction,motion_L8,34840,257768,0.6596434712409973,30.822608947753906,1,0.625,{},11,0.7970000000204891,2026-09-13T04:00:28.538726+00:00
4356,focused,orientation,orientation_recall_D4,34848,257856,0.34333565831184387,39.58148193359375,1,0.875,{},11,0.6720000000204891,2026-09-13T04:00:29.210157+00:00
4357,focused,motion_direction,motion_L2,34856,257896,0.02675824798643589,16.363706588745117,1,1.0,{},5,0.2970000000204891,2026-09-13T04:00:29.515357+00:00
4358,focused,orientation,orientation_recall_minimal,34864,257936,0.33261582255363464,15.202398300170898,1,0.875,{},5,0.3279999999795109,2026-09-13T04:00:29.844170+00:00
4359,focused,motion_direction,motion_L8,34872,258024,0.6372525691986084,33.31471633911133,1,0.75,{},11,0.7809999999590218,2026-09-13T04:00:30.621798+00:00
4360,focused,orientation,orientation_recall_D4,34880,258112,0.6813082098960876,22.97852897644043,1,0.625,{},11,0.6880000000819564,2026-09-13T04:00:31.309887+00:00
4361,focused,motion_direction,motion_anchor,34888,258128,0.007466597482562065,2.3913679122924805,1,1.0,{},2,0.17100000008940697,2026-09-13T04:00:31.474170+00:00
4362,focused,motion_direction,motion_L2,34896,258168,0.008594514802098274,5.423336029052734,1,1.0,{},5,0.31299999984912574,2026-09-13T04:00:31.800251+00:00
4363,focused,orientation,orientation_recall_minimal,34904,258208,0.04608730226755142,14.89572525024414,1,1.0,{},5,0.35900000017136335,2026-09-13T04:00:32.156967+00:00
4364,focused,motion_direction,motion_L8,34912,258296,0.5948117971420288,98.51045227050781,1,0.875,{},11,0.7819999998901039,2026-09-13T04:00:32.929964+00:00
4365,focused,orientation,orientation_recall_D4,34920,258384,0.6240428686141968,76.41321563720703,1,0.5,{},11,0.7029999999795109,2026-09-13T04:00:33.641761+00:00
4366,focused,motion_direction,motion_L2,34928,258424,0.0023425149265676737,0.7203904986381531,0,1.0,{},5,0.3279999999795109,2026-09-13T04:00:33.972925+00:00
4367,focused,orientation,orientation_recall_minimal,34936,258464,0.0016123296227306128,0.07814067602157593,0,1.0,{},5,0.3589999999385327,2026-09-13T04:00:34.332334+00:00
4368,focused,motion_direction,motion_L8,34944,258552,0.8172675967216492,57.7628288269043,1,0.75,{},11,0.7030000002123415,2026-09-13T04:00:35.035773+00:00
4369,focused,orientation,orientation_recall_D4,34952,258640,0.22014686465263367,28.430505752563477,1,1.0,{},11,0.7190000000409782,2026-09-13T04:00:35.770367+00:00
4370,focused,motion_direction,motion_L2,34960,258680,0.0018640677444636822,0.05997193232178688,0,1.0,{},5,0.3279999999795109,2026-09-13T04:00:36.106504+00:00
4371,focused,orientation,orientation_anchor,34968,258696,0.0009319700766354799,0.0555972121655941,0,1.0,{},2,0.14099999982863665,2026-09-13T04:00:36.249611+00:00
4372,focused,orientation,orientation_recall_minimal,34976,258736,0.017301464453339577,3.827270746231079,1,1.0,{},5,0.3130000000819564,2026-09-13T04:00:36.563885+00:00
4373,focused,motion_direction,motion_L8,34984,258824,0.27223002910614014,51.85359191894531,1,0.875,{},11,0.7180000001098961,2026-09-13T04:00:37.281768+00:00
4374,focused,orientation,orientation_recall_D4,34992,258912,0.638618528842926,49.81623458862305,1,0.25,{},11,0.7349999998696148,2026-09-13T04:00:38.013300+00:00
4375,focused,motion_direction,motion_L2,35000,258952,0.0015968921361491084,0.06656478345394135,0,1.0,{},5,0.3589999999385327,2026-09-13T04:00:38.370586+00:00
4376,focused,orientation,orientation_recall_minimal,35008,258992,0.11116227507591248,47.15031051635742,1,0.875,{},5,0.35900000017136335,2026-09-13T04:00:38.724259+00:00
4377,focused,motion_direction,motion_L8,35016,259080,0.7049417495727539,19.190645217895508,1,0.75,{},11,0.75,2026-09-13T04:00:39.483499+00:00
4378,focused,orientation,orientation_recall_D4,35024,259168,0.3941228985786438,5.923932075500488,1,0.75,{},11,0.6879999998491257,2026-09-13T04:00:40.162955+00:00
4379,focused,motion_direction,motion_L2,35032,259208,0.004353094380348921,1.2445063591003418,1,1.0,{},5,0.375,2026-09-13T04:00:40.546012+00:00
4380,focused,orientation,orientation_recall_minimal,35040,259248,0.0032925009727478027,0.11441593617200851,0,1.0,{},5,0.35900000017136335,2026-09-13T04:00:40.904547+00:00
4381,focused,motion_direction,motion_anchor,35048,259264,0.0006211600848473608,0.15467508137226105,0,1.0,{},2,0.15699999989010394,2026-09-13T04:00:41.063508+00:00
4382,focused,motion_direction,motion_L8,35056,259352,0.18333642184734344,17.48155403137207,1,1.0,{},11,0.7029999999795109,2026-09-13T04:00:41.770961+00:00
4383,focused,orientation,orientation_recall_D4,35064,259440,0.5158175230026245,20.27925682067871,1,0.875,{},11,0.6569999998901039,2026-09-13T04:00:42.444084+00:00
4384,focused,motion_direction,motion_L2,35072,259480,0.0019731316715478897,0.18963658809661865,0,1.0,{},5,0.3440000000409782,2026-09-13T04:00:42.789952+00:00
4385,focused,orientation,orientation_recall_minimal,35080,259520,0.49662846326828003,12.209860801696777,1,0.875,{},5,0.31200000015087426,2026-09-13T04:00:43.112883+00:00
4386,focused,motion_direction,motion_L8,35088,259608,0.9529194831848145,135.7763214111328,1,0.625,{},11,0.75,2026-09-13T04:00:43.850959+00:00
4387,focused,orientation,orientation_recall_D4,35096,259696,0.554186224937439,78.95496368408203,1,0.75,{},11,0.6879999998491257,2026-09-13T04:00:44.551685+00:00
4388,focused,motion_direction,motion_L2,35104,259736,0.005607360042631626,4.463037967681885,1,1.0,{},5,0.34300000010989606,2026-09-13T04:00:44.905339+00:00
4389,focused,orientation,orientation_recall_minimal,35112,259776,0.004542195238173008,0.5619635581970215,0,1.0,{},5,0.35999999986961484,2026-09-13T04:00:45.268464+00:00
4390,focused,motion_direction,motion_L8,35120,259864,0.44060900807380676,51.087867736816406,1,0.875,{},11,0.8119999999180436,2026-09-13T04:00:46.083492+00:00
4391,focused,orientation,orientation_anchor,35128,259880,0.0006828959449194372,0.035680610686540604,0,1.0,{},2,0.1559999999590218,2026-09-13T04:00:46.244035+00:00
4392,focused,orientation,orientation_recall_D4,35136,259968,0.5362423062324524,17.470855712890625,1,0.75,{},11,0.7029999999795109,2026-09-13T04:00:46.947973+00:00
4393,focused,motion_direction,motion_L2,35144,260008,0.0035940054804086685,2.134337902069092,1,1.0,{},5,0.375,2026-09-13T04:00:47.329249+00:00
4394,focused,orientation,orientation_recall_minimal,35152,260048,0.1057186871767044,33.53325653076172,1,1.0,{},5,0.32800000021234155,2026-09-13T04:00:47.660322+00:00
4395,focused,motion_direction,motion_L8,35160,260136,0.4764043688774109,90.9682846069336,1,0.875,{},11,0.7349999998696148,2026-09-13T04:00:48.385853+00:00
4396,focused,orientation,orientation_recall_D4,35168,260224,0.6659519672393799,24.16510009765625,1,0.625,{},11,0.7029999999795109,2026-09-13T04:00:49.090260+00:00
4397,focused,motion_direction,motion_L2,35176,260264,0.0014961163979023695,0.1407368928194046,0,1.0,{},5,0.3279999999795109,2026-09-13T04:00:49.426509+00:00
4398,focused,orientation,orientation_recall_minimal,35184,260304,0.7311800718307495,64.59245300292969,1,0.625,{},5,0.2809999999590218,2026-09-13T04:00:49.720111+00:00
4399,focused,motion_direction,motion_L8,35192,260392,0.6925314664840698,70.0506362915039,1,0.625,{},11,0.7970000000204891,2026-09-13T04:00:50.512524+00:00
4400,focused,orientation,orientation_recall_D4,35200,260480,0.13970346748828888,4.5525736808776855,1,1.0,{},11,0.7029999999795109,2026-09-13T04:00:51.211226+00:00
4401,focused,motion_direction,motion_anchor,35208,260496,0.0001731088268570602,0.018343212082982063,0,1.0,{},2,0.14000000013038516,2026-09-13T04:00:51.362158+00:00
4402,focused,motion_direction,motion_L2,35216,260536,0.4545101225376129,146.27810668945312,1,0.875,{},5,0.39099999982863665,2026-09-13T04:00:51.746979+00:00
4403,focused,orientation,orientation_recall_minimal,35224,260576,0.0177071001380682,9.893563270568848,1,1.0,{},5,0.3279999999795109,2026-09-13T04:00:52.075770+00:00
4404,focused,motion_direction,motion_L8,35232,260664,0.2782484292984009,56.322914123535156,1,0.875,{},11,0.7030000002123415,2026-09-13T04:00:52.777043+00:00
4405,focused,orientation,orientation_recall_D4,35240,260752,0.24421148002147675,103.64096069335938,1,0.875,{},11,0.7029999999795109,2026-09-13T04:00:53.481681+00:00
4406,focused,motion_direction,motion_L2,35248,260792,0.004616871941834688,0.6745001673698425,0,1.0,{},5,0.34399999980814755,2026-09-13T04:00:53.830795+00:00
4407,focused,orientation,orientation_recall_minimal,35256,260832,0.009584118612110615,0.5168006420135498,0,1.0,{},5,0.32800000021234155,2026-09-13T04:00:54.156671+00:00
4408,focused,motion_direction,motion_L8,35264,260920,1.1911325454711914,56.707313537597656,1,0.5,{},11,0.7029999999795109,2026-09-13T04:00:54.862685+00:00
4409,focused,orientation,orientation_recall_D4,35272,261008,0.3140217959880829,28.721630096435547,1,0.875,{},11,0.6879999998491257,2026-09-13T04:00:55.549855+00:00
4410,focused,motion_direction,motion_L2,35280,261048,0.11122547090053558,53.84637451171875,1,0.875,{},5,0.3440000000409782,2026-09-13T04:00:55.890900+00:00
4411,focused,orientation,orientation_anchor,35288,261064,0.0022619785740971565,0.11264408379793167,0,1.0,{},2,0.1559999999590218,2026-09-13T04:00:56.046433+00:00
4412,focused,orientation,orientation_recall_minimal,35296,261104,0.312347948551178,111.4875259399414,1,0.875,{},5,0.31200000015087426,2026-09-13T04:00:56.359993+00:00
4413,focused,motion_direction,motion_L8,35304,261192,0.6722968220710754,39.42976379394531,1,0.625,{},11,0.7349999998696148,2026-09-13T04:00:57.097643+00:00
4414,focused,orientation,orientation_recall_D4,35312,261280,0.041668664664030075,10.024930000305176,1,1.0,{},11,0.6870000001508743,2026-09-13T04:00:57.781952+00:00
4415,focused,motion_direction,motion_L2,35320,261320,0.00232012034393847,0.275373250246048,0,1.0,{},5,0.40699999989010394,2026-09-13T04:00:58.181450+00:00
4416,focused,orientation,orientation_recall_minimal,35328,261360,0.03495897725224495,31.420236587524414,1,1.0,{},5,0.3119999999180436,2026-09-13T04:00:58.499812+00:00
4417,focused,motion_direction,motion_L8,35336,261448,0.4040503203868866,44.99445343017578,1,0.875,"{""state_mean"": {""input_saturation"": 0.04505504261363636, ""input_mean"": 0.16399790211157364, ""forget_saturation"": 0.5684925426136364, ""forget_mean"": 0.9088356223973361, ""output_saturation"": 0.034135298295454544, ""output_mean"": 0.48663288896734064, ""candidate_saturation"": 0.11194957386363637, ""state0_rms"": 0.4676689966158433, ""state0_max"": 2.6436136960983276, ""state1_rms"": 0.2249195704405958, ""state1_max"": 0.9091350382024591}, ""state_peak"": {""state0_max"": 3.7637181282043457, ""state1_max"": 0.9872392416000366}, ""early_representation_gradient_norm"": 0.026207180693745613, ""late_representation_gradient_norm"": 0.05760575085878372, ""core_gradient_norm"": 5.800067901611328, ""recurrent_gradient_rms"": 0.00541616091504693, ""recurrent_gradient_median_abs"": 8.515371155226603e-05, ""current_gradient_fraction_below_adam_eps"": 3.814697265625e-06, ""effective_recurrent_relative_update"": 0.0070344265550374985}",11,0.7660000000614673,2026-09-13T04:00:59.258542+00:00
4418,focused,orientation,orientation_recall_D4,35344,261536,0.07327596843242645,15.835746765136719,1,1.0,{},11,0.7029999999795109,2026-09-13T04:00:59.963317+00:00
4419,focused,motion_direction,motion_L2,35352,261576,0.006347279530018568,11.158729553222656,1,1.0,{},5,0.3440000000409782,2026-09-13T04:01:00.303054+00:00
4420,focused,orientation,orientation_recall_minimal,35360,261616,0.009709741920232773,1.7061032056808472,1,1.0,{},5,0.3589999999385327,2026-09-13T04:01:00.674408+00:00
4421,focused,motion_direction,motion_anchor,35368,261632,0.0005022484110668302,0.038016270846128464,0,1.0,{},2,0.1720000000204891,2026-09-13T04:01:00.838267+00:00
4422,focused,motion_direction,motion_L8,35376,261720,0.6403083801269531,21.85747718811035,1,0.875,{},11,0.7970000000204891,2026-09-13T04:01:01.644138+00:00
4423,focused,orientation,orientation_recall_D4,35384,261808,0.931038498878479,132.3241729736328,1,0.75,{},11,0.6879999998491257,2026-09-13T04:01:02.337942+00:00
4424,focused,motion_direction,motion_L2,35392,261848,0.004186916630715132,1.1076468229293823,1,1.0,{},5,0.375,2026-09-13T04:01:02.711429+00:00
4425,focused,orientation,orientation_recall_minimal,35400,261888,0.0031838417053222656,0.14695540070533752,0,1.0,{},5,0.3440000000409782,2026-09-13T04:01:03.067606+00:00
4426,focused,motion_direction,motion_L8,35408,261976,0.4164082109928131,105.17112731933594,1,0.875,{},11,0.7660000000614673,2026-09-13T04:01:03.837160+00:00
4427,focused,orientation,orientation_recall_D4,35416,262064,1.142667293548584,146.97244262695312,1,0.625,{},11,0.6559999999590218,2026-09-13T04:01:04.500930+00:00
4428,focused,motion_direction,motion_L2,35424,262104,0.02461252734065056,18.99545669555664,1,1.0,{},5,0.35900000017136335,2026-09-13T04:01:04.858439+00:00
4429,focused,orientation,orientation_recall_minimal,35432,262144,0.47048693895339966,60.7379264831543,1,0.875,{},5,0.2970000000204891,2026-09-13T04:01:05.160062+00:00
4430,focused,motion_direction,motion_L8,35440,262232,0.2102721929550171,41.5053825378418,1,0.875,{},11,0.875,2026-09-13T04:01:06.026151+00:00
4431,focused,orientation,orientation_anchor,35448,262248,0.0015033280942589045,0.051810022443532944,0,1.0,{},2,0.15699999989010394,2026-09-13T04:01:06.187355+00:00
4432,focused,orientation,orientation_recall_D4,35456,262336,0.9741123914718628,76.69708251953125,1,0.5,{},11,0.7339999999385327,2026-09-13T04:01:06.921586+00:00
4433,focused,motion_direction,motion_L2,35464,262376,0.003408947493880987,0.22012293338775635,0,1.0,{},5,0.3279999999795109,2026-09-13T04:01:07.249766+00:00
4434,focused,orientation,orientation_recall_minimal,35472,262416,0.0037708093877881765,0.6263173222541809,0,1.0,{},5,0.3440000000409782,2026-09-13T04:01:07.584485+00:00
4435,focused,motion_direction,motion_L8,35480,262504,0.2076013833284378,90.5508804321289,1,1.0,{},11,0.7339999999385327,2026-09-13T04:01:08.327360+00:00
4436,focused,orientation,orientation_recall_D4,35488,262592,0.31676018238067627,44.57986068725586,1,0.875,{},11,0.7350000001024455,2026-09-13T04:01:09.054889+00:00
4437,focused,motion_direction,motion_L2,35496,262632,0.17744803428649902,214.60557556152344,1,0.875,{},5,0.3119999999180436,2026-09-13T04:01:09.376278+00:00
4438,focused,orientation,orientation_recall_minimal,35504,262672,0.02503276988863945,27.236726760864258,1,1.0,{},5,0.3130000000819564,2026-09-13T04:01:09.684743+00:00
4439,focused,motion_direction,motion_L8,35512,262760,1.204124093055725,64.17932891845703,1,0.625,{},11,0.7339999999385327,2026-09-13T04:01:10.418348+00:00
4440,focused,orientation,orientation_recall_D4,35520,262848,0.4129753112792969,81.12899780273438,1,0.875,{},11,0.6410000000614673,2026-09-13T04:01:11.068114+00:00
4441,focused,motion_direction,motion_anchor,35528,262864,0.00017933870549313724,0.021890146657824516,0,1.0,{},2,0.15600000019185245,2026-09-13T04:01:11.233209+00:00
4442,focused,motion_direction,motion_L2,35536,262904,0.03382502496242523,124.68798065185547,1,1.0,{},5,0.35999999986961484,2026-09-13T04:01:11.588990+00:00
4443,focused,orientation,orientation_recall_minimal,35544,262944,0.008504308760166168,1.4535640478134155,1,1.0,{},5,0.3440000000409782,2026-09-13T04:01:11.935207+00:00
4444,focused,motion_direction,motion_L8,35552,263032,0.7738903760910034,142.1121063232422,1,0.625,{},11,0.7339999999385327,2026-09-13T04:01:12.678063+00:00
4445,focused,orientation,orientation_recall_D4,35560,263120,0.2382635772228241,163.26519775390625,1,0.875,{},11,0.671000000089407,2026-09-13T04:01:13.364221+00:00
4446,focused,motion_direction,motion_L2,35568,263160,0.0020143534056842327,0.09437748789787292,0,1.0,{},5,0.3130000000819564,2026-09-13T04:01:13.684983+00:00
4447,focused,orientation,orientation_recall_minimal,35576,263200,0.005598156712949276,5.023494243621826,1,1.0,{},5,0.3589999999385327,2026-09-13T04:01:14.038513+00:00
4448,focused,motion_direction,motion_L8,35584,263288,0.6695812940597534,67.32159423828125,1,0.75,{},11,0.7190000000409782,2026-09-13T04:01:14.764074+00:00
4449,focused,orientation,orientation_recall_D4,35592,263376,0.25131919980049133,127.59797668457031,1,0.875,{},11,0.6720000000204891,2026-09-13T04:01:15.438824+00:00
4450,focused,motion_direction,motion_L2,35600,263416,0.010983235202729702,5.649075031280518,1,1.0,{},5,0.29600000008940697,2026-09-13T04:01:15.735247+00:00
4451,focused,orientation,orientation_anchor,35608,263432,0.0012763014528900385,0.05420512706041336,0,1.0,{},2,0.1720000000204891,2026-09-13T04:01:15.902895+00:00
4452,focused,orientation,orientation_recall_minimal,35616,263472,0.02190401405096054,7.852727890014648,1,1.0,{},5,0.34399999980814755,2026-09-13T04:01:16.247029+00:00
4453,focused,motion_direction,motion_L8,35624,263560,1.0070953369140625,81.21175384521484,1,0.5,{},11,0.7340000001713634,2026-09-13T04:01:16.978512+00:00
4454,focused,orientation,orientation_recall_D4,35632,263648,0.344990998506546,164.975830078125,1,0.75,{},11,0.7189999998081475,2026-09-13T04:01:17.700305+00:00
4455,focused,motion_direction,motion_L2,35640,263688,0.002344938460737467,0.4093688428401947,0,1.0,{},5,0.3600000001024455,2026-09-13T04:01:18.061207+00:00
4456,focused,orientation,orientation_recall_minimal,35648,263728,0.0022919063922017813,0.2065705955028534,0,1.0,{},5,0.34300000010989606,2026-09-13T04:01:18.403500+00:00
4457,focused,motion_direction,motion_L8,35656,263816,0.728378415107727,39.81565475463867,1,0.75,{},11,0.7349999998696148,2026-09-13T04:01:19.143640+00:00
4458,focused,orientation,orientation_recall_D4,35664,263904,0.4364667534828186,99.7472152709961,1,0.875,{},11,0.6720000000204891,2026-09-13T04:01:19.811742+00:00
4459,focused,motion_direction,motion_L2,35672,263944,0.021606311202049255,12.29161548614502,1,1.0,{},5,0.3119999999180436,2026-09-13T04:01:20.129256+00:00
4460,focused,orientation,orientation_recall_minimal,35680,263984,0.18215669691562653,239.11317443847656,1,0.875,{},5,0.375,2026-09-13T04:01:20.505035+00:00
4461,focused,motion_direction,motion_anchor,35688,264000,0.00023427451378665864,0.013792552053928375,0,1.0,{},2,0.1559999999590218,2026-09-13T04:01:20.668312+00:00
4462,focused,motion_direction,motion_L8,35696,264088,0.3424212634563446,30.18606185913086,1,1.0,{},11,0.7809999999590218,2026-09-13T04:01:21.458447+00:00
4463,focused,orientation,orientation_recall_D4,35704,264176,0.2917063534259796,169.3939971923828,1,0.875,{},11,0.6400000001303852,2026-09-13T04:01:22.114288+00:00
4464,focused,motion_direction,motion_L2,35712,264216,0.029600277543067932,11.74566650390625,1,1.0,{},5,0.3279999999795109,2026-09-13T04:01:22.447183+00:00
4465,focused,orientation,orientation_recall_minimal,35720,264256,0.00255402410402894,0.5744332671165466,0,1.0,{},5,0.3130000000819564,2026-09-13T04:01:22.758069+00:00
4466,focused,motion_direction,motion_L8,35728,264344,0.6738816499710083,55.03420639038086,1,0.625,{},11,0.75,2026-09-13T04:01:23.511298+00:00
4467,focused,orientation,orientation_recall_D4,35736,264432,0.024355167523026466,6.5255231857299805,1,1.0,{},11,0.7029999999795109,2026-09-13T04:01:24.214396+00:00
4468,focused,motion_direction,motion_L2,35744,264472,0.002561407396569848,1.1628459692001343,1,1.0,{},5,0.3279999999795109,2026-09-13T04:01:24.544781+00:00
4469,focused,orientation,orientation_recall_minimal,35752,264512,0.0038430835120379925,0.5270262360572815,0,1.0,{},5,0.3910000000614673,2026-09-13T04:01:24.928968+00:00
4470,focused,motion_direction,motion_L8,35760,264600,0.5422455072402954,32.34273910522461,1,0.875,{},11,0.7649999998975545,2026-09-13T04:01:25.703093+00:00
4471,focused,orientation,orientation_anchor,35768,264616,0.0008572330698370934,0.06079947575926781,0,1.0,{},2,0.15600000019185245,2026-09-13T04:01:25.855358+00:00
4472,focused,orientation,orientation_recall_D4,35776,264704,0.739411473274231,148.2185821533203,1,0.625,{},11,0.6720000000204891,2026-09-13T04:01:26.535010+00:00
4473,focused,motion_direction,motion_L2,35784,264744,0.006481453776359558,4.70053768157959,1,1.0,{},5,0.35999999986961484,2026-09-13T04:01:26.883445+00:00
4474,focused,orientation,orientation_recall_minimal,35792,264784,0.0030118199065327644,0.44873809814453125,0,1.0,{},5,0.3279999999795109,2026-09-13T04:01:27.212899+00:00
4475,focused,motion_direction,motion_L8,35800,264872,0.6739534139633179,19.336267471313477,1,0.75,{},11,0.7970000000204891,2026-09-13T04:01:28.012641+00:00
4476,focused,orientation,orientation_recall_D4,35808,264960,0.6476116180419922,133.62649536132812,1,0.75,{},11,0.6400000001303852,2026-09-13T04:01:28.655988+00:00
4477,focused,motion_direction,motion_L2,35816,265000,0.0015957619762048125,0.06838838756084442,0,1.0,{},5,0.35999999986961484,2026-09-13T04:01:29.005530+00:00
4478,focused,orientation,orientation_recall_minimal,35824,265040,0.543698251247406,7.193106651306152,1,0.875,{},5,0.3279999999795109,2026-09-13T04:01:29.338290+00:00
4479,focused,motion_direction,motion_L8,35832,265128,0.18857116997241974,74.34640502929688,1,1.0,{},11,0.7190000000409782,2026-09-13T04:01:30.057990+00:00
4480,focused,orientation,orientation_recall_D4,35840,265216,0.7634530663490295,28.056903839111328,1,0.75,{},11,0.6559999999590218,2026-09-13T04:01:30.718978+00:00
4481,focused,motion_direction,motion_anchor,35848,265232,0.002555744955316186,0.3853686451911926,0,1.0,"{""state_mean"": {""input_saturation"": 0.044677734375, ""input_mean"": 0.16185380518436432, ""forget_saturation"": 0.5654296875, ""forget_mean"": 0.910627007484436, ""output_saturation"": 0.03369140625, ""output_mean"": 0.48382559418678284, ""candidate_saturation"": 0.11181640625, ""state0_rms"": 0.27774644643068314, ""state0_max"": 1.3746389746665955, ""state1_rms"": 0.17059774696826935, ""state1_max"": 0.8011917173862457}, ""state_peak"": {""state0_max"": 1.8050642013549805, ""state1_max"": 0.8981403708457947}, ""early_representation_gradient_norm"": 0.0008401656523346901, ""late_representation_gradient_norm"": 0.0018749549053609371, ""core_gradient_norm"": 0.03501005843281746, ""recurrent_gradient_rms"": 1.4964282854634803e-05, ""recurrent_gradient_median_abs"": 5.8063871932745315e-08, ""current_gradient_fraction_below_adam_eps"": 0.003040313720703125, ""effective_recurrent_relative_update"": 0.013336604461073875}",2,0.1559999999590218,2026-09-13T04:01:30.877103+00:00
4482,focused,motion_direction,motion_L2,35856,265272,0.3545357584953308,268.04852294921875,1,0.875,{},5,0.375,2026-09-13T04:01:31.243355+00:00
4483,focused,orientation,orientation_recall_minimal,35864,265312,0.020488690584897995,17.88496208190918,1,1.0,{},5,0.3130000000819564,2026-09-13T04:01:31.565119+00:00
4484,focused,motion_direction,motion_L8,35872,265400,1.2631350755691528,70.7571029663086,1,0.625,{},11,0.7649999998975545,2026-09-13T04:01:32.322609+00:00
4485,focused,orientation,orientation_recall_D4,35880,265488,0.5325906872749329,204.14859008789062,1,0.75,{},11,0.6560000001918525,2026-09-13T04:01:32.987833+00:00
4486,focused,motion_direction,motion_L2,35888,265528,0.0017900641541928053,0.2629861533641815,0,1.0,{},5,0.34399999980814755,2026-09-13T04:01:33.325257+00:00
4487,focused,orientation,orientation_recall_minimal,35896,265568,0.021389400586485863,2.695647716522217,1,1.0,{},5,0.32800000021234155,2026-09-13T04:01:33.657990+00:00
4488,focused,motion_direction,motion_L8,35904,265656,0.6306033730506897,102.03575134277344,1,0.75,{},11,0.75,2026-09-13T04:01:34.411889+00:00
4489,focused,orientation,orientation_recall_D4,35912,265744,0.1852525919675827,23.750844955444336,1,1.0,{},11,0.6720000000204891,2026-09-13T04:01:35.088852+00:00
4490,focused,motion_direction,motion_L2,35920,265784,0.00224224291741848,0.20599396526813507,0,1.0,{},5,0.3440000000409782,2026-09-13T04:01:35.432295+00:00
4491,focused,orientation,orientation_anchor,35928,265800,0.0025070037227123976,0.08564647287130356,0,1.0,{},2,0.13999999989755452,2026-09-13T04:01:35.573253+00:00
4492,focused,orientation,orientation_recall_minimal,35936,265840,0.005009579472243786,0.5788277387619019,0,1.0,{},5,0.3440000000409782,2026-09-13T04:01:35.920180+00:00
4493,focused,motion_direction,motion_L8,35944,265928,0.22898350656032562,70.30256652832031,1,0.875,{},11,0.7190000000409782,2026-09-13T04:01:36.640100+00:00
4494,focused,orientation,orientation_recall_D4,35952,266016,0.2898580729961395,55.22647476196289,1,0.875,{},11,0.7029999999795109,2026-09-13T04:01:37.347387+00:00
4495,focused,motion_direction,motion_L2,35960,266056,0.0013194098137319088,0.303860068321228,0,1.0,{},5,0.39000000013038516,2026-09-13T04:01:37.728753+00:00
4496,focused,orientation,orientation_recall_minimal,35968,266096,0.2369208037853241,62.25982666015625,1,0.875,{},5,0.32899999991059303,2026-09-13T04:01:38.053592+00:00
4497,focused,motion_direction,motion_L8,35976,266184,0.39527958631515503,52.877742767333984,1,0.875,{},11,0.75,2026-09-13T04:01:38.811852+00:00
4498,focused,orientation,orientation_recall_D4,35984,266272,0.22464574873447418,125.88691711425781,1,0.875,{},11,0.7029999999795109,2026-09-13T04:01:39.507450+00:00
4499,focused,motion_direction,motion_L2,35992,266312,0.0012278045760467649,0.09646979719400406,0,1.0,{},5,0.3119999999180436,2026-09-13T04:01:39.830734+00:00
4500,focused,orientation,orientation_recall_minimal,36000,266352,0.0037985271774232388,0.3318544328212738,0,1.0,{},5,0.32800000021234155,2026-09-13T04:01:40.161217+00:00
4501,focused,motion_direction,motion_anchor,36008,266368,0.001516901422291994,0.22826337814331055,0,1.0,{},2,0.1559999999590218,2026-09-13T04:01:40.320150+00:00
4502,focused,motion_direction,motion_L8,36016,266456,0.2875226140022278,21.0664005279541,1,0.875,{},11,0.7970000000204891,2026-09-13T04:01:41.123092+00:00
4503,focused,orientation,orientation_recall_D4,36024,266544,0.10337420552968979,76.03103637695312,1,1.0,{},11,0.6720000000204891,2026-09-13T04:01:41.801121+00:00
4504,focused,motion_direction,motion_L2,36032,266584,0.001613882021047175,0.38900455832481384,0,1.0,{},5,0.3910000000614673,2026-09-13T04:01:42.184686+00:00
4505,focused,orientation,orientation_recall_minimal,36040,266624,0.0053403619676828384,0.19378910958766937,0,1.0,{},5,0.3279999999795109,2026-09-13T04:01:42.508646+00:00
4506,focused,motion_direction,motion_L8,36048,266712,0.6714772582054138,113.98189544677734,1,0.75,{},11,0.7809999999590218,2026-09-13T04:01:43.292455+00:00
4507,focused,orientation,orientation_recall_D4,36056,266800,0.291096568107605,11.534830093383789,1,0.875,{},11,0.7029999999795109,2026-09-13T04:01:44.001106+00:00
4508,focused,motion_direction,motion_L2,36064,266840,0.0014253384433686733,0.31939733028411865,0,1.0,{},5,0.35900000017136335,2026-09-13T04:01:44.356947+00:00
4509,focused,orientation,orientation_recall_minimal,36072,266880,0.4459274411201477,6.6386847496032715,1,0.875,{},5,0.34399999980814755,2026-09-13T04:01:44.705235+00:00
4510,focused,motion_direction,motion_L8,36080,266968,0.6607559323310852,203.0362548828125,1,0.5,{},11,0.7030000002123415,2026-09-13T04:01:45.400623+00:00
4511,focused,orientation,orientation_anchor,36088,266984,0.001684491871856153,0.10824397951364517,0,1.0,{},2,0.15699999989010394,2026-09-13T04:01:45.566149+00:00
4512,focused,orientation,orientation_recall_D4,36096,267072,0.14165425300598145,76.50537872314453,1,1.0,{},11,0.7029999999795109,2026-09-13T04:01:46.267328+00:00
4513,focused,motion_direction,motion_L2,36104,267112,0.052631497383117676,262.2454833984375,1,1.0,{},5,0.3279999999795109,2026-09-13T04:01:46.590005+00:00
4514,focused,orientation,orientation_recall_minimal,36112,267152,0.027340171858668327,24.527767181396484,1,1.0,{},5,0.39000000013038516,2026-09-13T04:01:46.975642+00:00
4515,focused,motion_direction,motion_L8,36120,267240,1.5981587171554565,58.3045768737793,1,0.375,{},11,0.7349999998696148,2026-09-13T04:01:47.715345+00:00
4516,focused,orientation,orientation_recall_D4,36128,267328,0.2097022980451584,122.57403564453125,1,0.875,{},11,0.6720000000204891,2026-09-13T04:01:48.395196+00:00
4517,focused,motion_direction,motion_L2,36136,267368,0.09044811874628067,254.00047302246094,1,0.875,{},5,0.3279999999795109,2026-09-13T04:01:48.735067+00:00
4518,focused,orientation,orientation_recall_minimal,36144,267408,0.6032803058624268,15.429659843444824,1,0.875,{},5,0.34399999980814755,2026-09-13T04:01:49.078555+00:00
4519,focused,motion_direction,motion_L8,36152,267496,0.18273046612739563,8.080094337463379,1,1.0,{},11,0.7660000000614673,2026-09-13T04:01:49.840326+00:00
4520,focused,orientation,orientation_recall_D4,36160,267584,0.1690479964017868,36.77748107910156,1,1.0,{},11,0.6400000001303852,2026-09-13T04:01:50.490321+00:00
4521,focused,motion_direction,motion_anchor,36168,267600,0.00010927055700449273,0.0073326765559613705,0,1.0,{},2,0.1410000000614673,2026-09-13T04:01:50.641363+00:00
4522,focused,motion_direction,motion_L2,36176,267640,0.004556426778435707,0.9409925937652588,0,1.0,{},5,0.34300000010989606,2026-09-13T04:01:50.979013+00:00
4523,focused,orientation,orientation_recall_minimal,36184,267680,0.0035380979534238577,0.219107985496521,0,1.0,{},5,0.2970000000204891,2026-09-13T04:01:51.278566+00:00
4524,focused,motion_direction,motion_L8,36192,267768,0.5515263080596924,108.31066131591797,1,0.75,{},11,0.7349999998696148,2026-09-13T04:01:52.011437+00:00
4525,focused,orientation,orientation_recall_D4,36200,267856,0.6493969559669495,158.21719360351562,1,0.75,{},11,0.6720000000204891,2026-09-13T04:01:52.691393+00:00
4526,focused,motion_direction,motion_L2,36208,267896,0.0014686863869428635,0.07408315688371658,0,1.0,{},5,0.375,2026-09-13T04:01:53.058765+00:00
4527,focused,orientation,orientation_recall_minimal,36216,267936,0.063645139336586,16.15701675415039,1,1.0,{},5,0.34300000010989606,2026-09-13T04:01:53.406753+00:00
4528,focused,motion_direction,motion_L8,36224,268024,0.7992650866508484,30.180419921875,1,0.75,{},11,0.7349999998696148,2026-09-13T04:01:54.145817+00:00
4529,focused,orientation,orientation_recall_D4,36232,268112,0.41400712728500366,71.92420196533203,1,0.875,{},11,0.7349999998696148,2026-09-13T04:01:54.893320+00:00
4530,focused,motion_direction,motion_L2,36240,268152,0.0027243737131357193,1.1451172828674316,1,1.0,{},5,0.34300000010989606,2026-09-13T04:01:55.236598+00:00
4531,focused,orientation,orientation_anchor,36248,268168,0.001141235465183854,0.0416022390127182,0,1.0,{},2,0.15699999989010394,2026-09-13T04:01:55.383860+00:00
4532,focused,orientation,orientation_recall_minimal,36256,268208,0.6365780234336853,51.974761962890625,1,0.875,{},5,0.3279999999795109,2026-09-13T04:01:55.710287+00:00
4533,focused,motion_direction,motion_L8,36264,268296,0.11784455180168152,13.152271270751953,1,1.0,{},11,0.7809999999590218,2026-09-13T04:01:56.500872+00:00
4534,focused,orientation,orientation_recall_D4,36272,268384,0.3474307358264923,31.603052139282227,1,0.875,{},11,0.6880000000819564,2026-09-13T04:01:57.192589+00:00
4535,focused,motion_direction,motion_L2,36280,268424,0.0019371283706277609,0.6975881457328796,0,1.0,{},5,0.32800000021234155,2026-09-13T04:01:57.530955+00:00
4536,focused,orientation,orientation_recall_minimal,36288,268464,0.006640874780714512,3.6929917335510254,1,1.0,{},5,0.3279999999795109,2026-09-13T04:01:57.852375+00:00
4537,focused,motion_direction,motion_L8,36296,268552,0.3563689589500427,30.889368057250977,1,0.875,{},11,0.7189999998081475,2026-09-13T04:01:58.573553+00:00
4538,focused,orientation,orientation_recall_D4,36304,268640,0.4651532769203186,224.80555725097656,1,0.75,{},11,0.6560000001918525,2026-09-13T04:01:59.240288+00:00
4539,focused,motion_direction,motion_L2,36312,268680,0.0016786071937531233,0.7101258039474487,0,1.0,{},5,0.3279999999795109,2026-09-13T04:01:59.583282+00:00
4540,focused,orientation,orientation_recall_minimal,36320,268720,0.2441159039735794,5.760775566101074,1,0.875,{},5,0.31200000015087426,2026-09-13T04:01:59.903098+00:00
4541,focused,motion_direction,motion_anchor,36328,268736,0.0013830524403601885,0.27687081694602966,0,1.0,{},2,0.14099999982863665,2026-09-13T04:02:00.050136+00:00
4542,focused,motion_direction,motion_L8,36336,268824,0.35468897223472595,18.848756790161133,1,0.875,{},11,0.7190000000409782,2026-09-13T04:02:00.761293+00:00
4543,focused,orientation,orientation_recall_D4,36344,268912,0.551019549369812,336.88958740234375,1,0.625,{},11,0.6720000000204891,2026-09-13T04:02:01.429503+00:00
4544,focused,motion_direction,motion_L2,36352,268952,0.0015160084003582597,0.09390641748905182,0,1.0,{},5,0.34300000010989606,2026-09-13T04:02:01.773534+00:00
4545,focused,orientation,orientation_recall_minimal,36360,268992,0.3708305060863495,25.37770652770996,1,0.875,"{""state_mean"": {""input_saturation"": 0.0669921875, ""input_mean"": 0.16120244562625885, ""forget_saturation"": 0.58369140625, ""forget_mean"": 0.900533390045166, ""output_saturation"": 0.0298828125, ""output_mean"": 0.4947832763195038, ""candidate_saturation"": 0.1216796875, ""state0_rms"": 0.4295443892478943, ""state0_max"": 1.9368829607963562, ""state1_rms"": 0.1702112540602684, ""state1_max"": 0.8609476447105407}, ""state_peak"": {""state0_max"": 2.897636651992798, ""state1_max"": 0.9534310698509216}, ""early_representation_gradient_norm"": 0.010374199599027634, ""late_representation_gradient_norm"": 0.18833820521831512, ""core_gradient_norm"": 1.0913758277893066, ""recurrent_gradient_rms"": 0.0009513564291410148, ""recurrent_gradient_median_abs"": 1.6996344129438512e-05, ""current_gradient_fraction_below_adam_eps"": 3.0517578125e-05, ""effective_recurrent_relative_update"": 0.014959756284952164}",5,0.35999999986961484,2026-09-13T04:02:02.137002+00:00
4546,focused,motion_direction,motion_L8,36368,269080,0.9368643760681152,153.0189666748047,1,0.75,{},11,0.6869999999180436,2026-09-13T04:02:02.827125+00:00
4547,focused,orientation,orientation_recall_D4,36376,269168,0.32282233238220215,86.15665435791016,1,0.875,{},11,0.6560000001918525,2026-09-13T04:02:03.476126+00:00
4548,focused,motion_direction,motion_L2,36384,269208,0.0019117784686386585,0.7012190222740173,0,1.0,{},5,0.32899999991059303,2026-09-13T04:02:03.806545+00:00
4549,focused,orientation,orientation_recall_minimal,36392,269248,0.1599697768688202,15.79053020477295,1,1.0,{},5,0.3899999998975545,2026-09-13T04:02:04.205156+00:00
4550,focused,motion_direction,motion_L8,36400,269336,0.9761822819709778,77.29366302490234,1,0.75,{},11,0.6880000000819564,2026-09-13T04:02:04.896487+00:00
4551,focused,orientation,orientation_anchor,36408,269352,0.0066205356270074844,0.41524896025657654,0,1.0,{},2,0.14099999982863665,2026-09-13T04:02:05.049105+00:00
4552,focused,orientation,orientation_recall_D4,36416,269440,0.31413328647613525,30.983577728271484,1,0.875,{},11,0.75,2026-09-13T04:02:05.790342+00:00
4553,focused,motion_direction,motion_L2,36424,269480,0.014724906533956528,3.851893424987793,1,1.0,{},5,0.35900000017136335,2026-09-13T04:02:06.153495+00:00
4554,focused,orientation,orientation_recall_minimal,36432,269520,0.10986478626728058,31.477191925048828,1,1.0,{},5,0.31299999984912574,2026-09-13T04:02:06.468695+00:00
4555,focused,motion_direction,motion_L8,36440,269608,0.8336266279220581,36.399044036865234,1,0.625,{},11,0.7029999999795109,2026-09-13T04:02:07.168936+00:00
4556,focused,orientation,orientation_recall_D4,36448,269696,0.3513626456260681,38.4034538269043,1,0.875,{},11,0.6870000001508743,2026-09-13T04:02:07.854772+00:00
4557,focused,motion_direction,motion_L2,36456,269736,0.00379156949929893,2.180952548980713,1,1.0,{},5,0.375,2026-09-13T04:02:08.236440+00:00
4558,focused,orientation,orientation_recall_minimal,36464,269776,0.022334182634949684,1.4821500778198242,1,1.0,{},5,0.31299999984912574,2026-09-13T04:02:08.551915+00:00
4559,focused,motion_direction,motion_L8,36472,269864,1.0817800760269165,140.91915893554688,1,0.625,{},11,0.7339999999385327,2026-09-13T04:02:09.302086+00:00
4560,focused,orientation,orientation_recall_D4,36480,269952,0.24635548889636993,23.789302825927734,1,0.875,{},11,0.6869999999180436,2026-09-13T04:02:10.006232+00:00
4561,focused,motion_direction,motion_anchor,36488,269968,0.00024430215125903487,0.03470334783196449,0,1.0,{},2,0.1720000000204891,2026-09-13T04:02:10.187339+00:00
4562,focused,motion_direction,motion_L2,36496,270008,0.5697709918022156,336.4533996582031,1,0.875,{},5,0.375,2026-09-13T04:02:10.563424+00:00
4563,focused,orientation,orientation_recall_minimal,36504,270048,0.37423083186149597,200.97259521484375,1,0.875,{},5,0.34300000010989606,2026-09-13T04:02:10.907814+00:00
4564,focused,motion_direction,motion_L8,36512,270136,0.7123081088066101,69.13333892822266,1,0.75,{},11,0.75,2026-09-13T04:02:11.652118+00:00
4565,focused,orientation,orientation_recall_D4,36520,270224,0.07515724748373032,13.537433624267578,1,1.0,{},11,0.6569999998901039,2026-09-13T04:02:12.308168+00:00
4566,focused,motion_direction,motion_L2,36528,270264,0.35535919666290283,286.9439392089844,1,0.875,{},5,0.3279999999795109,2026-09-13T04:02:12.640343+00:00
4567,focused,orientation,orientation_recall_minimal,36536,270304,0.2718544900417328,18.13971519470215,1,0.875,{},5,0.3279999999795109,2026-09-13T04:02:12.962548+00:00
4568,focused,motion_direction,motion_L8,36544,270392,0.3317289650440216,26.935321807861328,1,0.75,{},11,0.7190000000409782,2026-09-13T04:02:13.690463+00:00
4569,focused,orientation,orientation_recall_D4,36552,270480,0.4318079948425293,84.9555435180664,1,0.75,{},11,0.7029999999795109,2026-09-13T04:02:14.387035+00:00
4570,focused,motion_direction,motion_L2,36560,270520,0.031093142926692963,45.50558090209961,1,1.0,{},5,0.3589999999385327,2026-09-13T04:02:14.747600+00:00
4571,focused,orientation,orientation_anchor,36568,270536,0.0023786392994225025,0.11978089809417725,0,1.0,{},2,0.15600000019185245,2026-09-13T04:02:14.909234+00:00
4572,focused,orientation,orientation_recall_minimal,36576,270576,0.02090485580265522,1.6033155918121338,1,1.0,{},5,0.34399999980814755,2026-09-13T04:02:15.242345+00:00
4573,focused,motion_direction,motion_L8,36584,270664,0.1599671095609665,25.095178604125977,1,1.0,{},11,0.7340000001713634,2026-09-13T04:02:15.982042+00:00
4574,focused,orientation,orientation_recall_D4,36592,270752,0.7750720977783203,87.93346405029297,1,0.625,{},11,0.6720000000204891,2026-09-13T04:02:16.649068+00:00
4575,focused,motion_direction,motion_L2,36600,270792,0.001104922266677022,0.1828315407037735,0,1.0,{},5,0.34399999980814755,2026-09-13T04:02:16.990817+00:00
4576,focused,orientation,orientation_recall_minimal,36608,270832,0.008483530953526497,1.6109195947647095,1,1.0,{},5,0.3279999999795109,2026-09-13T04:02:17.328937+00:00
4577,focused,motion_direction,motion_L8,36616,270920,0.24160777032375336,47.828399658203125,1,0.875,{},11,0.7190000000409782,2026-09-13T04:02:18.050314+00:00
4578,focused,orientation,orientation_recall_D4,36624,271008,0.35822200775146484,20.155906677246094,1,0.875,{},11,0.6869999999180436,2026-09-13T04:02:18.753039+00:00
4579,focused,motion_direction,motion_L2,36632,271048,0.0031463531777262688,1.9950100183486938,1,1.0,{},5,0.3279999999795109,2026-09-13T04:02:19.077782+00:00
4580,focused,orientation,orientation_recall_minimal,36640,271088,0.007020163349807262,0.7491178512573242,0,1.0,{},5,0.3440000000409782,2026-09-13T04:02:19.417041+00:00
4581,focused,motion_direction,motion_anchor,36648,271104,0.007158337626606226,2.398529052734375,1,1.0,{},2,0.1410000000614673,2026-09-13T04:02:19.553469+00:00
4582,focused,motion_direction,motion_L8,36656,271192,0.9006319046020508,33.56711959838867,1,0.75,{},11,0.7809999999590218,2026-09-13T04:02:20.343954+00:00
4583,focused,orientation,orientation_recall_D4,36664,271280,0.07979190349578857,21.681264877319336,1,1.0,{},11,0.6400000001303852,2026-09-13T04:02:20.976532+00:00
4584,focused,motion_direction,motion_L2,36672,271320,0.001979946158826351,0.41854652762413025,0,1.0,{},5,0.34399999980814755,2026-09-13T04:02:21.332252+00:00
4585,focused,orientation,orientation_recall_minimal,36680,271360,0.003427152056246996,0.26977404952049255,0,1.0,{},5,0.31200000015087426,2026-09-13T04:02:21.660243+00:00
4586,focused,motion_direction,motion_L8,36688,271448,0.8328165411949158,51.56829071044922,1,0.625,{},11,0.75,2026-09-13T04:02:22.414792+00:00
4587,focused,orientation,orientation_recall_D4,36696,271536,0.38831326365470886,86.89983367919922,1,0.75,{},11,0.6870000001508743,2026-09-13T04:02:23.108988+00:00
4588,focused,motion_direction,motion_L2,36704,271576,0.4438919425010681,133.0105438232422,1,0.875,{},5,0.34399999980814755,2026-09-13T04:02:23.458439+00:00
4589,focused,orientation,orientation_recall_minimal,36712,271616,0.03145582973957062,4.570308208465576,1,1.0,{},5,0.2970000000204891,2026-09-13T04:02:23.769545+00:00
4590,focused,motion_direction,motion_L8,36720,271704,0.6241424083709717,47.93735885620117,1,0.75,{},11,0.75,2026-09-13T04:02:24.516632+00:00
4591,focused,orientation,orientation_anchor,36728,271720,0.0020346245728433132,0.08397999405860901,0,1.0,{},2,0.14000000013038516,2026-09-13T04:02:24.651438+00:00
4592,focused,orientation,orientation_recall_D4,36736,271808,0.026857517659664154,6.894640922546387,1,1.0,{},11,0.6719999997876585,2026-09-13T04:02:25.325606+00:00
4593,focused,motion_direction,motion_L2,36744,271848,0.003128793090581894,1.8599662780761719,1,1.0,{},5,0.375,2026-09-13T04:02:25.693694+00:00
4594,focused,orientation,orientation_recall_minimal,36752,271888,0.3863738477230072,25.017597198486328,1,0.875,{},5,0.3130000000819564,2026-09-13T04:02:26.018631+00:00
4595,focused,motion_direction,motion_L8,36760,271976,0.3118734061717987,95.298095703125,1,0.875,{},11,0.7180000001098961,2026-09-13T04:02:26.728363+00:00
4596,focused,orientation,orientation_recall_D4,36768,272064,0.4656992554664612,28.512319564819336,1,0.75,{},11,0.6409999998286366,2026-09-13T04:02:27.374461+00:00
4597,focused,motion_direction,motion_L2,36776,272104,0.0027650014963001013,0.1290411651134491,0,1.0,{},5,0.3130000000819564,2026-09-13T04:02:27.679040+00:00
4598,focused,orientation,orientation_recall_minimal,36784,272144,0.009494836442172527,0.9206008315086365,0,1.0,{},5,0.3119999999180436,2026-09-13T04:02:27.990770+00:00
4599,focused,motion_direction,motion_L8,36792,272232,0.21113541722297668,21.341449737548828,1,1.0,{},11,0.7660000000614673,2026-09-13T04:02:28.765472+00:00
4600,focused,orientation,orientation_recall_D4,36800,272320,0.3218872547149658,152.913818359375,1,0.875,{},11,0.6559999999590218,2026-09-13T04:02:29.423487+00:00
4601,focused,motion_direction,motion_anchor,36808,272336,0.00015041267033666372,0.020358623936772346,0,1.0,{},2,0.18700000015087426,2026-09-13T04:02:29.613555+00:00
4602,focused,motion_direction,motion_L2,36816,272376,0.0025707073509693146,0.22135788202285767,0,1.0,{},5,0.35999999986961484,2026-09-13T04:02:29.970409+00:00
4603,focused,orientation,orientation_recall_minimal,36824,272416,0.45522046089172363,357.4227600097656,1,0.75,{},5,0.3589999999385327,2026-09-13T04:02:30.319122+00:00
4604,focused,motion_direction,motion_L8,36832,272504,0.07511000335216522,6.401185035705566,1,1.0,{},11,0.7350000001024455,2026-09-13T04:02:31.056561+00:00
4605,focused,orientation,orientation_recall_D4,36840,272592,0.3380260169506073,81.83396911621094,1,0.875,{},11,0.75,2026-09-13T04:02:31.815529+00:00
4606,focused,motion_direction,motion_L2,36848,272632,0.0015869337366893888,0.051487598568201065,0,1.0,{},5,0.34300000010989606,2026-09-13T04:02:32.156091+00:00
4607,focused,orientation,orientation_recall_minimal,36856,272672,0.0010941738728433847,0.058751508593559265,0,1.0,{},5,0.31299999984912574,2026-09-13T04:02:32.467404+00:00
4608,focused,motion_direction,motion_L8,36864,272760,0.7033932209014893,49.98881530761719,1,0.75,{},11,0.7970000000204891,2026-09-13T04:02:33.262358+00:00
4609,focused,orientation,orientation_recall_D4,36872,272848,1.2477836608886719,545.2559814453125,1,0.75,"{""state_mean"": {""input_saturation"": 0.08744673295454546, ""input_mean"": 0.15904540771787817, ""forget_saturation"": 0.5850497159090909, ""forget_mean"": 0.896384672685103, ""output_saturation"": 0.027965198863636364, ""output_mean"": 0.48485401001843537, ""candidate_saturation"": 0.1319247159090909, ""state0_rms"": 0.9068591662428596, ""state0_max"": 4.034118419343775, ""state1_rms"": 0.2332248572598804, ""state1_max"": 0.9266842441125349}, ""state_peak"": {""state0_max"": 7.383599281311035, ""state1_max"": 0.9985619783401489}, ""early_representation_gradient_norm"": 0.003898943541571498, ""late_representation_gradient_norm"": 0.9010880589485168, ""core_gradient_norm"": 6.827625274658203, ""recurrent_gradient_rms"": 0.007789790164679289, ""recurrent_gradient_median_abs"": 0.00019844670896418393, ""current_gradient_fraction_below_adam_eps"": 0.0, ""effective_recurrent_relative_update"": 0.0055110398679971695}",11,0.6560000001918525,2026-09-13T04:02:34.032281+00:00
4610,focused,motion_direction,motion_L2,36880,272888,0.0048729353584349155,4.3072896003723145,1,1.0,{},5,0.3279999999795109,2026-09-13T04:02:34.350491+00:00
4611,focused,orientation,orientation_anchor,36888,272904,0.030381815508008003,1.2529958486557007,1,1.0,{},2,0.14099999982863665,2026-09-13T04:02:34.503390+00:00
4612,focused,orientation,orientation_recall_minimal,36896,272944,0.3101890981197357,381.4829406738281,1,0.875,{},5,0.375,2026-09-13T04:02:34.873453+00:00
4613,focused,motion_direction,motion_L8,36904,273032,0.6320762038230896,43.84652328491211,1,0.625,{},11,0.75,2026-09-13T04:02:35.628520+00:00
4614,focused,orientation,orientation_recall_D4,36912,273120,0.4974921643733978,266.21142578125,1,0.875,{},11,0.6720000000204891,2026-09-13T04:02:36.303310+00:00
4615,focused,motion_direction,motion_L2,36920,273160,0.0031738511752337217,3.539318561553955,1,1.0,{},5,0.3279999999795109,2026-09-13T04:02:36.639591+00:00
4616,focused,orientation,orientation_recall_minimal,36928,273200,0.005392418708652258,0.6623789668083191,0,1.0,{},5,0.3279999999795109,2026-09-13T04:02:36.966156+00:00
4617,focused,motion_direction,motion_L8,36936,273288,0.09260086715221405,15.622974395751953,1,1.0,{},11,0.7809999999590218,2026-09-13T04:02:37.743006+00:00
4618,focused,orientation,orientation_recall_D4,36944,273376,0.17320209741592407,38.97110366821289,1,1.0,{},11,0.6880000000819564,2026-09-13T04:02:38.435681+00:00
4619,focused,motion_direction,motion_L2,36952,273416,0.006551781669259071,9.755904197692871,1,1.0,{},5,0.34300000010989606,2026-09-13T04:02:38.772592+00:00
4620,focused,orientation,orientation_recall_minimal,36960,273456,0.004952837713062763,2.7313458919525146,1,1.0,{},5,0.3279999999795109,2026-09-13T04:02:39.113027+00:00
4621,focused,motion_direction,motion_anchor,36968,273472,0.0025372994132339954,0.4255349040031433,0,1.0,{},2,0.15699999989010394,2026-09-13T04:02:39.270681+00:00
4622,focused,motion_direction,motion_L8,36976,273560,0.12894681096076965,66.90003967285156,1,1.0,{},11,0.7189999998081475,2026-09-13T04:02:39.999375+00:00
4623,focused,orientation,orientation_recall_D4,36984,273648,0.24259622395038605,84.1014404296875,1,0.875,{},11,0.7190000000409782,2026-09-13T04:02:40.711080+00:00
4624,focused,motion_direction,motion_L2,36992,273688,0.003701379057019949,3.354818344116211,1,1.0,{},5,0.3279999999795109,2026-09-13T04:02:41.048882+00:00
4625,focused,orientation,orientation_recall_minimal,37000,273728,0.46003618836402893,15.199555397033691,1,0.875,{},5,0.3440000000409782,2026-09-13T04:02:41.382687+00:00
4626,focused,motion_direction,motion_L8,37008,273816,0.3568681478500366,66.12860107421875,1,0.875,{},11,0.7180000001098961,2026-09-13T04:02:42.107635+00:00
4627,focused,orientation,orientation_recall_D4,37016,273904,0.31380411982536316,228.78982543945312,1,0.875,{},11,0.6879999998491257,2026-09-13T04:02:42.797268+00:00
4628,focused,motion_direction,motion_L2,37024,273944,0.0018841444980353117,0.5692183971405029,0,1.0,{},5,0.35900000017136335,2026-09-13T04:02:43.147665+00:00
4629,focused,orientation,orientation_recall_minimal,37032,273984,0.01029959972947836,2.7782163619995117,1,1.0,{},5,0.34399999980814755,2026-09-13T04:02:43.493674+00:00
4630,focused,motion_direction,motion_L8,37040,274072,1.3394381999969482,60.75113296508789,1,0.75,{},11,0.7970000000204891,2026-09-13T04:02:44.301682+00:00
4631,focused,orientation,orientation_anchor,37048,274088,0.000675950082950294,0.027872104197740555,0,1.0,{},2,0.17100000008940697,2026-09-13T04:02:44.484125+00:00
4632,focused,orientation,orientation_recall_D4,37056,274176,0.31550848484039307,16.466981887817383,1,0.875,{},11,0.703999999910593,2026-09-13T04:02:45.184456+00:00
4633,focused,motion_direction,motion_L2,37064,274216,0.029843002557754517,54.2857666015625,1,1.0,{},5,0.3589999999385327,2026-09-13T04:02:45.542735+00:00
4634,focused,orientation,orientation_recall_minimal,37072,274256,0.004487752914428711,0.16391721367835999,0,1.0,{},5,0.3279999999795109,2026-09-13T04:02:45.867547+00:00
4635,focused,motion_direction,motion_L8,37080,274344,1.256941795349121,185.68714904785156,1,0.5,{},11,0.7340000001713634,2026-09-13T04:02:46.609730+00:00
4636,focused,orientation,orientation_recall_D4,37088,274432,0.2519429624080658,37.91938400268555,1,0.875,{},11,0.703999999910593,2026-09-13T04:02:47.317910+00:00
4637,focused,motion_direction,motion_L2,37096,274472,0.046190451830625534,118.45016479492188,1,1.0,{},5,0.3600000001024455,2026-09-13T04:02:47.677950+00:00
4638,focused,orientation,orientation_recall_minimal,37104,274512,0.006638231687247753,1.9184978008270264,1,1.0,{},5,0.375,2026-09-13T04:02:48.054530+00:00
4639,focused,motion_direction,motion_L8,37112,274600,0.20951396226882935,32.97937774658203,1,1.0,{},11,0.75,2026-09-13T04:02:48.806609+00:00
4640,focused,orientation,orientation_recall_D4,37120,274688,0.5326299071311951,66.6131591796875,1,0.75,{},11,0.671000000089407,2026-09-13T04:02:49.479566+00:00
4641,focused,motion_direction,motion_anchor,37128,274704,6.278975342866033e-05,0.0037777924444526434,0,1.0,{},2,0.15699999989010394,2026-09-13T04:02:49.634737+00:00
4642,focused,motion_direction,motion_L2,37136,274744,0.013017857447266579,32.74747085571289,1,1.0,{},5,0.3589999999385327,2026-09-13T04:02:50.005078+00:00
4643,focused,orientation,orientation_recall_minimal,37144,274784,0.009838525205850601,0.6310378909111023,0,1.0,{},5,0.2970000000204891,2026-09-13T04:02:50.313981+00:00
4644,focused,motion_direction,motion_L8,37152,274872,0.7558793425559998,54.08465576171875,1,0.625,{},11,0.7339999999385327,2026-09-13T04:02:51.050477+00:00
4645,focused,orientation,orientation_recall_D4,37160,274960,0.4225156903266907,139.93798828125,1,0.75,{},11,0.7029999999795109,2026-09-13T04:02:51.758815+00:00
4646,focused,motion_direction,motion_L2,37168,275000,0.0010223741410300136,0.03898414596915245,0,1.0,{},5,0.34300000010989606,2026-09-13T04:02:52.109168+00:00
4647,focused,orientation,orientation_recall_minimal,37176,275040,0.3907562792301178,13.596663475036621,1,0.875,{},5,0.35999999986961484,2026-09-13T04:02:52.467544+00:00
4648,focused,motion_direction,motion_L8,37184,275128,0.2083865851163864,26.316436767578125,1,0.875,{},11,0.7650000001303852,2026-09-13T04:02:53.237422+00:00
4649,focused,orientation,orientation_recall_D4,37192,275216,0.4457981586456299,180.3251953125,1,0.75,{},11,0.703999999910593,2026-09-13T04:02:53.928781+00:00
4650,focused,motion_direction,motion_L2,37200,275256,0.001271690591238439,0.3866957426071167,0,1.0,{},5,0.34300000010989606,2026-09-13T04:02:54.285290+00:00
4651,focused,orientation,orientation_anchor,37208,275272,0.004800980910658836,0.18920275568962097,0,1.0,{},2,0.15699999989010394,2026-09-13T04:02:54.439192+00:00
4652,focused,orientation,orientation_recall_minimal,37216,275312,0.005129262804985046,0.1268792450428009,0,1.0,{},5,0.29600000008940697,2026-09-13T04:02:54.739420+00:00
4653,focused,motion_direction,motion_L8,37224,275400,0.24945853650569916,31.901948928833008,1,0.875,{},11,0.75,2026-09-13T04:02:55.497941+00:00
4654,focused,orientation,orientation_recall_D4,37232,275488,0.3380424380302429,42.20289611816406,1,0.75,{},11,0.6880000000819564,2026-09-13T04:02:56.184662+00:00
4655,focused,motion_direction,motion_L2,37240,275528,0.0013575966004282236,0.7206997275352478,0,1.0,{},5,0.3119999999180436,2026-09-13T04:02:56.499008+00:00
4656,focused,orientation,orientation_recall_minimal,37248,275568,0.38880565762519836,51.05431365966797,1,0.875,{},5,0.375,2026-09-13T04:02:56.867888+00:00
4657,focused,motion_direction,motion_L8,37256,275656,0.7004640102386475,52.40911102294922,1,0.625,{},11,0.7029999999795109,2026-09-13T04:02:57.574836+00:00
4658,focused,orientation,orientation_recall_D4,37264,275744,0.534183919429779,32.921363830566406,1,0.75,{},11,0.7030000002123415,2026-09-13T04:02:58.277052+00:00
4659,focused,motion_direction,motion_L2,37272,275784,0.20652145147323608,338.64556884765625,1,0.875,{},5,0.35999999986961484,2026-09-13T04:02:58.642325+00:00
4660,focused,orientation,orientation_recall_minimal,37280,275824,0.002175381174311042,0.46883103251457214,0,1.0,{},5,0.3589999999385327,2026-09-13T04:02:59.004184+00:00
4661,focused,motion_direction,motion_anchor,37288,275840,0.0006681917584501207,0.15597550570964813,0,1.0,{},2,0.1720000000204891,2026-09-13T04:02:59.162444+00:00
4662,focused,motion_direction,motion_L8,37296,275928,1.1185630559921265,152.84194946289062,1,0.5,{},11,0.7970000000204891,2026-09-13T04:02:59.962485+00:00
4663,focused,orientation,orientation_recall_D4,37304,276016,1.502327799797058,404.93914794921875,1,0.5,{},11,0.7339999999385327,2026-09-13T04:03:00.702491+00:00
4664,focused,motion_direction,motion_L2,37312,276056,0.01816852204501629,8.740318298339844,1,1.0,{},5,0.3440000000409782,2026-09-13T04:03:01.042623+00:00
4665,focused,orientation,orientation_recall_minimal,37320,276096,0.001347679877653718,0.13709954917430878,0,1.0,{},5,0.3279999999795109,2026-09-13T04:03:01.380407+00:00
4666,focused,motion_direction,motion_L8,37328,276184,0.9755074977874756,234.01852416992188,1,0.625,{},11,0.6869999999180436,2026-09-13T04:03:02.078920+00:00
4667,focused,orientation,orientation_recall_D4,37336,276272,1.334199070930481,225.2537078857422,1,0.5,{},11,0.6720000000204891,2026-09-13T04:03:02.746745+00:00
4668,focused,motion_direction,motion_L2,37344,276312,0.22385245561599731,274.7785949707031,1,0.875,{},5,0.375,2026-09-13T04:03:03.124279+00:00
4669,focused,orientation,orientation_recall_minimal,37352,276352,0.028375614434480667,18.2591609954834,1,1.0,{},5,0.3279999999795109,2026-09-13T04:03:03.443126+00:00
4670,focused,motion_direction,motion_L8,37360,276440,1.412900447845459,31.003196716308594,1,0.75,{},11,0.7350000001024455,2026-09-13T04:03:04.189814+00:00
4671,focused,orientation,orientation_anchor,37368,276456,0.0001089444849640131,0.004178836941719055,0,1.0,{},2,0.13999999989755452,2026-09-13T04:03:04.318815+00:00
4672,focused,orientation,orientation_recall_D4,37376,276544,0.42400962114334106,39.78324890136719,1,0.875,{},11,0.6720000000204891,2026-09-13T04:03:04.994581+00:00
4673,focused,motion_direction,motion_L2,37384,276584,0.008020798675715923,10.801172256469727,1,1.0,"{""state_mean"": {""input_saturation"": 0.04091796875, ""input_mean"": 0.16445551216602325, ""forget_saturation"": 0.5818359375, ""forget_mean"": 0.9024934291839599, ""output_saturation"": 0.0341796875, ""output_mean"": 0.4860626935958862, ""candidate_saturation"": 0.12314453125, ""state0_rms"": 0.37302604615688323, ""state0_max"": 1.6005100965499879, ""state1_rms"": 0.2058677464723587, ""state1_max"": 0.8310774683952331}, ""state_peak"": {""state0_max"": 2.6808173656463623, ""state1_max"": 0.9743178486824036}, ""early_representation_gradient_norm"": 0.001440152176655829, ""late_representation_gradient_norm"": 0.0035567882005125284, ""core_gradient_norm"": 0.38184523582458496, ""recurrent_gradient_rms"": 0.0002871979959309101, ""recurrent_gradient_median_abs"": 1.6791627786005847e-06, ""current_gradient_fraction_below_adam_eps"": 7.62939453125e-05, ""effective_recurrent_relative_update"": 0.008155934512615204}",5,0.35900000017136335,2026-09-13T04:03:05.356236+00:00
4674,focused,orientation,orientation_recall_minimal,37392,276624,0.005478639155626297,1.0294901132583618,1,1.0,{},5,0.35999999986961484,2026-09-13T04:03:05.719025+00:00
4675,focused,motion_direction,motion_L8,37400,276712,0.5414318442344666,56.603736877441406,1,0.875,{},11,0.7190000000409782,2026-09-13T04:03:06.439019+00:00
4676,focused,orientation,orientation_recall_D4,37408,276800,0.4156408905982971,26.469518661499023,1,0.625,{},11,0.671000000089407,2026-09-13T04:03:07.101458+00:00
4677,focused,motion_direction,motion_L2,37416,276840,0.0012197514297440648,0.03491952270269394,0,1.0,{},5,0.39099999982863665,2026-09-13T04:03:07.497273+00:00
4678,focused,orientation,orientation_recall_minimal,37424,276880,0.0023491724859923124,0.1016707643866539,0,1.0,{},5,0.3440000000409782,2026-09-13T04:03:07.845553+00:00
4679,focused,motion_direction,motion_L8,37432,276968,0.6377917528152466,82.42635345458984,1,0.75,{},11,0.7650000001303852,2026-09-13T04:03:08.604379+00:00
4680,focused,orientation,orientation_recall_D4,37440,277056,0.4167225956916809,98.16554260253906,1,0.625,{},11,0.6879999998491257,2026-09-13T04:03:09.302015+00:00
4681,focused,motion_direction,motion_anchor,37448,277072,0.0004872699500992894,0.10160297155380249,0,1.0,{},2,0.1559999999590218,2026-09-13T04:03:09.460899+00:00
4682,focused,motion_direction,motion_L2,37456,277112,0.0012156290467828512,0.0369177907705307,0,1.0,{},5,0.375,2026-09-13T04:03:09.840638+00:00
4683,focused,orientation,orientation_recall_minimal,37464,277152,0.5540300607681274,11.873811721801758,1,0.875,{},5,0.3440000000409782,2026-09-13T04:03:10.179048+00:00
4684,focused,motion_direction,motion_L8,37472,277240,0.30434513092041016,48.96830368041992,1,0.75,{},11,0.75,2026-09-13T04:03:10.939753+00:00
4685,focused,orientation,orientation_recall_D4,37480,277328,0.20782217383384705,12.356328964233398,1,0.875,{},11,0.6869999999180436,2026-09-13T04:03:11.630854+00:00
4686,focused,motion_direction,motion_L2,37488,277368,0.0020953710190951824,0.2360052466392517,0,1.0,{},5,0.34300000010989606,2026-09-13T04:03:11.983842+00:00
4687,focused,orientation,orientation_recall_minimal,37496,277408,0.08478409796953201,67.86937713623047,1,1.0,{},5,0.34399999980814755,2026-09-13T04:03:12.325434+00:00
4688,focused,motion_direction,motion_L8,37504,277496,0.9733586311340332,101.11454010009766,1,0.625,{},11,0.75,2026-09-13T04:03:13.072815+00:00
4689,focused,orientation,orientation_recall_D4,37512,277584,0.18627533316612244,44.48885726928711,1,1.0,{},11,0.6720000000204891,2026-09-13T04:03:13.755450+00:00
4690,focused,motion_direction,motion_L2,37520,277624,0.14779603481292725,111.01560974121094,1,0.875,{},5,0.3279999999795109,2026-09-13T04:03:14.096884+00:00
4691,focused,orientation,orientation_anchor,37528,277640,0.004995220340788364,0.19862383604049683,0,1.0,{},2,0.1559999999590218,2026-09-13T04:03:14.245396+00:00
4692,focused,orientation,orientation_recall_minimal,37536,277680,0.030491730198264122,21.939987182617188,1,1.0,{},5,0.3130000000819564,2026-09-13T04:03:14.562285+00:00
4693,focused,motion_direction,motion_L8,37544,277768,0.12015806883573532,14.033992767333984,1,1.0,{},11,0.75,2026-09-13T04:03:15.317897+00:00
4694,focused,orientation,orientation_recall_D4,37552,277856,0.5401148200035095,14.260884284973145,1,0.75,{},11,0.6560000001918525,2026-09-13T04:03:15.988756+00:00
4695,focused,motion_direction,motion_L2,37560,277896,0.05381470173597336,91.93819427490234,1,1.0,{},5,0.35900000017136335,2026-09-13T04:03:16.355937+00:00
4696,focused,orientation,orientation_recall_minimal,37568,277936,0.41772836446762085,35.41965866088867,1,0.875,{},5,0.34399999980814755,2026-09-13T04:03:16.697515+00:00
4697,focused,motion_direction,motion_L8,37576,278024,0.571223795413971,30.516992568969727,1,0.75,{},11,0.7350000001024455,2026-09-13T04:03:17.442789+00:00
4698,focused,orientation,orientation_recall_D4,37584,278112,0.3590816855430603,18.664777755737305,1,0.75,{},11,0.7190000000409782,2026-09-13T04:03:18.174902+00:00
4699,focused,motion_direction,motion_L2,37592,278152,0.002336684847250581,0.5118535161018372,0,1.0,{},5,0.3440000000409782,2026-09-13T04:03:18.508992+00:00
4700,focused,orientation,orientation_recall_minimal,37600,278192,0.039510905742645264,35.68416976928711,1,1.0,{},5,0.3279999999795109,2026-09-13T04:03:18.838747+00:00
4701,focused,motion_direction,motion_anchor,37608,278208,0.00011100051051471382,0.007923191413283348,0,1.0,{},2,0.1720000000204891,2026-09-13T04:03:19.004443+00:00
4702,focused,motion_direction,motion_L8,37616,278296,0.7880045771598816,106.38099670410156,1,0.625,{},11,0.75,2026-09-13T04:03:19.762770+00:00
4703,focused,orientation,orientation_recall_D4,37624,278384,0.3181615471839905,27.464693069458008,1,0.875,{},11,0.7029999999795109,2026-09-13T04:03:20.475270+00:00
4704,focused,motion_direction,motion_L2,37632,278424,1.1218498945236206,235.94825744628906,1,0.75,{},5,0.4220000000204891,2026-09-13T04:03:20.897498+00:00
4705,focused,orientation,orientation_recall_minimal,37640,278464,0.010649947449564934,5.228414058685303,1,1.0,{},5,0.31299999984912574,2026-09-13T04:03:21.220825+00:00
4706,focused,motion_direction,motion_L8,37648,278552,0.4651065170764923,111.80821990966797,1,0.75,{},11,0.7339999999385327,2026-09-13T04:03:21.957765+00:00
4707,focused,orientation,orientation_recall_D4,37656,278640,0.6180112361907959,164.0518341064453,1,0.75,{},11,0.6870000001508743,2026-09-13T04:03:22.661392+00:00
4708,focused,motion_direction,motion_L2,37664,278680,0.030593091621994972,24.357439041137695,1,1.0,{},5,0.3440000000409782,2026-09-13T04:03:23.010664+00:00
4709,focused,orientation,orientation_recall_minimal,37672,278720,0.006448456551879644,1.3755520582199097,1,1.0,{},5,0.3119999999180436,2026-09-13T04:03:23.320728+00:00
4710,focused,motion_direction,motion_L8,37680,278808,0.3879770040512085,27.509937286376953,1,0.875,{},11,0.7970000000204891,2026-09-13T04:03:24.126480+00:00
4711,focused,orientation,orientation_anchor,37688,278824,0.00661511393263936,0.3285079300403595,0,1.0,{},2,0.15600000019185245,2026-09-13T04:03:24.283212+00:00
4712,focused,orientation,orientation_recall_D4,37696,278912,0.8870094418525696,139.3382568359375,1,0.5,{},11,0.7029999999795109,2026-09-13T04:03:24.978266+00:00
4713,focused,motion_direction,motion_L2,37704,278952,0.0014123349683359265,0.12546023726463318,0,1.0,{},5,0.375,2026-09-13T04:03:25.359282+00:00
4714,focused,orientation,orientation_recall_minimal,37712,278992,0.0037242090329527855,0.5282584428787231,0,1.0,{},5,0.375,2026-09-13T04:03:25.726995+00:00
4715,focused,motion_direction,motion_L8,37720,279080,0.1544412225484848,37.353485107421875,1,1.0,{},11,0.703999999910593,2026-09-13T04:03:26.444492+00:00
4716,focused,orientation,orientation_recall_D4,37728,279168,0.24589625000953674,15.678656578063965,1,0.875,{},11,0.7190000000409782,2026-09-13T04:03:27.165241+00:00
4717,focused,motion_direction,motion_L2,37736,279208,0.0014307815581560135,0.13077105581760406,0,1.0,{},5,0.35900000017136335,2026-09-13T04:03:27.530791+00:00
4718,focused,orientation,orientation_recall_minimal,37744,279248,0.18899168074131012,45.2607536315918,1,0.875,{},5,0.34399999980814755,2026-09-13T04:03:27.870802+00:00
4719,focused,motion_direction,motion_L8,37752,279336,0.946422278881073,68.45237731933594,1,0.625,{},11,0.7190000000409782,2026-09-13T04:03:28.588975+00:00
4720,focused,orientation,orientation_recall_D4,37760,279424,0.6683750748634338,76.41792297363281,1,0.625,{},11,0.7190000000409782,2026-09-13T04:03:29.312440+00:00
4721,focused,motion_direction,motion_anchor,37768,279440,0.0006276692147366703,0.13776768743991852,0,1.0,{},2,0.1559999999590218,2026-09-13T04:03:29.468820+00:00
4722,focused,motion_direction,motion_L2,37776,279480,0.007428338285535574,8.218688011169434,1,1.0,{},5,0.3440000000409782,2026-09-13T04:03:29.818143+00:00
4723,focused,orientation,orientation_recall_minimal,37784,279520,0.0026290095411241055,0.13332019746303558,0,1.0,{},5,0.3130000000819564,2026-09-13T04:03:30.139784+00:00
4724,focused,motion_direction,motion_L8,37792,279608,1.1956247091293335,273.5064392089844,1,0.5,{},11,0.7970000000204891,2026-09-13T04:03:30.942028+00:00
4725,focused,orientation,orientation_recall_D4,37800,279696,0.22975975275039673,48.350643157958984,1,0.875,{},11,0.6880000000819564,2026-09-13T04:03:31.637976+00:00
4726,focused,motion_direction,motion_L2,37808,279736,0.0031833071261644363,1.6028225421905518,1,1.0,{},5,0.34300000010989606,2026-09-13T04:03:31.986776+00:00
4727,focused,orientation,orientation_recall_minimal,37816,279776,0.8997900485992432,23.667264938354492,1,0.75,{},5,0.35999999986961484,2026-09-13T04:03:32.338600+00:00
4728,focused,motion_direction,motion_L8,37824,279864,0.5404044389724731,21.38104248046875,1,0.625,{},11,0.7970000000204891,2026-09-13T04:03:33.143568+00:00
4729,focused,orientation,orientation_recall_D4,37832,279952,0.748389482498169,265.1415710449219,1,0.5,{},11,0.7809999999590218,2026-09-13T04:03:33.924125+00:00
4730,focused,motion_direction,motion_L2,37840,279992,0.0010436796583235264,0.03320775926113129,0,1.0,{},5,0.3440000000409782,2026-09-13T04:03:34.263792+00:00
4731,focused,orientation,orientation_anchor,37848,280008,0.0026858309283852577,0.13348965346813202,0,1.0,{},2,0.1720000000204891,2026-09-13T04:03:34.429784+00:00
4732,focused,orientation,orientation_recall_minimal,37856,280048,0.18551068007946014,85.21048736572266,1,0.875,{},5,0.3279999999795109,2026-09-13T04:03:34.762117+00:00
4733,focused,motion_direction,motion_L8,37864,280136,0.8246549963951111,72.52589416503906,1,0.625,{},11,0.7339999999385327,2026-09-13T04:03:35.503785+00:00
4734,focused,orientation,orientation_recall_D4,37872,280224,0.3999166786670685,207.7296142578125,1,0.875,{},11,0.6880000000819564,2026-09-13T04:03:36.188995+00:00
4735,focused,motion_direction,motion_L2,37880,280264,0.041761551052331924,28.9605770111084,1,1.0,{},5,0.34300000010989606,2026-09-13T04:03:36.533261+00:00
4736,focused,orientation,orientation_recall_minimal,37888,280304,0.007316031027585268,1.9825197458267212,1,1.0,{},5,0.34399999980814755,2026-09-13T04:03:36.872680+00:00
4737,focused,motion_direction,motion_L8,37896,280392,0.255338579416275,128.72039794921875,1,0.875,"{""state_mean"": {""input_saturation"": 0.038884943181818184, ""input_mean"": 0.16479722478172995, ""forget_saturation"": 0.5632546164772727, ""forget_mean"": 0.9057378497990695, ""output_saturation"": 0.03528941761363636, ""output_mean"": 0.4840956438671459, ""candidate_saturation"": 0.11363636363636363, ""state0_rms"": 0.49821012805808673, ""state0_max"": 3.3034707849675957, ""state1_rms"": 0.22651704400777817, ""state1_max"": 0.9060658704150807}, ""state_peak"": {""state0_max"": 6.354633808135986, ""state1_max"": 0.9905365705490112}, ""early_representation_gradient_norm"": 0.028635242953896523, ""late_representation_gradient_norm"": 0.05874256417155266, ""core_gradient_norm"": 7.59157657623291, ""recurrent_gradient_rms"": 0.007601340301334858, ""recurrent_gradient_median_abs"": 6.58340795780532e-05, ""current_gradient_fraction_below_adam_eps"": 3.814697265625e-06, ""effective_recurrent_relative_update"": 0.005336994770914316}",11,0.75,2026-09-13T04:03:37.624274+00:00
4738,focused,orientation,orientation_recall_D4,37904,280480,0.2770993113517761,22.368764877319336,1,0.875,{},11,0.7029999999795109,2026-09-13T04:03:38.321444+00:00
4739,focused,motion_direction,motion_L2,37912,280520,0.0014237826690077782,0.513937771320343,0,1.0,{},5,0.32800000021234155,2026-09-13T04:03:38.659387+00:00
4740,focused,orientation,orientation_recall_minimal,37920,280560,0.5646661520004272,6.476276874542236,1,0.875,{},5,0.34399999980814755,2026-09-13T04:03:38.994361+00:00
4741,focused,motion_direction,motion_anchor,37928,280576,0.00015483316383324564,0.021782470867037773,0,1.0,{},2,0.1880000000819564,2026-09-13T04:03:39.177711+00:00
4742,focused,motion_direction,motion_L8,37936,280664,0.0926491916179657,15.255075454711914,1,1.0,{},11,0.7809999999590218,2026-09-13T04:03:39.976001+00:00
4743,focused,orientation,orientation_recall_D4,37944,280752,0.3414284288883209,28.521499633789062,1,0.875,{},11,0.6879999998491257,2026-09-13T04:03:40.666218+00:00
4744,focused,motion_direction,motion_L2,37952,280792,0.0015738352667540312,0.8926500678062439,0,1.0,{},5,0.375,2026-09-13T04:03:41.040971+00:00
4745,focused,orientation,orientation_recall_minimal,37960,280832,0.020106252282857895,4.876304626464844,1,1.0,{},5,0.3279999999795109,2026-09-13T04:03:41.369174+00:00
4746,focused,motion_direction,motion_L8,37968,280920,1.2451777458190918,27.043514251708984,1,0.625,{},11,0.7810000001918525,2026-09-13T04:03:42.154124+00:00
4747,focused,orientation,orientation_recall_D4,37976,281008,0.27014273405075073,33.049922943115234,1,0.875,{},11,0.6719999997876585,2026-09-13T04:03:42.831553+00:00
4748,focused,motion_direction,motion_L2,37984,281048,0.00316408253274858,0.7501251697540283,0,1.0,{},5,0.3279999999795109,2026-09-13T04:03:43.167376+00:00
4749,focused,orientation,orientation_recall_minimal,37992,281088,0.28495365381240845,43.83484649658203,1,0.875,{},5,0.3279999999795109,2026-09-13T04:03:43.499520+00:00
4750,focused,motion_direction,motion_L8,38000,281176,0.2872002422809601,39.45089340209961,1,0.875,{},11,0.8130000000819564,2026-09-13T04:03:44.316108+00:00
4751,focused,orientation,orientation_anchor,38008,281192,0.00020321394549682736,0.00804732646793127,0,1.0,{},2,0.15600000019185245,2026-09-13T04:03:44.481256+00:00
4752,focused,orientation,orientation_recall_D4,38016,281280,0.08844339847564697,6.472684383392334,1,1.0,{},11,0.7189999998081475,2026-09-13T04:03:45.207051+00:00
4753,focused,motion_direction,motion_L2,38024,281320,0.4110555946826935,257.8041076660156,1,0.875,{},5,0.3440000000409782,2026-09-13T04:03:45.545710+00:00
4754,focused,orientation,orientation_recall_minimal,38032,281360,0.004114089533686638,0.19091546535491943,0,1.0,{},5,0.3279999999795109,2026-09-13T04:03:45.879525+00:00
4755,focused,motion_direction,motion_L8,38040,281448,0.5632599592208862,39.80268859863281,1,0.75,{},11,0.7650000001303852,2026-09-13T04:03:46.653659+00:00
4756,focused,orientation,orientation_recall_D4,38048,281536,0.4091424345970154,70.87357330322266,1,0.625,{},11,0.7349999998696148,2026-09-13T04:03:47.384873+00:00
4757,focused,motion_direction,motion_L2,38056,281576,0.0016563583631068468,0.36707693338394165,0,1.0,{},5,0.375,2026-09-13T04:03:47.758091+00:00
4758,focused,orientation,orientation_recall_minimal,38064,281616,0.005073200911283493,0.8503419160842896,0,1.0,{},5,0.3279999999795109,2026-09-13T04:03:48.091937+00:00
4759,focused,motion_direction,motion_L8,38072,281704,0.4157394766807556,17.572057723999023,1,0.875,{},11,0.7339999999385327,2026-09-13T04:03:48.825476+00:00
4760,focused,orientation,orientation_recall_D4,38080,281792,0.1537276804447174,82.80684661865234,1,0.875,{},11,0.6880000000819564,2026-09-13T04:03:49.520063+00:00
4761,focused,motion_direction,motion_anchor,38088,281808,0.0005175909027457237,0.03990175202488899,0,1.0,{},2,0.17199999978765845,2026-09-13T04:03:49.696242+00:00
4762,focused,motion_direction,motion_L2,38096,281848,0.00247563817538321,2.0736162662506104,1,1.0,{},5,0.3600000001024455,2026-09-13T04:03:50.057328+00:00
4763,focused,orientation,orientation_recall_minimal,38104,281888,0.2392493635416031,103.93907165527344,1,0.875,{},5,0.34300000010989606,2026-09-13T04:03:50.399599+00:00
4764,focused,motion_direction,motion_L8,38112,281976,1.2643752098083496,110.46430206298828,1,0.625,{},11,0.6879999998491257,2026-09-13T04:03:51.098373+00:00
4765,focused,orientation,orientation_recall_D4,38120,282064,0.5678011178970337,44.746395111083984,1,0.75,{},11,0.6569999998901039,2026-09-13T04:03:51.771061+00:00
4766,focused,motion_direction,motion_L2,38128,282104,0.0013529285788536072,0.170119509100914,0,1.0,{},5,0.29699999978765845,2026-09-13T04:03:52.079193+00:00
4767,focused,orientation,orientation_recall_minimal,38136,282144,0.009805324487388134,9.737727165222168,1,1.0,{},5,0.3440000000409782,2026-09-13T04:03:52.413521+00:00
4768,focused,motion_direction,motion_L8,38144,282232,0.22097833454608917,7.387542247772217,1,1.0,{},11,0.7809999999590218,2026-09-13T04:03:53.204559+00:00
4769,focused,orientation,orientation_recall_D4,38152,282320,0.1648484766483307,85.98776245117188,1,1.0,{},11,0.6720000000204891,2026-09-13T04:03:53.876385+00:00
4770,focused,motion_direction,motion_L2,38160,282360,0.0009381308918818831,0.05166299268603325,0,1.0,{},5,0.3279999999795109,2026-09-13T04:03:54.206610+00:00
4771,focused,orientation,orientation_anchor,38168,282376,0.0008206035709008574,0.041282836347818375,0,1.0,{},2,0.1720000000204891,2026-09-13T04:03:54.366871+00:00
4772,focused,orientation,orientation_recall_minimal,38176,282416,0.019501496106386185,11.984140396118164,1,1.0,{},5,0.35900000017136335,2026-09-13T04:03:54.739257+00:00
4773,focused,motion_direction,motion_L8,38184,282504,0.22340267896652222,17.053869247436523,1,1.0,{},11,0.8130000000819564,2026-09-13T04:03:55.555136+00:00
4774,focused,orientation,orientation_recall_D4,38192,282592,0.6810480356216431,69.89309692382812,1,0.625,{},11,0.7180000001098961,2026-09-13T04:03:56.279708+00:00
4775,focused,motion_direction,motion_L2,38200,282632,0.8453241586685181,91.50709533691406,1,0.875,{},5,0.39099999982863665,2026-09-13T04:03:56.673615+00:00
4776,focused,orientation,orientation_recall_minimal,38208,282672,0.00144829077180475,0.09389382600784302,0,1.0,{},5,0.35900000017136335,2026-09-13T04:03:57.023372+00:00
4777,focused,motion_direction,motion_L8,38216,282760,0.14837194979190826,53.258697509765625,1,1.0,{},11,0.7969999997876585,2026-09-13T04:03:57.822058+00:00
4778,focused,orientation,orientation_recall_D4,38224,282848,0.5598576664924622,37.25022888183594,1,0.875,{},11,0.6880000000819564,2026-09-13T04:03:58.508919+00:00
4779,focused,motion_direction,motion_L2,38232,282888,0.3425116240978241,207.17579650878906,1,0.875,{},5,0.34300000010989606,2026-09-13T04:03:58.855745+00:00
4780,focused,orientation,orientation_recall_minimal,38240,282928,1.0818918943405151,205.7547607421875,1,0.75,{},5,0.35999999986961484,2026-09-13T04:03:59.223639+00:00
4781,focused,motion_direction,motion_anchor,38248,282944,0.0005408291472122073,0.11914556473493576,0,1.0,{},2,0.15699999989010394,2026-09-13T04:03:59.389844+00:00
4782,focused,motion_direction,motion_L8,38256,283032,1.0781974792480469,63.463417053222656,1,0.625,{},11,0.7029999999795109,2026-09-13T04:04:00.101056+00:00
4783,focused,orientation,orientation_recall_D4,38264,283120,0.5766352415084839,342.4056701660156,1,0.75,{},11,0.7189999998081475,2026-09-13T04:04:00.825877+00:00
4784,focused,motion_direction,motion_L2,38272,283160,0.0613614059984684,40.07026290893555,1,1.0,{},5,0.375,2026-09-13T04:04:01.196420+00:00
4785,focused,orientation,orientation_recall_minimal,38280,283200,0.8104618787765503,214.83604431152344,1,0.625,{},5,0.3910000000614673,2026-09-13T04:04:01.592938+00:00
4786,focused,motion_direction,motion_L8,38288,283288,0.45242080092430115,139.95726013183594,1,0.875,{},11,0.7650000001303852,2026-09-13T04:04:02.359436+00:00
4787,focused,orientation,orientation_recall_D4,38296,283376,0.3503584563732147,255.12416076660156,1,0.75,{},11,0.703999999910593,2026-09-13T04:04:03.069418+00:00
4788,focused,motion_direction,motion_L2,38304,283416,0.0009542869520373642,0.06086471676826477,0,1.0,{},5,0.3440000000409782,2026-09-13T04:04:03.423293+00:00
4789,focused,orientation,orientation_recall_minimal,38312,283456,0.0509847067296505,51.61427688598633,1,1.0,{},5,0.4220000000204891,2026-09-13T04:04:03.842219+00:00
4790,focused,motion_direction,motion_L8,38320,283544,0.7274805307388306,69.91911315917969,1,0.75,{},11,0.8120000001508743,2026-09-13T04:04:04.648026+00:00
4791,focused,orientation,orientation_anchor,38328,283560,0.002674909308552742,0.13595803081989288,0,1.0,{},2,0.14099999982863665,2026-09-13T04:04:04.791510+00:00
4792,focused,orientation,orientation_recall_D4,38336,283648,0.3635109066963196,6.053042411804199,1,0.875,{},11,0.75,2026-09-13T04:04:05.548924+00:00
4793,focused,motion_direction,motion_L2,38344,283688,0.0009396926616318524,0.04083630070090294,0,1.0,{},5,0.4059999999590218,2026-09-13T04:04:05.950969+00:00
4794,focused,orientation,orientation_recall_minimal,38352,283728,0.005149325355887413,0.3862709105014801,0,1.0,{},5,0.2970000000204891,2026-09-13T04:04:06.252673+00:00
4795,focused,motion_direction,motion_L8,38360,283816,0.5409533977508545,92.0846176147461,1,0.875,{},11,0.7340000001713634,2026-09-13T04:04:06.983633+00:00
4796,focused,orientation,orientation_recall_D4,38368,283904,0.06489870697259903,16.150100708007812,1,1.0,{},11,0.7349999998696148,2026-09-13T04:04:07.713074+00:00
4797,focused,motion_direction,motion_L2,38376,283944,0.001005101017653942,0.031243739649653435,0,1.0,{},5,0.3279999999795109,2026-09-13T04:04:08.052245+00:00
4798,focused,orientation,orientation_recall_minimal,38384,283984,0.0061346665024757385,0.8438077569007874,0,1.0,{},5,0.3119999999180436,2026-09-13T04:04:08.379739+00:00
4799,focused,motion_direction,motion_L8,38392,284072,0.935976505279541,58.408653259277344,1,0.75,{},11,0.7650000001303852,2026-09-13T04:04:09.154059+00:00
4800,focused,orientation,orientation_recall_D4,38400,284160,0.2762739956378937,23.210926055908203,1,0.875,{},11,0.7349999998696148,2026-09-13T04:04:09.893285+00:00
4801,focused,motion_direction,motion_anchor,38408,284176,0.04759087413549423,7.716291904449463,1,1.0,"{""state_mean"": {""input_saturation"": 0.050537109375, ""input_mean"": 0.16177649050951004, ""forget_saturation"": 0.5625, ""forget_mean"": 0.907359391450882, ""output_saturation"": 0.038818359375, ""output_mean"": 0.48393964767456055, ""candidate_saturation"": 0.11669921875, ""state0_rms"": 0.2603537514805794, ""state0_max"": 1.327564150094986, ""state1_rms"": 0.1597159057855606, ""state1_max"": 0.7890456914901733}, ""state_peak"": {""state0_max"": 1.719388484954834, ""state1_max"": 0.8706858158111572}, ""early_representation_gradient_norm"": 0.01030794158577919, ""late_representation_gradient_norm"": 0.017840489745140076, ""core_gradient_norm"": 0.6449358463287354, ""recurrent_gradient_rms"": 0.0002619221922941506, ""recurrent_gradient_median_abs"": 1.3707056041312171e-06, ""current_gradient_fraction_below_adam_eps"": 0.00067138671875, ""effective_recurrent_relative_update"": 0.00630286755040288}",2,0.1559999999590218,2026-09-13T04:04:10.049686+00:00
4802,focused,motion_direction,motion_L2,38416,284216,0.0009920195443555713,0.04343321919441223,0,1.0,{},5,0.3440000000409782,2026-09-13T04:04:10.383702+00:00
4803,focused,orientation,orientation_recall_minimal,38424,284256,0.00536213256418705,0.3543519079685211,0,1.0,{},5,0.34300000010989606,2026-09-13T04:04:10.728728+00:00
4804,focused,motion_direction,motion_L8,38432,284344,0.8176363110542297,61.02069854736328,1,0.875,{},11,0.6720000000204891,2026-09-13T04:04:11.407416+00:00
4805,focused,orientation,orientation_recall_D4,38440,284432,0.9795088768005371,99.70728302001953,1,0.625,{},11,0.6879999998491257,2026-09-13T04:04:12.090117+00:00
4806,focused,motion_direction,motion_L2,38448,284472,0.10707710683345795,105.37261962890625,1,1.0,{},5,0.3440000000409782,2026-09-13T04:04:12.428374+00:00
4807,focused,orientation,orientation_recall_minimal,38456,284512,0.006374333053827286,0.7863524556159973,0,1.0,{},5,0.29600000008940697,2026-09-13T04:04:12.725523+00:00
4808,focused,motion_direction,motion_L8,38464,284600,0.8070614337921143,49.884925842285156,1,0.75,{},11,0.703999999910593,2026-09-13T04:04:13.442349+00:00
4809,focused,orientation,orientation_recall_D4,38472,284688,0.4552031457424164,19.7266788482666,1,0.75,{},11,0.6560000001918525,2026-09-13T04:04:14.112944+00:00
4810,focused,motion_direction,motion_L2,38480,284728,0.0019616628997027874,0.387520968914032,0,1.0,{},5,0.3279999999795109,2026-09-13T04:04:14.452748+00:00
4811,focused,orientation,orientation_anchor,38488,284744,0.001179634826257825,0.07415721565485,0,1.0,{},2,0.15600000019185245,2026-09-13T04:04:14.601153+00:00
4812,focused,orientation,orientation_recall_minimal,38496,284784,0.008824620395898819,0.9489844441413879,0,1.0,{},5,0.2970000000204891,2026-09-13T04:04:14.902851+00:00
4813,focused,motion_direction,motion_L8,38504,284872,1.0056966543197632,91.72744750976562,1,0.625,{},11,0.7349999998696148,2026-09-13T04:04:15.633260+00:00
4814,focused,orientation,orientation_recall_D4,38512,284960,0.6809844970703125,25.55068588256836,1,0.625,{},11,0.6720000000204891,2026-09-13T04:04:16.312638+00:00
4815,focused,motion_direction,motion_L2,38520,285000,0.016949176788330078,46.899070739746094,1,1.0,{},5,0.34300000010989606,2026-09-13T04:04:16.653869+00:00
4816,focused,orientation,orientation_recall_minimal,38528,285040,0.002684589708223939,0.28058958053588867,0,1.0,{},5,0.375,2026-09-13T04:04:17.024756+00:00
4817,focused,motion_direction,motion_L8,38536,285128,0.41753458976745605,144.3079833984375,1,0.625,{},11,0.75,2026-09-13T04:04:17.777810+00:00
4818,focused,orientation,orientation_recall_D4,38544,285216,0.39306405186653137,42.816139221191406,1,0.625,{},11,0.6719999997876585,2026-09-13T04:04:18.448151+00:00
4819,focused,motion_direction,motion_L2,38552,285256,0.09704513847827911,202.60691833496094,1,0.875,{},5,0.40600000019185245,2026-09-13T04:04:18.859508+00:00
4820,focused,orientation,orientation_recall_minimal,38560,285296,0.008173423819243908,1.630241870880127,1,1.0,{},5,0.34399999980814755,2026-09-13T04:04:19.206177+00:00
4821,focused,motion_direction,motion_anchor,38568,285312,0.0002280559710925445,0.08522092550992966,0,1.0,{},2,0.1720000000204891,2026-09-13T04:04:19.373738+00:00
4822,focused,motion_direction,motion_L8,38576,285400,0.2852252125740051,34.9802360534668,1,1.0,{},11,0.8130000000819564,2026-09-13T04:04:20.184223+00:00
4823,focused,orientation,orientation_recall_D4,38584,285488,0.3470640480518341,111.5602798461914,1,0.875,{},11,0.7180000001098961,2026-09-13T04:04:20.912137+00:00
4824,focused,motion_direction,motion_L2,38592,285528,0.0017362418584525585,0.3023102879524231,0,1.0,{},5,0.31200000015087426,2026-09-13T04:04:21.226813+00:00
4825,focused,orientation,orientation_recall_minimal,38600,285568,0.005022244993597269,0.4281696677207947,0,1.0,{},5,0.35999999986961484,2026-09-13T04:04:21.591261+00:00
4826,focused,motion_direction,motion_L8,38608,285656,0.4760187566280365,19.797849655151367,1,0.875,{},11,0.7029999999795109,2026-09-13T04:04:22.298215+00:00
4827,focused,orientation,orientation_recall_D4,38616,285744,0.4612271785736084,22.123708724975586,1,0.75,{},11,0.6870000001508743,2026-09-13T04:04:22.977287+00:00
4828,focused,motion_direction,motion_L2,38624,285784,0.3228171169757843,116.60885620117188,1,0.875,{},5,0.31299999984912574,2026-09-13T04:04:23.288977+00:00
4829,focused,orientation,orientation_recall_minimal,38632,285824,0.06666743755340576,107.08016967773438,1,1.0,{},5,0.31200000015087426,2026-09-13T04:04:23.601963+00:00
4830,focused,motion_direction,motion_L8,38640,285912,0.7278149127960205,133.05006408691406,1,0.75,{},11,0.828999999910593,2026-09-13T04:04:24.429748+00:00
4831,focused,orientation,orientation_anchor,38648,285928,0.00036626338260248303,0.009225057438015938,0,1.0,{},2,0.1559999999590218,2026-09-13T04:04:24.596196+00:00
4832,focused,orientation,orientation_recall_D4,38656,286016,0.3193366527557373,5.473321914672852,1,0.875,{},11,0.6870000001508743,2026-09-13T04:04:25.285449+00:00
4833,focused,motion_direction,motion_L2,38664,286056,0.0012598139001056552,0.11202968657016754,0,1.0,{},5,0.375,2026-09-13T04:04:25.654906+00:00
4834,focused,orientation,orientation_recall_minimal,38672,286096,0.003125781426206231,0.38493335247039795,0,1.0,{},5,0.3279999999795109,2026-09-13T04:04:25.975233+00:00
4835,focused,motion_direction,motion_L8,38680,286184,0.3121432065963745,91.15796661376953,1,0.875,{},11,0.8129999998491257,2026-09-13T04:04:26.803522+00:00
4836,focused,orientation,orientation_recall_D4,38688,286272,0.6208134293556213,36.49443054199219,1,0.625,{},11,0.6869999999180436,2026-09-13T04:04:27.494650+00:00
4837,focused,motion_direction,motion_L2,38696,286312,0.008433476090431213,15.351301193237305,1,1.0,{},5,0.35900000017136335,2026-09-13T04:04:27.849736+00:00
4838,focused,orientation,orientation_recall_minimal,38704,286352,0.0021995920687913895,0.2813569903373718,0,1.0,{},5,0.32899999991059303,2026-09-13T04:04:28.184407+00:00
4839,focused,motion_direction,motion_L8,38712,286440,0.4432913064956665,112.47959899902344,1,0.875,{},11,0.796000000089407,2026-09-13T04:04:28.978029+00:00
4840,focused,orientation,orientation_recall_D4,38720,286528,0.5004311800003052,103.60174560546875,1,0.625,{},11,0.703999999910593,2026-09-13T04:04:29.693196+00:00
4841,focused,motion_direction,motion_anchor,38728,286544,0.0018040270078927279,0.41386136412620544,0,1.0,{},2,0.15600000019185245,2026-09-13T04:04:29.849891+00:00
4842,focused,motion_direction,motion_L2,38736,286584,0.6087928414344788,180.9085235595703,1,0.875,{},5,0.31299999984912574,2026-09-13T04:04:30.176534+00:00
4843,focused,orientation,orientation_recall_minimal,38744,286624,0.007517651654779911,3.307933807373047,1,1.0,{},5,0.2809999999590218,2026-09-13T04:04:30.469451+00:00
4844,focused,motion_direction,motion_L8,38752,286712,0.4299834668636322,28.915620803833008,1,0.75,{},11,0.7970000000204891,2026-09-13T04:04:31.258916+00:00
4845,focused,orientation,orientation_recall_D4,38760,286800,0.28430473804473877,31.35616683959961,1,1.0,{},11,0.6400000001303852,2026-09-13T04:04:31.902719+00:00
4846,focused,motion_direction,motion_L2,38768,286840,0.3863718509674072,287.9796142578125,1,0.875,{},5,0.3279999999795109,2026-09-13T04:04:32.230986+00:00
4847,focused,orientation,orientation_recall_minimal,38776,286880,0.5267510414123535,9.498538970947266,1,0.875,{},5,0.34399999980814755,2026-09-13T04:04:32.581243+00:00
4848,focused,motion_direction,motion_L8,38784,286968,1.2759183645248413,47.596012115478516,1,0.625,{},11,0.8130000000819564,2026-09-13T04:04:33.384616+00:00
4849,focused,orientation,orientation_recall_D4,38792,287056,0.16804203391075134,11.724624633789062,1,1.0,{},11,0.7650000001303852,2026-09-13T04:04:34.151095+00:00
4850,focused,motion_direction,motion_L2,38800,287096,0.0013962325174361467,0.07081637531518936,0,1.0,{},5,0.375,2026-09-13T04:04:34.525825+00:00
4851,focused,orientation,orientation_anchor,38808,287112,0.0011661333264783025,0.055265456438064575,0,1.0,{},2,0.14099999982863665,2026-09-13T04:04:34.671966+00:00
4852,focused,orientation,orientation_recall_minimal,38816,287152,0.3873254060745239,275.7059631347656,1,0.75,{},5,0.3279999999795109,2026-09-13T04:04:35.001401+00:00
4853,focused,motion_direction,motion_L8,38824,287240,0.9829567074775696,106.17581939697266,1,0.5,{},11,0.7190000000409782,2026-09-13T04:04:35.713970+00:00
4854,focused,orientation,orientation_recall_D4,38832,287328,0.3789575695991516,41.50492477416992,1,0.75,{},11,0.6720000000204891,2026-09-13T04:04:36.387080+00:00
4855,focused,motion_direction,motion_L2,38840,287368,0.0013546084519475698,0.06197420135140419,0,1.0,{},5,0.375,2026-09-13T04:04:36.756812+00:00
4856,focused,orientation,orientation_recall_minimal,38848,287408,0.0054396395571529865,1.0500725507736206,1,1.0,{},5,0.34300000010989606,2026-09-13T04:04:37.111261+00:00
4857,focused,motion_direction,motion_L8,38856,287496,0.4048583209514618,37.668724060058594,1,0.75,{},11,0.7659999998286366,2026-09-13T04:04:37.874109+00:00
4858,focused,orientation,orientation_recall_D4,38864,287584,1.0572435855865479,126.20945739746094,1,0.75,{},11,0.6560000001918525,2026-09-13T04:04:38.539040+00:00
4859,focused,motion_direction,motion_L2,38872,287624,0.0021506762132048607,0.2901749014854431,0,1.0,{},5,0.3279999999795109,2026-09-13T04:04:38.869986+00:00
4860,focused,orientation,orientation_recall_minimal,38880,287664,1.934084177017212,263.2188415527344,1,0.625,{},5,0.3279999999795109,2026-09-13T04:04:39.194422+00:00
4861,focused,motion_direction,motion_anchor,38888,287680,0.0029066468123346567,0.34741705656051636,0,1.0,{},2,0.1410000000614673,2026-09-13T04:04:39.336323+00:00
4862,focused,motion_direction,motion_L8,38896,287768,0.38835638761520386,74.36640167236328,1,0.875,{},11,0.7339999999385327,2026-09-13T04:04:40.075989+00:00
4863,focused,orientation,orientation_recall_D4,38904,287856,1.559373140335083,251.78619384765625,1,0.5,{},11,0.6560000001918525,2026-09-13T04:04:40.731022+00:00
4864,focused,motion_direction,motion_L2,38912,287896,0.0015362170524895191,0.25593817234039307,0,1.0,{},5,0.34399999980814755,2026-09-13T04:04:41.072531+00:00
4865,focused,orientation,orientation_recall_minimal,38920,287936,0.428148478269577,184.75433349609375,1,0.875,"{""state_mean"": {""input_saturation"": 0.06826171875, ""input_mean"": 0.16151323318481445, ""forget_saturation"": 0.578125, ""forget_mean"": 0.9014861583709717, ""output_saturation"": 0.0298828125, ""output_mean"": 0.48875439167022705, ""candidate_saturation"": 0.1234375, ""state0_rms"": 0.4559299468994141, ""state0_max"": 2.0168197631835936, ""state1_rms"": 0.185242922604084, ""state1_max"": 0.8622520565986633}, ""state_peak"": {""state0_max"": 2.984030246734619, ""state1_max"": 0.972034752368927}, ""early_representation_gradient_norm"": 0.01030002348124981, ""late_representation_gradient_norm"": 0.6792200803756714, ""core_gradient_norm"": 3.824357271194458, ""recurrent_gradient_rms"": 0.0034236458595842123, ""recurrent_gradient_median_abs"": 2.9810526029905304e-05, ""current_gradient_fraction_below_adam_eps"": 2.288818359375e-05, ""effective_recurrent_relative_update"": 0.006861441768705845}",5,0.3440000000409782,2026-09-13T04:04:41.512648+00:00
4866,focused,motion_direction,motion_L8,38928,288024,0.6567105650901794,137.6034698486328,1,0.625,{},11,0.75,2026-09-13T04:04:42.270160+00:00
4867,focused,orientation,orientation_recall_D4,38936,288112,0.439257949590683,31.829694747924805,1,0.875,{},11,0.6409999998286366,2026-09-13T04:04:42.923586+00:00
4868,focused,motion_direction,motion_L2,38944,288152,0.0016339222202077508,0.6293827891349792,0,1.0,{},5,0.3910000000614673,2026-09-13T04:04:43.304350+00:00
4869,focused,orientation,orientation_recall_minimal,38952,288192,0.0011982067953795195,0.04272942617535591,0,1.0,{},5,0.42100000008940697,2026-09-13T04:04:43.735551+00:00
4870,focused,motion_direction,motion_L8,38960,288280,0.5213012099266052,30.743894577026367,1,0.875,{},11,0.7659999998286366,2026-09-13T04:04:44.504327+00:00
4871,focused,orientation,orientation_anchor,38968,288296,0.004521170165389776,0.1680741161108017,0,1.0,{},2,0.15600000019185245,2026-09-13T04:04:44.658000+00:00
4872,focused,orientation,orientation_recall_D4,38976,288384,0.6427430510520935,13.65084171295166,1,0.75,{},11,0.6719999997876585,2026-09-13T04:04:45.322372+00:00
4873,focused,motion_direction,motion_L2,38984,288424,0.02671610563993454,46.930137634277344,1,1.0,{},5,0.3600000001024455,2026-09-13T04:04:45.682459+00:00
4874,focused,orientation,orientation_recall_minimal,38992,288464,0.0063208346255123615,0.3464429974555969,0,1.0,{},5,0.3119999999180436,2026-09-13T04:04:45.996404+00:00
4875,focused,motion_direction,motion_L8,39000,288552,1.3391447067260742,86.88841247558594,1,0.5,{},11,0.7340000001713634,2026-09-13T04:04:46.727359+00:00
4876,focused,orientation,orientation_recall_D4,39008,288640,0.6459692716598511,103.45436096191406,1,0.625,{},11,0.6720000000204891,2026-09-13T04:04:47.401054+00:00
4877,focused,motion_direction,motion_L2,39016,288680,0.008925694972276688,6.67100715637207,1,1.0,{},5,0.3279999999795109,2026-09-13T04:04:47.733523+00:00
4878,focused,orientation,orientation_recall_minimal,39024,288720,0.01022333838045597,11.336589813232422,1,1.0,{},5,0.31299999984912574,2026-09-13T04:04:48.041916+00:00
4879,focused,motion_direction,motion_L8,39032,288808,0.795089602470398,27.23964500427246,1,0.75,{},11,0.7809999999590218,2026-09-13T04:04:48.823692+00:00
4880,focused,orientation,orientation_recall_D4,39040,288896,1.347790002822876,192.96319580078125,1,0.375,{},11,0.75,2026-09-13T04:04:49.574252+00:00
4881,focused,motion_direction,motion_anchor,39048,288912,0.00014118938997853547,0.008891123346984386,0,1.0,{},2,0.15600000019185245,2026-09-13T04:04:49.731514+00:00
4882,focused,motion_direction,motion_L2,39056,288952,0.2745915949344635,314.060302734375,1,0.875,{},5,0.34399999980814755,2026-09-13T04:04:50.071778+00:00
4883,focused,orientation,orientation_recall_minimal,39064,288992,0.4693365693092346,9.228485107421875,1,0.875,{},5,0.3130000000819564,2026-09-13T04:04:50.390097+00:00
4884,focused,motion_direction,motion_L8,39072,289080,0.8297038078308105,47.010990142822266,1,0.5,{},11,0.7809999999590218,2026-09-13T04:04:51.175248+00:00
4885,focused,orientation,orientation_recall_D4,39080,289168,0.45976799726486206,19.323734283447266,1,0.875,{},11,0.7340000001713634,2026-09-13T04:04:51.904610+00:00
4886,focused,motion_direction,motion_L2,39088,289208,0.0014332167338579893,0.21715542674064636,0,1.0,{},5,0.34399999980814755,2026-09-13T04:04:52.246390+00:00
4887,focused,orientation,orientation_recall_minimal,39096,289248,0.62590092420578,26.626192092895508,1,0.75,{},5,0.3130000000819564,2026-09-13T04:04:52.566593+00:00
4888,focused,motion_direction,motion_L8,39104,289336,0.5672587752342224,54.08406448364258,1,0.75,{},11,0.7649999998975545,2026-09-13T04:04:53.330530+00:00
4889,focused,orientation,orientation_recall_D4,39112,289424,0.8469035625457764,124.09664916992188,1,0.125,{},11,0.7030000002123415,2026-09-13T04:04:54.027726+00:00
4890,focused,motion_direction,motion_L2,39120,289464,0.0009655551984906197,0.031109848991036415,0,1.0,{},5,0.35999999986961484,2026-09-13T04:04:54.385093+00:00
4891,focused,orientation,orientation_anchor,39128,289480,0.0033066687174141407,0.13932304084300995,0,1.0,{},2,0.1559999999590218,2026-09-13T04:04:54.543278+00:00
4892,focused,orientation,orientation_recall_minimal,39136,289520,0.28621193766593933,19.461612701416016,1,0.875,{},5,0.3279999999795109,2026-09-13T04:04:54.869417+00:00
4893,focused,motion_direction,motion_L8,39144,289608,1.1817281246185303,52.734596252441406,1,0.5,{},11,0.7810000001918525,2026-09-13T04:04:55.662567+00:00
4894,focused,orientation,orientation_recall_D4,39152,289696,0.36299654841423035,65.30899047851562,1,0.875,{},11,0.6410000000614673,2026-09-13T04:04:56.305727+00:00
4895,focused,motion_direction,motion_L2,39160,289736,0.38051414489746094,242.8325958251953,1,0.875,{},5,0.3279999999795109,2026-09-13T04:04:56.642156+00:00
4896,focused,orientation,orientation_recall_minimal,39168,289776,0.6072571873664856,60.35480499267578,1,0.75,{},5,0.375,2026-09-13T04:04:57.010254+00:00
4897,focused,motion_direction,motion_L8,39176,289864,0.23883303999900818,20.443702697753906,1,0.875,{},11,0.6869999999180436,2026-09-13T04:04:57.699574+00:00
4898,focused,orientation,orientation_recall_D4,39184,289952,0.32251274585723877,21.903663635253906,1,0.875,{},11,0.7190000000409782,2026-09-13T04:04:58.419304+00:00
4899,focused,motion_direction,motion_L2,39192,289992,0.002871936187148094,1.3179800510406494,1,1.0,{},5,0.3440000000409782,2026-09-13T04:04:58.756799+00:00
4900,focused,orientation,orientation_recall_minimal,39200,290032,0.208966925740242,53.22122573852539,1,0.875,{},5,0.3119999999180436,2026-09-13T04:04:59.078089+00:00
4901,focused,motion_direction,motion_anchor,39208,290048,0.000339565915055573,0.0888306200504303,0,1.0,{},2,0.15600000019185245,2026-09-13T04:04:59.235681+00:00
4902,focused,motion_direction,motion_L8,39216,290136,0.44619980454444885,52.117557525634766,1,0.875,{},11,0.7189999998081475,2026-09-13T04:04:59.947208+00:00
4903,focused,orientation,orientation_recall_D4,39224,290224,0.3411414921283722,77.08759307861328,1,0.75,{},11,0.7350000001024455,2026-09-13T04:05:00.690397+00:00
4904,focused,motion_direction,motion_L2,39232,290264,0.0017181562725454569,0.4833378493785858,0,1.0,{},5,0.3279999999795109,2026-09-13T04:05:01.016319+00:00
4905,focused,orientation,orientation_recall_minimal,39240,290304,0.04739300534129143,1.9435679912567139,1,1.0,{},5,0.3119999999180436,2026-09-13T04:05:01.333410+00:00
4906,focused,motion_direction,motion_L8,39248,290392,0.3534742593765259,63.53851318359375,1,0.75,{},11,0.6559999999590218,2026-09-13T04:05:01.999452+00:00
4907,focused,orientation,orientation_recall_D4,39256,290480,0.49468061327934265,8.40703010559082,1,0.75,{},11,0.6880000000819564,2026-09-13T04:05:02.691192+00:00
4908,focused,motion_direction,motion_L2,39264,290520,0.002088200533762574,0.7188453674316406,0,1.0,{},5,0.34300000010989606,2026-09-13T04:05:03.035148+00:00
4909,focused,orientation,orientation_recall_minimal,39272,290560,0.3800499439239502,24.322669982910156,1,0.875,{},5,0.35999999986961484,2026-09-13T04:05:03.383264+00:00
4910,focused,motion_direction,motion_L8,39280,290648,1.065537929534912,77.75537872314453,1,0.625,{},11,0.6559999999590218,2026-09-13T04:05:04.052356+00:00
4911,focused,orientation,orientation_anchor,39288,290664,0.005880423821508884,0.24720385670661926,0,1.0,{},2,0.1559999999590218,2026-09-13T04:05:04.219975+00:00
4912,focused,orientation,orientation_recall_D4,39296,290752,0.2919057011604309,5.4635443687438965,1,0.875,{},11,0.6720000000204891,2026-09-13T04:05:04.889988+00:00
4913,focused,motion_direction,motion_L2,39304,290792,0.025475334376096725,33.86062240600586,1,1.0,{},5,0.3589999999385327,2026-09-13T04:05:05.240473+00:00
4914,focused,orientation,orientation_recall_minimal,39312,290832,0.7257788777351379,10.989871978759766,1,0.75,{},5,0.2970000000204891,2026-09-13T04:05:05.542642+00:00
4915,focused,motion_direction,motion_L8,39320,290920,0.42523446679115295,81.89939880371094,1,0.875,{},11,0.8440000000409782,2026-09-13T04:05:06.385733+00:00
4916,focused,orientation,orientation_recall_D4,39328,291008,0.27053317427635193,69.9175796508789,1,0.875,{},11,0.7029999999795109,2026-09-13T04:05:07.085114+00:00
4917,focused,motion_direction,motion_L2,39336,291048,0.002270384458824992,0.42194586992263794,0,1.0,{},5,0.3279999999795109,2026-09-13T04:05:07.425297+00:00
4918,focused,orientation,orientation_recall_minimal,39344,291088,0.0015977536095306277,0.1011066883802414,0,1.0,{},5,0.31200000015087426,2026-09-13T04:05:07.726517+00:00
4919,focused,motion_direction,motion_L8,39352,291176,0.44540300965309143,54.452518463134766,1,0.75,{},11,0.7189999998081475,2026-09-13T04:05:08.447017+00:00
4920,focused,orientation,orientation_recall_D4,39360,291264,0.24032652378082275,107.78350067138672,1,0.875,{},11,0.9690000000409782,2026-09-13T04:05:09.423441+00:00
4921,focused,motion_direction,motion_anchor,39368,291280,0.0006783283315598965,0.11158595979213715,0,1.0,{},2,0.1559999999590218,2026-09-13T04:05:09.575245+00:00
4922,focused,motion_direction,motion_L2,39376,291320,0.0013493108563125134,0.19316422939300537,0,1.0,{},5,0.32800000021234155,2026-09-13T04:05:09.900466+00:00
4923,focused,orientation,orientation_recall_minimal,39384,291360,0.12083719670772552,92.27982330322266,1,0.875,{},5,0.31299999984912574,2026-09-13T04:05:10.211255+00:00
4924,focused,motion_direction,motion_L8,39392,291448,0.6349104642868042,53.742149353027344,1,0.875,{},11,0.7339999999385327,2026-09-13T04:05:10.958523+00:00
4925,focused,orientation,orientation_recall_D4,39400,291536,0.3576960563659668,24.699848175048828,1,0.875,{},11,0.7339999999385327,2026-09-13T04:05:11.707141+00:00
4926,focused,motion_direction,motion_L2,39408,291576,0.0011667382204905152,0.21822474896907806,0,1.0,{},5,0.3600000001024455,2026-09-13T04:05:12.061648+00:00
4927,focused,orientation,orientation_recall_minimal,39416,291616,0.14810945093631744,55.62735366821289,1,0.875,{},5,0.29600000008940697,2026-09-13T04:05:12.357937+00:00
4928,focused,motion_direction,motion_L8,39424,291704,0.3121975064277649,40.251251220703125,1,0.875,{},11,0.703999999910593,2026-09-13T04:05:13.065843+00:00
4929,focused,orientation,orientation_recall_D4,39432,291792,0.3521324694156647,17.782121658325195,1,0.875,"{""state_mean"": {""input_saturation"": 0.09432705965909091, ""input_mean"": 0.15773742442781274, ""forget_saturation"": 0.5795454545454546, ""forget_mean"": 0.8980584361336448, ""output_saturation"": 0.027965198863636364, ""output_mean"": 0.4933494952591983, ""candidate_saturation"": 0.1337002840909091, ""state0_rms"": 0.9391245679421858, ""state0_max"": 4.2828896262428975, ""state1_rms"": 0.21365909346125342, ""state1_max"": 0.91871638731523}, ""state_peak"": {""state0_max"": 7.663845062255859, ""state1_max"": 0.9804680347442627}, ""early_representation_gradient_norm"": 0.003356232540681958, ""late_representation_gradient_norm"": 0.12135178595781326, ""core_gradient_norm"": 0.6125144362449646, ""recurrent_gradient_rms"": 0.0006142838974483311, ""recurrent_gradient_median_abs"": 2.1207055397098884e-05, ""current_gradient_fraction_below_adam_eps"": 7.62939453125e-06, ""effective_recurrent_relative_update"": 0.008466346189379692}",11,0.7180000001098961,2026-09-13T04:05:13.781532+00:00
4930,focused,motion_direction,motion_L2,39440,291832,0.0022399367298930883,2.6416828632354736,1,1.0,{},5,0.375,2026-09-13T04:05:14.148107+00:00
4931,focused,orientation,orientation_anchor,39448,291848,0.0014825788093730807,0.11326883733272552,0,1.0,{},2,0.14099999982863665,2026-09-13T04:05:14.292723+00:00
4932,focused,orientation,orientation_recall_minimal,39456,291888,0.15861329436302185,14.096222877502441,1,0.875,{},5,0.3279999999795109,2026-09-13T04:05:14.625555+00:00
4933,focused,motion_direction,motion_L8,39464,291976,0.5771437287330627,64.72898864746094,1,0.75,{},11,0.7029999999795109,2026-09-13T04:05:15.335760+00:00
4934,focused,orientation,orientation_recall_D4,39472,292064,0.2603926956653595,31.89708709716797,1,0.875,{},11,0.7029999999795109,2026-09-13T04:05:16.050665+00:00
4935,focused,motion_direction,motion_L2,39480,292104,0.0242500901222229,35.70433044433594,1,1.0,{},5,0.3279999999795109,2026-09-13T04:05:16.380129+00:00
4936,focused,orientation,orientation_recall_minimal,39488,292144,0.062462761998176575,48.60179138183594,1,1.0,{},5,0.3119999999180436,2026-09-13T04:05:16.702247+00:00
4937,focused,motion_direction,motion_L8,39496,292232,0.21816128492355347,38.96169662475586,1,0.875,{},11,0.75,2026-09-13T04:05:17.444583+00:00
4938,focused,orientation,orientation_recall_D4,39504,292320,0.6714342832565308,153.6678924560547,1,0.375,{},11,0.7030000002123415,2026-09-13T04:05:18.149097+00:00
4939,focused,motion_direction,motion_L2,39512,292360,0.0009036311530508101,0.027238866314291954,0,1.0,{},5,0.3279999999795109,2026-09-13T04:05:18.476982+00:00
4940,focused,orientation,orientation_recall_minimal,39520,292400,0.004512527957558632,0.287811279296875,0,1.0,{},5,0.34399999980814755,2026-09-13T04:05:18.832183+00:00
4941,focused,motion_direction,motion_anchor,39528,292416,2.7536196284927428e-05,0.0023158870171755552,0,1.0,{},2,0.1880000000819564,2026-09-13T04:05:19.004809+00:00
4942,focused,motion_direction,motion_L8,39536,292504,0.11503042280673981,8.632076263427734,1,1.0,{},11,0.75,2026-09-13T04:05:19.763721+00:00
4943,focused,orientation,orientation_recall_D4,39544,292592,0.6235476136207581,24.305561065673828,1,0.5,{},11,0.7339999999385327,2026-09-13T04:05:20.493445+00:00
4944,focused,motion_direction,motion_L2,39552,292632,0.0009968432132154703,0.024256328120827675,0,1.0,{},5,0.3130000000819564,2026-09-13T04:05:20.815565+00:00
4945,focused,orientation,orientation_recall_minimal,39560,292672,0.11558087915182114,25.409591674804688,1,1.0,{},5,0.3119999999180436,2026-09-13T04:05:21.122291+00:00
4946,focused,motion_direction,motion_L8,39568,292760,1.0819940567016602,106.02508544921875,1,0.625,{},11,0.75,2026-09-13T04:05:21.867813+00:00
4947,focused,orientation,orientation_recall_D4,39576,292848,0.5509201288223267,16.154647827148438,1,0.75,{},11,0.6560000001918525,2026-09-13T04:05:22.536247+00:00
4948,focused,motion_direction,motion_L2,39584,292888,0.0008081715204752982,0.027614453807473183,0,1.0,{},5,0.4059999999590218,2026-09-13T04:05:22.945681+00:00
4949,focused,orientation,orientation_recall_minimal,39592,292928,0.08213897049427032,11.148948669433594,1,1.0,{},5,0.3130000000819564,2026-09-13T04:05:23.267770+00:00
4950,focused,motion_direction,motion_L8,39600,293016,1.020262360572815,186.620849609375,1,0.75,{},11,0.75,2026-09-13T04:05:24.012613+00:00
4951,focused,orientation,orientation_anchor,39608,293032,0.0005844586412422359,0.022357501089572906,0,1.0,{},2,0.1559999999590218,2026-09-13T04:05:24.171492+00:00
4952,focused,orientation,orientation_recall_D4,39616,293120,0.41956624388694763,17.70659065246582,1,0.625,{},11,0.625,2026-09-13T04:05:24.802836+00:00
4953,focused,motion_direction,motion_L2,39624,293160,0.0009915940463542938,0.08834395557641983,0,1.0,{},5,0.3589999999385327,2026-09-13T04:05:25.170140+00:00
4954,focused,orientation,orientation_recall_minimal,39632,293200,0.07990672439336777,37.049373626708984,1,1.0,{},5,0.3440000000409782,2026-09-13T04:05:25.506991+00:00
4955,focused,motion_direction,motion_L8,39640,293288,0.3386293947696686,62.80268478393555,1,0.875,{},11,0.7339999999385327,2026-09-13T04:05:26.255087+00:00
4956,focused,orientation,orientation_recall_D4,39648,293376,0.5758688449859619,98.01630401611328,1,0.875,{},11,0.6869999999180436,2026-09-13T04:05:26.951460+00:00
4957,focused,motion_direction,motion_L2,39656,293416,0.0037732417695224285,5.170656204223633,1,1.0,{},5,0.375,2026-09-13T04:05:27.318813+00:00
4958,focused,orientation,orientation_recall_minimal,39664,293456,0.12123686820268631,41.758705139160156,1,1.0,{},5,0.32800000021234155,2026-09-13T04:05:27.649625+00:00
4959,focused,motion_direction,motion_L8,39672,293544,0.26495614647865295,62.63922119140625,1,0.875,{},11,0.7189999998081475,2026-09-13T04:05:28.369677+00:00
4960,focused,orientation,orientation_recall_D4,39680,293632,0.3803901970386505,32.07278060913086,1,0.875,{},11,0.7340000001713634,2026-09-13T04:05:29.100190+00:00
4961,focused,motion_direction,motion_anchor,39688,293648,0.008604446426033974,3.0781068801879883,1,1.0,{},2,0.14099999982863665,2026-09-13T04:05:29.249988+00:00
4962,focused,motion_direction,motion_L2,39696,293688,0.023876767605543137,38.154884338378906,1,1.0,{},5,0.3279999999795109,2026-09-13T04:05:29.581427+00:00
4963,focused,orientation,orientation_recall_minimal,39704,293728,0.029872829094529152,4.666730880737305,1,1.0,{},5,0.3440000000409782,2026-09-13T04:05:29.913485+00:00
4964,focused,motion_direction,motion_L8,39712,293816,0.7053070068359375,64.58582305908203,1,0.875,{},11,0.7029999999795109,2026-09-13T04:05:30.623725+00:00
4965,focused,orientation,orientation_recall_D4,39720,293904,0.06197430193424225,3.0841948986053467,1,1.0,{},11,0.75,2026-09-13T04:05:31.367173+00:00
4966,focused,motion_direction,motion_L2,39728,293944,0.0014469297602772713,0.4088532328605652,0,1.0,{},5,0.35900000017136335,2026-09-13T04:05:31.737582+00:00
4967,focused,orientation,orientation_recall_minimal,39736,293984,0.015487211756408215,0.8798332214355469,0,1.0,{},5,0.35999999986961484,2026-09-13T04:05:32.093986+00:00
4968,focused,motion_direction,motion_L8,39744,294072,1.0233182907104492,43.13051986694336,1,0.75,{},11,0.7809999999590218,2026-09-13T04:05:32.869443+00:00
4969,focused,orientation,orientation_recall_D4,39752,294160,0.5257318019866943,22.73859405517578,1,0.75,{},11,0.6720000000204891,2026-09-13T04:05:33.547353+00:00
4970,focused,motion_direction,motion_L2,39760,294200,0.0016025727381929755,0.21857313811779022,0,1.0,{},5,0.35900000017136335,2026-09-13T04:05:33.903685+00:00
4971,focused,orientation,orientation_anchor,39768,294216,0.000968643871601671,0.036512766033411026,0,1.0,{},2,0.14099999982863665,2026-09-13T04:05:34.039203+00:00
4972,focused,orientation,orientation_recall_minimal,39776,294256,0.5701443552970886,65.10948944091797,1,0.75,{},5,0.3440000000409782,2026-09-13T04:05:34.387410+00:00
4973,focused,motion_direction,motion_L8,39784,294344,0.1333271563053131,15.093878746032715,1,1.0,{},11,0.7809999999590218,2026-09-13T04:05:35.169076+00:00
4974,focused,orientation,orientation_recall_D4,39792,294432,0.9985819458961487,34.68502426147461,1,0.625,{},11,0.6870000001508743,2026-09-13T04:05:35.860753+00:00
4975,focused,motion_direction,motion_L2,39800,294472,0.011448448523879051,17.860349655151367,1,1.0,{},5,0.375,2026-09-13T04:05:36.232726+00:00
4976,focused,orientation,orientation_recall_minimal,39808,294512,0.4931209683418274,5.089254856109619,1,0.875,{},5,0.31299999984912574,2026-09-13T04:05:36.537345+00:00
4977,focused,motion_direction,motion_L8,39816,294600,1.162390947341919,92.53662872314453,1,0.625,{},11,0.7340000001713634,2026-09-13T04:05:37.276046+00:00
4978,focused,orientation,orientation_recall_D4,39824,294688,0.7162759304046631,22.226144790649414,1,0.625,{},11,0.7029999999795109,2026-09-13T04:05:37.982095+00:00
4979,focused,motion_direction,motion_L2,39832,294728,0.001032853964716196,0.04330218955874443,0,1.0,{},5,0.34399999980814755,2026-09-13T04:05:38.323527+00:00
4980,focused,orientation,orientation_recall_minimal,39840,294768,0.0010104381944984198,0.020120063796639442,0,1.0,{},5,0.2970000000204891,2026-09-13T04:05:38.627710+00:00
4981,focused,motion_direction,motion_anchor,39848,294784,0.00016929852426983416,0.024524670094251633,0,1.0,{},2,0.1880000000819564,2026-09-13T04:05:38.807619+00:00
4982,focused,motion_direction,motion_L8,39856,294872,0.5729309320449829,98.6890869140625,1,0.75,{},11,0.8430000001098961,2026-09-13T04:05:39.648608+00:00
4983,focused,orientation,orientation_recall_D4,39864,294960,0.2626718580722809,16.672101974487305,1,0.875,{},11,0.6879999998491257,2026-09-13T04:05:40.341573+00:00
4984,focused,motion_direction,motion_L2,39872,295000,0.00397584680467844,4.9292826652526855,1,1.0,{},5,0.3279999999795109,2026-09-13T04:05:40.674608+00:00
4985,focused,orientation,orientation_recall_minimal,39880,295040,0.033171094954013824,4.659138202667236,1,1.0,{},5,0.3440000000409782,2026-09-13T04:05:41.017681+00:00
4986,focused,motion_direction,motion_L8,39888,295128,0.24435554444789886,55.61006546020508,1,0.875,{},11,0.7650000001303852,2026-09-13T04:05:41.784732+00:00
4987,focused,orientation,orientation_recall_D4,39896,295216,0.3350474536418915,9.323830604553223,1,0.75,{},11,0.7189999998081475,2026-09-13T04:05:42.502858+00:00
4988,focused,motion_direction,motion_L2,39904,295256,0.0020731408149003983,1.6142849922180176,1,1.0,{},5,0.375,2026-09-13T04:05:42.874699+00:00
4989,focused,orientation,orientation_recall_minimal,39912,295296,0.026632903143763542,7.174506664276123,1,1.0,{},5,0.35900000017136335,2026-09-13T04:05:43.227572+00:00
4990,focused,motion_direction,motion_L8,39920,295384,0.8009735345840454,51.62334442138672,1,0.625,{},11,0.7819999998901039,2026-09-13T04:05:44.018829+00:00
4991,focused,orientation,orientation_anchor,39928,295400,0.0018439864506945014,0.08401388674974442,0,1.0,{},2,0.1720000000204891,2026-09-13T04:05:44.182991+00:00
4992,focused,orientation,orientation_recall_D4,39936,295488,0.5564794540405273,66.79519653320312,1,0.75,{},11,0.6869999999180436,2026-09-13T04:05:44.866826+00:00
4993,focused,motion_direction,motion_L2,39944,295528,0.001413177466019988,0.3164679706096649,0,1.0,"{""state_mean"": {""input_saturation"": 0.0552734375, ""input_mean"": 0.16391927897930145, ""forget_saturation"": 0.56845703125, ""forget_mean"": 0.9013391137123108, ""output_saturation"": 0.03212890625, ""output_mean"": 0.4835756242275238, ""candidate_saturation"": 0.12158203125, ""state0_rms"": 0.3790345013141632, ""state0_max"": 1.559300434589386, ""state1_rms"": 0.21085538417100907, ""state1_max"": 0.835556173324585}, ""state_peak"": {""state0_max"": 2.4018032550811768, ""state1_max"": 0.9655031561851501}, ""early_representation_gradient_norm"": 0.00010606869182083756, ""late_representation_gradient_norm"": 0.00022024133068043739, ""core_gradient_norm"": 0.01898132637143135, ""recurrent_gradient_rms"": 1.3354304428503383e-05, ""recurrent_gradient_median_abs"": 1.765610875281709e-07, ""current_gradient_fraction_below_adam_eps"": 0.000827789306640625, ""effective_recurrent_relative_update"": 0.005856172181665897}",5,0.3910000000614673,2026-09-13T04:05:45.264783+00:00
4994,focused,orientation,orientation_recall_minimal,39952,295568,0.04432986304163933,1.712731957435608,1,1.0,{},5,0.34300000010989606,2026-09-13T04:05:45.612330+00:00
4995,focused,motion_direction,motion_L8,39960,295656,0.49524983763694763,66.0444564819336,1,0.875,{},11,0.8129999998491257,2026-09-13T04:05:46.420602+00:00
4996,focused,orientation,orientation_recall_D4,39968,295744,0.17314213514328003,25.093029022216797,1,1.0,{},11,0.6720000000204891,2026-09-13T04:05:47.089942+00:00
4997,focused,motion_direction,motion_L2,39976,295784,0.01622350700199604,46.70389938354492,1,1.0,{},5,0.3440000000409782,2026-09-13T04:05:47.432458+00:00
4998,focused,orientation,orientation_recall_minimal,39984,295824,0.04202958941459656,19.710704803466797,1,1.0,{},5,0.3279999999795109,2026-09-13T04:05:47.756816+00:00
4999,focused,motion_direction,motion_L8,39992,295912,0.7021055817604065,47.9846076965332,1,0.75,{},11,0.8119999999180436,2026-09-13T04:05:48.573663+00:00
5000,focused,orientation,orientation_recall_D4,40000,296000,0.13571444153785706,20.56258201599121,1,1.0,{},11,0.6880000000819564,2026-09-13T04:05:49.257647+00:00
