update,episodes,cell,loss,accuracy,grad_norm,seconds,wait_seconds
1,64,orientation_cued_D4,0.00015,1.0000,0.0564,1.648,1.360
2,128,orientation_cued_D0,0.00007,1.0000,0.0042,0.079,0.013
3,192,orientation_cued_D0,0.00069,1.0000,0.5649,0.084,0.006
4,256,orientation_cued_D12,0.93814,0.7969,73.6222,0.279,0.005
5,320,orientation_cued_D4,0.03881,0.9844,28.0508,0.141,0.025
6,384,orientation_cued_D24,2.43055,0.5469,612.3201,0.416,0.017
7,448,orientation_cued_D0,0.00006,1.0000,0.0046,0.072,0.034
8,512,orientation_cued_D24,2.23259,0.5156,89.9543,0.398,0.005
9,576,orientation_cued_D12,0.26789,0.8750,64.7421,0.184,0.024
10,640,orientation_cued_D12,0.44905,0.8438,133.0688,0.183,0.013
11,704,orientation_cued_D24,1.83939,0.5156,97.3054,0.358,0.014
12,768,orientation_cued_D4,0.01747,0.9844,10.1459,0.098,0.019
13,832,orientation_cued_D4,0.02558,0.9844,12.9137,0.141,0.008
14,896,orientation_cued_D12,0.16344,0.9375,52.7154,0.254,0.011
15,960,orientation_cued_D0,0.00050,1.0000,0.1565,0.064,0.013
16,1024,orientation_cued_D0,0.00120,1.0000,0.5433,0.069,0.004
17,1088,orientation_cued_D4,0.02486,1.0000,7.7468,0.113,0.004
18,1152,orientation_cued_D24,1.10789,0.5000,70.0682,0.333,0.010
19,1216,orientation_cued_D24,0.85525,0.5938,56.6442,0.330,0.030
20,1280,orientation_cued_D0,0.01083,1.0000,3.1276,0.059,0.025
21,1344,orientation_cued_D12,0.24971,0.9219,28.2017,0.225,0.005
22,1408,orientation_cued_D12,0.18711,0.9688,27.8102,0.189,0.015
23,1472,orientation_cued_D4,0.05101,0.9688,8.6235,0.148,0.024
24,1536,orientation_cued_D4,0.15911,0.9219,19.4390,0.093,0.007
25,1600,orientation_cued_D24,0.62878,0.5938,32.2297,0.385,0.007
26,1664,orientation_cued_D0,0.07754,0.9688,10.6728,0.048,0.018
27,1728,orientation_cued_D0,0.00164,1.0000,0.4835,0.052,0.005
28,1792,orientation_cued_D12,0.24834,0.9219,30.0211,0.224,0.005
29,1856,orientation_cued_D24,0.62303,0.6562,11.5189,0.414,0.019
30,1920,orientation_cued_D24,0.69364,0.5469,27.4288,0.310,0.022
31,1984,orientation_cued_D4,0.08983,0.9375,15.0941,0.136,0.025
32,2048,orientation_cued_D12,0.21830,0.9844,21.8061,0.229,0.009
33,2112,orientation_cued_D12,0.23394,0.9219,25.9309,0.185,0.016
34,2176,orientation_cued_D0,0.01085,1.0000,2.1332,0.078,0.015
35,2240,orientation_cued_D4,0.05535,0.9688,10.3709,0.126,0.005
36,2304,orientation_cued_D4,0.03642,1.0000,6.1311,0.143,0.008
37,2368,orientation_cued_D0,0.01057,1.0000,3.2775,0.074,0.008
38,2432,orientation_cued_D0,0.00080,1.0000,0.1243,0.053,0.004
39,2496,orientation_cued_D24,0.62763,0.6562,27.9216,0.319,0.005
40,2560,orientation_cued_D24,0.71920,0.6094,45.2459,0.443,0.028
41,2624,orientation_cued_D24,0.65354,0.6406,43.1210,0.418,0.033
42,2688,orientation_cued_D12,0.12875,0.9531,12.1483,0.250,0.034
43,2752,orientation_cued_D12,0.13145,0.9531,10.8981,0.252,0.013
44,2816,orientation_cued_D12,0.09547,1.0000,4.5591,0.267,0.012
45,2880,orientation_cued_D4,0.01890,1.0000,3.5047,0.146,0.015
46,2944,orientation_cued_D4,0.01849,1.0000,3.2605,0.150,0.007
47,3008,orientation_cued_D4,0.01843,1.0000,2.9110,0.152,0.013
48,3072,orientation_cued_D0,0.00134,1.0000,0.3874,0.078,0.008
49,3136,orientation_cued_D0,0.00078,1.0000,0.1345,0.074,0.005
50,3200,orientation_cued_D0,0.01283,0.9844,6.2103,0.093,0.009
51,3264,orientation_cued_D24,0.50069,0.7812,22.9059,0.444,0.004
52,3328,orientation_cued_D24,0.37894,0.8281,15.7222,0.454,0.028
53,3392,orientation_cued_D24,0.45391,0.8281,40.6116,0.453,0.028
54,3456,orientation_cued_D12,0.06542,0.9844,22.6040,0.262,0.023
55,3520,orientation_cued_D12,0.06189,1.0000,19.2596,0.255,0.015
56,3584,orientation_cued_D12,0.05183,1.0000,11.2482,0.259,0.012
57,3648,orientation_cued_D4,0.01045,1.0000,2.3048,0.126,0.012
58,3712,orientation_cued_D4,0.00607,1.0000,1.9308,0.136,0.009
59,3776,orientation_cued_D4,0.02741,0.9844,8.3029,0.160,0.008
60,3840,orientation_cued_D0,0.00029,1.0000,0.0643,0.093,0.010
61,3904,orientation_cued_D0,0.00406,1.0000,2.2063,0.082,0.005
62,3968,orientation_cued_D0,0.00643,1.0000,2.6159,0.086,0.005
63,4032,orientation_cued_D24,0.62559,0.7344,94.8537,0.427,0.005
64,4096,orientation_cued_D24,0.36665,0.8594,36.0808,0.454,0.026
65,4160,orientation_cued_D24,0.26337,0.8906,43.2052,0.457,0.020
66,4224,orientation_cued_D12,0.03138,1.0000,12.6303,0.262,0.021
67,4288,orientation_cued_D12,0.03500,0.9844,22.2591,0.285,0.016
68,4352,orientation_cued_D12,0.09487,0.9531,20.8524,0.266,0.013
69,4416,orientation_cued_D4,0.01478,1.0000,5.9345,0.105,0.011
70,4480,orientation_cued_D4,0.05653,0.9844,13.6815,0.145,0.008
71,4544,orientation_cued_D4,0.00096,1.0000,0.1243,0.176,0.014
72,4608,orientation_cued_D0,0.00065,1.0000,0.2312,0.088,0.008
73,4672,orientation_cued_D0,0.00022,1.0000,0.0328,0.077,0.004
74,4736,orientation_cued_D0,0.00323,1.0000,1.0123,0.076,0.005
75,4800,orientation_cued_D24,0.68779,0.7500,228.6828,0.422,0.004
76,4864,orientation_cued_D24,0.26154,0.8594,87.3869,0.465,0.030
77,4928,orientation_cued_D24,0.15986,0.9219,79.9085,0.450,0.023
78,4992,orientation_cued_D12,0.11484,0.9219,62.8698,0.259,0.026
79,5056,orientation_cued_D12,0.07184,0.9688,43.8142,0.273,0.017
80,5120,orientation_cued_D12,0.24991,0.9219,53.1864,0.276,0.023
81,5184,orientation_cued_D4,0.02621,0.9844,6.6942,0.142,0.024
82,5248,orientation_cued_D4,0.00714,1.0000,2.8382,0.155,0.014
83,5312,orientation_cued_D4,0.00318,1.0000,1.3913,0.129,0.009
84,5376,orientation_cued_D0,0.00789,1.0000,2.8487,0.112,0.013
85,5440,orientation_cued_D0,0.00170,1.0000,0.7230,0.108,0.008
86,5504,orientation_cued_D0,0.00016,1.0000,0.0154,0.092,0.010
87,5568,orientation_cued_D24,0.32357,0.8750,81.5642,0.462,0.008
88,5632,orientation_cued_D24,0.20346,0.9375,49.3300,0.448,0.021
89,5696,orientation_cued_D24,0.14960,0.9219,53.6456,0.452,0.035
90,5760,orientation_cued_D12,0.01251,1.0000,3.5521,0.251,0.033
91,5824,orientation_cued_D12,0.00769,1.0000,5.0422,0.272,0.014
92,5888,orientation_cued_D12,0.05458,0.9688,25.4543,0.267,0.018
93,5952,orientation_cued_D4,0.00758,1.0000,3.1327,0.141,0.012
94,6016,orientation_cued_D4,0.00870,1.0000,3.9937,0.136,0.007
95,6080,orientation_cued_D4,0.00966,1.0000,5.8337,0.145,0.008
96,6144,orientation_cued_D0,0.00666,1.0000,4.6506,0.099,0.008
97,6208,orientation_cued_D0,0.00052,1.0000,0.2195,0.084,0.005
98,6272,orientation_cued_D0,0.00105,1.0000,0.6555,0.074,0.005
99,6336,orientation_cued_D24,1.08743,0.7812,244.1433,0.446,0.005
100,6400,orientation_cued_D24,0.94078,0.7812,196.1635,0.423,0.023
101,6464,orientation_cued_D24,0.43974,0.8594,158.7359,0.409,0.038
102,6528,orientation_cued_D12,0.01955,1.0000,5.5994,0.246,0.025
103,6592,orientation_cued_D12,0.10004,0.9531,29.3451,0.258,0.018
104,6656,orientation_cued_D12,0.13765,0.9375,62.6286,0.241,0.015
105,6720,orientation_cued_D4,0.07412,0.9844,8.6272,0.135,0.016
106,6784,orientation_cued_D4,0.07479,0.9844,15.0883,0.143,0.008
107,6848,orientation_cued_D4,0.02304,0.9844,5.2988,0.149,0.008
108,6912,orientation_cued_D0,0.00064,1.0000,0.1094,0.085,0.008
109,6976,orientation_cued_D0,0.00215,1.0000,0.6894,0.066,0.005
110,7040,orientation_cued_D0,0.04764,0.9844,5.6651,0.082,0.006
111,7104,orientation_cued_D24,1.04601,0.5469,76.6378,0.413,0.006
112,7168,orientation_cued_D24,1.04212,0.5469,65.6916,0.452,0.027
113,7232,orientation_cued_D24,0.77721,0.5469,33.1789,0.415,0.019
114,7296,orientation_cued_D12,0.25673,0.9219,36.1561,0.266,0.020
115,7360,orientation_cued_D12,0.33491,0.8438,38.0532,0.299,0.025
116,7424,orientation_cued_D12,0.38269,0.8750,42.0346,0.247,0.011
117,7488,orientation_cued_D4,0.03454,1.0000,4.6099,0.144,0.012
118,7552,orientation_cued_D4,0.06084,0.9844,11.4596,0.173,0.014
119,7616,orientation_cued_D4,0.02706,1.0000,1.6479,0.144,0.006
120,7680,orientation_cued_D0,0.00218,1.0000,0.2371,0.092,0.014
121,7744,orientation_cued_D0,0.01481,0.9844,2.8375,0.092,0.008
122,7808,orientation_cued_D0,0.03204,0.9844,6.0432,0.079,0.005
123,7872,orientation_cued_D24,0.58036,0.6719,51.7821,0.413,0.004
124,7936,orientation_cued_D24,0.57871,0.7188,37.6567,0.440,0.027
125,8000,orientation_cued_D24,0.50954,0.7969,44.7928,0.425,0.020
126,8064,orientation_cued_D12,0.15377,0.9688,31.0527,0.248,0.025
127,8128,orientation_cued_D12,0.12853,1.0000,21.2772,0.307,0.026
128,8192,orientation_cued_D12,0.09422,1.0000,11.1770,0.275,0.028
129,8256,orientation_cued_D4,0.02951,1.0000,2.8041,0.127,0.018
130,8320,orientation_cued_D4,0.03705,1.0000,3.6150,0.142,0.008
131,8384,orientation_cued_D4,0.03163,0.9844,3.1856,0.141,0.008
132,8448,orientation_cued_D0,0.00860,1.0000,1.3842,0.078,0.008
133,8512,orientation_cued_D0,0.03634,0.9844,5.8576,0.076,0.004
134,8576,orientation_cued_D0,0.03046,1.0000,5.2039,0.083,0.005
135,8640,orientation_cued_D24,0.16677,0.9688,8.2056,0.451,0.005
136,8704,orientation_cued_D24,0.26341,0.9062,39.6978,0.430,0.020
137,8768,orientation_cued_D24,0.22372,0.9062,41.7603,0.447,0.020
138,8832,orientation_cued_D12,0.08120,0.9688,18.9170,0.267,0.018
139,8896,orientation_cued_D12,0.02075,1.0000,1.6399,0.276,0.017
140,8960,orientation_cued_D12,0.02844,1.0000,5.8536,0.248,0.025
141,9024,orientation_cued_D4,0.00417,1.0000,0.3810,0.147,0.019
142,9088,orientation_cued_D4,0.00470,1.0000,0.4895,0.163,0.008
143,9152,orientation_cued_D4,0.01677,1.0000,3.0191,0.120,0.008
144,9216,orientation_cued_D0,0.00038,1.0000,0.0375,0.084,0.011
145,9280,orientation_cued_D0,0.00166,1.0000,0.3301,0.079,0.004
146,9344,orientation_cued_D0,0.00269,1.0000,0.9530,0.087,0.004
147,9408,orientation_cued_D24,0.05136,1.0000,19.9108,0.435,0.007
148,9472,orientation_cued_D24,0.04734,1.0000,11.6174,0.424,0.022
149,9536,orientation_cued_D24,0.05467,1.0000,12.7399,0.430,0.022
150,9600,orientation_cued_D12,0.01251,1.0000,1.6231,0.252,0.026
151,9664,orientation_cued_D12,0.00655,1.0000,0.8099,0.284,0.016
152,9728,orientation_cued_D12,0.00580,1.0000,0.8027,0.267,0.013
153,9792,orientation_cued_D4,0.00438,1.0000,1.0627,0.147,0.020
154,9856,orientation_cued_D4,0.00154,1.0000,0.1960,0.139,0.007
155,9920,orientation_cued_D4,0.00235,1.0000,0.4053,0.135,0.007
156,9984,orientation_cued_D0,0.00071,1.0000,0.1117,0.089,0.008
157,10048,orientation_cued_D0,0.00068,1.0000,0.1289,0.075,0.004
158,10112,orientation_cued_D0,0.00137,1.0000,0.4787,0.083,0.006
159,10176,orientation_cued_D24,0.02973,1.0000,14.0716,0.423,0.005
160,10240,orientation_cued_D24,0.01748,1.0000,3.9009,0.445,0.020
161,10304,orientation_cued_D24,0.01777,1.0000,4.7523,0.428,0.019
162,10368,orientation_cued_D12,0.01096,1.0000,3.0005,0.282,0.022
163,10432,orientation_cued_D12,0.00486,1.0000,0.8750,0.253,0.013
164,10496,orientation_cued_D12,0.00824,1.0000,1.8502,0.268,0.016
165,10560,orientation_cued_D4,0.00152,1.0000,0.2530,0.117,0.012
166,10624,orientation_cued_D4,0.00053,1.0000,0.0560,0.149,0.007
167,10688,orientation_cued_D0,0.00157,1.0000,0.4770,0.079,0.008
168,10752,orientation_cued_D4,0.00076,1.0000,0.1061,0.150,0.008
169,10816,orientation_cued_D0,0.00052,1.0000,0.0770,0.077,0.008
170,10880,orientation_cued_D24,0.00839,1.0000,1.2376,0.436,0.005
171,10944,orientation_cued_D0,0.00053,1.0000,0.0942,0.079,0.025
172,11008,orientation_cued_D24,0.01590,1.0000,6.1925,0.431,0.004
173,11072,orientation_cued_D12,0.00525,1.0000,1.8207,0.250,0.028
174,11136,orientation_cued_D24,0.00952,1.0000,6.7797,0.481,0.019
175,11200,orientation_cued_D12,0.00154,1.0000,0.3392,0.269,0.032
176,11264,orientation_cued_D4,0.00765,1.0000,4.4937,0.142,0.011
177,11328,orientation_cued_D12,0.00334,1.0000,1.7598,0.277,0.010
178,11392,orientation_cued_D4,0.00208,1.0000,0.6928,0.147,0.015
179,11456,orientation_cued_D0,0.03235,0.9844,7.7498,0.066,0.009
180,11520,orientation_cued_D4,0.00539,1.0000,2.1621,0.147,0.004
181,11584,orientation_cued_D0,0.00243,1.0000,0.8533,0.078,0.010
182,11648,orientation_cued_D0,0.00353,1.0000,1.4714,0.081,0.007
183,11712,orientation_cued_D24,0.00442,1.0000,1.1886,0.447,0.004
184,11776,orientation_cued_D24,0.00611,1.0000,5.5509,0.447,0.020
185,11840,orientation_cued_D24,0.00424,1.0000,0.8284,0.464,0.019
186,11904,orientation_cued_D12,0.00300,1.0000,0.4914,0.237,0.021
187,11968,orientation_cued_D12,0.00133,1.0000,0.4081,0.290,0.018
188,12032,orientation_cued_D12,0.00172,1.0000,0.5190,0.262,0.012
189,12096,orientation_cued_D4,0.00052,1.0000,0.0514,0.147,0.013
190,12160,orientation_cued_D4,0.00278,1.0000,0.9885,0.116,0.008
191,12224,orientation_cued_D4,0.00154,1.0000,0.5005,0.139,0.008
192,12288,orientation_cued_D0,0.00029,1.0000,0.0444,0.086,0.007
193,12352,orientation_cued_D0,0.00017,1.0000,0.0140,0.083,0.004
194,12416,orientation_cued_D0,0.00026,1.0000,0.0332,0.096,0.005
195,12480,orientation_cued_D24,0.00376,1.0000,1.5678,0.465,0.006
196,12544,orientation_cued_D24,0.00251,1.0000,0.6921,0.404,0.026
197,12608,orientation_cued_D24,0.01014,1.0000,12.0203,0.452,0.026
198,12672,orientation_cued_D12,0.00316,1.0000,0.5898,0.260,0.019
199,12736,orientation_cued_D12,0.00099,1.0000,0.1438,0.264,0.013
200,12800,orientation_cued_D12,0.00322,1.0000,1.7500,0.285,0.021
201,12864,orientation_cued_D4,0.00067,1.0000,0.1753,0.141,0.011
202,12928,orientation_cued_D4,0.00236,1.0000,0.8402,0.138,0.007
203,12992,orientation_cued_D0,0.00060,1.0000,0.1484,0.091,0.007
204,13056,orientation_cued_D4,0.00147,1.0000,0.6809,0.172,0.007
205,13120,orientation_cued_D0,0.00041,1.0000,0.0610,0.081,0.009
206,13184,orientation_cued_D24,0.00148,1.0000,0.3883,0.432,0.004
207,13248,orientation_cued_D0,0.00189,1.0000,0.8030,0.081,0.028
208,13312,orientation_cued_D24,0.00830,1.0000,2.4233,0.438,0.004
209,13376,orientation_cued_D12,0.00287,1.0000,0.7576,0.239,0.021
210,13440,orientation_cued_D24,0.00361,1.0000,1.0569,0.426,0.017
211,13504,orientation_cued_D12,0.00106,1.0000,0.1488,0.267,0.022
212,13568,orientation_cued_D4,0.00173,1.0000,0.5404,0.131,0.013
213,13632,orientation_cued_D12,0.00095,1.0000,0.1480,0.261,0.008
214,13696,orientation_cued_D4,0.00040,1.0000,0.0513,0.142,0.011
215,13760,orientation_cued_D0,0.00029,1.0000,0.0518,0.061,0.006
216,13824,orientation_cued_D4,0.00052,1.0000,0.0956,0.146,0.005
217,13888,orientation_cued_D0,0.00018,1.0000,0.0207,0.086,0.010
218,13952,orientation_cued_D0,0.00038,1.0000,0.1175,0.085,0.006
219,14016,orientation_cued_D24,0.00294,1.0000,3.1214,0.455,0.005
220,14080,orientation_cued_D24,0.00266,1.0000,2.2223,0.447,0.022
221,14144,orientation_cued_D24,0.00482,1.0000,3.4563,0.412,0.023
222,14208,orientation_cued_D12,0.01223,0.9844,8.9012,0.278,0.037
223,14272,orientation_cued_D12,0.00976,1.0000,6.7403,0.308,0.024
224,14336,orientation_cued_D12,0.00174,1.0000,0.6362,0.262,0.012
225,14400,orientation_cued_D4,0.00052,1.0000,0.0690,0.139,0.012
226,14464,orientation_cued_D4,0.00051,1.0000,0.1486,0.131,0.010
227,14528,orientation_cued_D4,0.00036,1.0000,0.0782,0.135,0.008
228,14592,orientation_cued_D0,0.01905,0.9844,8.4667,0.085,0.008
229,14656,orientation_cued_D0,0.00017,1.0000,0.0264,0.076,0.004
230,14720,orientation_cued_D0,0.00033,1.0000,0.0995,0.088,0.006
231,14784,orientation_cued_D24,0.00273,1.0000,1.2847,0.446,0.010
232,14848,orientation_cued_D24,0.00518,1.0000,1.2556,0.458,0.021
233,14912,orientation_cued_D24,0.00747,1.0000,9.8151,0.447,0.021
234,14976,orientation_cued_D12,0.00047,1.0000,0.0617,0.248,0.025
235,15040,orientation_cued_D12,0.00146,1.0000,0.3946,0.268,0.013
236,15104,orientation_cued_D12,0.00077,1.0000,0.1278,0.246,0.011
237,15168,orientation_cued_D4,0.00077,1.0000,0.1781,0.145,0.012
238,15232,orientation_cued_D4,0.00043,1.0000,0.0615,0.162,0.009
239,15296,orientation_cued_D4,0.00046,1.0000,0.0759,0.143,0.007
240,15360,orientation_cued_D0,0.00020,1.0000,0.0337,0.078,0.007
241,15424,orientation_cued_D0,0.00037,1.0000,0.0744,0.078,0.004
242,15488,orientation_cued_D0,0.00084,1.0000,0.2750,0.077,0.005
243,15552,orientation_cued_D24,0.00211,1.0000,0.6291,0.433,0.004
244,15616,orientation_cued_D24,0.00375,1.0000,1.0247,0.419,0.023
245,15680,orientation_cued_D24,0.00415,1.0000,0.9581,0.445,0.023
246,15744,orientation_cued_D12,0.00099,1.0000,0.2069,0.269,0.026
247,15808,orientation_cued_D12,0.00154,1.0000,0.3730,0.272,0.015
248,15872,orientation_cued_D12,0.00051,1.0000,0.0407,0.268,0.017
249,15936,orientation_cued_D4,0.00463,1.0000,3.7911,0.139,0.013
250,16000,orientation_cued_D4,0.00029,1.0000,0.0267,0.136,0.008
251,16064,orientation_cued_D4,0.00062,1.0000,0.1325,0.128,0.008
252,16128,orientation_cued_D0,0.00111,1.0000,0.2424,0.090,0.008
253,16192,orientation_cued_D0,0.00063,1.0000,0.1169,0.069,0.004
254,16256,orientation_cued_D0,0.00322,1.0000,1.6233,0.077,0.005
255,16320,orientation_cued_D24,0.00199,1.0000,0.8290,0.460,0.006
256,16384,orientation_cued_D24,0.00311,1.0000,1.6956,0.451,0.022
257,16448,orientation_cued_D24,0.00449,1.0000,4.7134,0.468,0.023
258,16512,orientation_cued_D12,0.00070,1.0000,0.1876,0.266,0.022
259,16576,orientation_cued_D12,0.00101,1.0000,0.4814,0.258,0.012
260,16640,orientation_cued_D12,0.03721,0.9844,14.6120,0.275,0.012
261,16704,orientation_cued_D4,0.00058,1.0000,0.1151,0.146,0.020
262,16768,orientation_cued_D4,0.00059,1.0000,0.1653,0.145,0.008
263,16832,orientation_cued_D4,0.00044,1.0000,0.0993,0.139,0.008
264,16896,orientation_cued_D0,0.00014,1.0000,0.0186,0.077,0.008
265,16960,orientation_cued_D0,0.00018,1.0000,0.0276,0.079,0.004
266,17024,orientation_cued_D0,0.00035,1.0000,0.0708,0.084,0.007
267,17088,orientation_cued_D24,0.00095,1.0000,0.5044,0.464,0.006
268,17152,orientation_cued_D24,0.01010,1.0000,18.5572,0.432,0.029
269,17216,orientation_cued_D24,0.00147,1.0000,0.5906,0.423,0.021
270,17280,orientation_cued_D12,0.00033,1.0000,0.0531,0.252,0.023
271,17344,orientation_cued_D12,0.00078,1.0000,0.3095,0.275,0.017
272,17408,orientation_cued_D12,0.00040,1.0000,0.0578,0.250,0.014
273,17472,orientation_cued_D4,0.00082,1.0000,0.3739,0.145,0.025
274,17536,orientation_cued_D4,0.00064,1.0000,0.1080,0.136,0.009
275,17600,orientation_cued_D4,0.00020,1.0000,0.0364,0.147,0.008
276,17664,orientation_cued_D0,0.00309,1.0000,1.3176,0.084,0.011
277,17728,orientation_cued_D0,0.00012,1.0000,0.0117,0.077,0.004
278,17792,orientation_cued_D0,0.00020,1.0000,0.0305,0.076,0.005
279,17856,orientation_cued_D24,0.00198,1.0000,0.4148,0.424,0.004
280,17920,orientation_cued_D24,0.00224,1.0000,0.5488,0.451,0.026
281,17984,orientation_cued_D24,0.00192,1.0000,0.9163,0.417,0.032
282,18048,orientation_cued_D12,0.00066,1.0000,0.2227,0.270,0.021
283,18112,orientation_cued_D12,0.00111,1.0000,0.7874,0.263,0.015
284,18176,orientation_cued_D12,0.00062,1.0000,0.1719,0.244,0.011
285,18240,orientation_cued_D4,0.00030,1.0000,0.0286,0.138,0.012
286,18304,orientation_cued_D4,0.00133,1.0000,0.8763,0.167,0.011
287,18368,orientation_cued_D4,0.00015,1.0000,0.0150,0.147,0.009
288,18432,orientation_cued_D0,0.00043,1.0000,0.1492,0.097,0.008
289,18496,orientation_cued_D0,0.01759,0.9844,7.4029,0.091,0.008
290,18560,orientation_cued_D0,0.00031,1.0000,0.0748,0.094,0.005
291,18624,orientation_cued_D24,0.00119,1.0000,1.0633,0.434,0.006
292,18688,orientation_cued_D24,0.00190,1.0000,0.7149,0.427,0.023
293,18752,orientation_cued_D24,0.00119,1.0000,0.2418,0.407,0.026
294,18816,orientation_cued_D12,0.00056,1.0000,0.2900,0.263,0.024
295,18880,orientation_cued_D12,0.00035,1.0000,0.0708,0.254,0.016
296,18944,orientation_cued_D12,0.00038,1.0000,0.0752,0.226,0.014
297,19008,orientation_cued_D4,0.00022,1.0000,0.0297,0.146,0.016
298,19072,orientation_cued_D4,0.00014,1.0000,0.0109,0.145,0.008
299,19136,orientation_cued_D4,0.00023,1.0000,0.0318,0.131,0.008
300,19200,orientation_cued_D0,0.00010,1.0000,0.0116,0.082,0.009
301,19264,orientation_cued_D0,0.00015,1.0000,0.0197,0.076,0.004
302,19328,orientation_cued_D0,0.00030,1.0000,0.0615,0.077,0.004
303,19392,orientation_cued_D24,0.00181,1.0000,1.1690,0.431,0.004
304,19456,orientation_cued_D24,0.00113,1.0000,0.4337,0.439,0.021
305,19520,orientation_cued_D24,0.00525,1.0000,1.7775,0.437,0.018
306,19584,orientation_cued_D12,0.00035,1.0000,0.0688,0.248,0.020
307,19648,orientation_cued_D12,0.00030,1.0000,0.0432,0.236,0.013
308,19712,orientation_cued_D12,0.00062,1.0000,0.3085,0.253,0.013
309,19776,orientation_cued_D4,0.00026,1.0000,0.0540,0.157,0.021
310,19840,orientation_cued_D4,0.00018,1.0000,0.0245,0.180,0.010
311,19904,orientation_cued_D4,0.00049,1.0000,0.1126,0.185,0.012
312,19968,orientation_cued_D0,0.00434,1.0000,3.7050,0.100,0.015
313,20032,orientation_cued_D0,0.00035,1.0000,0.0783,0.093,0.004
314,20096,orientation_cued_D0,0.00020,1.0000,0.0276,0.102,0.010
315,20160,orientation_cued_D24,0.00096,1.0000,0.6359,0.430,0.007
316,20224,orientation_cued_D24,0.00148,1.0000,0.7968,0.429,0.026
317,20288,orientation_cued_D24,0.00518,1.0000,7.0687,0.430,0.031
318,20352,orientation_cued_D12,0.00050,1.0000,0.0521,0.275,0.031
319,20416,orientation_cued_D12,0.00064,1.0000,0.1749,0.273,0.019
320,20480,orientation_cued_D12,0.00201,1.0000,2.0263,0.266,0.015
321,20544,orientation_cued_D4,0.00024,1.0000,0.0304,0.136,0.012
322,20608,orientation_cued_D4,0.00359,1.0000,2.2640,0.145,0.010
323,20672,orientation_cued_D4,0.00016,1.0000,0.0142,0.147,0.007
324,20736,orientation_cued_D0,0.00017,1.0000,0.0484,0.089,0.008
325,20800,orientation_cued_D0,0.00091,1.0000,0.3444,0.079,0.005
326,20864,orientation_cued_D0,0.00022,1.0000,0.0403,0.082,0.004
327,20928,orientation_cued_D24,0.00253,1.0000,1.2995,0.403,0.005
328,20992,orientation_cued_D24,0.00154,1.0000,0.7555,0.446,0.023
329,21056,orientation_cued_D24,0.00107,1.0000,0.2558,0.408,0.022
330,21120,orientation_cued_D12,0.00050,1.0000,0.1568,0.272,0.021
331,21184,orientation_cued_D12,0.00079,1.0000,1.0966,0.247,0.018
332,21248,orientation_cued_D12,0.00038,1.0000,0.0874,0.251,0.014
333,21312,orientation_cued_D4,0.00017,1.0000,0.0248,0.119,0.013
334,21376,orientation_cued_D4,0.02198,0.9844,14.5582,0.159,0.012
335,21440,orientation_cued_D4,0.00026,1.0000,0.0780,0.155,0.010
336,21504,orientation_cued_D0,0.00023,1.0000,0.0528,0.091,0.011
337,21568,orientation_cued_D0,0.03098,0.9844,8.5014,0.070,0.004
338,21632,orientation_cued_D0,0.00058,1.0000,0.3015,0.094,0.006
339,21696,orientation_cued_D24,0.00462,1.0000,6.0577,0.442,0.005
340,21760,orientation_cued_D24,0.00180,1.0000,0.8502,0.432,0.025
341,21824,orientation_cued_D24,0.00731,1.0000,11.1077,0.465,0.025
342,21888,orientation_cued_D12,0.00026,1.0000,0.0605,0.250,0.021
343,21952,orientation_cued_D12,0.00115,1.0000,0.7822,0.235,0.015
344,22016,orientation_cued_D12,0.00068,1.0000,0.2427,0.265,0.016
345,22080,orientation_cued_D4,0.00178,1.0000,0.7990,0.138,0.016
346,22144,orientation_cued_D4,0.00066,1.0000,0.2378,0.142,0.009
347,22208,orientation_cued_D4,0.00032,1.0000,0.0934,0.144,0.008
348,22272,orientation_cued_D0,0.00019,1.0000,0.0350,0.083,0.009
349,22336,orientation_cued_D0,0.00433,1.0000,1.7425,0.074,0.004
350,22400,orientation_cued_D0,0.00117,1.0000,0.7965,0.080,0.005
351,22464,orientation_cued_D24,0.00081,1.0000,0.4375,0.446,0.005
352,22528,orientation_cued_D24,0.00189,1.0000,0.7334,0.449,0.021
353,22592,orientation_cued_D24,0.00145,1.0000,0.5768,0.458,0.030
354,22656,orientation_cued_D12,0.00035,1.0000,0.0491,0.263,0.028
355,22720,orientation_cued_D12,0.00068,1.0000,0.3622,0.290,0.017
356,22784,orientation_cued_D12,0.01695,0.9844,13.4155,0.257,0.016
357,22848,orientation_cued_D4,0.00021,1.0000,0.0263,0.141,0.014
358,22912,orientation_cued_D4,0.00022,1.0000,0.0475,0.144,0.009
359,22976,orientation_cued_D4,0.00027,1.0000,0.0719,0.167,0.014
360,23040,orientation_cued_D0,0.00035,1.0000,0.0718,0.110,0.007
361,23104,orientation_cued_D0,0.00055,1.0000,0.4600,0.074,0.005
362,23168,orientation_cued_D0,0.00064,1.0000,0.4354,0.086,0.005
363,23232,orientation_cued_D24,0.00058,1.0000,0.1078,0.390,0.006
364,23296,orientation_cued_D24,0.00170,1.0000,0.7552,0.469,0.024
365,23360,orientation_cued_D24,0.00194,1.0000,1.0399,0.446,0.023
366,23424,orientation_cued_D12,0.00100,1.0000,0.8704,0.259,0.026
367,23488,orientation_cued_D12,0.00048,1.0000,0.2692,0.281,0.017
368,23552,orientation_cued_D12,0.00020,1.0000,0.0455,0.267,0.013
369,23616,orientation_cued_D4,0.00009,1.0000,0.0090,0.123,0.014
370,23680,orientation_cued_D4,0.00036,1.0000,0.0662,0.139,0.007
371,23744,orientation_cued_D4,0.00011,1.0000,0.0124,0.148,0.012
372,23808,orientation_cued_D0,0.00011,1.0000,0.0184,0.091,0.008
373,23872,orientation_cued_D0,0.00490,1.0000,3.4996,0.081,0.004
374,23936,orientation_cued_D0,0.00024,1.0000,0.1077,0.087,0.005
375,24000,orientation_cued_D24,0.00438,1.0000,8.5401,0.428,0.005
376,24064,orientation_cued_D24,0.00058,1.0000,0.2103,0.478,0.027
377,24128,orientation_cued_D24,0.00273,1.0000,4.1047,0.458,0.028
378,24192,orientation_cued_D12,0.00023,1.0000,0.0259,0.275,0.028
379,24256,orientation_cued_D12,0.00042,1.0000,0.0991,0.200,0.024
380,24320,orientation_cued_D12,0.00033,1.0000,0.1022,0.202,0.014
381,24384,orientation_cued_D4,0.00046,1.0000,0.3058,0.112,0.015
382,24448,orientation_cued_D4,0.00022,1.0000,0.0481,0.095,0.007
383,24512,orientation_cued_D4,0.00018,1.0000,0.0583,0.124,0.009
384,24576,orientation_cued_D0,0.00016,1.0000,0.0581,0.054,0.008
385,24640,orientation_cued_D0,0.00010,1.0000,0.0246,0.067,0.006
386,24704,orientation_cued_D0,0.00101,1.0000,0.6570,0.065,0.004
387,24768,orientation_cued_D24,0.00109,1.0000,0.3005,0.314,0.005
388,24832,orientation_cued_D24,0.00155,1.0000,0.4339,0.341,0.025
389,24896,orientation_cued_D24,0.00234,1.0000,1.8961,0.324,0.025
390,24960,orientation_cued_D12,0.00183,1.0000,2.5054,0.166,0.022
391,25024,orientation_cued_D12,0.00135,1.0000,1.1350,0.301,0.013
392,25088,orientation_cued_D12,0.00216,1.0000,1.6774,0.179,0.013
393,25152,orientation_cued_D4,0.00054,1.0000,0.2206,0.112,0.016
394,25216,orientation_cued_D4,0.00137,1.0000,0.7006,0.145,0.010
395,25280,orientation_cued_D4,0.00017,1.0000,0.0357,0.112,0.007
396,25344,orientation_cued_D0,0.00038,1.0000,0.1109,0.062,0.007
397,25408,orientation_cued_D0,0.00156,1.0000,0.7712,0.084,0.006
398,25472,orientation_cued_D0,0.00721,1.0000,5.2906,0.082,0.006
399,25536,orientation_cued_D24,0.00179,1.0000,0.9848,0.297,0.005
400,25600,orientation_cued_D24,0.00046,1.0000,0.2748,0.366,0.025
401,25664,orientation_cued_D24,0.00066,1.0000,0.1870,0.436,0.030
402,25728,orientation_cued_D12,0.00023,1.0000,0.0906,0.235,0.026
403,25792,orientation_cued_D12,0.00021,1.0000,0.1032,0.316,0.031
404,25856,orientation_cued_D12,0.00008,1.0000,0.0145,0.251,0.012
405,25920,orientation_cued_D4,0.00012,1.0000,0.0236,0.127,0.014
406,25984,orientation_cued_D4,0.00023,1.0000,0.0500,0.141,0.008
407,26048,orientation_cued_D4,0.00018,1.0000,0.0255,0.160,0.010
408,26112,orientation_cued_D0,0.00070,1.0000,0.2346,0.093,0.013
409,26176,orientation_cued_D0,0.00141,1.0000,0.9867,0.088,0.005
410,26240,orientation_cued_D0,0.00012,1.0000,0.0181,0.084,0.009
411,26304,orientation_cued_D24,0.00090,1.0000,0.7113,0.479,0.009
412,26368,orientation_cued_D24,0.00029,1.0000,0.0900,0.436,0.040
413,26432,orientation_cued_D24,0.00049,1.0000,0.1045,0.395,0.036
414,26496,orientation_cued_D12,0.00015,1.0000,0.0348,0.266,0.026
415,26560,orientation_cued_D12,0.00023,1.0000,0.0320,0.284,0.014
416,26624,orientation_cued_D12,0.00018,1.0000,0.0614,0.242,0.012
417,26688,orientation_cued_D4,0.00017,1.0000,0.0167,0.153,0.021
418,26752,orientation_cued_D4,0.00012,1.0000,0.0248,0.151,0.011
419,26816,orientation_cued_D4,0.00022,1.0000,0.0489,0.139,0.009
420,26880,orientation_cued_D0,0.00013,1.0000,0.0336,0.081,0.007
421,26944,orientation_cued_D0,0.00038,1.0000,0.1451,0.061,0.004
422,27008,orientation_cued_D0,0.00045,1.0000,0.1808,0.081,0.007
423,27072,orientation_cued_D24,0.00141,1.0000,1.9393,0.427,0.006
424,27136,orientation_cued_D24,0.00126,1.0000,0.5272,0.446,0.025
425,27200,orientation_cued_D24,0.00236,1.0000,3.4680,0.460,0.024
426,27264,orientation_cued_D12,0.00044,1.0000,0.3459,0.247,0.021
427,27328,orientation_cued_D12,0.00016,1.0000,0.0335,0.276,0.019
428,27392,orientation_cued_D12,0.00021,1.0000,0.0480,0.281,0.014
429,27456,orientation_cued_D4,0.00024,1.0000,0.1320,0.132,0.023
430,27520,orientation_cued_D4,0.00012,1.0000,0.0224,0.152,0.015
431,27584,orientation_cued_D4,0.00037,1.0000,0.2255,0.136,0.018
432,27648,orientation_cued_D0,0.00479,1.0000,3.2011,0.102,0.015
433,27712,orientation_cued_D0,0.00035,1.0000,0.0930,0.101,0.008
434,27776,orientation_cued_D0,0.00029,1.0000,0.1709,0.090,0.008
435,27840,orientation_cued_D24,0.00156,1.0000,2.9961,0.468,0.007
436,27904,orientation_cued_D24,0.00149,1.0000,2.6868,0.461,0.026
437,27968,orientation_cued_D24,0.00104,1.0000,0.3060,0.424,0.038
438,28032,orientation_cued_D12,0.00029,1.0000,0.0844,0.267,0.030
439,28096,orientation_cued_D12,0.00017,1.0000,0.0560,0.258,0.015
440,28160,orientation_cued_D12,0.00038,1.0000,0.0664,0.265,0.013
441,28224,orientation_cued_D4,0.00010,1.0000,0.0111,0.171,0.015
442,28288,orientation_cued_D4,0.00014,1.0000,0.0188,0.151,0.012
443,28352,orientation_cued_D4,0.00143,1.0000,0.8542,0.158,0.010
444,28416,orientation_cued_D0,0.00014,1.0000,0.0261,0.113,0.013
445,28480,orientation_cued_D0,0.00008,1.0000,0.0084,0.093,0.004
446,28544,orientation_cued_D0,0.00017,1.0000,0.0658,0.093,0.009
447,28608,orientation_cued_D24,0.00156,1.0000,1.3702,0.440,0.005
448,28672,orientation_cued_D24,0.00096,1.0000,0.1930,0.416,0.024
449,28736,orientation_cued_D24,0.00054,1.0000,0.0590,0.419,0.025
450,28800,orientation_cued_D12,0.00031,1.0000,0.0561,0.227,0.022
451,28864,orientation_cued_D12,0.00057,1.0000,0.2712,0.252,0.015
452,28928,orientation_cued_D12,0.00039,1.0000,0.2776,0.281,0.022
453,28992,orientation_cued_D4,0.00018,1.0000,0.0359,0.128,0.014
454,29056,orientation_cued_D4,0.00011,1.0000,0.0128,0.140,0.008
455,29120,orientation_cued_D4,0.00026,1.0000,0.1299,0.142,0.008
456,29184,orientation_cued_D0,0.01030,1.0000,6.7089,0.083,0.009
457,29248,orientation_cued_D0,0.00009,1.0000,0.0116,0.070,0.004
458,29312,orientation_cued_D0,0.00022,1.0000,0.0459,0.083,0.006
459,29376,orientation_cued_D24,0.00022,1.0000,0.0698,0.446,0.010
460,29440,orientation_cued_D24,0.00032,1.0000,0.1788,0.446,0.021
461,29504,orientation_cued_D24,0.00066,1.0000,0.3141,0.448,0.022
462,29568,orientation_cued_D12,0.00011,1.0000,0.0220,0.231,0.020
463,29632,orientation_cued_D12,0.00017,1.0000,0.0293,0.276,0.014
464,29696,orientation_cued_D12,0.00009,1.0000,0.0062,0.257,0.016
465,29760,orientation_cued_D4,0.00008,1.0000,0.0067,0.154,0.024
466,29824,orientation_cued_D4,0.00010,1.0000,0.0110,0.168,0.014
467,29888,orientation_cued_D4,0.00008,1.0000,0.0062,0.126,0.009
468,29952,orientation_cued_D0,0.00302,1.0000,2.2936,0.076,0.008
469,30016,orientation_cued_D0,0.00019,1.0000,0.0388,0.078,0.004
470,30080,orientation_cued_D0,0.00017,1.0000,0.0273,0.107,0.005
471,30144,orientation_cued_D24,0.00084,1.0000,0.6879,0.429,0.006
472,30208,orientation_cued_D24,0.00463,1.0000,3.2465,0.434,0.032
473,30272,orientation_cued_D24,0.00401,1.0000,4.6252,0.442,0.021
474,30336,orientation_cued_D12,0.00025,1.0000,0.0957,0.287,0.026
475,30400,orientation_cued_D12,0.00123,1.0000,2.2486,0.257,0.022
476,30464,orientation_cued_D12,0.00045,1.0000,0.5382,0.264,0.019
477,30528,orientation_cued_D4,0.00018,1.0000,0.0520,0.143,0.015
478,30592,orientation_cued_D4,0.00010,1.0000,0.0166,0.163,0.008
479,30656,orientation_cued_D0,0.00013,1.0000,0.0303,0.087,0.008
480,30720,orientation_cued_D4,0.00033,1.0000,0.0768,0.142,0.006
481,30784,orientation_cued_D0,0.00379,1.0000,1.6410,0.085,0.015
482,30848,orientation_cued_D24,0.00066,1.0000,0.7392,0.417,0.004
483,30912,orientation_cued_D0,0.00011,1.0000,0.0210,0.084,0.029
484,30976,orientation_cued_D24,0.00632,1.0000,21.0038,0.449,0.007
485,31040,orientation_cued_D12,0.00019,1.0000,0.0560,0.261,0.021
486,31104,orientation_cued_D24,0.00047,1.0000,0.1747,0.472,0.036
487,31168,orientation_cued_D12,0.00012,1.0000,0.0393,0.260,0.022
488,31232,orientation_cued_D4,0.00013,1.0000,0.0173,0.139,0.011
489,31296,orientation_cued_D12,0.00012,1.0000,0.0230,0.272,0.009
490,31360,orientation_cued_D4,0.00016,1.0000,0.0170,0.141,0.016
491,31424,orientation_cued_D0,0.00354,1.0000,2.1342,0.089,0.010
492,31488,orientation_cued_D4,0.00023,1.0000,0.0662,0.167,0.005
493,31552,orientation_cued_D0,0.00016,1.0000,0.0415,0.090,0.009
494,31616,orientation_cued_D0,0.00028,1.0000,0.0792,0.075,0.005
495,31680,orientation_cued_D24,0.00130,1.0000,2.9998,0.411,0.007
496,31744,orientation_cued_D24,0.00165,1.0000,3.7161,0.400,0.031
497,31808,orientation_cued_D24,0.00107,1.0000,2.5236,0.456,0.025
498,31872,orientation_cued_D12,0.00038,1.0000,0.2823,0.259,0.022
499,31936,orientation_cued_D12,0.00062,1.0000,0.5212,0.259,0.019
500,32000,orientation_cued_D12,0.00027,1.0000,0.1281,0.252,0.014
501,32064,orientation_cued_D4,0.00018,1.0000,0.0728,0.139,0.013
502,32128,orientation_cued_D4,0.00013,1.0000,0.0346,0.138,0.008
503,32192,orientation_cued_D4,0.00008,1.0000,0.0103,0.130,0.007
504,32256,orientation_cued_D0,0.00015,1.0000,0.0261,0.080,0.007
505,32320,orientation_cued_D0,0.00011,1.0000,0.0251,0.088,0.007
506,32384,orientation_cued_D0,0.00010,1.0000,0.0130,0.099,0.007
507,32448,orientation_cued_D24,0.00070,1.0000,0.5330,0.457,0.005
508,32512,orientation_cued_D24,0.00043,1.0000,0.2235,0.465,0.030
509,32576,orientation_cued_D24,0.00028,1.0000,0.2140,0.456,0.021
510,32640,orientation_cued_D12,0.00047,1.0000,0.4827,0.236,0.023
511,32704,orientation_cued_D12,0.00020,1.0000,0.0814,0.291,0.027
512,32768,orientation_cued_D12,0.00013,1.0000,0.0398,0.254,0.015
513,32832,orientation_cued_D4,0.00009,1.0000,0.0119,0.172,0.018
514,32896,orientation_cued_D4,0.00024,1.0000,0.0885,0.189,0.012
515,32960,orientation_cued_D4,0.00136,1.0000,1.1516,0.130,0.011
516,33024,orientation_cued_D0,0.00025,1.0000,0.1438,0.081,0.008
517,33088,orientation_cued_D0,0.00006,1.0000,0.0052,0.085,0.007
518,33152,orientation_cued_D0,0.00011,1.0000,0.0415,0.100,0.007
519,33216,orientation_cued_D24,0.00062,1.0000,0.3341,0.426,0.005
520,33280,orientation_cued_D24,0.00066,1.0000,0.2116,0.434,0.022
521,33344,orientation_cued_D24,0.00022,1.0000,0.0910,0.403,0.023
522,33408,orientation_cued_D12,0.00013,1.0000,0.0569,0.248,0.024
523,33472,orientation_cued_D12,0.00011,1.0000,0.0381,0.255,0.024
524,33536,orientation_cued_D12,0.00049,1.0000,0.2927,0.268,0.022
525,33600,orientation_cued_D4,0.00020,1.0000,0.0850,0.135,0.015
526,33664,orientation_cued_D4,0.00007,1.0000,0.0055,0.153,0.012
527,33728,orientation_cued_D4,0.00006,1.0000,0.0092,0.142,0.008
528,33792,orientation_cued_D0,0.00006,1.0000,0.0036,0.078,0.007
529,33856,orientation_cued_D0,0.00007,1.0000,0.0062,0.077,0.005
530,33920,orientation_cued_D0,0.00010,1.0000,0.0163,0.088,0.009
531,33984,orientation_cued_D24,0.00024,1.0000,0.0855,0.422,0.005
532,34048,orientation_cued_D24,0.00029,1.0000,0.2077,0.427,0.025
533,34112,orientation_cued_D24,0.00030,1.0000,0.2279,0.478,0.039
534,34176,orientation_cued_D12,0.00027,1.0000,0.0933,0.270,0.036
535,34240,orientation_cued_D12,0.00010,1.0000,0.0235,0.252,0.026
536,34304,orientation_cued_D12,0.00013,1.0000,0.0257,0.260,0.025
537,34368,orientation_cued_D4,0.00008,1.0000,0.0094,0.146,0.025
538,34432,orientation_cued_D4,0.00029,1.0000,0.1569,0.175,0.013
539,34496,orientation_cued_D4,0.00007,1.0000,0.0112,0.152,0.012
540,34560,orientation_cued_D0,0.00010,1.0000,0.0148,0.095,0.014
541,34624,orientation_cued_D0,0.00009,1.0000,0.0156,0.078,0.007
542,34688,orientation_cued_D0,0.01984,0.9844,10.0902,0.092,0.007
543,34752,orientation_cued_D24,0.00031,1.0000,0.0953,0.404,0.007
544,34816,orientation_cued_D24,0.00037,1.0000,0.2725,0.459,0.036
545,34880,orientation_cued_D24,0.00048,1.0000,0.0958,0.444,0.020
546,34944,orientation_cued_D12,0.00029,1.0000,0.1556,0.268,0.021
547,35008,orientation_cued_D12,0.00021,1.0000,0.0510,0.270,0.015
548,35072,orientation_cued_D12,0.00398,1.0000,4.8151,0.257,0.012
549,35136,orientation_cued_D4,0.00031,1.0000,0.1322,0.140,0.013
550,35200,orientation_cued_D4,0.00017,1.0000,0.0300,0.137,0.007
551,35264,orientation_cued_D4,0.00039,1.0000,0.2276,0.147,0.009
552,35328,orientation_cued_D0,0.00014,1.0000,0.0434,0.091,0.007
553,35392,orientation_cued_D0,0.00013,1.0000,0.0168,0.080,0.005
554,35456,orientation_cued_D0,0.00012,1.0000,0.0172,0.086,0.005
555,35520,orientation_cued_D24,0.00096,1.0000,0.2166,0.435,0.006
556,35584,orientation_cued_D24,0.00176,1.0000,1.8352,0.445,0.049
557,35648,orientation_cued_D24,0.00136,1.0000,0.3565,0.428,0.038
558,35712,orientation_cued_D12,0.00018,1.0000,0.0284,0.251,0.025
559,35776,orientation_cued_D12,0.00197,1.0000,5.2357,0.316,0.017
560,35840,orientation_cued_D12,0.00357,1.0000,4.3092,0.265,0.017
561,35904,orientation_cued_D4,0.00088,1.0000,0.3606,0.142,0.014
562,35968,orientation_cued_D4,0.00015,1.0000,0.0399,0.139,0.009
563,36032,orientation_cued_D4,0.00005,1.0000,0.0041,0.157,0.013
564,36096,orientation_cued_D0,0.00011,1.0000,0.0128,0.078,0.009
565,36160,orientation_cued_D0,0.00536,1.0000,3.7461,0.059,0.004
566,36224,orientation_cued_D0,0.01070,1.0000,5.0736,0.099,0.010
567,36288,orientation_cued_D24,0.00118,1.0000,1.4377,0.443,0.005
568,36352,orientation_cued_D24,0.00023,1.0000,0.1967,0.444,0.020
569,36416,orientation_cued_D24,0.00027,1.0000,0.1383,0.458,0.023
570,36480,orientation_cued_D12,0.00014,1.0000,0.0298,0.250,0.020
571,36544,orientation_cued_D12,0.00016,1.0000,0.0411,0.269,0.015
572,36608,orientation_cued_D12,0.00011,1.0000,0.0156,0.262,0.017
573,36672,orientation_cued_D4,0.00019,1.0000,0.0430,0.149,0.020
574,36736,orientation_cued_D4,0.00019,1.0000,0.1304,0.159,0.008
575,36800,orientation_cued_D4,0.00007,1.0000,0.0096,0.142,0.008
576,36864,orientation_cued_D0,0.00016,1.0000,0.0294,0.091,0.008
577,36928,orientation_cued_D0,0.00007,1.0000,0.0073,0.082,0.005
578,36992,orientation_cued_D0,0.00009,1.0000,0.0083,0.087,0.006
579,37056,orientation_cued_D24,0.00020,1.0000,0.0445,0.433,0.006
580,37120,orientation_cued_D24,0.00060,1.0000,0.7344,0.418,0.029
581,37184,orientation_cued_D24,0.00024,1.0000,0.0924,0.400,0.024
582,37248,orientation_cued_D12,0.00013,1.0000,0.0178,0.222,0.026
583,37312,orientation_cued_D12,0.00011,1.0000,0.0160,0.287,0.022
584,37376,orientation_cued_D12,0.00010,1.0000,0.0121,0.248,0.014
585,37440,orientation_cued_D4,0.00009,1.0000,0.0148,0.142,0.014
586,37504,orientation_cued_D4,0.00032,1.0000,0.2858,0.126,0.007
587,37568,orientation_cued_D4,0.00005,1.0000,0.0033,0.150,0.008
588,37632,orientation_cued_D0,0.01033,1.0000,7.1047,0.083,0.008
589,37696,orientation_cued_D0,0.00013,1.0000,0.0379,0.079,0.004
590,37760,orientation_cued_D0,0.00008,1.0000,0.0073,0.103,0.006
591,37824,orientation_cued_D24,0.00020,1.0000,0.0616,0.440,0.005
592,37888,orientation_cued_D24,0.00201,1.0000,2.3372,0.455,0.028
593,37952,orientation_cued_D24,0.00023,1.0000,0.0785,0.419,0.022
594,38016,orientation_cued_D12,0.00016,1.0000,0.0494,0.247,0.022
595,38080,orientation_cued_D12,0.00016,1.0000,0.1037,0.276,0.015
596,38144,orientation_cued_D12,0.00015,1.0000,0.0569,0.271,0.016
597,38208,orientation_cued_D4,0.00011,1.0000,0.0251,0.129,0.013
598,38272,orientation_cued_D4,0.00007,1.0000,0.0078,0.171,0.012
599,38336,orientation_cued_D4,0.00023,1.0000,0.1191,0.145,0.009
600,38400,orientation_cued_D0,0.00010,1.0000,0.0183,0.085,0.007
601,38464,orientation_cued_D0,0.00007,1.0000,0.0079,0.083,0.006
602,38528,orientation_cued_D0,0.00011,1.0000,0.0239,0.089,0.009
603,38592,orientation_cued_D24,0.00039,1.0000,0.3361,0.410,0.005
604,38656,orientation_cued_D24,0.00014,1.0000,0.0334,0.450,0.023
605,38720,orientation_cued_D24,0.00011,1.0000,0.0187,0.450,0.023
606,38784,orientation_cued_D12,0.00012,1.0000,0.0538,0.254,0.023
607,38848,orientation_cued_D12,0.00008,1.0000,0.0343,0.272,0.017
608,38912,orientation_cued_D12,0.00016,1.0000,0.0455,0.273,0.017
609,38976,orientation_cued_D4,0.00009,1.0000,0.0175,0.162,0.023
610,39040,orientation_cued_D4,0.00006,1.0000,0.0064,0.173,0.008
611,39104,orientation_cued_D4,0.00005,1.0000,0.0035,0.143,0.010
612,39168,orientation_cued_D0,0.00122,1.0000,0.9417,0.103,0.015
613,39232,orientation_cued_D0,0.00009,1.0000,0.0210,0.084,0.009
614,39296,orientation_cued_D0,0.00016,1.0000,0.0423,0.081,0.006
615,39360,orientation_cued_D24,0.00023,1.0000,0.2451,0.432,0.008
616,39424,orientation_cued_D24,0.00329,1.0000,8.4696,0.433,0.028
617,39488,orientation_cued_D24,0.00020,1.0000,0.0271,0.435,0.026
618,39552,orientation_cued_D12,0.00033,1.0000,0.2832,0.265,0.029
619,39616,orientation_cued_D12,0.00061,1.0000,0.4905,0.239,0.013
620,39680,orientation_cued_D12,0.00010,1.0000,0.0363,0.273,0.015
621,39744,orientation_cued_D4,0.00005,1.0000,0.0049,0.139,0.014
622,39808,orientation_cued_D4,0.00005,1.0000,0.0031,0.144,0.007
623,39872,orientation_cued_D4,0.00015,1.0000,0.0490,0.151,0.014
624,39936,orientation_cued_D0,0.00040,1.0000,0.1655,0.086,0.012
625,40000,orientation_cued_D0,0.00021,1.0000,0.0580,0.079,0.004
626,40064,orientation_cued_D0,0.00010,1.0000,0.0167,0.084,0.006
627,40128,orientation_cued_D24,0.00017,1.0000,0.0354,0.459,0.006
628,40192,orientation_cued_D24,0.04241,0.9844,36.9364,0.413,0.021
629,40256,orientation_cued_D24,0.00034,1.0000,0.1347,0.425,0.023
630,40320,orientation_cued_D12,0.00061,1.0000,0.2926,0.241,0.025
631,40384,orientation_cued_D12,0.00021,1.0000,0.1415,0.259,0.019
632,40448,orientation_cued_D12,0.00048,1.0000,0.2959,0.257,0.032
633,40512,orientation_cued_D4,0.00156,1.0000,0.3624,0.144,0.016
634,40576,orientation_cued_D4,0.00043,1.0000,0.1937,0.149,0.008
635,40640,orientation_cued_D4,0.02187,0.9844,7.4470,0.142,0.008
636,40704,orientation_cued_D0,0.00013,1.0000,0.0242,0.080,0.007
637,40768,orientation_cued_D0,0.00035,1.0000,0.1686,0.083,0.006
638,40832,orientation_cued_D0,0.00017,1.0000,0.0364,0.084,0.006
639,40896,orientation_cued_D24,0.06364,0.9531,71.7066,0.438,0.005
640,40960,orientation_cued_D24,0.01702,1.0000,16.5557,0.445,0.026
641,41024,orientation_cued_D24,0.01300,0.9844,22.4537,0.433,0.023
642,41088,orientation_cued_D12,0.00011,1.0000,0.0202,0.265,0.041
643,41152,orientation_cued_D12,0.00021,1.0000,0.0724,0.275,0.019
644,41216,orientation_cued_D12,0.00045,1.0000,1.0162,0.257,0.012
645,41280,orientation_cued_D4,0.00098,1.0000,0.8373,0.161,0.019
646,41344,orientation_cued_D4,0.00015,1.0000,0.0574,0.178,0.014
647,41408,orientation_cued_D4,0.00147,1.0000,1.1523,0.163,0.015
648,41472,orientation_cued_D0,0.00165,1.0000,1.6504,0.077,0.008
649,41536,orientation_cued_D0,0.00242,1.0000,1.9319,0.077,0.004
650,41600,orientation_cued_D0,0.00028,1.0000,0.1101,0.080,0.005
651,41664,orientation_cued_D24,0.94146,0.8594,165.0047,0.450,0.005
652,41728,orientation_cued_D24,0.53462,0.9219,216.9114,0.409,0.022
653,41792,orientation_cued_D24,0.10736,0.9688,38.1893,0.452,0.023
654,41856,orientation_cued_D12,0.01099,1.0000,6.3282,0.243,0.029
655,41920,orientation_cued_D12,0.18269,0.9688,13.8586,0.266,0.019
656,41984,orientation_cued_D12,0.49365,0.8750,47.6371,0.273,0.020
657,42048,orientation_cued_D4,0.01804,1.0000,6.0343,0.144,0.015
658,42112,orientation_cued_D4,0.04168,0.9844,11.1807,0.158,0.013
659,42176,orientation_cued_D4,0.02017,0.9844,6.2429,0.143,0.013
660,42240,orientation_cued_D0,0.01673,0.9844,6.9534,0.081,0.009
661,42304,orientation_cued_D0,0.02709,0.9844,7.0339,0.073,0.006
662,42368,orientation_cued_D0,0.00255,1.0000,0.7819,0.087,0.006
663,42432,orientation_cued_D24,1.01396,0.5469,42.6678,0.435,0.005
664,42496,orientation_cued_D24,0.87910,0.5000,27.6590,0.412,0.022
665,42560,orientation_cued_D24,0.79141,0.5312,19.3356,0.452,0.021
666,42624,orientation_cued_D12,0.34503,0.8438,33.8403,0.273,0.036
667,42688,orientation_cued_D12,0.42908,0.7656,31.3242,0.252,0.013
668,42752,orientation_cued_D12,0.35101,0.8750,16.9923,0.249,0.014
669,42816,orientation_cued_D4,0.12490,0.9531,6.3611,0.149,0.023
670,42880,orientation_cued_D4,0.08522,0.9688,3.4413,0.147,0.008
671,42944,orientation_cued_D4,0.12755,0.9375,9.0053,0.134,0.008
672,43008,orientation_cued_D0,0.03894,0.9844,4.4193,0.081,0.007
673,43072,orientation_cued_D0,0.07625,0.9531,8.1194,0.078,0.004
674,43136,orientation_cued_D0,0.00534,1.0000,0.8935,0.100,0.007
675,43200,orientation_cued_D24,0.59447,0.6094,20.9091,0.416,0.006
676,43264,orientation_cued_D24,0.39916,0.8125,17.7910,0.444,0.024
677,43328,orientation_cued_D24,0.29631,0.9062,16.5287,0.448,0.025
678,43392,orientation_cued_D12,0.13971,0.9688,9.7045,0.275,0.028
679,43456,orientation_cued_D12,0.07366,1.0000,3.9499,0.263,0.017
680,43520,orientation_cued_D12,0.06720,1.0000,4.4177,0.248,0.015
681,43584,orientation_cued_D4,0.10848,0.9844,7.7531,0.137,0.015
682,43648,orientation_cued_D4,0.05006,0.9844,5.0182,0.150,0.008
683,43712,orientation_cued_D4,0.07069,0.9688,7.7339,0.149,0.010
684,43776,orientation_cued_D0,0.00684,1.0000,1.3041,0.078,0.008
685,43840,orientation_cued_D0,0.00119,1.0000,0.1668,0.076,0.004
686,43904,orientation_cued_D0,0.00243,1.0000,0.5434,0.081,0.005
687,43968,orientation_cued_D24,0.20728,0.9219,34.2221,0.413,0.005
688,44032,orientation_cued_D24,0.09480,0.9375,8.5483,0.450,0.022
689,44096,orientation_cued_D24,0.05166,0.9844,7.3501,0.429,0.022
690,44160,orientation_cued_D12,0.01996,0.9844,4.3982,0.270,0.021
691,44224,orientation_cued_D12,0.02126,1.0000,4.1330,0.281,0.016
692,44288,orientation_cued_D12,0.02027,1.0000,3.2662,0.234,0.013
693,44352,orientation_cued_D4,0.00989,1.0000,1.7591,0.142,0.015
694,44416,orientation_cued_D4,0.00701,1.0000,1.5662,0.155,0.007
695,44480,orientation_cued_D4,0.01816,1.0000,3.7385,0.137,0.010
696,44544,orientation_cued_D0,0.00565,1.0000,2.2154,0.062,0.007
697,44608,orientation_cued_D0,0.06114,0.9844,9.4524,0.089,0.010
698,44672,orientation_cued_D0,0.00846,1.0000,1.8966,0.090,0.007
699,44736,orientation_cued_D24,0.02986,1.0000,13.7504,0.429,0.006
700,44800,orientation_cued_D24,0.00832,1.0000,1.6705,0.414,0.028
701,44864,orientation_cued_D24,0.03250,1.0000,3.5359,0.440,0.027
702,44928,orientation_cued_D12,0.01409,1.0000,3.5781,0.256,0.025
703,44992,orientation_cued_D12,0.00366,1.0000,0.7560,0.293,0.016
704,45056,orientation_cued_D12,0.00325,1.0000,0.9429,0.285,0.023
705,45120,orientation_cued_D4,0.00439,1.0000,1.0360,0.145,0.016
706,45184,orientation_cued_D4,0.00110,1.0000,0.3374,0.130,0.008
707,45248,orientation_cued_D4,0.00037,1.0000,0.0436,0.144,0.007
708,45312,orientation_cued_D0,0.00059,1.0000,0.0916,0.081,0.007
709,45376,orientation_cued_D0,0.01157,1.0000,3.6647,0.076,0.004
710,45440,orientation_cued_D0,0.00049,1.0000,0.1533,0.068,0.005
711,45504,orientation_cued_D24,0.00523,1.0000,1.4005,0.446,0.005
712,45568,orientation_cued_D24,0.00732,1.0000,3.2783,0.456,0.021
713,45632,orientation_cued_D24,0.05020,0.9688,20.4490,0.280,0.020
714,45696,orientation_cued_D12,0.00141,1.0000,0.3412,0.180,0.028
715,45760,orientation_cued_D12,0.00142,1.0000,0.1732,0.227,0.014
716,45824,orientation_cued_D12,0.00187,1.0000,0.4769,0.184,0.023
717,45888,orientation_cued_D4,0.00135,1.0000,0.2780,0.130,0.016
718,45952,orientation_cued_D4,0.00035,1.0000,0.0429,0.100,0.007
719,46016,orientation_cued_D4,0.00600,1.0000,2.0332,0.105,0.008
720,46080,orientation_cued_D0,0.00148,1.0000,0.3963,0.073,0.010
721,46144,orientation_cued_D0,0.00086,1.0000,0.2050,0.064,0.005
722,46208,orientation_cued_D0,0.00044,1.0000,0.0651,0.060,0.005
723,46272,orientation_cued_D24,0.01115,1.0000,7.2971,0.312,0.005
724,46336,orientation_cued_D24,0.00383,1.0000,1.6484,0.340,0.022
725,46400,orientation_cued_D24,0.00940,1.0000,4.4433,0.370,0.023
726,46464,orientation_cued_D12,0.00316,1.0000,1.2899,0.241,0.025
727,46528,orientation_cued_D12,0.00444,1.0000,1.8671,0.214,0.014
728,46592,orientation_cued_D12,0.00053,1.0000,0.0541,0.224,0.015
729,46656,orientation_cued_D4,0.00039,1.0000,0.0623,0.115,0.014
730,46720,orientation_cued_D4,0.00106,1.0000,0.2713,0.140,0.009
731,46784,orientation_cued_D4,0.00276,1.0000,1.0840,0.124,0.007
732,46848,orientation_cued_D0,0.00035,1.0000,0.0541,0.079,0.007
733,46912,orientation_cued_D0,0.00036,1.0000,0.0860,0.067,0.004
734,46976,orientation_cued_D0,0.00027,1.0000,0.0441,0.060,0.005
735,47040,orientation_cued_D24,0.00134,1.0000,0.6555,0.350,0.005
736,47104,orientation_cued_D24,0.00204,1.0000,0.8699,0.369,0.021
737,47168,orientation_cued_D24,0.00300,1.0000,2.8062,0.368,0.023
738,47232,orientation_cued_D12,0.00995,1.0000,2.4051,0.216,0.023
739,47296,orientation_cued_D12,0.00254,1.0000,1.1138,0.233,0.015
740,47360,orientation_cued_D12,0.00086,1.0000,0.2800,0.238,0.015
741,47424,orientation_cued_D4,0.00082,1.0000,0.5078,0.126,0.017
742,47488,orientation_cued_D4,0.00021,1.0000,0.0172,0.142,0.007
743,47552,orientation_cued_D4,0.00036,1.0000,0.0647,0.117,0.008
744,47616,orientation_cued_D0,0.00244,1.0000,1.0054,0.075,0.008
745,47680,orientation_cued_D0,0.00026,1.0000,0.0399,0.074,0.007
746,47744,orientation_cued_D0,0.00024,1.0000,0.0316,0.082,0.006
747,47808,orientation_cued_D24,0.00264,1.0000,2.1846,0.413,0.005
748,47872,orientation_cued_D24,0.00083,1.0000,0.0691,0.458,0.023
749,47936,orientation_cued_D24,0.00125,1.0000,0.4934,0.453,0.023
750,48000,orientation_cued_D12,0.00030,1.0000,0.0319,0.278,0.028
751,48064,orientation_cued_D12,0.00074,1.0000,0.1217,0.307,0.016
752,48128,orientation_cued_D12,0.00041,1.0000,0.0514,0.252,0.015
753,48192,orientation_cued_D4,0.00029,1.0000,0.0244,0.144,0.014
754,48256,orientation_cued_D4,0.00032,1.0000,0.0859,0.152,0.008
755,48320,orientation_cued_D4,0.00021,1.0000,0.0200,0.141,0.008
756,48384,orientation_cued_D0,0.00699,1.0000,4.2728,0.084,0.012
757,48448,orientation_cued_D0,0.00014,1.0000,0.0102,0.078,0.005
758,48512,orientation_cued_D0,0.00021,1.0000,0.0256,0.082,0.006
759,48576,orientation_cued_D24,0.00042,1.0000,0.0423,0.426,0.006
760,48640,orientation_cued_D24,0.00041,1.0000,0.0715,0.427,0.025
761,48704,orientation_cued_D24,0.00056,1.0000,0.0488,0.412,0.027
762,48768,orientation_cued_D12,0.00134,1.0000,0.4313,0.252,0.039
763,48832,orientation_cued_D12,0.00086,1.0000,0.2396,0.243,0.021
764,48896,orientation_cued_D12,0.00066,1.0000,0.1717,0.268,0.016
765,48960,orientation_cued_D4,0.00019,1.0000,0.0190,0.138,0.017
766,49024,orientation_cued_D4,0.00018,1.0000,0.0182,0.144,0.008
767,49088,orientation_cued_D4,0.00017,1.0000,0.0174,0.143,0.008
768,49152,orientation_cued_D0,0.00021,1.0000,0.0502,0.081,0.013
769,49216,orientation_cued_D0,0.00016,1.0000,0.0110,0.086,0.006
770,49280,orientation_cued_D0,0.00011,1.0000,0.0052,0.097,0.008
771,49344,orientation_cued_D24,0.00943,1.0000,4.5228,0.450,0.008
772,49408,orientation_cued_D24,0.00833,1.0000,7.9534,0.456,0.022
773,49472,orientation_cued_D24,0.00802,1.0000,5.6738,0.475,0.033
774,49536,orientation_cued_D12,0.00029,1.0000,0.0156,0.264,0.039
775,49600,orientation_cued_D12,0.00042,1.0000,0.0757,0.265,0.028
776,49664,orientation_cued_D12,0.00032,1.0000,0.0458,0.247,0.015
777,49728,orientation_cued_D4,0.00014,1.0000,0.0151,0.149,0.023
778,49792,orientation_cued_D4,0.00034,1.0000,0.0399,0.163,0.011
779,49856,orientation_cued_D4,0.00015,1.0000,0.0109,0.160,0.009
780,49920,orientation_cued_D0,0.02843,0.9844,6.9425,0.086,0.014
781,49984,orientation_cued_D0,0.00017,1.0000,0.0133,0.075,0.005
782,50048,orientation_cued_D0,0.00043,1.0000,0.1425,0.091,0.007
783,50112,orientation_cued_D24,0.00082,1.0000,0.2283,0.407,0.005
784,50176,orientation_cued_D24,0.00137,1.0000,1.1821,0.448,0.027
785,50240,orientation_cued_D24,0.00275,1.0000,1.0674,0.412,0.021
786,50304,orientation_cued_D12,0.00054,1.0000,0.1243,0.269,0.022
787,50368,orientation_cued_D12,0.00543,1.0000,3.1286,0.271,0.021
788,50432,orientation_cued_D12,0.00060,1.0000,0.2737,0.246,0.013
789,50496,orientation_cued_D4,0.00019,1.0000,0.0257,0.146,0.015
790,50560,orientation_cued_D4,0.00074,1.0000,0.2655,0.157,0.009
791,50624,orientation_cued_D4,0.00047,1.0000,0.2247,0.154,0.009
792,50688,orientation_cued_D0,0.00013,1.0000,0.0132,0.083,0.007
793,50752,orientation_cued_D0,0.00770,1.0000,4.6333,0.080,0.004
794,50816,orientation_cued_D0,0.00360,1.0000,1.7628,0.082,0.006
795,50880,orientation_cued_D24,0.00103,1.0000,0.2001,0.437,0.005
796,50944,orientation_cued_D24,0.00182,1.0000,0.5750,0.425,0.023
797,51008,orientation_cued_D24,0.00198,1.0000,0.4855,0.443,0.024
798,51072,orientation_cued_D12,0.00034,1.0000,0.0638,0.268,0.026
799,51136,orientation_cued_D12,0.00037,1.0000,0.1673,0.272,0.016
800,51200,orientation_cued_D12,0.00078,1.0000,0.3638,0.269,0.014
801,51264,orientation_cued_D4,0.00024,1.0000,0.0301,0.144,0.014
802,51328,orientation_cued_D4,0.00025,1.0000,0.0378,0.145,0.008
803,51392,orientation_cued_D4,0.00036,1.0000,0.0981,0.138,0.009
804,51456,orientation_cued_D0,0.00030,1.0000,0.0680,0.088,0.008
805,51520,orientation_cued_D0,0.00008,1.0000,0.0031,0.084,0.005
806,51584,orientation_cued_D0,0.00024,1.0000,0.0485,0.097,0.011
807,51648,orientation_cued_D24,0.00036,1.0000,0.0570,0.457,0.005
808,51712,orientation_cued_D24,0.00316,1.0000,1.0742,0.470,0.023
809,51776,orientation_cued_D24,0.00043,1.0000,0.0757,0.491,0.029
810,51840,orientation_cued_D12,0.00036,1.0000,0.0597,0.261,0.023
811,51904,orientation_cued_D12,0.00174,1.0000,0.7044,0.273,0.019
812,51968,orientation_cued_D12,0.00024,1.0000,0.0587,0.291,0.025
813,52032,orientation_cued_D4,0.00013,1.0000,0.0100,0.135,0.014
814,52096,orientation_cued_D4,0.00012,1.0000,0.0097,0.147,0.008
815,52160,orientation_cued_D4,0.00022,1.0000,0.0320,0.169,0.014
816,52224,orientation_cued_D0,0.00998,1.0000,6.3543,0.090,0.009
817,52288,orientation_cued_D0,0.00026,1.0000,0.0813,0.080,0.005
818,52352,orientation_cued_D0,0.00024,1.0000,0.0646,0.082,0.007
819,52416,orientation_cued_D24,0.00045,1.0000,0.1425,0.454,0.005
820,52480,orientation_cued_D24,0.00068,1.0000,0.1326,0.455,0.021
821,52544,orientation_cued_D24,0.00060,1.0000,0.0908,0.466,0.028
822,52608,orientation_cued_D12,0.00020,1.0000,0.0149,0.269,0.023
823,52672,orientation_cued_D12,0.00026,1.0000,0.0334,0.260,0.019
824,52736,orientation_cued_D12,0.00028,1.0000,0.0415,0.279,0.013
825,52800,orientation_cued_D4,0.00078,1.0000,0.4441,0.154,0.025
826,52864,orientation_cued_D4,0.00009,1.0000,0.0049,0.145,0.007
827,52928,orientation_cued_D4,0.00031,1.0000,0.0782,0.142,0.013
828,52992,orientation_cued_D0,0.00091,1.0000,0.4769,0.088,0.013
829,53056,orientation_cued_D0,0.00026,1.0000,0.1072,0.086,0.004
830,53120,orientation_cued_D0,0.07575,0.9844,17.3610,0.107,0.010
831,53184,orientation_cued_D24,0.00084,1.0000,0.3641,0.445,0.008
832,53248,orientation_cued_D24,0.00110,1.0000,0.4611,0.430,0.029
833,53312,orientation_cued_D24,0.00106,1.0000,0.3825,0.466,0.041
834,53376,orientation_cued_D12,0.00024,1.0000,0.0320,0.262,0.039
835,53440,orientation_cued_D12,0.00060,1.0000,0.3267,0.282,0.017
836,53504,orientation_cued_D12,0.00037,1.0000,0.0660,0.271,0.014
837,53568,orientation_cued_D4,0.00037,1.0000,0.0554,0.162,0.019
838,53632,orientation_cued_D4,0.00021,1.0000,0.0424,0.147,0.008
839,53696,orientation_cued_D4,0.01212,0.9844,6.3052,0.138,0.008
840,53760,orientation_cued_D0,0.01176,0.9844,9.4683,0.081,0.011
841,53824,orientation_cued_D0,0.00310,1.0000,1.6714,0.077,0.004
842,53888,orientation_cued_D0,0.00079,1.0000,0.1883,0.081,0.004
843,53952,orientation_cued_D24,0.00080,1.0000,0.3157,0.464,0.008
844,54016,orientation_cued_D24,0.00609,1.0000,4.8873,0.447,0.026
845,54080,orientation_cued_D24,0.00074,1.0000,0.5527,0.406,0.021
846,54144,orientation_cued_D12,0.00035,1.0000,0.1451,0.252,0.026
847,54208,orientation_cued_D12,0.00084,1.0000,0.5734,0.271,0.014
848,54272,orientation_cued_D12,0.00083,1.0000,0.3779,0.277,0.022
849,54336,orientation_cued_D4,0.00025,1.0000,0.0552,0.152,0.026
850,54400,orientation_cued_D4,0.00034,1.0000,0.1085,0.133,0.008
851,54464,orientation_cued_D4,0.00020,1.0000,0.0168,0.145,0.007
852,54528,orientation_cued_D0,0.04106,0.9844,15.5902,0.096,0.013
853,54592,orientation_cued_D0,0.00857,1.0000,4.4679,0.080,0.004
854,54656,orientation_cued_D0,0.00027,1.0000,0.0689,0.070,0.004
855,54720,orientation_cued_D24,0.00246,1.0000,1.7417,0.495,0.009
856,54784,orientation_cued_D24,0.00072,1.0000,0.2173,0.450,0.042
857,54848,orientation_cued_D24,0.00135,1.0000,0.3178,0.433,0.023
858,54912,orientation_cued_D12,0.00208,1.0000,1.2010,0.242,0.024
859,54976,orientation_cued_D12,0.00206,1.0000,0.6597,0.278,0.018
860,55040,orientation_cued_D12,0.00763,1.0000,3.5184,0.254,0.023
861,55104,orientation_cued_D4,0.00153,1.0000,0.5911,0.144,0.013
862,55168,orientation_cued_D4,0.00035,1.0000,0.0774,0.150,0.009
863,55232,orientation_cued_D4,0.00033,1.0000,0.0536,0.127,0.009
864,55296,orientation_cued_D0,0.03577,0.9844,9.2093,0.092,0.009
865,55360,orientation_cued_D0,0.00023,1.0000,0.0467,0.078,0.005
866,55424,orientation_cued_D0,0.00034,1.0000,0.0670,0.099,0.009
867,55488,orientation_cued_D24,0.00253,1.0000,1.7329,0.463,0.006
868,55552,orientation_cued_D24,0.02002,0.9844,26.9611,0.453,0.021
869,55616,orientation_cued_D24,0.00228,1.0000,0.7278,0.463,0.021
870,55680,orientation_cued_D12,0.00235,1.0000,0.6820,0.268,0.022
871,55744,orientation_cued_D12,0.00133,1.0000,0.8129,0.264,0.017
872,55808,orientation_cued_D12,0.00473,1.0000,3.1796,0.277,0.023
873,55872,orientation_cued_D4,0.00018,1.0000,0.0151,0.144,0.023
874,55936,orientation_cued_D4,0.00018,1.0000,0.0320,0.119,0.010
875,56000,orientation_cued_D0,0.00014,1.0000,0.0166,0.084,0.012
876,56064,orientation_cued_D4,0.00014,1.0000,0.0115,0.174,0.006
877,56128,orientation_cued_D0,0.00059,1.0000,0.2781,0.080,0.008
878,56192,orientation_cued_D24,0.03029,0.9844,21.4658,0.463,0.007
879,56256,orientation_cued_D0,0.00012,1.0000,0.0142,0.076,0.026
880,56320,orientation_cued_D24,0.00755,1.0000,7.1979,0.431,0.006
881,56384,orientation_cued_D12,0.00028,1.0000,0.0411,0.254,0.031
882,56448,orientation_cued_D24,0.00225,1.0000,3.4169,0.465,0.018
883,56512,orientation_cued_D12,0.00057,1.0000,0.2456,0.270,0.021
884,56576,orientation_cued_D4,0.00105,1.0000,0.4457,0.143,0.013
885,56640,orientation_cued_D12,0.00036,1.0000,0.1176,0.268,0.007
886,56704,orientation_cued_D4,0.00045,1.0000,0.1900,0.146,0.018
887,56768,orientation_cued_D0,0.00145,1.0000,1.2858,0.093,0.010
888,56832,orientation_cued_D4,0.00018,1.0000,0.0259,0.149,0.007
889,56896,orientation_cued_D0,0.00010,1.0000,0.0064,0.078,0.008
890,56960,orientation_cued_D0,0.05037,0.9844,10.0867,0.079,0.004
891,57024,orientation_cued_D24,0.00250,1.0000,1.9736,0.458,0.007
892,57088,orientation_cued_D24,0.00157,1.0000,1.1027,0.465,0.023
893,57152,orientation_cued_D24,0.00953,1.0000,11.7318,0.451,0.022
894,57216,orientation_cued_D12,0.00085,1.0000,0.2589,0.239,0.030
895,57280,orientation_cued_D12,0.00038,1.0000,0.1594,0.289,0.019
896,57344,orientation_cued_D12,0.00043,1.0000,0.0525,0.262,0.012
897,57408,orientation_cued_D4,0.00016,1.0000,0.0170,0.149,0.024
898,57472,orientation_cued_D4,0.00022,1.0000,0.0759,0.153,0.009
899,57536,orientation_cued_D4,0.00011,1.0000,0.0080,0.163,0.013
900,57600,orientation_cued_D0,0.00011,1.0000,0.0076,0.098,0.020
901,57664,orientation_cued_D0,0.00119,1.0000,0.5102,0.091,0.008
902,57728,orientation_cued_D0,0.00010,1.0000,0.0077,0.092,0.011
903,57792,orientation_cued_D24,0.00065,1.0000,0.2975,0.418,0.004
904,57856,orientation_cued_D24,0.00028,1.0000,0.0403,0.477,0.039
905,57920,orientation_cued_D24,0.00036,1.0000,0.0623,0.448,0.023
906,57984,orientation_cued_D12,0.01197,0.9844,6.7457,0.259,0.022
907,58048,orientation_cued_D12,0.00019,1.0000,0.0272,0.272,0.017
908,58112,orientation_cued_D12,0.00016,1.0000,0.0205,0.269,0.020
909,58176,orientation_cued_D4,0.00048,1.0000,0.1906,0.122,0.013
910,58240,orientation_cued_D4,0.00018,1.0000,0.0269,0.153,0.008
911,58304,orientation_cued_D4,0.00027,1.0000,0.0586,0.177,0.013
912,58368,orientation_cued_D0,0.00050,1.0000,0.2480,0.088,0.013
913,58432,orientation_cued_D0,0.00030,1.0000,0.0647,0.086,0.006
914,58496,orientation_cued_D0,0.00137,1.0000,1.0233,0.091,0.007
915,58560,orientation_cued_D24,0.00027,1.0000,0.0592,0.416,0.005
916,58624,orientation_cued_D24,0.00052,1.0000,0.1039,0.429,0.030
917,58688,orientation_cued_D24,0.00108,1.0000,0.3187,0.456,0.027
918,58752,orientation_cued_D12,0.00064,1.0000,0.1914,0.264,0.027
919,58816,orientation_cued_D12,0.00027,1.0000,0.0323,0.328,0.029
920,58880,orientation_cued_D12,0.00047,1.0000,0.0842,0.265,0.018
921,58944,orientation_cued_D4,0.00016,1.0000,0.0258,0.136,0.015
922,59008,orientation_cued_D4,0.00030,1.0000,0.0720,0.140,0.013
923,59072,orientation_cued_D4,0.00070,1.0000,0.2345,0.132,0.009
924,59136,orientation_cued_D0,0.00047,1.0000,0.1316,0.091,0.009
925,59200,orientation_cued_D0,0.00017,1.0000,0.0334,0.099,0.006
926,59264,orientation_cued_D0,0.00014,1.0000,0.0233,0.089,0.009
927,59328,orientation_cued_D24,0.00401,1.0000,2.8499,0.459,0.005
928,59392,orientation_cued_D24,0.00032,1.0000,0.0631,0.465,0.022
929,59456,orientation_cued_D24,0.00123,1.0000,0.6878,0.443,0.025
930,59520,orientation_cued_D12,0.00036,1.0000,0.0970,0.247,0.021
931,59584,orientation_cued_D12,0.00014,1.0000,0.0117,0.282,0.015
932,59648,orientation_cued_D12,0.00017,1.0000,0.0170,0.256,0.014
933,59712,orientation_cued_D4,0.00022,1.0000,0.0315,0.143,0.012
934,59776,orientation_cued_D4,0.00015,1.0000,0.0197,0.129,0.008
935,59840,orientation_cued_D4,0.00029,1.0000,0.0455,0.170,0.013
936,59904,orientation_cued_D0,0.00065,1.0000,0.2892,0.094,0.010
937,59968,orientation_cued_D0,0.00017,1.0000,0.0199,0.083,0.005
938,60032,orientation_cued_D0,0.00207,1.0000,0.9326,0.094,0.009
939,60096,orientation_cued_D24,0.00052,1.0000,0.2289,0.449,0.005
940,60160,orientation_cued_D24,0.00046,1.0000,0.0914,0.467,0.024
941,60224,orientation_cued_D24,0.00019,1.0000,0.0514,0.425,0.030
942,60288,orientation_cued_D12,0.00020,1.0000,0.0240,0.260,0.024
943,60352,orientation_cued_D12,0.00012,1.0000,0.0159,0.271,0.019
944,60416,orientation_cued_D12,0.00015,1.0000,0.0102,0.258,0.020
945,60480,orientation_cued_D4,0.00022,1.0000,0.0475,0.164,0.016
946,60544,orientation_cued_D4,0.00036,1.0000,0.1258,0.166,0.015
947,60608,orientation_cued_D4,0.00013,1.0000,0.0128,0.130,0.013
948,60672,orientation_cued_D0,0.00016,1.0000,0.0257,0.083,0.007
949,60736,orientation_cued_D0,0.00015,1.0000,0.0292,0.077,0.004
950,60800,orientation_cued_D0,0.00031,1.0000,0.0688,0.079,0.005
951,60864,orientation_cued_D24,0.00044,1.0000,0.1947,0.427,0.004
952,60928,orientation_cued_D24,0.00092,1.0000,0.8110,0.457,0.025
953,60992,orientation_cued_D24,0.00073,1.0000,0.2481,0.463,0.021
954,61056,orientation_cued_D12,0.00038,1.0000,0.1337,0.263,0.020
955,61120,orientation_cued_D12,0.00013,1.0000,0.0077,0.262,0.013
956,61184,orientation_cued_D12,0.00013,1.0000,0.0086,0.276,0.014
957,61248,orientation_cued_D4,0.00014,1.0000,0.0166,0.137,0.012
958,61312,orientation_cued_D4,0.00023,1.0000,0.0464,0.153,0.007
959,61376,orientation_cued_D4,0.00010,1.0000,0.0092,0.159,0.008
960,61440,orientation_cued_D0,0.00017,1.0000,0.0314,0.088,0.007
961,61504,orientation_cued_D0,0.00149,1.0000,0.7866,0.069,0.004
962,61568,orientation_cued_D0,0.00011,1.0000,0.0106,0.100,0.006
963,61632,orientation_cued_D24,0.00098,1.0000,1.1917,0.438,0.008
964,61696,orientation_cued_D24,0.00041,1.0000,0.1556,0.449,0.026
965,61760,orientation_cued_D24,0.00015,1.0000,0.0122,0.426,0.026
966,61824,orientation_cued_D12,0.00019,1.0000,0.0291,0.240,0.025
967,61888,orientation_cued_D12,0.00028,1.0000,0.0676,0.326,0.019
968,61952,orientation_cued_D12,0.00017,1.0000,0.0174,0.254,0.013
969,62016,orientation_cued_D4,0.00010,1.0000,0.0133,0.141,0.012
970,62080,orientation_cued_D4,0.00010,1.0000,0.0072,0.133,0.007
971,62144,orientation_cued_D4,0.00022,1.0000,0.0465,0.157,0.008
972,62208,orientation_cued_D0,0.00048,1.0000,0.2007,0.101,0.014
973,62272,orientation_cued_D0,0.00018,1.0000,0.0266,0.088,0.004
974,62336,orientation_cued_D0,0.00049,1.0000,0.3109,0.079,0.008
975,62400,orientation_cued_D24,0.00029,1.0000,0.0931,0.429,0.008
976,62464,orientation_cued_D24,0.00038,1.0000,0.1437,0.470,0.023
977,62528,orientation_cued_D24,0.00028,1.0000,0.0324,0.427,0.022
978,62592,orientation_cued_D12,0.00021,1.0000,0.0451,0.247,0.021
979,62656,orientation_cued_D12,0.00016,1.0000,0.0594,0.250,0.015
980,62720,orientation_cued_D12,0.00012,1.0000,0.0146,0.263,0.016
981,62784,orientation_cued_D4,0.00043,1.0000,0.1127,0.142,0.013
982,62848,orientation_cued_D4,0.00011,1.0000,0.0075,0.147,0.007
983,62912,orientation_cued_D4,0.00020,1.0000,0.0215,0.147,0.008
984,62976,orientation_cued_D0,0.00010,1.0000,0.0065,0.098,0.011
985,63040,orientation_cued_D0,0.00736,1.0000,4.0292,0.080,0.005
986,63104,orientation_cued_D0,0.00028,1.0000,0.0812,0.081,0.005
987,63168,orientation_cued_D24,0.00024,1.0000,0.0817,0.430,0.005
988,63232,orientation_cued_D24,0.00018,1.0000,0.0320,0.435,0.022
989,63296,orientation_cued_D24,0.00016,1.0000,0.0218,0.426,0.029
990,63360,orientation_cued_D12,0.00016,1.0000,0.0143,0.265,0.032
991,63424,orientation_cued_D12,0.00030,1.0000,0.0929,0.272,0.015
992,63488,orientation_cued_D12,0.00009,1.0000,0.0064,0.237,0.012
993,63552,orientation_cued_D4,0.00012,1.0000,0.0150,0.140,0.014
994,63616,orientation_cued_D4,0.00015,1.0000,0.0358,0.156,0.009
995,63680,orientation_cued_D4,0.00013,1.0000,0.0160,0.138,0.019
996,63744,orientation_cued_D0,0.00016,1.0000,0.0254,0.100,0.013
997,63808,orientation_cued_D0,0.04076,0.9844,10.8071,0.088,0.007
998,63872,orientation_cued_D0,0.00014,1.0000,0.0335,0.079,0.009
999,63936,orientation_cued_D24,0.00076,1.0000,0.3256,0.458,0.007
1000,64000,orientation_cued_D24,0.00061,1.0000,0.2211,0.439,0.039
1001,64064,orientation_cued_D24,0.00030,1.0000,0.1119,0.388,0.024
1002,64128,orientation_cued_D12,0.00012,1.0000,0.0101,0.267,0.025
1003,64192,orientation_cued_D12,0.00019,1.0000,0.0458,0.283,0.022
1004,64256,orientation_cued_D12,0.00022,1.0000,0.0384,0.227,0.014
1005,64320,orientation_cued_D4,0.00013,1.0000,0.0179,0.144,0.013
1006,64384,orientation_cued_D4,0.00011,1.0000,0.0073,0.164,0.012
1007,64448,orientation_cued_D4,0.00011,1.0000,0.0155,0.152,0.010
1008,64512,orientation_cued_D0,0.00011,1.0000,0.0079,0.083,0.009
1009,64576,orientation_cued_D0,0.00198,1.0000,1.1804,0.079,0.005
1010,64640,orientation_cued_D0,0.00011,1.0000,0.0062,0.080,0.005
1011,64704,orientation_cued_D24,0.00125,1.0000,1.0067,0.442,0.004
1012,64768,orientation_cued_D24,0.00037,1.0000,0.1736,0.462,0.023
1013,64832,orientation_cued_D24,0.00144,1.0000,0.7840,0.464,0.022
1014,64896,orientation_cued_D12,0.00012,1.0000,0.0087,0.236,0.024
1015,64960,orientation_cued_D12,0.00014,1.0000,0.0221,0.290,0.016
1016,65024,orientation_cued_D12,0.00015,1.0000,0.0164,0.270,0.013
1017,65088,orientation_cued_D4,0.00011,1.0000,0.0102,0.145,0.019
1018,65152,orientation_cued_D4,0.00028,1.0000,0.0777,0.155,0.008
1019,65216,orientation_cued_D4,0.00120,1.0000,0.7252,0.150,0.009
1020,65280,orientation_cued_D0,0.00008,1.0000,0.0040,0.111,0.013
1021,65344,orientation_cued_D0,0.00098,1.0000,0.3640,0.087,0.005
1022,65408,orientation_cued_D0,0.00012,1.0000,0.0180,0.084,0.006
1023,65472,orientation_cued_D24,0.00043,1.0000,0.1686,0.450,0.008
1024,65536,orientation_cued_D24,0.00033,1.0000,0.1215,0.464,0.034
1025,65600,orientation_cued_D24,0.00149,1.0000,1.3485,0.466,0.023
1026,65664,orientation_cued_D12,0.00011,1.0000,0.0075,0.225,0.021
1027,65728,orientation_cued_D12,0.00011,1.0000,0.0116,0.281,0.016
1028,65792,orientation_cued_D12,0.00027,1.0000,0.0500,0.276,0.015
1029,65856,orientation_cued_D4,0.00010,1.0000,0.0081,0.146,0.021
1030,65920,orientation_cued_D4,0.00013,1.0000,0.0117,0.130,0.008
1031,65984,orientation_cued_D4,0.00127,1.0000,0.5631,0.161,0.013
1032,66048,orientation_cued_D0,0.00378,1.0000,2.0875,0.090,0.015
1033,66112,orientation_cued_D0,0.00013,1.0000,0.0090,0.084,0.005
1034,66176,orientation_cued_D0,0.00015,1.0000,0.0320,0.095,0.010
1035,66240,orientation_cued_D24,0.00269,1.0000,1.5426,0.410,0.007
1036,66304,orientation_cued_D24,0.00020,1.0000,0.0736,0.470,0.026
1037,66368,orientation_cued_D24,0.00065,1.0000,0.3943,0.461,0.037
1038,66432,orientation_cued_D12,0.00020,1.0000,0.0424,0.267,0.021
1039,66496,orientation_cued_D12,0.00013,1.0000,0.0104,0.263,0.019
1040,66560,orientation_cued_D12,0.00009,1.0000,0.0052,0.265,0.016
1041,66624,orientation_cued_D4,0.00007,1.0000,0.0046,0.161,0.027
1042,66688,orientation_cued_D4,0.00032,1.0000,0.1095,0.154,0.014
1043,66752,orientation_cued_D4,0.00007,1.0000,0.0033,0.147,0.008
1044,66816,orientation_cued_D0,0.01254,0.9844,7.6709,0.082,0.010
1045,66880,orientation_cued_D0,0.00019,1.0000,0.0267,0.078,0.008
1046,66944,orientation_cued_D0,0.00200,1.0000,1.2654,0.088,0.005
1047,67008,orientation_cued_D24,0.00023,1.0000,0.0377,0.322,0.005
1048,67072,orientation_cued_D24,0.00284,1.0000,1.1127,0.327,0.020
1049,67136,orientation_cued_D24,0.00012,1.0000,0.0123,0.296,0.021
1050,67200,orientation_cued_D12,0.00009,1.0000,0.0063,0.202,0.020
1051,67264,orientation_cued_D12,0.00007,1.0000,0.0043,0.221,0.022
1052,67328,orientation_cued_D12,0.00009,1.0000,0.0137,0.162,0.011
1053,67392,orientation_cued_D4,0.00006,1.0000,0.0017,0.147,0.016
1054,67456,orientation_cued_D4,0.00010,1.0000,0.0161,0.116,0.007
1055,67520,orientation_cued_D4,0.00008,1.0000,0.0075,0.111,0.007
1056,67584,orientation_cued_D0,0.00016,1.0000,0.0457,0.066,0.008
1057,67648,orientation_cued_D0,0.00020,1.0000,0.0576,0.076,0.005
1058,67712,orientation_cued_D0,0.00082,1.0000,0.4215,0.071,0.006
1059,67776,orientation_cued_D24,0.00044,1.0000,0.2316,0.317,0.005
1060,67840,orientation_cued_D24,0.00125,1.0000,0.9902,0.290,0.019
1061,67904,orientation_cued_D24,0.00081,1.0000,0.5489,0.356,0.025
1062,67968,orientation_cued_D12,0.00046,1.0000,0.6044,0.222,0.021
1063,68032,orientation_cued_D12,0.00038,1.0000,0.1366,0.187,0.014
1064,68096,orientation_cued_D12,0.00010,1.0000,0.0054,0.192,0.014
1065,68160,orientation_cued_D4,0.00008,1.0000,0.0055,0.144,0.016
1066,68224,orientation_cued_D4,0.00009,1.0000,0.0142,0.148,0.007
1067,68288,orientation_cued_D4,0.00221,1.0000,1.4337,0.089,0.009
1068,68352,orientation_cued_D0,0.00031,1.0000,0.0835,0.056,0.007
1069,68416,orientation_cued_D0,0.00065,1.0000,0.6367,0.057,0.005
1070,68480,orientation_cued_D0,0.00008,1.0000,0.0060,0.067,0.005
1071,68544,orientation_cued_D24,0.00028,1.0000,0.1476,0.452,0.006
1072,68608,orientation_cued_D24,0.00044,1.0000,0.0698,0.290,0.021
1073,68672,orientation_cued_D24,0.00029,1.0000,0.0739,0.397,0.025
1074,68736,orientation_cued_D12,0.00007,1.0000,0.0049,0.153,0.022
1075,68800,orientation_cued_D12,0.00027,1.0000,0.0771,0.259,0.013
1076,68864,orientation_cued_D12,0.00010,1.0000,0.0071,0.260,0.013
1077,68928,orientation_cued_D4,0.00057,1.0000,0.2971,0.140,0.010
1078,68992,orientation_cued_D4,0.00020,1.0000,0.0778,0.133,0.007
1079,69056,orientation_cued_D4,0.00040,1.0000,0.1663,0.145,0.008
1080,69120,orientation_cued_D0,0.00041,1.0000,0.2066,0.077,0.008
1081,69184,orientation_cued_D0,0.00013,1.0000,0.0267,0.077,0.004
1082,69248,orientation_cued_D0,0.00016,1.0000,0.0231,0.083,0.007
1083,69312,orientation_cued_D24,0.00027,1.0000,0.0671,0.450,0.005
1084,69376,orientation_cued_D24,0.00020,1.0000,0.0844,0.459,0.021
1085,69440,orientation_cued_D24,0.00031,1.0000,0.0641,0.433,0.033
1086,69504,orientation_cued_D12,0.00010,1.0000,0.0211,0.267,0.029
1087,69568,orientation_cued_D12,0.00010,1.0000,0.0117,0.286,0.016
1088,69632,orientation_cued_D12,0.00016,1.0000,0.0474,0.251,0.018
1089,69696,orientation_cued_D4,0.00009,1.0000,0.0060,0.157,0.021
1090,69760,orientation_cued_D4,0.00010,1.0000,0.0174,0.197,0.013
1091,69824,orientation_cued_D4,0.00019,1.0000,0.0857,0.131,0.007
1092,69888,orientation_cued_D0,0.00011,1.0000,0.0089,0.095,0.012
1093,69952,orientation_cued_D0,0.00008,1.0000,0.0064,0.096,0.004
1094,70016,orientation_cued_D0,0.00013,1.0000,0.0221,0.084,0.006
1095,70080,orientation_cued_D24,0.00017,1.0000,0.0209,0.412,0.005
1096,70144,orientation_cued_D24,0.00023,1.0000,0.0897,0.443,0.022
1097,70208,orientation_cued_D24,0.00018,1.0000,0.0288,0.430,0.025
1098,70272,orientation_cued_D12,0.00009,1.0000,0.0122,0.250,0.027
1099,70336,orientation_cued_D12,0.00012,1.0000,0.0140,0.333,0.029
1100,70400,orientation_cued_D12,0.00030,1.0000,0.1680,0.277,0.023
1101,70464,orientation_cued_D4,0.00008,1.0000,0.0059,0.142,0.015
1102,70528,orientation_cued_D4,0.00009,1.0000,0.0080,0.148,0.009
1103,70592,orientation_cued_D4,0.00011,1.0000,0.0111,0.120,0.009
1104,70656,orientation_cued_D0,0.00009,1.0000,0.0059,0.087,0.008
1105,70720,orientation_cued_D0,0.00069,1.0000,0.4680,0.079,0.004
1106,70784,orientation_cued_D0,0.00008,1.0000,0.0073,0.080,0.005
1107,70848,orientation_cued_D24,0.00012,1.0000,0.0127,0.437,0.006
1108,70912,orientation_cued_D24,0.00014,1.0000,0.0106,0.412,0.021
1109,70976,orientation_cued_D24,0.00012,1.0000,0.0161,0.451,0.026
1110,71040,orientation_cued_D12,0.00011,1.0000,0.0234,0.253,0.018
1111,71104,orientation_cued_D12,0.00017,1.0000,0.0332,0.290,0.024
1112,71168,orientation_cued_D12,0.00013,1.0000,0.0173,0.248,0.016
1113,71232,orientation_cued_D4,0.00055,1.0000,0.2148,0.147,0.020
1114,71296,orientation_cued_D4,0.00007,1.0000,0.0055,0.150,0.007
1115,71360,orientation_cued_D4,0.00011,1.0000,0.0120,0.162,0.014
1116,71424,orientation_cued_D0,0.00100,1.0000,0.6175,0.089,0.008
1117,71488,orientation_cued_D0,0.00027,1.0000,0.0811,0.084,0.007
1118,71552,orientation_cued_D0,0.00184,1.0000,1.8815,0.076,0.006
1119,71616,orientation_cued_D24,0.00012,1.0000,0.0112,0.439,0.011
1120,71680,orientation_cued_D24,0.00014,1.0000,0.0092,0.449,0.043
1121,71744,orientation_cued_D24,0.00017,1.0000,0.0434,0.427,0.031
1122,71808,orientation_cued_D12,0.00014,1.0000,0.0267,0.250,0.024
1123,71872,orientation_cued_D12,0.00008,1.0000,0.0042,0.269,0.015
1124,71936,orientation_cued_D12,0.00018,1.0000,0.0377,0.258,0.013
1125,72000,orientation_cued_D4,0.00008,1.0000,0.0060,0.137,0.013
1126,72064,orientation_cued_D4,0.00011,1.0000,0.0169,0.156,0.008
1127,72128,orientation_cued_D4,0.00007,1.0000,0.0045,0.143,0.008
1128,72192,orientation_cued_D0,0.00006,1.0000,0.0033,0.080,0.010
1129,72256,orientation_cued_D0,0.00034,1.0000,0.1193,0.076,0.004
1130,72320,orientation_cued_D0,0.00025,1.0000,0.1123,0.085,0.005
1131,72384,orientation_cued_D24,0.00023,1.0000,0.0326,0.448,0.005
1132,72448,orientation_cued_D24,0.00011,1.0000,0.0162,0.463,0.021
1133,72512,orientation_cued_D24,0.00041,1.0000,0.1464,0.468,0.023
1134,72576,orientation_cued_D12,0.00023,1.0000,0.0523,0.253,0.021
1135,72640,orientation_cued_D12,0.00009,1.0000,0.0051,0.276,0.022
1136,72704,orientation_cued_D12,0.00009,1.0000,0.0061,0.262,0.013
1137,72768,orientation_cued_D4,0.00009,1.0000,0.0082,0.149,0.020
1138,72832,orientation_cued_D4,0.00008,1.0000,0.0042,0.151,0.007
1139,72896,orientation_cued_D4,0.00008,1.0000,0.0050,0.138,0.008
1140,72960,orientation_cued_D0,0.00883,1.0000,4.8484,0.088,0.010
1141,73024,orientation_cued_D0,0.00017,1.0000,0.0237,0.080,0.007
1142,73088,orientation_cued_D0,0.00017,1.0000,0.0293,0.081,0.005
1143,73152,orientation_cued_D24,0.00020,1.0000,0.0542,0.429,0.006
1144,73216,orientation_cued_D24,0.00018,1.0000,0.0417,0.480,0.044
1145,73280,orientation_cued_D24,0.00015,1.0000,0.0249,0.451,0.025
1146,73344,orientation_cued_D12,0.00015,1.0000,0.0399,0.223,0.021
1147,73408,orientation_cued_D12,0.00009,1.0000,0.0062,0.270,0.017
1148,73472,orientation_cued_D12,0.00014,1.0000,0.0137,0.262,0.015
1149,73536,orientation_cued_D4,0.00008,1.0000,0.0065,0.135,0.014
1150,73600,orientation_cued_D4,0.00014,1.0000,0.0395,0.135,0.007
1151,73664,orientation_cued_D4,0.00011,1.0000,0.0147,0.146,0.008
1152,73728,orientation_cued_D0,0.00010,1.0000,0.0124,0.088,0.008
1153,73792,orientation_cued_D0,0.00010,1.0000,0.0098,0.084,0.004
1154,73856,orientation_cued_D0,0.00050,1.0000,0.1812,0.091,0.006
1155,73920,orientation_cued_D24,0.00021,1.0000,0.0539,0.461,0.007
1156,73984,orientation_cued_D24,0.00029,1.0000,0.1081,0.471,0.023
1157,74048,orientation_cued_D24,0.00019,1.0000,0.0390,0.427,0.021
1158,74112,orientation_cued_D12,0.00017,1.0000,0.0248,0.256,0.023
1159,74176,orientation_cued_D12,0.00020,1.0000,0.1062,0.280,0.021
1160,74240,orientation_cued_D12,0.00013,1.0000,0.0128,0.259,0.015
1161,74304,orientation_cued_D4,0.00007,1.0000,0.0042,0.141,0.017
1162,74368,orientation_cued_D4,0.00005,1.0000,0.0019,0.145,0.007
1163,74432,orientation_cued_D4,0.00008,1.0000,0.0072,0.160,0.014
1164,74496,orientation_cued_D0,0.00008,1.0000,0.0057,0.079,0.012
1165,74560,orientation_cued_D0,0.00029,1.0000,0.1035,0.077,0.004
1166,74624,orientation_cued_D0,0.00021,1.0000,0.0643,0.102,0.005
1167,74688,orientation_cued_D24,0.00022,1.0000,0.0316,0.425,0.005
1168,74752,orientation_cued_D24,0.00023,1.0000,0.1088,0.436,0.021
1169,74816,orientation_cued_D24,0.00012,1.0000,0.0105,0.422,0.022
1170,74880,orientation_cued_D12,0.00012,1.0000,0.0096,0.254,0.028
1171,74944,orientation_cued_D12,0.00053,1.0000,0.3619,0.271,0.014
1172,75008,orientation_cued_D12,0.00012,1.0000,0.0191,0.227,0.012
1173,75072,orientation_cued_D4,0.00013,1.0000,0.0325,0.146,0.015
1174,75136,orientation_cued_D4,0.00008,1.0000,0.0058,0.141,0.008
1175,75200,orientation_cued_D4,0.00006,1.0000,0.0035,0.143,0.008
1176,75264,orientation_cued_D0,0.00008,1.0000,0.0073,0.088,0.013
1177,75328,orientation_cued_D0,0.00019,1.0000,0.0797,0.095,0.007
1178,75392,orientation_cued_D0,0.00006,1.0000,0.0034,0.088,0.008
1179,75456,orientation_cued_D24,0.00013,1.0000,0.0098,0.441,0.005
1180,75520,orientation_cued_D24,0.00019,1.0000,0.0339,0.462,0.026
1181,75584,orientation_cued_D24,0.00022,1.0000,0.0596,0.484,0.039
1182,75648,orientation_cued_D12,0.00010,1.0000,0.0124,0.265,0.023
1183,75712,orientation_cued_D12,0.00018,1.0000,0.0420,0.303,0.020
1184,75776,orientation_cued_D12,0.00009,1.0000,0.0104,0.271,0.017
1185,75840,orientation_cued_D4,0.00010,1.0000,0.0079,0.135,0.015
1186,75904,orientation_cued_D4,0.00020,1.0000,0.0404,0.162,0.008
1187,75968,orientation_cued_D4,0.00012,1.0000,0.0176,0.142,0.009
1188,76032,orientation_cued_D0,0.00017,1.0000,0.0958,0.090,0.011
1189,76096,orientation_cued_D0,0.00025,1.0000,0.0773,0.081,0.005
1190,76160,orientation_cued_D0,0.00025,1.0000,0.1324,0.086,0.006
1191,76224,orientation_cued_D24,0.00091,1.0000,0.5561,0.435,0.006
1192,76288,orientation_cued_D24,0.00021,1.0000,0.0736,0.422,0.019
1193,76352,orientation_cued_D24,0.00066,1.0000,0.7773,0.436,0.026
1194,76416,orientation_cued_D12,0.00009,1.0000,0.0094,0.233,0.020
1195,76480,orientation_cued_D12,0.00013,1.0000,0.0178,0.289,0.015
1196,76544,orientation_cued_D12,0.00012,1.0000,0.0109,0.268,0.015
1197,76608,orientation_cued_D4,0.00011,1.0000,0.0180,0.142,0.012
1198,76672,orientation_cued_D4,0.00013,1.0000,0.0273,0.162,0.007
1199,76736,orientation_cued_D4,0.00011,1.0000,0.0280,0.132,0.009
1200,76800,orientation_cued_D0,0.00013,1.0000,0.0099,0.091,0.008
1201,76864,orientation_cued_D0,0.00012,1.0000,0.0179,0.062,0.005
1202,76928,orientation_cued_D0,0.00014,1.0000,0.0167,0.086,0.006
1203,76992,orientation_cued_D24,0.00049,1.0000,0.2632,0.435,0.005
1204,77056,orientation_cued_D24,0.00017,1.0000,0.0599,0.415,0.022
1205,77120,orientation_cued_D24,0.00036,1.0000,0.2250,0.433,0.025
1206,77184,orientation_cued_D12,0.00011,1.0000,0.0121,0.266,0.022
1207,77248,orientation_cued_D12,0.00007,1.0000,0.0050,0.280,0.018
1208,77312,orientation_cued_D12,0.00010,1.0000,0.0100,0.254,0.014
1209,77376,orientation_cued_D4,0.00005,1.0000,0.0029,0.143,0.016
1210,77440,orientation_cued_D4,0.00008,1.0000,0.0071,0.144,0.007
1211,77504,orientation_cued_D4,0.00007,1.0000,0.0061,0.144,0.012
1212,77568,orientation_cued_D0,0.00007,1.0000,0.0031,0.095,0.012
1213,77632,orientation_cued_D0,0.00009,1.0000,0.0056,0.077,0.004
1214,77696,orientation_cued_D0,0.00024,1.0000,0.1838,0.110,0.012
1215,77760,orientation_cued_D24,0.00030,1.0000,0.1289,0.479,0.008
1216,77824,orientation_cued_D24,0.00016,1.0000,0.0525,0.461,0.023
1217,77888,orientation_cued_D24,0.00066,1.0000,0.3666,0.410,0.023
1218,77952,orientation_cued_D12,0.00009,1.0000,0.0119,0.250,0.025
1219,78016,orientation_cued_D12,0.00008,1.0000,0.0049,0.296,0.017
1220,78080,orientation_cued_D12,0.00019,1.0000,0.0465,0.261,0.016
1221,78144,orientation_cued_D4,0.00007,1.0000,0.0051,0.150,0.015
1222,78208,orientation_cued_D4,0.00012,1.0000,0.0175,0.149,0.008
1223,78272,orientation_cued_D4,0.00008,1.0000,0.0078,0.128,0.008
1224,78336,orientation_cued_D0,0.00006,1.0000,0.0033,0.079,0.008
1225,78400,orientation_cued_D0,0.00009,1.0000,0.0075,0.080,0.004
1226,78464,orientation_cued_D0,0.00008,1.0000,0.0136,0.084,0.005
1227,78528,orientation_cued_D24,0.00044,1.0000,0.2436,0.410,0.005
1228,78592,orientation_cued_D24,0.00020,1.0000,0.0314,0.446,0.026
1229,78656,orientation_cued_D24,0.00014,1.0000,0.0118,0.436,0.021
1230,78720,orientation_cued_D12,0.00031,1.0000,0.1577,0.265,0.023
1231,78784,orientation_cued_D12,0.00008,1.0000,0.0067,0.265,0.012
1232,78848,orientation_cued_D12,0.00010,1.0000,0.0103,0.275,0.015
1233,78912,orientation_cued_D4,0.00006,1.0000,0.0033,0.150,0.015
1234,78976,orientation_cued_D4,0.00006,1.0000,0.0044,0.139,0.008
1235,79040,orientation_cued_D0,0.00046,1.0000,0.2836,0.093,0.008
1236,79104,orientation_cued_D4,0.00009,1.0000,0.0113,0.155,0.005
1237,79168,orientation_cued_D0,0.00009,1.0000,0.0114,0.080,0.010
1238,79232,orientation_cued_D24,0.00017,1.0000,0.0208,0.447,0.005
1239,79296,orientation_cued_D0,0.00208,1.0000,1.9198,0.079,0.022
1240,79360,orientation_cued_D24,0.00021,1.0000,0.0505,0.429,0.005
1241,79424,orientation_cued_D12,0.00006,1.0000,0.0059,0.262,0.028
1242,79488,orientation_cued_D24,0.00008,1.0000,0.0073,0.420,0.021
1243,79552,orientation_cued_D12,0.00007,1.0000,0.0047,0.242,0.045
1244,79616,orientation_cued_D4,0.00007,1.0000,0.0040,0.143,0.022
1245,79680,orientation_cued_D12,0.00010,1.0000,0.0076,0.252,0.008
1246,79744,orientation_cued_D4,0.00007,1.0000,0.0032,0.146,0.024
1247,79808,orientation_cued_D0,0.00216,1.0000,1.0798,0.079,0.007
1248,79872,orientation_cued_D4,0.00009,1.0000,0.0155,0.145,0.005
1249,79936,orientation_cued_D0,0.00009,1.0000,0.0065,0.079,0.009
1250,80000,orientation_cued_D0,0.00007,1.0000,0.0031,0.081,0.005
1251,80064,orientation_cued_D24,0.00014,1.0000,0.0616,0.447,0.006
1252,80128,orientation_cued_D24,0.00010,1.0000,0.0113,0.436,0.038
1253,80192,orientation_cued_D24,0.00012,1.0000,0.0125,0.459,0.028
1254,80256,orientation_cued_D12,0.00023,1.0000,0.0903,0.304,0.018
1255,80320,orientation_cued_D12,0.00014,1.0000,0.0391,0.301,0.027
1256,80384,orientation_cued_D12,0.00049,1.0000,0.3128,0.270,0.014
1257,80448,orientation_cued_D4,0.00005,1.0000,0.0018,0.132,0.013
1258,80512,orientation_cued_D4,0.00006,1.0000,0.0029,0.153,0.014
1259,80576,orientation_cued_D4,0.00008,1.0000,0.0062,0.142,0.007
1260,80640,orientation_cued_D0,0.00010,1.0000,0.0085,0.079,0.007
1261,80704,orientation_cued_D0,0.00010,1.0000,0.0216,0.094,0.009
1262,80768,orientation_cued_D0,0.00009,1.0000,0.0122,0.080,0.006
1263,80832,orientation_cued_D24,0.00011,1.0000,0.0292,0.435,0.008
1264,80896,orientation_cued_D24,0.00016,1.0000,0.0222,0.438,0.033
1265,80960,orientation_cued_D24,0.00014,1.0000,0.0172,0.434,0.023
1266,81024,orientation_cued_D12,0.00010,1.0000,0.0120,0.235,0.023
1267,81088,orientation_cued_D12,0.00008,1.0000,0.0111,0.272,0.017
1268,81152,orientation_cued_D12,0.00009,1.0000,0.0081,0.258,0.012
1269,81216,orientation_cued_D4,0.00007,1.0000,0.0041,0.141,0.021
1270,81280,orientation_cued_D4,0.00016,1.0000,0.0441,0.151,0.012
1271,81344,orientation_cued_D4,0.00006,1.0000,0.0036,0.154,0.013
1272,81408,orientation_cued_D0,0.00851,1.0000,6.1585,0.083,0.008
1273,81472,orientation_cued_D0,0.00009,1.0000,0.0079,0.081,0.005
1274,81536,orientation_cued_D0,0.00023,1.0000,0.0458,0.078,0.006
1275,81600,orientation_cued_D24,0.00015,1.0000,0.0536,0.468,0.008
1276,81664,orientation_cued_D24,0.00016,1.0000,0.0410,0.454,0.023
1277,81728,orientation_cued_D24,0.00018,1.0000,0.0674,0.473,0.023
1278,81792,orientation_cued_D12,0.00008,1.0000,0.0069,0.260,0.022
1279,81856,orientation_cued_D12,0.00007,1.0000,0.0028,0.277,0.017
1280,81920,orientation_cued_D12,0.00007,1.0000,0.0061,0.269,0.014
1281,81984,orientation_cued_D4,0.00009,1.0000,0.0170,0.141,0.018
1282,82048,orientation_cued_D4,0.00007,1.0000,0.0044,0.136,0.007
1283,82112,orientation_cued_D4,0.00006,1.0000,0.0047,0.169,0.008
1284,82176,orientation_cued_D0,0.00020,1.0000,0.0756,0.121,0.014
1285,82240,orientation_cued_D0,0.01498,0.9844,9.5524,0.095,0.005
1286,82304,orientation_cued_D0,0.00023,1.0000,0.0559,0.096,0.005
1287,82368,orientation_cued_D24,0.00025,1.0000,0.1493,0.421,0.006
1288,82432,orientation_cued_D24,0.00010,1.0000,0.0200,0.424,0.027
1289,82496,orientation_cued_D24,0.00014,1.0000,0.0107,0.428,0.037
1290,82560,orientation_cued_D12,0.00010,1.0000,0.0260,0.258,0.021
1291,82624,orientation_cued_D12,0.00010,1.0000,0.0237,0.294,0.016
1292,82688,orientation_cued_D12,0.00008,1.0000,0.0058,0.271,0.012
1293,82752,orientation_cued_D4,0.00013,1.0000,0.0386,0.144,0.014
1294,82816,orientation_cued_D4,0.00005,1.0000,0.0021,0.147,0.007
1295,82880,orientation_cued_D4,0.00005,1.0000,0.0011,0.155,0.008
1296,82944,orientation_cued_D0,0.00011,1.0000,0.0071,0.082,0.009
1297,83008,orientation_cued_D0,0.00010,1.0000,0.0197,0.094,0.005
1298,83072,orientation_cued_D0,0.00026,1.0000,0.0870,0.092,0.005
1299,83136,orientation_cued_D24,0.00006,1.0000,0.0052,0.470,0.010
1300,83200,orientation_cued_D24,0.00012,1.0000,0.0203,0.447,0.042
1301,83264,orientation_cued_D24,0.00012,1.0000,0.0173,0.430,0.026
1302,83328,orientation_cued_D12,0.00020,1.0000,0.1811,0.271,0.024
1303,83392,orientation_cued_D12,0.00009,1.0000,0.0139,0.246,0.014
1304,83456,orientation_cued_D12,0.00014,1.0000,0.1122,0.319,0.030
1305,83520,orientation_cued_D4,0.00007,1.0000,0.0066,0.143,0.013
1306,83584,orientation_cued_D4,0.00007,1.0000,0.0066,0.143,0.007
1307,83648,orientation_cued_D0,0.00018,1.0000,0.0312,0.080,0.008
1308,83712,orientation_cued_D4,0.00010,1.0000,0.0269,0.165,0.006
1309,83776,orientation_cued_D0,0.00012,1.0000,0.0095,0.086,0.015
1310,83840,orientation_cued_D24,0.00016,1.0000,0.1015,0.451,0.004
1311,83904,orientation_cued_D0,0.00366,1.0000,2.7749,0.087,0.039
1312,83968,orientation_cued_D24,0.00007,1.0000,0.0105,0.408,0.007
1313,84032,orientation_cued_D12,0.00011,1.0000,0.0436,0.272,0.023
1314,84096,orientation_cued_D24,0.00013,1.0000,0.0405,0.438,0.014
1315,84160,orientation_cued_D12,0.00008,1.0000,0.0080,0.221,0.019
1316,84224,orientation_cued_D4,0.00005,1.0000,0.0024,0.152,0.015
1317,84288,orientation_cued_D12,0.00007,1.0000,0.0074,0.296,0.015
1318,84352,orientation_cued_D4,0.00009,1.0000,0.0177,0.142,0.013
1319,84416,orientation_cued_D0,0.00016,1.0000,0.0165,0.058,0.008
1320,84480,orientation_cued_D0,0.00010,1.0000,0.0088,0.093,0.006
1321,84544,orientation_cued_D4,0.00008,1.0000,0.0081,0.137,0.009
1322,84608,orientation_cued_D24,0.00049,1.0000,0.3955,0.483,0.015
1323,84672,orientation_cued_D24,0.00016,1.0000,0.0497,0.470,0.029
1324,84736,orientation_cued_D0,0.00215,1.0000,1.7445,0.087,0.047
1325,84800,orientation_cued_D12,0.00008,1.0000,0.0071,0.271,0.005
1326,84864,orientation_cued_D12,0.00008,1.0000,0.0075,0.263,0.015
1327,84928,orientation_cued_D4,0.00022,1.0000,0.1582,0.135,0.018
1328,84992,orientation_cued_D24,0.00025,1.0000,0.0462,0.426,0.009
1329,85056,orientation_cued_D4,0.00012,1.0000,0.0353,0.123,0.026
1330,85120,orientation_cued_D0,0.00010,1.0000,0.0071,0.083,0.018
1331,85184,orientation_cued_D0,0.00010,1.0000,0.0119,0.077,0.005
1332,85248,orientation_cued_D12,0.00011,1.0000,0.0129,0.283,0.005
1333,85312,orientation_cued_D24,0.00041,1.0000,0.1253,0.470,0.025
1334,85376,orientation_cued_D24,0.00011,1.0000,0.0126,0.463,0.035
1335,85440,orientation_cued_D4,0.00007,1.0000,0.0081,0.143,0.022
1336,85504,orientation_cued_D12,0.00009,1.0000,0.0157,0.262,0.009
1337,85568,orientation_cued_D12,0.00011,1.0000,0.0110,0.271,0.016
1338,85632,orientation_cued_D0,0.00312,1.0000,2.4685,0.086,0.019
1339,85696,orientation_cued_D4,0.00005,1.0000,0.0025,0.138,0.005
1340,85760,orientation_cued_D4,0.00006,1.0000,0.0036,0.152,0.008
1341,85824,orientation_cued_D0,0.00008,1.0000,0.0038,0.081,0.008
1342,85888,orientation_cued_D0,0.00009,1.0000,0.0068,0.074,0.005
1343,85952,orientation_cued_D24,0.00010,1.0000,0.0151,0.459,0.008
1344,86016,orientation_cued_D24,0.00011,1.0000,0.0086,0.430,0.023
1345,86080,orientation_cued_D24,0.00028,1.0000,0.0791,0.423,0.023
1346,86144,orientation_cued_D12,0.00206,1.0000,1.9084,0.258,0.032
1347,86208,orientation_cued_D12,0.00008,1.0000,0.0064,0.265,0.019
1348,86272,orientation_cued_D12,0.00006,1.0000,0.0036,0.265,0.017
1349,86336,orientation_cued_D4,0.00007,1.0000,0.0096,0.149,0.023
1350,86400,orientation_cued_D4,0.00016,1.0000,0.0727,0.184,0.014
1351,86464,orientation_cued_D4,0.00007,1.0000,0.0055,0.139,0.010
1352,86528,orientation_cued_D0,0.00007,1.0000,0.0066,0.095,0.016
1353,86592,orientation_cued_D0,0.00006,1.0000,0.0029,0.088,0.008
1354,86656,orientation_cued_D0,0.00008,1.0000,0.0068,0.080,0.005
1355,86720,orientation_cued_D24,0.00081,1.0000,0.9568,0.435,0.005
1356,86784,orientation_cued_D24,0.00012,1.0000,0.0317,0.402,0.023
1357,86848,orientation_cued_D24,0.00027,1.0000,0.1123,0.447,0.041
1358,86912,orientation_cued_D12,0.00006,1.0000,0.0042,0.231,0.020
1359,86976,orientation_cued_D12,0.00005,1.0000,0.0015,0.292,0.016
1360,87040,orientation_cued_D12,0.00011,1.0000,0.0088,0.302,0.022
1361,87104,orientation_cued_D4,0.00009,1.0000,0.0090,0.113,0.013
1362,87168,orientation_cued_D4,0.00007,1.0000,0.0049,0.157,0.008
1363,87232,orientation_cued_D4,0.00006,1.0000,0.0052,0.172,0.013
1364,87296,orientation_cued_D0,0.00008,1.0000,0.0123,0.077,0.008
1365,87360,orientation_cued_D0,0.00009,1.0000,0.0059,0.086,0.006
1366,87424,orientation_cued_D0,0.00006,1.0000,0.0050,0.088,0.008
1367,87488,orientation_cued_D24,0.00014,1.0000,0.0528,0.426,0.006
1368,87552,orientation_cued_D24,0.00016,1.0000,0.0302,0.431,0.040
1369,87616,orientation_cued_D24,0.00031,1.0000,0.1754,0.425,0.027
1370,87680,orientation_cued_D12,0.00009,1.0000,0.0096,0.265,0.032
1371,87744,orientation_cued_D12,0.00007,1.0000,0.0094,0.253,0.017
1372,87808,orientation_cued_D12,0.00009,1.0000,0.0175,0.271,0.015
1373,87872,orientation_cued_D4,0.00005,1.0000,0.0024,0.144,0.015
1374,87936,orientation_cued_D4,0.00005,1.0000,0.0017,0.141,0.008
1375,88000,orientation_cued_D4,0.00007,1.0000,0.0026,0.145,0.009
1376,88064,orientation_cued_D0,0.00008,1.0000,0.0132,0.083,0.007
1377,88128,orientation_cued_D0,0.00005,1.0000,0.0018,0.078,0.004
1378,88192,orientation_cued_D0,0.00010,1.0000,0.0142,0.079,0.005
1379,88256,orientation_cued_D24,0.00008,1.0000,0.0190,0.451,0.005
1380,88320,orientation_cued_D24,0.00017,1.0000,0.0315,0.455,0.021
1381,88384,orientation_cued_D24,0.00011,1.0000,0.0187,0.450,0.020
1382,88448,orientation_cued_D12,0.00017,1.0000,0.0569,0.264,0.022
1383,88512,orientation_cued_D12,0.00006,1.0000,0.0028,0.283,0.015
1384,88576,orientation_cued_D12,0.00007,1.0000,0.0126,0.274,0.015
1385,88640,orientation_cued_D4,0.00006,1.0000,0.0057,0.126,0.013
1386,88704,orientation_cued_D4,0.00007,1.0000,0.0043,0.150,0.007
1387,88768,orientation_cued_D4,0.00005,1.0000,0.0034,0.142,0.007
1388,88832,orientation_cued_D0,0.00006,1.0000,0.0037,0.093,0.012
1389,88896,orientation_cued_D0,0.00009,1.0000,0.0133,0.069,0.004
1390,88960,orientation_cued_D0,0.00011,1.0000,0.0123,0.086,0.005
1391,89024,orientation_cued_D24,0.00011,1.0000,0.0220,0.443,0.007
1392,89088,orientation_cued_D24,0.00017,1.0000,0.0884,0.439,0.026
1393,89152,orientation_cued_D24,0.00010,1.0000,0.0199,0.454,0.023
1394,89216,orientation_cued_D12,0.00006,1.0000,0.0029,0.267,0.029
1395,89280,orientation_cued_D12,0.00006,1.0000,0.0031,0.267,0.018
1396,89344,orientation_cued_D12,0.00007,1.0000,0.0037,0.269,0.016
1397,89408,orientation_cued_D4,0.00010,1.0000,0.0325,0.142,0.014
1398,89472,orientation_cued_D4,0.00008,1.0000,0.0094,0.143,0.008
1399,89536,orientation_cued_D0,0.00008,1.0000,0.0067,0.104,0.009
1400,89600,orientation_cued_D4,0.00033,1.0000,0.2997,0.152,0.005
1401,89664,orientation_cued_D0,0.00030,1.0000,0.1946,0.068,0.007
1402,89728,orientation_cued_D24,0.00375,1.0000,2.5695,0.400,0.004
1403,89792,orientation_cued_D0,0.00009,1.0000,0.0165,0.047,0.020
1404,89856,orientation_cued_D24,0.00012,1.0000,0.0219,0.330,0.005
1405,89920,orientation_cued_D12,0.00008,1.0000,0.0082,0.267,0.022
1406,89984,orientation_cued_D24,0.00021,1.0000,0.1651,0.303,0.016
1407,90048,orientation_cued_D12,0.00009,1.0000,0.0106,0.250,0.025
1408,90112,orientation_cued_D4,0.00005,1.0000,0.0041,0.141,0.014
1409,90176,orientation_cued_D12,0.00016,1.0000,0.0217,0.193,0.010
1410,90240,orientation_cued_D4,0.00073,1.0000,0.5280,0.118,0.019
1411,90304,orientation_cued_D0,0.00010,1.0000,0.0157,0.067,0.009
1412,90368,orientation_cued_D4,0.00009,1.0000,0.0186,0.144,0.007
1413,90432,orientation_cued_D0,0.00007,1.0000,0.0057,0.083,0.009
1414,90496,orientation_cued_D0,0.00007,1.0000,0.0042,0.075,0.007
1415,90560,orientation_cued_D24,0.00015,1.0000,0.0257,0.305,0.007
1416,90624,orientation_cued_D24,0.00012,1.0000,0.0111,0.389,0.022
1417,90688,orientation_cued_D24,0.00043,1.0000,0.2492,0.477,0.026
1418,90752,orientation_cued_D12,0.00021,1.0000,0.0859,0.259,0.021
1419,90816,orientation_cued_D12,0.00008,1.0000,0.0070,0.285,0.020
1420,90880,orientation_cued_D12,0.00007,1.0000,0.0092,0.280,0.014
1421,90944,orientation_cued_D4,0.00005,1.0000,0.0020,0.145,0.026
1422,91008,orientation_cued_D4,0.00006,1.0000,0.0048,0.139,0.009
1423,91072,orientation_cued_D4,0.00007,1.0000,0.0073,0.147,0.007
1424,91136,orientation_cued_D0,0.00015,1.0000,0.0532,0.081,0.009
1425,91200,orientation_cued_D0,0.00006,1.0000,0.0038,0.079,0.005
1426,91264,orientation_cued_D0,0.00012,1.0000,0.0156,0.083,0.007
1427,91328,orientation_cued_D24,0.00011,1.0000,0.0207,0.441,0.005
1428,91392,orientation_cued_D24,0.00012,1.0000,0.0140,0.411,0.021
1429,91456,orientation_cued_D24,0.00012,1.0000,0.0211,0.446,0.022
1430,91520,orientation_cued_D12,0.00012,1.0000,0.0378,0.265,0.021
1431,91584,orientation_cued_D12,0.00006,1.0000,0.0045,0.251,0.014
1432,91648,orientation_cued_D12,0.00043,1.0000,0.3018,0.285,0.023
1433,91712,orientation_cued_D4,0.00005,1.0000,0.0025,0.146,0.013
1434,91776,orientation_cued_D4,0.00005,1.0000,0.0020,0.166,0.008
1435,91840,orientation_cued_D4,0.00007,1.0000,0.0104,0.156,0.008
1436,91904,orientation_cued_D0,0.00007,1.0000,0.0092,0.088,0.009
1437,91968,orientation_cued_D0,0.00008,1.0000,0.0096,0.096,0.005
1438,92032,orientation_cued_D0,0.00380,1.0000,2.6185,0.083,0.007
1439,92096,orientation_cued_D24,0.00010,1.0000,0.0178,0.437,0.006
1440,92160,orientation_cued_D24,0.00027,1.0000,0.2446,0.478,0.024
1441,92224,orientation_cued_D24,0.00014,1.0000,0.0317,0.409,0.030
1442,92288,orientation_cued_D12,0.00005,1.0000,0.0020,0.255,0.024
1443,92352,orientation_cued_D12,0.00053,1.0000,0.3466,0.261,0.029
1444,92416,orientation_cued_D12,0.00005,1.0000,0.0039,0.268,0.013
1445,92480,orientation_cued_D4,0.00006,1.0000,0.0040,0.140,0.022
1446,92544,orientation_cued_D4,0.00018,1.0000,0.0989,0.175,0.012
1447,92608,orientation_cued_D4,0.00005,1.0000,0.0021,0.161,0.015
1448,92672,orientation_cued_D0,0.00016,1.0000,0.0274,0.091,0.014
1449,92736,orientation_cued_D0,0.00014,1.0000,0.0412,0.086,0.006
1450,92800,orientation_cued_D0,0.00027,1.0000,0.1129,0.080,0.006
1451,92864,orientation_cued_D24,0.00009,1.0000,0.0096,0.440,0.005
1452,92928,orientation_cued_D24,0.00010,1.0000,0.0093,0.448,0.022
1453,92992,orientation_cued_D24,0.00008,1.0000,0.0107,0.462,0.021
1454,93056,orientation_cued_D12,0.00007,1.0000,0.0071,0.220,0.023
1455,93120,orientation_cued_D12,0.00006,1.0000,0.0044,0.275,0.017
1456,93184,orientation_cued_D12,0.00011,1.0000,0.0322,0.262,0.014
1457,93248,orientation_cued_D4,0.00005,1.0000,0.0031,0.148,0.017
1458,93312,orientation_cued_D4,0.00006,1.0000,0.0049,0.123,0.007
1459,93376,orientation_cued_D4,0.00008,1.0000,0.0256,0.141,0.008
1460,93440,orientation_cued_D0,0.00020,1.0000,0.0668,0.082,0.008
1461,93504,orientation_cued_D0,0.00049,1.0000,0.1250,0.087,0.006
1462,93568,orientation_cued_D0,0.00008,1.0000,0.0065,0.083,0.006
1463,93632,orientation_cued_D24,0.00010,1.0000,0.0085,0.441,0.005
1464,93696,orientation_cued_D24,0.00010,1.0000,0.0068,0.404,0.022
1465,93760,orientation_cued_D24,0.00010,1.0000,0.0148,0.444,0.025
1466,93824,orientation_cued_D12,0.00009,1.0000,0.0197,0.267,0.025
1467,93888,orientation_cued_D12,0.00009,1.0000,0.0114,0.273,0.014
1468,93952,orientation_cued_D12,0.00007,1.0000,0.0048,0.264,0.015
1469,94016,orientation_cued_D4,0.00006,1.0000,0.0051,0.144,0.012
1470,94080,orientation_cued_D4,0.00006,1.0000,0.0044,0.145,0.008
1471,94144,orientation_cued_D4,0.00005,1.0000,0.0027,0.129,0.009
1472,94208,orientation_cued_D0,0.00008,1.0000,0.0098,0.085,0.007
1473,94272,orientation_cued_D0,0.00006,1.0000,0.0027,0.081,0.005
1474,94336,orientation_cued_D0,0.00008,1.0000,0.0153,0.100,0.005
1475,94400,orientation_cued_D24,0.00013,1.0000,0.0710,0.455,0.008
1476,94464,orientation_cued_D24,0.00016,1.0000,0.1033,0.485,0.024
1477,94528,orientation_cued_D24,0.00009,1.0000,0.0237,0.459,0.024
1478,94592,orientation_cued_D12,0.00006,1.0000,0.0054,0.241,0.022
1479,94656,orientation_cued_D12,0.00005,1.0000,0.0041,0.334,0.024
1480,94720,orientation_cued_D12,0.00008,1.0000,0.0107,0.327,0.026
1481,94784,orientation_cued_D4,0.00005,1.0000,0.0031,0.141,0.014
1482,94848,orientation_cued_D4,0.00004,1.0000,0.0011,0.158,0.008
1483,94912,orientation_cued_D4,0.00005,1.0000,0.0030,0.148,0.009
1484,94976,orientation_cued_D0,0.00006,1.0000,0.0025,0.089,0.009
1485,95040,orientation_cued_D0,0.00009,1.0000,0.0063,0.079,0.006
1486,95104,orientation_cued_D0,0.00020,1.0000,0.0673,0.099,0.010
1487,95168,orientation_cued_D24,0.00007,1.0000,0.0039,0.453,0.006
1488,95232,orientation_cued_D24,0.00006,1.0000,0.0054,0.461,0.024
1489,95296,orientation_cued_D24,0.00030,1.0000,0.2034,0.467,0.028
1490,95360,orientation_cued_D12,0.00011,1.0000,0.0279,0.265,0.023
1491,95424,orientation_cued_D12,0.00006,1.0000,0.0032,0.264,0.015
1492,95488,orientation_cued_D12,0.00007,1.0000,0.0061,0.272,0.013
1493,95552,orientation_cued_D4,0.00008,1.0000,0.0149,0.146,0.022
1494,95616,orientation_cued_D4,0.00005,1.0000,0.0029,0.145,0.008
1495,95680,orientation_cued_D4,0.00005,1.0000,0.0026,0.138,0.009
1496,95744,orientation_cued_D0,0.00009,1.0000,0.0118,0.084,0.011
1497,95808,orientation_cued_D0,0.00010,1.0000,0.0249,0.080,0.004
1498,95872,orientation_cued_D0,0.00019,1.0000,0.1119,0.090,0.005
1499,95936,orientation_cued_D24,0.00008,1.0000,0.0100,0.444,0.008
1500,96000,orientation_cued_D24,0.00010,1.0000,0.0184,0.462,0.024
1501,96064,orientation_cued_D24,0.00010,1.0000,0.0266,0.426,0.032
1502,96128,orientation_cued_D12,0.00007,1.0000,0.0060,0.258,0.026
1503,96192,orientation_cued_D12,0.00013,1.0000,0.0425,0.274,0.017
1504,96256,orientation_cued_D12,0.00006,1.0000,0.0061,0.252,0.027
1505,96320,orientation_cued_D4,0.00007,1.0000,0.0055,0.168,0.028
1506,96384,orientation_cued_D4,0.00010,1.0000,0.0197,0.169,0.016
1507,96448,orientation_cued_D4,0.00006,1.0000,0.0039,0.143,0.008
1508,96512,orientation_cued_D0,0.00006,1.0000,0.0024,0.082,0.008
1509,96576,orientation_cued_D0,0.00006,1.0000,0.0029,0.065,0.004
1510,96640,orientation_cued_D0,0.00005,1.0000,0.0029,0.080,0.005
1511,96704,orientation_cued_D24,0.00010,1.0000,0.0089,0.408,0.005
1512,96768,orientation_cued_D24,0.00014,1.0000,0.0613,0.479,0.021
1513,96832,orientation_cued_D24,0.00011,1.0000,0.0137,0.406,0.021
1514,96896,orientation_cued_D12,0.00005,1.0000,0.0022,0.271,0.023
1515,96960,orientation_cued_D12,0.00005,1.0000,0.0048,0.270,0.014
1516,97024,orientation_cued_D12,0.00008,1.0000,0.0055,0.223,0.013
1517,97088,orientation_cued_D4,0.00004,1.0000,0.0015,0.145,0.015
1518,97152,orientation_cued_D4,0.00008,1.0000,0.0138,0.151,0.008
1519,97216,orientation_cued_D4,0.00004,1.0000,0.0014,0.149,0.008
1520,97280,orientation_cued_D0,0.00006,1.0000,0.0026,0.097,0.007
1521,97344,orientation_cued_D0,0.00006,1.0000,0.0025,0.084,0.005
1522,97408,orientation_cued_D0,0.00006,1.0000,0.0061,0.099,0.005
1523,97472,orientation_cued_D24,0.00012,1.0000,0.0248,0.444,0.006
1524,97536,orientation_cued_D24,0.00008,1.0000,0.0127,0.451,0.027
1525,97600,orientation_cued_D24,0.00010,1.0000,0.0095,0.459,0.027
1526,97664,orientation_cued_D12,0.00008,1.0000,0.0095,0.267,0.025
1527,97728,orientation_cued_D12,0.00006,1.0000,0.0044,0.275,0.018
1528,97792,orientation_cued_D12,0.00014,1.0000,0.0474,0.269,0.014
1529,97856,orientation_cued_D4,0.00005,1.0000,0.0022,0.143,0.014
1530,97920,orientation_cued_D4,0.00005,1.0000,0.0024,0.150,0.008
1531,97984,orientation_cued_D4,0.00004,1.0000,0.0018,0.147,0.010
1532,98048,orientation_cued_D0,0.00009,1.0000,0.0176,0.083,0.009
1533,98112,orientation_cued_D0,0.00005,1.0000,0.0022,0.087,0.007
1534,98176,orientation_cued_D0,0.00007,1.0000,0.0092,0.097,0.007
1535,98240,orientation_cued_D24,0.00009,1.0000,0.0058,0.449,0.009
1536,98304,orientation_cued_D24,0.00007,1.0000,0.0091,0.470,0.032
1537,98368,orientation_cued_D24,0.00006,1.0000,0.0050,0.449,0.027
1538,98432,orientation_cued_D12,0.00006,1.0000,0.0032,0.255,0.020
1539,98496,orientation_cued_D12,0.00005,1.0000,0.0050,0.271,0.016
1540,98560,orientation_cued_D12,0.00009,1.0000,0.0128,0.240,0.013
1541,98624,orientation_cued_D4,0.00004,1.0000,0.0027,0.137,0.014
1542,98688,orientation_cued_D4,0.00005,1.0000,0.0025,0.146,0.008
1543,98752,orientation_cued_D4,0.00005,1.0000,0.0032,0.137,0.008
1544,98816,orientation_cued_D0,0.00010,1.0000,0.0303,0.087,0.009
1545,98880,orientation_cued_D0,0.00005,1.0000,0.0029,0.076,0.005
1546,98944,orientation_cued_D0,0.00007,1.0000,0.0038,0.109,0.009
1547,99008,orientation_cued_D24,0.00011,1.0000,0.0201,0.419,0.009
1548,99072,orientation_cued_D24,0.00008,1.0000,0.0050,0.428,0.044
1549,99136,orientation_cued_D24,0.00008,1.0000,0.0123,0.410,0.024
1550,99200,orientation_cued_D12,0.00005,1.0000,0.0021,0.270,0.023
1551,99264,orientation_cued_D12,0.00005,1.0000,0.0021,0.268,0.014
1552,99328,orientation_cued_D12,0.00007,1.0000,0.0067,0.267,0.013
1553,99392,orientation_cued_D4,0.00005,1.0000,0.0019,0.119,0.012
1554,99456,orientation_cued_D4,0.00005,1.0000,0.0017,0.145,0.007
1555,99520,orientation_cued_D4,0.00004,1.0000,0.0012,0.155,0.008
1556,99584,orientation_cued_D0,0.00186,1.0000,1.2447,0.075,0.009
1557,99648,orientation_cued_D0,0.00013,1.0000,0.0252,0.080,0.004
1558,99712,orientation_cued_D0,0.00007,1.0000,0.0044,0.081,0.005
1559,99776,orientation_cued_D24,0.00007,1.0000,0.0060,0.444,0.005
1560,99840,orientation_cued_D24,0.00009,1.0000,0.0114,0.458,0.026
1561,99904,orientation_cued_D24,0.00007,1.0000,0.0044,0.454,0.021
1562,99968,orientation_cued_D12,0.00005,1.0000,0.0017,0.270,0.027
1563,100032,orientation_cued_D12,0.00005,1.0000,0.0016,0.263,0.013
1564,100096,orientation_cued_D12,0.00004,1.0000,0.0020,0.273,0.013
1565,100160,orientation_cued_D4,0.00005,1.0000,0.0016,0.143,0.015
1566,100224,orientation_cued_D4,0.00011,1.0000,0.0380,0.146,0.009
1567,100288,orientation_cued_D0,0.00013,1.0000,0.0351,0.085,0.008
1568,100352,orientation_cued_D4,0.00006,1.0000,0.0085,0.182,0.009
1569,100416,orientation_cued_D0,0.00013,1.0000,0.0630,0.085,0.010
1570,100480,orientation_cued_D24,0.00009,1.0000,0.0240,0.450,0.010
1571,100544,orientation_cued_D0,0.00019,1.0000,0.0528,0.078,0.034
1572,100608,orientation_cued_D24,0.00015,1.0000,0.0459,0.415,0.007
1573,100672,orientation_cued_D12,0.00005,1.0000,0.0016,0.269,0.024
1574,100736,orientation_cued_D24,0.00010,1.0000,0.0068,0.439,0.017
1575,100800,orientation_cued_D12,0.00682,1.0000,5.3102,0.243,0.020
1576,100864,orientation_cued_D4,0.00005,1.0000,0.0042,0.143,0.014
1577,100928,orientation_cued_D12,0.00006,1.0000,0.0026,0.269,0.009
1578,100992,orientation_cued_D4,0.00012,1.0000,0.0874,0.144,0.014
1579,101056,orientation_cued_D0,0.00008,1.0000,0.0112,0.081,0.008
1580,101120,orientation_cued_D4,0.00006,1.0000,0.0043,0.126,0.004
1581,101184,orientation_cued_D0,0.00011,1.0000,0.0236,0.081,0.009
1582,101248,orientation_cued_D0,0.00023,1.0000,0.1613,0.081,0.005
1583,101312,orientation_cued_D24,0.00010,1.0000,0.0232,0.459,0.005
1584,101376,orientation_cued_D24,0.00009,1.0000,0.0160,0.449,0.020
1585,101440,orientation_cued_D24,0.00023,1.0000,0.1522,0.453,0.029
1586,101504,orientation_cued_D12,0.00006,1.0000,0.0056,0.259,0.024
1587,101568,orientation_cued_D12,0.00006,1.0000,0.0028,0.278,0.017
1588,101632,orientation_cued_D12,0.00011,1.0000,0.0476,0.269,0.032
1589,101696,orientation_cued_D4,0.00006,1.0000,0.0055,0.140,0.014
1590,101760,orientation_cued_D4,0.00021,1.0000,0.0935,0.154,0.011
1591,101824,orientation_cued_D4,0.00005,1.0000,0.0029,0.142,0.009
1592,101888,orientation_cued_D0,0.00007,1.0000,0.0052,0.074,0.010
1593,101952,orientation_cued_D0,0.00007,1.0000,0.0046,0.083,0.006
1594,102016,orientation_cued_D0,0.00008,1.0000,0.0052,0.086,0.005
1595,102080,orientation_cued_D24,0.00621,1.0000,6.7692,0.418,0.006
1596,102144,orientation_cued_D24,0.00119,1.0000,1.2224,0.454,0.024
1597,102208,orientation_cued_D24,0.00016,1.0000,0.0503,0.464,0.022
1598,102272,orientation_cued_D12,0.00005,1.0000,0.0033,0.261,0.020
1599,102336,orientation_cued_D12,0.00007,1.0000,0.0047,0.298,0.020
1600,102400,orientation_cued_D12,0.00009,1.0000,0.0202,0.268,0.012
1601,102464,orientation_cued_D4,0.00006,1.0000,0.0034,0.139,0.014
1602,102528,orientation_cued_D4,0.00004,1.0000,0.0018,0.157,0.009
1603,102592,orientation_cued_D4,0.00007,1.0000,0.0068,0.156,0.015
1604,102656,orientation_cued_D0,0.00005,1.0000,0.0022,0.095,0.012
1605,102720,orientation_cued_D0,0.00006,1.0000,0.0044,0.071,0.010
1606,102784,orientation_cued_D0,0.00006,1.0000,0.0033,0.085,0.005
1607,102848,orientation_cued_D24,0.00009,1.0000,0.0095,0.428,0.005
1608,102912,orientation_cued_D24,0.00040,1.0000,0.2425,0.355,0.025
1609,102976,orientation_cued_D24,0.00191,1.0000,2.0677,0.303,0.026
1610,103040,orientation_cued_D12,0.00008,1.0000,0.0135,0.182,0.024
1611,103104,orientation_cued_D12,0.00005,1.0000,0.0062,0.211,0.014
1612,103168,orientation_cued_D12,0.00006,1.0000,0.0091,0.189,0.014
1613,103232,orientation_cued_D4,0.00004,1.0000,0.0030,0.129,0.015
1614,103296,orientation_cued_D4,0.00006,1.0000,0.0100,0.108,0.007
1615,103360,orientation_cued_D4,0.00008,1.0000,0.0074,0.115,0.008
1616,103424,orientation_cued_D0,0.00007,1.0000,0.0061,0.084,0.009
1617,103488,orientation_cued_D0,0.00019,1.0000,0.0934,0.055,0.004
1618,103552,orientation_cued_D0,0.00005,1.0000,0.0037,0.063,0.005
1619,103616,orientation_cued_D24,0.00014,1.0000,0.0641,0.340,0.005
1620,103680,orientation_cued_D24,0.00015,1.0000,0.0622,0.347,0.024
1621,103744,orientation_cued_D24,0.00006,1.0000,0.0034,0.367,0.023
1622,103808,orientation_cued_D12,0.00007,1.0000,0.0059,0.166,0.022
1623,103872,orientation_cued_D12,0.00006,1.0000,0.0060,0.271,0.013
1624,103936,orientation_cued_D12,0.00059,1.0000,0.9907,0.177,0.013
1625,104000,orientation_cued_D4,0.00004,1.0000,0.0018,0.110,0.016
1626,104064,orientation_cued_D4,0.00005,1.0000,0.0025,0.144,0.008
1627,104128,orientation_cued_D4,0.00005,1.0000,0.0053,0.103,0.008
1628,104192,orientation_cued_D0,0.00012,1.0000,0.0439,0.059,0.007
1629,104256,orientation_cued_D0,0.00020,1.0000,0.0684,0.058,0.005
1630,104320,orientation_cued_D0,0.00006,1.0000,0.0044,0.067,0.005
1631,104384,orientation_cued_D24,0.00009,1.0000,0.0186,0.427,0.007
1632,104448,orientation_cued_D24,0.00009,1.0000,0.0084,0.304,0.020
1633,104512,orientation_cued_D24,0.00019,1.0000,0.0819,0.416,0.036
1634,104576,orientation_cued_D12,0.00013,1.0000,0.0419,0.159,0.021
1635,104640,orientation_cued_D12,0.00009,1.0000,0.0209,0.243,0.015
1636,104704,orientation_cued_D12,0.00005,1.0000,0.0021,0.264,0.015
1637,104768,orientation_cued_D4,0.00030,1.0000,0.2799,0.114,0.011
1638,104832,orientation_cued_D4,0.00004,1.0000,0.0022,0.126,0.011
1639,104896,orientation_cued_D4,0.00004,1.0000,0.0015,0.130,0.019
1640,104960,orientation_cued_D0,0.00007,1.0000,0.0069,0.102,0.013
1641,105024,orientation_cued_D0,0.00007,1.0000,0.0057,0.080,0.007
1642,105088,orientation_cued_D0,0.00020,1.0000,0.0531,0.077,0.004
1643,105152,orientation_cued_D24,0.00013,1.0000,0.0392,0.312,0.005
1644,105216,orientation_cued_D24,0.00017,1.0000,0.1360,0.348,0.022
1645,105280,orientation_cued_D24,0.00021,1.0000,0.0479,0.340,0.026
1646,105344,orientation_cued_D12,0.00007,1.0000,0.0105,0.187,0.022
1647,105408,orientation_cued_D12,0.00011,1.0000,0.0412,0.214,0.013
1648,105472,orientation_cued_D12,0.00006,1.0000,0.0076,0.191,0.015
1649,105536,orientation_cued_D4,0.00005,1.0000,0.0026,0.112,0.017
1650,105600,orientation_cued_D4,0.00004,1.0000,0.0028,0.127,0.009
1651,105664,orientation_cued_D4,0.00005,1.0000,0.0055,0.101,0.007
1652,105728,orientation_cued_D0,0.00006,1.0000,0.0040,0.075,0.007
1653,105792,orientation_cued_D0,0.00021,1.0000,0.1050,0.079,0.007
1654,105856,orientation_cued_D0,0.00009,1.0000,0.0217,0.061,0.005
1655,105920,orientation_cued_D24,0.00010,1.0000,0.0158,0.317,0.006
1656,105984,orientation_cued_D24,0.00008,1.0000,0.0077,0.334,0.023
1657,106048,orientation_cued_D24,0.00018,1.0000,0.0829,0.332,0.027
1658,106112,orientation_cued_D12,0.00005,1.0000,0.0019,0.174,0.027
1659,106176,orientation_cued_D12,0.00006,1.0000,0.0049,0.235,0.015
1660,106240,orientation_cued_D12,0.00007,1.0000,0.0079,0.224,0.017
1661,106304,orientation_cued_D4,0.00005,1.0000,0.0042,0.108,0.018
1662,106368,orientation_cued_D4,0.00005,1.0000,0.0026,0.126,0.014
1663,106432,orientation_cued_D4,0.00008,1.0000,0.0249,0.135,0.013
1664,106496,orientation_cued_D0,0.00005,1.0000,0.0026,0.070,0.008
1665,106560,orientation_cued_D0,0.00022,1.0000,0.0670,0.054,0.004
1666,106624,orientation_cued_D0,0.00068,1.0000,0.4791,0.078,0.005
1667,106688,orientation_cued_D24,0.00008,1.0000,0.0065,0.358,0.005
1668,106752,orientation_cued_D24,0.00010,1.0000,0.0128,0.363,0.024
1669,106816,orientation_cued_D24,0.00012,1.0000,0.0587,0.384,0.023
1670,106880,orientation_cued_D12,0.00005,1.0000,0.0018,0.169,0.023
1671,106944,orientation_cued_D12,0.00007,1.0000,0.0102,0.297,0.016
1672,107008,orientation_cued_D12,0.00005,1.0000,0.0035,0.185,0.016
1673,107072,orientation_cued_D4,0.00004,1.0000,0.0039,0.108,0.018
1674,107136,orientation_cued_D4,0.00027,1.0000,0.1096,0.141,0.008
1675,107200,orientation_cued_D4,0.00005,1.0000,0.0032,0.099,0.009
1676,107264,orientation_cued_D0,0.00010,1.0000,0.0237,0.058,0.008
1677,107328,orientation_cued_D0,0.00007,1.0000,0.0069,0.060,0.005
1678,107392,orientation_cued_D0,0.00009,1.0000,0.0181,0.073,0.006
1679,107456,orientation_cued_D24,0.00007,1.0000,0.0048,0.363,0.006
1680,107520,orientation_cued_D24,0.00014,1.0000,0.0184,0.347,0.023
1681,107584,orientation_cued_D24,0.00018,1.0000,0.0399,0.334,0.025
1682,107648,orientation_cued_D12,0.00004,1.0000,0.0016,0.261,0.029
1683,107712,orientation_cued_D12,0.00004,1.0000,0.0018,0.203,0.017
1684,107776,orientation_cued_D12,0.00006,1.0000,0.0036,0.265,0.017
1685,107840,orientation_cued_D4,0.00006,1.0000,0.0071,0.135,0.012
1686,107904,orientation_cued_D4,0.00005,1.0000,0.0034,0.112,0.007
1687,107968,orientation_cued_D4,0.00004,1.0000,0.0016,0.101,0.008
1688,108032,orientation_cued_D0,0.00011,1.0000,0.0332,0.052,0.008
1689,108096,orientation_cued_D0,0.00007,1.0000,0.0069,0.070,0.008
1690,108160,orientation_cued_D0,0.00006,1.0000,0.0039,0.076,0.005
1691,108224,orientation_cued_D24,0.00012,1.0000,0.0226,0.437,0.007
1692,108288,orientation_cued_D24,0.00016,1.0000,0.0396,0.289,0.025
1693,108352,orientation_cued_D24,0.00014,1.0000,0.1396,0.393,0.025
1694,108416,orientation_cued_D12,0.00014,1.0000,0.0407,0.198,0.040
1695,108480,orientation_cued_D12,0.00005,1.0000,0.0024,0.230,0.018
1696,108544,orientation_cued_D12,0.00004,1.0000,0.0028,0.232,0.016
1697,108608,orientation_cued_D4,0.00005,1.0000,0.0023,0.104,0.015
1698,108672,orientation_cued_D4,0.00004,1.0000,0.0050,0.123,0.007
1699,108736,orientation_cued_D0,0.00061,1.0000,0.5179,0.091,0.011
1700,108800,orientation_cued_D4,0.00006,1.0000,0.0081,0.175,0.007
1701,108864,orientation_cued_D0,0.00008,1.0000,0.0108,0.078,0.008
1702,108928,orientation_cued_D24,0.00007,1.0000,0.0073,0.328,0.005
1703,108992,orientation_cued_D0,0.00020,1.0000,0.0480,0.051,0.028
1704,109056,orientation_cued_D24,0.00007,1.0000,0.0034,0.364,0.005
1705,109120,orientation_cued_D12,0.00006,1.0000,0.0060,0.172,0.024
1706,109184,orientation_cued_D24,0.00007,1.0000,0.0098,0.452,0.024
1707,109248,orientation_cued_D12,0.00005,1.0000,0.0028,0.181,0.022
1708,109312,orientation_cued_D4,0.00005,1.0000,0.0017,0.098,0.016
1709,109376,orientation_cued_D12,0.00005,1.0000,0.0022,0.208,0.009
1710,109440,orientation_cued_D4,0.00005,1.0000,0.0024,0.117,0.019
1711,109504,orientation_cued_D0,0.00007,1.0000,0.0076,0.060,0.008
1712,109568,orientation_cued_D4,0.00004,1.0000,0.0029,0.117,0.005
1713,109632,orientation_cued_D0,0.00014,1.0000,0.0599,0.057,0.009
1714,109696,orientation_cued_D0,0.00009,1.0000,0.0148,0.054,0.005
1715,109760,orientation_cued_D24,0.00011,1.0000,0.0651,0.316,0.005
1716,109824,orientation_cued_D24,0.00010,1.0000,0.0207,0.325,0.023
1717,109888,orientation_cued_D24,0.00017,1.0000,0.1446,0.319,0.024
1718,109952,orientation_cued_D12,0.00013,1.0000,0.0274,0.194,0.024
1719,110016,orientation_cued_D12,0.00004,1.0000,0.0023,0.256,0.017
1720,110080,orientation_cued_D12,0.00005,1.0000,0.0019,0.187,0.014
1721,110144,orientation_cued_D4,0.00005,1.0000,0.0043,0.120,0.018
1722,110208,orientation_cued_D4,0.00004,1.0000,0.0013,0.135,0.013
1723,110272,orientation_cued_D4,0.00004,1.0000,0.0022,0.131,0.016
1724,110336,orientation_cued_D0,0.00006,1.0000,0.0038,0.060,0.008
1725,110400,orientation_cued_D0,0.00009,1.0000,0.0118,0.068,0.007
1726,110464,orientation_cued_D0,0.00008,1.0000,0.0101,0.090,0.009
1727,110528,orientation_cued_D24,0.00010,1.0000,0.0241,0.360,0.005
1728,110592,orientation_cued_D24,0.00012,1.0000,0.0457,0.337,0.032
1729,110656,orientation_cued_D24,0.00005,1.0000,0.0032,0.351,0.024
1730,110720,orientation_cued_D12,0.00005,1.0000,0.0044,0.173,0.023
1731,110784,orientation_cued_D12,0.00005,1.0000,0.0029,0.247,0.027
1732,110848,orientation_cued_D12,0.00006,1.0000,0.0025,0.188,0.014
1733,110912,orientation_cued_D4,0.00004,1.0000,0.0015,0.145,0.019
1734,110976,orientation_cued_D4,0.00004,1.0000,0.0041,0.119,0.007
1735,111040,orientation_cued_D4,0.00019,1.0000,0.1350,0.112,0.009
1736,111104,orientation_cued_D0,0.00005,1.0000,0.0038,0.068,0.008
1737,111168,orientation_cued_D0,0.00046,1.0000,0.3775,0.065,0.006
1738,111232,orientation_cued_D0,0.00015,1.0000,0.0292,0.085,0.007
1739,111296,orientation_cued_D24,0.00025,1.0000,0.1433,0.297,0.006
1740,111360,orientation_cued_D24,0.00007,1.0000,0.0066,0.369,0.027
1741,111424,orientation_cued_D24,0.00009,1.0000,0.0298,0.358,0.024
1742,111488,orientation_cued_D12,0.00005,1.0000,0.0024,0.188,0.024
1743,111552,orientation_cued_D12,0.00004,1.0000,0.0015,0.219,0.015
1744,111616,orientation_cued_D12,0.00008,1.0000,0.0146,0.223,0.016
1745,111680,orientation_cued_D4,0.00004,1.0000,0.0011,0.114,0.015
1746,111744,orientation_cued_D4,0.00011,1.0000,0.0502,0.113,0.008
1747,111808,orientation_cued_D4,0.00005,1.0000,0.0038,0.112,0.009
1748,111872,orientation_cued_D0,0.00005,1.0000,0.0031,0.078,0.008
1749,111936,orientation_cued_D0,0.00018,1.0000,0.0361,0.064,0.006
1750,112000,orientation_cued_D0,0.00005,1.0000,0.0023,0.086,0.005
1751,112064,orientation_cued_D24,0.00010,1.0000,0.0158,0.353,0.006
1752,112128,orientation_cued_D24,0.00023,1.0000,0.1634,0.382,0.026
1753,112192,orientation_cued_D24,0.00011,1.0000,0.0349,0.348,0.024
1754,112256,orientation_cued_D12,0.00005,1.0000,0.0022,0.271,0.027
1755,112320,orientation_cued_D12,0.00006,1.0000,0.0110,0.229,0.017
1756,112384,orientation_cued_D12,0.00006,1.0000,0.0094,0.182,0.015
1757,112448,orientation_cued_D4,0.00004,1.0000,0.0019,0.124,0.020
1758,112512,orientation_cued_D4,0.00004,1.0000,0.0023,0.137,0.008
1759,112576,orientation_cued_D4,0.00004,1.0000,0.0012,0.140,0.008
1760,112640,orientation_cued_D0,0.00007,1.0000,0.0144,0.059,0.009
1761,112704,orientation_cued_D0,0.00005,1.0000,0.0047,0.060,0.007
1762,112768,orientation_cued_D0,0.00018,1.0000,0.0868,0.065,0.005
1763,112832,orientation_cued_D24,0.00009,1.0000,0.0159,0.387,0.005
1764,112896,orientation_cued_D24,0.00022,1.0000,0.1260,0.321,0.023
1765,112960,orientation_cued_D24,0.00010,1.0000,0.0172,0.385,0.024
1766,113024,orientation_cued_D12,0.00009,1.0000,0.0219,0.231,0.022
1767,113088,orientation_cued_D12,0.00006,1.0000,0.0052,0.250,0.017
1768,113152,orientation_cued_D12,0.00008,1.0000,0.0310,0.246,0.017
1769,113216,orientation_cued_D4,0.00004,1.0000,0.0020,0.088,0.014
1770,113280,orientation_cued_D4,0.00004,1.0000,0.0009,0.103,0.007
1771,113344,orientation_cued_D4,0.00004,1.0000,0.0020,0.120,0.009
1772,113408,orientation_cued_D0,0.00010,1.0000,0.0258,0.064,0.009
1773,113472,orientation_cued_D0,0.00005,1.0000,0.0017,0.080,0.007
1774,113536,orientation_cued_D0,0.00004,1.0000,0.0023,0.083,0.006
1775,113600,orientation_cued_D24,0.00006,1.0000,0.0037,0.295,0.005
1776,113664,orientation_cued_D24,0.00009,1.0000,0.0069,0.358,0.022
1777,113728,orientation_cued_D24,0.00257,1.0000,3.7387,0.269,0.024
1778,113792,orientation_cued_D12,0.00005,1.0000,0.0027,0.159,0.024
1779,113856,orientation_cued_D12,0.00005,1.0000,0.0035,0.288,0.015
1780,113920,orientation_cued_D12,0.00005,1.0000,0.0029,0.199,0.016
1781,113984,orientation_cued_D4,0.00004,1.0000,0.0019,0.104,0.017
1782,114048,orientation_cued_D4,0.00004,1.0000,0.0059,0.108,0.009
1783,114112,orientation_cued_D4,0.00004,1.0000,0.0011,0.099,0.009
1784,114176,orientation_cued_D0,0.00006,1.0000,0.0038,0.058,0.008
1785,114240,orientation_cued_D0,0.00004,1.0000,0.0032,0.053,0.005
1786,114304,orientation_cued_D0,0.00005,1.0000,0.0038,0.060,0.005
1787,114368,orientation_cued_D24,0.00006,1.0000,0.0018,0.294,0.005
1788,114432,orientation_cued_D24,0.00015,1.0000,0.0514,0.278,0.025
1789,114496,orientation_cued_D24,0.00006,1.0000,0.0065,0.274,0.025
1790,114560,orientation_cued_D12,0.00004,1.0000,0.0012,0.159,0.026
1791,114624,orientation_cued_D12,0.00005,1.0000,0.0070,0.202,0.017
1792,114688,orientation_cued_D12,0.00007,1.0000,0.0430,0.317,0.048
1793,114752,orientation_cued_D4,0.00004,1.0000,0.0012,0.110,0.016
1794,114816,orientation_cued_D4,0.00003,1.0000,0.0009,0.119,0.013
1795,114880,orientation_cued_D4,0.00004,1.0000,0.0012,0.148,0.014
1796,114944,orientation_cued_D0,0.00007,1.0000,0.0038,0.087,0.009
1797,115008,orientation_cued_D0,0.00006,1.0000,0.0068,0.081,0.005
1798,115072,orientation_cued_D0,0.00007,1.0000,0.0118,0.229,0.008
1799,115136,orientation_cued_D24,0.01135,0.9844,16.6310,0.537,0.069
1800,115200,orientation_cued_D24,0.00011,1.0000,0.0210,0.387,0.028
1801,115264,orientation_cued_D24,0.00016,1.0000,0.0659,0.382,0.026
1802,115328,orientation_cued_D12,0.00006,1.0000,0.0070,0.227,0.026
1803,115392,orientation_cued_D12,0.00008,1.0000,0.0182,0.251,0.018
1804,115456,orientation_cued_D12,0.00007,1.0000,0.0059,0.321,0.016
1805,115520,orientation_cued_D4,0.00042,1.0000,0.3342,0.122,0.025
1806,115584,orientation_cued_D4,0.00006,1.0000,0.0039,0.165,0.009
1807,115648,orientation_cued_D4,0.00007,1.0000,0.0084,0.155,0.009
1808,115712,orientation_cued_D0,0.00007,1.0000,0.0131,0.110,0.015
1809,115776,orientation_cued_D0,0.00012,1.0000,0.0227,0.106,0.008
1810,115840,orientation_cued_D0,0.00018,1.0000,0.1371,0.099,0.011
1811,115904,orientation_cued_D24,0.16686,0.9531,86.6809,0.448,0.009
1812,115968,orientation_cued_D24,0.00056,1.0000,0.6647,0.384,0.027
1813,116032,orientation_cued_D24,0.00010,1.0000,0.0456,0.413,0.039
1814,116096,orientation_cued_D12,0.00837,1.0000,15.5992,0.287,0.025
1815,116160,orientation_cued_D12,0.02327,0.9844,14.7192,0.262,0.019
1816,116224,orientation_cued_D12,0.10879,0.9844,16.5034,0.297,0.031
1817,116288,orientation_cued_D4,0.00198,1.0000,1.8142,0.116,0.025
1818,116352,orientation_cued_D4,0.01251,1.0000,9.6759,0.135,0.009
1819,116416,orientation_cued_D4,0.00012,1.0000,0.0269,0.142,0.012
1820,116480,orientation_cued_D0,0.00607,1.0000,4.3878,0.094,0.008
1821,116544,orientation_cued_D0,0.00008,1.0000,0.0047,0.108,0.008
1822,116608,orientation_cued_D0,0.00016,1.0000,0.0548,0.088,0.008
1823,116672,orientation_cued_D24,0.04888,0.9688,9.9157,0.405,0.005
1824,116736,orientation_cued_D24,0.05114,0.9844,18.6382,0.417,0.042
1825,116800,orientation_cued_D24,0.00234,1.0000,0.6663,0.418,0.043
1826,116864,orientation_cued_D12,0.00269,1.0000,0.8866,0.293,0.044
1827,116928,orientation_cued_D12,0.00182,1.0000,0.2891,0.284,0.032
1828,116992,orientation_cued_D12,0.00137,1.0000,0.1883,0.262,0.027
1829,117056,orientation_cued_D4,0.00138,1.0000,0.4171,0.170,0.021
1830,117120,orientation_cued_D4,0.03467,0.9844,7.5597,0.138,0.012
1831,117184,orientation_cued_D4,0.06632,0.9688,7.7914,0.132,0.008
1832,117248,orientation_cued_D0,0.00255,1.0000,1.5578,0.067,0.008
1833,117312,orientation_cued_D0,0.00030,1.0000,0.0925,0.075,0.005
1834,117376,orientation_cued_D0,0.00013,1.0000,0.0108,0.101,0.005
1835,117440,orientation_cued_D24,0.00473,1.0000,0.9630,0.433,0.005
1836,117504,orientation_cued_D24,0.00982,1.0000,1.6057,0.390,0.026
1837,117568,orientation_cued_D24,0.03522,0.9844,9.6193,0.447,0.025
1838,117632,orientation_cued_D12,0.00429,1.0000,1.7612,0.221,0.025
1839,117696,orientation_cued_D12,0.00325,1.0000,0.9453,0.235,0.017
1840,117760,orientation_cued_D12,0.00535,1.0000,1.7652,0.248,0.024
1841,117824,orientation_cued_D4,0.00249,1.0000,1.3078,0.142,0.018
1842,117888,orientation_cued_D4,0.00035,1.0000,0.0517,0.140,0.008
1843,117952,orientation_cued_D0,0.00013,1.0000,0.0074,0.066,0.009
1844,118016,orientation_cued_D4,0.00054,1.0000,0.0746,0.197,0.010
1845,118080,orientation_cued_D0,0.00011,1.0000,0.0087,0.088,0.018
1846,118144,orientation_cued_D24,0.03312,0.9844,13.5483,0.403,0.008
1847,118208,orientation_cued_D0,0.00034,1.0000,0.1588,0.082,0.045
1848,118272,orientation_cued_D24,0.01293,1.0000,7.7621,0.432,0.008
1849,118336,orientation_cued_D12,0.00091,1.0000,0.1673,0.239,0.023
1850,118400,orientation_cued_D24,0.05585,0.9844,8.6024,0.389,0.030
1851,118464,orientation_cued_D12,0.00293,1.0000,2.3624,0.276,0.028
1852,118528,orientation_cued_D4,0.00086,1.0000,0.2024,0.166,0.030
1853,118592,orientation_cued_D12,0.00060,1.0000,0.0713,0.350,0.014
1854,118656,orientation_cued_D4,0.00260,1.0000,1.0611,0.153,0.021
1855,118720,orientation_cued_D0,0.00012,1.0000,0.0302,0.070,0.011
1856,118784,orientation_cued_D4,0.00067,1.0000,0.1749,0.156,0.005
1857,118848,orientation_cued_D0,0.00007,1.0000,0.0032,0.087,0.017
1858,118912,orientation_cued_D0,0.00261,1.0000,0.8505,0.064,0.007
1859,118976,orientation_cued_D24,0.00225,1.0000,0.7849,0.417,0.005
1860,119040,orientation_cued_D24,0.00335,1.0000,1.1007,0.437,0.042
1861,119104,orientation_cued_D24,0.00439,1.0000,1.7786,0.405,0.029
1862,119168,orientation_cued_D12,0.00512,1.0000,2.7095,0.230,0.025
1863,119232,orientation_cued_D12,0.00262,1.0000,1.2158,0.254,0.025
1864,119296,orientation_cued_D12,0.00668,1.0000,2.8040,0.232,0.029
1865,119360,orientation_cued_D4,0.00044,1.0000,0.0699,0.125,0.017
1866,119424,orientation_cued_D4,0.00054,1.0000,0.0526,0.107,0.008
1867,119488,orientation_cued_D4,0.00025,1.0000,0.0229,0.114,0.015
1868,119552,orientation_cued_D0,0.00017,1.0000,0.0335,0.055,0.008
1869,119616,orientation_cued_D0,0.00008,1.0000,0.0037,0.072,0.005
1870,119680,orientation_cued_D0,0.00018,1.0000,0.0551,0.058,0.005
1871,119744,orientation_cued_D24,0.00330,1.0000,0.7244,0.335,0.005
1872,119808,orientation_cued_D24,0.00286,1.0000,0.9563,0.380,0.031
1873,119872,orientation_cued_D24,0.00140,1.0000,0.2943,0.420,0.036
1874,119936,orientation_cued_D12,0.00139,1.0000,0.3637,0.247,0.024
1875,120000,orientation_cued_D12,0.00221,1.0000,0.5694,0.223,0.017
1876,120064,orientation_cued_D12,0.00034,1.0000,0.0482,0.259,0.017
1877,120128,orientation_cued_D4,0.00043,1.0000,0.1333,0.134,0.030
1878,120192,orientation_cued_D4,0.00027,1.0000,0.0672,0.139,0.013
1879,120256,orientation_cued_D0,0.01683,0.9844,6.9422,0.090,0.008
1880,120320,orientation_cued_D4,0.00145,1.0000,0.4811,0.125,0.006
1881,120384,orientation_cued_D0,0.00110,1.0000,0.5371,0.095,0.017
1882,120448,orientation_cued_D24,0.00189,1.0000,0.5471,0.394,0.005
1883,120512,orientation_cued_D0,0.00025,1.0000,0.0983,0.083,0.029
1884,120576,orientation_cued_D24,0.00181,1.0000,0.7328,0.393,0.008
1885,120640,orientation_cued_D12,0.00045,1.0000,0.0733,0.258,0.032
1886,120704,orientation_cued_D24,0.00384,1.0000,2.1326,0.380,0.017
1887,120768,orientation_cued_D12,0.00319,1.0000,1.7822,0.238,0.040
1888,120832,orientation_cued_D4,0.00200,1.0000,0.8738,0.163,0.025
1889,120896,orientation_cued_D12,0.00076,1.0000,0.1140,0.290,0.009
1890,120960,orientation_cued_D0,0.00008,1.0000,0.0059,0.093,0.028
1891,121024,orientation_cued_D4,0.00021,1.0000,0.0404,0.140,0.008
1892,121088,orientation_cued_D4,0.01111,1.0000,3.8297,0.151,0.011
1893,121152,orientation_cued_D24,0.00247,1.0000,0.3335,0.383,0.012
1894,121216,orientation_cued_D0,0.00009,1.0000,0.0137,0.089,0.046
1895,121280,orientation_cued_D0,0.00013,1.0000,0.0187,0.091,0.006
1896,121344,orientation_cued_D12,0.00044,1.0000,0.1113,0.246,0.006
1897,121408,orientation_cued_D24,0.00144,1.0000,0.3301,0.468,0.026
1898,121472,orientation_cued_D24,0.00051,1.0000,0.1162,0.455,0.040
1899,121536,orientation_cued_D4,0.00008,1.0000,0.0062,0.173,0.028
1900,121600,orientation_cued_D12,0.00011,1.0000,0.0072,0.271,0.016
1901,121664,orientation_cued_D0,0.00006,1.0000,0.0026,0.078,0.016
1902,121728,orientation_cued_D12,0.00031,1.0000,0.0362,0.309,0.010
1903,121792,orientation_cued_D4,0.00010,1.0000,0.0123,0.120,0.017
1904,121856,orientation_cued_D24,0.00060,1.0000,0.1161,0.419,0.009
1905,121920,orientation_cued_D4,0.00011,1.0000,0.0122,0.124,0.024
1906,121984,orientation_cued_D0,0.00029,1.0000,0.0675,0.073,0.009
1907,122048,orientation_cued_D12,0.00019,1.0000,0.0412,0.347,0.005
1908,122112,orientation_cued_D0,0.00010,1.0000,0.0196,0.073,0.016
1909,122176,orientation_cued_D24,0.00037,1.0000,0.0932,0.399,0.007
1910,122240,orientation_cued_D4,0.00008,1.0000,0.0072,0.132,0.027
1911,122304,orientation_cued_D24,0.00063,1.0000,0.1006,0.404,0.009
1912,122368,orientation_cued_D12,0.00030,1.0000,0.0582,0.235,0.026
1913,122432,orientation_cued_D0,0.00027,1.0000,0.1051,0.068,0.024
1914,122496,orientation_cued_D12,0.00034,1.0000,0.1090,0.265,0.005
1915,122560,orientation_cued_D4,0.00007,1.0000,0.0036,0.124,0.021
1916,122624,orientation_cued_D0,0.00007,1.0000,0.0079,0.096,0.014
1917,122688,orientation_cued_D4,0.00009,1.0000,0.0071,0.149,0.009
1918,122752,orientation_cued_D24,0.00027,1.0000,0.0447,0.373,0.010
1919,122816,orientation_cued_D0,0.00022,1.0000,0.0683,0.093,0.042
1920,122880,orientation_cued_D24,0.00028,1.0000,0.0923,0.420,0.008
1921,122944,orientation_cued_D12,0.00026,1.0000,0.0343,0.224,0.044
1922,123008,orientation_cued_D24,0.00050,1.0000,0.1547,0.446,0.019
1923,123072,orientation_cued_D12,0.00019,1.0000,0.0194,0.236,0.029
1924,123136,orientation_cued_D4,0.00025,1.0000,0.0668,0.136,0.023
1925,123200,orientation_cued_D12,0.00025,1.0000,0.0611,0.262,0.008
1926,123264,orientation_cued_D4,0.00025,1.0000,0.0724,0.159,0.026
1927,123328,orientation_cued_D0,0.00012,1.0000,0.0372,0.082,0.009
1928,123392,orientation_cued_D4,0.00012,1.0000,0.0209,0.135,0.007
1929,123456,orientation_cued_D0,0.00017,1.0000,0.0467,0.106,0.015
1930,123520,orientation_cued_D0,0.01543,0.9844,9.7836,0.082,0.008
1931,123584,orientation_cued_D24,0.00467,1.0000,4.4954,0.413,0.005
1932,123648,orientation_cued_D24,0.00021,1.0000,0.0387,0.442,0.044
1933,123712,orientation_cued_D24,0.00047,1.0000,0.1663,0.409,0.024
1934,123776,orientation_cued_D12,0.00017,1.0000,0.0247,0.218,0.026
1935,123840,orientation_cued_D12,0.00033,1.0000,0.1044,0.275,0.030
1936,123904,orientation_cued_D12,0.00014,1.0000,0.0145,0.271,0.024
1937,123968,orientation_cued_D4,0.00014,1.0000,0.0187,0.166,0.026
1938,124032,orientation_cued_D4,0.00021,1.0000,0.0371,0.188,0.015
1939,124096,orientation_cued_D4,0.00009,1.0000,0.0142,0.167,0.017
1940,124160,orientation_cued_D0,0.00051,1.0000,0.2663,0.086,0.014
1941,124224,orientation_cued_D0,0.00089,1.0000,0.3954,0.071,0.005
1942,124288,orientation_cued_D0,0.00126,1.0000,0.5708,0.093,0.006
1943,124352,orientation_cued_D24,0.01429,1.0000,7.7498,0.450,0.009
1944,124416,orientation_cued_D24,0.00051,1.0000,0.2338,0.394,0.026
1945,124480,orientation_cued_D24,0.00028,1.0000,0.0364,0.387,0.037
1946,124544,orientation_cued_D12,0.00016,1.0000,0.0170,0.237,0.025
1947,124608,orientation_cued_D12,0.00011,1.0000,0.0120,0.275,0.017
1948,124672,orientation_cued_D12,0.00084,1.0000,0.6071,0.230,0.018
1949,124736,orientation_cued_D4,0.00012,1.0000,0.0153,0.124,0.019
1950,124800,orientation_cued_D4,0.00011,1.0000,0.0115,0.122,0.009
1951,124864,orientation_cued_D4,0.00008,1.0000,0.0083,0.128,0.008
1952,124928,orientation_cued_D0,0.00010,1.0000,0.0203,0.082,0.010
1953,124992,orientation_cued_D0,0.00008,1.0000,0.0099,0.066,0.005
1954,125056,orientation_cued_D0,0.00010,1.0000,0.0084,0.071,0.005
1955,125120,orientation_cued_D24,0.00043,1.0000,0.2394,0.402,0.006
1956,125184,orientation_cued_D24,0.00285,1.0000,3.7971,0.419,0.024
1957,125248,orientation_cued_D24,0.00105,1.0000,0.8336,0.391,0.027
1958,125312,orientation_cued_D12,0.00059,1.0000,0.2122,0.229,0.025
1959,125376,orientation_cued_D12,0.00010,1.0000,0.0096,0.263,0.030
1960,125440,orientation_cued_D12,0.00017,1.0000,0.0235,0.260,0.020
1961,125504,orientation_cued_D4,0.00009,1.0000,0.0160,0.124,0.030
1962,125568,orientation_cued_D4,0.00010,1.0000,0.0178,0.171,0.009
1963,125632,orientation_cued_D4,0.00012,1.0000,0.0206,0.158,0.016
1964,125696,orientation_cued_D0,0.00019,1.0000,0.0538,0.092,0.009
1965,125760,orientation_cued_D0,0.00008,1.0000,0.0100,0.102,0.006
1966,125824,orientation_cued_D0,0.01811,0.9844,13.7393,0.112,0.013
1967,125888,orientation_cued_D24,0.00050,1.0000,0.2746,0.468,0.008
1968,125952,orientation_cued_D24,0.00018,1.0000,0.0485,0.341,0.024
1969,126016,orientation_cued_D24,0.00036,1.0000,0.1127,0.327,0.023
1970,126080,orientation_cued_D12,0.00010,1.0000,0.0234,0.232,0.033
1971,126144,orientation_cued_D12,0.00024,1.0000,0.1067,0.265,0.032
1972,126208,orientation_cued_D12,0.00006,1.0000,0.0031,0.269,0.017
1973,126272,orientation_cued_D4,0.00009,1.0000,0.0286,0.154,0.026
1974,126336,orientation_cued_D4,0.00139,1.0000,0.8324,0.159,0.013
1975,126400,orientation_cued_D4,0.00018,1.0000,0.0758,0.174,0.016
1976,126464,orientation_cued_D0,0.03320,0.9844,17.8304,0.109,0.014
1977,126528,orientation_cued_D0,0.00036,1.0000,0.0638,0.074,0.005
1978,126592,orientation_cued_D0,0.02346,0.9844,8.4171,0.092,0.009
1979,126656,orientation_cued_D24,0.00999,1.0000,8.1170,0.421,0.011
1980,126720,orientation_cued_D24,0.00029,1.0000,0.0524,0.415,0.031
1981,126784,orientation_cued_D24,0.00042,1.0000,0.0796,0.434,0.030
1982,126848,orientation_cued_D12,0.00055,1.0000,0.1084,0.222,0.026
1983,126912,orientation_cued_D12,0.00080,1.0000,0.3503,0.272,0.016
1984,126976,orientation_cued_D12,0.00046,1.0000,0.1046,0.264,0.016
1985,127040,orientation_cued_D4,0.00030,1.0000,0.0532,0.150,0.016
1986,127104,orientation_cued_D4,0.00018,1.0000,0.0240,0.163,0.008
1987,127168,orientation_cued_D4,0.00044,1.0000,0.1683,0.121,0.009
1988,127232,orientation_cued_D0,0.01095,1.0000,3.6136,0.084,0.010
1989,127296,orientation_cued_D0,0.00428,1.0000,1.6347,0.087,0.007
1990,127360,orientation_cued_D0,0.00110,1.0000,0.7143,0.105,0.005
1991,127424,orientation_cued_D24,0.03029,0.9844,18.4895,0.535,0.009
1992,127488,orientation_cued_D24,0.00048,1.0000,0.1148,0.455,0.033
1993,127552,orientation_cued_D24,0.00082,1.0000,0.1834,0.477,0.045
1994,127616,orientation_cued_D12,0.00156,1.0000,0.7227,0.227,0.035
1995,127680,orientation_cued_D12,0.00024,1.0000,0.0474,0.252,0.017
1996,127744,orientation_cued_D12,0.00191,1.0000,1.3374,0.291,0.030
1997,127808,orientation_cued_D4,0.00022,1.0000,0.0512,0.144,0.024
1998,127872,orientation_cued_D4,0.01174,1.0000,7.5585,0.169,0.014
1999,127936,orientation_cued_D4,0.01228,0.9844,6.0237,0.138,0.011
2000,128000,orientation_cued_D0,0.00056,1.0000,0.3533,0.077,0.014
2001,128064,orientation_cued_D0,0.02794,0.9844,6.9468,0.067,0.005
2002,128128,orientation_cued_D0,0.00389,1.0000,2.2346,0.071,0.005
2003,128192,orientation_cued_D24,0.00302,1.0000,1.2291,0.429,0.005
2004,128256,orientation_cued_D24,0.03085,0.9844,21.4450,0.406,0.028
2005,128320,orientation_cued_D24,0.02038,0.9844,12.8775,0.398,0.028
2006,128384,orientation_cued_D12,0.00054,1.0000,0.1645,0.222,0.025
2007,128448,orientation_cued_D12,0.09303,0.9688,11.7127,0.314,0.028
2008,128512,orientation_cued_D12,0.00021,1.0000,0.0213,0.222,0.017
2009,128576,orientation_cued_D4,0.00126,1.0000,0.4352,0.131,0.018
2010,128640,orientation_cued_D4,0.00025,1.0000,0.0558,0.145,0.008
2011,128704,orientation_cued_D4,0.00360,1.0000,2.4182,0.156,0.014
2012,128768,orientation_cued_D0,0.02442,0.9844,7.1868,0.070,0.009
2013,128832,orientation_cued_D0,0.00203,1.0000,1.0322,0.081,0.005
2014,128896,orientation_cued_D0,0.01011,1.0000,5.1057,0.089,0.005
2015,128960,orientation_cued_D24,0.14912,0.9531,33.5190,0.469,0.006
2016,129024,orientation_cued_D24,0.00090,1.0000,0.4502,0.383,0.026
2017,129088,orientation_cued_D24,0.00089,1.0000,0.3214,0.385,0.027
2018,129152,orientation_cued_D12,0.00020,1.0000,0.0208,0.223,0.025
2019,129216,orientation_cued_D12,0.01205,0.9844,3.6550,0.266,0.015
2020,129280,orientation_cued_D12,0.00172,1.0000,0.6603,0.251,0.031
2021,129344,orientation_cued_D4,0.06686,0.9844,12.4630,0.145,0.017
2022,129408,orientation_cued_D4,0.00137,1.0000,0.5471,0.184,0.013
2023,129472,orientation_cued_D4,0.01157,1.0000,4.2538,0.152,0.009
2024,129536,orientation_cued_D0,0.00065,1.0000,0.5776,0.101,0.014
2025,129600,orientation_cued_D0,0.01018,1.0000,5.5054,0.110,0.011
2026,129664,orientation_cued_D0,0.00064,1.0000,0.2922,0.112,0.010
2027,129728,orientation_cued_D24,0.05412,0.9688,12.4363,0.436,0.007
2028,129792,orientation_cued_D24,0.00382,1.0000,1.4342,0.356,0.025
2029,129856,orientation_cued_D24,0.00228,1.0000,0.3442,0.368,0.037
2030,129920,orientation_cued_D12,0.00217,1.0000,0.5356,0.214,0.030
2031,129984,orientation_cued_D12,0.00057,1.0000,0.0908,0.307,0.025
2032,130048,orientation_cued_D12,0.00026,1.0000,0.0201,0.249,0.027
2033,130112,orientation_cued_D4,0.00022,1.0000,0.0268,0.103,0.016
2034,130176,orientation_cued_D4,0.00087,1.0000,0.1319,0.120,0.013
2035,130240,orientation_cued_D4,0.00047,1.0000,0.1101,0.114,0.009
2036,130304,orientation_cued_D0,0.06715,0.9844,12.0088,0.059,0.008
2037,130368,orientation_cued_D0,0.00070,1.0000,0.4011,0.061,0.008
2038,130432,orientation_cued_D0,0.01303,0.9844,4.9241,0.068,0.005
2039,130496,orientation_cued_D24,0.00195,1.0000,0.6648,0.371,0.005
2040,130560,orientation_cued_D24,0.00490,1.0000,1.3464,0.399,0.030
2041,130624,orientation_cued_D24,0.00164,1.0000,0.2996,0.440,0.033
2042,130688,orientation_cued_D12,0.00046,1.0000,0.0505,0.240,0.035
2043,130752,orientation_cued_D12,0.00089,1.0000,0.1875,0.262,0.019
2044,130816,orientation_cued_D12,0.00071,1.0000,0.1839,0.227,0.015
2045,130880,orientation_cued_D4,0.00828,1.0000,2.7171,0.179,0.031
2046,130944,orientation_cued_D4,0.03013,0.9844,7.1842,0.162,0.014
2047,131008,orientation_cued_D4,0.00365,1.0000,1.5671,0.170,0.014
2048,131072,orientation_cued_D0,0.00146,1.0000,0.4612,0.085,0.009
2049,131136,orientation_cued_D0,0.00165,1.0000,1.1381,0.093,0.008
2050,131200,orientation_cued_D0,0.00514,1.0000,2.3414,0.086,0.009
2051,131264,orientation_cued_D24,0.00068,1.0000,0.0906,0.420,0.005
2052,131328,orientation_cued_D24,0.00213,1.0000,0.3772,0.379,0.026
2053,131392,orientation_cued_D24,0.00272,1.0000,0.4849,0.397,0.042
2054,131456,orientation_cued_D12,0.00170,1.0000,0.3741,0.230,0.034
2055,131520,orientation_cued_D12,0.02985,0.9844,4.8249,0.306,0.017
2056,131584,orientation_cued_D12,0.01068,1.0000,1.9535,0.217,0.015
2057,131648,orientation_cued_D4,0.00090,1.0000,0.2715,0.132,0.017
2058,131712,orientation_cued_D4,0.00265,1.0000,0.7893,0.156,0.015
2059,131776,orientation_cued_D4,0.00039,1.0000,0.0482,0.129,0.011
2060,131840,orientation_cued_D0,0.00200,1.0000,0.6538,0.112,0.011
2061,131904,orientation_cued_D0,0.00051,1.0000,0.1746,0.084,0.006
2062,131968,orientation_cued_D0,0.00702,1.0000,3.3014,0.111,0.008
2063,132032,orientation_cued_D24,0.00092,1.0000,0.1112,0.411,0.007
2064,132096,orientation_cued_D24,0.00181,1.0000,0.4423,0.440,0.025
2065,132160,orientation_cued_D24,0.00253,1.0000,0.5419,0.404,0.034
2066,132224,orientation_cued_D12,0.00055,1.0000,0.0778,0.231,0.032
2067,132288,orientation_cued_D12,0.00053,1.0000,0.0558,0.281,0.019
2068,132352,orientation_cued_D12,0.00026,1.0000,0.0221,0.264,0.016
2069,132416,orientation_cued_D4,0.00022,1.0000,0.0201,0.144,0.033
2070,132480,orientation_cued_D4,0.00100,1.0000,0.6861,0.168,0.015
2071,132544,orientation_cued_D4,0.00055,1.0000,0.0940,0.128,0.012
2072,132608,orientation_cued_D0,0.01602,0.9844,8.1361,0.078,0.008
2073,132672,orientation_cued_D0,0.00037,1.0000,0.1170,0.118,0.005
2074,132736,orientation_cued_D0,0.02001,0.9844,5.4135,0.106,0.011
2075,132800,orientation_cued_D24,0.00070,1.0000,0.1908,0.451,0.008
2076,132864,orientation_cued_D24,0.00842,1.0000,5.5011,0.423,0.026
2077,132928,orientation_cued_D24,0.00158,1.0000,0.5672,0.464,0.043
2078,132992,orientation_cued_D12,0.00024,1.0000,0.0369,0.280,0.034
2079,133056,orientation_cued_D12,0.00029,1.0000,0.0643,0.248,0.032
2080,133120,orientation_cued_D12,0.00015,1.0000,0.0108,0.254,0.029
2081,133184,orientation_cued_D4,0.00029,1.0000,0.0372,0.150,0.031
2082,133248,orientation_cued_D4,0.00012,1.0000,0.0089,0.223,0.015
2083,133312,orientation_cued_D4,0.00013,1.0000,0.0156,0.165,0.010
2084,133376,orientation_cued_D0,0.01067,1.0000,4.8281,0.089,0.011
2085,133440,orientation_cued_D0,0.00049,1.0000,0.1531,0.085,0.005
2086,133504,orientation_cued_D0,0.13776,0.9844,6.4182,0.090,0.006
2087,133568,orientation_cued_D24,0.00041,1.0000,0.0857,0.422,0.005
2088,133632,orientation_cued_D24,0.00096,1.0000,0.2148,0.410,0.024
2089,133696,orientation_cued_D24,0.00057,1.0000,0.1127,0.446,0.042
2090,133760,orientation_cued_D12,0.00033,1.0000,0.0270,0.270,0.028
2091,133824,orientation_cued_D12,0.00029,1.0000,0.0381,0.300,0.020
2092,133888,orientation_cued_D12,0.00027,1.0000,0.0270,0.254,0.025
2093,133952,orientation_cued_D4,0.00020,1.0000,0.0235,0.141,0.025
2094,134016,orientation_cued_D4,0.00018,1.0000,0.0193,0.159,0.009
2095,134080,orientation_cued_D4,0.00017,1.0000,0.0137,0.122,0.008
2096,134144,orientation_cued_D0,0.00353,1.0000,2.4161,0.088,0.008
2097,134208,orientation_cued_D0,0.01580,0.9844,7.8768,0.089,0.005
2098,134272,orientation_cued_D0,0.00041,1.0000,0.0930,0.129,0.009
2099,134336,orientation_cued_D24,0.00328,1.0000,2.3505,0.470,0.008
2100,134400,orientation_cued_D24,0.00036,1.0000,0.0501,0.393,0.026
2101,134464,orientation_cued_D24,0.00171,1.0000,0.4181,0.409,0.037
2102,134528,orientation_cued_D12,0.00035,1.0000,0.1045,0.274,0.025
2103,134592,orientation_cued_D12,0.00050,1.0000,0.1459,0.288,0.022
2104,134656,orientation_cued_D12,0.00131,1.0000,0.2634,0.267,0.026
2105,134720,orientation_cued_D4,0.00023,1.0000,0.0430,0.165,0.018
2106,134784,orientation_cued_D4,0.00128,1.0000,1.0232,0.135,0.009
2107,134848,orientation_cued_D4,0.00034,1.0000,0.0479,0.129,0.009
2108,134912,orientation_cued_D0,0.00055,1.0000,0.1755,0.074,0.010
2109,134976,orientation_cued_D0,0.00028,1.0000,0.0581,0.081,0.005
2110,135040,orientation_cued_D0,0.00039,1.0000,0.1330,0.084,0.005
2111,135104,orientation_cued_D24,0.00155,1.0000,0.5282,0.372,0.006
2112,135168,orientation_cued_D24,0.00160,1.0000,0.4844,0.474,0.024
2113,135232,orientation_cued_D24,0.00152,1.0000,0.8275,0.396,0.026
2114,135296,orientation_cued_D12,0.00205,1.0000,0.8358,0.256,0.034
2115,135360,orientation_cued_D12,0.00283,1.0000,1.0269,0.249,0.020
2116,135424,orientation_cued_D12,0.00018,1.0000,0.0199,0.228,0.018
2117,135488,orientation_cued_D4,0.00178,1.0000,1.3108,0.133,0.019
2118,135552,orientation_cued_D4,0.00009,1.0000,0.0091,0.147,0.009
2119,135616,orientation_cued_D4,0.00030,1.0000,0.0648,0.136,0.009
2120,135680,orientation_cued_D0,0.01635,0.9844,7.0983,0.103,0.016
2121,135744,orientation_cued_D0,0.03182,0.9844,11.6153,0.099,0.008
2122,135808,orientation_cued_D0,0.00006,1.0000,0.0052,0.105,0.010
2123,135872,orientation_cued_D24,0.00041,1.0000,0.1411,0.419,0.008
2124,135936,orientation_cued_D24,0.00030,1.0000,0.0469,0.400,0.025
2125,136000,orientation_cued_D24,0.00052,1.0000,0.1445,0.385,0.025
2126,136064,orientation_cued_D12,0.00036,1.0000,0.0459,0.281,0.033
2127,136128,orientation_cued_D12,0.00024,1.0000,0.0370,0.329,0.027
2128,136192,orientation_cued_D12,0.00055,1.0000,0.3731,0.210,0.027
2129,136256,orientation_cued_D4,0.00048,1.0000,0.1440,0.107,0.017
2130,136320,orientation_cued_D4,0.00027,1.0000,0.0774,0.108,0.012
2131,136384,orientation_cued_D4,0.00032,1.0000,0.1476,0.119,0.014
2132,136448,orientation_cued_D0,0.00147,1.0000,0.6894,0.058,0.007
2133,136512,orientation_cued_D0,0.00332,1.0000,1.2285,0.066,0.006
2134,136576,orientation_cued_D0,0.00034,1.0000,0.0479,0.084,0.008
2135,136640,orientation_cued_D24,0.00490,1.0000,4.4581,0.353,0.006
2136,136704,orientation_cued_D24,0.00026,1.0000,0.0718,0.402,0.025
2137,136768,orientation_cued_D24,0.00048,1.0000,0.1658,0.437,0.027
2138,136832,orientation_cued_D12,0.00013,1.0000,0.0120,0.229,0.033
2139,136896,orientation_cued_D12,0.00011,1.0000,0.0089,0.251,0.020
2140,136960,orientation_cued_D12,0.00014,1.0000,0.0075,0.316,0.017
2141,137024,orientation_cued_D4,0.00054,1.0000,0.4507,0.137,0.017
2142,137088,orientation_cued_D4,0.00232,1.0000,1.4990,0.141,0.008
2143,137152,orientation_cued_D4,0.00059,1.0000,0.3343,0.129,0.013
2144,137216,orientation_cued_D0,0.04238,0.9844,10.8765,0.085,0.013
2145,137280,orientation_cued_D0,0.00050,1.0000,0.1318,0.080,0.005
2146,137344,orientation_cued_D0,0.00026,1.0000,0.0513,0.080,0.008
2147,137408,orientation_cued_D24,0.00052,1.0000,0.1798,0.443,0.008
2148,137472,orientation_cued_D24,0.00167,1.0000,0.8995,0.441,0.042
2149,137536,orientation_cued_D24,0.00074,1.0000,0.1019,0.370,0.030
2150,137600,orientation_cued_D12,0.00016,1.0000,0.0167,0.263,0.038
2151,137664,orientation_cued_D12,0.00011,1.0000,0.0073,0.287,0.019
2152,137728,orientation_cued_D12,0.00159,1.0000,0.8395,0.236,0.018
2153,137792,orientation_cued_D4,0.00024,1.0000,0.0519,0.137,0.027
2154,137856,orientation_cued_D4,0.00051,1.0000,0.1823,0.129,0.017
2155,137920,orientation_cued_D4,0.00113,1.0000,0.4454,0.154,0.014
2156,137984,orientation_cued_D0,0.06499,0.9844,11.1088,0.100,0.010
2157,138048,orientation_cued_D0,0.01805,0.9844,9.3788,0.083,0.005
2158,138112,orientation_cued_D0,0.05922,0.9844,12.4168,0.100,0.008
2159,138176,orientation_cued_D24,0.00434,1.0000,2.3483,0.425,0.008
2160,138240,orientation_cued_D24,0.00191,1.0000,0.6539,0.389,0.034
2161,138304,orientation_cued_D24,0.04560,0.9844,20.0561,0.396,0.044
2162,138368,orientation_cued_D12,0.00931,1.0000,4.4993,0.232,0.024
2163,138432,orientation_cued_D12,0.04651,0.9844,10.1251,0.285,0.031
2164,138496,orientation_cued_D12,0.00282,1.0000,2.5199,0.264,0.031
2165,138560,orientation_cued_D4,0.00475,1.0000,3.9820,0.134,0.016
2166,138624,orientation_cued_D4,0.01644,0.9844,5.5125,0.150,0.008
2167,138688,orientation_cued_D4,0.00339,1.0000,1.8123,0.139,0.014
2168,138752,orientation_cued_D0,0.00017,1.0000,0.0171,0.077,0.008
2169,138816,orientation_cued_D0,0.03067,0.9844,11.9351,0.080,0.005
2170,138880,orientation_cued_D0,0.00198,1.0000,0.7301,0.088,0.008
2171,138944,orientation_cued_D24,0.00695,1.0000,4.0110,0.412,0.006
2172,139008,orientation_cued_D24,0.00153,1.0000,0.5578,0.430,0.038
2173,139072,orientation_cued_D24,0.00088,1.0000,0.3059,0.450,0.029
2174,139136,orientation_cued_D12,0.02477,0.9844,11.2073,0.222,0.031
2175,139200,orientation_cued_D12,0.00011,1.0000,0.0071,0.275,0.019
2176,139264,orientation_cued_D12,0.00022,1.0000,0.0213,0.283,0.034
2177,139328,orientation_cued_D4,0.00432,1.0000,1.9561,0.131,0.015
2178,139392,orientation_cued_D4,0.00026,1.0000,0.0569,0.152,0.009
2179,139456,orientation_cued_D0,0.00402,1.0000,1.9893,0.072,0.008
2180,139520,orientation_cued_D4,0.00011,1.0000,0.0093,0.171,0.010
2181,139584,orientation_cued_D0,0.00057,1.0000,0.1326,0.070,0.020
2182,139648,orientation_cued_D24,0.00306,1.0000,1.9824,0.390,0.005
2183,139712,orientation_cued_D0,0.02332,0.9844,9.2269,0.083,0.026
2184,139776,orientation_cued_D24,0.06009,0.9844,15.5473,0.428,0.005
2185,139840,orientation_cued_D12,0.00629,1.0000,2.8031,0.225,0.041
2186,139904,orientation_cued_D24,0.00344,1.0000,2.1803,0.442,0.029
2187,139968,orientation_cued_D12,0.00253,1.0000,1.4819,0.269,0.042
2188,140032,orientation_cued_D4,0.00023,1.0000,0.0338,0.127,0.015
2189,140096,orientation_cued_D12,0.00102,1.0000,0.4696,0.300,0.015
2190,140160,orientation_cued_D4,0.00546,1.0000,3.5310,0.123,0.017
2191,140224,orientation_cued_D0,0.11492,0.9844,5.6422,0.079,0.016
2192,140288,orientation_cued_D4,0.00160,1.0000,0.5830,0.158,0.006
2193,140352,orientation_cued_D0,0.00063,1.0000,0.1572,0.081,0.010
2194,140416,orientation_cued_D0,0.11047,0.9688,13.6657,0.070,0.005
2195,140480,orientation_cued_D24,0.00331,1.0000,1.0730,0.399,0.005
2196,140544,orientation_cued_D24,0.01406,0.9844,8.2858,0.376,0.026
2197,140608,orientation_cued_D24,0.01431,0.9844,6.9197,0.401,0.037
2198,140672,orientation_cued_D12,0.01189,1.0000,3.9574,0.236,0.053
2199,140736,orientation_cued_D12,0.00201,1.0000,0.5267,0.273,0.031
2200,140800,orientation_cued_D12,0.00179,1.0000,0.4719,0.289,0.018
2201,140864,orientation_cued_D4,0.00060,1.0000,0.0622,0.084,0.013
2202,140928,orientation_cued_D4,0.00258,1.0000,0.6404,0.109,0.007
2203,140992,orientation_cued_D4,0.03709,0.9844,8.7163,0.135,0.008
2204,141056,orientation_cued_D0,0.03041,0.9844,6.9832,0.066,0.008
2205,141120,orientation_cued_D0,0.00596,1.0000,1.9705,0.091,0.006
2206,141184,orientation_cued_D0,0.00473,1.0000,1.6761,0.095,0.008
2207,141248,orientation_cued_D24,0.01587,1.0000,9.1101,0.432,0.010
2208,141312,orientation_cued_D24,0.00076,1.0000,0.1894,0.387,0.027
2209,141376,orientation_cued_D24,0.00142,1.0000,0.1259,0.386,0.025
2210,141440,orientation_cued_D12,0.00099,1.0000,0.3966,0.235,0.033
2211,141504,orientation_cued_D12,0.00050,1.0000,0.0977,0.267,0.018
2212,141568,orientation_cued_D4,0.00039,1.0000,0.0781,0.157,0.019
2213,141632,orientation_cued_D12,0.00019,1.0000,0.0126,0.291,0.009
2214,141696,orientation_cued_D4,0.00022,1.0000,0.0279,0.153,0.026
2215,141760,orientation_cued_D0,0.06310,0.9844,7.0099,0.086,0.013
2216,141824,orientation_cued_D4,0.00201,1.0000,0.9794,0.150,0.008
2217,141888,orientation_cued_D0,0.00025,1.0000,0.0360,0.084,0.009
2218,141952,orientation_cued_D24,0.00892,1.0000,3.7816,0.529,0.010
2219,142016,orientation_cued_D0,0.07705,0.9844,8.2798,0.080,0.041
2220,142080,orientation_cued_D24,0.00966,1.0000,5.7050,0.390,0.005
2221,142144,orientation_cued_D12,0.00065,1.0000,0.2030,0.286,0.027
2222,142208,orientation_cued_D24,0.00586,1.0000,4.4718,0.421,0.029
2223,142272,orientation_cued_D4,0.01803,0.9844,6.0602,0.114,0.026
2224,142336,orientation_cued_D12,0.08078,0.9844,8.8412,0.297,0.015
2225,142400,orientation_cued_D12,0.00148,1.0000,0.4272,0.272,0.025
2226,142464,orientation_cued_D0,0.00067,1.0000,0.2379,0.077,0.017
2227,142528,orientation_cued_D4,0.00022,1.0000,0.0164,0.132,0.005
2228,142592,orientation_cued_D4,0.00030,1.0000,0.0320,0.151,0.012
2229,142656,orientation_cued_D24,0.00253,1.0000,0.4273,0.442,0.009
2230,142720,orientation_cued_D0,0.00785,1.0000,3.7663,0.074,0.043
2231,142784,orientation_cued_D0,0.00060,1.0000,0.1188,0.074,0.005
2232,142848,orientation_cued_D12,0.00070,1.0000,0.0661,0.270,0.007
2233,142912,orientation_cued_D24,0.00199,1.0000,0.2301,0.368,0.017
2234,142976,orientation_cued_D24,0.00269,1.0000,0.9973,0.400,0.024
2235,143040,orientation_cued_D4,0.00322,1.0000,0.5625,0.126,0.025
2236,143104,orientation_cued_D12,0.00078,1.0000,0.0666,0.223,0.010
2237,143168,orientation_cued_D0,0.10114,0.9688,11.4049,0.074,0.019
2238,143232,orientation_cued_D12,0.00052,1.0000,0.0616,0.264,0.006
2239,143296,orientation_cued_D4,0.00162,1.0000,0.3617,0.127,0.016
2240,143360,orientation_cued_D24,0.00142,1.0000,0.2046,0.450,0.009
2241,143424,orientation_cued_D4,0.00021,1.0000,0.0185,0.140,0.025
2242,143488,orientation_cued_D0,0.00035,1.0000,0.0594,0.091,0.009
2243,143552,orientation_cued_D12,0.00078,1.0000,0.0809,0.286,0.005
2244,143616,orientation_cued_D0,0.00076,1.0000,0.3556,0.086,0.028
2245,143680,orientation_cued_D24,0.00261,1.0000,0.7500,0.527,0.009
2246,143744,orientation_cued_D4,0.00024,1.0000,0.0171,0.135,0.026
2247,143808,orientation_cued_D24,0.00106,1.0000,0.1498,0.430,0.009
2248,143872,orientation_cued_D0,0.00109,1.0000,0.5149,0.075,0.029
2249,143936,orientation_cued_D12,0.00147,1.0000,0.4024,0.280,0.008
2250,144000,orientation_cued_D12,0.00167,1.0000,0.4195,0.257,0.019
2251,144064,orientation_cued_D24,0.01993,0.9844,7.3029,0.394,0.031
2252,144128,orientation_cued_D4,0.00149,1.0000,0.2444,0.158,0.043
2253,144192,orientation_cued_D4,0.00028,1.0000,0.0227,0.193,0.017
2254,144256,orientation_cued_D12,0.00510,1.0000,2.1815,0.266,0.010
2255,144320,orientation_cued_D0,0.00747,1.0000,2.4683,0.080,0.031
2256,144384,orientation_cued_D0,0.00113,1.0000,0.5033,0.068,0.005
2257,144448,orientation_cued_D4,0.00030,1.0000,0.0233,0.124,0.005
2258,144512,orientation_cued_D24,0.00130,1.0000,0.1566,0.419,0.015
2259,144576,orientation_cued_D0,0.01143,1.0000,2.8620,0.070,0.026
2260,144640,orientation_cued_D24,0.00228,1.0000,1.0523,0.438,0.004
2261,144704,orientation_cued_D12,0.00142,1.0000,0.6145,0.219,0.027
2262,144768,orientation_cued_D24,0.00188,1.0000,0.4113,0.485,0.022
2263,144832,orientation_cued_D12,0.00094,1.0000,0.1795,0.264,0.043
2264,144896,orientation_cued_D4,0.00030,1.0000,0.0231,0.139,0.028
2265,144960,orientation_cued_D12,0.00043,1.0000,0.0448,0.309,0.010
2266,145024,orientation_cued_D4,0.00067,1.0000,0.1841,0.141,0.018
2267,145088,orientation_cued_D0,0.00028,1.0000,0.0296,0.080,0.016
2268,145152,orientation_cued_D4,0.00017,1.0000,0.0130,0.164,0.007
2269,145216,orientation_cued_D0,0.00279,1.0000,0.9696,0.097,0.009
2270,145280,orientation_cued_D0,0.00165,1.0000,0.4310,0.094,0.006
2271,145344,orientation_cued_D24,0.00093,1.0000,0.2872,0.390,0.006
2272,145408,orientation_cued_D24,0.00128,1.0000,0.5353,0.429,0.034
2273,145472,orientation_cued_D24,0.00212,1.0000,0.8222,0.431,0.027
2274,145536,orientation_cued_D12,0.00077,1.0000,0.1891,0.245,0.026
2275,145600,orientation_cued_D12,0.00172,1.0000,0.2458,0.268,0.027
2276,145664,orientation_cued_D12,0.00133,1.0000,0.4662,0.254,0.016
2277,145728,orientation_cued_D4,0.00013,1.0000,0.0100,0.152,0.015
2278,145792,orientation_cued_D4,0.00044,1.0000,0.0868,0.184,0.015
2279,145856,orientation_cued_D4,0.00024,1.0000,0.0267,0.130,0.011
2280,145920,orientation_cued_D0,0.00025,1.0000,0.0814,0.094,0.014
2281,145984,orientation_cued_D0,0.02157,0.9844,9.6742,0.091,0.007
2282,146048,orientation_cued_D0,0.00037,1.0000,0.0608,0.080,0.006
2283,146112,orientation_cued_D24,0.00205,1.0000,0.8429,0.430,0.008
2284,146176,orientation_cued_D24,0.00343,1.0000,0.8433,0.392,0.027
2285,146240,orientation_cued_D24,0.00189,1.0000,0.5077,0.423,0.029
2286,146304,orientation_cued_D12,0.00050,1.0000,0.0588,0.265,0.026
2287,146368,orientation_cued_D12,0.00110,1.0000,0.4174,0.313,0.022
2288,146432,orientation_cued_D12,0.02057,0.9844,9.7379,0.290,0.016
2289,146496,orientation_cued_D4,0.00027,1.0000,0.0290,0.131,0.020
2290,146560,orientation_cued_D4,0.00022,1.0000,0.0207,0.200,0.014
2291,146624,orientation_cued_D4,0.00017,1.0000,0.0146,0.175,0.017
2292,146688,orientation_cued_D0,0.00686,1.0000,3.1778,0.087,0.015
2293,146752,orientation_cued_D0,0.00429,1.0000,2.1828,0.078,0.005
2294,146816,orientation_cued_D0,0.01249,0.9844,5.0070,0.116,0.006
2295,146880,orientation_cued_D24,0.00063,1.0000,0.1840,0.421,0.010
2296,146944,orientation_cued_D24,0.00013,1.0000,0.0051,0.298,0.026
2297,147008,orientation_cued_D24,0.00207,1.0000,1.4683,0.377,0.026
2298,147072,orientation_cued_D12,0.00042,1.0000,0.0649,0.237,0.027
2299,147136,orientation_cued_D12,0.00034,1.0000,0.0784,0.318,0.029
2300,147200,orientation_cued_D12,0.00022,1.0000,0.0191,0.242,0.015
2301,147264,orientation_cued_D4,0.00011,1.0000,0.0055,0.137,0.027
2302,147328,orientation_cued_D4,0.00026,1.0000,0.0344,0.155,0.009
2303,147392,orientation_cued_D4,0.00035,1.0000,0.1026,0.142,0.009
2304,147456,orientation_cued_D0,0.00033,1.0000,0.0404,0.087,0.014
2305,147520,orientation_cued_D0,0.00031,1.0000,0.0580,0.082,0.007
2306,147584,orientation_cued_D0,0.00512,1.0000,2.4887,0.077,0.005
2307,147648,orientation_cued_D24,0.00098,1.0000,0.2551,0.382,0.005
2308,147712,orientation_cued_D24,0.00162,1.0000,0.4012,0.377,0.025
2309,147776,orientation_cued_D24,0.00081,1.0000,0.3891,0.439,0.025
2310,147840,orientation_cued_D12,0.00020,1.0000,0.0195,0.267,0.037
2311,147904,orientation_cued_D12,0.00045,1.0000,0.1442,0.236,0.029
2312,147968,orientation_cued_D12,0.00031,1.0000,0.0440,0.329,0.025
2313,148032,orientation_cued_D4,0.01236,1.0000,5.5643,0.155,0.027
2314,148096,orientation_cued_D4,0.00470,1.0000,1.5995,0.165,0.014
2315,148160,orientation_cued_D4,0.00373,1.0000,1.7517,0.156,0.014
2316,148224,orientation_cued_D0,0.00042,1.0000,0.0776,0.070,0.011
2317,148288,orientation_cued_D0,0.00014,1.0000,0.0236,0.091,0.008
2318,148352,orientation_cued_D0,0.00043,1.0000,0.1615,0.094,0.008
2319,148416,orientation_cued_D24,0.00024,1.0000,0.0401,0.393,0.005
2320,148480,orientation_cued_D24,0.00026,1.0000,0.0470,0.379,0.025
2321,148544,orientation_cued_D24,0.00040,1.0000,0.0903,0.397,0.030
2322,148608,orientation_cued_D12,0.03398,0.9844,10.8930,0.217,0.026
2323,148672,orientation_cued_D12,0.00013,1.0000,0.0088,0.378,0.032
2324,148736,orientation_cued_D12,0.00013,1.0000,0.0069,0.314,0.025
2325,148800,orientation_cued_D4,0.00012,1.0000,0.0097,0.128,0.016
2326,148864,orientation_cued_D4,0.00008,1.0000,0.0034,0.120,0.010
2327,148928,orientation_cued_D4,0.00011,1.0000,0.0086,0.174,0.011
2328,148992,orientation_cued_D0,0.00014,1.0000,0.0140,0.114,0.009
2329,149056,orientation_cued_D0,0.00063,1.0000,0.1985,0.075,0.005
2330,149120,orientation_cued_D0,0.00013,1.0000,0.0162,0.101,0.012
2331,149184,orientation_cued_D24,0.01667,0.9844,9.8554,0.445,0.008
2332,149248,orientation_cued_D24,0.00016,1.0000,0.0098,0.429,0.024
2333,149312,orientation_cued_D24,0.00017,1.0000,0.0160,0.441,0.046
2334,149376,orientation_cued_D12,0.00030,1.0000,0.0379,0.237,0.036
2335,149440,orientation_cued_D12,0.00013,1.0000,0.0075,0.251,0.020
2336,149504,orientation_cued_D12,0.00011,1.0000,0.0048,0.236,0.019
2337,149568,orientation_cued_D4,0.00013,1.0000,0.0069,0.139,0.030
2338,149632,orientation_cued_D4,0.00013,1.0000,0.0200,0.127,0.008
2339,149696,orientation_cued_D4,0.00008,1.0000,0.0036,0.128,0.009
2340,149760,orientation_cued_D0,0.00009,1.0000,0.0091,0.101,0.013
2341,149824,orientation_cued_D0,0.00011,1.0000,0.0078,0.069,0.005
2342,149888,orientation_cued_D0,0.00011,1.0000,0.0089,0.073,0.006
2343,149952,orientation_cued_D24,0.00028,1.0000,0.0721,0.415,0.009
2344,150016,orientation_cued_D24,0.00341,1.0000,1.6607,0.374,0.027
2345,150080,orientation_cued_D24,0.00028,1.0000,0.0652,0.366,0.026
2346,150144,orientation_cued_D12,0.00025,1.0000,0.0532,0.249,0.040
2347,150208,orientation_cued_D12,0.00020,1.0000,0.0240,0.272,0.020
2348,150272,orientation_cued_D12,0.00051,1.0000,0.1334,0.230,0.020
2349,150336,orientation_cued_D4,0.00012,1.0000,0.0158,0.145,0.026
2350,150400,orientation_cued_D4,0.00007,1.0000,0.0036,0.136,0.009
2351,150464,orientation_cued_D4,0.00010,1.0000,0.0096,0.121,0.008
2352,150528,orientation_cued_D0,0.00010,1.0000,0.0117,0.089,0.016
2353,150592,orientation_cued_D0,0.00051,1.0000,0.1525,0.066,0.005
2354,150656,orientation_cued_D0,0.00020,1.0000,0.0270,0.068,0.006
2355,150720,orientation_cued_D24,0.00040,1.0000,0.1412,0.428,0.007
2356,150784,orientation_cued_D24,0.00082,1.0000,0.3473,0.376,0.026
2357,150848,orientation_cued_D24,0.00050,1.0000,0.1379,0.393,0.033
2358,150912,orientation_cued_D12,0.00013,1.0000,0.0073,0.221,0.038
2359,150976,orientation_cued_D12,0.00033,1.0000,0.0556,0.257,0.019
2360,151040,orientation_cued_D12,0.00010,1.0000,0.0046,0.249,0.017
2361,151104,orientation_cued_D4,0.00048,1.0000,0.1042,0.147,0.029
2362,151168,orientation_cued_D4,0.00012,1.0000,0.0207,0.131,0.009
2363,151232,orientation_cued_D4,0.00013,1.0000,0.0125,0.171,0.012
2364,151296,orientation_cued_D0,0.00007,1.0000,0.0041,0.083,0.017
2365,151360,orientation_cued_D0,0.00009,1.0000,0.0046,0.082,0.009
2366,151424,orientation_cued_D0,0.00011,1.0000,0.0089,0.100,0.008
2367,151488,orientation_cued_D24,0.00037,1.0000,0.0825,0.398,0.009
2368,151552,orientation_cued_D24,0.00200,1.0000,1.0196,0.402,0.037
2369,151616,orientation_cued_D24,0.00036,1.0000,0.1187,0.461,0.046
2370,151680,orientation_cued_D12,0.00014,1.0000,0.0174,0.250,0.027
2371,151744,orientation_cued_D12,0.00018,1.0000,0.0281,0.269,0.019
2372,151808,orientation_cued_D12,0.00030,1.0000,0.1164,0.253,0.018
2373,151872,orientation_cued_D4,0.00012,1.0000,0.0101,0.151,0.018
2374,151936,orientation_cued_D4,0.00013,1.0000,0.0167,0.138,0.013
2375,152000,orientation_cued_D4,0.00011,1.0000,0.0098,0.140,0.009
2376,152064,orientation_cued_D0,0.00192,1.0000,1.2891,0.100,0.014
2377,152128,orientation_cued_D0,0.00007,1.0000,0.0038,0.089,0.007
2378,152192,orientation_cued_D0,0.00073,1.0000,0.2150,0.101,0.010
2379,152256,orientation_cued_D24,0.00020,1.0000,0.0186,0.429,0.009
2380,152320,orientation_cued_D24,0.00024,1.0000,0.0312,0.376,0.024
2381,152384,orientation_cued_D24,0.00015,1.0000,0.0216,0.416,0.029
2382,152448,orientation_cued_D12,0.00009,1.0000,0.0041,0.234,0.043
2383,152512,orientation_cued_D12,0.00014,1.0000,0.0105,0.343,0.025
2384,152576,orientation_cued_D12,0.00010,1.0000,0.0056,0.256,0.015
2385,152640,orientation_cued_D4,0.00007,1.0000,0.0035,0.112,0.016
2386,152704,orientation_cued_D4,0.00027,1.0000,0.0500,0.165,0.008
2387,152768,orientation_cued_D4,0.00011,1.0000,0.0165,0.141,0.009
2388,152832,orientation_cued_D0,0.00013,1.0000,0.0123,0.085,0.010
2389,152896,orientation_cued_D0,0.00017,1.0000,0.0300,0.095,0.006
2390,152960,orientation_cued_D0,0.12739,0.9844,4.8351,0.098,0.006
2391,153024,orientation_cued_D24,0.00015,1.0000,0.0127,0.418,0.010
2392,153088,orientation_cued_D24,0.00020,1.0000,0.0387,0.400,0.025
2393,153152,orientation_cued_D24,0.00025,1.0000,0.0302,0.366,0.026
2394,153216,orientation_cued_D12,0.00012,1.0000,0.0093,0.176,0.024
2395,153280,orientation_cued_D12,0.00010,1.0000,0.0053,0.204,0.014
2396,153344,orientation_cued_D12,0.00010,1.0000,0.0058,0.192,0.017
2397,153408,orientation_cued_D4,0.00009,1.0000,0.0047,0.114,0.017
2398,153472,orientation_cued_D4,0.00007,1.0000,0.0040,0.127,0.008
2399,153536,orientation_cued_D4,0.00018,1.0000,0.0352,0.150,0.013
2400,153600,orientation_cued_D0,0.00018,1.0000,0.0356,0.085,0.008
2401,153664,orientation_cued_D0,0.00007,1.0000,0.0027,0.080,0.007
2402,153728,orientation_cued_D0,0.00035,1.0000,0.0785,0.079,0.005
2403,153792,orientation_cued_D24,0.00023,1.0000,0.0169,0.381,0.005
2404,153856,orientation_cued_D24,0.00057,1.0000,0.3129,0.414,0.041
2405,153920,orientation_cued_D24,0.00025,1.0000,0.0170,0.417,0.046
2406,153984,orientation_cued_D12,0.00019,1.0000,0.0309,0.269,0.033
2407,154048,orientation_cued_D12,0.00020,1.0000,0.0172,0.340,0.028
2408,154112,orientation_cued_D12,0.00029,1.0000,0.0329,0.259,0.019
2409,154176,orientation_cued_D4,0.00116,1.0000,0.5165,0.136,0.017
2410,154240,orientation_cued_D4,0.00008,1.0000,0.0038,0.185,0.014
2411,154304,orientation_cued_D4,0.00502,1.0000,2.6469,0.156,0.011
2412,154368,orientation_cued_D0,0.00020,1.0000,0.0309,0.100,0.019
2413,154432,orientation_cued_D0,0.00066,1.0000,0.2163,0.091,0.005
2414,154496,orientation_cued_D0,0.00011,1.0000,0.0060,0.100,0.010
2415,154560,orientation_cued_D24,0.00027,1.0000,0.0412,0.440,0.008
2416,154624,orientation_cued_D24,0.00042,1.0000,0.0813,0.429,0.040
2417,154688,orientation_cued_D24,0.00016,1.0000,0.0165,0.399,0.026
2418,154752,orientation_cued_D12,0.00010,1.0000,0.0053,0.230,0.025
2419,154816,orientation_cued_D12,0.00013,1.0000,0.0104,0.279,0.019
2420,154880,orientation_cued_D12,0.00015,1.0000,0.0113,0.271,0.030
2421,154944,orientation_cued_D4,0.00013,1.0000,0.0093,0.155,0.024
2422,155008,orientation_cued_D4,0.00011,1.0000,0.0121,0.176,0.015
2423,155072,orientation_cued_D4,0.00010,1.0000,0.0098,0.160,0.017
2424,155136,orientation_cued_D0,0.00011,1.0000,0.0084,0.071,0.011
2425,155200,orientation_cued_D0,0.00031,1.0000,0.1105,0.075,0.005
2426,155264,orientation_cued_D0,0.00469,1.0000,2.6986,0.101,0.006
2427,155328,orientation_cued_D24,0.00019,1.0000,0.0312,0.437,0.010
2428,155392,orientation_cued_D24,0.00013,1.0000,0.0078,0.392,0.036
2429,155456,orientation_cued_D24,0.00215,1.0000,1.1993,0.482,0.044
2430,155520,orientation_cued_D12,0.00012,1.0000,0.0158,0.248,0.027
2431,155584,orientation_cued_D12,0.00012,1.0000,0.0086,0.242,0.026
2432,155648,orientation_cued_D12,0.00017,1.0000,0.0188,0.308,0.027
2433,155712,orientation_cued_D4,0.00006,1.0000,0.0027,0.116,0.019
2434,155776,orientation_cued_D4,0.00009,1.0000,0.0090,0.127,0.009
2435,155840,orientation_cued_D0,0.00017,1.0000,0.0310,0.076,0.009
2436,155904,orientation_cued_D4,0.00010,1.0000,0.0068,0.221,0.005
2437,155968,orientation_cued_D0,0.00008,1.0000,0.0034,0.100,0.009
2438,156032,orientation_cued_D24,0.00034,1.0000,0.1156,0.477,0.005
2439,156096,orientation_cued_D0,0.00097,1.0000,0.3586,0.077,0.027
2440,156160,orientation_cued_D24,0.00015,1.0000,0.0277,0.455,0.005
2441,156224,orientation_cued_D12,0.00015,1.0000,0.0343,0.233,0.025
2442,156288,orientation_cued_D24,0.00054,1.0000,0.2806,0.460,0.022
2443,156352,orientation_cued_D12,0.00012,1.0000,0.0076,0.265,0.026
2444,156416,orientation_cued_D4,0.00011,1.0000,0.0159,0.106,0.022
2445,156480,orientation_cued_D12,0.00008,1.0000,0.0048,0.215,0.009
2446,156544,orientation_cued_D4,0.00009,1.0000,0.0053,0.104,0.018
2447,156608,orientation_cued_D0,0.00028,1.0000,0.1015,0.056,0.008
2448,156672,orientation_cued_D4,0.00012,1.0000,0.0259,0.116,0.006
2449,156736,orientation_cued_D0,0.00007,1.0000,0.0056,0.064,0.009
2450,156800,orientation_cued_D0,0.00021,1.0000,0.0399,0.069,0.005
2451,156864,orientation_cued_D24,0.00016,1.0000,0.0132,0.319,0.005
2452,156928,orientation_cued_D24,0.00010,1.0000,0.0037,0.306,0.024
2453,156992,orientation_cued_D24,0.00023,1.0000,0.0296,0.369,0.024
2454,157056,orientation_cued_D12,0.00007,1.0000,0.0035,0.180,0.024
2455,157120,orientation_cued_D12,0.00015,1.0000,0.0436,0.268,0.015
2456,157184,orientation_cued_D12,0.00026,1.0000,0.0601,0.179,0.015
2457,157248,orientation_cued_D4,0.00016,1.0000,0.0189,0.104,0.015
2458,157312,orientation_cued_D4,0.00011,1.0000,0.0085,0.128,0.008
2459,157376,orientation_cued_D4,0.00010,1.0000,0.0146,0.122,0.014
2460,157440,orientation_cued_D0,0.00025,1.0000,0.0616,0.062,0.008
2461,157504,orientation_cued_D0,0.00147,1.0000,1.0584,0.070,0.009
2462,157568,orientation_cued_D0,0.00007,1.0000,0.0049,0.069,0.009
2463,157632,orientation_cued_D24,0.00016,1.0000,0.0123,0.293,0.005
2464,157696,orientation_cued_D24,0.00015,1.0000,0.0218,0.295,0.031
2465,157760,orientation_cued_D24,0.00021,1.0000,0.0226,0.315,0.027
2466,157824,orientation_cued_D12,0.00016,1.0000,0.0215,0.162,0.023
2467,157888,orientation_cued_D12,0.00008,1.0000,0.0032,0.270,0.014
2468,157952,orientation_cued_D12,0.00011,1.0000,0.0139,0.190,0.020
2469,158016,orientation_cued_D4,0.00007,1.0000,0.0028,0.099,0.017
2470,158080,orientation_cued_D4,0.00021,1.0000,0.0376,0.105,0.008
2471,158144,orientation_cued_D4,0.00008,1.0000,0.0059,0.108,0.009
2472,158208,orientation_cued_D0,0.00127,1.0000,1.0026,0.069,0.008
2473,158272,orientation_cued_D0,0.00109,1.0000,0.4635,0.057,0.004
2474,158336,orientation_cued_D0,0.00007,1.0000,0.0047,0.106,0.005
2475,158400,orientation_cued_D24,0.00024,1.0000,0.0729,0.373,0.008
2476,158464,orientation_cued_D24,0.00017,1.0000,0.0206,0.340,0.042
2477,158528,orientation_cued_D24,0.00011,1.0000,0.0061,0.293,0.031
2478,158592,orientation_cued_D12,0.00011,1.0000,0.0083,0.163,0.027
2479,158656,orientation_cued_D12,0.00012,1.0000,0.0094,0.210,0.016
2480,158720,orientation_cued_D12,0.00016,1.0000,0.0219,0.199,0.025
2481,158784,orientation_cued_D4,0.00006,1.0000,0.0022,0.105,0.018
2482,158848,orientation_cued_D4,0.00007,1.0000,0.0026,0.151,0.008
2483,158912,orientation_cued_D4,0.00007,1.0000,0.0039,0.126,0.010
2484,158976,orientation_cued_D0,0.00008,1.0000,0.0067,0.156,0.014
2485,159040,orientation_cued_D0,0.00007,1.0000,0.0029,0.057,0.007
2486,159104,orientation_cued_D0,0.00011,1.0000,0.0122,0.061,0.005
2487,159168,orientation_cued_D24,0.00029,1.0000,0.0710,0.405,0.005
2488,159232,orientation_cued_D24,0.00029,1.0000,0.1581,0.584,0.024
2489,159296,orientation_cued_D24,0.00015,1.0000,0.0091,0.458,0.046
2490,159360,orientation_cued_D12,0.00007,1.0000,0.0052,0.214,0.028
2491,159424,orientation_cued_D12,0.00008,1.0000,0.0061,0.232,0.018
2492,159488,orientation_cued_D12,0.00007,1.0000,0.0038,0.267,0.019
2493,159552,orientation_cued_D4,0.00006,1.0000,0.0024,0.142,0.031
2494,159616,orientation_cued_D4,0.00012,1.0000,0.0132,0.190,0.008
2495,159680,orientation_cued_D4,0.00007,1.0000,0.0044,0.133,0.013
2496,159744,orientation_cued_D0,0.00026,1.0000,0.0784,0.104,0.010
2497,159808,orientation_cued_D0,0.00006,1.0000,0.0020,0.073,0.006
2498,159872,orientation_cued_D0,0.00021,1.0000,0.0654,0.099,0.009
2499,159936,orientation_cued_D24,0.00163,1.0000,0.8006,0.413,0.005
2500,160000,orientation_cued_D24,0.00014,1.0000,0.0123,0.448,0.026
2501,160064,orientation_cued_D24,0.00017,1.0000,0.0253,0.435,0.029
2502,160128,orientation_cued_D12,0.00010,1.0000,0.0057,0.237,0.024
2503,160192,orientation_cued_D12,0.00024,1.0000,0.0748,0.278,0.018
2504,160256,orientation_cued_D12,0.00008,1.0000,0.0036,0.235,0.018
2505,160320,orientation_cued_D4,0.00007,1.0000,0.0051,0.117,0.018
2506,160384,orientation_cued_D4,0.00012,1.0000,0.0146,0.123,0.010
2507,160448,orientation_cued_D4,0.00007,1.0000,0.0040,0.153,0.016
2508,160512,orientation_cued_D0,0.00029,1.0000,0.0775,0.080,0.008
2509,160576,orientation_cued_D0,0.00053,1.0000,0.2252,0.103,0.007
2510,160640,orientation_cued_D0,0.00012,1.0000,0.0150,0.114,0.008
2511,160704,orientation_cued_D24,0.00011,1.0000,0.0087,0.497,0.012
2512,160768,orientation_cued_D24,0.00023,1.0000,0.1320,0.421,0.037
2513,160832,orientation_cued_D24,0.00024,1.0000,0.0976,0.415,0.026
2514,160896,orientation_cued_D12,0.00012,1.0000,0.0173,0.272,0.042
2515,160960,orientation_cued_D12,0.00010,1.0000,0.0082,0.229,0.023
2516,161024,orientation_cued_D12,0.00008,1.0000,0.0049,0.281,0.017
2517,161088,orientation_cued_D4,0.00006,1.0000,0.0049,0.128,0.018
2518,161152,orientation_cued_D4,0.00006,1.0000,0.0020,0.162,0.013
2519,161216,orientation_cued_D0,0.00013,1.0000,0.0143,0.073,0.010
2520,161280,orientation_cued_D4,0.00009,1.0000,0.0092,0.131,0.005
2521,161344,orientation_cued_D0,0.00007,1.0000,0.0030,0.102,0.017
2522,161408,orientation_cued_D24,0.00016,1.0000,0.0186,0.397,0.005
2523,161472,orientation_cued_D0,0.00024,1.0000,0.0497,0.076,0.025
2524,161536,orientation_cued_D24,0.00015,1.0000,0.0253,0.418,0.007
2525,161600,orientation_cued_D12,0.00009,1.0000,0.0071,0.219,0.026
2526,161664,orientation_cued_D24,0.00010,1.0000,0.0084,0.483,0.033
2527,161728,orientation_cued_D12,0.00007,1.0000,0.0039,0.222,0.036
2528,161792,orientation_cued_D4,0.00009,1.0000,0.0052,0.158,0.029
2529,161856,orientation_cued_D12,0.00007,1.0000,0.0034,0.259,0.009
2530,161920,orientation_cued_D4,0.00011,1.0000,0.0112,0.157,0.017
2531,161984,orientation_cued_D0,0.00007,1.0000,0.0070,0.088,0.014
2532,162048,orientation_cued_D4,0.00005,1.0000,0.0026,0.138,0.006
2533,162112,orientation_cued_D0,0.00006,1.0000,0.0016,0.114,0.009
2534,162176,orientation_cued_D0,0.00014,1.0000,0.0323,0.076,0.022
2535,162240,orientation_cued_D24,0.00007,1.0000,0.0042,0.450,0.005
2536,162304,orientation_cued_D24,0.00009,1.0000,0.0046,0.399,0.037
2537,162368,orientation_cued_D24,0.00009,1.0000,0.0044,0.436,0.044
2538,162432,orientation_cued_D12,0.00008,1.0000,0.0040,0.238,0.035
2539,162496,orientation_cued_D12,0.00008,1.0000,0.0056,0.254,0.019
2540,162560,orientation_cued_D12,0.00008,1.0000,0.0044,0.255,0.017
2541,162624,orientation_cued_D4,0.00010,1.0000,0.0102,0.171,0.025
2542,162688,orientation_cued_D4,0.00007,1.0000,0.0082,0.127,0.011
2543,162752,orientation_cued_D4,0.00009,1.0000,0.0079,0.150,0.009
2544,162816,orientation_cued_D0,0.00007,1.0000,0.0057,0.094,0.009
2545,162880,orientation_cued_D0,0.00009,1.0000,0.0073,0.088,0.005
2546,162944,orientation_cued_D0,0.00008,1.0000,0.0048,0.086,0.009
2547,163008,orientation_cued_D24,0.00011,1.0000,0.0094,0.465,0.005
2548,163072,orientation_cued_D24,0.00014,1.0000,0.0150,0.476,0.045
2549,163136,orientation_cued_D24,0.00011,1.0000,0.0054,0.430,0.025
2550,163200,orientation_cued_D12,0.00009,1.0000,0.0065,0.279,0.047
2551,163264,orientation_cued_D12,0.00008,1.0000,0.0052,0.295,0.032
2552,163328,orientation_cued_D12,0.00010,1.0000,0.0066,0.241,0.016
2553,163392,orientation_cued_D4,0.00008,1.0000,0.0062,0.163,0.017
2554,163456,orientation_cued_D4,0.00014,1.0000,0.0260,0.172,0.009
2555,163520,orientation_cued_D4,0.00007,1.0000,0.0046,0.126,0.010
2556,163584,orientation_cued_D0,0.00010,1.0000,0.0101,0.105,0.008
2557,163648,orientation_cued_D0,0.00007,1.0000,0.0035,0.101,0.005
2558,163712,orientation_cued_D0,0.00013,1.0000,0.0240,0.104,0.005
2559,163776,orientation_cued_D24,0.00010,1.0000,0.0075,0.471,0.009
2560,163840,orientation_cued_D24,0.00012,1.0000,0.0229,0.395,0.024
2561,163904,orientation_cued_D24,0.00012,1.0000,0.0088,0.394,0.026
2562,163968,orientation_cued_D12,0.00007,1.0000,0.0062,0.245,0.026
2563,164032,orientation_cued_D12,0.00007,1.0000,0.0024,0.275,0.017
2564,164096,orientation_cued_D12,0.00010,1.0000,0.0056,0.216,0.020
2565,164160,orientation_cued_D4,0.00006,1.0000,0.0075,0.161,0.027
2566,164224,orientation_cued_D4,0.00005,1.0000,0.0015,0.158,0.013
2567,164288,orientation_cued_D4,0.00008,1.0000,0.0068,0.155,0.009
2568,164352,orientation_cued_D0,0.00054,1.0000,0.2805,0.080,0.008
2569,164416,orientation_cued_D0,0.00069,1.0000,0.2470,0.087,0.009
2570,164480,orientation_cued_D0,0.00007,1.0000,0.0035,0.091,0.010
2571,164544,orientation_cued_D24,0.00008,1.0000,0.0035,0.413,0.006
2572,164608,orientation_cued_D24,0.00018,1.0000,0.0951,0.408,0.027
2573,164672,orientation_cued_D24,0.00016,1.0000,0.0353,0.455,0.039
2574,164736,orientation_cued_D12,0.00010,1.0000,0.0103,0.237,0.025
2575,164800,orientation_cued_D12,0.00007,1.0000,0.0048,0.253,0.017
2576,164864,orientation_cued_D12,0.00009,1.0000,0.0061,0.267,0.025
2577,164928,orientation_cued_D4,0.00005,1.0000,0.0022,0.143,0.017
2578,164992,orientation_cued_D4,0.00009,1.0000,0.0136,0.132,0.008
2579,165056,orientation_cued_D4,0.00005,1.0000,0.0022,0.146,0.015
2580,165120,orientation_cued_D0,0.00010,1.0000,0.0233,0.099,0.009
2581,165184,orientation_cued_D0,0.00007,1.0000,0.0030,0.076,0.005
2582,165248,orientation_cued_D0,0.00009,1.0000,0.0105,0.076,0.005
2583,165312,orientation_cued_D24,0.00010,1.0000,0.0109,0.455,0.008
2584,165376,orientation_cued_D24,0.00015,1.0000,0.0344,0.379,0.025
2585,165440,orientation_cued_D24,0.00018,1.0000,0.0443,0.311,0.026
2586,165504,orientation_cued_D12,0.00007,1.0000,0.0035,0.175,0.024
2587,165568,orientation_cued_D12,0.00008,1.0000,0.0057,0.239,0.015
2588,165632,orientation_cued_D12,0.00006,1.0000,0.0019,0.269,0.015
2589,165696,orientation_cued_D4,0.00015,1.0000,0.0557,0.151,0.015
2590,165760,orientation_cued_D4,0.00009,1.0000,0.0183,0.178,0.013
2591,165824,orientation_cued_D4,0.00006,1.0000,0.0032,0.150,0.014
2592,165888,orientation_cued_D0,0.00013,1.0000,0.0350,0.086,0.015
2593,165952,orientation_cued_D0,0.00006,1.0000,0.0025,0.093,0.010
2594,166016,orientation_cued_D0,0.00008,1.0000,0.0087,0.108,0.010
2595,166080,orientation_cued_D24,0.00021,1.0000,0.0897,0.447,0.007
2596,166144,orientation_cued_D24,0.00015,1.0000,0.0381,0.395,0.026
2597,166208,orientation_cued_D24,0.00009,1.0000,0.0077,0.405,0.026
2598,166272,orientation_cued_D12,0.00008,1.0000,0.0068,0.247,0.026
2599,166336,orientation_cued_D12,0.00007,1.0000,0.0028,0.234,0.017
2600,166400,orientation_cued_D12,0.00008,1.0000,0.0037,0.272,0.016
2601,166464,orientation_cued_D4,0.00006,1.0000,0.0024,0.117,0.014
2602,166528,orientation_cued_D4,0.00006,1.0000,0.0023,0.152,0.009
2603,166592,orientation_cued_D4,0.00006,1.0000,0.0037,0.145,0.008
2604,166656,orientation_cued_D0,0.00023,1.0000,0.0563,0.080,0.008
2605,166720,orientation_cued_D0,0.00006,1.0000,0.0024,0.079,0.005
2606,166784,orientation_cued_D0,0.00014,1.0000,0.0349,0.081,0.006
2607,166848,orientation_cued_D24,0.00021,1.0000,0.1038,0.488,0.006
2608,166912,orientation_cued_D24,0.00012,1.0000,0.0067,0.418,0.024
2609,166976,orientation_cued_D24,0.00007,1.0000,0.0038,0.480,0.042
2610,167040,orientation_cued_D12,0.00008,1.0000,0.0058,0.240,0.027
2611,167104,orientation_cued_D12,0.00066,1.0000,0.4931,0.261,0.021
2612,167168,orientation_cued_D12,0.00006,1.0000,0.0020,0.248,0.018
2613,167232,orientation_cued_D4,0.00005,1.0000,0.0024,0.150,0.017
2614,167296,orientation_cued_D4,0.00005,1.0000,0.0031,0.174,0.014
2615,167360,orientation_cued_D0,0.00011,1.0000,0.0177,0.092,0.017
2616,167424,orientation_cued_D4,0.00016,1.0000,0.0238,0.169,0.007
2617,167488,orientation_cued_D0,0.00009,1.0000,0.0115,0.081,0.015
2618,167552,orientation_cued_D24,0.00011,1.0000,0.0189,0.410,0.005
2619,167616,orientation_cued_D0,0.00005,1.0000,0.0019,0.075,0.027
2620,167680,orientation_cued_D24,0.00013,1.0000,0.0208,0.449,0.005
2621,167744,orientation_cued_D12,0.00008,1.0000,0.0040,0.250,0.037
2622,167808,orientation_cued_D24,0.00014,1.0000,0.0269,0.455,0.020
2623,167872,orientation_cued_D12,0.00011,1.0000,0.0108,0.226,0.024
2624,167936,orientation_cued_D4,0.00005,1.0000,0.0019,0.135,0.018
2625,168000,orientation_cued_D12,0.00006,1.0000,0.0026,0.293,0.009
2626,168064,orientation_cued_D4,0.00007,1.0000,0.0037,0.140,0.019
2627,168128,orientation_cued_D0,0.00018,1.0000,0.0412,0.075,0.010
2628,168192,orientation_cued_D4,0.00007,1.0000,0.0047,0.171,0.006
2629,168256,orientation_cued_D0,0.00014,1.0000,0.0440,0.069,0.011
2630,168320,orientation_cued_D0,0.00005,1.0000,0.0019,0.079,0.007
2631,168384,orientation_cued_D24,0.00009,1.0000,0.0107,0.402,0.005
2632,168448,orientation_cued_D24,0.00020,1.0000,0.0890,0.364,0.025
2633,168512,orientation_cued_D24,0.00012,1.0000,0.0058,0.394,0.032
2634,168576,orientation_cued_D12,0.00016,1.0000,0.0455,0.234,0.033
2635,168640,orientation_cued_D12,0.00009,1.0000,0.0067,0.290,0.019
2636,168704,orientation_cued_D12,0.00009,1.0000,0.0137,0.263,0.016
2637,168768,orientation_cued_D4,0.00005,1.0000,0.0037,0.139,0.024
2638,168832,orientation_cued_D4,0.00005,1.0000,0.0028,0.188,0.020
2639,168896,orientation_cued_D4,0.00006,1.0000,0.0033,0.149,0.014
2640,168960,orientation_cued_D0,0.00047,1.0000,0.1937,0.079,0.011
2641,169024,orientation_cued_D0,0.00007,1.0000,0.0039,0.107,0.005
2642,169088,orientation_cued_D0,0.00012,1.0000,0.0233,0.086,0.007
2643,169152,orientation_cued_D24,0.00014,1.0000,0.0109,0.431,0.005
2644,169216,orientation_cued_D24,0.00008,1.0000,0.0043,0.401,0.026
2645,169280,orientation_cued_D24,0.00018,1.0000,0.0876,0.383,0.029
2646,169344,orientation_cued_D12,0.00007,1.0000,0.0028,0.239,0.033
2647,169408,orientation_cued_D12,0.00011,1.0000,0.0270,0.273,0.032
2648,169472,orientation_cued_D12,0.00005,1.0000,0.0014,0.253,0.027
2649,169536,orientation_cued_D4,0.00004,1.0000,0.0012,0.146,0.025
2650,169600,orientation_cued_D4,0.00008,1.0000,0.0212,0.165,0.008
2651,169664,orientation_cued_D4,0.00007,1.0000,0.0054,0.148,0.010
2652,169728,orientation_cued_D0,0.01250,0.9844,6.7885,0.073,0.014
2653,169792,orientation_cued_D0,0.00005,1.0000,0.0018,0.056,0.004
2654,169856,orientation_cued_D0,0.00007,1.0000,0.0036,0.074,0.005
2655,169920,orientation_cued_D24,0.00010,1.0000,0.0087,0.312,0.005
2656,169984,orientation_cued_D24,0.00010,1.0000,0.0246,0.342,0.039
2657,170048,orientation_cued_D24,0.00013,1.0000,0.0259,0.391,0.026
2658,170112,orientation_cued_D12,0.00009,1.0000,0.0058,0.242,0.034
2659,170176,orientation_cued_D12,0.00011,1.0000,0.0074,0.299,0.021
2660,170240,orientation_cued_D12,0.00008,1.0000,0.0041,0.230,0.018
2661,170304,orientation_cued_D4,0.00006,1.0000,0.0030,0.152,0.018
2662,170368,orientation_cued_D4,0.00005,1.0000,0.0013,0.157,0.013
2663,170432,orientation_cued_D4,0.00006,1.0000,0.0055,0.134,0.010
2664,170496,orientation_cued_D0,0.00007,1.0000,0.0034,0.093,0.014
2665,170560,orientation_cued_D0,0.00028,1.0000,0.0814,0.092,0.006
2666,170624,orientation_cued_D0,0.00008,1.0000,0.0044,0.097,0.009
2667,170688,orientation_cued_D24,0.00041,1.0000,0.5360,0.447,0.008
2668,170752,orientation_cued_D24,0.00015,1.0000,0.0201,0.500,0.048
2669,170816,orientation_cued_D24,0.00021,1.0000,0.0984,0.382,0.032
2670,170880,orientation_cued_D12,0.00008,1.0000,0.0053,0.284,0.026
2671,170944,orientation_cued_D12,0.00017,1.0000,0.0454,0.266,0.018
2672,171008,orientation_cued_D12,0.00020,1.0000,0.0614,0.265,0.017
2673,171072,orientation_cued_D4,0.00036,1.0000,0.1765,0.154,0.032
2674,171136,orientation_cued_D4,0.00006,1.0000,0.0048,0.150,0.010
2675,171200,orientation_cued_D4,0.00010,1.0000,0.0147,0.130,0.013
2676,171264,orientation_cued_D0,0.00148,1.0000,1.0943,0.073,0.009
2677,171328,orientation_cued_D0,0.08344,0.9844,14.9859,0.073,0.005
2678,171392,orientation_cued_D0,0.03769,0.9844,11.1861,0.067,0.005
2679,171456,orientation_cued_D24,0.00107,1.0000,1.4737,0.437,0.006
2680,171520,orientation_cued_D24,0.00009,1.0000,0.0088,0.412,0.051
2681,171584,orientation_cued_D24,0.00014,1.0000,0.0097,0.400,0.025
2682,171648,orientation_cued_D12,0.00012,1.0000,0.0164,0.253,0.030
2683,171712,orientation_cued_D12,0.00018,1.0000,0.0353,0.244,0.021
2684,171776,orientation_cued_D12,0.00013,1.0000,0.0140,0.249,0.018
2685,171840,orientation_cued_D4,0.00013,1.0000,0.0154,0.117,0.020
2686,171904,orientation_cued_D4,0.00015,1.0000,0.0167,0.130,0.007
2687,171968,orientation_cued_D0,0.00131,1.0000,0.4888,0.076,0.010
2688,172032,orientation_cued_D4,0.00023,1.0000,0.0783,0.198,0.007
2689,172096,orientation_cued_D0,0.12603,0.9844,4.8989,0.119,0.015
2690,172160,orientation_cued_D24,0.00055,1.0000,0.1486,0.464,0.005
2691,172224,orientation_cued_D0,0.12434,0.9844,3.8731,0.077,0.029
2692,172288,orientation_cued_D24,0.00378,1.0000,2.6960,0.403,0.005
2693,172352,orientation_cued_D12,0.00087,1.0000,0.5366,0.233,0.025
2694,172416,orientation_cued_D24,0.00036,1.0000,0.0439,0.460,0.036
2695,172480,orientation_cued_D12,0.00087,1.0000,0.2354,0.238,0.024
2696,172544,orientation_cued_D4,0.02140,0.9844,7.8789,0.121,0.014
2697,172608,orientation_cued_D12,0.00040,1.0000,0.1209,0.296,0.014
2698,172672,orientation_cued_D4,0.00034,1.0000,0.0858,0.124,0.014
2699,172736,orientation_cued_D0,0.02160,0.9844,5.9127,0.086,0.008
2700,172800,orientation_cued_D4,0.00016,1.0000,0.0128,0.131,0.005
2701,172864,orientation_cued_D0,0.00095,1.0000,0.4129,0.066,0.009
2702,172928,orientation_cued_D0,0.00215,1.0000,0.6592,0.072,0.007
2703,172992,orientation_cued_D24,0.00034,1.0000,0.0343,0.395,0.007
2704,173056,orientation_cued_D24,0.00071,1.0000,0.2313,0.399,0.023
2705,173120,orientation_cued_D24,0.01305,0.9844,10.2958,0.409,0.031
2706,173184,orientation_cued_D12,0.00040,1.0000,0.0999,0.225,0.024
2707,173248,orientation_cued_D12,0.00017,1.0000,0.0109,0.254,0.019
2708,173312,orientation_cued_D12,0.00125,1.0000,1.0353,0.245,0.016
2709,173376,orientation_cued_D4,0.00023,1.0000,0.0272,0.135,0.025
2710,173440,orientation_cued_D4,0.00022,1.0000,0.0393,0.142,0.010
2711,173504,orientation_cued_D4,0.00030,1.0000,0.0291,0.153,0.012
2712,173568,orientation_cued_D0,0.00060,1.0000,0.1652,0.100,0.014
2713,173632,orientation_cued_D0,0.08116,0.9844,10.0945,0.079,0.006
2714,173696,orientation_cued_D0,0.00325,1.0000,1.7396,0.098,0.011
2715,173760,orientation_cued_D24,0.00039,1.0000,0.0250,0.470,0.007
2716,173824,orientation_cued_D24,0.00150,1.0000,0.6086,0.487,0.041
2717,173888,orientation_cued_D24,0.00169,1.0000,0.6443,0.404,0.030
2718,173952,orientation_cued_D12,0.00021,1.0000,0.0309,0.280,0.027
2719,174016,orientation_cued_D12,0.00075,1.0000,0.2883,0.297,0.032
2720,174080,orientation_cued_D12,0.00083,1.0000,0.4330,0.244,0.014
2721,174144,orientation_cued_D4,0.00025,1.0000,0.0344,0.133,0.017
2722,174208,orientation_cued_D4,0.00115,1.0000,0.6129,0.143,0.008
2723,174272,orientation_cued_D4,0.00172,1.0000,0.5730,0.157,0.016
2724,174336,orientation_cued_D0,0.00667,1.0000,2.5373,0.097,0.008
2725,174400,orientation_cued_D0,0.00101,1.0000,0.3208,0.096,0.005
2726,174464,orientation_cued_D0,0.00041,1.0000,0.0577,0.106,0.013
2727,174528,orientation_cued_D24,0.00040,1.0000,0.0588,0.412,0.005
2728,174592,orientation_cued_D24,0.00168,1.0000,0.5717,0.401,0.032
2729,174656,orientation_cued_D24,0.00219,1.0000,1.1933,0.375,0.027
2730,174720,orientation_cued_D12,0.00121,1.0000,0.3990,0.218,0.030
2731,174784,orientation_cued_D12,0.00026,1.0000,0.0233,0.238,0.017
2732,174848,orientation_cued_D12,0.00217,1.0000,1.1159,0.242,0.016
2733,174912,orientation_cued_D4,0.00029,1.0000,0.0290,0.122,0.018
2734,174976,orientation_cued_D4,0.00030,1.0000,0.0234,0.129,0.008
2735,175040,orientation_cued_D4,0.00027,1.0000,0.0493,0.118,0.009
2736,175104,orientation_cued_D0,0.01203,0.9844,3.7507,0.088,0.011
2737,175168,orientation_cued_D0,0.00021,1.0000,0.0141,0.091,0.006
2738,175232,orientation_cued_D0,0.00310,1.0000,0.9084,0.088,0.005
2739,175296,orientation_cued_D24,0.00034,1.0000,0.0378,0.424,0.006
2740,175360,orientation_cued_D24,0.00050,1.0000,0.0690,0.370,0.029
2741,175424,orientation_cued_D24,0.00328,1.0000,2.1263,0.395,0.028
2742,175488,orientation_cued_D12,0.00445,1.0000,2.2110,0.261,0.046
2743,175552,orientation_cued_D12,0.00114,1.0000,0.3425,0.272,0.025
2744,175616,orientation_cued_D12,0.00018,1.0000,0.0233,0.278,0.019
2745,175680,orientation_cued_D4,0.00015,1.0000,0.0097,0.166,0.033
2746,175744,orientation_cued_D4,0.00016,1.0000,0.0107,0.158,0.014
2747,175808,orientation_cued_D0,0.02126,0.9844,6.2667,0.081,0.009
2748,175872,orientation_cued_D4,0.00010,1.0000,0.0039,0.136,0.006
2749,175936,orientation_cued_D0,0.00091,1.0000,0.2290,0.082,0.010
2750,176000,orientation_cued_D24,0.00046,1.0000,0.1161,0.396,0.011
2751,176064,orientation_cued_D0,0.00010,1.0000,0.0051,0.060,0.025
2752,176128,orientation_cued_D24,0.00022,1.0000,0.0311,0.292,0.004
2753,176192,orientation_cued_D12,0.00023,1.0000,0.0216,0.250,0.023
2754,176256,orientation_cued_D24,0.00059,1.0000,0.2553,0.397,0.016
2755,176320,orientation_cued_D12,0.00015,1.0000,0.0172,0.230,0.025
2756,176384,orientation_cued_D4,0.00011,1.0000,0.0067,0.144,0.018
2757,176448,orientation_cued_D12,0.00216,1.0000,0.9529,0.280,0.008
2758,176512,orientation_cued_D0,0.00013,1.0000,0.0133,0.080,0.017
2759,176576,orientation_cued_D4,0.00235,1.0000,1.0601,0.206,0.008
2760,176640,orientation_cued_D4,0.00370,1.0000,1.7632,0.165,0.015
2761,176704,orientation_cued_D24,0.00122,1.0000,0.5777,0.407,0.017
2762,176768,orientation_cued_D0,0.00963,1.0000,3.7650,0.071,0.027
2763,176832,orientation_cued_D0,0.02226,0.9844,6.9210,0.083,0.005
2764,176896,orientation_cued_D12,0.00029,1.0000,0.0504,0.315,0.013
2765,176960,orientation_cued_D24,0.00034,1.0000,0.0521,0.386,0.024
2766,177024,orientation_cued_D24,0.00015,1.0000,0.0096,0.422,0.032
2767,177088,orientation_cued_D4,0.00014,1.0000,0.0184,0.126,0.043
2768,177152,orientation_cued_D12,0.00063,1.0000,0.1140,0.248,0.010
2769,177216,orientation_cued_D0,0.00021,1.0000,0.0503,0.106,0.029
2770,177280,orientation_cued_D12,0.00009,1.0000,0.0037,0.292,0.009
2771,177344,orientation_cued_D4,0.00016,1.0000,0.0284,0.142,0.024
2772,177408,orientation_cued_D24,0.00048,1.0000,0.2150,0.410,0.015
2773,177472,orientation_cued_D4,0.00014,1.0000,0.0149,0.135,0.037
2774,177536,orientation_cued_D0,0.00013,1.0000,0.0152,0.069,0.010
2775,177600,orientation_cued_D12,0.00029,1.0000,0.0437,0.249,0.005
2776,177664,orientation_cued_D0,0.00009,1.0000,0.0068,0.068,0.018
2777,177728,orientation_cued_D4,0.00049,1.0000,0.1835,0.119,0.004
2778,177792,orientation_cued_D24,0.00031,1.0000,0.0928,0.424,0.014
2779,177856,orientation_cued_D24,0.00088,1.0000,0.6033,0.459,0.041
2780,177920,orientation_cued_D0,0.01330,0.9844,5.7883,0.102,0.037
2781,177984,orientation_cued_D12,0.00130,1.0000,0.7351,0.329,0.007
2782,178048,orientation_cued_D12,0.00009,1.0000,0.0057,0.239,0.017
2783,178112,orientation_cued_D24,0.00029,1.0000,0.0388,0.412,0.019
2784,178176,orientation_cued_D4,0.00007,1.0000,0.0040,0.146,0.037
2785,178240,orientation_cued_D4,0.00007,1.0000,0.0045,0.168,0.016
2786,178304,orientation_cued_D12,0.00030,1.0000,0.1215,0.338,0.009
2787,178368,orientation_cued_D0,0.00013,1.0000,0.0208,0.084,0.027
2788,178432,orientation_cued_D0,0.00211,1.0000,0.9942,0.093,0.005
2789,178496,orientation_cued_D4,0.00007,1.0000,0.0044,0.187,0.007
2790,178560,orientation_cued_D24,0.00094,1.0000,0.8862,0.392,0.016
2791,178624,orientation_cued_D0,0.06322,0.9844,12.1389,0.071,0.025
2792,178688,orientation_cued_D24,0.00041,1.0000,0.0923,0.396,0.005
2793,178752,orientation_cued_D12,0.00012,1.0000,0.0154,0.254,0.026
2794,178816,orientation_cued_D24,0.00047,1.0000,0.0929,0.449,0.021
2795,178880,orientation_cued_D12,0.00009,1.0000,0.0084,0.299,0.028
2796,178944,orientation_cued_D4,0.00007,1.0000,0.0053,0.169,0.027
2797,179008,orientation_cued_D12,0.00031,1.0000,0.0640,0.309,0.016
2798,179072,orientation_cued_D4,0.00060,1.0000,0.2776,0.119,0.024
2799,179136,orientation_cued_D0,0.00049,1.0000,0.2033,0.086,0.014
2800,179200,orientation_cued_D4,0.00007,1.0000,0.0043,0.132,0.005
2801,179264,orientation_cued_D0,0.01442,0.9844,5.3054,0.079,0.008
2802,179328,orientation_cued_D0,0.01705,0.9844,4.7567,0.077,0.009
2803,179392,orientation_cued_D24,0.00054,1.0000,0.2398,0.404,0.005
2804,179456,orientation_cued_D24,0.00070,1.0000,0.2347,0.457,0.026
2805,179520,orientation_cued_D24,0.00017,1.0000,0.0122,0.435,0.035
2806,179584,orientation_cued_D12,0.00010,1.0000,0.0059,0.238,0.030
2807,179648,orientation_cued_D12,0.00008,1.0000,0.0035,0.282,0.018
2808,179712,orientation_cued_D12,0.00061,1.0000,0.3059,0.304,0.032
2809,179776,orientation_cued_D4,0.00008,1.0000,0.0035,0.124,0.017
2810,179840,orientation_cued_D4,0.00015,1.0000,0.0279,0.173,0.011
2811,179904,orientation_cued_D4,0.00008,1.0000,0.0059,0.150,0.017
2812,179968,orientation_cued_D0,0.00079,1.0000,0.3094,0.081,0.008
2813,180032,orientation_cued_D0,0.00019,1.0000,0.0433,0.072,0.005
2814,180096,orientation_cued_D0,0.01145,1.0000,3.8109,0.093,0.009
2815,180160,orientation_cued_D24,0.00306,1.0000,2.2760,0.366,0.010
2816,180224,orientation_cued_D24,0.00123,1.0000,0.6191,0.299,0.036
2817,180288,orientation_cued_D24,0.00026,1.0000,0.0440,0.448,0.032
2818,180352,orientation_cued_D12,0.00012,1.0000,0.0237,0.230,0.042
2819,180416,orientation_cued_D12,0.00011,1.0000,0.0057,0.317,0.016
2820,180480,orientation_cued_D12,0.00013,1.0000,0.0220,0.230,0.026
2821,180544,orientation_cued_D4,0.00021,1.0000,0.0382,0.137,0.028
2822,180608,orientation_cued_D4,0.00009,1.0000,0.0042,0.169,0.014
2823,180672,orientation_cued_D4,0.00025,1.0000,0.0668,0.158,0.015
2824,180736,orientation_cued_D0,0.00156,1.0000,0.8671,0.095,0.014
2825,180800,orientation_cued_D0,0.00505,1.0000,2.2027,0.101,0.007
2826,180864,orientation_cued_D0,0.04561,0.9844,9.1847,0.082,0.010
2827,180928,orientation_cued_D24,0.00016,1.0000,0.0157,0.385,0.005
2828,180992,orientation_cued_D24,0.03134,0.9844,24.0635,0.472,0.042
2829,181056,orientation_cued_D24,0.00015,1.0000,0.0165,0.409,0.035
2830,181120,orientation_cued_D12,0.00034,1.0000,0.1152,0.223,0.026
2831,181184,orientation_cued_D12,0.00037,1.0000,0.1093,0.293,0.015
2832,181248,orientation_cued_D12,0.00015,1.0000,0.0292,0.255,0.026
2833,181312,orientation_cued_D4,0.00591,1.0000,3.2234,0.151,0.015
2834,181376,orientation_cued_D4,0.00015,1.0000,0.0235,0.178,0.008
2835,181440,orientation_cued_D4,0.00085,1.0000,0.4263,0.135,0.010
2836,181504,orientation_cued_D0,0.00157,1.0000,0.5444,0.074,0.008
2837,181568,orientation_cued_D0,0.00017,1.0000,0.0234,0.081,0.008
2838,181632,orientation_cued_D0,0.00021,1.0000,0.0372,0.085,0.005
2839,181696,orientation_cued_D24,0.29780,0.9062,70.1780,0.444,0.007
2840,181760,orientation_cued_D24,0.06037,0.9844,21.9294,0.419,0.028
2841,181824,orientation_cued_D24,0.00130,1.0000,0.9961,0.396,0.028
2842,181888,orientation_cued_D12,0.00027,1.0000,0.0456,0.254,0.034
2843,181952,orientation_cued_D12,0.00107,1.0000,0.4139,0.229,0.018
2844,182016,orientation_cued_D12,0.02316,0.9844,8.3646,0.226,0.017
2845,182080,orientation_cued_D4,0.02814,1.0000,8.3764,0.134,0.015
2846,182144,orientation_cued_D4,0.01710,1.0000,4.2734,0.133,0.009
2847,182208,orientation_cued_D0,0.00097,1.0000,0.2673,0.090,0.014
2848,182272,orientation_cued_D0,0.00312,1.0000,0.9723,0.073,0.007
2849,182336,orientation_cued_D4,0.00136,1.0000,0.4269,0.152,0.006
2850,182400,orientation_cued_D24,0.18017,0.9531,17.3600,0.431,0.013
2851,182464,orientation_cued_D24,0.17340,0.9531,33.4150,0.412,0.028
2852,182528,orientation_cued_D0,0.01842,0.9844,6.5048,0.069,0.034
2853,182592,orientation_cued_D12,0.09206,0.9531,23.4264,0.254,0.007
2854,182656,orientation_cued_D12,0.00638,1.0000,1.0066,0.281,0.021
2855,182720,orientation_cued_D24,0.01014,1.0000,2.2137,0.421,0.020
2856,182784,orientation_cued_D4,0.00410,1.0000,0.8039,0.110,0.026
2857,182848,orientation_cued_D4,0.01065,1.0000,2.2364,0.143,0.008
2858,182912,orientation_cued_D12,0.01785,1.0000,2.0743,0.228,0.009
2859,182976,orientation_cued_D0,0.13649,0.9844,4.1825,0.072,0.020
2860,183040,orientation_cued_D0,0.05775,0.9844,7.4279,0.061,0.005
2861,183104,orientation_cued_D4,0.01850,1.0000,3.4104,0.138,0.006
2862,183168,orientation_cued_D24,0.13787,0.9375,15.0290,0.381,0.009
2863,183232,orientation_cued_D0,0.10573,0.9688,17.4287,0.068,0.024
2864,183296,orientation_cued_D24,0.03620,0.9844,3.1813,0.411,0.005
2865,183360,orientation_cued_D12,0.00393,1.0000,0.5838,0.242,0.028
2866,183424,orientation_cued_D24,0.01962,1.0000,2.7939,0.436,0.019
2867,183488,orientation_cued_D12,0.01565,1.0000,5.6112,0.239,0.029
2868,183552,orientation_cued_D4,0.03085,0.9844,6.4095,0.148,0.021
2869,183616,orientation_cued_D12,0.00664,1.0000,2.3016,0.256,0.010
2870,183680,orientation_cued_D4,0.00055,1.0000,0.0882,0.167,0.031
2871,183744,orientation_cued_D0,0.13081,0.9688,13.6990,0.083,0.011
2872,183808,orientation_cued_D4,0.01471,0.9844,6.0283,0.164,0.009
2873,183872,orientation_cued_D0,0.00840,1.0000,2.7404,0.084,0.017
2874,183936,orientation_cued_D0,0.07470,0.9844,11.2756,0.100,0.009
2875,184000,orientation_cued_D24,0.13302,0.9531,17.2008,0.454,0.009
2876,184064,orientation_cued_D24,0.00961,1.0000,1.6428,0.392,0.034
2877,184128,orientation_cued_D24,0.03396,0.9844,9.8074,0.433,0.038
2878,184192,orientation_cued_D12,0.02190,0.9844,4.4041,0.236,0.027
2879,184256,orientation_cued_D12,0.00204,1.0000,0.4443,0.330,0.031
2880,184320,orientation_cued_D12,0.00749,1.0000,2.3595,0.231,0.017
2881,184384,orientation_cued_D4,0.00383,1.0000,0.9692,0.167,0.018
2882,184448,orientation_cued_D4,0.00124,1.0000,0.1461,0.169,0.009
2883,184512,orientation_cued_D4,0.00087,1.0000,0.1533,0.136,0.012
2884,184576,orientation_cued_D0,0.00033,1.0000,0.0200,0.083,0.013
2885,184640,orientation_cued_D0,0.04479,0.9844,6.2981,0.073,0.008
2886,184704,orientation_cued_D0,0.02976,0.9844,7.0014,0.075,0.005
2887,184768,orientation_cued_D24,0.09140,0.9844,16.3985,0.417,0.006
2888,184832,orientation_cued_D24,0.02453,0.9844,5.4408,0.427,0.033
2889,184896,orientation_cued_D24,0.01762,0.9844,6.8937,0.423,0.029
2890,184960,orientation_cued_D12,0.01819,0.9844,6.1043,0.250,0.025
2891,185024,orientation_cued_D12,0.00230,1.0000,0.8255,0.288,0.020
2892,185088,orientation_cued_D12,0.00140,1.0000,0.2200,0.270,0.025
2893,185152,orientation_cued_D4,0.00282,1.0000,0.6966,0.128,0.015
2894,185216,orientation_cued_D4,0.00338,1.0000,1.4482,0.173,0.008
2895,185280,orientation_cued_D4,0.00096,1.0000,0.1734,0.155,0.010
2896,185344,orientation_cued_D0,0.00076,1.0000,0.0861,0.073,0.008
2897,185408,orientation_cued_D0,0.00880,1.0000,2.1686,0.091,0.006
2898,185472,orientation_cued_D0,0.00887,1.0000,2.3252,0.103,0.008
2899,185536,orientation_cued_D24,0.06641,0.9844,9.0733,0.444,0.006
2900,185600,orientation_cued_D24,0.10968,0.9688,11.9521,0.397,0.025
2901,185664,orientation_cued_D24,0.01565,0.9844,5.0265,0.421,0.026
2902,185728,orientation_cued_D12,0.00427,1.0000,0.5621,0.226,0.026
2903,185792,orientation_cued_D12,0.00107,1.0000,0.0639,0.253,0.016
2904,185856,orientation_cued_D12,0.00100,1.0000,0.1020,0.253,0.017
2905,185920,orientation_cued_D4,0.00219,1.0000,0.2609,0.133,0.017
2906,185984,orientation_cued_D4,0.00337,1.0000,0.4265,0.136,0.008
2907,186048,orientation_cued_D4,0.00651,1.0000,0.9394,0.132,0.011
2908,186112,orientation_cued_D0,0.04962,0.9688,4.2983,0.074,0.009
2909,186176,orientation_cued_D0,0.06399,0.9531,6.6752,0.073,0.007
2910,186240,orientation_cued_D0,0.01197,1.0000,1.8126,0.080,0.006
2911,186304,orientation_cued_D24,0.03741,0.9844,9.8790,0.467,0.008
2912,186368,orientation_cued_D24,0.01233,0.9844,4.0353,0.363,0.029
2913,186432,orientation_cued_D24,0.01080,1.0000,4.4177,0.346,0.040
2914,186496,orientation_cued_D12,0.00068,1.0000,0.0800,0.205,0.023
2915,186560,orientation_cued_D12,0.00223,1.0000,0.6392,0.267,0.023
2916,186624,orientation_cued_D12,0.00067,1.0000,0.0716,0.313,0.030
2917,186688,orientation_cued_D4,0.00037,1.0000,0.0246,0.122,0.018
2918,186752,orientation_cued_D4,0.00031,1.0000,0.0250,0.195,0.010
2919,186816,orientation_cued_D0,0.00073,1.0000,0.1871,0.100,0.009
2920,186880,orientation_cued_D4,0.00229,1.0000,0.8791,0.177,0.006
2921,186944,orientation_cued_D0,0.00116,1.0000,0.2887,0.093,0.015
2922,187008,orientation_cued_D24,0.00153,1.0000,0.1904,0.414,0.007
2923,187072,orientation_cued_D0,0.00374,1.0000,1.9261,0.065,0.036
2924,187136,orientation_cued_D24,0.02553,0.9844,7.4314,0.429,0.005
2925,187200,orientation_cued_D12,0.00022,1.0000,0.0139,0.228,0.026
2926,187264,orientation_cued_D24,0.05425,0.9844,4.6035,0.439,0.029
2927,187328,orientation_cued_D12,0.00029,1.0000,0.0241,0.240,0.030
2928,187392,orientation_cued_D4,0.00145,1.0000,0.5362,0.131,0.016
2929,187456,orientation_cued_D12,0.00118,1.0000,0.7144,0.246,0.009
2930,187520,orientation_cued_D4,0.00061,1.0000,0.1200,0.136,0.016
2931,187584,orientation_cued_D0,0.03391,0.9844,10.7844,0.062,0.009
2932,187648,orientation_cued_D4,0.00042,1.0000,0.0376,0.153,0.006
2933,187712,orientation_cued_D0,0.00800,1.0000,2.7722,0.101,0.018
2934,187776,orientation_cued_D0,0.00047,1.0000,0.1419,0.083,0.008
2935,187840,orientation_cued_D24,0.00308,1.0000,0.5419,0.452,0.008
2936,187904,orientation_cued_D24,0.00452,1.0000,1.8836,0.412,0.029
2937,187968,orientation_cued_D24,0.00155,1.0000,0.3715,0.424,0.029
2938,188032,orientation_cued_D12,0.00845,1.0000,1.9207,0.233,0.024
2939,188096,orientation_cued_D12,0.00116,1.0000,0.1633,0.298,0.020
2940,188160,orientation_cued_D12,0.00067,1.0000,0.1459,0.260,0.020
2941,188224,orientation_cued_D4,0.00277,1.0000,0.9226,0.155,0.025
2942,188288,orientation_cued_D4,0.00022,1.0000,0.0307,0.184,0.010
2943,188352,orientation_cued_D4,0.00011,1.0000,0.0078,0.137,0.014
2944,188416,orientation_cued_D0,0.02929,0.9844,11.6202,0.098,0.015
2945,188480,orientation_cued_D0,0.00143,1.0000,0.3337,0.073,0.005
2946,188544,orientation_cued_D0,0.00035,1.0000,0.0814,0.078,0.010
2947,188608,orientation_cued_D24,0.00694,1.0000,5.1289,0.421,0.008
2948,188672,orientation_cued_D24,0.00130,1.0000,0.5765,0.482,0.044
2949,188736,orientation_cued_D24,0.00153,1.0000,0.3283,0.422,0.028
2950,188800,orientation_cued_D12,0.00013,1.0000,0.0199,0.253,0.027
2951,188864,orientation_cued_D12,0.00087,1.0000,0.3368,0.326,0.030
2952,188928,orientation_cued_D12,0.00026,1.0000,0.0301,0.315,0.021
2953,188992,orientation_cued_D4,0.00023,1.0000,0.0228,0.156,0.016
2954,189056,orientation_cued_D4,0.00051,1.0000,0.1050,0.192,0.008
2955,189120,orientation_cued_D4,0.00010,1.0000,0.0063,0.168,0.009
2956,189184,orientation_cued_D0,0.00032,1.0000,0.0471,0.080,0.015
2957,189248,orientation_cued_D0,0.00032,1.0000,0.0353,0.079,0.004
2958,189312,orientation_cued_D0,0.00019,1.0000,0.0180,0.090,0.010
2959,189376,orientation_cued_D24,0.00281,1.0000,1.5946,0.457,0.009
2960,189440,orientation_cued_D24,0.00095,1.0000,0.2402,0.430,0.026
2961,189504,orientation_cued_D24,0.00022,1.0000,0.0362,0.415,0.026
2962,189568,orientation_cued_D12,0.00161,1.0000,1.3103,0.279,0.024
2963,189632,orientation_cued_D12,0.00015,1.0000,0.0191,0.297,0.035
2964,189696,orientation_cued_D12,0.01204,1.0000,3.5055,0.249,0.024
2965,189760,orientation_cued_D4,0.01680,0.9844,6.2145,0.117,0.026
2966,189824,orientation_cued_D4,0.00036,1.0000,0.0862,0.159,0.008
2967,189888,orientation_cued_D4,0.00028,1.0000,0.0376,0.143,0.015
2968,189952,orientation_cued_D0,0.00024,1.0000,0.0264,0.079,0.008
2969,190016,orientation_cued_D0,0.00018,1.0000,0.0201,0.062,0.004
2970,190080,orientation_cued_D0,0.00318,1.0000,1.8289,0.075,0.005
2971,190144,orientation_cued_D24,0.00445,1.0000,2.2340,0.410,0.007
2972,190208,orientation_cued_D24,0.00514,1.0000,5.8294,0.429,0.028
2973,190272,orientation_cued_D24,0.00028,1.0000,0.0704,0.512,0.027
2974,190336,orientation_cued_D12,0.00291,1.0000,1.6963,0.222,0.035
2975,190400,orientation_cued_D12,0.00047,1.0000,0.1374,0.271,0.018
2976,190464,orientation_cued_D12,0.00087,1.0000,0.2311,0.255,0.016
2977,190528,orientation_cued_D4,0.00017,1.0000,0.0219,0.141,0.021
2978,190592,orientation_cued_D4,0.00025,1.0000,0.0318,0.154,0.012
2979,190656,orientation_cued_D4,0.00056,1.0000,0.1826,0.144,0.013
2980,190720,orientation_cued_D0,0.00068,1.0000,0.2397,0.082,0.008
2981,190784,orientation_cued_D0,0.00234,1.0000,1.2692,0.094,0.005
2982,190848,orientation_cued_D0,0.00096,1.0000,0.3231,0.115,0.006
2983,190912,orientation_cued_D24,0.03705,0.9844,9.6951,0.444,0.006
2984,190976,orientation_cued_D24,0.00392,1.0000,5.6099,0.429,0.033
2985,191040,orientation_cued_D24,0.00230,1.0000,1.2081,0.449,0.029
2986,191104,orientation_cued_D12,0.00038,1.0000,0.1192,0.280,0.028
2987,191168,orientation_cued_D12,0.00015,1.0000,0.0245,0.249,0.023
2988,191232,orientation_cued_D12,0.00022,1.0000,0.0649,0.283,0.019
2989,191296,orientation_cued_D4,0.00015,1.0000,0.0145,0.130,0.017
2990,191360,orientation_cued_D4,0.00013,1.0000,0.0109,0.144,0.009
2991,191424,orientation_cued_D4,0.00012,1.0000,0.0086,0.133,0.015
2992,191488,orientation_cued_D0,0.00014,1.0000,0.0166,0.100,0.016
2993,191552,orientation_cued_D0,0.00007,1.0000,0.0042,0.086,0.005
2994,191616,orientation_cued_D0,0.01139,1.0000,3.4450,0.113,0.009
2995,191680,orientation_cued_D24,0.00017,1.0000,0.0092,0.452,0.008
2996,191744,orientation_cued_D24,0.00100,1.0000,0.2835,0.406,0.026
2997,191808,orientation_cued_D24,0.00048,1.0000,0.1197,0.422,0.035
2998,191872,orientation_cued_D12,0.00024,1.0000,0.0286,0.227,0.034
2999,191936,orientation_cued_D12,0.00062,1.0000,0.1377,0.273,0.017
3000,192000,orientation_cued_D12,0.00023,1.0000,0.0288,0.230,0.017
3001,192064,orientation_cued_D4,0.00021,1.0000,0.0141,0.125,0.014
3002,192128,orientation_cued_D4,0.00014,1.0000,0.0085,0.139,0.014
3003,192192,orientation_cued_D4,0.00080,1.0000,0.4580,0.173,0.015
3004,192256,orientation_cued_D0,0.00016,1.0000,0.0167,0.096,0.015
3005,192320,orientation_cued_D0,0.05231,0.9844,8.5684,0.099,0.008
3006,192384,orientation_cued_D0,0.00031,1.0000,0.0517,0.114,0.011
3007,192448,orientation_cued_D24,0.00023,1.0000,0.0203,0.430,0.009
3008,192512,orientation_cued_D24,0.00715,1.0000,4.1994,0.414,0.028
3009,192576,orientation_cued_D24,0.00043,1.0000,0.1018,0.439,0.041
3010,192640,orientation_cued_D12,0.00016,1.0000,0.0106,0.249,0.036
3011,192704,orientation_cued_D12,0.00034,1.0000,0.0805,0.274,0.018
3012,192768,orientation_cued_D12,0.00019,1.0000,0.0257,0.242,0.022
3013,192832,orientation_cued_D4,0.00024,1.0000,0.0283,0.142,0.025
3014,192896,orientation_cued_D4,0.00008,1.0000,0.0037,0.167,0.008
3015,192960,orientation_cued_D4,0.00018,1.0000,0.0183,0.147,0.014
3016,193024,orientation_cued_D0,0.00515,1.0000,1.9601,0.086,0.014
3017,193088,orientation_cued_D0,0.00076,1.0000,0.2832,0.096,0.009
3018,193152,orientation_cued_D0,0.00018,1.0000,0.0317,0.097,0.009
3019,193216,orientation_cued_D24,0.00280,1.0000,0.6017,0.455,0.005
3020,193280,orientation_cued_D24,0.00116,1.0000,0.4295,0.409,0.043
3021,193344,orientation_cued_D24,0.00169,1.0000,0.3697,0.421,0.035
3022,193408,orientation_cued_D12,0.00025,1.0000,0.0420,0.250,0.026
3023,193472,orientation_cued_D12,0.00020,1.0000,0.0230,0.239,0.029
3024,193536,orientation_cued_D12,0.00016,1.0000,0.0117,0.316,0.025
3025,193600,orientation_cued_D4,0.00009,1.0000,0.0061,0.154,0.025
3026,193664,orientation_cued_D4,0.00024,1.0000,0.0457,0.152,0.010
3027,193728,orientation_cued_D0,0.00096,1.0000,0.5942,0.077,0.009
3028,193792,orientation_cued_D4,0.00016,1.0000,0.0151,0.169,0.005
3029,193856,orientation_cued_D0,0.00016,1.0000,0.0152,0.092,0.014
3030,193920,orientation_cued_D24,0.00104,1.0000,0.2950,0.442,0.006
3031,193984,orientation_cued_D0,0.00011,1.0000,0.0073,0.073,0.026
3032,194048,orientation_cued_D24,0.00031,1.0000,0.0481,0.396,0.005
3033,194112,orientation_cued_D12,0.00028,1.0000,0.0422,0.239,0.032
3034,194176,orientation_cued_D24,0.00017,1.0000,0.0213,0.424,0.020
3035,194240,orientation_cued_D12,0.00017,1.0000,0.0140,0.237,0.024
3036,194304,orientation_cued_D4,0.00013,1.0000,0.0133,0.156,0.029
3037,194368,orientation_cued_D12,0.00013,1.0000,0.0077,0.302,0.008
3038,194432,orientation_cued_D0,0.00045,1.0000,0.1785,0.085,0.017
3039,194496,orientation_cued_D4,0.00008,1.0000,0.0047,0.172,0.008
3040,194560,orientation_cued_D4,0.00007,1.0000,0.0025,0.140,0.011
3041,194624,orientation_cued_D24,0.00054,1.0000,0.1224,0.468,0.009
3042,194688,orientation_cued_D0,0.00007,1.0000,0.0027,0.079,0.034
3043,194752,orientation_cued_D0,0.00138,1.0000,0.8550,0.075,0.005
3044,194816,orientation_cued_D12,0.00027,1.0000,0.1007,0.300,0.006
3045,194880,orientation_cued_D24,0.00094,1.0000,0.2319,0.411,0.023
3046,194944,orientation_cued_D24,0.00119,1.0000,0.4353,0.394,0.027
3047,195008,orientation_cued_D4,0.00010,1.0000,0.0092,0.141,0.038
3048,195072,orientation_cued_D12,0.00014,1.0000,0.0061,0.272,0.010
3049,195136,orientation_cued_D12,0.00012,1.0000,0.0088,0.228,0.025
3050,195200,orientation_cued_D0,0.00014,1.0000,0.0155,0.069,0.026
3051,195264,orientation_cued_D4,0.00032,1.0000,0.0633,0.145,0.006
3052,195328,orientation_cued_D4,0.00012,1.0000,0.0072,0.151,0.013
3053,195392,orientation_cued_D0,0.00018,1.0000,0.0779,0.093,0.009
3054,195456,orientation_cued_D0,0.00015,1.0000,0.0408,0.103,0.006
3055,195520,orientation_cued_D24,0.00023,1.0000,0.0178,0.438,0.006
3056,195584,orientation_cued_D24,0.00023,1.0000,0.0530,0.376,0.026
3057,195648,orientation_cued_D24,0.00019,1.0000,0.0218,0.466,0.040
3058,195712,orientation_cued_D12,0.00018,1.0000,0.0241,0.237,0.036
3059,195776,orientation_cued_D12,0.00009,1.0000,0.0056,0.265,0.020
3060,195840,orientation_cued_D12,0.00016,1.0000,0.0153,0.292,0.028
3061,195904,orientation_cued_D4,0.00008,1.0000,0.0036,0.140,0.025
3062,195968,orientation_cued_D4,0.00013,1.0000,0.0172,0.155,0.009
3063,196032,orientation_cued_D4,0.00007,1.0000,0.0042,0.168,0.014
3064,196096,orientation_cued_D0,0.00011,1.0000,0.0152,0.099,0.014
3065,196160,orientation_cued_D0,0.00008,1.0000,0.0062,0.090,0.004
3066,196224,orientation_cued_D0,0.00010,1.0000,0.0099,0.110,0.011
3067,196288,orientation_cued_D24,0.00016,1.0000,0.0147,0.452,0.009
3068,196352,orientation_cued_D24,0.00018,1.0000,0.0179,0.437,0.025
3069,196416,orientation_cued_D24,0.00015,1.0000,0.0090,0.354,0.045
3070,196480,orientation_cued_D12,0.00011,1.0000,0.0075,0.193,0.023
3071,196544,orientation_cued_D12,0.00010,1.0000,0.0059,0.201,0.014
3072,196608,orientation_cued_D12,0.00009,1.0000,0.0043,0.258,0.014
3073,196672,orientation_cued_D4,0.00006,1.0000,0.0029,0.141,0.015
3074,196736,orientation_cued_D4,0.00007,1.0000,0.0033,0.173,0.009
3075,196800,orientation_cued_D4,0.00012,1.0000,0.0088,0.162,0.014
3076,196864,orientation_cued_D0,0.00011,1.0000,0.0191,0.102,0.017
3077,196928,orientation_cued_D0,0.00354,1.0000,1.1717,0.083,0.005
3078,196992,orientation_cued_D0,0.00006,1.0000,0.0020,0.095,0.010
3079,197056,orientation_cued_D24,0.00017,1.0000,0.0240,0.414,0.009
3080,197120,orientation_cued_D24,0.00021,1.0000,0.0272,0.390,0.023
3081,197184,orientation_cued_D24,0.00011,1.0000,0.0093,0.412,0.035
3082,197248,orientation_cued_D12,0.00009,1.0000,0.0057,0.237,0.028
3083,197312,orientation_cued_D12,0.00017,1.0000,0.0261,0.250,0.018
3084,197376,orientation_cued_D12,0.00009,1.0000,0.0061,0.277,0.016
3085,197440,orientation_cued_D4,0.00013,1.0000,0.0392,0.150,0.015
3086,197504,orientation_cued_D4,0.00165,1.0000,1.1893,0.176,0.008
3087,197568,orientation_cued_D4,0.00009,1.0000,0.0058,0.174,0.014
3088,197632,orientation_cued_D0,0.00017,1.0000,0.0896,0.092,0.010
3089,197696,orientation_cued_D0,0.00006,1.0000,0.0029,0.085,0.005
3090,197760,orientation_cued_D0,0.00020,1.0000,0.0458,0.091,0.007
3091,197824,orientation_cued_D24,0.00244,1.0000,1.5100,0.406,0.008
3092,197888,orientation_cued_D24,0.00019,1.0000,0.0374,0.386,0.027
3093,197952,orientation_cued_D24,0.00034,1.0000,0.0784,0.447,0.051
3094,198016,orientation_cued_D12,0.00010,1.0000,0.0078,0.244,0.028
3095,198080,orientation_cued_D12,0.00008,1.0000,0.0043,0.258,0.020
3096,198144,orientation_cued_D12,0.00010,1.0000,0.0115,0.312,0.019
3097,198208,orientation_cued_D4,0.00025,1.0000,0.0756,0.140,0.022
3098,198272,orientation_cued_D4,0.00007,1.0000,0.0038,0.135,0.009
3099,198336,orientation_cued_D4,0.00021,1.0000,0.0419,0.142,0.014
3100,198400,orientation_cued_D0,0.00012,1.0000,0.0111,0.075,0.008
3101,198464,orientation_cued_D0,0.03120,0.9844,8.7533,0.121,0.009
3102,198528,orientation_cued_D0,0.00005,1.0000,0.0016,0.091,0.008
3103,198592,orientation_cued_D24,0.00142,1.0000,0.6013,0.443,0.009
3104,198656,orientation_cued_D24,0.00020,1.0000,0.0268,0.401,0.040
3105,198720,orientation_cued_D24,0.00018,1.0000,0.0367,0.421,0.027
3106,198784,orientation_cued_D12,0.00014,1.0000,0.0101,0.298,0.042
3107,198848,orientation_cued_D12,0.00008,1.0000,0.0046,0.256,0.020
3108,198912,orientation_cued_D12,0.00010,1.0000,0.0069,0.243,0.018
3109,198976,orientation_cued_D4,0.00006,1.0000,0.0023,0.125,0.019
3110,199040,orientation_cued_D4,0.00009,1.0000,0.0060,0.160,0.008
3111,199104,orientation_cued_D4,0.00010,1.0000,0.0071,0.163,0.012
3112,199168,orientation_cued_D0,0.00823,1.0000,3.5321,0.097,0.014
3113,199232,orientation_cued_D0,0.00007,1.0000,0.0091,0.082,0.005
3114,199296,orientation_cued_D0,0.00029,1.0000,0.0985,0.093,0.006
3115,199360,orientation_cued_D24,0.00011,1.0000,0.0097,0.447,0.008
3116,199424,orientation_cued_D24,0.00012,1.0000,0.0105,0.420,0.027
3117,199488,orientation_cued_D24,0.00033,1.0000,0.0741,0.402,0.024
3118,199552,orientation_cued_D12,0.00007,1.0000,0.0054,0.243,0.036
3119,199616,orientation_cued_D12,0.00008,1.0000,0.0048,0.266,0.019
3120,199680,orientation_cued_D12,0.00033,1.0000,0.1140,0.315,0.018
3121,199744,orientation_cued_D4,0.00007,1.0000,0.0054,0.147,0.025
3122,199808,orientation_cued_D4,0.00018,1.0000,0.0537,0.149,0.011
3123,199872,orientation_cued_D4,0.00008,1.0000,0.0096,0.140,0.009
3124,199936,orientation_cued_D0,0.00012,1.0000,0.0252,0.082,0.008
3125,200000,orientation_cued_D0,0.00346,1.0000,1.5739,0.084,0.004
